<?xml version="1.0" encoding="UTF-8"?>
<gpx xmlns="http://www.topografix.com/GPX/1/1" xmlns:gpxtpx="http://www.garmin.com/xmlschemas/TrackPointExtension/v1" xmlns:xsi="http://www.w3.org/2001/XMLSchema-instance" xsi:schemaLocation="http://www.topografix.com/GPX/1/1 http://www.topografix.com/GPX/1/1/gpx.xsd" version="1.1" creator="gpx.py -- https://github.com/tkrajina/gpxpy">
  <trk>
    <name>gpx from keep</name>
    <type>Ride</type>
    <trkseg>
      <trkpt lat="-21.725018620491028" lon="166.15721583366394">
        <ele>10.800000190734863</ele>
        <time>2026-08-09T09:56:00Z</time>
        <extensions>
          <gpxtpx:TrackPointExtension>
            <gpxtpx:hr>79</gpxtpx:hr>
          </gpxtpx:TrackPointExtension>
        </extensions>
      </trkpt>
      <trkpt lat="-21.7249596118927" lon="166.15735530853271">
        <ele>10.600000381469727</ele>
        <time>2026-08-09T09:56:05Z</time>
        <extensions>
          <gpxtpx:TrackPointExtension>
            <gpxtpx:hr>79</gpxtpx:hr>
          </gpxtpx:TrackPointExtension>
        </extensions>
      </trkpt>
      <trkpt lat="-21.724916696548462" lon="166.15753769874573">
        <ele>10.600000381469727</ele>
        <time>2026-08-09T09:56:10Z</time>
        <extensions>
          <gpxtpx:TrackPointExtension>
            <gpxtpx:hr>79</gpxtpx:hr>
          </gpxtpx:TrackPointExtension>
        </extensions>
      </trkpt>
      <trkpt lat="-21.72493949532509" lon="166.15775227546692">
        <ele>10.399999618530273</ele>
        <time>2026-08-09T09:56:15Z</time>
        <extensions>
          <gpxtpx:TrackPointExtension>
            <gpxtpx:hr>75</gpxtpx:hr>
          </gpxtpx:TrackPointExtension>
        </extensions>
      </trkpt>
      <trkpt lat="-21.72506019473076" lon="166.1579668521881">
        <ele>10.399999618530273</ele>
        <time>2026-08-09T09:56:20Z</time>
        <extensions>
          <gpxtpx:TrackPointExtension>
            <gpxtpx:hr>74</gpxtpx:hr>
          </gpxtpx:TrackPointExtension>
        </extensions>
      </trkpt>
      <trkpt lat="-21.72525331377983" lon="166.15811705589294">
        <ele>10.399999618530273</ele>
        <time>2026-08-09T09:56:25Z</time>
        <extensions>
          <gpxtpx:TrackPointExtension>
            <gpxtpx:hr>76</gpxtpx:hr>
          </gpxtpx:TrackPointExtension>
        </extensions>
      </trkpt>
      <trkpt lat="-21.725470572710037" lon="166.15815997123718">
        <ele>11.0</ele>
        <time>2026-08-09T09:56:30Z</time>
        <extensions>
          <gpxtpx:TrackPointExtension>
            <gpxtpx:hr>78</gpxtpx:hr>
          </gpxtpx:TrackPointExtension>
        </extensions>
      </trkpt>
      <trkpt lat="-21.72555238008499" lon="166.1581814289093">
        <ele>11.199999809265137</ele>
        <time>2026-08-09T09:56:35Z</time>
        <extensions>
          <gpxtpx:TrackPointExtension>
            <gpxtpx:hr>81</gpxtpx:hr>
          </gpxtpx:TrackPointExtension>
        </extensions>
      </trkpt>
      <trkpt lat="-21.72556310892105" lon="166.1581814289093">
        <ele>11.199999809265137</ele>
        <time>2026-08-09T09:56:40Z</time>
        <extensions>
          <gpxtpx:TrackPointExtension>
            <gpxtpx:hr>85</gpxtpx:hr>
          </gpxtpx:TrackPointExtension>
        </extensions>
      </trkpt>
      <trkpt lat="-21.725630164146423" lon="166.1581814289093">
        <ele>11.399999618530273</ele>
        <time>2026-08-09T09:56:45Z</time>
        <extensions>
          <gpxtpx:TrackPointExtension>
            <gpxtpx:hr>86</gpxtpx:hr>
          </gpxtpx:TrackPointExtension>
        </extensions>
      </trkpt>
      <trkpt lat="-21.725718677043915" lon="166.15819215774536">
        <ele>11.600000381469727</ele>
        <time>2026-08-09T09:56:50Z</time>
        <extensions>
          <gpxtpx:TrackPointExtension>
            <gpxtpx:hr>78</gpxtpx:hr>
          </gpxtpx:TrackPointExtension>
        </extensions>
      </trkpt>
      <trkpt lat="-21.725793778896332" lon="166.15820288658142">
        <ele>11.800000190734863</ele>
        <time>2026-08-09T09:56:55Z</time>
        <extensions>
          <gpxtpx:TrackPointExtension>
            <gpxtpx:hr>73</gpxtpx:hr>
          </gpxtpx:TrackPointExtension>
        </extensions>
      </trkpt>
      <trkpt lat="-21.725854128599167" lon="166.15822434425354">
        <ele>12.0</ele>
        <time>2026-08-09T09:57:00Z</time>
        <extensions>
          <gpxtpx:TrackPointExtension>
            <gpxtpx:hr>72</gpxtpx:hr>
          </gpxtpx:TrackPointExtension>
        </extensions>
      </trkpt>
      <trkpt lat="-21.72591581940651" lon="166.1582350730896">
        <ele>12.199999809265137</ele>
        <time>2026-08-09T09:57:05Z</time>
        <extensions>
          <gpxtpx:TrackPointExtension>
            <gpxtpx:hr>72</gpxtpx:hr>
          </gpxtpx:TrackPointExtension>
        </extensions>
      </trkpt>
      <trkpt lat="-21.72599494457245" lon="166.15825653076172">
        <ele>12.399999618530273</ele>
        <time>2026-08-09T09:57:10Z</time>
        <extensions>
          <gpxtpx:TrackPointExtension>
            <gpxtpx:hr>72</gpxtpx:hr>
          </gpxtpx:TrackPointExtension>
        </extensions>
      </trkpt>
      <trkpt lat="-21.726087480783463" lon="166.15826725959778">
        <ele>12.600000381469727</ele>
        <time>2026-08-09T09:57:15Z</time>
        <extensions>
          <gpxtpx:TrackPointExtension>
            <gpxtpx:hr>70</gpxtpx:hr>
          </gpxtpx:TrackPointExtension>
        </extensions>
      </trkpt>
      <trkpt lat="-21.726186722517014" lon="166.1582887172699">
        <ele>12.800000190734863</ele>
        <time>2026-08-09T09:57:20Z</time>
        <extensions>
          <gpxtpx:TrackPointExtension>
            <gpxtpx:hr>68</gpxtpx:hr>
          </gpxtpx:TrackPointExtension>
        </extensions>
      </trkpt>
      <trkpt lat="-21.72628328204155" lon="166.15829944610596">
        <ele>13.199999809265137</ele>
        <time>2026-08-09T09:57:25Z</time>
        <extensions>
          <gpxtpx:TrackPointExtension>
            <gpxtpx:hr>68</gpxtpx:hr>
          </gpxtpx:TrackPointExtension>
        </extensions>
      </trkpt>
      <trkpt lat="-21.726383864879608" lon="166.15833163261414">
        <ele>13.399999618530273</ele>
        <time>2026-08-09T09:57:30Z</time>
        <extensions>
          <gpxtpx:TrackPointExtension>
            <gpxtpx:hr>72</gpxtpx:hr>
          </gpxtpx:TrackPointExtension>
        </extensions>
      </trkpt>
      <trkpt lat="-21.726496517658234" lon="166.1583423614502">
        <ele>13.800000190734863</ele>
        <time>2026-08-09T09:57:35Z</time>
        <extensions>
          <gpxtpx:TrackPointExtension>
            <gpxtpx:hr>77</gpxtpx:hr>
          </gpxtpx:TrackPointExtension>
        </extensions>
      </trkpt>
      <trkpt lat="-21.726595759391785" lon="166.15836381912231">
        <ele>14.0</ele>
        <time>2026-08-09T09:57:40Z</time>
        <extensions>
          <gpxtpx:TrackPointExtension>
            <gpxtpx:hr>80</gpxtpx:hr>
          </gpxtpx:TrackPointExtension>
        </extensions>
      </trkpt>
      <trkpt lat="-21.726678907871246" lon="166.15837454795837">
        <ele>14.199999809265137</ele>
        <time>2026-08-09T09:57:45Z</time>
        <extensions>
          <gpxtpx:TrackPointExtension>
            <gpxtpx:hr>78</gpxtpx:hr>
          </gpxtpx:TrackPointExtension>
        </extensions>
      </trkpt>
      <trkpt lat="-21.726767420768738" lon="166.15838527679443">
        <ele>14.399999618530273</ele>
        <time>2026-08-09T09:57:50Z</time>
        <extensions>
          <gpxtpx:TrackPointExtension>
            <gpxtpx:hr>76</gpxtpx:hr>
          </gpxtpx:TrackPointExtension>
        </extensions>
      </trkpt>
      <trkpt lat="-21.726857274770737" lon="166.15840673446655">
        <ele>14.600000381469727</ele>
        <time>2026-08-09T09:57:55Z</time>
        <extensions>
          <gpxtpx:TrackPointExtension>
            <gpxtpx:hr>75</gpxtpx:hr>
          </gpxtpx:TrackPointExtension>
        </extensions>
      </trkpt>
      <trkpt lat="-21.72694444656372" lon="166.1584174633026">
        <ele>15.0</ele>
        <time>2026-08-09T09:58:00Z</time>
        <extensions>
          <gpxtpx:TrackPointExtension>
            <gpxtpx:hr>74</gpxtpx:hr>
          </gpxtpx:TrackPointExtension>
        </extensions>
      </trkpt>
      <trkpt lat="-21.72703430056572" lon="166.1584711074829">
        <ele>15.199999809265137</ele>
        <time>2026-08-09T09:58:05Z</time>
        <extensions>
          <gpxtpx:TrackPointExtension>
            <gpxtpx:hr>73</gpxtpx:hr>
          </gpxtpx:TrackPointExtension>
        </extensions>
      </trkpt>
      <trkpt lat="-21.72711744904518" lon="166.15854620933533">
        <ele>15.199999809265137</ele>
        <time>2026-08-09T09:58:10Z</time>
        <extensions>
          <gpxtpx:TrackPointExtension>
            <gpxtpx:hr>74</gpxtpx:hr>
          </gpxtpx:TrackPointExtension>
        </extensions>
      </trkpt>
      <trkpt lat="-21.72719120979309" lon="166.15866422653198">
        <ele>15.199999809265137</ele>
        <time>2026-08-09T09:58:15Z</time>
        <extensions>
          <gpxtpx:TrackPointExtension>
            <gpxtpx:hr>74</gpxtpx:hr>
          </gpxtpx:TrackPointExtension>
        </extensions>
      </trkpt>
      <trkpt lat="-21.727242171764374" lon="166.15881443023682">
        <ele>15.199999809265137</ele>
        <time>2026-08-09T09:58:20Z</time>
        <extensions>
          <gpxtpx:TrackPointExtension>
            <gpxtpx:hr>73</gpxtpx:hr>
          </gpxtpx:TrackPointExtension>
        </extensions>
      </trkpt>
      <trkpt lat="-21.72725558280945" lon="166.15886807441711">
        <ele>15.199999809265137</ele>
        <time>2026-08-09T09:58:25Z</time>
        <extensions>
          <gpxtpx:TrackPointExtension>
            <gpxtpx:hr>71</gpxtpx:hr>
          </gpxtpx:TrackPointExtension>
        </extensions>
      </trkpt>
      <trkpt lat="-21.727256923913956" lon="166.15886807441711">
        <ele>15.199999809265137</ele>
        <time>2026-08-09T09:58:35Z</time>
        <extensions>
          <gpxtpx:TrackPointExtension>
            <gpxtpx:hr>66</gpxtpx:hr>
          </gpxtpx:TrackPointExtension>
        </extensions>
      </trkpt>
      <trkpt lat="-21.727264970541" lon="166.1589217185974">
        <ele>15.199999809265137</ele>
        <time>2026-08-09T09:58:40Z</time>
        <extensions>
          <gpxtpx:TrackPointExtension>
            <gpxtpx:hr>67</gpxtpx:hr>
          </gpxtpx:TrackPointExtension>
        </extensions>
      </trkpt>
      <trkpt lat="-21.727264970541" lon="166.15905046463013">
        <ele>15.0</ele>
        <time>2026-08-09T09:58:45Z</time>
        <extensions>
          <gpxtpx:TrackPointExtension>
            <gpxtpx:hr>68</gpxtpx:hr>
          </gpxtpx:TrackPointExtension>
        </extensions>
      </trkpt>
      <trkpt lat="-21.727251559495926" lon="166.1591362953186">
        <ele>15.0</ele>
        <time>2026-08-09T09:58:50Z</time>
        <extensions>
          <gpxtpx:TrackPointExtension>
            <gpxtpx:hr>69</gpxtpx:hr>
          </gpxtpx:TrackPointExtension>
        </extensions>
      </trkpt>
      <trkpt lat="-21.727197915315628" lon="166.15926504135132">
        <ele>15.0</ele>
        <time>2026-08-09T09:58:55Z</time>
        <extensions>
          <gpxtpx:TrackPointExtension>
            <gpxtpx:hr>70</gpxtpx:hr>
          </gpxtpx:TrackPointExtension>
        </extensions>
      </trkpt>
      <trkpt lat="-21.727067828178406" lon="166.15936160087585">
        <ele>15.0</ele>
        <time>2026-08-09T09:59:00Z</time>
        <extensions>
          <gpxtpx:TrackPointExtension>
            <gpxtpx:hr>70</gpxtpx:hr>
          </gpxtpx:TrackPointExtension>
        </extensions>
      </trkpt>
      <trkpt lat="-21.726906895637512" lon="166.1594581604004">
        <ele>15.0</ele>
        <time>2026-08-09T09:59:05Z</time>
        <extensions>
          <gpxtpx:TrackPointExtension>
            <gpxtpx:hr>71</gpxtpx:hr>
          </gpxtpx:TrackPointExtension>
        </extensions>
      </trkpt>
      <trkpt lat="-21.726731210947037" lon="166.15957617759705">
        <ele>15.0</ele>
        <time>2026-08-09T09:59:10Z</time>
        <extensions>
          <gpxtpx:TrackPointExtension>
            <gpxtpx:hr>70</gpxtpx:hr>
          </gpxtpx:TrackPointExtension>
        </extensions>
      </trkpt>
      <trkpt lat="-21.726543456315994" lon="166.15970492362976">
        <ele>15.0</ele>
        <time>2026-08-09T09:59:15Z</time>
        <extensions>
          <gpxtpx:TrackPointExtension>
            <gpxtpx:hr>73</gpxtpx:hr>
          </gpxtpx:TrackPointExtension>
        </extensions>
      </trkpt>
      <trkpt lat="-21.726348996162415" lon="166.15982294082642">
        <ele>15.0</ele>
        <time>2026-08-09T09:59:20Z</time>
        <extensions>
          <gpxtpx:TrackPointExtension>
            <gpxtpx:hr>74</gpxtpx:hr>
          </gpxtpx:TrackPointExtension>
        </extensions>
      </trkpt>
      <trkpt lat="-21.726147830486298" lon="166.1599624156952">
        <ele>15.0</ele>
        <time>2026-08-09T09:59:25Z</time>
        <extensions>
          <gpxtpx:TrackPointExtension>
            <gpxtpx:hr>78</gpxtpx:hr>
          </gpxtpx:TrackPointExtension>
        </extensions>
      </trkpt>
      <trkpt lat="-21.72593727707863" lon="166.16010189056396">
        <ele>15.0</ele>
        <time>2026-08-09T09:59:30Z</time>
        <extensions>
          <gpxtpx:TrackPointExtension>
            <gpxtpx:hr>79</gpxtpx:hr>
          </gpxtpx:TrackPointExtension>
        </extensions>
      </trkpt>
      <trkpt lat="-21.72572135925293" lon="166.16024136543274">
        <ele>15.0</ele>
        <time>2026-08-09T09:59:35Z</time>
        <extensions>
          <gpxtpx:TrackPointExtension>
            <gpxtpx:hr>78</gpxtpx:hr>
          </gpxtpx:TrackPointExtension>
        </extensions>
      </trkpt>
      <trkpt lat="-21.725497394800186" lon="166.16039156913757">
        <ele>15.0</ele>
        <time>2026-08-09T09:59:40Z</time>
        <extensions>
          <gpxtpx:TrackPointExtension>
            <gpxtpx:hr>77</gpxtpx:hr>
          </gpxtpx:TrackPointExtension>
        </extensions>
      </trkpt>
      <trkpt lat="-21.725265383720398" lon="166.1605417728424">
        <ele>15.0</ele>
        <time>2026-08-09T09:59:45Z</time>
        <extensions>
          <gpxtpx:TrackPointExtension>
            <gpxtpx:hr>77</gpxtpx:hr>
          </gpxtpx:TrackPointExtension>
        </extensions>
      </trkpt>
      <trkpt lat="-21.725050806999207" lon="166.16069197654724">
        <ele>15.0</ele>
        <time>2026-08-09T09:59:50Z</time>
        <extensions>
          <gpxtpx:TrackPointExtension>
            <gpxtpx:hr>76</gpxtpx:hr>
          </gpxtpx:TrackPointExtension>
        </extensions>
      </trkpt>
      <trkpt lat="-21.72492876648903" lon="166.16087436676025">
        <ele>15.0</ele>
        <time>2026-08-09T09:59:55Z</time>
        <extensions>
          <gpxtpx:TrackPointExtension>
            <gpxtpx:hr>73</gpxtpx:hr>
          </gpxtpx:TrackPointExtension>
        </extensions>
      </trkpt>
      <trkpt lat="-21.72490730881691" lon="166.1610460281372">
        <ele>15.0</ele>
        <time>2026-08-09T10:00:00Z</time>
        <extensions>
          <gpxtpx:TrackPointExtension>
            <gpxtpx:hr>77</gpxtpx:hr>
          </gpxtpx:TrackPointExtension>
        </extensions>
      </trkpt>
      <trkpt lat="-21.72493815422058" lon="166.16122841835022">
        <ele>15.0</ele>
        <time>2026-08-09T10:00:05Z</time>
        <extensions>
          <gpxtpx:TrackPointExtension>
            <gpxtpx:hr>80</gpxtpx:hr>
          </gpxtpx:TrackPointExtension>
        </extensions>
      </trkpt>
      <trkpt lat="-21.724982410669327" lon="166.16134643554688">
        <ele>15.0</ele>
        <time>2026-08-09T10:00:10Z</time>
        <extensions>
          <gpxtpx:TrackPointExtension>
            <gpxtpx:hr>77</gpxtpx:hr>
          </gpxtpx:TrackPointExtension>
        </extensions>
      </trkpt>
      <trkpt lat="-21.72498509287834" lon="166.16134643554688">
        <ele>15.0</ele>
        <time>2026-08-09T10:00:15Z</time>
        <extensions>
          <gpxtpx:TrackPointExtension>
            <gpxtpx:hr>69</gpxtpx:hr>
          </gpxtpx:TrackPointExtension>
        </extensions>
      </trkpt>
      <trkpt lat="-21.72499716281891" lon="166.16137862205505">
        <ele>15.0</ele>
        <time>2026-08-09T10:00:20Z</time>
        <extensions>
          <gpxtpx:TrackPointExtension>
            <gpxtpx:hr>66</gpxtpx:hr>
          </gpxtpx:TrackPointExtension>
        </extensions>
      </trkpt>
      <trkpt lat="-21.725015938282013" lon="166.16141080856323">
        <ele>15.0</ele>
        <time>2026-08-09T10:00:25Z</time>
        <extensions>
          <gpxtpx:TrackPointExtension>
            <gpxtpx:hr>70</gpxtpx:hr>
          </gpxtpx:TrackPointExtension>
        </extensions>
      </trkpt>
      <trkpt lat="-21.72506555914879" lon="166.16150736808777">
        <ele>15.0</ele>
        <time>2026-08-09T10:00:30Z</time>
        <extensions>
          <gpxtpx:TrackPointExtension>
            <gpxtpx:hr>71</gpxtpx:hr>
          </gpxtpx:TrackPointExtension>
        </extensions>
      </trkpt>
      <trkpt lat="-21.72512724995613" lon="166.16162538528442">
        <ele>15.0</ele>
        <time>2026-08-09T10:00:35Z</time>
        <extensions>
          <gpxtpx:TrackPointExtension>
            <gpxtpx:hr>70</gpxtpx:hr>
          </gpxtpx:TrackPointExtension>
        </extensions>
      </trkpt>
      <trkpt lat="-21.72520101070404" lon="166.16177558898926">
        <ele>15.199999809265137</ele>
        <time>2026-08-09T10:00:40Z</time>
        <extensions>
          <gpxtpx:TrackPointExtension>
            <gpxtpx:hr>68</gpxtpx:hr>
          </gpxtpx:TrackPointExtension>
        </extensions>
      </trkpt>
      <trkpt lat="-21.72526404261589" lon="166.16190433502197">
        <ele>15.0</ele>
        <time>2026-08-09T10:00:45Z</time>
        <extensions>
          <gpxtpx:TrackPointExtension>
            <gpxtpx:hr>67</gpxtpx:hr>
          </gpxtpx:TrackPointExtension>
        </extensions>
      </trkpt>
      <trkpt lat="-21.725272089242935" lon="166.16191506385803">
        <ele>15.0</ele>
        <time>2026-08-09T10:00:53Z</time>
        <extensions>
          <gpxtpx:TrackPointExtension>
            <gpxtpx:hr>65</gpxtpx:hr>
          </gpxtpx:TrackPointExtension>
        </extensions>
      </trkpt>
      <trkpt lat="-21.72529488801956" lon="166.16195797920227">
        <ele>15.0</ele>
        <time>2026-08-09T10:00:58Z</time>
        <extensions>
          <gpxtpx:TrackPointExtension>
            <gpxtpx:hr>69</gpxtpx:hr>
          </gpxtpx:TrackPointExtension>
        </extensions>
      </trkpt>
      <trkpt lat="-21.725315004587173" lon="166.16201162338257">
        <ele>15.0</ele>
        <time>2026-08-09T10:01:13Z</time>
        <extensions>
          <gpxtpx:TrackPointExtension>
            <gpxtpx:hr>60</gpxtpx:hr>
          </gpxtpx:TrackPointExtension>
        </extensions>
      </trkpt>
      <trkpt lat="-21.725336462259293" lon="166.1620545387268">
        <ele>15.0</ele>
        <time>2026-08-09T10:01:18Z</time>
        <extensions>
          <gpxtpx:TrackPointExtension>
            <gpxtpx:hr>63</gpxtpx:hr>
          </gpxtpx:TrackPointExtension>
        </extensions>
      </trkpt>
      <trkpt lat="-21.72537535429001" lon="166.16219401359558">
        <ele>14.800000190734863</ele>
        <time>2026-08-09T10:01:23Z</time>
        <extensions>
          <gpxtpx:TrackPointExtension>
            <gpxtpx:hr>73</gpxtpx:hr>
          </gpxtpx:TrackPointExtension>
        </extensions>
      </trkpt>
      <trkpt lat="-21.725398153066635" lon="166.16240859031677">
        <ele>14.199999809265137</ele>
        <time>2026-08-09T10:01:28Z</time>
        <extensions>
          <gpxtpx:TrackPointExtension>
            <gpxtpx:hr>78</gpxtpx:hr>
          </gpxtpx:TrackPointExtension>
        </extensions>
      </trkpt>
      <trkpt lat="-21.725399494171143" lon="166.16270899772644">
        <ele>13.0</ele>
        <time>2026-08-09T10:01:33Z</time>
        <extensions>
          <gpxtpx:TrackPointExtension>
            <gpxtpx:hr>75</gpxtpx:hr>
          </gpxtpx:TrackPointExtension>
        </extensions>
      </trkpt>
      <trkpt lat="-21.72547996044159" lon="166.1630630493164">
        <ele>11.800000190734863</ele>
        <time>2026-08-09T10:01:38Z</time>
        <extensions>
          <gpxtpx:TrackPointExtension>
            <gpxtpx:hr>77</gpxtpx:hr>
          </gpxtpx:TrackPointExtension>
        </extensions>
      </trkpt>
      <trkpt lat="-21.725791096687317" lon="166.16319179534912">
        <ele>12.0</ele>
        <time>2026-08-09T10:01:43Z</time>
        <extensions>
          <gpxtpx:TrackPointExtension>
            <gpxtpx:hr>78</gpxtpx:hr>
          </gpxtpx:TrackPointExtension>
        </extensions>
      </trkpt>
      <trkpt lat="-21.72610491514206" lon="166.16321325302124">
        <ele>12.600000381469727</ele>
        <time>2026-08-09T10:01:48Z</time>
        <extensions>
          <gpxtpx:TrackPointExtension>
            <gpxtpx:hr>77</gpxtpx:hr>
          </gpxtpx:TrackPointExtension>
        </extensions>
      </trkpt>
      <trkpt lat="-21.726311445236206" lon="166.1634063720703">
        <ele>12.800000190734863</ele>
        <time>2026-08-09T10:01:53Z</time>
        <extensions>
          <gpxtpx:TrackPointExtension>
            <gpxtpx:hr>78</gpxtpx:hr>
          </gpxtpx:TrackPointExtension>
        </extensions>
      </trkpt>
      <trkpt lat="-21.726338267326355" lon="166.16374969482422">
        <ele>12.199999809265137</ele>
        <time>2026-08-09T10:01:58Z</time>
        <extensions>
          <gpxtpx:TrackPointExtension>
            <gpxtpx:hr>82</gpxtpx:hr>
          </gpxtpx:TrackPointExtension>
        </extensions>
      </trkpt>
      <trkpt lat="-21.726338267326355" lon="166.16409301757812">
        <ele>11.800000190734863</ele>
        <time>2026-08-09T10:02:03Z</time>
        <extensions>
          <gpxtpx:TrackPointExtension>
            <gpxtpx:hr>82</gpxtpx:hr>
          </gpxtpx:TrackPointExtension>
        </extensions>
      </trkpt>
      <trkpt lat="-21.726509928703308" lon="166.16437196731567">
        <ele>12.199999809265137</ele>
        <time>2026-08-09T10:02:08Z</time>
        <extensions>
          <gpxtpx:TrackPointExtension>
            <gpxtpx:hr>80</gpxtpx:hr>
          </gpxtpx:TrackPointExtension>
        </extensions>
      </trkpt>
      <trkpt lat="-21.726763397455215" lon="166.1644148826599">
        <ele>13.199999809265137</ele>
        <time>2026-08-09T10:02:13Z</time>
        <extensions>
          <gpxtpx:TrackPointExtension>
            <gpxtpx:hr>80</gpxtpx:hr>
          </gpxtpx:TrackPointExtension>
        </extensions>
      </trkpt>
      <trkpt lat="-21.72685995697975" lon="166.16443634033203">
        <ele>13.600000381469727</ele>
        <time>2026-08-09T10:02:18Z</time>
        <extensions>
          <gpxtpx:TrackPointExtension>
            <gpxtpx:hr>78</gpxtpx:hr>
          </gpxtpx:TrackPointExtension>
        </extensions>
      </trkpt>
      <trkpt lat="-21.7269229888916" lon="166.1644148826599">
        <ele>13.800000190734863</ele>
        <time>2026-08-09T10:02:23Z</time>
        <extensions>
          <gpxtpx:TrackPointExtension>
            <gpxtpx:hr>77</gpxtpx:hr>
          </gpxtpx:TrackPointExtension>
        </extensions>
      </trkpt>
      <trkpt lat="-21.726972609758377" lon="166.16443634033203">
        <ele>14.0</ele>
        <time>2026-08-09T10:02:28Z</time>
        <extensions>
          <gpxtpx:TrackPointExtension>
            <gpxtpx:hr>81</gpxtpx:hr>
          </gpxtpx:TrackPointExtension>
        </extensions>
      </trkpt>
      <trkpt lat="-21.726972609758377" lon="166.16443634033203">
        <ele>14.0</ele>
        <time>2026-08-09T10:02:38Z</time>
        <extensions>
          <gpxtpx:TrackPointExtension>
            <gpxtpx:hr>69</gpxtpx:hr>
          </gpxtpx:TrackPointExtension>
        </extensions>
      </trkpt>
      <trkpt lat="-21.726999431848526" lon="166.16443634033203">
        <ele>14.199999809265137</ele>
        <time>2026-08-09T10:02:43Z</time>
        <extensions>
          <gpxtpx:TrackPointExtension>
            <gpxtpx:hr>66</gpxtpx:hr>
          </gpxtpx:TrackPointExtension>
        </extensions>
      </trkpt>
      <trkpt lat="-21.7270664870739" lon="166.1644470691681">
        <ele>14.399999618530273</ele>
        <time>2026-08-09T10:02:48Z</time>
        <extensions>
          <gpxtpx:TrackPointExtension>
            <gpxtpx:hr>75</gpxtpx:hr>
          </gpxtpx:TrackPointExtension>
        </extensions>
      </trkpt>
      <trkpt lat="-21.727142930030823" lon="166.16448998451233">
        <ele>14.600000381469727</ele>
        <time>2026-08-09T10:02:53Z</time>
        <extensions>
          <gpxtpx:TrackPointExtension>
            <gpxtpx:hr>79</gpxtpx:hr>
          </gpxtpx:TrackPointExtension>
        </extensions>
      </trkpt>
      <trkpt lat="-21.727216690778732" lon="166.16456508636475">
        <ele>15.0</ele>
        <time>2026-08-09T10:02:58Z</time>
        <extensions>
          <gpxtpx:TrackPointExtension>
            <gpxtpx:hr>74</gpxtpx:hr>
          </gpxtpx:TrackPointExtension>
        </extensions>
      </trkpt>
      <trkpt lat="-21.727293133735657" lon="166.16465091705322">
        <ele>15.199999809265137</ele>
        <time>2026-08-09T10:03:03Z</time>
        <extensions>
          <gpxtpx:TrackPointExtension>
            <gpxtpx:hr>73</gpxtpx:hr>
          </gpxtpx:TrackPointExtension>
        </extensions>
      </trkpt>
      <trkpt lat="-21.72736957669258" lon="166.16475820541382">
        <ele>15.399999618530273</ele>
        <time>2026-08-09T10:03:08Z</time>
        <extensions>
          <gpxtpx:TrackPointExtension>
            <gpxtpx:hr>77</gpxtpx:hr>
          </gpxtpx:TrackPointExtension>
        </extensions>
      </trkpt>
      <trkpt lat="-21.727440655231476" lon="166.16487622261047">
        <ele>15.800000190734863</ele>
        <time>2026-08-09T10:03:13Z</time>
        <extensions>
          <gpxtpx:TrackPointExtension>
            <gpxtpx:hr>82</gpxtpx:hr>
          </gpxtpx:TrackPointExtension>
        </extensions>
      </trkpt>
      <trkpt lat="-21.727467477321625" lon="166.16490840911865">
        <ele>15.800000190734863</ele>
        <time>2026-08-09T10:03:51Z</time>
        <extensions>
          <gpxtpx:TrackPointExtension>
            <gpxtpx:hr>61</gpxtpx:hr>
          </gpxtpx:TrackPointExtension>
        </extensions>
      </trkpt>
      <trkpt lat="-21.7274808883667" lon="166.16494059562683">
        <ele>15.800000190734863</ele>
        <time>2026-08-09T10:03:56Z</time>
        <extensions>
          <gpxtpx:TrackPointExtension>
            <gpxtpx:hr>64</gpxtpx:hr>
          </gpxtpx:TrackPointExtension>
        </extensions>
      </trkpt>
      <trkpt lat="-21.727503687143326" lon="166.1650264263153">
        <ele>16.0</ele>
        <time>2026-08-09T10:04:01Z</time>
        <extensions>
          <gpxtpx:TrackPointExtension>
            <gpxtpx:hr>70</gpxtpx:hr>
          </gpxtpx:TrackPointExtension>
        </extensions>
      </trkpt>
      <trkpt lat="-21.727526485919952" lon="166.16510152816772">
        <ele>16.200000762939453</ele>
        <time>2026-08-09T10:04:06Z</time>
        <extensions>
          <gpxtpx:TrackPointExtension>
            <gpxtpx:hr>72</gpxtpx:hr>
          </gpxtpx:TrackPointExtension>
        </extensions>
      </trkpt>
      <trkpt lat="-21.7275533080101" lon="166.16520881652832">
        <ele>16.399999618530273</ele>
        <time>2026-08-09T10:04:11Z</time>
        <extensions>
          <gpxtpx:TrackPointExtension>
            <gpxtpx:hr>74</gpxtpx:hr>
          </gpxtpx:TrackPointExtension>
        </extensions>
      </trkpt>
      <trkpt lat="-21.727576106786728" lon="166.1653482913971">
        <ele>16.799999237060547</ele>
        <time>2026-08-09T10:04:16Z</time>
        <extensions>
          <gpxtpx:TrackPointExtension>
            <gpxtpx:hr>80</gpxtpx:hr>
          </gpxtpx:TrackPointExtension>
        </extensions>
      </trkpt>
      <trkpt lat="-21.727581471204758" lon="166.16548776626587">
        <ele>17.200000762939453</ele>
        <time>2026-08-09T10:04:21Z</time>
        <extensions>
          <gpxtpx:TrackPointExtension>
            <gpxtpx:hr>83</gpxtpx:hr>
          </gpxtpx:TrackPointExtension>
        </extensions>
      </trkpt>
      <trkpt lat="-21.727581471204758" lon="166.1655628681183">
        <ele>17.399999618530273</ele>
        <time>2026-08-09T10:04:26Z</time>
        <extensions>
          <gpxtpx:TrackPointExtension>
            <gpxtpx:hr>79</gpxtpx:hr>
          </gpxtpx:TrackPointExtension>
        </extensions>
      </trkpt>
      <trkpt lat="-21.727577447891235" lon="166.16567015647888">
        <ele>17.799999237060547</ele>
        <time>2026-08-09T10:04:31Z</time>
        <extensions>
          <gpxtpx:TrackPointExtension>
            <gpxtpx:hr>78</gpxtpx:hr>
          </gpxtpx:TrackPointExtension>
        </extensions>
      </trkpt>
      <trkpt lat="-21.727572083473206" lon="166.16577744483948">
        <ele>18.200000762939453</ele>
        <time>2026-08-09T10:04:36Z</time>
        <extensions>
          <gpxtpx:TrackPointExtension>
            <gpxtpx:hr>78</gpxtpx:hr>
          </gpxtpx:TrackPointExtension>
        </extensions>
      </trkpt>
      <trkpt lat="-21.72756403684616" lon="166.16589546203613">
        <ele>18.399999618530273</ele>
        <time>2026-08-09T10:04:41Z</time>
        <extensions>
          <gpxtpx:TrackPointExtension>
            <gpxtpx:hr>79</gpxtpx:hr>
          </gpxtpx:TrackPointExtension>
        </extensions>
      </trkpt>
      <trkpt lat="-21.72755867242813" lon="166.1660349369049">
        <ele>18.799999237060547</ele>
        <time>2026-08-09T10:04:46Z</time>
        <extensions>
          <gpxtpx:TrackPointExtension>
            <gpxtpx:hr>81</gpxtpx:hr>
          </gpxtpx:TrackPointExtension>
        </extensions>
      </trkpt>
      <trkpt lat="-21.72755867242813" lon="166.16617441177368">
        <ele>19.200000762939453</ele>
        <time>2026-08-09T10:04:51Z</time>
        <extensions>
          <gpxtpx:TrackPointExtension>
            <gpxtpx:hr>82</gpxtpx:hr>
          </gpxtpx:TrackPointExtension>
        </extensions>
      </trkpt>
      <trkpt lat="-21.727572083473206" lon="166.16633534431458">
        <ele>19.600000381469727</ele>
        <time>2026-08-09T10:04:56Z</time>
        <extensions>
          <gpxtpx:TrackPointExtension>
            <gpxtpx:hr>83</gpxtpx:hr>
          </gpxtpx:TrackPointExtension>
        </extensions>
      </trkpt>
      <trkpt lat="-21.72761768102646" lon="166.16650700569153">
        <ele>19.799999237060547</ele>
        <time>2026-08-09T10:05:01Z</time>
        <extensions>
          <gpxtpx:TrackPointExtension>
            <gpxtpx:hr>83</gpxtpx:hr>
          </gpxtpx:TrackPointExtension>
        </extensions>
      </trkpt>
      <trkpt lat="-21.727720946073532" lon="166.16668939590454">
        <ele>19.799999237060547</ele>
        <time>2026-08-09T10:05:06Z</time>
        <extensions>
          <gpxtpx:TrackPointExtension>
            <gpxtpx:hr>87</gpxtpx:hr>
          </gpxtpx:TrackPointExtension>
        </extensions>
      </trkpt>
      <trkpt lat="-21.72787517309189" lon="166.1669147014618">
        <ele>19.799999237060547</ele>
        <time>2026-08-09T10:05:11Z</time>
        <extensions>
          <gpxtpx:TrackPointExtension>
            <gpxtpx:hr>94</gpxtpx:hr>
          </gpxtpx:TrackPointExtension>
        </extensions>
      </trkpt>
      <trkpt lat="-21.727919429540634" lon="166.1672580242157">
        <ele>19.600000381469727</ele>
        <time>2026-08-09T10:05:16Z</time>
        <extensions>
          <gpxtpx:TrackPointExtension>
            <gpxtpx:hr>98</gpxtpx:hr>
          </gpxtpx:TrackPointExtension>
        </extensions>
      </trkpt>
      <trkpt lat="-21.727761179208755" lon="166.16759061813354">
        <ele>19.600000381469727</ele>
        <time>2026-08-09T10:05:21Z</time>
        <extensions>
          <gpxtpx:TrackPointExtension>
            <gpxtpx:hr>106</gpxtpx:hr>
          </gpxtpx:TrackPointExtension>
        </extensions>
      </trkpt>
      <trkpt lat="-21.727521121501923" lon="166.16791248321533">
        <ele>19.799999237060547</ele>
        <time>2026-08-09T10:05:26Z</time>
        <extensions>
          <gpxtpx:TrackPointExtension>
            <gpxtpx:hr>112</gpxtpx:hr>
          </gpxtpx:TrackPointExtension>
        </extensions>
      </trkpt>
      <trkpt lat="-21.72723412513733" lon="166.168212890625">
        <ele>19.799999237060547</ele>
        <time>2026-08-09T10:05:31Z</time>
        <extensions>
          <gpxtpx:TrackPointExtension>
            <gpxtpx:hr>110</gpxtpx:hr>
          </gpxtpx:TrackPointExtension>
        </extensions>
      </trkpt>
      <trkpt lat="-21.72693371772766" lon="166.1685025691986">
        <ele>19.799999237060547</ele>
        <time>2026-08-09T10:05:36Z</time>
        <extensions>
          <gpxtpx:TrackPointExtension>
            <gpxtpx:hr>106</gpxtpx:hr>
          </gpxtpx:TrackPointExtension>
        </extensions>
      </trkpt>
      <trkpt lat="-21.726631969213486" lon="166.1688244342804">
        <ele>19.799999237060547</ele>
        <time>2026-08-09T10:05:41Z</time>
        <extensions>
          <gpxtpx:TrackPointExtension>
            <gpxtpx:hr>107</gpxtpx:hr>
          </gpxtpx:TrackPointExtension>
        </extensions>
      </trkpt>
      <trkpt lat="-21.72633022069931" lon="166.16914629936218">
        <ele>19.799999237060547</ele>
        <time>2026-08-09T10:05:46Z</time>
        <extensions>
          <gpxtpx:TrackPointExtension>
            <gpxtpx:hr>108</gpxtpx:hr>
          </gpxtpx:TrackPointExtension>
        </extensions>
      </trkpt>
      <trkpt lat="-21.726021766662598" lon="166.16946816444397">
        <ele>19.799999237060547</ele>
        <time>2026-08-09T10:05:51Z</time>
        <extensions>
          <gpxtpx:TrackPointExtension>
            <gpxtpx:hr>110</gpxtpx:hr>
          </gpxtpx:TrackPointExtension>
        </extensions>
      </trkpt>
      <trkpt lat="-21.725711971521378" lon="166.16979002952576">
        <ele>19.799999237060547</ele>
        <time>2026-08-09T10:05:56Z</time>
        <extensions>
          <gpxtpx:TrackPointExtension>
            <gpxtpx:hr>110</gpxtpx:hr>
          </gpxtpx:TrackPointExtension>
        </extensions>
      </trkpt>
      <trkpt lat="-21.725399494171143" lon="166.17011189460754">
        <ele>19.799999237060547</ele>
        <time>2026-08-09T10:06:01Z</time>
        <extensions>
          <gpxtpx:TrackPointExtension>
            <gpxtpx:hr>111</gpxtpx:hr>
          </gpxtpx:TrackPointExtension>
        </extensions>
      </trkpt>
      <trkpt lat="-21.725081652402878" lon="166.17043375968933">
        <ele>19.799999237060547</ele>
        <time>2026-08-09T10:06:06Z</time>
        <extensions>
          <gpxtpx:TrackPointExtension>
            <gpxtpx:hr>112</gpxtpx:hr>
          </gpxtpx:TrackPointExtension>
        </extensions>
      </trkpt>
      <trkpt lat="-21.724767833948135" lon="166.17074489593506">
        <ele>19.600000381469727</ele>
        <time>2026-08-09T10:06:11Z</time>
        <extensions>
          <gpxtpx:TrackPointExtension>
            <gpxtpx:hr>113</gpxtpx:hr>
          </gpxtpx:TrackPointExtension>
        </extensions>
      </trkpt>
      <trkpt lat="-21.724456697702408" lon="166.17106676101685">
        <ele>19.600000381469727</ele>
        <time>2026-08-09T10:06:16Z</time>
        <extensions>
          <gpxtpx:TrackPointExtension>
            <gpxtpx:hr>112</gpxtpx:hr>
          </gpxtpx:TrackPointExtension>
        </extensions>
      </trkpt>
      <trkpt lat="-21.724146902561188" lon="166.17141008377075">
        <ele>19.600000381469727</ele>
        <time>2026-08-09T10:06:21Z</time>
        <extensions>
          <gpxtpx:TrackPointExtension>
            <gpxtpx:hr>111</gpxtpx:hr>
          </gpxtpx:TrackPointExtension>
        </extensions>
      </trkpt>
      <trkpt lat="-21.723853200674057" lon="166.1717426776886">
        <ele>19.600000381469727</ele>
        <time>2026-08-09T10:06:26Z</time>
        <extensions>
          <gpxtpx:TrackPointExtension>
            <gpxtpx:hr>113</gpxtpx:hr>
          </gpxtpx:TrackPointExtension>
        </extensions>
      </trkpt>
      <trkpt lat="-21.72367215156555" lon="166.17215037345886">
        <ele>19.600000381469727</ele>
        <time>2026-08-09T10:06:31Z</time>
        <extensions>
          <gpxtpx:TrackPointExtension>
            <gpxtpx:hr>114</gpxtpx:hr>
          </gpxtpx:TrackPointExtension>
        </extensions>
      </trkpt>
      <trkpt lat="-21.723516583442688" lon="166.17260098457336">
        <ele>19.600000381469727</ele>
        <time>2026-08-09T10:06:36Z</time>
        <extensions>
          <gpxtpx:TrackPointExtension>
            <gpxtpx:hr>115</gpxtpx:hr>
          </gpxtpx:TrackPointExtension>
        </extensions>
      </trkpt>
      <trkpt lat="-21.7232845723629" lon="166.17299795150757">
        <ele>19.600000381469727</ele>
        <time>2026-08-09T10:06:41Z</time>
        <extensions>
          <gpxtpx:TrackPointExtension>
            <gpxtpx:hr>115</gpxtpx:hr>
          </gpxtpx:TrackPointExtension>
        </extensions>
      </trkpt>
      <trkpt lat="-21.72300159931183" lon="166.17334127426147">
        <ele>19.600000381469727</ele>
        <time>2026-08-09T10:06:46Z</time>
        <extensions>
          <gpxtpx:TrackPointExtension>
            <gpxtpx:hr>115</gpxtpx:hr>
          </gpxtpx:TrackPointExtension>
        </extensions>
      </trkpt>
      <trkpt lat="-21.722693145275116" lon="166.17369532585144">
        <ele>19.600000381469727</ele>
        <time>2026-08-09T10:06:51Z</time>
        <extensions>
          <gpxtpx:TrackPointExtension>
            <gpxtpx:hr>115</gpxtpx:hr>
          </gpxtpx:TrackPointExtension>
        </extensions>
      </trkpt>
      <trkpt lat="-21.722363233566284" lon="166.1740279197693">
        <ele>19.600000381469727</ele>
        <time>2026-08-09T10:06:56Z</time>
        <extensions>
          <gpxtpx:TrackPointExtension>
            <gpxtpx:hr>115</gpxtpx:hr>
          </gpxtpx:TrackPointExtension>
        </extensions>
      </trkpt>
      <trkpt lat="-21.72197163105011" lon="166.17430686950684">
        <ele>18.600000381469727</ele>
        <time>2026-08-09T10:07:01Z</time>
        <extensions>
          <gpxtpx:TrackPointExtension>
            <gpxtpx:hr>115</gpxtpx:hr>
          </gpxtpx:TrackPointExtension>
        </extensions>
      </trkpt>
      <trkpt lat="-21.721496880054474" lon="166.17433905601501">
        <ele>18.200000762939453</ele>
        <time>2026-08-09T10:07:06Z</time>
        <extensions>
          <gpxtpx:TrackPointExtension>
            <gpxtpx:hr>116</gpxtpx:hr>
          </gpxtpx:TrackPointExtension>
        </extensions>
      </trkpt>
      <trkpt lat="-21.72106772661209" lon="166.17416739463806">
        <ele>20.0</ele>
        <time>2026-08-09T10:07:11Z</time>
        <extensions>
          <gpxtpx:TrackPointExtension>
            <gpxtpx:hr>112</gpxtpx:hr>
          </gpxtpx:TrackPointExtension>
        </extensions>
      </trkpt>
      <trkpt lat="-21.720693558454514" lon="166.17408156394958">
        <ele>21.600000381469727</ele>
        <time>2026-08-09T10:07:16Z</time>
        <extensions>
          <gpxtpx:TrackPointExtension>
            <gpxtpx:hr>109</gpxtpx:hr>
          </gpxtpx:TrackPointExtension>
        </extensions>
      </trkpt>
      <trkpt lat="-21.720330119132996" lon="166.17398500442505">
        <ele>21.200000762939453</ele>
        <time>2026-08-09T10:07:21Z</time>
        <extensions>
          <gpxtpx:TrackPointExtension>
            <gpxtpx:hr>108</gpxtpx:hr>
          </gpxtpx:TrackPointExtension>
        </extensions>
      </trkpt>
      <trkpt lat="-21.719900965690613" lon="166.17395281791687">
        <ele>19.200000762939453</ele>
        <time>2026-08-09T10:07:26Z</time>
        <extensions>
          <gpxtpx:TrackPointExtension>
            <gpxtpx:hr>108</gpxtpx:hr>
          </gpxtpx:TrackPointExtension>
        </extensions>
      </trkpt>
      <trkpt lat="-21.719453036785126" lon="166.17409229278564">
        <ele>18.399999618530273</ele>
        <time>2026-08-09T10:07:31Z</time>
        <extensions>
          <gpxtpx:TrackPointExtension>
            <gpxtpx:hr>109</gpxtpx:hr>
          </gpxtpx:TrackPointExtension>
        </extensions>
      </trkpt>
      <trkpt lat="-21.719029247760773" lon="166.17433905601501">
        <ele>18.200000762939453</ele>
        <time>2026-08-09T10:07:36Z</time>
        <extensions>
          <gpxtpx:TrackPointExtension>
            <gpxtpx:hr>114</gpxtpx:hr>
          </gpxtpx:TrackPointExtension>
        </extensions>
      </trkpt>
      <trkpt lat="-21.718581318855286" lon="166.1744463443756">
        <ele>18.200000762939453</ele>
        <time>2026-08-09T10:07:41Z</time>
        <extensions>
          <gpxtpx:TrackPointExtension>
            <gpxtpx:hr>118</gpxtpx:hr>
          </gpxtpx:TrackPointExtension>
        </extensions>
      </trkpt>
      <trkpt lat="-21.71822726726532" lon="166.1741030216217">
        <ele>18.399999618530273</ele>
        <time>2026-08-09T10:07:46Z</time>
        <extensions>
          <gpxtpx:TrackPointExtension>
            <gpxtpx:hr>116</gpxtpx:hr>
          </gpxtpx:TrackPointExtension>
        </extensions>
      </trkpt>
      <trkpt lat="-21.71798050403595" lon="166.17369532585144">
        <ele>19.0</ele>
        <time>2026-08-09T10:07:51Z</time>
        <extensions>
          <gpxtpx:TrackPointExtension>
            <gpxtpx:hr>114</gpxtpx:hr>
          </gpxtpx:TrackPointExtension>
        </extensions>
      </trkpt>
      <trkpt lat="-21.71772301197052" lon="166.1733090877533">
        <ele>19.399999618530273</ele>
        <time>2026-08-09T10:07:56Z</time>
        <extensions>
          <gpxtpx:TrackPointExtension>
            <gpxtpx:hr>116</gpxtpx:hr>
          </gpxtpx:TrackPointExtension>
        </extensions>
      </trkpt>
      <trkpt lat="-21.717422604560852" lon="166.17297649383545">
        <ele>19.799999237060547</ele>
        <time>2026-08-09T10:08:01Z</time>
        <extensions>
          <gpxtpx:TrackPointExtension>
            <gpxtpx:hr>116</gpxtpx:hr>
          </gpxtpx:TrackPointExtension>
        </extensions>
      </trkpt>
      <trkpt lat="-21.717041730880737" lon="166.17276191711426">
        <ele>20.0</ele>
        <time>2026-08-09T10:08:06Z</time>
        <extensions>
          <gpxtpx:TrackPointExtension>
            <gpxtpx:hr>113</gpxtpx:hr>
          </gpxtpx:TrackPointExtension>
        </extensions>
      </trkpt>
      <trkpt lat="-21.716675609350204" lon="166.17249369621277">
        <ele>19.799999237060547</ele>
        <time>2026-08-09T10:08:11Z</time>
        <extensions>
          <gpxtpx:TrackPointExtension>
            <gpxtpx:hr>116</gpxtpx:hr>
          </gpxtpx:TrackPointExtension>
        </extensions>
      </trkpt>
      <trkpt lat="-21.7164409160614" lon="166.17206454277039">
        <ele>18.799999237060547</ele>
        <time>2026-08-09T10:08:16Z</time>
        <extensions>
          <gpxtpx:TrackPointExtension>
            <gpxtpx:hr>118</gpxtpx:hr>
          </gpxtpx:TrackPointExtension>
        </extensions>
      </trkpt>
      <trkpt lat="-21.716224998235703" lon="166.17157101631165">
        <ele>17.600000381469727</ele>
        <time>2026-08-09T10:08:21Z</time>
        <extensions>
          <gpxtpx:TrackPointExtension>
            <gpxtpx:hr>117</gpxtpx:hr>
          </gpxtpx:TrackPointExtension>
        </extensions>
      </trkpt>
      <trkpt lat="-21.71582132577896" lon="166.1712384223938">
        <ele>17.399999618530273</ele>
        <time>2026-08-09T10:08:26Z</time>
        <extensions>
          <gpxtpx:TrackPointExtension>
            <gpxtpx:hr>119</gpxtpx:hr>
          </gpxtpx:TrackPointExtension>
        </extensions>
      </trkpt>
      <trkpt lat="-21.71549677848816" lon="166.1708414554596">
        <ele>17.600000381469727</ele>
        <time>2026-08-09T10:08:31Z</time>
        <extensions>
          <gpxtpx:TrackPointExtension>
            <gpxtpx:hr>123</gpxtpx:hr>
          </gpxtpx:TrackPointExtension>
        </extensions>
      </trkpt>
      <trkpt lat="-21.71556919813156" lon="166.1703372001648">
        <ele>18.399999618530273</ele>
        <time>2026-08-09T10:08:36Z</time>
        <extensions>
          <gpxtpx:TrackPointExtension>
            <gpxtpx:hr>122</gpxtpx:hr>
          </gpxtpx:TrackPointExtension>
        </extensions>
      </trkpt>
      <trkpt lat="-21.715877652168274" lon="166.17000460624695">
        <ele>19.600000381469727</ele>
        <time>2026-08-09T10:08:41Z</time>
        <extensions>
          <gpxtpx:TrackPointExtension>
            <gpxtpx:hr>123</gpxtpx:hr>
          </gpxtpx:TrackPointExtension>
        </extensions>
      </trkpt>
      <trkpt lat="-21.716279983520508" lon="166.16998314857483">
        <ele>20.799999237060547</ele>
        <time>2026-08-09T10:08:46Z</time>
        <extensions>
          <gpxtpx:TrackPointExtension>
            <gpxtpx:hr>124</gpxtpx:hr>
          </gpxtpx:TrackPointExtension>
        </extensions>
      </trkpt>
      <trkpt lat="-21.716600507497787" lon="166.16982221603394">
        <ele>21.600000381469727</ele>
        <time>2026-08-09T10:08:51Z</time>
        <extensions>
          <gpxtpx:TrackPointExtension>
            <gpxtpx:hr>123</gpxtpx:hr>
          </gpxtpx:TrackPointExtension>
        </extensions>
      </trkpt>
      <trkpt lat="-21.716540157794952" lon="166.1694359779358">
        <ele>22.600000381469727</ele>
        <time>2026-08-09T10:08:56Z</time>
        <extensions>
          <gpxtpx:TrackPointExtension>
            <gpxtpx:hr>124</gpxtpx:hr>
          </gpxtpx:TrackPointExtension>
        </extensions>
      </trkpt>
      <trkpt lat="-21.716385930776596" lon="166.16910338401794">
        <ele>23.200000762939453</ele>
        <time>2026-08-09T10:09:01Z</time>
        <extensions>
          <gpxtpx:TrackPointExtension>
            <gpxtpx:hr>124</gpxtpx:hr>
          </gpxtpx:TrackPointExtension>
        </extensions>
      </trkpt>
      <trkpt lat="-21.71641543507576" lon="166.16867423057556">
        <ele>21.600000381469727</ele>
        <time>2026-08-09T10:09:06Z</time>
        <extensions>
          <gpxtpx:TrackPointExtension>
            <gpxtpx:hr>127</gpxtpx:hr>
          </gpxtpx:TrackPointExtension>
        </extensions>
      </trkpt>
      <trkpt lat="-21.715975552797318" lon="166.16873860359192">
        <ele>20.799999237060547</ele>
        <time>2026-08-09T10:09:11Z</time>
        <extensions>
          <gpxtpx:TrackPointExtension>
            <gpxtpx:hr>126</gpxtpx:hr>
          </gpxtpx:TrackPointExtension>
        </extensions>
      </trkpt>
      <trkpt lat="-21.715604066848755" lon="166.16902828216553">
        <ele>22.200000762939453</ele>
        <time>2026-08-09T10:09:16Z</time>
        <extensions>
          <gpxtpx:TrackPointExtension>
            <gpxtpx:hr>126</gpxtpx:hr>
          </gpxtpx:TrackPointExtension>
        </extensions>
      </trkpt>
      <trkpt lat="-21.715271472930908" lon="166.16928577423096">
        <ele>23.600000381469727</ele>
        <time>2026-08-09T10:09:21Z</time>
        <extensions>
          <gpxtpx:TrackPointExtension>
            <gpxtpx:hr>128</gpxtpx:hr>
          </gpxtpx:TrackPointExtension>
        </extensions>
      </trkpt>
      <trkpt lat="-21.714969724416733" lon="166.1695110797882">
        <ele>24.799999237060547</ele>
        <time>2026-08-09T10:09:26Z</time>
        <extensions>
          <gpxtpx:TrackPointExtension>
            <gpxtpx:hr>126</gpxtpx:hr>
          </gpxtpx:TrackPointExtension>
        </extensions>
      </trkpt>
      <trkpt lat="-21.714676022529602" lon="166.16974711418152">
        <ele>25.200000762939453</ele>
        <time>2026-08-09T10:09:31Z</time>
        <extensions>
          <gpxtpx:TrackPointExtension>
            <gpxtpx:hr>123</gpxtpx:hr>
          </gpxtpx:TrackPointExtension>
        </extensions>
      </trkpt>
      <trkpt lat="-21.714358180761337" lon="166.16998314857483">
        <ele>25.200000762939453</ele>
        <time>2026-08-09T10:09:36Z</time>
        <extensions>
          <gpxtpx:TrackPointExtension>
            <gpxtpx:hr>124</gpxtpx:hr>
          </gpxtpx:TrackPointExtension>
        </extensions>
      </trkpt>
      <trkpt lat="-21.71402022242546" lon="166.17025136947632">
        <ele>25.0</ele>
        <time>2026-08-09T10:09:41Z</time>
        <extensions>
          <gpxtpx:TrackPointExtension>
            <gpxtpx:hr>124</gpxtpx:hr>
          </gpxtpx:TrackPointExtension>
        </extensions>
      </trkpt>
      <trkpt lat="-21.713635325431824" lon="166.17054104804993">
        <ele>23.399999618530273</ele>
        <time>2026-08-09T10:09:46Z</time>
        <extensions>
          <gpxtpx:TrackPointExtension>
            <gpxtpx:hr>125</gpxtpx:hr>
          </gpxtpx:TrackPointExtension>
        </extensions>
      </trkpt>
      <trkpt lat="-21.713224947452545" lon="166.1708414554596">
        <ele>21.799999237060547</ele>
        <time>2026-08-09T10:09:51Z</time>
        <extensions>
          <gpxtpx:TrackPointExtension>
            <gpxtpx:hr>124</gpxtpx:hr>
          </gpxtpx:TrackPointExtension>
        </extensions>
      </trkpt>
      <trkpt lat="-21.712819933891296" lon="166.17114186286926">
        <ele>20.200000762939453</ele>
        <time>2026-08-09T10:09:56Z</time>
        <extensions>
          <gpxtpx:TrackPointExtension>
            <gpxtpx:hr>122</gpxtpx:hr>
          </gpxtpx:TrackPointExtension>
        </extensions>
      </trkpt>
      <trkpt lat="-21.712520867586136" lon="166.1715602874756">
        <ele>18.799999237060547</ele>
        <time>2026-08-09T10:10:01Z</time>
        <extensions>
          <gpxtpx:TrackPointExtension>
            <gpxtpx:hr>120</gpxtpx:hr>
          </gpxtpx:TrackPointExtension>
        </extensions>
      </trkpt>
      <trkpt lat="-21.712903082370758" lon="166.17189288139343">
        <ele>18.0</ele>
        <time>2026-08-09T10:10:06Z</time>
        <extensions>
          <gpxtpx:TrackPointExtension>
            <gpxtpx:hr>117</gpxtpx:hr>
          </gpxtpx:TrackPointExtension>
        </extensions>
      </trkpt>
      <trkpt lat="-21.713289320468903" lon="166.17159247398376">
        <ele>19.600000381469727</ele>
        <time>2026-08-09T10:10:11Z</time>
        <extensions>
          <gpxtpx:TrackPointExtension>
            <gpxtpx:hr>115</gpxtpx:hr>
          </gpxtpx:TrackPointExtension>
        </extensions>
      </trkpt>
      <trkpt lat="-21.713644713163376" lon="166.17133498191833">
        <ele>20.0</ele>
        <time>2026-08-09T10:10:16Z</time>
        <extensions>
          <gpxtpx:TrackPointExtension>
            <gpxtpx:hr>116</gpxtpx:hr>
          </gpxtpx:TrackPointExtension>
        </extensions>
      </trkpt>
      <trkpt lat="-21.714095324277878" lon="166.17122769355774">
        <ele>18.200000762939453</ele>
        <time>2026-08-09T10:10:21Z</time>
        <extensions>
          <gpxtpx:TrackPointExtension>
            <gpxtpx:hr>117</gpxtpx:hr>
          </gpxtpx:TrackPointExtension>
        </extensions>
      </trkpt>
      <trkpt lat="-21.714411824941635" lon="166.17076635360718">
        <ele>16.399999618530273</ele>
        <time>2026-08-09T10:10:26Z</time>
        <extensions>
          <gpxtpx:TrackPointExtension>
            <gpxtpx:hr>120</gpxtpx:hr>
          </gpxtpx:TrackPointExtension>
        </extensions>
      </trkpt>
      <trkpt lat="-21.714914739131927" lon="166.170551776886">
        <ele>15.199999809265137</ele>
        <time>2026-08-09T10:10:31Z</time>
        <extensions>
          <gpxtpx:TrackPointExtension>
            <gpxtpx:hr>120</gpxtpx:hr>
          </gpxtpx:TrackPointExtension>
        </extensions>
      </trkpt>
      <trkpt lat="-21.71476185321808" lon="166.1700475215912">
        <ele>14.800000190734863</ele>
        <time>2026-08-09T10:10:36Z</time>
        <extensions>
          <gpxtpx:TrackPointExtension>
            <gpxtpx:hr>119</gpxtpx:hr>
          </gpxtpx:TrackPointExtension>
        </extensions>
      </trkpt>
      <trkpt lat="-21.714342087507248" lon="166.16969347000122">
        <ele>14.800000190734863</ele>
        <time>2026-08-09T10:10:41Z</time>
        <extensions>
          <gpxtpx:TrackPointExtension>
            <gpxtpx:hr>121</gpxtpx:hr>
          </gpxtpx:TrackPointExtension>
        </extensions>
      </trkpt>
      <trkpt lat="-21.71394243836403" lon="166.16935014724731">
        <ele>14.800000190734863</ele>
        <time>2026-08-09T10:10:46Z</time>
        <extensions>
          <gpxtpx:TrackPointExtension>
            <gpxtpx:hr>123</gpxtpx:hr>
          </gpxtpx:TrackPointExtension>
        </extensions>
      </trkpt>
      <trkpt lat="-21.713860630989075" lon="166.16885662078857">
        <ele>14.600000381469727</ele>
        <time>2026-08-09T10:10:51Z</time>
        <extensions>
          <gpxtpx:TrackPointExtension>
            <gpxtpx:hr>123</gpxtpx:hr>
          </gpxtpx:TrackPointExtension>
        </extensions>
      </trkpt>
      <trkpt lat="-21.714138239622116" lon="166.1684274673462">
        <ele>14.600000381469727</ele>
        <time>2026-08-09T10:10:56Z</time>
        <extensions>
          <gpxtpx:TrackPointExtension>
            <gpxtpx:hr>122</gpxtpx:hr>
          </gpxtpx:TrackPointExtension>
        </extensions>
      </trkpt>
      <trkpt lat="-21.714413166046143" lon="166.16798758506775">
        <ele>14.600000381469727</ele>
        <time>2026-08-09T10:11:01Z</time>
        <extensions>
          <gpxtpx:TrackPointExtension>
            <gpxtpx:hr>124</gpxtpx:hr>
          </gpxtpx:TrackPointExtension>
        </extensions>
      </trkpt>
      <trkpt lat="-21.714602261781693" lon="166.16751551628113">
        <ele>14.600000381469727</ele>
        <time>2026-08-09T10:11:06Z</time>
        <extensions>
          <gpxtpx:TrackPointExtension>
            <gpxtpx:hr>129</gpxtpx:hr>
          </gpxtpx:TrackPointExtension>
        </extensions>
      </trkpt>
      <trkpt lat="-21.714512407779694" lon="166.1670219898224">
        <ele>14.199999809265137</ele>
        <time>2026-08-09T10:11:11Z</time>
        <extensions>
          <gpxtpx:TrackPointExtension>
            <gpxtpx:hr>127</gpxtpx:hr>
          </gpxtpx:TrackPointExtension>
        </extensions>
      </trkpt>
      <trkpt lat="-21.71411544084549" lon="166.16672158241272">
        <ele>13.399999618530273</ele>
        <time>2026-08-09T10:11:16Z</time>
        <extensions>
          <gpxtpx:TrackPointExtension>
            <gpxtpx:hr>126</gpxtpx:hr>
          </gpxtpx:TrackPointExtension>
        </extensions>
      </trkpt>
      <trkpt lat="-21.71366885304451" lon="166.16690397262573">
        <ele>14.399999618530273</ele>
        <time>2026-08-09T10:11:21Z</time>
        <extensions>
          <gpxtpx:TrackPointExtension>
            <gpxtpx:hr>125</gpxtpx:hr>
          </gpxtpx:TrackPointExtension>
        </extensions>
      </trkpt>
      <trkpt lat="-21.71323835849762" lon="166.16710782051086">
        <ele>14.0</ele>
        <time>2026-08-09T10:11:26Z</time>
        <extensions>
          <gpxtpx:TrackPointExtension>
            <gpxtpx:hr>125</gpxtpx:hr>
          </gpxtpx:TrackPointExtension>
        </extensions>
      </trkpt>
      <trkpt lat="-21.712805181741714" lon="166.1669361591339">
        <ele>14.0</ele>
        <time>2026-08-09T10:11:31Z</time>
        <extensions>
          <gpxtpx:TrackPointExtension>
            <gpxtpx:hr>126</gpxtpx:hr>
          </gpxtpx:TrackPointExtension>
        </extensions>
      </trkpt>
      <trkpt lat="-21.712390780448914" lon="166.16676449775696">
        <ele>14.399999618530273</ele>
        <time>2026-08-09T10:11:36Z</time>
        <extensions>
          <gpxtpx:TrackPointExtension>
            <gpxtpx:hr>128</gpxtpx:hr>
          </gpxtpx:TrackPointExtension>
        </extensions>
      </trkpt>
      <trkpt lat="-21.71192541718483" lon="166.16673231124878">
        <ele>14.0</ele>
        <time>2026-08-09T10:11:41Z</time>
        <extensions>
          <gpxtpx:TrackPointExtension>
            <gpxtpx:hr>127</gpxtpx:hr>
          </gpxtpx:TrackPointExtension>
        </extensions>
      </trkpt>
      <trkpt lat="-21.711779236793518" lon="166.16631388664246">
        <ele>13.600000381469727</ele>
        <time>2026-08-09T10:11:46Z</time>
        <extensions>
          <gpxtpx:TrackPointExtension>
            <gpxtpx:hr>127</gpxtpx:hr>
          </gpxtpx:TrackPointExtension>
        </extensions>
      </trkpt>
      <trkpt lat="-21.71178862452507" lon="166.16577744483948">
        <ele>13.0</ele>
        <time>2026-08-09T10:11:51Z</time>
        <extensions>
          <gpxtpx:TrackPointExtension>
            <gpxtpx:hr>127</gpxtpx:hr>
          </gpxtpx:TrackPointExtension>
        </extensions>
      </trkpt>
      <trkpt lat="-21.711486876010895" lon="166.16539120674133">
        <ele>13.0</ele>
        <time>2026-08-09T10:11:56Z</time>
        <extensions>
          <gpxtpx:TrackPointExtension>
            <gpxtpx:hr>125</gpxtpx:hr>
          </gpxtpx:TrackPointExtension>
        </extensions>
      </trkpt>
      <trkpt lat="-21.7110013961792" lon="166.16535902023315">
        <ele>13.0</ele>
        <time>2026-08-09T10:12:01Z</time>
        <extensions>
          <gpxtpx:TrackPointExtension>
            <gpxtpx:hr>126</gpxtpx:hr>
          </gpxtpx:TrackPointExtension>
        </extensions>
      </trkpt>
      <trkpt lat="-21.71051323413849" lon="166.16535902023315">
        <ele>13.0</ele>
        <time>2026-08-09T10:12:06Z</time>
        <extensions>
          <gpxtpx:TrackPointExtension>
            <gpxtpx:hr>126</gpxtpx:hr>
          </gpxtpx:TrackPointExtension>
        </extensions>
      </trkpt>
      <trkpt lat="-21.710021048784256" lon="166.16535902023315">
        <ele>13.0</ele>
        <time>2026-08-09T10:12:11Z</time>
        <extensions>
          <gpxtpx:TrackPointExtension>
            <gpxtpx:hr>126</gpxtpx:hr>
          </gpxtpx:TrackPointExtension>
        </extensions>
      </trkpt>
      <trkpt lat="-21.709532886743546" lon="166.1653482913971">
        <ele>13.0</ele>
        <time>2026-08-09T10:12:16Z</time>
        <extensions>
          <gpxtpx:TrackPointExtension>
            <gpxtpx:hr>127</gpxtpx:hr>
          </gpxtpx:TrackPointExtension>
        </extensions>
      </trkpt>
      <trkpt lat="-21.709043383598328" lon="166.16535902023315">
        <ele>13.0</ele>
        <time>2026-08-09T10:12:21Z</time>
        <extensions>
          <gpxtpx:TrackPointExtension>
            <gpxtpx:hr>131</gpxtpx:hr>
          </gpxtpx:TrackPointExtension>
        </extensions>
      </trkpt>
      <trkpt lat="-21.708557903766632" lon="166.1653482913971">
        <ele>13.0</ele>
        <time>2026-08-09T10:12:26Z</time>
        <extensions>
          <gpxtpx:TrackPointExtension>
            <gpxtpx:hr>131</gpxtpx:hr>
          </gpxtpx:TrackPointExtension>
        </extensions>
      </trkpt>
      <trkpt lat="-21.708223968744278" lon="166.1656379699707">
        <ele>13.0</ele>
        <time>2026-08-09T10:12:31Z</time>
        <extensions>
          <gpxtpx:TrackPointExtension>
            <gpxtpx:hr>131</gpxtpx:hr>
          </gpxtpx:TrackPointExtension>
        </extensions>
      </trkpt>
      <trkpt lat="-21.708311140537262" lon="166.16615295410156">
        <ele>13.0</ele>
        <time>2026-08-09T10:12:36Z</time>
        <extensions>
          <gpxtpx:TrackPointExtension>
            <gpxtpx:hr>130</gpxtpx:hr>
          </gpxtpx:TrackPointExtension>
        </extensions>
      </trkpt>
      <trkpt lat="-21.708174347877502" lon="166.16662502288818">
        <ele>13.0</ele>
        <time>2026-08-09T10:12:41Z</time>
        <extensions>
          <gpxtpx:TrackPointExtension>
            <gpxtpx:hr>130</gpxtpx:hr>
          </gpxtpx:TrackPointExtension>
        </extensions>
      </trkpt>
      <trkpt lat="-21.707816272974014" lon="166.16697907447815">
        <ele>13.0</ele>
        <time>2026-08-09T10:12:46Z</time>
        <extensions>
          <gpxtpx:TrackPointExtension>
            <gpxtpx:hr>128</gpxtpx:hr>
          </gpxtpx:TrackPointExtension>
        </extensions>
      </trkpt>
      <trkpt lat="-21.707479655742645" lon="166.16734385490417">
        <ele>13.0</ele>
        <time>2026-08-09T10:12:51Z</time>
        <extensions>
          <gpxtpx:TrackPointExtension>
            <gpxtpx:hr>127</gpxtpx:hr>
          </gpxtpx:TrackPointExtension>
        </extensions>
      </trkpt>
      <trkpt lat="-21.707053184509277" lon="166.1675477027893">
        <ele>13.0</ele>
        <time>2026-08-09T10:12:56Z</time>
        <extensions>
          <gpxtpx:TrackPointExtension>
            <gpxtpx:hr>126</gpxtpx:hr>
          </gpxtpx:TrackPointExtension>
        </extensions>
      </trkpt>
      <trkpt lat="-21.706575751304626" lon="166.16757988929749">
        <ele>13.0</ele>
        <time>2026-08-09T10:13:01Z</time>
        <extensions>
          <gpxtpx:TrackPointExtension>
            <gpxtpx:hr>126</gpxtpx:hr>
          </gpxtpx:TrackPointExtension>
        </extensions>
      </trkpt>
      <trkpt lat="-21.706092953681946" lon="166.1676013469696">
        <ele>13.0</ele>
        <time>2026-08-09T10:13:06Z</time>
        <extensions>
          <gpxtpx:TrackPointExtension>
            <gpxtpx:hr>128</gpxtpx:hr>
          </gpxtpx:TrackPointExtension>
        </extensions>
      </trkpt>
      <trkpt lat="-21.705616861581802" lon="166.1676549911499">
        <ele>13.199999809265137</ele>
        <time>2026-08-09T10:13:11Z</time>
        <extensions>
          <gpxtpx:TrackPointExtension>
            <gpxtpx:hr>128</gpxtpx:hr>
          </gpxtpx:TrackPointExtension>
        </extensions>
      </trkpt>
      <trkpt lat="-21.70516088604927" lon="166.16774082183838">
        <ele>14.0</ele>
        <time>2026-08-09T10:13:16Z</time>
        <extensions>
          <gpxtpx:TrackPointExtension>
            <gpxtpx:hr>129</gpxtpx:hr>
          </gpxtpx:TrackPointExtension>
        </extensions>
      </trkpt>
      <trkpt lat="-21.704727709293365" lon="166.16783738136292">
        <ele>14.800000190734863</ele>
        <time>2026-08-09T10:13:21Z</time>
        <extensions>
          <gpxtpx:TrackPointExtension>
            <gpxtpx:hr>130</gpxtpx:hr>
          </gpxtpx:TrackPointExtension>
        </extensions>
      </trkpt>
      <trkpt lat="-21.70431599020958" lon="166.1679768562317">
        <ele>15.199999809265137</ele>
        <time>2026-08-09T10:13:26Z</time>
        <extensions>
          <gpxtpx:TrackPointExtension>
            <gpxtpx:hr>131</gpxtpx:hr>
          </gpxtpx:TrackPointExtension>
        </extensions>
      </trkpt>
      <trkpt lat="-21.70387476682663" lon="166.16806268692017">
        <ele>15.199999809265137</ele>
        <time>2026-08-09T10:13:31Z</time>
        <extensions>
          <gpxtpx:TrackPointExtension>
            <gpxtpx:hr>133</gpxtpx:hr>
          </gpxtpx:TrackPointExtension>
        </extensions>
      </trkpt>
      <trkpt lat="-21.70344963669777" lon="166.16820216178894">
        <ele>15.600000381469727</ele>
        <time>2026-08-09T10:13:36Z</time>
        <extensions>
          <gpxtpx:TrackPointExtension>
            <gpxtpx:hr>132</gpxtpx:hr>
          </gpxtpx:TrackPointExtension>
        </extensions>
      </trkpt>
      <trkpt lat="-21.703007072210312" lon="166.16838455200195">
        <ele>13.800000190734863</ele>
        <time>2026-08-09T10:13:41Z</time>
        <extensions>
          <gpxtpx:TrackPointExtension>
            <gpxtpx:hr>134</gpxtpx:hr>
          </gpxtpx:TrackPointExtension>
        </extensions>
      </trkpt>
      <trkpt lat="-21.702610105276108" lon="166.16878151893616">
        <ele>13.0</ele>
        <time>2026-08-09T10:13:46Z</time>
        <extensions>
          <gpxtpx:TrackPointExtension>
            <gpxtpx:hr>136</gpxtpx:hr>
          </gpxtpx:TrackPointExtension>
        </extensions>
      </trkpt>
      <trkpt lat="-21.702198386192322" lon="166.169114112854">
        <ele>13.0</ele>
        <time>2026-08-09T10:13:51Z</time>
        <extensions>
          <gpxtpx:TrackPointExtension>
            <gpxtpx:hr>135</gpxtpx:hr>
          </gpxtpx:TrackPointExtension>
        </extensions>
      </trkpt>
      <trkpt lat="-21.701702177524567" lon="166.1692750453949">
        <ele>13.0</ele>
        <time>2026-08-09T10:13:56Z</time>
        <extensions>
          <gpxtpx:TrackPointExtension>
            <gpxtpx:hr>133</gpxtpx:hr>
          </gpxtpx:TrackPointExtension>
        </extensions>
      </trkpt>
      <trkpt lat="-21.70121267437935" lon="166.16939306259155">
        <ele>13.0</ele>
        <time>2026-08-09T10:14:01Z</time>
        <extensions>
          <gpxtpx:TrackPointExtension>
            <gpxtpx:hr>131</gpxtpx:hr>
          </gpxtpx:TrackPointExtension>
        </extensions>
      </trkpt>
      <trkpt lat="-21.700737923383713" lon="166.16953253746033">
        <ele>13.0</ele>
        <time>2026-08-09T10:14:06Z</time>
        <extensions>
          <gpxtpx:TrackPointExtension>
            <gpxtpx:hr>132</gpxtpx:hr>
          </gpxtpx:TrackPointExtension>
        </extensions>
      </trkpt>
      <trkpt lat="-21.700252443552017" lon="166.16963982582092">
        <ele>13.0</ele>
        <time>2026-08-09T10:14:11Z</time>
        <extensions>
          <gpxtpx:TrackPointExtension>
            <gpxtpx:hr>132</gpxtpx:hr>
          </gpxtpx:TrackPointExtension>
        </extensions>
      </trkpt>
      <trkpt lat="-21.69977366924286" lon="166.16976857185364">
        <ele>13.0</ele>
        <time>2026-08-09T10:14:16Z</time>
        <extensions>
          <gpxtpx:TrackPointExtension>
            <gpxtpx:hr>133</gpxtpx:hr>
          </gpxtpx:TrackPointExtension>
        </extensions>
      </trkpt>
      <trkpt lat="-21.699329763650894" lon="166.17000460624695">
        <ele>13.0</ele>
        <time>2026-08-09T10:14:21Z</time>
        <extensions>
          <gpxtpx:TrackPointExtension>
            <gpxtpx:hr>133</gpxtpx:hr>
          </gpxtpx:TrackPointExtension>
        </extensions>
      </trkpt>
      <trkpt lat="-21.699262708425522" lon="166.1705195903778">
        <ele>13.0</ele>
        <time>2026-08-09T10:14:26Z</time>
        <extensions>
          <gpxtpx:TrackPointExtension>
            <gpxtpx:hr>131</gpxtpx:hr>
          </gpxtpx:TrackPointExtension>
        </extensions>
      </trkpt>
      <trkpt lat="-21.699308305978775" lon="166.17103457450867">
        <ele>13.0</ele>
        <time>2026-08-09T10:14:31Z</time>
        <extensions>
          <gpxtpx:TrackPointExtension>
            <gpxtpx:hr>130</gpxtpx:hr>
          </gpxtpx:TrackPointExtension>
        </extensions>
      </trkpt>
      <trkpt lat="-21.698962301015854" lon="166.17137789726257">
        <ele>13.0</ele>
        <time>2026-08-09T10:14:36Z</time>
        <extensions>
          <gpxtpx:TrackPointExtension>
            <gpxtpx:hr>130</gpxtpx:hr>
          </gpxtpx:TrackPointExtension>
        </extensions>
      </trkpt>
      <trkpt lat="-21.698526442050934" lon="166.171635389328">
        <ele>13.0</ele>
        <time>2026-08-09T10:14:41Z</time>
        <extensions>
          <gpxtpx:TrackPointExtension>
            <gpxtpx:hr>129</gpxtpx:hr>
          </gpxtpx:TrackPointExtension>
        </extensions>
      </trkpt>
      <trkpt lat="-21.698109358549118" lon="166.17193579673767">
        <ele>13.0</ele>
        <time>2026-08-09T10:14:46Z</time>
        <extensions>
          <gpxtpx:TrackPointExtension>
            <gpxtpx:hr>131</gpxtpx:hr>
          </gpxtpx:TrackPointExtension>
        </extensions>
      </trkpt>
      <trkpt lat="-21.697853207588196" lon="166.17239713668823">
        <ele>13.0</ele>
        <time>2026-08-09T10:14:51Z</time>
        <extensions>
          <gpxtpx:TrackPointExtension>
            <gpxtpx:hr>132</gpxtpx:hr>
          </gpxtpx:TrackPointExtension>
        </extensions>
      </trkpt>
      <trkpt lat="-21.69786661863327" lon="166.1729121208191">
        <ele>13.0</ele>
        <time>2026-08-09T10:14:56Z</time>
        <extensions>
          <gpxtpx:TrackPointExtension>
            <gpxtpx:hr>132</gpxtpx:hr>
          </gpxtpx:TrackPointExtension>
        </extensions>
      </trkpt>
      <trkpt lat="-21.69816702604294" lon="166.17333054542542">
        <ele>13.0</ele>
        <time>2026-08-09T10:15:01Z</time>
        <extensions>
          <gpxtpx:TrackPointExtension>
            <gpxtpx:hr>134</gpxtpx:hr>
          </gpxtpx:TrackPointExtension>
        </extensions>
      </trkpt>
      <trkpt lat="-21.698625683784485" lon="166.17348074913025">
        <ele>13.0</ele>
        <time>2026-08-09T10:15:06Z</time>
        <extensions>
          <gpxtpx:TrackPointExtension>
            <gpxtpx:hr>135</gpxtpx:hr>
          </gpxtpx:TrackPointExtension>
        </extensions>
      </trkpt>
      <trkpt lat="-21.69907495379448" lon="166.17369532585144">
        <ele>13.0</ele>
        <time>2026-08-09T10:15:11Z</time>
        <extensions>
          <gpxtpx:TrackPointExtension>
            <gpxtpx:hr>133</gpxtpx:hr>
          </gpxtpx:TrackPointExtension>
        </extensions>
      </trkpt>
      <trkpt lat="-21.69939413666725" lon="166.1740493774414">
        <ele>13.0</ele>
        <time>2026-08-09T10:15:16Z</time>
        <extensions>
          <gpxtpx:TrackPointExtension>
            <gpxtpx:hr>133</gpxtpx:hr>
          </gpxtpx:TrackPointExtension>
        </extensions>
      </trkpt>
      <trkpt lat="-21.69937402009964" lon="166.17456436157227">
        <ele>13.0</ele>
        <time>2026-08-09T10:15:21Z</time>
        <extensions>
          <gpxtpx:TrackPointExtension>
            <gpxtpx:hr>135</gpxtpx:hr>
          </gpxtpx:TrackPointExtension>
        </extensions>
      </trkpt>
      <trkpt lat="-21.699433028697968" lon="166.17507934570312">
        <ele>13.0</ele>
        <time>2026-08-09T10:15:26Z</time>
        <extensions>
          <gpxtpx:TrackPointExtension>
            <gpxtpx:hr>135</gpxtpx:hr>
          </gpxtpx:TrackPointExtension>
        </extensions>
      </trkpt>
      <trkpt lat="-21.699907779693604" lon="166.17526173591614">
        <ele>13.0</ele>
        <time>2026-08-09T10:15:31Z</time>
        <extensions>
          <gpxtpx:TrackPointExtension>
            <gpxtpx:hr>134</gpxtpx:hr>
          </gpxtpx:TrackPointExtension>
        </extensions>
      </trkpt>
      <trkpt lat="-21.700228303670883" lon="166.17555141448975">
        <ele>13.0</ele>
        <time>2026-08-09T10:15:36Z</time>
        <extensions>
          <gpxtpx:TrackPointExtension>
            <gpxtpx:hr>133</gpxtpx:hr>
          </gpxtpx:TrackPointExtension>
        </extensions>
      </trkpt>
      <trkpt lat="-21.700480431318283" lon="166.1759376525879">
        <ele>13.0</ele>
        <time>2026-08-09T10:15:41Z</time>
        <extensions>
          <gpxtpx:TrackPointExtension>
            <gpxtpx:hr>135</gpxtpx:hr>
          </gpxtpx:TrackPointExtension>
        </extensions>
      </trkpt>
      <trkpt lat="-21.700927019119263" lon="166.17616295814514">
        <ele>13.0</ele>
        <time>2026-08-09T10:15:46Z</time>
        <extensions>
          <gpxtpx:TrackPointExtension>
            <gpxtpx:hr>132</gpxtpx:hr>
          </gpxtpx:TrackPointExtension>
        </extensions>
      </trkpt>
      <trkpt lat="-21.70137494802475" lon="166.17634534835815">
        <ele>13.0</ele>
        <time>2026-08-09T10:15:51Z</time>
        <extensions>
          <gpxtpx:TrackPointExtension>
            <gpxtpx:hr>132</gpxtpx:hr>
          </gpxtpx:TrackPointExtension>
        </extensions>
      </trkpt>
      <trkpt lat="-21.701683402061462" lon="166.17676377296448">
        <ele>13.0</ele>
        <time>2026-08-09T10:15:56Z</time>
        <extensions>
          <gpxtpx:TrackPointExtension>
            <gpxtpx:hr>134</gpxtpx:hr>
          </gpxtpx:TrackPointExtension>
        </extensions>
      </trkpt>
      <trkpt lat="-21.702121943235397" lon="166.17698907852173">
        <ele>13.0</ele>
        <time>2026-08-09T10:16:01Z</time>
        <extensions>
          <gpxtpx:TrackPointExtension>
            <gpxtpx:hr>133</gpxtpx:hr>
          </gpxtpx:TrackPointExtension>
        </extensions>
      </trkpt>
      <trkpt lat="-21.702585965394974" lon="166.17713928222656">
        <ele>13.0</ele>
        <time>2026-08-09T10:16:06Z</time>
        <extensions>
          <gpxtpx:TrackPointExtension>
            <gpxtpx:hr>134</gpxtpx:hr>
          </gpxtpx:TrackPointExtension>
        </extensions>
      </trkpt>
      <trkpt lat="-21.703078150749207" lon="166.1771285533905">
        <ele>13.0</ele>
        <time>2026-08-09T10:16:11Z</time>
        <extensions>
          <gpxtpx:TrackPointExtension>
            <gpxtpx:hr>134</gpxtpx:hr>
          </gpxtpx:TrackPointExtension>
        </extensions>
      </trkpt>
      <trkpt lat="-21.70357435941696" lon="166.1771285533905">
        <ele>13.0</ele>
        <time>2026-08-09T10:16:16Z</time>
        <extensions>
          <gpxtpx:TrackPointExtension>
            <gpxtpx:hr>132</gpxtpx:hr>
          </gpxtpx:TrackPointExtension>
        </extensions>
      </trkpt>
      <trkpt lat="-21.70405313372612" lon="166.17706418037415">
        <ele>13.399999618530273</ele>
        <time>2026-08-09T10:16:21Z</time>
        <extensions>
          <gpxtpx:TrackPointExtension>
            <gpxtpx:hr>132</gpxtpx:hr>
          </gpxtpx:TrackPointExtension>
        </extensions>
      </trkpt>
      <trkpt lat="-21.704466193914413" lon="166.17724657058716">
        <ele>14.199999809265137</ele>
        <time>2026-08-09T10:16:26Z</time>
        <extensions>
          <gpxtpx:TrackPointExtension>
            <gpxtpx:hr>132</gpxtpx:hr>
          </gpxtpx:TrackPointExtension>
        </extensions>
      </trkpt>
      <trkpt lat="-21.704679429531097" lon="166.17764353752136">
        <ele>15.399999618530273</ele>
        <time>2026-08-09T10:16:31Z</time>
        <extensions>
          <gpxtpx:TrackPointExtension>
            <gpxtpx:hr>131</gpxtpx:hr>
          </gpxtpx:TrackPointExtension>
        </extensions>
      </trkpt>
      <trkpt lat="-21.70453190803528" lon="166.1780083179474">
        <ele>15.800000190734863</ele>
        <time>2026-08-09T10:16:36Z</time>
        <extensions>
          <gpxtpx:TrackPointExtension>
            <gpxtpx:hr>134</gpxtpx:hr>
          </gpxtpx:TrackPointExtension>
        </extensions>
      </trkpt>
      <trkpt lat="-21.704176515340805" lon="166.17820143699646">
        <ele>17.600000381469727</ele>
        <time>2026-08-09T10:16:41Z</time>
        <extensions>
          <gpxtpx:TrackPointExtension>
            <gpxtpx:hr>137</gpxtpx:hr>
          </gpxtpx:TrackPointExtension>
        </extensions>
      </trkpt>
      <trkpt lat="-21.703888177871704" lon="166.17836236953735">
        <ele>19.200000762939453</ele>
        <time>2026-08-09T10:16:46Z</time>
        <extensions>
          <gpxtpx:TrackPointExtension>
            <gpxtpx:hr>133</gpxtpx:hr>
          </gpxtpx:TrackPointExtension>
        </extensions>
      </trkpt>
      <trkpt lat="-21.70391097664833" lon="166.17868423461914">
        <ele>19.399999618530273</ele>
        <time>2026-08-09T10:16:51Z</time>
        <extensions>
          <gpxtpx:TrackPointExtension>
            <gpxtpx:hr>132</gpxtpx:hr>
          </gpxtpx:TrackPointExtension>
        </extensions>
      </trkpt>
      <trkpt lat="-21.70423150062561" lon="166.17889881134033">
        <ele>19.200000762939453</ele>
        <time>2026-08-09T10:16:56Z</time>
        <extensions>
          <gpxtpx:TrackPointExtension>
            <gpxtpx:hr>133</gpxtpx:hr>
          </gpxtpx:TrackPointExtension>
        </extensions>
      </trkpt>
      <trkpt lat="-21.704502403736115" lon="166.17919921875">
        <ele>19.600000381469727</ele>
        <time>2026-08-09T10:17:01Z</time>
        <extensions>
          <gpxtpx:TrackPointExtension>
            <gpxtpx:hr>132</gpxtpx:hr>
          </gpxtpx:TrackPointExtension>
        </extensions>
      </trkpt>
      <trkpt lat="-21.70432671904564" lon="166.1795425415039">
        <ele>21.399999618530273</ele>
        <time>2026-08-09T10:17:06Z</time>
        <extensions>
          <gpxtpx:TrackPointExtension>
            <gpxtpx:hr>132</gpxtpx:hr>
          </gpxtpx:TrackPointExtension>
        </extensions>
      </trkpt>
      <trkpt lat="-21.70402631163597" lon="166.1797034740448">
        <ele>23.200000762939453</ele>
        <time>2026-08-09T10:17:11Z</time>
        <extensions>
          <gpxtpx:TrackPointExtension>
            <gpxtpx:hr>136</gpxtpx:hr>
          </gpxtpx:TrackPointExtension>
        </extensions>
      </trkpt>
      <trkpt lat="-21.703791618347168" lon="166.179918050766">
        <ele>24.399999618530273</ele>
        <time>2026-08-09T10:17:16Z</time>
        <extensions>
          <gpxtpx:TrackPointExtension>
            <gpxtpx:hr>135</gpxtpx:hr>
          </gpxtpx:TrackPointExtension>
        </extensions>
      </trkpt>
      <trkpt lat="-21.703854650259018" lon="166.18027210235596">
        <ele>24.600000381469727</ele>
        <time>2026-08-09T10:17:21Z</time>
        <extensions>
          <gpxtpx:TrackPointExtension>
            <gpxtpx:hr>135</gpxtpx:hr>
          </gpxtpx:TrackPointExtension>
        </extensions>
      </trkpt>
      <trkpt lat="-21.704062521457672" lon="166.18062615394592">
        <ele>24.600000381469727</ele>
        <time>2026-08-09T10:17:26Z</time>
        <extensions>
          <gpxtpx:TrackPointExtension>
            <gpxtpx:hr>135</gpxtpx:hr>
          </gpxtpx:TrackPointExtension>
        </extensions>
      </trkpt>
      <trkpt lat="-21.70402228832245" lon="166.18104457855225">
        <ele>25.600000381469727</ele>
        <time>2026-08-09T10:17:31Z</time>
        <extensions>
          <gpxtpx:TrackPointExtension>
            <gpxtpx:hr>132</gpxtpx:hr>
          </gpxtpx:TrackPointExtension>
        </extensions>
      </trkpt>
      <trkpt lat="-21.703746020793915" lon="166.18129134178162">
        <ele>27.399999618530273</ele>
        <time>2026-08-09T10:17:36Z</time>
        <extensions>
          <gpxtpx:TrackPointExtension>
            <gpxtpx:hr>131</gpxtpx:hr>
          </gpxtpx:TrackPointExtension>
        </extensions>
      </trkpt>
      <trkpt lat="-21.703468412160873" lon="166.18144154548645">
        <ele>29.200000762939453</ele>
        <time>2026-08-09T10:17:41Z</time>
        <extensions>
          <gpxtpx:TrackPointExtension>
            <gpxtpx:hr>131</gpxtpx:hr>
          </gpxtpx:TrackPointExtension>
        </extensions>
      </trkpt>
      <trkpt lat="-21.703220307826996" lon="166.18158102035522">
        <ele>30.600000381469727</ele>
        <time>2026-08-09T10:17:46Z</time>
        <extensions>
          <gpxtpx:TrackPointExtension>
            <gpxtpx:hr>132</gpxtpx:hr>
          </gpxtpx:TrackPointExtension>
        </extensions>
      </trkpt>
      <trkpt lat="-21.702996343374252" lon="166.18170976638794">
        <ele>32.0</ele>
        <time>2026-08-09T10:17:51Z</time>
        <extensions>
          <gpxtpx:TrackPointExtension>
            <gpxtpx:hr>131</gpxtpx:hr>
          </gpxtpx:TrackPointExtension>
        </extensions>
      </trkpt>
      <trkpt lat="-21.702821999788284" lon="166.18189215660095">
        <ele>33.400001525878906</ele>
        <time>2026-08-09T10:17:56Z</time>
        <extensions>
          <gpxtpx:TrackPointExtension>
            <gpxtpx:hr>133</gpxtpx:hr>
          </gpxtpx:TrackPointExtension>
        </extensions>
      </trkpt>
      <trkpt lat="-21.702860891819" lon="166.18216037750244">
        <ele>34.0</ele>
        <time>2026-08-09T10:18:01Z</time>
        <extensions>
          <gpxtpx:TrackPointExtension>
            <gpxtpx:hr>133</gpxtpx:hr>
          </gpxtpx:TrackPointExtension>
        </extensions>
      </trkpt>
      <trkpt lat="-21.703048646450043" lon="166.18243932724">
        <ele>34.0</ele>
        <time>2026-08-09T10:18:06Z</time>
        <extensions>
          <gpxtpx:TrackPointExtension>
            <gpxtpx:hr>133</gpxtpx:hr>
          </gpxtpx:TrackPointExtension>
        </extensions>
      </trkpt>
      <trkpt lat="-21.70326992869377" lon="166.18276119232178">
        <ele>34.0</ele>
        <time>2026-08-09T10:18:11Z</time>
        <extensions>
          <gpxtpx:TrackPointExtension>
            <gpxtpx:hr>133</gpxtpx:hr>
          </gpxtpx:TrackPointExtension>
        </extensions>
      </trkpt>
      <trkpt lat="-21.703514009714127" lon="166.18310451507568">
        <ele>34.0</ele>
        <time>2026-08-09T10:18:16Z</time>
        <extensions>
          <gpxtpx:TrackPointExtension>
            <gpxtpx:hr>134</gpxtpx:hr>
          </gpxtpx:TrackPointExtension>
        </extensions>
      </trkpt>
      <trkpt lat="-21.70377552509308" lon="166.18349075317383">
        <ele>34.0</ele>
        <time>2026-08-09T10:18:21Z</time>
        <extensions>
          <gpxtpx:TrackPointExtension>
            <gpxtpx:hr>134</gpxtpx:hr>
          </gpxtpx:TrackPointExtension>
        </extensions>
      </trkpt>
      <trkpt lat="-21.704041063785553" lon="166.18387699127197">
        <ele>34.0</ele>
        <time>2026-08-09T10:18:26Z</time>
        <extensions>
          <gpxtpx:TrackPointExtension>
            <gpxtpx:hr>137</gpxtpx:hr>
          </gpxtpx:TrackPointExtension>
        </extensions>
      </trkpt>
      <trkpt lat="-21.704313308000565" lon="166.18427395820618">
        <ele>34.0</ele>
        <time>2026-08-09T10:18:31Z</time>
        <extensions>
          <gpxtpx:TrackPointExtension>
            <gpxtpx:hr>138</gpxtpx:hr>
          </gpxtpx:TrackPointExtension>
        </extensions>
      </trkpt>
      <trkpt lat="-21.70460432767868" lon="166.18464946746826">
        <ele>34.0</ele>
        <time>2026-08-09T10:18:36Z</time>
        <extensions>
          <gpxtpx:TrackPointExtension>
            <gpxtpx:hr>137</gpxtpx:hr>
          </gpxtpx:TrackPointExtension>
        </extensions>
      </trkpt>
      <trkpt lat="-21.70501336455345" lon="166.1845314502716">
        <ele>33.400001525878906</ele>
        <time>2026-08-09T10:18:41Z</time>
        <extensions>
          <gpxtpx:TrackPointExtension>
            <gpxtpx:hr>138</gpxtpx:hr>
          </gpxtpx:TrackPointExtension>
        </extensions>
      </trkpt>
      <trkpt lat="-21.705408990383148" lon="166.18414521217346">
        <ele>30.600000381469727</ele>
        <time>2026-08-09T10:18:46Z</time>
        <extensions>
          <gpxtpx:TrackPointExtension>
            <gpxtpx:hr>134</gpxtpx:hr>
          </gpxtpx:TrackPointExtension>
        </extensions>
      </trkpt>
      <trkpt lat="-21.705941408872604" lon="166.18385553359985">
        <ele>29.600000381469727</ele>
        <time>2026-08-09T10:18:51Z</time>
        <extensions>
          <gpxtpx:TrackPointExtension>
            <gpxtpx:hr>133</gpxtpx:hr>
          </gpxtpx:TrackPointExtension>
        </extensions>
      </trkpt>
      <trkpt lat="-21.706339716911316" lon="166.18425250053406">
        <ele>30.200000762939453</ele>
        <time>2026-08-09T10:18:56Z</time>
        <extensions>
          <gpxtpx:TrackPointExtension>
            <gpxtpx:hr>133</gpxtpx:hr>
          </gpxtpx:TrackPointExtension>
        </extensions>
      </trkpt>
      <trkpt lat="-21.706430912017822" lon="166.18483185768127">
        <ele>27.799999237060547</ele>
        <time>2026-08-09T10:19:01Z</time>
        <extensions>
          <gpxtpx:TrackPointExtension>
            <gpxtpx:hr>132</gpxtpx:hr>
          </gpxtpx:TrackPointExtension>
        </extensions>
      </trkpt>
      <trkpt lat="-21.70694187283516" lon="166.1849069595337">
        <ele>27.600000381469727</ele>
        <time>2026-08-09T10:19:06Z</time>
        <extensions>
          <gpxtpx:TrackPointExtension>
            <gpxtpx:hr>131</gpxtpx:hr>
          </gpxtpx:TrackPointExtension>
        </extensions>
      </trkpt>
      <trkpt lat="-21.707432717084885" lon="166.18461728096008">
        <ele>27.399999618530273</ele>
        <time>2026-08-09T10:19:11Z</time>
        <extensions>
          <gpxtpx:TrackPointExtension>
            <gpxtpx:hr>135</gpxtpx:hr>
          </gpxtpx:TrackPointExtension>
        </extensions>
      </trkpt>
      <trkpt lat="-21.707890033721924" lon="166.1848747730255">
        <ele>26.200000762939453</ele>
        <time>2026-08-09T10:19:16Z</time>
        <extensions>
          <gpxtpx:TrackPointExtension>
            <gpxtpx:hr>135</gpxtpx:hr>
          </gpxtpx:TrackPointExtension>
        </extensions>
      </trkpt>
      <trkpt lat="-21.707957088947296" lon="166.1854863166809">
        <ele>23.600000381469727</ele>
        <time>2026-08-09T10:19:21Z</time>
        <extensions>
          <gpxtpx:TrackPointExtension>
            <gpxtpx:hr>135</gpxtpx:hr>
          </gpxtpx:TrackPointExtension>
        </extensions>
      </trkpt>
      <trkpt lat="-21.70802414417267" lon="166.18616223335266">
        <ele>20.600000381469727</ele>
        <time>2026-08-09T10:19:26Z</time>
        <extensions>
          <gpxtpx:TrackPointExtension>
            <gpxtpx:hr>134</gpxtpx:hr>
          </gpxtpx:TrackPointExtension>
        </extensions>
      </trkpt>
      <trkpt lat="-21.70859009027481" lon="166.18633389472961">
        <ele>20.399999618530273</ele>
        <time>2026-08-09T10:19:31Z</time>
        <extensions>
          <gpxtpx:TrackPointExtension>
            <gpxtpx:hr>134</gpxtpx:hr>
          </gpxtpx:TrackPointExtension>
        </extensions>
      </trkpt>
      <trkpt lat="-21.709156036376953" lon="166.18606567382812">
        <ele>18.399999618530273</ele>
        <time>2026-08-09T10:19:36Z</time>
        <extensions>
          <gpxtpx:TrackPointExtension>
            <gpxtpx:hr>131</gpxtpx:hr>
          </gpxtpx:TrackPointExtension>
        </extensions>
      </trkpt>
      <trkpt lat="-21.709763556718826" lon="166.1860227584839">
        <ele>15.800000190734863</ele>
        <time>2026-08-09T10:19:41Z</time>
        <extensions>
          <gpxtpx:TrackPointExtension>
            <gpxtpx:hr>136</gpxtpx:hr>
          </gpxtpx:TrackPointExtension>
        </extensions>
      </trkpt>
      <trkpt lat="-21.71000897884369" lon="166.18664503097534">
        <ele>13.800000190734863</ele>
        <time>2026-08-09T10:19:46Z</time>
        <extensions>
          <gpxtpx:TrackPointExtension>
            <gpxtpx:hr>136</gpxtpx:hr>
          </gpxtpx:TrackPointExtension>
        </extensions>
      </trkpt>
      <trkpt lat="-21.709754168987274" lon="166.18728876113892">
        <ele>13.600000381469727</ele>
        <time>2026-08-09T10:19:51Z</time>
        <extensions>
          <gpxtpx:TrackPointExtension>
            <gpxtpx:hr>134</gpxtpx:hr>
          </gpxtpx:TrackPointExtension>
        </extensions>
      </trkpt>
      <trkpt lat="-21.70944705605507" lon="166.18785738945007">
        <ele>13.600000381469727</ele>
        <time>2026-08-09T10:19:56Z</time>
        <extensions>
          <gpxtpx:TrackPointExtension>
            <gpxtpx:hr>133</gpxtpx:hr>
          </gpxtpx:TrackPointExtension>
        </extensions>
      </trkpt>
      <trkpt lat="-21.709308922290802" lon="166.18844747543335">
        <ele>13.399999618530273</ele>
        <time>2026-08-09T10:20:01Z</time>
        <extensions>
          <gpxtpx:TrackPointExtension>
            <gpxtpx:hr>134</gpxtpx:hr>
          </gpxtpx:TrackPointExtension>
        </extensions>
      </trkpt>
      <trkpt lat="-21.709707230329514" lon="166.1888337135315">
        <ele>13.0</ele>
        <time>2026-08-09T10:20:06Z</time>
        <extensions>
          <gpxtpx:TrackPointExtension>
            <gpxtpx:hr>134</gpxtpx:hr>
          </gpxtpx:TrackPointExtension>
        </extensions>
      </trkpt>
      <trkpt lat="-21.710000932216644" lon="166.18930578231812">
        <ele>13.0</ele>
        <time>2026-08-09T10:20:11Z</time>
        <extensions>
          <gpxtpx:TrackPointExtension>
            <gpxtpx:hr>133</gpxtpx:hr>
          </gpxtpx:TrackPointExtension>
        </extensions>
      </trkpt>
      <trkpt lat="-21.71011358499527" lon="166.18988513946533">
        <ele>13.0</ele>
        <time>2026-08-09T10:20:16Z</time>
        <extensions>
          <gpxtpx:TrackPointExtension>
            <gpxtpx:hr>131</gpxtpx:hr>
          </gpxtpx:TrackPointExtension>
        </extensions>
      </trkpt>
      <trkpt lat="-21.71039253473282" lon="166.19032502174377">
        <ele>13.0</ele>
        <time>2026-08-09T10:20:21Z</time>
        <extensions>
          <gpxtpx:TrackPointExtension>
            <gpxtpx:hr>131</gpxtpx:hr>
          </gpxtpx:TrackPointExtension>
        </extensions>
      </trkpt>
      <trkpt lat="-21.710625886917114" lon="166.1907970905304">
        <ele>13.0</ele>
        <time>2026-08-09T10:20:26Z</time>
        <extensions>
          <gpxtpx:TrackPointExtension>
            <gpxtpx:hr>131</gpxtpx:hr>
          </gpxtpx:TrackPointExtension>
        </extensions>
      </trkpt>
      <trkpt lat="-21.710356324911118" lon="166.19125843048096">
        <ele>13.0</ele>
        <time>2026-08-09T10:20:31Z</time>
        <extensions>
          <gpxtpx:TrackPointExtension>
            <gpxtpx:hr>131</gpxtpx:hr>
          </gpxtpx:TrackPointExtension>
        </extensions>
      </trkpt>
      <trkpt lat="-21.710305362939835" lon="166.19176268577576">
        <ele>13.0</ele>
        <time>2026-08-09T10:20:36Z</time>
        <extensions>
          <gpxtpx:TrackPointExtension>
            <gpxtpx:hr>132</gpxtpx:hr>
          </gpxtpx:TrackPointExtension>
        </extensions>
      </trkpt>
      <trkpt lat="-21.71049177646637" lon="166.19224548339844">
        <ele>13.0</ele>
        <time>2026-08-09T10:20:41Z</time>
        <extensions>
          <gpxtpx:TrackPointExtension>
            <gpxtpx:hr>132</gpxtpx:hr>
          </gpxtpx:TrackPointExtension>
        </extensions>
      </trkpt>
      <trkpt lat="-21.710682213306427" lon="166.19277119636536">
        <ele>13.0</ele>
        <time>2026-08-09T10:20:46Z</time>
        <extensions>
          <gpxtpx:TrackPointExtension>
            <gpxtpx:hr>134</gpxtpx:hr>
          </gpxtpx:TrackPointExtension>
        </extensions>
      </trkpt>
      <trkpt lat="-21.710945069789886" lon="166.19322180747986">
        <ele>13.0</ele>
        <time>2026-08-09T10:20:51Z</time>
        <extensions>
          <gpxtpx:TrackPointExtension>
            <gpxtpx:hr>131</gpxtpx:hr>
          </gpxtpx:TrackPointExtension>
        </extensions>
      </trkpt>
      <trkpt lat="-21.71113282442093" lon="166.1937153339386">
        <ele>13.0</ele>
        <time>2026-08-09T10:20:56Z</time>
        <extensions>
          <gpxtpx:TrackPointExtension>
            <gpxtpx:hr>131</gpxtpx:hr>
          </gpxtpx:TrackPointExtension>
        </extensions>
      </trkpt>
      <trkpt lat="-21.711466759443283" lon="166.19406938552856">
        <ele>13.0</ele>
        <time>2026-08-09T10:21:01Z</time>
        <extensions>
          <gpxtpx:TrackPointExtension>
            <gpxtpx:hr>130</gpxtpx:hr>
          </gpxtpx:TrackPointExtension>
        </extensions>
      </trkpt>
      <trkpt lat="-21.711929440498352" lon="166.19397282600403">
        <ele>13.0</ele>
        <time>2026-08-09T10:21:06Z</time>
        <extensions>
          <gpxtpx:TrackPointExtension>
            <gpxtpx:hr>131</gpxtpx:hr>
          </gpxtpx:TrackPointExtension>
        </extensions>
      </trkpt>
      <trkpt lat="-21.712380051612854" lon="166.19415521621704">
        <ele>13.0</ele>
        <time>2026-08-09T10:21:11Z</time>
        <extensions>
          <gpxtpx:TrackPointExtension>
            <gpxtpx:hr>130</gpxtpx:hr>
          </gpxtpx:TrackPointExtension>
        </extensions>
      </trkpt>
      <trkpt lat="-21.712830662727356" lon="166.19433760643005">
        <ele>13.0</ele>
        <time>2026-08-09T10:21:16Z</time>
        <extensions>
          <gpxtpx:TrackPointExtension>
            <gpxtpx:hr>129</gpxtpx:hr>
          </gpxtpx:TrackPointExtension>
        </extensions>
      </trkpt>
      <trkpt lat="-21.713283956050873" lon="166.19454145431519">
        <ele>13.0</ele>
        <time>2026-08-09T10:21:21Z</time>
        <extensions>
          <gpxtpx:TrackPointExtension>
            <gpxtpx:hr>130</gpxtpx:hr>
          </gpxtpx:TrackPointExtension>
        </extensions>
      </trkpt>
      <trkpt lat="-21.713713109493256" lon="166.1947774887085">
        <ele>13.0</ele>
        <time>2026-08-09T10:21:26Z</time>
        <extensions>
          <gpxtpx:TrackPointExtension>
            <gpxtpx:hr>131</gpxtpx:hr>
          </gpxtpx:TrackPointExtension>
        </extensions>
      </trkpt>
      <trkpt lat="-21.714006811380386" lon="166.19515299797058">
        <ele>13.0</ele>
        <time>2026-08-09T10:21:31Z</time>
        <extensions>
          <gpxtpx:TrackPointExtension>
            <gpxtpx:hr>131</gpxtpx:hr>
          </gpxtpx:TrackPointExtension>
        </extensions>
      </trkpt>
      <trkpt lat="-21.714287102222443" lon="166.19554996490479">
        <ele>13.0</ele>
        <time>2026-08-09T10:21:36Z</time>
        <extensions>
          <gpxtpx:TrackPointExtension>
            <gpxtpx:hr>132</gpxtpx:hr>
          </gpxtpx:TrackPointExtension>
        </extensions>
      </trkpt>
      <trkpt lat="-21.714669317007065" lon="166.19530320167542">
        <ele>13.0</ele>
        <time>2026-08-09T10:21:41Z</time>
        <extensions>
          <gpxtpx:TrackPointExtension>
            <gpxtpx:hr>136</gpxtpx:hr>
          </gpxtpx:TrackPointExtension>
        </extensions>
      </trkpt>
      <trkpt lat="-21.71450838446617" lon="166.19486331939697">
        <ele>13.0</ele>
        <time>2026-08-09T10:21:46Z</time>
        <extensions>
          <gpxtpx:TrackPointExtension>
            <gpxtpx:hr>135</gpxtpx:hr>
          </gpxtpx:TrackPointExtension>
        </extensions>
      </trkpt>
      <trkpt lat="-21.71447217464447" lon="166.1943805217743">
        <ele>13.0</ele>
        <time>2026-08-09T10:21:51Z</time>
        <extensions>
          <gpxtpx:TrackPointExtension>
            <gpxtpx:hr>131</gpxtpx:hr>
          </gpxtpx:TrackPointExtension>
        </extensions>
      </trkpt>
      <trkpt lat="-21.71467199921608" lon="166.19390845298767">
        <ele>13.0</ele>
        <time>2026-08-09T10:21:56Z</time>
        <extensions>
          <gpxtpx:TrackPointExtension>
            <gpxtpx:hr>132</gpxtpx:hr>
          </gpxtpx:TrackPointExtension>
        </extensions>
      </trkpt>
      <trkpt lat="-21.7150716483593" lon="166.19364023208618">
        <ele>13.0</ele>
        <time>2026-08-09T10:22:01Z</time>
        <extensions>
          <gpxtpx:TrackPointExtension>
            <gpxtpx:hr>133</gpxtpx:hr>
          </gpxtpx:TrackPointExtension>
        </extensions>
      </trkpt>
      <trkpt lat="-21.71555444598198" lon="166.1937153339386">
        <ele>13.0</ele>
        <time>2026-08-09T10:22:06Z</time>
        <extensions>
          <gpxtpx:TrackPointExtension>
            <gpxtpx:hr>132</gpxtpx:hr>
          </gpxtpx:TrackPointExtension>
        </extensions>
      </trkpt>
      <trkpt lat="-21.716022491455078" lon="166.19385480880737">
        <ele>13.0</ele>
        <time>2026-08-09T10:22:11Z</time>
        <extensions>
          <gpxtpx:TrackPointExtension>
            <gpxtpx:hr>133</gpxtpx:hr>
          </gpxtpx:TrackPointExtension>
        </extensions>
      </trkpt>
      <trkpt lat="-21.716485172510147" lon="166.1940050125122">
        <ele>13.0</ele>
        <time>2026-08-09T10:22:16Z</time>
        <extensions>
          <gpxtpx:TrackPointExtension>
            <gpxtpx:hr>132</gpxtpx:hr>
          </gpxtpx:TrackPointExtension>
        </extensions>
      </trkpt>
      <trkpt lat="-21.71693444252014" lon="166.19417667388916">
        <ele>13.0</ele>
        <time>2026-08-09T10:22:21Z</time>
        <extensions>
          <gpxtpx:TrackPointExtension>
            <gpxtpx:hr>131</gpxtpx:hr>
          </gpxtpx:TrackPointExtension>
        </extensions>
      </trkpt>
      <trkpt lat="-21.71722412109375" lon="166.19459509849548">
        <ele>13.0</ele>
        <time>2026-08-09T10:22:26Z</time>
        <extensions>
          <gpxtpx:TrackPointExtension>
            <gpxtpx:hr>133</gpxtpx:hr>
          </gpxtpx:TrackPointExtension>
        </extensions>
      </trkpt>
      <trkpt lat="-21.717614382505417" lon="166.1949062347412">
        <ele>13.0</ele>
        <time>2026-08-09T10:22:31Z</time>
        <extensions>
          <gpxtpx:TrackPointExtension>
            <gpxtpx:hr>135</gpxtpx:hr>
          </gpxtpx:TrackPointExtension>
        </extensions>
      </trkpt>
      <trkpt lat="-21.718071699142456" lon="166.1948847770691">
        <ele>13.0</ele>
        <time>2026-08-09T10:22:36Z</time>
        <extensions>
          <gpxtpx:TrackPointExtension>
            <gpxtpx:hr>133</gpxtpx:hr>
          </gpxtpx:TrackPointExtension>
        </extensions>
      </trkpt>
      <trkpt lat="-21.71834796667099" lon="166.1944341659546">
        <ele>13.0</ele>
        <time>2026-08-09T10:22:41Z</time>
        <extensions>
          <gpxtpx:TrackPointExtension>
            <gpxtpx:hr>131</gpxtpx:hr>
          </gpxtpx:TrackPointExtension>
        </extensions>
      </trkpt>
      <trkpt lat="-21.718555837869644" lon="166.19396209716797">
        <ele>13.0</ele>
        <time>2026-08-09T10:22:46Z</time>
        <extensions>
          <gpxtpx:TrackPointExtension>
            <gpxtpx:hr>132</gpxtpx:hr>
          </gpxtpx:TrackPointExtension>
        </extensions>
      </trkpt>
      <trkpt lat="-21.718875020742416" lon="166.19359731674194">
        <ele>13.0</ele>
        <time>2026-08-09T10:22:51Z</time>
        <extensions>
          <gpxtpx:TrackPointExtension>
            <gpxtpx:hr>134</gpxtpx:hr>
          </gpxtpx:TrackPointExtension>
        </extensions>
      </trkpt>
      <trkpt lat="-21.718895137310028" lon="166.19307160377502">
        <ele>13.0</ele>
        <time>2026-08-09T10:22:56Z</time>
        <extensions>
          <gpxtpx:TrackPointExtension>
            <gpxtpx:hr>132</gpxtpx:hr>
          </gpxtpx:TrackPointExtension>
        </extensions>
      </trkpt>
      <trkpt lat="-21.719070822000504" lon="166.1925995349884">
        <ele>13.0</ele>
        <time>2026-08-09T10:23:01Z</time>
        <extensions>
          <gpxtpx:TrackPointExtension>
            <gpxtpx:hr>131</gpxtpx:hr>
          </gpxtpx:TrackPointExtension>
        </extensions>
      </trkpt>
      <trkpt lat="-21.719200909137726" lon="166.19211673736572">
        <ele>13.0</ele>
        <time>2026-08-09T10:23:06Z</time>
        <extensions>
          <gpxtpx:TrackPointExtension>
            <gpxtpx:hr>132</gpxtpx:hr>
          </gpxtpx:TrackPointExtension>
        </extensions>
      </trkpt>
      <trkpt lat="-21.71914592385292" lon="166.19161248207092">
        <ele>13.0</ele>
        <time>2026-08-09T10:23:11Z</time>
        <extensions>
          <gpxtpx:TrackPointExtension>
            <gpxtpx:hr>130</gpxtpx:hr>
          </gpxtpx:TrackPointExtension>
        </extensions>
      </trkpt>
      <trkpt lat="-21.71896755695343" lon="166.19115114212036">
        <ele>13.0</ele>
        <time>2026-08-09T10:23:16Z</time>
        <extensions>
          <gpxtpx:TrackPointExtension>
            <gpxtpx:hr>130</gpxtpx:hr>
          </gpxtpx:TrackPointExtension>
        </extensions>
      </trkpt>
      <trkpt lat="-21.718664467334747" lon="166.19076490402222">
        <ele>14.399999618530273</ele>
        <time>2026-08-09T10:23:21Z</time>
        <extensions>
          <gpxtpx:TrackPointExtension>
            <gpxtpx:hr>131</gpxtpx:hr>
          </gpxtpx:TrackPointExtension>
        </extensions>
      </trkpt>
      <trkpt lat="-21.71835333108902" lon="166.1905074119568">
        <ele>15.0</ele>
        <time>2026-08-09T10:23:26Z</time>
        <extensions>
          <gpxtpx:TrackPointExtension>
            <gpxtpx:hr>129</gpxtpx:hr>
          </gpxtpx:TrackPointExtension>
        </extensions>
      </trkpt>
      <trkpt lat="-21.717930883169174" lon="166.1903464794159">
        <ele>13.199999809265137</ele>
        <time>2026-08-09T10:23:31Z</time>
        <extensions>
          <gpxtpx:TrackPointExtension>
            <gpxtpx:hr>129</gpxtpx:hr>
          </gpxtpx:TrackPointExtension>
        </extensions>
      </trkpt>
      <trkpt lat="-21.717524528503418" lon="166.19005680084229">
        <ele>13.600000381469727</ele>
        <time>2026-08-09T10:23:36Z</time>
        <extensions>
          <gpxtpx:TrackPointExtension>
            <gpxtpx:hr>129</gpxtpx:hr>
          </gpxtpx:TrackPointExtension>
        </extensions>
      </trkpt>
      <trkpt lat="-21.71719193458557" lon="166.18974566459656">
        <ele>15.0</ele>
        <time>2026-08-09T10:23:41Z</time>
        <extensions>
          <gpxtpx:TrackPointExtension>
            <gpxtpx:hr>130</gpxtpx:hr>
          </gpxtpx:TrackPointExtension>
        </extensions>
      </trkpt>
      <trkpt lat="-21.716980040073395" lon="166.18938088417053">
        <ele>15.800000190734863</ele>
        <time>2026-08-09T10:23:46Z</time>
        <extensions>
          <gpxtpx:TrackPointExtension>
            <gpxtpx:hr>132</gpxtpx:hr>
          </gpxtpx:TrackPointExtension>
        </extensions>
      </trkpt>
      <trkpt lat="-21.71690359711647" lon="166.18895173072815">
        <ele>16.200000762939453</ele>
        <time>2026-08-09T10:23:51Z</time>
        <extensions>
          <gpxtpx:TrackPointExtension>
            <gpxtpx:hr>130</gpxtpx:hr>
          </gpxtpx:TrackPointExtension>
        </extensions>
      </trkpt>
      <trkpt lat="-21.716894209384918" lon="166.18852257728577">
        <ele>16.399999618530273</ele>
        <time>2026-08-09T10:23:56Z</time>
        <extensions>
          <gpxtpx:TrackPointExtension>
            <gpxtpx:hr>129</gpxtpx:hr>
          </gpxtpx:TrackPointExtension>
        </extensions>
      </trkpt>
      <trkpt lat="-21.716970652341843" lon="166.18807196617126">
        <ele>15.399999618530273</ele>
        <time>2026-08-09T10:24:01Z</time>
        <extensions>
          <gpxtpx:TrackPointExtension>
            <gpxtpx:hr>130</gpxtpx:hr>
          </gpxtpx:TrackPointExtension>
        </extensions>
      </trkpt>
      <trkpt lat="-21.71718120574951" lon="166.18757843971252">
        <ele>14.199999809265137</ele>
        <time>2026-08-09T10:24:06Z</time>
        <extensions>
          <gpxtpx:TrackPointExtension>
            <gpxtpx:hr>128</gpxtpx:hr>
          </gpxtpx:TrackPointExtension>
        </extensions>
      </trkpt>
      <trkpt lat="-21.717389076948166" lon="166.18712782859802">
        <ele>16.0</ele>
        <time>2026-08-09T10:24:11Z</time>
        <extensions>
          <gpxtpx:TrackPointExtension>
            <gpxtpx:hr>129</gpxtpx:hr>
          </gpxtpx:TrackPointExtension>
        </extensions>
      </trkpt>
      <trkpt lat="-21.717661321163177" lon="166.1867094039917">
        <ele>15.199999809265137</ele>
        <time>2026-08-09T10:24:16Z</time>
        <extensions>
          <gpxtpx:TrackPointExtension>
            <gpxtpx:hr>128</gpxtpx:hr>
          </gpxtpx:TrackPointExtension>
        </extensions>
      </trkpt>
      <trkpt lat="-21.71807572245598" lon="166.18635535240173">
        <ele>13.600000381469727</ele>
        <time>2026-08-09T10:24:21Z</time>
        <extensions>
          <gpxtpx:TrackPointExtension>
            <gpxtpx:hr>129</gpxtpx:hr>
          </gpxtpx:TrackPointExtension>
        </extensions>
      </trkpt>
      <trkpt lat="-21.71857461333275" lon="166.1863124370575">
        <ele>15.399999618530273</ele>
        <time>2026-08-09T10:24:26Z</time>
        <extensions>
          <gpxtpx:TrackPointExtension>
            <gpxtpx:hr>130</gpxtpx:hr>
          </gpxtpx:TrackPointExtension>
        </extensions>
      </trkpt>
      <trkpt lat="-21.71899974346161" lon="166.1865270137787">
        <ele>14.399999618530273</ele>
        <time>2026-08-09T10:24:31Z</time>
        <extensions>
          <gpxtpx:TrackPointExtension>
            <gpxtpx:hr>129</gpxtpx:hr>
          </gpxtpx:TrackPointExtension>
        </extensions>
      </trkpt>
      <trkpt lat="-21.71944499015808" lon="166.18680596351624">
        <ele>13.800000190734863</ele>
        <time>2026-08-09T10:24:36Z</time>
        <extensions>
          <gpxtpx:TrackPointExtension>
            <gpxtpx:hr>128</gpxtpx:hr>
          </gpxtpx:TrackPointExtension>
        </extensions>
      </trkpt>
      <trkpt lat="-21.719888895750046" lon="166.18698835372925">
        <ele>15.399999618530273</ele>
        <time>2026-08-09T10:24:41Z</time>
        <extensions>
          <gpxtpx:TrackPointExtension>
            <gpxtpx:hr>132</gpxtpx:hr>
          </gpxtpx:TrackPointExtension>
        </extensions>
      </trkpt>
      <trkpt lat="-21.720362305641174" lon="166.1870312690735">
        <ele>13.800000190734863</ele>
        <time>2026-08-09T10:24:46Z</time>
        <extensions>
          <gpxtpx:TrackPointExtension>
            <gpxtpx:hr>129</gpxtpx:hr>
          </gpxtpx:TrackPointExtension>
        </extensions>
      </trkpt>
      <trkpt lat="-21.72085851430893" lon="166.1869239807129">
        <ele>14.800000190734863</ele>
        <time>2026-08-09T10:24:51Z</time>
        <extensions>
          <gpxtpx:TrackPointExtension>
            <gpxtpx:hr>130</gpxtpx:hr>
          </gpxtpx:TrackPointExtension>
        </extensions>
      </trkpt>
      <trkpt lat="-21.721212565898895" lon="166.18663430213928">
        <ele>15.0</ele>
        <time>2026-08-09T10:24:56Z</time>
        <extensions>
          <gpxtpx:TrackPointExtension>
            <gpxtpx:hr>132</gpxtpx:hr>
          </gpxtpx:TrackPointExtension>
        </extensions>
      </trkpt>
      <trkpt lat="-21.721476763486862" lon="166.18617296218872">
        <ele>14.399999618530273</ele>
        <time>2026-08-09T10:25:01Z</time>
        <extensions>
          <gpxtpx:TrackPointExtension>
            <gpxtpx:hr>132</gpxtpx:hr>
          </gpxtpx:TrackPointExtension>
        </extensions>
      </trkpt>
      <trkpt lat="-21.721700727939606" lon="166.1857545375824">
        <ele>16.0</ele>
        <time>2026-08-09T10:25:06Z</time>
        <extensions>
          <gpxtpx:TrackPointExtension>
            <gpxtpx:hr>133</gpxtpx:hr>
          </gpxtpx:TrackPointExtension>
        </extensions>
      </trkpt>
      <trkpt lat="-21.72180265188217" lon="166.18532538414001">
        <ele>17.600000381469727</ele>
        <time>2026-08-09T10:25:11Z</time>
        <extensions>
          <gpxtpx:TrackPointExtension>
            <gpxtpx:hr>129</gpxtpx:hr>
          </gpxtpx:TrackPointExtension>
        </extensions>
      </trkpt>
      <trkpt lat="-21.721789240837097" lon="166.1849284172058">
        <ele>18.200000762939453</ele>
        <time>2026-08-09T10:25:16Z</time>
        <extensions>
          <gpxtpx:TrackPointExtension>
            <gpxtpx:hr>129</gpxtpx:hr>
          </gpxtpx:TrackPointExtension>
        </extensions>
      </trkpt>
      <trkpt lat="-21.721660494804382" lon="166.1844778060913">
        <ele>16.399999618530273</ele>
        <time>2026-08-09T10:25:21Z</time>
        <extensions>
          <gpxtpx:TrackPointExtension>
            <gpxtpx:hr>127</gpxtpx:hr>
          </gpxtpx:TrackPointExtension>
        </extensions>
      </trkpt>
      <trkpt lat="-21.72134131193161" lon="166.18405938148499">
        <ele>15.0</ele>
        <time>2026-08-09T10:25:26Z</time>
        <extensions>
          <gpxtpx:TrackPointExtension>
            <gpxtpx:hr>128</gpxtpx:hr>
          </gpxtpx:TrackPointExtension>
        </extensions>
      </trkpt>
      <trkpt lat="-21.720875948667526" lon="166.1839199066162">
        <ele>16.799999237060547</ele>
        <time>2026-08-09T10:25:31Z</time>
        <extensions>
          <gpxtpx:TrackPointExtension>
            <gpxtpx:hr>129</gpxtpx:hr>
          </gpxtpx:TrackPointExtension>
        </extensions>
      </trkpt>
      <trkpt lat="-21.720456182956696" lon="166.18387699127197">
        <ele>17.600000381469727</ele>
        <time>2026-08-09T10:25:36Z</time>
        <extensions>
          <gpxtpx:TrackPointExtension>
            <gpxtpx:hr>129</gpxtpx:hr>
          </gpxtpx:TrackPointExtension>
        </extensions>
      </trkpt>
      <trkpt lat="-21.720014959573746" lon="166.1839199066162">
        <ele>16.399999618530273</ele>
        <time>2026-08-09T10:25:41Z</time>
        <extensions>
          <gpxtpx:TrackPointExtension>
            <gpxtpx:hr>130</gpxtpx:hr>
          </gpxtpx:TrackPointExtension>
        </extensions>
      </trkpt>
      <trkpt lat="-21.719521433115005" lon="166.18396282196045">
        <ele>15.199999809265137</ele>
        <time>2026-08-09T10:25:46Z</time>
        <extensions>
          <gpxtpx:TrackPointExtension>
            <gpxtpx:hr>130</gpxtpx:hr>
          </gpxtpx:TrackPointExtension>
        </extensions>
      </trkpt>
      <trkpt lat="-21.719116419553757" lon="166.18367314338684">
        <ele>16.0</ele>
        <time>2026-08-09T10:25:51Z</time>
        <extensions>
          <gpxtpx:TrackPointExtension>
            <gpxtpx:hr>129</gpxtpx:hr>
          </gpxtpx:TrackPointExtension>
        </extensions>
      </trkpt>
      <trkpt lat="-21.718939393758774" lon="166.18324398994446">
        <ele>18.0</ele>
        <time>2026-08-09T10:25:56Z</time>
        <extensions>
          <gpxtpx:TrackPointExtension>
            <gpxtpx:hr>128</gpxtpx:hr>
          </gpxtpx:TrackPointExtension>
        </extensions>
      </trkpt>
      <trkpt lat="-21.718849539756775" lon="166.18284702301025">
        <ele>18.399999618530273</ele>
        <time>2026-08-09T10:26:01Z</time>
        <extensions>
          <gpxtpx:TrackPointExtension>
            <gpxtpx:hr>128</gpxtpx:hr>
          </gpxtpx:TrackPointExtension>
        </extensions>
      </trkpt>
      <trkpt lat="-21.718939393758774" lon="166.18239641189575">
        <ele>17.399999618530273</ele>
        <time>2026-08-09T10:26:06Z</time>
        <extensions>
          <gpxtpx:TrackPointExtension>
            <gpxtpx:hr>130</gpxtpx:hr>
          </gpxtpx:TrackPointExtension>
        </extensions>
      </trkpt>
      <trkpt lat="-21.719229072332382" lon="166.18202090263367">
        <ele>18.799999237060547</ele>
        <time>2026-08-09T10:26:11Z</time>
        <extensions>
          <gpxtpx:TrackPointExtension>
            <gpxtpx:hr>129</gpxtpx:hr>
          </gpxtpx:TrackPointExtension>
        </extensions>
      </trkpt>
      <trkpt lat="-21.719536185264587" lon="166.18175268173218">
        <ele>19.0</ele>
        <time>2026-08-09T10:26:16Z</time>
        <extensions>
          <gpxtpx:TrackPointExtension>
            <gpxtpx:hr>130</gpxtpx:hr>
          </gpxtpx:TrackPointExtension>
        </extensions>
      </trkpt>
      <trkpt lat="-21.719895601272583" lon="166.18142008781433">
        <ele>17.0</ele>
        <time>2026-08-09T10:26:21Z</time>
        <extensions>
          <gpxtpx:TrackPointExtension>
            <gpxtpx:hr>128</gpxtpx:hr>
          </gpxtpx:TrackPointExtension>
        </extensions>
      </trkpt>
      <trkpt lat="-21.720135658979416" lon="166.18095874786377">
        <ele>17.799999237060547</ele>
        <time>2026-08-09T10:26:26Z</time>
        <extensions>
          <gpxtpx:TrackPointExtension>
            <gpxtpx:hr>129</gpxtpx:hr>
          </gpxtpx:TrackPointExtension>
        </extensions>
      </trkpt>
      <trkpt lat="-21.72011286020279" lon="166.1804437637329">
        <ele>16.600000381469727</ele>
        <time>2026-08-09T10:26:31Z</time>
        <extensions>
          <gpxtpx:TrackPointExtension>
            <gpxtpx:hr>130</gpxtpx:hr>
          </gpxtpx:TrackPointExtension>
        </extensions>
      </trkpt>
      <trkpt lat="-21.71992912888527" lon="166.17990732192993">
        <ele>15.800000190734863</ele>
        <time>2026-08-09T10:26:36Z</time>
        <extensions>
          <gpxtpx:TrackPointExtension>
            <gpxtpx:hr>133</gpxtpx:hr>
          </gpxtpx:TrackPointExtension>
        </extensions>
      </trkpt>
      <trkpt lat="-21.71966627240181" lon="166.1794674396515">
        <ele>17.799999237060547</ele>
        <time>2026-08-09T10:26:41Z</time>
        <extensions>
          <gpxtpx:TrackPointExtension>
            <gpxtpx:hr>131</gpxtpx:hr>
          </gpxtpx:TrackPointExtension>
        </extensions>
      </trkpt>
      <trkpt lat="-21.719368547201157" lon="166.17911338806152">
        <ele>18.200000762939453</ele>
        <time>2026-08-09T10:26:46Z</time>
        <extensions>
          <gpxtpx:TrackPointExtension>
            <gpxtpx:hr>132</gpxtpx:hr>
          </gpxtpx:TrackPointExtension>
        </extensions>
      </trkpt>
      <trkpt lat="-21.718974262475967" lon="166.17882370948792">
        <ele>16.200000762939453</ele>
        <time>2026-08-09T10:26:51Z</time>
        <extensions>
          <gpxtpx:TrackPointExtension>
            <gpxtpx:hr>134</gpxtpx:hr>
          </gpxtpx:TrackPointExtension>
        </extensions>
      </trkpt>
      <trkpt lat="-21.718527674674988" lon="166.17850184440613">
        <ele>16.0</ele>
        <time>2026-08-09T10:26:56Z</time>
        <extensions>
          <gpxtpx:TrackPointExtension>
            <gpxtpx:hr>134</gpxtpx:hr>
          </gpxtpx:TrackPointExtension>
        </extensions>
      </trkpt>
      <trkpt lat="-21.718140095472336" lon="166.17820143699646">
        <ele>17.0</ele>
        <time>2026-08-09T10:27:01Z</time>
        <extensions>
          <gpxtpx:TrackPointExtension>
            <gpxtpx:hr>134</gpxtpx:hr>
          </gpxtpx:TrackPointExtension>
        </extensions>
      </trkpt>
      <trkpt lat="-21.717810183763504" lon="166.17777228355408">
        <ele>14.800000190734863</ele>
        <time>2026-08-09T10:27:06Z</time>
        <extensions>
          <gpxtpx:TrackPointExtension>
            <gpxtpx:hr>133</gpxtpx:hr>
          </gpxtpx:TrackPointExtension>
        </extensions>
      </trkpt>
      <trkpt lat="-21.717583537101746" lon="166.1772358417511">
        <ele>15.0</ele>
        <time>2026-08-09T10:27:11Z</time>
        <extensions>
          <gpxtpx:TrackPointExtension>
            <gpxtpx:hr>131</gpxtpx:hr>
          </gpxtpx:TrackPointExtension>
        </extensions>
      </trkpt>
      <trkpt lat="-21.717472225427628" lon="166.1767315864563">
        <ele>16.200000762939453</ele>
        <time>2026-08-09T10:27:16Z</time>
        <extensions>
          <gpxtpx:TrackPointExtension>
            <gpxtpx:hr>129</gpxtpx:hr>
          </gpxtpx:TrackPointExtension>
        </extensions>
      </trkpt>
      <trkpt lat="-21.717398464679718" lon="166.1762273311615">
        <ele>16.200000762939453</ele>
        <time>2026-08-09T10:27:21Z</time>
        <extensions>
          <gpxtpx:TrackPointExtension>
            <gpxtpx:hr>129</gpxtpx:hr>
          </gpxtpx:TrackPointExtension>
        </extensions>
      </trkpt>
      <trkpt lat="-21.71749770641327" lon="166.17575526237488">
        <ele>16.799999237060547</ele>
        <time>2026-08-09T10:27:26Z</time>
        <extensions>
          <gpxtpx:TrackPointExtension>
            <gpxtpx:hr>133</gpxtpx:hr>
          </gpxtpx:TrackPointExtension>
        </extensions>
      </trkpt>
      <trkpt lat="-21.71777531504631" lon="166.1754012107849">
        <ele>18.0</ele>
        <time>2026-08-09T10:27:31Z</time>
        <extensions>
          <gpxtpx:TrackPointExtension>
            <gpxtpx:hr>134</gpxtpx:hr>
          </gpxtpx:TrackPointExtension>
        </extensions>
      </trkpt>
      <trkpt lat="-21.718040853738785" lon="166.17506861686707">
        <ele>18.399999618530273</ele>
        <time>2026-08-09T10:27:36Z</time>
        <extensions>
          <gpxtpx:TrackPointExtension>
            <gpxtpx:hr>129</gpxtpx:hr>
          </gpxtpx:TrackPointExtension>
        </extensions>
      </trkpt>
      <trkpt lat="-21.71833723783493" lon="166.17474675178528">
        <ele>18.200000762939453</ele>
        <time>2026-08-09T10:27:41Z</time>
        <extensions>
          <gpxtpx:TrackPointExtension>
            <gpxtpx:hr>128</gpxtpx:hr>
          </gpxtpx:TrackPointExtension>
        </extensions>
      </trkpt>
      <trkpt lat="-21.71832650899887" lon="166.17427468299866">
        <ele>18.200000762939453</ele>
        <time>2026-08-09T10:27:46Z</time>
        <extensions>
          <gpxtpx:TrackPointExtension>
            <gpxtpx:hr>129</gpxtpx:hr>
          </gpxtpx:TrackPointExtension>
        </extensions>
      </trkpt>
      <trkpt lat="-21.71808511018753" lon="166.1738669872284">
        <ele>18.799999237060547</ele>
        <time>2026-08-09T10:27:51Z</time>
        <extensions>
          <gpxtpx:TrackPointExtension>
            <gpxtpx:hr>128</gpxtpx:hr>
          </gpxtpx:TrackPointExtension>
        </extensions>
      </trkpt>
      <trkpt lat="-21.71783834695816" lon="166.17348074913025">
        <ele>19.399999618530273</ele>
        <time>2026-08-09T10:27:56Z</time>
        <extensions>
          <gpxtpx:TrackPointExtension>
            <gpxtpx:hr>128</gpxtpx:hr>
          </gpxtpx:TrackPointExtension>
        </extensions>
      </trkpt>
      <trkpt lat="-21.717562079429626" lon="166.17311596870422">
        <ele>19.600000381469727</ele>
        <time>2026-08-09T10:28:01Z</time>
        <extensions>
          <gpxtpx:TrackPointExtension>
            <gpxtpx:hr>128</gpxtpx:hr>
          </gpxtpx:TrackPointExtension>
        </extensions>
      </trkpt>
      <trkpt lat="-21.71720400452614" lon="166.17283701896667">
        <ele>19.799999237060547</ele>
        <time>2026-08-09T10:28:06Z</time>
        <extensions>
          <gpxtpx:TrackPointExtension>
            <gpxtpx:hr>129</gpxtpx:hr>
          </gpxtpx:TrackPointExtension>
        </extensions>
      </trkpt>
      <trkpt lat="-21.716803014278412" lon="166.17261171340942">
        <ele>20.0</ele>
        <time>2026-08-09T10:28:11Z</time>
        <extensions>
          <gpxtpx:TrackPointExtension>
            <gpxtpx:hr>131</gpxtpx:hr>
          </gpxtpx:TrackPointExtension>
        </extensions>
      </trkpt>
      <trkpt lat="-21.71651065349579" lon="166.17222547531128">
        <ele>19.200000762939453</ele>
        <time>2026-08-09T10:28:16Z</time>
        <extensions>
          <gpxtpx:TrackPointExtension>
            <gpxtpx:hr>132</gpxtpx:hr>
          </gpxtpx:TrackPointExtension>
        </extensions>
      </trkpt>
      <trkpt lat="-21.716313511133194" lon="166.1717426776886">
        <ele>18.0</ele>
        <time>2026-08-09T10:28:21Z</time>
        <extensions>
          <gpxtpx:TrackPointExtension>
            <gpxtpx:hr>132</gpxtpx:hr>
          </gpxtpx:TrackPointExtension>
        </extensions>
      </trkpt>
      <trkpt lat="-21.715966165065765" lon="166.17133498191833">
        <ele>17.399999618530273</ele>
        <time>2026-08-09T10:28:26Z</time>
        <extensions>
          <gpxtpx:TrackPointExtension>
            <gpxtpx:hr>132</gpxtpx:hr>
          </gpxtpx:TrackPointExtension>
        </extensions>
      </trkpt>
      <trkpt lat="-21.71555981040001" lon="166.17099165916443">
        <ele>17.600000381469727</ele>
        <time>2026-08-09T10:28:31Z</time>
        <extensions>
          <gpxtpx:TrackPointExtension>
            <gpxtpx:hr>131</gpxtpx:hr>
          </gpxtpx:TrackPointExtension>
        </extensions>
      </trkpt>
      <trkpt lat="-21.715514212846756" lon="166.17048740386963">
        <ele>18.0</ele>
        <time>2026-08-09T10:28:36Z</time>
        <extensions>
          <gpxtpx:TrackPointExtension>
            <gpxtpx:hr>131</gpxtpx:hr>
          </gpxtpx:TrackPointExtension>
        </extensions>
      </trkpt>
      <trkpt lat="-21.71574890613556" lon="166.17007970809937">
        <ele>19.200000762939453</ele>
        <time>2026-08-09T10:28:41Z</time>
        <extensions>
          <gpxtpx:TrackPointExtension>
            <gpxtpx:hr>130</gpxtpx:hr>
          </gpxtpx:TrackPointExtension>
        </extensions>
      </trkpt>
      <trkpt lat="-21.71614184975624" lon="166.16998314857483">
        <ele>20.399999618530273</ele>
        <time>2026-08-09T10:28:46Z</time>
        <extensions>
          <gpxtpx:TrackPointExtension>
            <gpxtpx:hr>133</gpxtpx:hr>
          </gpxtpx:TrackPointExtension>
        </extensions>
      </trkpt>
      <trkpt lat="-21.71650931239128" lon="166.16992950439453">
        <ele>21.399999618530273</ele>
        <time>2026-08-09T10:28:51Z</time>
        <extensions>
          <gpxtpx:TrackPointExtension>
            <gpxtpx:hr>135</gpxtpx:hr>
          </gpxtpx:TrackPointExtension>
        </extensions>
      </trkpt>
      <trkpt lat="-21.716612577438354" lon="166.16957545280457">
        <ele>22.0</ele>
        <time>2026-08-09T10:28:56Z</time>
        <extensions>
          <gpxtpx:TrackPointExtension>
            <gpxtpx:hr>138</gpxtpx:hr>
          </gpxtpx:TrackPointExtension>
        </extensions>
      </trkpt>
      <trkpt lat="-21.716418117284775" lon="166.16925358772278">
        <ele>23.0</ele>
        <time>2026-08-09T10:29:01Z</time>
        <extensions>
          <gpxtpx:TrackPointExtension>
            <gpxtpx:hr>137</gpxtpx:hr>
          </gpxtpx:TrackPointExtension>
        </extensions>
      </trkpt>
      <trkpt lat="-21.71644628047943" lon="166.1688780784607">
        <ele>22.399999618530273</ele>
        <time>2026-08-09T10:29:06Z</time>
        <extensions>
          <gpxtpx:TrackPointExtension>
            <gpxtpx:hr>135</gpxtpx:hr>
          </gpxtpx:TrackPointExtension>
        </extensions>
      </trkpt>
      <trkpt lat="-21.716167330741882" lon="166.16863131523132">
        <ele>20.600000381469727</ele>
        <time>2026-08-09T10:29:11Z</time>
        <extensions>
          <gpxtpx:TrackPointExtension>
            <gpxtpx:hr>133</gpxtpx:hr>
          </gpxtpx:TrackPointExtension>
        </extensions>
      </trkpt>
      <trkpt lat="-21.71575963497162" lon="166.1688995361328">
        <ele>21.600000381469727</ele>
        <time>2026-08-09T10:29:16Z</time>
        <extensions>
          <gpxtpx:TrackPointExtension>
            <gpxtpx:hr>132</gpxtpx:hr>
          </gpxtpx:TrackPointExtension>
        </extensions>
      </trkpt>
      <trkpt lat="-21.715416312217712" lon="166.1691677570343">
        <ele>23.0</ele>
        <time>2026-08-09T10:29:21Z</time>
        <extensions>
          <gpxtpx:TrackPointExtension>
            <gpxtpx:hr>132</gpxtpx:hr>
          </gpxtpx:TrackPointExtension>
        </extensions>
      </trkpt>
      <trkpt lat="-21.715107858181" lon="166.1694037914276">
        <ele>24.200000762939453</ele>
        <time>2026-08-09T10:29:26Z</time>
        <extensions>
          <gpxtpx:TrackPointExtension>
            <gpxtpx:hr>133</gpxtpx:hr>
          </gpxtpx:TrackPointExtension>
        </extensions>
      </trkpt>
      <trkpt lat="-21.71481817960739" lon="166.16963982582092">
        <ele>25.200000762939453</ele>
        <time>2026-08-09T10:29:31Z</time>
        <extensions>
          <gpxtpx:TrackPointExtension>
            <gpxtpx:hr>135</gpxtpx:hr>
          </gpxtpx:TrackPointExtension>
        </extensions>
      </trkpt>
      <trkpt lat="-21.71450838446617" lon="166.16986513137817">
        <ele>25.200000762939453</ele>
        <time>2026-08-09T10:29:36Z</time>
        <extensions>
          <gpxtpx:TrackPointExtension>
            <gpxtpx:hr>133</gpxtpx:hr>
          </gpxtpx:TrackPointExtension>
        </extensions>
      </trkpt>
      <trkpt lat="-21.714177131652832" lon="166.1701226234436">
        <ele>25.200000762939453</ele>
        <time>2026-08-09T10:29:41Z</time>
        <extensions>
          <gpxtpx:TrackPointExtension>
            <gpxtpx:hr>132</gpxtpx:hr>
          </gpxtpx:TrackPointExtension>
        </extensions>
      </trkpt>
      <trkpt lat="-21.71382039785385" lon="166.17040157318115">
        <ele>24.200000762939453</ele>
        <time>2026-08-09T10:29:46Z</time>
        <extensions>
          <gpxtpx:TrackPointExtension>
            <gpxtpx:hr>132</gpxtpx:hr>
          </gpxtpx:TrackPointExtension>
        </extensions>
      </trkpt>
      <trkpt lat="-21.713415384292603" lon="166.17069125175476">
        <ele>22.600000381469727</ele>
        <time>2026-08-09T10:29:51Z</time>
        <extensions>
          <gpxtpx:TrackPointExtension>
            <gpxtpx:hr>132</gpxtpx:hr>
          </gpxtpx:TrackPointExtension>
        </extensions>
      </trkpt>
      <trkpt lat="-21.712972819805145" lon="166.1710238456726">
        <ele>20.799999237060547</ele>
        <time>2026-08-09T10:29:56Z</time>
        <extensions>
          <gpxtpx:TrackPointExtension>
            <gpxtpx:hr>130</gpxtpx:hr>
          </gpxtpx:TrackPointExtension>
        </extensions>
      </trkpt>
      <trkpt lat="-21.712542325258255" lon="166.1714208126068">
        <ele>19.200000762939453</ele>
        <time>2026-08-09T10:30:01Z</time>
        <extensions>
          <gpxtpx:TrackPointExtension>
            <gpxtpx:hr>131</gpxtpx:hr>
          </gpxtpx:TrackPointExtension>
        </extensions>
      </trkpt>
      <trkpt lat="-21.712826639413834" lon="166.17188215255737">
        <ele>18.0</ele>
        <time>2026-08-09T10:30:06Z</time>
        <extensions>
          <gpxtpx:TrackPointExtension>
            <gpxtpx:hr>131</gpxtpx:hr>
          </gpxtpx:TrackPointExtension>
        </extensions>
      </trkpt>
      <trkpt lat="-21.713273227214813" lon="166.17160320281982">
        <ele>19.399999618530273</ele>
        <time>2026-08-09T10:30:11Z</time>
        <extensions>
          <gpxtpx:TrackPointExtension>
            <gpxtpx:hr>131</gpxtpx:hr>
          </gpxtpx:TrackPointExtension>
        </extensions>
      </trkpt>
      <trkpt lat="-21.71365275979042" lon="166.17133498191833">
        <ele>20.0</ele>
        <time>2026-08-09T10:30:16Z</time>
        <extensions>
          <gpxtpx:TrackPointExtension>
            <gpxtpx:hr>129</gpxtpx:hr>
          </gpxtpx:TrackPointExtension>
        </extensions>
      </trkpt>
      <trkpt lat="-21.71412482857704" lon="166.17119550704956">
        <ele>18.200000762939453</ele>
        <time>2026-08-09T10:30:21Z</time>
        <extensions>
          <gpxtpx:TrackPointExtension>
            <gpxtpx:hr>129</gpxtpx:hr>
          </gpxtpx:TrackPointExtension>
        </extensions>
      </trkpt>
      <trkpt lat="-21.714458763599396" lon="166.170734167099">
        <ele>16.200000762939453</ele>
        <time>2026-08-09T10:30:26Z</time>
        <extensions>
          <gpxtpx:TrackPointExtension>
            <gpxtpx:hr>131</gpxtpx:hr>
          </gpxtpx:TrackPointExtension>
        </extensions>
      </trkpt>
      <trkpt lat="-21.714937537908554" lon="166.17050886154175">
        <ele>15.0</ele>
        <time>2026-08-09T10:30:31Z</time>
        <extensions>
          <gpxtpx:TrackPointExtension>
            <gpxtpx:hr>134</gpxtpx:hr>
          </gpxtpx:TrackPointExtension>
        </extensions>
      </trkpt>
      <trkpt lat="-21.714720278978348" lon="166.170015335083">
        <ele>14.800000190734863</ele>
        <time>2026-08-09T10:30:36Z</time>
        <extensions>
          <gpxtpx:TrackPointExtension>
            <gpxtpx:hr>135</gpxtpx:hr>
          </gpxtpx:TrackPointExtension>
        </extensions>
      </trkpt>
      <trkpt lat="-21.71430855989456" lon="166.16966128349304">
        <ele>14.800000190734863</ele>
        <time>2026-08-09T10:30:41Z</time>
        <extensions>
          <gpxtpx:TrackPointExtension>
            <gpxtpx:hr>133</gpxtpx:hr>
          </gpxtpx:TrackPointExtension>
        </extensions>
      </trkpt>
      <trkpt lat="-21.713911592960358" lon="166.16931796073914">
        <ele>14.800000190734863</ele>
        <time>2026-08-09T10:30:46Z</time>
        <extensions>
          <gpxtpx:TrackPointExtension>
            <gpxtpx:hr>128</gpxtpx:hr>
          </gpxtpx:TrackPointExtension>
        </extensions>
      </trkpt>
      <trkpt lat="-21.71387404203415" lon="166.1688244342804">
        <ele>14.600000381469727</ele>
        <time>2026-08-09T10:30:51Z</time>
        <extensions>
          <gpxtpx:TrackPointExtension>
            <gpxtpx:hr>129</gpxtpx:hr>
          </gpxtpx:TrackPointExtension>
        </extensions>
      </trkpt>
      <trkpt lat="-21.714154332876205" lon="166.168395280838">
        <ele>14.600000381469727</ele>
        <time>2026-08-09T10:30:56Z</time>
        <extensions>
          <gpxtpx:TrackPointExtension>
            <gpxtpx:hr>130</gpxtpx:hr>
          </gpxtpx:TrackPointExtension>
        </extensions>
      </trkpt>
      <trkpt lat="-21.71442523598671" lon="166.1679768562317">
        <ele>14.600000381469727</ele>
        <time>2026-08-09T10:31:01Z</time>
        <extensions>
          <gpxtpx:TrackPointExtension>
            <gpxtpx:hr>129</gpxtpx:hr>
          </gpxtpx:TrackPointExtension>
        </extensions>
      </trkpt>
      <trkpt lat="-21.714606285095215" lon="166.16750478744507">
        <ele>14.600000381469727</ele>
        <time>2026-08-09T10:31:06Z</time>
        <extensions>
          <gpxtpx:TrackPointExtension>
            <gpxtpx:hr>128</gpxtpx:hr>
          </gpxtpx:TrackPointExtension>
        </extensions>
      </trkpt>
      <trkpt lat="-21.714500337839127" lon="166.16701126098633">
        <ele>14.0</ele>
        <time>2026-08-09T10:31:11Z</time>
        <extensions>
          <gpxtpx:TrackPointExtension>
            <gpxtpx:hr>128</gpxtpx:hr>
          </gpxtpx:TrackPointExtension>
        </extensions>
      </trkpt>
      <trkpt lat="-21.714107394218445" lon="166.16672158241272">
        <ele>13.399999618530273</ele>
        <time>2026-08-09T10:31:16Z</time>
        <extensions>
          <gpxtpx:TrackPointExtension>
            <gpxtpx:hr>128</gpxtpx:hr>
          </gpxtpx:TrackPointExtension>
        </extensions>
      </trkpt>
      <trkpt lat="-21.713666170835495" lon="166.1669147014618">
        <ele>14.399999618530273</ele>
        <time>2026-08-09T10:31:21Z</time>
        <extensions>
          <gpxtpx:TrackPointExtension>
            <gpxtpx:hr>128</gpxtpx:hr>
          </gpxtpx:TrackPointExtension>
        </extensions>
      </trkpt>
      <trkpt lat="-21.71323835849762" lon="166.16710782051086">
        <ele>14.0</ele>
        <time>2026-08-09T10:31:26Z</time>
        <extensions>
          <gpxtpx:TrackPointExtension>
            <gpxtpx:hr>127</gpxtpx:hr>
          </gpxtpx:TrackPointExtension>
        </extensions>
      </trkpt>
      <trkpt lat="-21.712805181741714" lon="166.1669361591339">
        <ele>14.0</ele>
        <time>2026-08-09T10:31:31Z</time>
        <extensions>
          <gpxtpx:TrackPointExtension>
            <gpxtpx:hr>126</gpxtpx:hr>
          </gpxtpx:TrackPointExtension>
        </extensions>
      </trkpt>
      <trkpt lat="-21.71239748597145" lon="166.16676449775696">
        <ele>14.399999618530273</ele>
        <time>2026-08-09T10:31:36Z</time>
        <extensions>
          <gpxtpx:TrackPointExtension>
            <gpxtpx:hr>128</gpxtpx:hr>
          </gpxtpx:TrackPointExtension>
        </extensions>
      </trkpt>
      <trkpt lat="-21.71191468834877" lon="166.16673231124878">
        <ele>14.0</ele>
        <time>2026-08-09T10:31:41Z</time>
        <extensions>
          <gpxtpx:TrackPointExtension>
            <gpxtpx:hr>129</gpxtpx:hr>
          </gpxtpx:TrackPointExtension>
        </extensions>
      </trkpt>
      <trkpt lat="-21.711784601211548" lon="166.16626024246216">
        <ele>13.600000381469727</ele>
        <time>2026-08-09T10:31:46Z</time>
        <extensions>
          <gpxtpx:TrackPointExtension>
            <gpxtpx:hr>129</gpxtpx:hr>
          </gpxtpx:TrackPointExtension>
        </extensions>
      </trkpt>
      <trkpt lat="-21.71178862452507" lon="166.16571307182312">
        <ele>13.0</ele>
        <time>2026-08-09T10:31:51Z</time>
        <extensions>
          <gpxtpx:TrackPointExtension>
            <gpxtpx:hr>129</gpxtpx:hr>
          </gpxtpx:TrackPointExtension>
        </extensions>
      </trkpt>
      <trkpt lat="-21.711811423301697" lon="166.16517663002014">
        <ele>13.0</ele>
        <time>2026-08-09T10:31:56Z</time>
        <extensions>
          <gpxtpx:TrackPointExtension>
            <gpxtpx:hr>129</gpxtpx:hr>
          </gpxtpx:TrackPointExtension>
        </extensions>
      </trkpt>
      <trkpt lat="-21.711843609809875" lon="166.16465091705322">
        <ele>13.0</ele>
        <time>2026-08-09T10:32:01Z</time>
        <extensions>
          <gpxtpx:TrackPointExtension>
            <gpxtpx:hr>128</gpxtpx:hr>
          </gpxtpx:TrackPointExtension>
        </extensions>
      </trkpt>
      <trkpt lat="-21.711634397506714" lon="166.16422176361084">
        <ele>13.0</ele>
        <time>2026-08-09T10:32:06Z</time>
        <extensions>
          <gpxtpx:TrackPointExtension>
            <gpxtpx:hr>129</gpxtpx:hr>
          </gpxtpx:TrackPointExtension>
        </extensions>
      </trkpt>
      <trkpt lat="-21.711287051439285" lon="166.16386771202087">
        <ele>13.0</ele>
        <time>2026-08-09T10:32:11Z</time>
        <extensions>
          <gpxtpx:TrackPointExtension>
            <gpxtpx:hr>127</gpxtpx:hr>
          </gpxtpx:TrackPointExtension>
        </extensions>
      </trkpt>
      <trkpt lat="-21.710939705371857" lon="166.16350293159485">
        <ele>13.0</ele>
        <time>2026-08-09T10:32:16Z</time>
        <extensions>
          <gpxtpx:TrackPointExtension>
            <gpxtpx:hr>127</gpxtpx:hr>
          </gpxtpx:TrackPointExtension>
        </extensions>
      </trkpt>
      <trkpt lat="-21.7105869948864" lon="166.163170337677">
        <ele>13.0</ele>
        <time>2026-08-09T10:32:21Z</time>
        <extensions>
          <gpxtpx:TrackPointExtension>
            <gpxtpx:hr>126</gpxtpx:hr>
          </gpxtpx:TrackPointExtension>
        </extensions>
      </trkpt>
      <trkpt lat="-21.710558831691742" lon="166.1626660823822">
        <ele>13.0</ele>
        <time>2026-08-09T10:32:26Z</time>
        <extensions>
          <gpxtpx:TrackPointExtension>
            <gpxtpx:hr>125</gpxtpx:hr>
          </gpxtpx:TrackPointExtension>
        </extensions>
      </trkpt>
      <trkpt lat="-21.71051859855652" lon="166.1621618270874">
        <ele>14.0</ele>
        <time>2026-08-09T10:32:31Z</time>
        <extensions>
          <gpxtpx:TrackPointExtension>
            <gpxtpx:hr>128</gpxtpx:hr>
          </gpxtpx:TrackPointExtension>
        </extensions>
      </trkpt>
      <trkpt lat="-21.710436791181564" lon="166.16174340248108">
        <ele>15.800000190734863</ele>
        <time>2026-08-09T10:32:36Z</time>
        <extensions>
          <gpxtpx:TrackPointExtension>
            <gpxtpx:hr>128</gpxtpx:hr>
          </gpxtpx:TrackPointExtension>
        </extensions>
      </trkpt>
      <trkpt lat="-21.710316091775894" lon="166.161367893219">
        <ele>15.800000190734863</ele>
        <time>2026-08-09T10:32:41Z</time>
        <extensions>
          <gpxtpx:TrackPointExtension>
            <gpxtpx:hr>128</gpxtpx:hr>
          </gpxtpx:TrackPointExtension>
        </extensions>
      </trkpt>
      <trkpt lat="-21.710110902786255" lon="166.1609387397766">
        <ele>13.600000381469727</ele>
        <time>2026-08-09T10:32:46Z</time>
        <extensions>
          <gpxtpx:TrackPointExtension>
            <gpxtpx:hr>130</gpxtpx:hr>
          </gpxtpx:TrackPointExtension>
        </extensions>
      </trkpt>
      <trkpt lat="-21.709747463464737" lon="166.1605739593506">
        <ele>13.0</ele>
        <time>2026-08-09T10:32:51Z</time>
        <extensions>
          <gpxtpx:TrackPointExtension>
            <gpxtpx:hr>128</gpxtpx:hr>
          </gpxtpx:TrackPointExtension>
        </extensions>
      </trkpt>
      <trkpt lat="-21.709700524806976" lon="166.16000533103943">
        <ele>13.0</ele>
        <time>2026-08-09T10:32:56Z</time>
        <extensions>
          <gpxtpx:TrackPointExtension>
            <gpxtpx:hr>128</gpxtpx:hr>
          </gpxtpx:TrackPointExtension>
        </extensions>
      </trkpt>
      <trkpt lat="-21.71007066965103" lon="166.15973711013794">
        <ele>13.0</ele>
        <time>2026-08-09T10:33:01Z</time>
        <extensions>
          <gpxtpx:TrackPointExtension>
            <gpxtpx:hr>131</gpxtpx:hr>
          </gpxtpx:TrackPointExtension>
        </extensions>
      </trkpt>
      <trkpt lat="-21.710577607154846" lon="166.15975856781006">
        <ele>13.0</ele>
        <time>2026-08-09T10:33:06Z</time>
        <extensions>
          <gpxtpx:TrackPointExtension>
            <gpxtpx:hr>134</gpxtpx:hr>
          </gpxtpx:TrackPointExtension>
        </extensions>
      </trkpt>
      <trkpt lat="-21.71107515692711" lon="166.15975856781006">
        <ele>13.0</ele>
        <time>2026-08-09T10:33:11Z</time>
        <extensions>
          <gpxtpx:TrackPointExtension>
            <gpxtpx:hr>132</gpxtpx:hr>
          </gpxtpx:TrackPointExtension>
        </extensions>
      </trkpt>
      <trkpt lat="-21.711570024490356" lon="166.15978002548218">
        <ele>13.0</ele>
        <time>2026-08-09T10:33:16Z</time>
        <extensions>
          <gpxtpx:TrackPointExtension>
            <gpxtpx:hr>130</gpxtpx:hr>
          </gpxtpx:TrackPointExtension>
        </extensions>
      </trkpt>
      <trkpt lat="-21.712055504322052" lon="166.15978002548218">
        <ele>13.0</ele>
        <time>2026-08-09T10:33:21Z</time>
        <extensions>
          <gpxtpx:TrackPointExtension>
            <gpxtpx:hr>131</gpxtpx:hr>
          </gpxtpx:TrackPointExtension>
        </extensions>
      </trkpt>
      <trkpt lat="-21.712536960840225" lon="166.15975856781006">
        <ele>13.0</ele>
        <time>2026-08-09T10:33:26Z</time>
        <extensions>
          <gpxtpx:TrackPointExtension>
            <gpxtpx:hr>133</gpxtpx:hr>
          </gpxtpx:TrackPointExtension>
        </extensions>
      </trkpt>
      <trkpt lat="-21.712988913059235" lon="166.1596405506134">
        <ele>13.0</ele>
        <time>2026-08-09T10:33:31Z</time>
        <extensions>
          <gpxtpx:TrackPointExtension>
            <gpxtpx:hr>134</gpxtpx:hr>
          </gpxtpx:TrackPointExtension>
        </extensions>
      </trkpt>
      <trkpt lat="-21.71323835849762" lon="166.15921139717102">
        <ele>13.0</ele>
        <time>2026-08-09T10:33:36Z</time>
        <extensions>
          <gpxtpx:TrackPointExtension>
            <gpxtpx:hr>135</gpxtpx:hr>
          </gpxtpx:TrackPointExtension>
        </extensions>
      </trkpt>
      <trkpt lat="-21.71345964074135" lon="166.15876078605652">
        <ele>13.0</ele>
        <time>2026-08-09T10:33:41Z</time>
        <extensions>
          <gpxtpx:TrackPointExtension>
            <gpxtpx:hr>134</gpxtpx:hr>
          </gpxtpx:TrackPointExtension>
        </extensions>
      </trkpt>
      <trkpt lat="-21.713666170835495" lon="166.15829944610596">
        <ele>13.0</ele>
        <time>2026-08-09T10:33:46Z</time>
        <extensions>
          <gpxtpx:TrackPointExtension>
            <gpxtpx:hr>136</gpxtpx:hr>
          </gpxtpx:TrackPointExtension>
        </extensions>
      </trkpt>
      <trkpt lat="-21.713959872722626" lon="166.15790247917175">
        <ele>13.0</ele>
        <time>2026-08-09T10:33:51Z</time>
        <extensions>
          <gpxtpx:TrackPointExtension>
            <gpxtpx:hr>137</gpxtpx:hr>
          </gpxtpx:TrackPointExtension>
        </extensions>
      </trkpt>
      <trkpt lat="-21.714385002851486" lon="166.15769863128662">
        <ele>13.0</ele>
        <time>2026-08-09T10:33:56Z</time>
        <extensions>
          <gpxtpx:TrackPointExtension>
            <gpxtpx:hr>137</gpxtpx:hr>
          </gpxtpx:TrackPointExtension>
        </extensions>
      </trkpt>
      <trkpt lat="-21.714611649513245" lon="166.15724802017212">
        <ele>13.0</ele>
        <time>2026-08-09T10:34:01Z</time>
        <extensions>
          <gpxtpx:TrackPointExtension>
            <gpxtpx:hr>137</gpxtpx:hr>
          </gpxtpx:TrackPointExtension>
        </extensions>
      </trkpt>
      <trkpt lat="-21.714586168527603" lon="166.15674376487732">
        <ele>13.0</ele>
        <time>2026-08-09T10:34:06Z</time>
        <extensions>
          <gpxtpx:TrackPointExtension>
            <gpxtpx:hr>135</gpxtpx:hr>
          </gpxtpx:TrackPointExtension>
        </extensions>
      </trkpt>
      <trkpt lat="-21.71445742249489" lon="166.1562716960907">
        <ele>13.199999809265137</ele>
        <time>2026-08-09T10:34:11Z</time>
        <extensions>
          <gpxtpx:TrackPointExtension>
            <gpxtpx:hr>133</gpxtpx:hr>
          </gpxtpx:TrackPointExtension>
        </extensions>
      </trkpt>
      <trkpt lat="-21.714232116937637" lon="166.15581035614014">
        <ele>12.199999809265137</ele>
        <time>2026-08-09T10:34:16Z</time>
        <extensions>
          <gpxtpx:TrackPointExtension>
            <gpxtpx:hr>134</gpxtpx:hr>
          </gpxtpx:TrackPointExtension>
        </extensions>
      </trkpt>
      <trkpt lat="-21.714032292366028" lon="166.15527391433716">
        <ele>10.600000381469727</ele>
        <time>2026-08-09T10:34:21Z</time>
        <extensions>
          <gpxtpx:TrackPointExtension>
            <gpxtpx:hr>136</gpxtpx:hr>
          </gpxtpx:TrackPointExtension>
        </extensions>
      </trkpt>
      <trkpt lat="-21.714127510786057" lon="166.15472674369812">
        <ele>11.0</ele>
        <time>2026-08-09T10:34:26Z</time>
        <extensions>
          <gpxtpx:TrackPointExtension>
            <gpxtpx:hr>137</gpxtpx:hr>
          </gpxtpx:TrackPointExtension>
        </extensions>
      </trkpt>
      <trkpt lat="-21.714521795511246" lon="166.15439414978027">
        <ele>11.399999618530273</ele>
        <time>2026-08-09T10:34:31Z</time>
        <extensions>
          <gpxtpx:TrackPointExtension>
            <gpxtpx:hr>138</gpxtpx:hr>
          </gpxtpx:TrackPointExtension>
        </extensions>
      </trkpt>
      <trkpt lat="-21.714963018894196" lon="166.15417957305908">
        <ele>12.199999809265137</ele>
        <time>2026-08-09T10:34:36Z</time>
        <extensions>
          <gpxtpx:TrackPointExtension>
            <gpxtpx:hr>138</gpxtpx:hr>
          </gpxtpx:TrackPointExtension>
        </extensions>
      </trkpt>
      <trkpt lat="-21.715418994426727" lon="166.1542546749115">
        <ele>13.0</ele>
        <time>2026-08-09T10:34:41Z</time>
        <extensions>
          <gpxtpx:TrackPointExtension>
            <gpxtpx:hr>138</gpxtpx:hr>
          </gpxtpx:TrackPointExtension>
        </extensions>
      </trkpt>
      <trkpt lat="-21.715830713510513" lon="166.1544692516327">
        <ele>13.0</ele>
        <time>2026-08-09T10:34:46Z</time>
        <extensions>
          <gpxtpx:TrackPointExtension>
            <gpxtpx:hr>136</gpxtpx:hr>
          </gpxtpx:TrackPointExtension>
        </extensions>
      </trkpt>
      <trkpt lat="-21.716292053461075" lon="166.15458726882935">
        <ele>13.0</ele>
        <time>2026-08-09T10:34:51Z</time>
        <extensions>
          <gpxtpx:TrackPointExtension>
            <gpxtpx:hr>136</gpxtpx:hr>
          </gpxtpx:TrackPointExtension>
        </extensions>
      </trkpt>
      <trkpt lat="-21.716780215501785" lon="166.1545765399933">
        <ele>13.0</ele>
        <time>2026-08-09T10:34:56Z</time>
        <extensions>
          <gpxtpx:TrackPointExtension>
            <gpxtpx:hr>134</gpxtpx:hr>
          </gpxtpx:TrackPointExtension>
        </extensions>
      </trkpt>
      <trkpt lat="-21.717237532138824" lon="166.1543619632721">
        <ele>13.0</ele>
        <time>2026-08-09T10:35:01Z</time>
        <extensions>
          <gpxtpx:TrackPointExtension>
            <gpxtpx:hr>130</gpxtpx:hr>
          </gpxtpx:TrackPointExtension>
        </extensions>
      </trkpt>
      <trkpt lat="-21.71762377023697" lon="166.15402936935425">
        <ele>13.0</ele>
        <time>2026-08-09T10:35:06Z</time>
        <extensions>
          <gpxtpx:TrackPointExtension>
            <gpxtpx:hr>130</gpxtpx:hr>
          </gpxtpx:TrackPointExtension>
        </extensions>
      </trkpt>
      <trkpt lat="-21.71782895922661" lon="166.1535358428955">
        <ele>13.800000190734863</ele>
        <time>2026-08-09T10:35:11Z</time>
        <extensions>
          <gpxtpx:TrackPointExtension>
            <gpxtpx:hr>130</gpxtpx:hr>
          </gpxtpx:TrackPointExtension>
        </extensions>
      </trkpt>
      <trkpt lat="-21.71812132000923" lon="166.1531388759613">
        <ele>14.199999809265137</ele>
        <time>2026-08-09T10:35:16Z</time>
        <extensions>
          <gpxtpx:TrackPointExtension>
            <gpxtpx:hr>131</gpxtpx:hr>
          </gpxtpx:TrackPointExtension>
        </extensions>
      </trkpt>
      <trkpt lat="-21.718496829271317" lon="166.15281701087952">
        <ele>13.0</ele>
        <time>2026-08-09T10:35:21Z</time>
        <extensions>
          <gpxtpx:TrackPointExtension>
            <gpxtpx:hr>130</gpxtpx:hr>
          </gpxtpx:TrackPointExtension>
        </extensions>
      </trkpt>
      <trkpt lat="-21.718759685754776" lon="166.15236639976501">
        <ele>14.399999618530273</ele>
        <time>2026-08-09T10:35:26Z</time>
        <extensions>
          <gpxtpx:TrackPointExtension>
            <gpxtpx:hr>131</gpxtpx:hr>
          </gpxtpx:TrackPointExtension>
        </extensions>
      </trkpt>
      <trkpt lat="-21.71913519501686" lon="166.1520767211914">
        <ele>14.600000381469727</ele>
        <time>2026-08-09T10:35:31Z</time>
        <extensions>
          <gpxtpx:TrackPointExtension>
            <gpxtpx:hr>131</gpxtpx:hr>
          </gpxtpx:TrackPointExtension>
        </extensions>
      </trkpt>
      <trkpt lat="-21.719478517770767" lon="166.1516797542572">
        <ele>13.600000381469727</ele>
        <time>2026-08-09T10:35:36Z</time>
        <extensions>
          <gpxtpx:TrackPointExtension>
            <gpxtpx:hr>133</gpxtpx:hr>
          </gpxtpx:TrackPointExtension>
        </extensions>
      </trkpt>
      <trkpt lat="-21.7199344933033" lon="166.15136861801147">
        <ele>12.800000190734863</ele>
        <time>2026-08-09T10:35:41Z</time>
        <extensions>
          <gpxtpx:TrackPointExtension>
            <gpxtpx:hr>133</gpxtpx:hr>
          </gpxtpx:TrackPointExtension>
        </extensions>
      </trkpt>
      <trkpt lat="-21.720462888479233" lon="166.15143299102783">
        <ele>13.0</ele>
        <time>2026-08-09T10:35:46Z</time>
        <extensions>
          <gpxtpx:TrackPointExtension>
            <gpxtpx:hr>132</gpxtpx:hr>
          </gpxtpx:TrackPointExtension>
        </extensions>
      </trkpt>
      <trkpt lat="-21.720912158489227" lon="166.15169048309326">
        <ele>13.0</ele>
        <time>2026-08-09T10:35:51Z</time>
        <extensions>
          <gpxtpx:TrackPointExtension>
            <gpxtpx:hr>130</gpxtpx:hr>
          </gpxtpx:TrackPointExtension>
        </extensions>
      </trkpt>
      <trkpt lat="-21.721411049365997" lon="166.1517870426178">
        <ele>13.0</ele>
        <time>2026-08-09T10:35:56Z</time>
        <extensions>
          <gpxtpx:TrackPointExtension>
            <gpxtpx:hr>131</gpxtpx:hr>
          </gpxtpx:TrackPointExtension>
        </extensions>
      </trkpt>
      <trkpt lat="-21.721899211406708" lon="166.15187287330627">
        <ele>13.399999618530273</ele>
        <time>2026-08-09T10:36:01Z</time>
        <extensions>
          <gpxtpx:TrackPointExtension>
            <gpxtpx:hr>132</gpxtpx:hr>
          </gpxtpx:TrackPointExtension>
        </extensions>
      </trkpt>
      <trkpt lat="-21.72238200902939" lon="166.15180850028992">
        <ele>12.800000190734863</ele>
        <time>2026-08-09T10:36:06Z</time>
        <extensions>
          <gpxtpx:TrackPointExtension>
            <gpxtpx:hr>130</gpxtpx:hr>
          </gpxtpx:TrackPointExtension>
        </extensions>
      </trkpt>
      <trkpt lat="-21.72287553548813" lon="166.1518943309784">
        <ele>13.199999809265137</ele>
        <time>2026-08-09T10:36:11Z</time>
        <extensions>
          <gpxtpx:TrackPointExtension>
            <gpxtpx:hr>130</gpxtpx:hr>
          </gpxtpx:TrackPointExtension>
        </extensions>
      </trkpt>
      <trkpt lat="-21.723328828811646" lon="166.1520230770111">
        <ele>14.0</ele>
        <time>2026-08-09T10:36:16Z</time>
        <extensions>
          <gpxtpx:TrackPointExtension>
            <gpxtpx:hr>129</gpxtpx:hr>
          </gpxtpx:TrackPointExtension>
        </extensions>
      </trkpt>
      <trkpt lat="-21.723763346672058" lon="166.1522376537323">
        <ele>13.199999809265137</ele>
        <time>2026-08-09T10:36:21Z</time>
        <extensions>
          <gpxtpx:TrackPointExtension>
            <gpxtpx:hr>129</gpxtpx:hr>
          </gpxtpx:TrackPointExtension>
        </extensions>
      </trkpt>
      <trkpt lat="-21.724226027727127" lon="166.15248441696167">
        <ele>12.0</ele>
        <time>2026-08-09T10:36:26Z</time>
        <extensions>
          <gpxtpx:TrackPointExtension>
            <gpxtpx:hr>129</gpxtpx:hr>
          </gpxtpx:TrackPointExtension>
        </extensions>
      </trkpt>
      <trkpt lat="-21.72473967075348" lon="166.15260243415833">
        <ele>12.600000381469727</ele>
        <time>2026-08-09T10:36:31Z</time>
        <extensions>
          <gpxtpx:TrackPointExtension>
            <gpxtpx:hr>130</gpxtpx:hr>
          </gpxtpx:TrackPointExtension>
        </extensions>
      </trkpt>
      <trkpt lat="-21.725203692913055" lon="166.1527419090271">
        <ele>14.0</ele>
        <time>2026-08-09T10:36:36Z</time>
        <extensions>
          <gpxtpx:TrackPointExtension>
            <gpxtpx:hr>131</gpxtpx:hr>
          </gpxtpx:TrackPointExtension>
        </extensions>
      </trkpt>
      <trkpt lat="-21.725603342056274" lon="166.15294575691223">
        <ele>14.600000381469727</ele>
        <time>2026-08-09T10:36:41Z</time>
        <extensions>
          <gpxtpx:TrackPointExtension>
            <gpxtpx:hr>132</gpxtpx:hr>
          </gpxtpx:TrackPointExtension>
        </extensions>
      </trkpt>
      <trkpt lat="-21.725986897945404" lon="166.15316033363342">
        <ele>14.800000190734863</ele>
        <time>2026-08-09T10:36:46Z</time>
        <extensions>
          <gpxtpx:TrackPointExtension>
            <gpxtpx:hr>132</gpxtpx:hr>
          </gpxtpx:TrackPointExtension>
        </extensions>
      </trkpt>
      <trkpt lat="-21.726342290639877" lon="166.1534821987152">
        <ele>14.0</ele>
        <time>2026-08-09T10:36:51Z</time>
        <extensions>
          <gpxtpx:TrackPointExtension>
            <gpxtpx:hr>132</gpxtpx:hr>
          </gpxtpx:TrackPointExtension>
        </extensions>
      </trkpt>
      <trkpt lat="-21.726704388856888" lon="166.15382552146912">
        <ele>13.600000381469727</ele>
        <time>2026-08-09T10:36:56Z</time>
        <extensions>
          <gpxtpx:TrackPointExtension>
            <gpxtpx:hr>132</gpxtpx:hr>
          </gpxtpx:TrackPointExtension>
        </extensions>
      </trkpt>
      <trkpt lat="-21.726862639188766" lon="166.15432977676392">
        <ele>13.199999809265137</ele>
        <time>2026-08-09T10:37:01Z</time>
        <extensions>
          <gpxtpx:TrackPointExtension>
            <gpxtpx:hr>131</gpxtpx:hr>
          </gpxtpx:TrackPointExtension>
        </extensions>
      </trkpt>
      <trkpt lat="-21.726721823215485" lon="166.15485548973083">
        <ele>13.199999809265137</ele>
        <time>2026-08-09T10:37:06Z</time>
        <extensions>
          <gpxtpx:TrackPointExtension>
            <gpxtpx:hr>132</gpxtpx:hr>
          </gpxtpx:TrackPointExtension>
        </extensions>
      </trkpt>
      <trkpt lat="-21.726536750793457" lon="166.15533828735352">
        <ele>13.399999618530273</ele>
        <time>2026-08-09T10:37:11Z</time>
        <extensions>
          <gpxtpx:TrackPointExtension>
            <gpxtpx:hr>131</gpxtpx:hr>
          </gpxtpx:TrackPointExtension>
        </extensions>
      </trkpt>
      <trkpt lat="-21.72617331147194" lon="166.15558505058289">
        <ele>13.0</ele>
        <time>2026-08-09T10:37:16Z</time>
        <extensions>
          <gpxtpx:TrackPointExtension>
            <gpxtpx:hr>130</gpxtpx:hr>
          </gpxtpx:TrackPointExtension>
        </extensions>
      </trkpt>
      <trkpt lat="-21.725714653730392" lon="166.1555528640747">
        <ele>12.199999809265137</ele>
        <time>2026-08-09T10:37:21Z</time>
        <extensions>
          <gpxtpx:TrackPointExtension>
            <gpxtpx:hr>132</gpxtpx:hr>
          </gpxtpx:TrackPointExtension>
        </extensions>
      </trkpt>
      <trkpt lat="-21.725651621818542" lon="166.15608930587769">
        <ele>12.399999618530273</ele>
        <time>2026-08-09T10:37:26Z</time>
        <extensions>
          <gpxtpx:TrackPointExtension>
            <gpxtpx:hr>133</gpxtpx:hr>
          </gpxtpx:TrackPointExtension>
        </extensions>
      </trkpt>
      <trkpt lat="-21.72541692852974" lon="166.1565613746643">
        <ele>11.800000190734863</ele>
        <time>2026-08-09T10:37:31Z</time>
        <extensions>
          <gpxtpx:TrackPointExtension>
            <gpxtpx:hr>132</gpxtpx:hr>
          </gpxtpx:TrackPointExtension>
        </extensions>
      </trkpt>
      <trkpt lat="-21.725109815597534" lon="166.1570119857788">
        <ele>11.0</ele>
        <time>2026-08-09T10:37:36Z</time>
        <extensions>
          <gpxtpx:TrackPointExtension>
            <gpxtpx:hr>131</gpxtpx:hr>
          </gpxtpx:TrackPointExtension>
        </extensions>
      </trkpt>
      <trkpt lat="-21.724905967712402" lon="166.15753769874573">
        <ele>10.600000381469727</ele>
        <time>2026-08-09T10:37:41Z</time>
        <extensions>
          <gpxtpx:TrackPointExtension>
            <gpxtpx:hr>131</gpxtpx:hr>
          </gpxtpx:TrackPointExtension>
        </extensions>
      </trkpt>
      <trkpt lat="-21.72511786222458" lon="166.15804195404053">
        <ele>10.199999809265137</ele>
        <time>2026-08-09T10:37:46Z</time>
        <extensions>
          <gpxtpx:TrackPointExtension>
            <gpxtpx:hr>131</gpxtpx:hr>
          </gpxtpx:TrackPointExtension>
        </extensions>
      </trkpt>
      <trkpt lat="-21.725596636533737" lon="166.15819215774536">
        <ele>11.199999809265137</ele>
        <time>2026-08-09T10:37:51Z</time>
        <extensions>
          <gpxtpx:TrackPointExtension>
            <gpxtpx:hr>131</gpxtpx:hr>
          </gpxtpx:TrackPointExtension>
        </extensions>
      </trkpt>
      <trkpt lat="-21.72605127096176" lon="166.15826725959778">
        <ele>12.399999618530273</ele>
        <time>2026-08-09T10:37:56Z</time>
        <extensions>
          <gpxtpx:TrackPointExtension>
            <gpxtpx:hr>130</gpxtpx:hr>
          </gpxtpx:TrackPointExtension>
        </extensions>
      </trkpt>
      <trkpt lat="-21.726469695568085" lon="166.1583423614502">
        <ele>13.600000381469727</ele>
        <time>2026-08-09T10:38:01Z</time>
        <extensions>
          <gpxtpx:TrackPointExtension>
            <gpxtpx:hr>131</gpxtpx:hr>
          </gpxtpx:TrackPointExtension>
        </extensions>
      </trkpt>
      <trkpt lat="-21.726858615875244" lon="166.1584174633026">
        <ele>14.800000190734863</ele>
        <time>2026-08-09T10:38:06Z</time>
        <extensions>
          <gpxtpx:TrackPointExtension>
            <gpxtpx:hr>133</gpxtpx:hr>
          </gpxtpx:TrackPointExtension>
        </extensions>
      </trkpt>
      <trkpt lat="-21.72716572880745" lon="166.1586320400238">
        <ele>15.199999809265137</ele>
        <time>2026-08-09T10:38:11Z</time>
        <extensions>
          <gpxtpx:TrackPointExtension>
            <gpxtpx:hr>133</gpxtpx:hr>
          </gpxtpx:TrackPointExtension>
        </extensions>
      </trkpt>
      <trkpt lat="-21.727256923913956" lon="166.15905046463013">
        <ele>15.0</ele>
        <time>2026-08-09T10:38:16Z</time>
        <extensions>
          <gpxtpx:TrackPointExtension>
            <gpxtpx:hr>133</gpxtpx:hr>
          </gpxtpx:TrackPointExtension>
        </extensions>
      </trkpt>
      <trkpt lat="-21.72700345516205" lon="166.15939378738403">
        <ele>15.0</ele>
        <time>2026-08-09T10:38:21Z</time>
        <extensions>
          <gpxtpx:TrackPointExtension>
            <gpxtpx:hr>134</gpxtpx:hr>
          </gpxtpx:TrackPointExtension>
        </extensions>
      </trkpt>
      <trkpt lat="-21.726615875959396" lon="166.1596405506134">
        <ele>15.0</ele>
        <time>2026-08-09T10:38:26Z</time>
        <extensions>
          <gpxtpx:TrackPointExtension>
            <gpxtpx:hr>137</gpxtpx:hr>
          </gpxtpx:TrackPointExtension>
        </extensions>
      </trkpt>
      <trkpt lat="-21.726222932338715" lon="166.15989804267883">
        <ele>15.0</ele>
        <time>2026-08-09T10:38:31Z</time>
        <extensions>
          <gpxtpx:TrackPointExtension>
            <gpxtpx:hr>135</gpxtpx:hr>
          </gpxtpx:TrackPointExtension>
        </extensions>
      </trkpt>
      <trkpt lat="-21.72581523656845" lon="166.16017699241638">
        <ele>15.0</ele>
        <time>2026-08-09T10:38:36Z</time>
        <extensions>
          <gpxtpx:TrackPointExtension>
            <gpxtpx:hr>134</gpxtpx:hr>
          </gpxtpx:TrackPointExtension>
        </extensions>
      </trkpt>
      <trkpt lat="-21.725398153066635" lon="166.16044521331787">
        <ele>15.0</ele>
        <time>2026-08-09T10:38:41Z</time>
        <extensions>
          <gpxtpx:TrackPointExtension>
            <gpxtpx:hr>135</gpxtpx:hr>
          </gpxtpx:TrackPointExtension>
        </extensions>
      </trkpt>
      <trkpt lat="-21.72500655055046" lon="166.16073489189148">
        <ele>15.0</ele>
        <time>2026-08-09T10:38:46Z</time>
        <extensions>
          <gpxtpx:TrackPointExtension>
            <gpxtpx:hr>133</gpxtpx:hr>
          </gpxtpx:TrackPointExtension>
        </extensions>
      </trkpt>
      <trkpt lat="-21.724930107593536" lon="166.16121768951416">
        <ele>15.0</ele>
        <time>2026-08-09T10:38:51Z</time>
        <extensions>
          <gpxtpx:TrackPointExtension>
            <gpxtpx:hr>132</gpxtpx:hr>
          </gpxtpx:TrackPointExtension>
        </extensions>
      </trkpt>
      <trkpt lat="-21.725133955478668" lon="166.16166830062866">
        <ele>15.0</ele>
        <time>2026-08-09T10:38:56Z</time>
        <extensions>
          <gpxtpx:TrackPointExtension>
            <gpxtpx:hr>132</gpxtpx:hr>
          </gpxtpx:TrackPointExtension>
        </extensions>
      </trkpt>
      <trkpt lat="-21.725345849990845" lon="166.16212964057922">
        <ele>14.800000190734863</ele>
        <time>2026-08-09T10:39:01Z</time>
        <extensions>
          <gpxtpx:TrackPointExtension>
            <gpxtpx:hr>131</gpxtpx:hr>
          </gpxtpx:TrackPointExtension>
        </extensions>
      </trkpt>
      <trkpt lat="-21.725391447544098" lon="166.1626660823822">
        <ele>13.199999809265137</ele>
        <time>2026-08-09T10:39:06Z</time>
        <extensions>
          <gpxtpx:TrackPointExtension>
            <gpxtpx:hr>131</gpxtpx:hr>
          </gpxtpx:TrackPointExtension>
        </extensions>
      </trkpt>
      <trkpt lat="-21.725608706474304" lon="166.16318106651306">
        <ele>11.800000190734863</ele>
        <time>2026-08-09T10:39:11Z</time>
        <extensions>
          <gpxtpx:TrackPointExtension>
            <gpxtpx:hr>134</gpxtpx:hr>
          </gpxtpx:TrackPointExtension>
        </extensions>
      </trkpt>
      <trkpt lat="-21.726139783859253" lon="166.16324543952942">
        <ele>12.600000381469727</ele>
        <time>2026-08-09T10:39:16Z</time>
        <extensions>
          <gpxtpx:TrackPointExtension>
            <gpxtpx:hr>135</gpxtpx:hr>
          </gpxtpx:TrackPointExtension>
        </extensions>
      </trkpt>
      <trkpt lat="-21.726343631744385" lon="166.16368532180786">
        <ele>12.399999618530273</ele>
        <time>2026-08-09T10:39:21Z</time>
        <extensions>
          <gpxtpx:TrackPointExtension>
            <gpxtpx:hr>134</gpxtpx:hr>
          </gpxtpx:TrackPointExtension>
        </extensions>
      </trkpt>
      <trkpt lat="-21.72637179493904" lon="166.1642324924469">
        <ele>11.800000190734863</ele>
        <time>2026-08-09T10:39:26Z</time>
        <extensions>
          <gpxtpx:TrackPointExtension>
            <gpxtpx:hr>134</gpxtpx:hr>
          </gpxtpx:TrackPointExtension>
        </extensions>
      </trkpt>
      <trkpt lat="-21.726799607276917" lon="166.1644148826599">
        <ele>13.199999809265137</ele>
        <time>2026-08-09T10:39:31Z</time>
        <extensions>
          <gpxtpx:TrackPointExtension>
            <gpxtpx:hr>134</gpxtpx:hr>
          </gpxtpx:TrackPointExtension>
        </extensions>
      </trkpt>
      <trkpt lat="-21.72719657421112" lon="166.1645543575287">
        <ele>15.0</ele>
        <time>2026-08-09T10:39:36Z</time>
        <extensions>
          <gpxtpx:TrackPointExtension>
            <gpxtpx:hr>132</gpxtpx:hr>
          </gpxtpx:TrackPointExtension>
        </extensions>
      </trkpt>
      <trkpt lat="-21.727440655231476" lon="166.16488695144653">
        <ele>15.800000190734863</ele>
        <time>2026-08-09T10:39:41Z</time>
        <extensions>
          <gpxtpx:TrackPointExtension>
            <gpxtpx:hr>132</gpxtpx:hr>
          </gpxtpx:TrackPointExtension>
        </extensions>
      </trkpt>
      <trkpt lat="-21.72755867242813" lon="166.16528391838074">
        <ele>16.600000381469727</ele>
        <time>2026-08-09T10:39:46Z</time>
        <extensions>
          <gpxtpx:TrackPointExtension>
            <gpxtpx:hr>131</gpxtpx:hr>
          </gpxtpx:TrackPointExtension>
        </extensions>
      </trkpt>
      <trkpt lat="-21.727568060159683" lon="166.16568088531494">
        <ele>17.799999237060547</ele>
        <time>2026-08-09T10:39:51Z</time>
        <extensions>
          <gpxtpx:TrackPointExtension>
            <gpxtpx:hr>131</gpxtpx:hr>
          </gpxtpx:TrackPointExtension>
        </extensions>
      </trkpt>
      <trkpt lat="-21.727550625801086" lon="166.1660671234131">
        <ele>18.799999237060547</ele>
        <time>2026-08-09T10:39:56Z</time>
        <extensions>
          <gpxtpx:TrackPointExtension>
            <gpxtpx:hr>128</gpxtpx:hr>
          </gpxtpx:TrackPointExtension>
        </extensions>
      </trkpt>
      <trkpt lat="-21.727582812309265" lon="166.1664319038391">
        <ele>19.600000381469727</ele>
        <time>2026-08-09T10:40:01Z</time>
        <extensions>
          <gpxtpx:TrackPointExtension>
            <gpxtpx:hr>128</gpxtpx:hr>
          </gpxtpx:TrackPointExtension>
        </extensions>
      </trkpt>
      <trkpt lat="-21.727766543626785" lon="166.1667537689209">
        <ele>19.799999237060547</ele>
        <time>2026-08-09T10:40:06Z</time>
        <extensions>
          <gpxtpx:TrackPointExtension>
            <gpxtpx:hr>129</gpxtpx:hr>
          </gpxtpx:TrackPointExtension>
        </extensions>
      </trkpt>
      <trkpt lat="-21.72793284058571" lon="166.1671507358551">
        <ele>19.600000381469727</ele>
        <time>2026-08-09T10:40:11Z</time>
        <extensions>
          <gpxtpx:TrackPointExtension>
            <gpxtpx:hr>131</gpxtpx:hr>
          </gpxtpx:TrackPointExtension>
        </extensions>
      </trkpt>
      <trkpt lat="-21.72777459025383" lon="166.16757988929749">
        <ele>19.600000381469727</ele>
        <time>2026-08-09T10:40:16Z</time>
        <extensions>
          <gpxtpx:TrackPointExtension>
            <gpxtpx:hr>130</gpxtpx:hr>
          </gpxtpx:TrackPointExtension>
        </extensions>
      </trkpt>
      <trkpt lat="-21.72749564051628" lon="166.1679446697235">
        <ele>19.799999237060547</ele>
        <time>2026-08-09T10:40:21Z</time>
        <extensions>
          <gpxtpx:TrackPointExtension>
            <gpxtpx:hr>129</gpxtpx:hr>
          </gpxtpx:TrackPointExtension>
        </extensions>
      </trkpt>
      <trkpt lat="-21.727167069911957" lon="166.16827726364136">
        <ele>19.799999237060547</ele>
        <time>2026-08-09T10:40:26Z</time>
        <extensions>
          <gpxtpx:TrackPointExtension>
            <gpxtpx:hr>130</gpxtpx:hr>
          </gpxtpx:TrackPointExtension>
        </extensions>
      </trkpt>
      <trkpt lat="-21.726827770471573" lon="166.1686098575592">
        <ele>19.799999237060547</ele>
        <time>2026-08-09T10:40:31Z</time>
        <extensions>
          <gpxtpx:TrackPointExtension>
            <gpxtpx:hr>131</gpxtpx:hr>
          </gpxtpx:TrackPointExtension>
        </extensions>
      </trkpt>
      <trkpt lat="-21.726491153240204" lon="166.16897463798523">
        <ele>19.799999237060547</ele>
        <time>2026-08-09T10:40:36Z</time>
        <extensions>
          <gpxtpx:TrackPointExtension>
            <gpxtpx:hr>134</gpxtpx:hr>
          </gpxtpx:TrackPointExtension>
        </extensions>
      </trkpt>
      <trkpt lat="-21.726150512695312" lon="166.1693286895752">
        <ele>19.799999237060547</ele>
        <time>2026-08-09T10:40:41Z</time>
        <extensions>
          <gpxtpx:TrackPointExtension>
            <gpxtpx:hr>132</gpxtpx:hr>
          </gpxtpx:TrackPointExtension>
        </extensions>
      </trkpt>
      <trkpt lat="-21.72580987215042" lon="166.16968274116516">
        <ele>19.799999237060547</ele>
        <time>2026-08-09T10:40:46Z</time>
        <extensions>
          <gpxtpx:TrackPointExtension>
            <gpxtpx:hr>133</gpxtpx:hr>
          </gpxtpx:TrackPointExtension>
        </extensions>
      </trkpt>
      <trkpt lat="-21.725449115037918" lon="166.1700475215912">
        <ele>19.799999237060547</ele>
        <time>2026-08-09T10:40:51Z</time>
        <extensions>
          <gpxtpx:TrackPointExtension>
            <gpxtpx:hr>134</gpxtpx:hr>
          </gpxtpx:TrackPointExtension>
        </extensions>
      </trkpt>
      <trkpt lat="-21.725093722343445" lon="166.1704123020172">
        <ele>19.799999237060547</ele>
        <time>2026-08-09T10:40:56Z</time>
        <extensions>
          <gpxtpx:TrackPointExtension>
            <gpxtpx:hr>136</gpxtpx:hr>
          </gpxtpx:TrackPointExtension>
        </extensions>
      </trkpt>
      <trkpt lat="-21.72473967075348" lon="166.17077708244324">
        <ele>19.600000381469727</ele>
        <time>2026-08-09T10:41:01Z</time>
        <extensions>
          <gpxtpx:TrackPointExtension>
            <gpxtpx:hr>138</gpxtpx:hr>
          </gpxtpx:TrackPointExtension>
        </extensions>
      </trkpt>
      <trkpt lat="-21.72438696026802" lon="166.17114186286926">
        <ele>19.600000381469727</ele>
        <time>2026-08-09T10:41:06Z</time>
        <extensions>
          <gpxtpx:TrackPointExtension>
            <gpxtpx:hr>138</gpxtpx:hr>
          </gpxtpx:TrackPointExtension>
        </extensions>
      </trkpt>
      <trkpt lat="-21.72403022646904" lon="166.17151737213135">
        <ele>19.600000381469727</ele>
        <time>2026-08-09T10:41:11Z</time>
        <extensions>
          <gpxtpx:TrackPointExtension>
            <gpxtpx:hr>137</gpxtpx:hr>
          </gpxtpx:TrackPointExtension>
        </extensions>
      </trkpt>
      <trkpt lat="-21.72374054789543" lon="166.1719572544098">
        <ele>19.600000381469727</ele>
        <time>2026-08-09T10:41:16Z</time>
        <extensions>
          <gpxtpx:TrackPointExtension>
            <gpxtpx:hr>136</gpxtpx:hr>
          </gpxtpx:TrackPointExtension>
        </extensions>
      </trkpt>
      <trkpt lat="-21.72356218099594" lon="166.1724615097046">
        <ele>19.600000381469727</ele>
        <time>2026-08-09T10:41:21Z</time>
        <extensions>
          <gpxtpx:TrackPointExtension>
            <gpxtpx:hr>136</gpxtpx:hr>
          </gpxtpx:TrackPointExtension>
        </extensions>
      </trkpt>
      <trkpt lat="-21.7233207821846" lon="166.17294430732727">
        <ele>19.600000381469727</ele>
        <time>2026-08-09T10:41:26Z</time>
        <extensions>
          <gpxtpx:TrackPointExtension>
            <gpxtpx:hr>138</gpxtpx:hr>
          </gpxtpx:TrackPointExtension>
        </extensions>
      </trkpt>
      <trkpt lat="-21.722997575998306" lon="166.1733627319336">
        <ele>19.600000381469727</ele>
        <time>2026-08-09T10:41:31Z</time>
        <extensions>
          <gpxtpx:TrackPointExtension>
            <gpxtpx:hr>138</gpxtpx:hr>
          </gpxtpx:TrackPointExtension>
        </extensions>
      </trkpt>
      <trkpt lat="-21.72264352440834" lon="166.1737596988678">
        <ele>19.600000381469727</ele>
        <time>2026-08-09T10:41:36Z</time>
        <extensions>
          <gpxtpx:TrackPointExtension>
            <gpxtpx:hr>138</gpxtpx:hr>
          </gpxtpx:TrackPointExtension>
        </extensions>
      </trkpt>
      <trkpt lat="-21.722384691238403" lon="166.1742103099823">
        <ele>19.600000381469727</ele>
        <time>2026-08-09T10:41:41Z</time>
        <extensions>
          <gpxtpx:TrackPointExtension>
            <gpxtpx:hr>139</gpxtpx:hr>
          </gpxtpx:TrackPointExtension>
        </extensions>
      </trkpt>
      <trkpt lat="-21.722337752580643" lon="166.17477893829346">
        <ele>19.399999618530273</ele>
        <time>2026-08-09T10:41:46Z</time>
        <extensions>
          <gpxtpx:TrackPointExtension>
            <gpxtpx:hr>137</gpxtpx:hr>
          </gpxtpx:TrackPointExtension>
        </extensions>
      </trkpt>
      <trkpt lat="-21.722395420074463" lon="166.17535829544067">
        <ele>17.600000381469727</ele>
        <time>2026-08-09T10:41:51Z</time>
        <extensions>
          <gpxtpx:TrackPointExtension>
            <gpxtpx:hr>135</gpxtpx:hr>
          </gpxtpx:TrackPointExtension>
        </extensions>
      </trkpt>
      <trkpt lat="-21.72250673174858" lon="166.17596983909607">
        <ele>16.399999618530273</ele>
        <time>2026-08-09T10:41:56Z</time>
        <extensions>
          <gpxtpx:TrackPointExtension>
            <gpxtpx:hr>136</gpxtpx:hr>
          </gpxtpx:TrackPointExtension>
        </extensions>
      </trkpt>
      <trkpt lat="-21.722422242164612" lon="166.1765491962433">
        <ele>18.600000381469727</ele>
        <time>2026-08-09T10:42:01Z</time>
        <extensions>
          <gpxtpx:TrackPointExtension>
            <gpxtpx:hr>138</gpxtpx:hr>
          </gpxtpx:TrackPointExtension>
        </extensions>
      </trkpt>
      <trkpt lat="-21.72230154275894" lon="166.1770534515381">
        <ele>18.0</ele>
        <time>2026-08-09T10:42:06Z</time>
        <extensions>
          <gpxtpx:TrackPointExtension>
            <gpxtpx:hr>137</gpxtpx:hr>
          </gpxtpx:TrackPointExtension>
        </extensions>
      </trkpt>
      <trkpt lat="-21.722209006547928" lon="166.17761135101318">
        <ele>16.799999237060547</ele>
        <time>2026-08-09T10:42:11Z</time>
        <extensions>
          <gpxtpx:TrackPointExtension>
            <gpxtpx:hr>134</gpxtpx:hr>
          </gpxtpx:TrackPointExtension>
        </extensions>
      </trkpt>
      <trkpt lat="-21.722394078969955" lon="166.17810487747192">
        <ele>18.799999237060547</ele>
        <time>2026-08-09T10:42:16Z</time>
        <extensions>
          <gpxtpx:TrackPointExtension>
            <gpxtpx:hr>134</gpxtpx:hr>
          </gpxtpx:TrackPointExtension>
        </extensions>
      </trkpt>
      <trkpt lat="-21.72261670231819" lon="166.1785340309143">
        <ele>19.0</ele>
        <time>2026-08-09T10:42:21Z</time>
        <extensions>
          <gpxtpx:TrackPointExtension>
            <gpxtpx:hr>135</gpxtpx:hr>
          </gpxtpx:TrackPointExtension>
        </extensions>
      </trkpt>
      <trkpt lat="-21.72290101647377" lon="166.17897391319275">
        <ele>16.799999237060547</ele>
        <time>2026-08-09T10:42:26Z</time>
        <extensions>
          <gpxtpx:TrackPointExtension>
            <gpxtpx:hr>135</gpxtpx:hr>
          </gpxtpx:TrackPointExtension>
        </extensions>
      </trkpt>
      <trkpt lat="-21.723186671733856" lon="166.17944598197937">
        <ele>18.200000762939453</ele>
        <time>2026-08-09T10:42:31Z</time>
        <extensions>
          <gpxtpx:TrackPointExtension>
            <gpxtpx:hr>135</gpxtpx:hr>
          </gpxtpx:TrackPointExtension>
        </extensions>
      </trkpt>
      <trkpt lat="-21.723501831293106" lon="166.17984294891357">
        <ele>17.399999618530273</ele>
        <time>2026-08-09T10:42:36Z</time>
        <extensions>
          <gpxtpx:TrackPointExtension>
            <gpxtpx:hr>136</gpxtpx:hr>
          </gpxtpx:TrackPointExtension>
        </extensions>
      </trkpt>
      <trkpt lat="-21.723916232585907" lon="166.18022918701172">
        <ele>15.800000190734863</ele>
        <time>2026-08-09T10:42:41Z</time>
        <extensions>
          <gpxtpx:TrackPointExtension>
            <gpxtpx:hr>136</gpxtpx:hr>
          </gpxtpx:TrackPointExtension>
        </extensions>
      </trkpt>
      <trkpt lat="-21.724378913640976" lon="166.18048667907715">
        <ele>17.799999237060547</ele>
        <time>2026-08-09T10:42:46Z</time>
        <extensions>
          <gpxtpx:TrackPointExtension>
            <gpxtpx:hr>133</gpxtpx:hr>
          </gpxtpx:TrackPointExtension>
        </extensions>
      </trkpt>
      <trkpt lat="-21.724852323532104" lon="166.18057250976562">
        <ele>17.399999618530273</ele>
        <time>2026-08-09T10:42:51Z</time>
        <extensions>
          <gpxtpx:TrackPointExtension>
            <gpxtpx:hr>136</gpxtpx:hr>
          </gpxtpx:TrackPointExtension>
        </extensions>
      </trkpt>
      <trkpt lat="-21.725391447544098" lon="166.1805295944214">
        <ele>17.0</ele>
        <time>2026-08-09T10:42:56Z</time>
        <extensions>
          <gpxtpx:TrackPointExtension>
            <gpxtpx:hr>139</gpxtpx:hr>
          </gpxtpx:TrackPointExtension>
        </extensions>
      </trkpt>
      <trkpt lat="-21.72591984272003" lon="166.18046522140503">
        <ele>18.0</ele>
        <time>2026-08-09T10:43:01Z</time>
        <extensions>
          <gpxtpx:TrackPointExtension>
            <gpxtpx:hr>139</gpxtpx:hr>
          </gpxtpx:TrackPointExtension>
        </extensions>
      </trkpt>
      <trkpt lat="-21.726394593715668" lon="166.18027210235596">
        <ele>17.600000381469727</ele>
        <time>2026-08-09T10:43:06Z</time>
        <extensions>
          <gpxtpx:TrackPointExtension>
            <gpxtpx:hr>140</gpxtpx:hr>
          </gpxtpx:TrackPointExtension>
        </extensions>
      </trkpt>
      <trkpt lat="-21.726830452680588" lon="166.1798644065857">
        <ele>15.600000381469727</ele>
        <time>2026-08-09T10:43:11Z</time>
        <extensions>
          <gpxtpx:TrackPointExtension>
            <gpxtpx:hr>140</gpxtpx:hr>
          </gpxtpx:TrackPointExtension>
        </extensions>
      </trkpt>
      <trkpt lat="-21.727156341075897" lon="166.1793601512909">
        <ele>13.800000190734863</ele>
        <time>2026-08-09T10:43:16Z</time>
        <extensions>
          <gpxtpx:TrackPointExtension>
            <gpxtpx:hr>139</gpxtpx:hr>
          </gpxtpx:TrackPointExtension>
        </extensions>
      </trkpt>
      <trkpt lat="-21.727071851491928" lon="166.17871642112732">
        <ele>13.0</ele>
        <time>2026-08-09T10:43:21Z</time>
        <extensions>
          <gpxtpx:TrackPointExtension>
            <gpxtpx:hr>137</gpxtpx:hr>
          </gpxtpx:TrackPointExtension>
        </extensions>
      </trkpt>
      <trkpt lat="-21.72735884785652" lon="166.17822289466858">
        <ele>14.0</ele>
        <time>2026-08-09T10:43:26Z</time>
        <extensions>
          <gpxtpx:TrackPointExtension>
            <gpxtpx:hr>138</gpxtpx:hr>
          </gpxtpx:TrackPointExtension>
        </extensions>
      </trkpt>
      <trkpt lat="-21.727440655231476" lon="166.17780447006226">
        <ele>15.600000381469727</ele>
        <time>2026-08-09T10:43:31Z</time>
        <extensions>
          <gpxtpx:TrackPointExtension>
            <gpxtpx:hr>139</gpxtpx:hr>
          </gpxtpx:TrackPointExtension>
        </extensions>
      </trkpt>
      <trkpt lat="-21.727274358272552" lon="166.1774182319641">
        <ele>16.600000381469727</ele>
        <time>2026-08-09T10:43:36Z</time>
        <extensions>
          <gpxtpx:TrackPointExtension>
            <gpxtpx:hr>137</gpxtpx:hr>
          </gpxtpx:TrackPointExtension>
        </extensions>
      </trkpt>
      <trkpt lat="-21.727728992700577" lon="166.17735385894775">
        <ele>16.399999618530273</ele>
        <time>2026-08-09T10:43:41Z</time>
        <extensions>
          <gpxtpx:TrackPointExtension>
            <gpxtpx:hr>137</gpxtpx:hr>
          </gpxtpx:TrackPointExtension>
        </extensions>
      </trkpt>
      <trkpt lat="-21.728018671274185" lon="166.1770534515381">
        <ele>17.200000762939453</ele>
        <time>2026-08-09T10:43:46Z</time>
        <extensions>
          <gpxtpx:TrackPointExtension>
            <gpxtpx:hr>138</gpxtpx:hr>
          </gpxtpx:TrackPointExtension>
        </extensions>
      </trkpt>
      <trkpt lat="-21.727923452854156" lon="166.17661356925964">
        <ele>18.399999618530273</ele>
        <time>2026-08-09T10:43:51Z</time>
        <extensions>
          <gpxtpx:TrackPointExtension>
            <gpxtpx:hr>138</gpxtpx:hr>
          </gpxtpx:TrackPointExtension>
        </extensions>
      </trkpt>
      <trkpt lat="-21.727573424577713" lon="166.17655992507935">
        <ele>18.600000381469727</ele>
        <time>2026-08-09T10:43:56Z</time>
        <extensions>
          <gpxtpx:TrackPointExtension>
            <gpxtpx:hr>138</gpxtpx:hr>
          </gpxtpx:TrackPointExtension>
        </extensions>
      </trkpt>
      <trkpt lat="-21.727277040481567" lon="166.17634534835815">
        <ele>19.399999618530273</ele>
        <time>2026-08-09T10:44:01Z</time>
        <extensions>
          <gpxtpx:TrackPointExtension>
            <gpxtpx:hr>140</gpxtpx:hr>
          </gpxtpx:TrackPointExtension>
        </extensions>
      </trkpt>
      <trkpt lat="-21.727310568094254" lon="166.1759054660797">
        <ele>20.0</ele>
        <time>2026-08-09T10:44:06Z</time>
        <extensions>
          <gpxtpx:TrackPointExtension>
            <gpxtpx:hr>141</gpxtpx:hr>
          </gpxtpx:TrackPointExtension>
        </extensions>
      </trkpt>
      <trkpt lat="-21.726921647787094" lon="166.17581963539124">
        <ele>20.200000762939453</ele>
        <time>2026-08-09T10:44:11Z</time>
        <extensions>
          <gpxtpx:TrackPointExtension>
            <gpxtpx:hr>140</gpxtpx:hr>
          </gpxtpx:TrackPointExtension>
        </extensions>
      </trkpt>
      <trkpt lat="-21.726501882076263" lon="166.17579817771912">
        <ele>20.200000762939453</ele>
        <time>2026-08-09T10:44:16Z</time>
        <extensions>
          <gpxtpx:TrackPointExtension>
            <gpxtpx:hr>139</gpxtpx:hr>
          </gpxtpx:TrackPointExtension>
        </extensions>
      </trkpt>
      <trkpt lat="-21.72668159008026" lon="166.1754012107849">
        <ele>18.799999237060547</ele>
        <time>2026-08-09T10:44:21Z</time>
        <extensions>
          <gpxtpx:TrackPointExtension>
            <gpxtpx:hr>140</gpxtpx:hr>
          </gpxtpx:TrackPointExtension>
        </extensions>
      </trkpt>
      <trkpt lat="-21.727137565612793" lon="166.17513298988342">
        <ele>17.200000762939453</ele>
        <time>2026-08-09T10:44:26Z</time>
        <extensions>
          <gpxtpx:TrackPointExtension>
            <gpxtpx:hr>139</gpxtpx:hr>
          </gpxtpx:TrackPointExtension>
        </extensions>
      </trkpt>
      <trkpt lat="-21.726822406053543" lon="166.17468237876892">
        <ele>15.399999618530273</ele>
        <time>2026-08-09T10:44:31Z</time>
        <extensions>
          <gpxtpx:TrackPointExtension>
            <gpxtpx:hr>137</gpxtpx:hr>
          </gpxtpx:TrackPointExtension>
        </extensions>
      </trkpt>
      <trkpt lat="-21.72729581594467" lon="166.17462873458862">
        <ele>15.0</ele>
        <time>2026-08-09T10:44:36Z</time>
        <extensions>
          <gpxtpx:TrackPointExtension>
            <gpxtpx:hr>137</gpxtpx:hr>
          </gpxtpx:TrackPointExtension>
        </extensions>
      </trkpt>
      <trkpt lat="-21.727472841739655" lon="166.17428541183472">
        <ele>13.399999618530273</ele>
        <time>2026-08-09T10:44:41Z</time>
        <extensions>
          <gpxtpx:TrackPointExtension>
            <gpxtpx:hr>138</gpxtpx:hr>
          </gpxtpx:TrackPointExtension>
        </extensions>
      </trkpt>
      <trkpt lat="-21.727781295776367" lon="166.17395281791687">
        <ele>12.399999618530273</ele>
        <time>2026-08-09T10:44:46Z</time>
        <extensions>
          <gpxtpx:TrackPointExtension>
            <gpxtpx:hr>137</gpxtpx:hr>
          </gpxtpx:TrackPointExtension>
        </extensions>
      </trkpt>
      <trkpt lat="-21.72794222831726" lon="166.17362022399902">
        <ele>13.199999809265137</ele>
        <time>2026-08-09T10:44:51Z</time>
        <extensions>
          <gpxtpx:TrackPointExtension>
            <gpxtpx:hr>136</gpxtpx:hr>
          </gpxtpx:TrackPointExtension>
        </extensions>
      </trkpt>
      <trkpt lat="-21.72817423939705" lon="166.17333054542542">
        <ele>14.800000190734863</ele>
        <time>2026-08-09T10:44:56Z</time>
        <extensions>
          <gpxtpx:TrackPointExtension>
            <gpxtpx:hr>137</gpxtpx:hr>
          </gpxtpx:TrackPointExtension>
        </extensions>
      </trkpt>
      <trkpt lat="-21.728598028421402" lon="166.17323398590088">
        <ele>16.600000381469727</ele>
        <time>2026-08-09T10:45:01Z</time>
        <extensions>
          <gpxtpx:TrackPointExtension>
            <gpxtpx:hr>138</gpxtpx:hr>
          </gpxtpx:TrackPointExtension>
        </extensions>
      </trkpt>
      <trkpt lat="-21.728534996509552" lon="166.17282629013062">
        <ele>17.200000762939453</ele>
        <time>2026-08-09T10:45:06Z</time>
        <extensions>
          <gpxtpx:TrackPointExtension>
            <gpxtpx:hr>139</gpxtpx:hr>
          </gpxtpx:TrackPointExtension>
        </extensions>
      </trkpt>
      <trkpt lat="-21.7287415266037" lon="166.17261171340942">
        <ele>18.200000762939453</ele>
        <time>2026-08-09T10:45:11Z</time>
        <extensions>
          <gpxtpx:TrackPointExtension>
            <gpxtpx:hr>139</gpxtpx:hr>
          </gpxtpx:TrackPointExtension>
        </extensions>
      </trkpt>
      <trkpt lat="-21.729080826044083" lon="166.1728048324585">
        <ele>19.0</ele>
        <time>2026-08-09T10:45:16Z</time>
        <extensions>
          <gpxtpx:TrackPointExtension>
            <gpxtpx:hr>137</gpxtpx:hr>
          </gpxtpx:TrackPointExtension>
        </extensions>
      </trkpt>
      <trkpt lat="-21.729346364736557" lon="166.17311596870422">
        <ele>19.399999618530273</ele>
        <time>2026-08-09T10:45:21Z</time>
        <extensions>
          <gpxtpx:TrackPointExtension>
            <gpxtpx:hr>137</gpxtpx:hr>
          </gpxtpx:TrackPointExtension>
        </extensions>
      </trkpt>
      <trkpt lat="-21.729682981967926" lon="166.17308378219604">
        <ele>20.600000381469727</ele>
        <time>2026-08-09T10:45:26Z</time>
        <extensions>
          <gpxtpx:TrackPointExtension>
            <gpxtpx:hr>138</gpxtpx:hr>
          </gpxtpx:TrackPointExtension>
        </extensions>
      </trkpt>
      <trkpt lat="-21.729861348867416" lon="166.1727511882782">
        <ele>22.0</ele>
        <time>2026-08-09T10:45:31Z</time>
        <extensions>
          <gpxtpx:TrackPointExtension>
            <gpxtpx:hr>137</gpxtpx:hr>
          </gpxtpx:TrackPointExtension>
        </extensions>
      </trkpt>
      <trkpt lat="-21.730071902275085" lon="166.17247223854065">
        <ele>23.200000762939453</ele>
        <time>2026-08-09T10:45:36Z</time>
        <extensions>
          <gpxtpx:TrackPointExtension>
            <gpxtpx:hr>137</gpxtpx:hr>
          </gpxtpx:TrackPointExtension>
        </extensions>
      </trkpt>
      <trkpt lat="-21.730234175920486" lon="166.17218255996704">
        <ele>24.399999618530273</ele>
        <time>2026-08-09T10:45:41Z</time>
        <extensions>
          <gpxtpx:TrackPointExtension>
            <gpxtpx:hr>136</gpxtpx:hr>
          </gpxtpx:TrackPointExtension>
        </extensions>
      </trkpt>
      <trkpt lat="-21.730527877807617" lon="166.1722469329834">
        <ele>25.200000762939453</ele>
        <time>2026-08-09T10:45:46Z</time>
        <extensions>
          <gpxtpx:TrackPointExtension>
            <gpxtpx:hr>135</gpxtpx:hr>
          </gpxtpx:TrackPointExtension>
        </extensions>
      </trkpt>
      <trkpt lat="-21.73082560300827" lon="166.17244005203247">
        <ele>24.200000762939453</ele>
        <time>2026-08-09T10:45:51Z</time>
        <extensions>
          <gpxtpx:TrackPointExtension>
            <gpxtpx:hr>136</gpxtpx:hr>
          </gpxtpx:TrackPointExtension>
        </extensions>
      </trkpt>
      <trkpt lat="-21.730961054563522" lon="166.17198944091797">
        <ele>22.600000381469727</ele>
        <time>2026-08-09T10:45:56Z</time>
        <extensions>
          <gpxtpx:TrackPointExtension>
            <gpxtpx:hr>139</gpxtpx:hr>
          </gpxtpx:TrackPointExtension>
        </extensions>
      </trkpt>
      <trkpt lat="-21.73131376504898" lon="166.17169976234436">
        <ele>21.0</ele>
        <time>2026-08-09T10:46:01Z</time>
        <extensions>
          <gpxtpx:TrackPointExtension>
            <gpxtpx:hr>138</gpxtpx:hr>
          </gpxtpx:TrackPointExtension>
        </extensions>
      </trkpt>
      <trkpt lat="-21.731469333171844" lon="166.17127060890198">
        <ele>19.799999237060547</ele>
        <time>2026-08-09T10:46:06Z</time>
        <extensions>
          <gpxtpx:TrackPointExtension>
            <gpxtpx:hr>140</gpxtpx:hr>
          </gpxtpx:TrackPointExtension>
        </extensions>
      </trkpt>
      <trkpt lat="-21.731842160224915" lon="166.17159247398376">
        <ele>18.399999618530273</ele>
        <time>2026-08-09T10:46:11Z</time>
        <extensions>
          <gpxtpx:TrackPointExtension>
            <gpxtpx:hr>140</gpxtpx:hr>
          </gpxtpx:TrackPointExtension>
        </extensions>
      </trkpt>
      <trkpt lat="-21.732229739427567" lon="166.17135643959045">
        <ele>16.399999618530273</ele>
        <time>2026-08-09T10:46:16Z</time>
        <extensions>
          <gpxtpx:TrackPointExtension>
            <gpxtpx:hr>140</gpxtpx:hr>
          </gpxtpx:TrackPointExtension>
        </extensions>
      </trkpt>
      <trkpt lat="-21.732614636421204" lon="166.17172122001648">
        <ele>15.0</ele>
        <time>2026-08-09T10:46:21Z</time>
        <extensions>
          <gpxtpx:TrackPointExtension>
            <gpxtpx:hr>140</gpxtpx:hr>
          </gpxtpx:TrackPointExtension>
        </extensions>
      </trkpt>
      <trkpt lat="-21.732992827892303" lon="166.1715602874756">
        <ele>13.399999618530273</ele>
        <time>2026-08-09T10:46:26Z</time>
        <extensions>
          <gpxtpx:TrackPointExtension>
            <gpxtpx:hr>140</gpxtpx:hr>
          </gpxtpx:TrackPointExtension>
        </extensions>
      </trkpt>
      <trkpt lat="-21.733075976371765" lon="166.17218255996704">
        <ele>14.399999618530273</ele>
        <time>2026-08-09T10:46:31Z</time>
        <extensions>
          <gpxtpx:TrackPointExtension>
            <gpxtpx:hr>140</gpxtpx:hr>
          </gpxtpx:TrackPointExtension>
        </extensions>
      </trkpt>
      <trkpt lat="-21.733485013246536" lon="166.17231130599976">
        <ele>16.200000762939453</ele>
        <time>2026-08-09T10:46:36Z</time>
        <extensions>
          <gpxtpx:TrackPointExtension>
            <gpxtpx:hr>139</gpxtpx:hr>
          </gpxtpx:TrackPointExtension>
        </extensions>
      </trkpt>
      <trkpt lat="-21.733742505311966" lon="166.1726438999176">
        <ele>17.399999618530273</ele>
        <time>2026-08-09T10:46:41Z</time>
        <extensions>
          <gpxtpx:TrackPointExtension>
            <gpxtpx:hr>140</gpxtpx:hr>
          </gpxtpx:TrackPointExtension>
        </extensions>
      </trkpt>
      <trkpt lat="-21.734001338481903" lon="166.1724293231964">
        <ele>18.799999237060547</ele>
        <time>2026-08-09T10:46:46Z</time>
        <extensions>
          <gpxtpx:TrackPointExtension>
            <gpxtpx:hr>141</gpxtpx:hr>
          </gpxtpx:TrackPointExtension>
        </extensions>
      </trkpt>
      <trkpt lat="-21.734280288219452" lon="166.17257952690125">
        <ele>20.0</ele>
        <time>2026-08-09T10:46:51Z</time>
        <extensions>
          <gpxtpx:TrackPointExtension>
            <gpxtpx:hr>140</gpxtpx:hr>
          </gpxtpx:TrackPointExtension>
        </extensions>
      </trkpt>
      <trkpt lat="-21.734466701745987" lon="166.17290139198303">
        <ele>21.399999618530273</ele>
        <time>2026-08-09T10:46:56Z</time>
        <extensions>
          <gpxtpx:TrackPointExtension>
            <gpxtpx:hr>139</gpxtpx:hr>
          </gpxtpx:TrackPointExtension>
        </extensions>
      </trkpt>
      <trkpt lat="-21.734768450260162" lon="166.1728048324585">
        <ele>22.799999237060547</ele>
        <time>2026-08-09T10:47:01Z</time>
        <extensions>
          <gpxtpx:TrackPointExtension>
            <gpxtpx:hr>140</gpxtpx:hr>
          </gpxtpx:TrackPointExtension>
        </extensions>
      </trkpt>
      <trkpt lat="-21.73501655459404" lon="166.17260098457336">
        <ele>24.0</ele>
        <time>2026-08-09T10:47:06Z</time>
        <extensions>
          <gpxtpx:TrackPointExtension>
            <gpxtpx:hr>140</gpxtpx:hr>
          </gpxtpx:TrackPointExtension>
        </extensions>
      </trkpt>
      <trkpt lat="-21.735292822122574" lon="166.1724078655243">
        <ele>24.600000381469727</ele>
        <time>2026-08-09T10:47:11Z</time>
        <extensions>
          <gpxtpx:TrackPointExtension>
            <gpxtpx:hr>139</gpxtpx:hr>
          </gpxtpx:TrackPointExtension>
        </extensions>
      </trkpt>
      <trkpt lat="-21.73555299639702" lon="166.17257952690125">
        <ele>23.799999237060547</ele>
        <time>2026-08-09T10:47:16Z</time>
        <extensions>
          <gpxtpx:TrackPointExtension>
            <gpxtpx:hr>137</gpxtpx:hr>
          </gpxtpx:TrackPointExtension>
        </extensions>
      </trkpt>
      <trkpt lat="-21.735485941171646" lon="166.17305159568787">
        <ele>23.0</ele>
        <time>2026-08-09T10:47:21Z</time>
        <extensions>
          <gpxtpx:TrackPointExtension>
            <gpxtpx:hr>137</gpxtpx:hr>
          </gpxtpx:TrackPointExtension>
        </extensions>
      </trkpt>
      <trkpt lat="-21.735853403806686" lon="166.17333054542542">
        <ele>21.600000381469727</ele>
        <time>2026-08-09T10:47:26Z</time>
        <extensions>
          <gpxtpx:TrackPointExtension>
            <gpxtpx:hr>136</gpxtpx:hr>
          </gpxtpx:TrackPointExtension>
        </extensions>
      </trkpt>
      <trkpt lat="-21.735960692167282" lon="166.1738884449005">
        <ele>20.399999618530273</ele>
        <time>2026-08-09T10:47:31Z</time>
        <extensions>
          <gpxtpx:TrackPointExtension>
            <gpxtpx:hr>136</gpxtpx:hr>
          </gpxtpx:TrackPointExtension>
        </extensions>
      </trkpt>
      <trkpt lat="-21.73644483089447" lon="166.17372751235962">
        <ele>19.799999237060547</ele>
        <time>2026-08-09T10:47:36Z</time>
        <extensions>
          <gpxtpx:TrackPointExtension>
            <gpxtpx:hr>140</gpxtpx:hr>
          </gpxtpx:TrackPointExtension>
        </extensions>
      </trkpt>
      <trkpt lat="-21.736588329076767" lon="166.1742639541626">
        <ele>18.399999618530273</ele>
        <time>2026-08-09T10:47:41Z</time>
        <extensions>
          <gpxtpx:TrackPointExtension>
            <gpxtpx:hr>140</gpxtpx:hr>
          </gpxtpx:TrackPointExtension>
        </extensions>
      </trkpt>
      <trkpt lat="-21.73663392663002" lon="166.17486476898193">
        <ele>17.200000762939453</ele>
        <time>2026-08-09T10:47:46Z</time>
        <extensions>
          <gpxtpx:TrackPointExtension>
            <gpxtpx:hr>140</gpxtpx:hr>
          </gpxtpx:TrackPointExtension>
        </extensions>
      </trkpt>
      <trkpt lat="-21.73668086528778" lon="166.17549777030945">
        <ele>15.800000190734863</ele>
        <time>2026-08-09T10:47:51Z</time>
        <extensions>
          <gpxtpx:TrackPointExtension>
            <gpxtpx:hr>140</gpxtpx:hr>
          </gpxtpx:TrackPointExtension>
        </extensions>
      </trkpt>
      <trkpt lat="-21.73690214753151" lon="166.17605566978455">
        <ele>14.199999809265137</ele>
        <time>2026-08-09T10:47:56Z</time>
        <extensions>
          <gpxtpx:TrackPointExtension>
            <gpxtpx:hr>139</gpxtpx:hr>
          </gpxtpx:TrackPointExtension>
        </extensions>
      </trkpt>
      <trkpt lat="-21.737356781959534" lon="166.17648482322693">
        <ele>13.199999809265137</ele>
        <time>2026-08-09T10:48:01Z</time>
        <extensions>
          <gpxtpx:TrackPointExtension>
            <gpxtpx:hr>140</gpxtpx:hr>
          </gpxtpx:TrackPointExtension>
        </extensions>
      </trkpt>
      <trkpt lat="-21.73779398202896" lon="166.17690324783325">
        <ele>13.0</ele>
        <time>2026-08-09T10:48:06Z</time>
        <extensions>
          <gpxtpx:TrackPointExtension>
            <gpxtpx:hr>140</gpxtpx:hr>
          </gpxtpx:TrackPointExtension>
        </extensions>
      </trkpt>
      <trkpt lat="-21.738268733024597" lon="166.1770212650299">
        <ele>13.0</ele>
        <time>2026-08-09T10:48:11Z</time>
        <extensions>
          <gpxtpx:TrackPointExtension>
            <gpxtpx:hr>139</gpxtpx:hr>
          </gpxtpx:TrackPointExtension>
        </extensions>
      </trkpt>
      <trkpt lat="-21.738504767417908" lon="166.17650628089905">
        <ele>13.0</ele>
        <time>2026-08-09T10:48:16Z</time>
        <extensions>
          <gpxtpx:TrackPointExtension>
            <gpxtpx:hr>139</gpxtpx:hr>
          </gpxtpx:TrackPointExtension>
        </extensions>
      </trkpt>
      <trkpt lat="-21.738701909780502" lon="166.17598056793213">
        <ele>13.0</ele>
        <time>2026-08-09T10:48:21Z</time>
        <extensions>
          <gpxtpx:TrackPointExtension>
            <gpxtpx:hr>138</gpxtpx:hr>
          </gpxtpx:TrackPointExtension>
        </extensions>
      </trkpt>
      <trkpt lat="-21.738873571157455" lon="166.17546558380127">
        <ele>13.0</ele>
        <time>2026-08-09T10:48:26Z</time>
        <extensions>
          <gpxtpx:TrackPointExtension>
            <gpxtpx:hr>135</gpxtpx:hr>
          </gpxtpx:TrackPointExtension>
        </extensions>
      </trkpt>
      <trkpt lat="-21.73873409628868" lon="166.17499351501465">
        <ele>13.0</ele>
        <time>2026-08-09T10:48:31Z</time>
        <extensions>
          <gpxtpx:TrackPointExtension>
            <gpxtpx:hr>135</gpxtpx:hr>
          </gpxtpx:TrackPointExtension>
        </extensions>
      </trkpt>
      <trkpt lat="-21.738392114639282" lon="166.17459654808044">
        <ele>13.0</ele>
        <time>2026-08-09T10:48:36Z</time>
        <extensions>
          <gpxtpx:TrackPointExtension>
            <gpxtpx:hr>135</gpxtpx:hr>
          </gpxtpx:TrackPointExtension>
        </extensions>
      </trkpt>
      <trkpt lat="-21.73805147409439" lon="166.17423176765442">
        <ele>13.0</ele>
        <time>2026-08-09T10:48:41Z</time>
        <extensions>
          <gpxtpx:TrackPointExtension>
            <gpxtpx:hr>135</gpxtpx:hr>
          </gpxtpx:TrackPointExtension>
        </extensions>
      </trkpt>
      <trkpt lat="-21.73772156238556" lon="166.17383480072021">
        <ele>13.0</ele>
        <time>2026-08-09T10:48:46Z</time>
        <extensions>
          <gpxtpx:TrackPointExtension>
            <gpxtpx:hr>132</gpxtpx:hr>
          </gpxtpx:TrackPointExtension>
        </extensions>
      </trkpt>
      <trkpt lat="-21.737692058086395" lon="166.17334127426147">
        <ele>13.0</ele>
        <time>2026-08-09T10:48:51Z</time>
        <extensions>
          <gpxtpx:TrackPointExtension>
            <gpxtpx:hr>133</gpxtpx:hr>
          </gpxtpx:TrackPointExtension>
        </extensions>
      </trkpt>
      <trkpt lat="-21.737971007823944" lon="166.17290139198303">
        <ele>13.0</ele>
        <time>2026-08-09T10:48:56Z</time>
        <extensions>
          <gpxtpx:TrackPointExtension>
            <gpxtpx:hr>135</gpxtpx:hr>
          </gpxtpx:TrackPointExtension>
        </extensions>
      </trkpt>
      <trkpt lat="-21.738263368606567" lon="166.17247223854065">
        <ele>13.0</ele>
        <time>2026-08-09T10:49:01Z</time>
        <extensions>
          <gpxtpx:TrackPointExtension>
            <gpxtpx:hr>133</gpxtpx:hr>
          </gpxtpx:TrackPointExtension>
        </extensions>
      </trkpt>
      <trkpt lat="-21.738549023866653" lon="166.17204308509827">
        <ele>13.0</ele>
        <time>2026-08-09T10:49:06Z</time>
        <extensions>
          <gpxtpx:TrackPointExtension>
            <gpxtpx:hr>133</gpxtpx:hr>
          </gpxtpx:TrackPointExtension>
        </extensions>
      </trkpt>
      <trkpt lat="-21.738833338022232" lon="166.171635389328">
        <ele>13.0</ele>
        <time>2026-08-09T10:49:11Z</time>
        <extensions>
          <gpxtpx:TrackPointExtension>
            <gpxtpx:hr>133</gpxtpx:hr>
          </gpxtpx:TrackPointExtension>
        </extensions>
      </trkpt>
      <trkpt lat="-21.73909083008766" lon="166.17119550704956">
        <ele>13.0</ele>
        <time>2026-08-09T10:49:16Z</time>
        <extensions>
          <gpxtpx:TrackPointExtension>
            <gpxtpx:hr>132</gpxtpx:hr>
          </gpxtpx:TrackPointExtension>
        </extensions>
      </trkpt>
      <trkpt lat="-21.739271879196167" lon="166.17070198059082">
        <ele>13.0</ele>
        <time>2026-08-09T10:49:21Z</time>
        <extensions>
          <gpxtpx:TrackPointExtension>
            <gpxtpx:hr>134</gpxtpx:hr>
          </gpxtpx:TrackPointExtension>
        </extensions>
      </trkpt>
      <trkpt lat="-21.739395260810852" lon="166.17019772529602">
        <ele>13.0</ele>
        <time>2026-08-09T10:49:26Z</time>
        <extensions>
          <gpxtpx:TrackPointExtension>
            <gpxtpx:hr>135</gpxtpx:hr>
          </gpxtpx:TrackPointExtension>
        </extensions>
      </trkpt>
      <trkpt lat="-21.739447563886642" lon="166.16968274116516">
        <ele>13.0</ele>
        <time>2026-08-09T10:49:31Z</time>
        <extensions>
          <gpxtpx:TrackPointExtension>
            <gpxtpx:hr>134</gpxtpx:hr>
          </gpxtpx:TrackPointExtension>
        </extensions>
      </trkpt>
      <trkpt lat="-21.739462316036224" lon="166.1691677570343">
        <ele>13.0</ele>
        <time>2026-08-09T10:49:36Z</time>
        <extensions>
          <gpxtpx:TrackPointExtension>
            <gpxtpx:hr>134</gpxtpx:hr>
          </gpxtpx:TrackPointExtension>
        </extensions>
      </trkpt>
      <trkpt lat="-21.73946499824524" lon="166.16864204406738">
        <ele>13.0</ele>
        <time>2026-08-09T10:49:41Z</time>
        <extensions>
          <gpxtpx:TrackPointExtension>
            <gpxtpx:hr>138</gpxtpx:hr>
          </gpxtpx:TrackPointExtension>
        </extensions>
      </trkpt>
      <trkpt lat="-21.739431470632553" lon="166.16812705993652">
        <ele>13.0</ele>
        <time>2026-08-09T10:49:46Z</time>
        <extensions>
          <gpxtpx:TrackPointExtension>
            <gpxtpx:hr>136</gpxtpx:hr>
          </gpxtpx:TrackPointExtension>
        </extensions>
      </trkpt>
      <trkpt lat="-21.73927590250969" lon="166.16762280464172">
        <ele>13.0</ele>
        <time>2026-08-09T10:49:51Z</time>
        <extensions>
          <gpxtpx:TrackPointExtension>
            <gpxtpx:hr>133</gpxtpx:hr>
          </gpxtpx:TrackPointExtension>
        </extensions>
      </trkpt>
      <trkpt lat="-21.739069372415543" lon="166.1671507358551">
        <ele>13.0</ele>
        <time>2026-08-09T10:49:56Z</time>
        <extensions>
          <gpxtpx:TrackPointExtension>
            <gpxtpx:hr>136</gpxtpx:hr>
          </gpxtpx:TrackPointExtension>
        </extensions>
      </trkpt>
      <trkpt lat="-21.738830655813217" lon="166.16668939590454">
        <ele>13.0</ele>
        <time>2026-08-09T10:50:01Z</time>
        <extensions>
          <gpxtpx:TrackPointExtension>
            <gpxtpx:hr>137</gpxtpx:hr>
          </gpxtpx:TrackPointExtension>
        </extensions>
      </trkpt>
      <trkpt lat="-21.738459169864655" lon="166.16636753082275">
        <ele>13.0</ele>
        <time>2026-08-09T10:50:06Z</time>
        <extensions>
          <gpxtpx:TrackPointExtension>
            <gpxtpx:hr>135</gpxtpx:hr>
          </gpxtpx:TrackPointExtension>
        </extensions>
      </trkpt>
      <trkpt lat="-21.73811048269272" lon="166.16602420806885">
        <ele>13.0</ele>
        <time>2026-08-09T10:50:11Z</time>
        <extensions>
          <gpxtpx:TrackPointExtension>
            <gpxtpx:hr>133</gpxtpx:hr>
          </gpxtpx:TrackPointExtension>
        </extensions>
      </trkpt>
      <trkpt lat="-21.73804745078087" lon="166.16551995277405">
        <ele>13.0</ele>
        <time>2026-08-09T10:50:16Z</time>
        <extensions>
          <gpxtpx:TrackPointExtension>
            <gpxtpx:hr>133</gpxtpx:hr>
          </gpxtpx:TrackPointExtension>
        </extensions>
      </trkpt>
      <trkpt lat="-21.7380528151989" lon="166.16499423980713">
        <ele>13.0</ele>
        <time>2026-08-09T10:50:21Z</time>
        <extensions>
          <gpxtpx:TrackPointExtension>
            <gpxtpx:hr>133</gpxtpx:hr>
          </gpxtpx:TrackPointExtension>
        </extensions>
      </trkpt>
      <trkpt lat="-21.738021969795227" lon="166.16448998451233">
        <ele>13.0</ele>
        <time>2026-08-09T10:50:26Z</time>
        <extensions>
          <gpxtpx:TrackPointExtension>
            <gpxtpx:hr>133</gpxtpx:hr>
          </gpxtpx:TrackPointExtension>
        </extensions>
      </trkpt>
      <trkpt lat="-21.738005876541138" lon="166.16397500038147">
        <ele>13.0</ele>
        <time>2026-08-09T10:50:31Z</time>
        <extensions>
          <gpxtpx:TrackPointExtension>
            <gpxtpx:hr>134</gpxtpx:hr>
          </gpxtpx:TrackPointExtension>
        </extensions>
      </trkpt>
      <trkpt lat="-21.738021969795227" lon="166.1634600162506">
        <ele>13.0</ele>
        <time>2026-08-09T10:50:36Z</time>
        <extensions>
          <gpxtpx:TrackPointExtension>
            <gpxtpx:hr>136</gpxtpx:hr>
          </gpxtpx:TrackPointExtension>
        </extensions>
      </trkpt>
      <trkpt lat="-21.738279461860657" lon="166.16299867630005">
        <ele>13.0</ele>
        <time>2026-08-09T10:50:41Z</time>
        <extensions>
          <gpxtpx:TrackPointExtension>
            <gpxtpx:hr>137</gpxtpx:hr>
          </gpxtpx:TrackPointExtension>
        </extensions>
      </trkpt>
      <trkpt lat="-21.738663017749786" lon="166.1626660823822">
        <ele>13.0</ele>
        <time>2026-08-09T10:50:46Z</time>
        <extensions>
          <gpxtpx:TrackPointExtension>
            <gpxtpx:hr>136</gpxtpx:hr>
          </gpxtpx:TrackPointExtension>
        </extensions>
      </trkpt>
      <trkpt lat="-21.739031821489334" lon="166.16230130195618">
        <ele>13.0</ele>
        <time>2026-08-09T10:50:51Z</time>
        <extensions>
          <gpxtpx:TrackPointExtension>
            <gpxtpx:hr>135</gpxtpx:hr>
          </gpxtpx:TrackPointExtension>
        </extensions>
      </trkpt>
      <trkpt lat="-21.73941269516945" lon="166.1619794368744">
        <ele>13.0</ele>
        <time>2026-08-09T10:50:56Z</time>
        <extensions>
          <gpxtpx:TrackPointExtension>
            <gpxtpx:hr>133</gpxtpx:hr>
          </gpxtpx:TrackPointExtension>
        </extensions>
      </trkpt>
      <trkpt lat="-21.739750653505325" lon="166.16159319877625">
        <ele>13.0</ele>
        <time>2026-08-09T10:51:01Z</time>
        <extensions>
          <gpxtpx:TrackPointExtension>
            <gpxtpx:hr>134</gpxtpx:hr>
          </gpxtpx:TrackPointExtension>
        </extensions>
      </trkpt>
      <trkpt lat="-21.740049719810486" lon="166.16118550300598">
        <ele>13.0</ele>
        <time>2026-08-09T10:51:06Z</time>
        <extensions>
          <gpxtpx:TrackPointExtension>
            <gpxtpx:hr>134</gpxtpx:hr>
          </gpxtpx:TrackPointExtension>
        </extensions>
      </trkpt>
      <trkpt lat="-21.74037829041481" lon="166.16079926490784">
        <ele>13.0</ele>
        <time>2026-08-09T10:51:11Z</time>
        <extensions>
          <gpxtpx:TrackPointExtension>
            <gpxtpx:hr>135</gpxtpx:hr>
          </gpxtpx:TrackPointExtension>
        </extensions>
      </trkpt>
      <trkpt lat="-21.74080342054367" lon="166.1605417728424">
        <ele>13.0</ele>
        <time>2026-08-09T10:51:16Z</time>
        <extensions>
          <gpxtpx:TrackPointExtension>
            <gpxtpx:hr>135</gpxtpx:hr>
          </gpxtpx:TrackPointExtension>
        </extensions>
      </trkpt>
      <trkpt lat="-21.74117088317871" lon="166.16021990776062">
        <ele>13.0</ele>
        <time>2026-08-09T10:51:21Z</time>
        <extensions>
          <gpxtpx:TrackPointExtension>
            <gpxtpx:hr>134</gpxtpx:hr>
          </gpxtpx:TrackPointExtension>
        </extensions>
      </trkpt>
      <trkpt lat="-21.741358637809753" lon="166.159747838974">
        <ele>13.0</ele>
        <time>2026-08-09T10:51:26Z</time>
        <extensions>
          <gpxtpx:TrackPointExtension>
            <gpxtpx:hr>134</gpxtpx:hr>
          </gpxtpx:TrackPointExtension>
        </extensions>
      </trkpt>
      <trkpt lat="-21.74141764640808" lon="166.15923285484314">
        <ele>13.0</ele>
        <time>2026-08-09T10:51:31Z</time>
        <extensions>
          <gpxtpx:TrackPointExtension>
            <gpxtpx:hr>133</gpxtpx:hr>
          </gpxtpx:TrackPointExtension>
        </extensions>
      </trkpt>
      <trkpt lat="-21.741610765457153" lon="166.15876078605652">
        <ele>12.800000190734863</ele>
        <time>2026-08-09T10:51:36Z</time>
        <extensions>
          <gpxtpx:TrackPointExtension>
            <gpxtpx:hr>133</gpxtpx:hr>
          </gpxtpx:TrackPointExtension>
        </extensions>
      </trkpt>
      <trkpt lat="-21.741924583911896" lon="166.15836381912231">
        <ele>12.600000381469727</ele>
        <time>2026-08-09T10:51:41Z</time>
        <extensions>
          <gpxtpx:TrackPointExtension>
            <gpxtpx:hr>133</gpxtpx:hr>
          </gpxtpx:TrackPointExtension>
        </extensions>
      </trkpt>
      <trkpt lat="-21.7422316968441" lon="166.157945394516">
        <ele>12.800000190734863</ele>
        <time>2026-08-09T10:51:46Z</time>
        <extensions>
          <gpxtpx:TrackPointExtension>
            <gpxtpx:hr>132</gpxtpx:hr>
          </gpxtpx:TrackPointExtension>
        </extensions>
      </trkpt>
      <trkpt lat="-21.7425374686718" lon="166.1575484275818">
        <ele>12.800000190734863</ele>
        <time>2026-08-09T10:51:51Z</time>
        <extensions>
          <gpxtpx:TrackPointExtension>
            <gpxtpx:hr>132</gpxtpx:hr>
          </gpxtpx:TrackPointExtension>
        </extensions>
      </trkpt>
      <trkpt lat="-21.742837876081467" lon="166.1571729183197">
        <ele>12.800000190734863</ele>
        <time>2026-08-09T10:51:56Z</time>
        <extensions>
          <gpxtpx:TrackPointExtension>
            <gpxtpx:hr>132</gpxtpx:hr>
          </gpxtpx:TrackPointExtension>
        </extensions>
      </trkpt>
      <trkpt lat="-21.743147671222687" lon="166.15678668022156">
        <ele>12.600000381469727</ele>
        <time>2026-08-09T10:52:01Z</time>
        <extensions>
          <gpxtpx:TrackPointExtension>
            <gpxtpx:hr>129</gpxtpx:hr>
          </gpxtpx:TrackPointExtension>
        </extensions>
      </trkpt>
      <trkpt lat="-21.74345076084137" lon="166.15638971328735">
        <ele>12.600000381469727</ele>
        <time>2026-08-09T10:52:06Z</time>
        <extensions>
          <gpxtpx:TrackPointExtension>
            <gpxtpx:hr>128</gpxtpx:hr>
          </gpxtpx:TrackPointExtension>
        </extensions>
      </trkpt>
      <trkpt lat="-21.743830293416977" lon="166.15610003471375">
        <ele>13.0</ele>
        <time>2026-08-09T10:52:11Z</time>
        <extensions>
          <gpxtpx:TrackPointExtension>
            <gpxtpx:hr>127</gpxtpx:hr>
          </gpxtpx:TrackPointExtension>
        </extensions>
      </trkpt>
      <trkpt lat="-21.744204461574554" lon="166.15581035614014">
        <ele>13.0</ele>
        <time>2026-08-09T10:52:16Z</time>
        <extensions>
          <gpxtpx:TrackPointExtension>
            <gpxtpx:hr>127</gpxtpx:hr>
          </gpxtpx:TrackPointExtension>
        </extensions>
      </trkpt>
      <trkpt lat="-21.744376122951508" lon="166.15538120269775">
        <ele>13.0</ele>
        <time>2026-08-09T10:52:21Z</time>
        <extensions>
          <gpxtpx:TrackPointExtension>
            <gpxtpx:hr>130</gpxtpx:hr>
          </gpxtpx:TrackPointExtension>
        </extensions>
      </trkpt>
      <trkpt lat="-21.74423396587372" lon="166.15490913391113">
        <ele>13.0</ele>
        <time>2026-08-09T10:52:26Z</time>
        <extensions>
          <gpxtpx:TrackPointExtension>
            <gpxtpx:hr>132</gpxtpx:hr>
          </gpxtpx:TrackPointExtension>
        </extensions>
      </trkpt>
      <trkpt lat="-21.743779331445694" lon="166.15479111671448">
        <ele>13.0</ele>
        <time>2026-08-09T10:52:31Z</time>
        <extensions>
          <gpxtpx:TrackPointExtension>
            <gpxtpx:hr>132</gpxtpx:hr>
          </gpxtpx:TrackPointExtension>
        </extensions>
      </trkpt>
      <trkpt lat="-21.74340918660164" lon="166.15455508232117">
        <ele>13.0</ele>
        <time>2026-08-09T10:52:36Z</time>
        <extensions>
          <gpxtpx:TrackPointExtension>
            <gpxtpx:hr>133</gpxtpx:hr>
          </gpxtpx:TrackPointExtension>
        </extensions>
      </trkpt>
      <trkpt lat="-21.74352318048477" lon="166.1540722846985">
        <ele>13.0</ele>
        <time>2026-08-09T10:52:41Z</time>
        <extensions>
          <gpxtpx:TrackPointExtension>
            <gpxtpx:hr>135</gpxtpx:hr>
          </gpxtpx:TrackPointExtension>
        </extensions>
      </trkpt>
      <trkpt lat="-21.74326702952385" lon="166.1536431312561">
        <ele>13.0</ele>
        <time>2026-08-09T10:52:46Z</time>
        <extensions>
          <gpxtpx:TrackPointExtension>
            <gpxtpx:hr>133</gpxtpx:hr>
          </gpxtpx:TrackPointExtension>
        </extensions>
      </trkpt>
      <trkpt lat="-21.742945164442062" lon="166.15326762199402">
        <ele>13.0</ele>
        <time>2026-08-09T10:52:51Z</time>
        <extensions>
          <gpxtpx:TrackPointExtension>
            <gpxtpx:hr>134</gpxtpx:hr>
          </gpxtpx:TrackPointExtension>
        </extensions>
      </trkpt>
      <trkpt lat="-21.742701083421707" lon="166.15283846855164">
        <ele>13.0</ele>
        <time>2026-08-09T10:52:56Z</time>
        <extensions>
          <gpxtpx:TrackPointExtension>
            <gpxtpx:hr>134</gpxtpx:hr>
          </gpxtpx:TrackPointExtension>
        </extensions>
      </trkpt>
      <trkpt lat="-21.742693036794662" lon="166.15231275558472">
        <ele>13.0</ele>
        <time>2026-08-09T10:53:01Z</time>
        <extensions>
          <gpxtpx:TrackPointExtension>
            <gpxtpx:hr>132</gpxtpx:hr>
          </gpxtpx:TrackPointExtension>
        </extensions>
      </trkpt>
      <trkpt lat="-21.742985397577286" lon="166.1519157886505">
        <ele>13.0</ele>
        <time>2026-08-09T10:53:06Z</time>
        <extensions>
          <gpxtpx:TrackPointExtension>
            <gpxtpx:hr>133</gpxtpx:hr>
          </gpxtpx:TrackPointExtension>
        </extensions>
      </trkpt>
      <trkpt lat="-21.74348697066307" lon="166.152001619339">
        <ele>13.0</ele>
        <time>2026-08-09T10:53:11Z</time>
        <extensions>
          <gpxtpx:TrackPointExtension>
            <gpxtpx:hr>132</gpxtpx:hr>
          </gpxtpx:TrackPointExtension>
        </extensions>
      </trkpt>
      <trkpt lat="-21.743957698345184" lon="166.15222692489624">
        <ele>13.0</ele>
        <time>2026-08-09T10:53:16Z</time>
        <extensions>
          <gpxtpx:TrackPointExtension>
            <gpxtpx:hr>132</gpxtpx:hr>
          </gpxtpx:TrackPointExtension>
        </extensions>
      </trkpt>
      <trkpt lat="-21.74445390701294" lon="166.1522376537323">
        <ele>13.0</ele>
        <time>2026-08-09T10:53:21Z</time>
        <extensions>
          <gpxtpx:TrackPointExtension>
            <gpxtpx:hr>132</gpxtpx:hr>
          </gpxtpx:TrackPointExtension>
        </extensions>
      </trkpt>
      <trkpt lat="-21.74477443099022" lon="166.15180850028992">
        <ele>13.0</ele>
        <time>2026-08-09T10:53:26Z</time>
        <extensions>
          <gpxtpx:TrackPointExtension>
            <gpxtpx:hr>132</gpxtpx:hr>
          </gpxtpx:TrackPointExtension>
        </extensions>
      </trkpt>
      <trkpt lat="-21.74488440155983" lon="166.151282787323">
        <ele>13.0</ele>
        <time>2026-08-09T10:53:31Z</time>
        <extensions>
          <gpxtpx:TrackPointExtension>
            <gpxtpx:hr>133</gpxtpx:hr>
          </gpxtpx:TrackPointExtension>
        </extensions>
      </trkpt>
      <trkpt lat="-21.74452230334282" lon="166.15092873573303">
        <ele>13.0</ele>
        <time>2026-08-09T10:53:36Z</time>
        <extensions>
          <gpxtpx:TrackPointExtension>
            <gpxtpx:hr>131</gpxtpx:hr>
          </gpxtpx:TrackPointExtension>
        </extensions>
      </trkpt>
      <trkpt lat="-21.744247376918793" lon="166.15053176879883">
        <ele>13.0</ele>
        <time>2026-08-09T10:53:41Z</time>
        <extensions>
          <gpxtpx:TrackPointExtension>
            <gpxtpx:hr>133</gpxtpx:hr>
          </gpxtpx:TrackPointExtension>
        </extensions>
      </trkpt>
      <trkpt lat="-21.744444519281387" lon="166.15004897117615">
        <ele>13.0</ele>
        <time>2026-08-09T10:53:46Z</time>
        <extensions>
          <gpxtpx:TrackPointExtension>
            <gpxtpx:hr>132</gpxtpx:hr>
          </gpxtpx:TrackPointExtension>
        </extensions>
      </trkpt>
      <trkpt lat="-21.744423061609268" lon="166.14954471588135">
        <ele>13.0</ele>
        <time>2026-08-09T10:53:51Z</time>
        <extensions>
          <gpxtpx:TrackPointExtension>
            <gpxtpx:hr>132</gpxtpx:hr>
          </gpxtpx:TrackPointExtension>
        </extensions>
      </trkpt>
      <trkpt lat="-21.74413874745369" lon="166.1490833759308">
        <ele>13.0</ele>
        <time>2026-08-09T10:53:56Z</time>
        <extensions>
          <gpxtpx:TrackPointExtension>
            <gpxtpx:hr>132</gpxtpx:hr>
          </gpxtpx:TrackPointExtension>
        </extensions>
      </trkpt>
      <trkpt lat="-21.743690818548203" lon="166.14898681640625">
        <ele>13.0</ele>
        <time>2026-08-09T10:54:01Z</time>
        <extensions>
          <gpxtpx:TrackPointExtension>
            <gpxtpx:hr>132</gpxtpx:hr>
          </gpxtpx:TrackPointExtension>
        </extensions>
      </trkpt>
      <trkpt lat="-21.74322009086609" lon="166.14919066429138">
        <ele>13.0</ele>
        <time>2026-08-09T10:54:06Z</time>
        <extensions>
          <gpxtpx:TrackPointExtension>
            <gpxtpx:hr>133</gpxtpx:hr>
          </gpxtpx:TrackPointExtension>
        </extensions>
      </trkpt>
      <trkpt lat="-21.742723882198334" lon="166.14906191825867">
        <ele>13.0</ele>
        <time>2026-08-09T10:54:11Z</time>
        <extensions>
          <gpxtpx:TrackPointExtension>
            <gpxtpx:hr>133</gpxtpx:hr>
          </gpxtpx:TrackPointExtension>
        </extensions>
      </trkpt>
      <trkpt lat="-21.742375195026398" lon="166.14869713783264">
        <ele>13.0</ele>
        <time>2026-08-09T10:54:16Z</time>
        <extensions>
          <gpxtpx:TrackPointExtension>
            <gpxtpx:hr>136</gpxtpx:hr>
          </gpxtpx:TrackPointExtension>
        </extensions>
      </trkpt>
      <trkpt lat="-21.74191117286682" lon="166.14856839179993">
        <ele>13.0</ele>
        <time>2026-08-09T10:54:21Z</time>
        <extensions>
          <gpxtpx:TrackPointExtension>
            <gpxtpx:hr>136</gpxtpx:hr>
          </gpxtpx:TrackPointExtension>
        </extensions>
      </trkpt>
      <trkpt lat="-21.741516888141632" lon="166.14824652671814">
        <ele>13.0</ele>
        <time>2026-08-09T10:54:26Z</time>
        <extensions>
          <gpxtpx:TrackPointExtension>
            <gpxtpx:hr>136</gpxtpx:hr>
          </gpxtpx:TrackPointExtension>
        </extensions>
      </trkpt>
      <trkpt lat="-21.741178929805756" lon="166.14858984947205">
        <ele>13.0</ele>
        <time>2026-08-09T10:54:31Z</time>
        <extensions>
          <gpxtpx:TrackPointExtension>
            <gpxtpx:hr>136</gpxtpx:hr>
          </gpxtpx:TrackPointExtension>
        </extensions>
      </trkpt>
      <trkpt lat="-21.74085035920143" lon="166.14893317222595">
        <ele>13.0</ele>
        <time>2026-08-09T10:54:36Z</time>
        <extensions>
          <gpxtpx:TrackPointExtension>
            <gpxtpx:hr>136</gpxtpx:hr>
          </gpxtpx:TrackPointExtension>
        </extensions>
      </trkpt>
      <trkpt lat="-21.740375608205795" lon="166.14900827407837">
        <ele>13.0</ele>
        <time>2026-08-09T10:54:41Z</time>
        <extensions>
          <gpxtpx:TrackPointExtension>
            <gpxtpx:hr>136</gpxtpx:hr>
          </gpxtpx:TrackPointExtension>
        </extensions>
      </trkpt>
      <trkpt lat="-21.739918291568756" lon="166.14920139312744">
        <ele>13.0</ele>
        <time>2026-08-09T10:54:46Z</time>
        <extensions>
          <gpxtpx:TrackPointExtension>
            <gpxtpx:hr>136</gpxtpx:hr>
          </gpxtpx:TrackPointExtension>
        </extensions>
      </trkpt>
      <trkpt lat="-21.739493161439896" lon="166.1494481563568">
        <ele>13.0</ele>
        <time>2026-08-09T10:54:51Z</time>
        <extensions>
          <gpxtpx:TrackPointExtension>
            <gpxtpx:hr>135</gpxtpx:hr>
          </gpxtpx:TrackPointExtension>
        </extensions>
      </trkpt>
      <trkpt lat="-21.73944354057312" lon="166.14994168281555">
        <ele>13.0</ele>
        <time>2026-08-09T10:54:56Z</time>
        <extensions>
          <gpxtpx:TrackPointExtension>
            <gpxtpx:hr>134</gpxtpx:hr>
          </gpxtpx:TrackPointExtension>
        </extensions>
      </trkpt>
      <trkpt lat="-21.73984184861183" lon="166.15023136138916">
        <ele>13.0</ele>
        <time>2026-08-09T10:55:01Z</time>
        <extensions>
          <gpxtpx:TrackPointExtension>
            <gpxtpx:hr>134</gpxtpx:hr>
          </gpxtpx:TrackPointExtension>
        </extensions>
      </trkpt>
      <trkpt lat="-21.739998757839203" lon="166.15068197250366">
        <ele>13.0</ele>
        <time>2026-08-09T10:55:06Z</time>
        <extensions>
          <gpxtpx:TrackPointExtension>
            <gpxtpx:hr>134</gpxtpx:hr>
          </gpxtpx:TrackPointExtension>
        </extensions>
      </trkpt>
      <trkpt lat="-21.73980563879013" lon="166.15114331245422">
        <ele>13.0</ele>
        <time>2026-08-09T10:55:11Z</time>
        <extensions>
          <gpxtpx:TrackPointExtension>
            <gpxtpx:hr>136</gpxtpx:hr>
          </gpxtpx:TrackPointExtension>
        </extensions>
      </trkpt>
      <trkpt lat="-21.73932284116745" lon="166.15115404129028">
        <ele>13.0</ele>
        <time>2026-08-09T10:55:16Z</time>
        <extensions>
          <gpxtpx:TrackPointExtension>
            <gpxtpx:hr>138</gpxtpx:hr>
          </gpxtpx:TrackPointExtension>
        </extensions>
      </trkpt>
      <trkpt lat="-21.73902377486229" lon="166.15147590637207">
        <ele>13.0</ele>
        <time>2026-08-09T10:55:21Z</time>
        <extensions>
          <gpxtpx:TrackPointExtension>
            <gpxtpx:hr>138</gpxtpx:hr>
          </gpxtpx:TrackPointExtension>
        </extensions>
      </trkpt>
      <trkpt lat="-21.738873571157455" lon="166.1519479751587">
        <ele>13.0</ele>
        <time>2026-08-09T10:55:26Z</time>
        <extensions>
          <gpxtpx:TrackPointExtension>
            <gpxtpx:hr>136</gpxtpx:hr>
          </gpxtpx:TrackPointExtension>
        </extensions>
      </trkpt>
      <trkpt lat="-21.738436371088028" lon="166.15222692489624">
        <ele>13.199999809265137</ele>
        <time>2026-08-09T10:55:31Z</time>
        <extensions>
          <gpxtpx:TrackPointExtension>
            <gpxtpx:hr>136</gpxtpx:hr>
          </gpxtpx:TrackPointExtension>
        </extensions>
      </trkpt>
      <trkpt lat="-21.7379629611969" lon="166.15237712860107">
        <ele>13.800000190734863</ele>
        <time>2026-08-09T10:55:36Z</time>
        <extensions>
          <gpxtpx:TrackPointExtension>
            <gpxtpx:hr>135</gpxtpx:hr>
          </gpxtpx:TrackPointExtension>
        </extensions>
      </trkpt>
      <trkpt lat="-21.73751637339592" lon="166.15259170532227">
        <ele>14.399999618530273</ele>
        <time>2026-08-09T10:55:41Z</time>
        <extensions>
          <gpxtpx:TrackPointExtension>
            <gpxtpx:hr>136</gpxtpx:hr>
          </gpxtpx:TrackPointExtension>
        </extensions>
      </trkpt>
      <trkpt lat="-21.737051010131836" lon="166.1527419090271">
        <ele>14.199999809265137</ele>
        <time>2026-08-09T10:55:46Z</time>
        <extensions>
          <gpxtpx:TrackPointExtension>
            <gpxtpx:hr>137</gpxtpx:hr>
          </gpxtpx:TrackPointExtension>
        </extensions>
      </trkpt>
      <trkpt lat="-21.736561506986618" lon="166.15287065505981">
        <ele>14.199999809265137</ele>
        <time>2026-08-09T10:55:51Z</time>
        <extensions>
          <gpxtpx:TrackPointExtension>
            <gpxtpx:hr>137</gpxtpx:hr>
          </gpxtpx:TrackPointExtension>
        </extensions>
      </trkpt>
      <trkpt lat="-21.736069321632385" lon="166.15298867225647">
        <ele>14.199999809265137</ele>
        <time>2026-08-09T10:55:56Z</time>
        <extensions>
          <gpxtpx:TrackPointExtension>
            <gpxtpx:hr>136</gpxtpx:hr>
          </gpxtpx:TrackPointExtension>
        </extensions>
      </trkpt>
      <trkpt lat="-21.73557847738266" lon="166.15310668945312">
        <ele>14.199999809265137</ele>
        <time>2026-08-09T10:56:01Z</time>
        <extensions>
          <gpxtpx:TrackPointExtension>
            <gpxtpx:hr>136</gpxtpx:hr>
          </gpxtpx:TrackPointExtension>
        </extensions>
      </trkpt>
      <trkpt lat="-21.735088974237442" lon="166.15323543548584">
        <ele>14.199999809265137</ele>
        <time>2026-08-09T10:56:06Z</time>
        <extensions>
          <gpxtpx:TrackPointExtension>
            <gpxtpx:hr>136</gpxtpx:hr>
          </gpxtpx:TrackPointExtension>
        </extensions>
      </trkpt>
      <trkpt lat="-21.73460081219673" lon="166.15334272384644">
        <ele>14.199999809265137</ele>
        <time>2026-08-09T10:56:11Z</time>
        <extensions>
          <gpxtpx:TrackPointExtension>
            <gpxtpx:hr>136</gpxtpx:hr>
          </gpxtpx:TrackPointExtension>
        </extensions>
      </trkpt>
      <trkpt lat="-21.734131425619125" lon="166.15312814712524">
        <ele>13.399999618530273</ele>
        <time>2026-08-09T10:56:16Z</time>
        <extensions>
          <gpxtpx:TrackPointExtension>
            <gpxtpx:hr>136</gpxtpx:hr>
          </gpxtpx:TrackPointExtension>
        </extensions>
      </trkpt>
      <trkpt lat="-21.73359364271164" lon="166.15312814712524">
        <ele>13.0</ele>
        <time>2026-08-09T10:56:21Z</time>
        <extensions>
          <gpxtpx:TrackPointExtension>
            <gpxtpx:hr>137</gpxtpx:hr>
          </gpxtpx:TrackPointExtension>
        </extensions>
      </trkpt>
      <trkpt lat="-21.73305183649063" lon="166.15312814712524">
        <ele>12.600000381469727</ele>
        <time>2026-08-09T10:56:26Z</time>
        <extensions>
          <gpxtpx:TrackPointExtension>
            <gpxtpx:hr>137</gpxtpx:hr>
          </gpxtpx:TrackPointExtension>
        </extensions>
      </trkpt>
      <trkpt lat="-21.73248589038849" lon="166.15310668945312">
        <ele>12.800000190734863</ele>
        <time>2026-08-09T10:56:31Z</time>
        <extensions>
          <gpxtpx:TrackPointExtension>
            <gpxtpx:hr>138</gpxtpx:hr>
          </gpxtpx:TrackPointExtension>
        </extensions>
      </trkpt>
      <trkpt lat="-21.731950789690018" lon="166.15318179130554">
        <ele>13.0</ele>
        <time>2026-08-09T10:56:36Z</time>
        <extensions>
          <gpxtpx:TrackPointExtension>
            <gpxtpx:hr>138</gpxtpx:hr>
          </gpxtpx:TrackPointExtension>
        </extensions>
      </trkpt>
      <trkpt lat="-21.731484085321426" lon="166.15349292755127">
        <ele>13.0</ele>
        <time>2026-08-09T10:56:41Z</time>
        <extensions>
          <gpxtpx:TrackPointExtension>
            <gpxtpx:hr>138</gpxtpx:hr>
          </gpxtpx:TrackPointExtension>
        </extensions>
      </trkpt>
      <trkpt lat="-21.731022745370865" lon="166.15381479263306">
        <ele>13.0</ele>
        <time>2026-08-09T10:56:46Z</time>
        <extensions>
          <gpxtpx:TrackPointExtension>
            <gpxtpx:hr>137</gpxtpx:hr>
          </gpxtpx:TrackPointExtension>
        </extensions>
      </trkpt>
      <trkpt lat="-21.73055738210678" lon="166.15411520004272">
        <ele>13.199999809265137</ele>
        <time>2026-08-09T10:56:51Z</time>
        <extensions>
          <gpxtpx:TrackPointExtension>
            <gpxtpx:hr>136</gpxtpx:hr>
          </gpxtpx:TrackPointExtension>
        </extensions>
      </trkpt>
      <trkpt lat="-21.73005983233452" lon="166.15431904792786">
        <ele>13.399999618530273</ele>
        <time>2026-08-09T10:56:56Z</time>
        <extensions>
          <gpxtpx:TrackPointExtension>
            <gpxtpx:hr>137</gpxtpx:hr>
          </gpxtpx:TrackPointExtension>
        </extensions>
      </trkpt>
      <trkpt lat="-21.729547530412674" lon="166.15431904792786">
        <ele>14.0</ele>
        <time>2026-08-09T10:57:01Z</time>
        <extensions>
          <gpxtpx:TrackPointExtension>
            <gpxtpx:hr>137</gpxtpx:hr>
          </gpxtpx:TrackPointExtension>
        </extensions>
      </trkpt>
      <trkpt lat="-21.729151904582977" lon="166.15400791168213">
        <ele>14.600000381469727</ele>
        <time>2026-08-09T10:57:06Z</time>
        <extensions>
          <gpxtpx:TrackPointExtension>
            <gpxtpx:hr>136</gpxtpx:hr>
          </gpxtpx:TrackPointExtension>
        </extensions>
      </trkpt>
      <trkpt lat="-21.72875091433525" lon="166.1537504196167">
        <ele>15.399999618530273</ele>
        <time>2026-08-09T10:57:11Z</time>
        <extensions>
          <gpxtpx:TrackPointExtension>
            <gpxtpx:hr>136</gpxtpx:hr>
          </gpxtpx:TrackPointExtension>
        </extensions>
      </trkpt>
      <trkpt lat="-21.728286892175674" lon="166.15377187728882">
        <ele>16.600000381469727</ele>
        <time>2026-08-09T10:57:16Z</time>
        <extensions>
          <gpxtpx:TrackPointExtension>
            <gpxtpx:hr>137</gpxtpx:hr>
          </gpxtpx:TrackPointExtension>
        </extensions>
      </trkpt>
      <trkpt lat="-21.727856397628784" lon="166.15392208099365">
        <ele>15.800000190734863</ele>
        <time>2026-08-09T10:57:21Z</time>
        <extensions>
          <gpxtpx:TrackPointExtension>
            <gpxtpx:hr>135</gpxtpx:hr>
          </gpxtpx:TrackPointExtension>
        </extensions>
      </trkpt>
      <trkpt lat="-21.727368235588074" lon="166.15413665771484">
        <ele>13.600000381469727</ele>
        <time>2026-08-09T10:57:26Z</time>
        <extensions>
          <gpxtpx:TrackPointExtension>
            <gpxtpx:hr>135</gpxtpx:hr>
          </gpxtpx:TrackPointExtension>
        </extensions>
      </trkpt>
      <trkpt lat="-21.72687202692032" lon="166.15432977676392">
        <ele>13.199999809265137</ele>
        <time>2026-08-09T10:57:31Z</time>
        <extensions>
          <gpxtpx:TrackPointExtension>
            <gpxtpx:hr>137</gpxtpx:hr>
          </gpxtpx:TrackPointExtension>
        </extensions>
      </trkpt>
      <trkpt lat="-21.726704388856888" lon="166.15489840507507">
        <ele>13.199999809265137</ele>
        <time>2026-08-09T10:57:36Z</time>
        <extensions>
          <gpxtpx:TrackPointExtension>
            <gpxtpx:hr>139</gpxtpx:hr>
          </gpxtpx:TrackPointExtension>
        </extensions>
      </trkpt>
      <trkpt lat="-21.726505905389786" lon="166.15541338920593">
        <ele>13.399999618530273</ele>
        <time>2026-08-09T10:57:41Z</time>
        <extensions>
          <gpxtpx:TrackPointExtension>
            <gpxtpx:hr>139</gpxtpx:hr>
          </gpxtpx:TrackPointExtension>
        </extensions>
      </trkpt>
      <trkpt lat="-21.726071387529373" lon="166.15554213523865">
        <ele>12.800000190734863</ele>
        <time>2026-08-09T10:57:46Z</time>
        <extensions>
          <gpxtpx:TrackPointExtension>
            <gpxtpx:hr>139</gpxtpx:hr>
          </gpxtpx:TrackPointExtension>
        </extensions>
      </trkpt>
      <trkpt lat="-21.72566905617714" lon="166.15569233894348">
        <ele>12.199999809265137</ele>
        <time>2026-08-09T10:57:51Z</time>
        <extensions>
          <gpxtpx:TrackPointExtension>
            <gpxtpx:hr>138</gpxtpx:hr>
          </gpxtpx:TrackPointExtension>
        </extensions>
      </trkpt>
      <trkpt lat="-21.725602000951767" lon="166.15623950958252">
        <ele>12.199999809265137</ele>
        <time>2026-08-09T10:57:56Z</time>
        <extensions>
          <gpxtpx:TrackPointExtension>
            <gpxtpx:hr>137</gpxtpx:hr>
          </gpxtpx:TrackPointExtension>
        </extensions>
      </trkpt>
      <trkpt lat="-21.72531232237816" lon="166.15671157836914">
        <ele>11.600000381469727</ele>
        <time>2026-08-09T10:58:01Z</time>
        <extensions>
          <gpxtpx:TrackPointExtension>
            <gpxtpx:hr>137</gpxtpx:hr>
          </gpxtpx:TrackPointExtension>
        </extensions>
      </trkpt>
      <trkpt lat="-21.72500789165497" lon="166.15720510482788">
        <ele>10.800000190734863</ele>
        <time>2026-08-09T10:58:06Z</time>
        <extensions>
          <gpxtpx:TrackPointExtension>
            <gpxtpx:hr>137</gpxtpx:hr>
          </gpxtpx:TrackPointExtension>
        </extensions>
      </trkpt>
      <trkpt lat="-21.724930107593536" lon="166.15776300430298">
        <ele>10.399999618530273</ele>
        <time>2026-08-09T10:58:11Z</time>
        <extensions>
          <gpxtpx:TrackPointExtension>
            <gpxtpx:hr>138</gpxtpx:hr>
          </gpxtpx:TrackPointExtension>
        </extensions>
      </trkpt>
      <trkpt lat="-21.72531768679619" lon="166.15814924240112">
        <ele>10.399999618530273</ele>
        <time>2026-08-09T10:58:16Z</time>
        <extensions>
          <gpxtpx:TrackPointExtension>
            <gpxtpx:hr>137</gpxtpx:hr>
          </gpxtpx:TrackPointExtension>
        </extensions>
      </trkpt>
      <trkpt lat="-21.72581523656845" lon="166.1582350730896">
        <ele>11.800000190734863</ele>
        <time>2026-08-09T10:58:21Z</time>
        <extensions>
          <gpxtpx:TrackPointExtension>
            <gpxtpx:hr>136</gpxtpx:hr>
          </gpxtpx:TrackPointExtension>
        </extensions>
      </trkpt>
      <trkpt lat="-21.726259142160416" lon="166.15831017494202">
        <ele>13.0</ele>
        <time>2026-08-09T10:58:26Z</time>
        <extensions>
          <gpxtpx:TrackPointExtension>
            <gpxtpx:hr>134</gpxtpx:hr>
          </gpxtpx:TrackPointExtension>
        </extensions>
      </trkpt>
      <trkpt lat="-21.72667622566223" lon="166.15838527679443">
        <ele>14.199999809265137</ele>
        <time>2026-08-09T10:58:31Z</time>
        <extensions>
          <gpxtpx:TrackPointExtension>
            <gpxtpx:hr>134</gpxtpx:hr>
          </gpxtpx:TrackPointExtension>
        </extensions>
      </trkpt>
      <trkpt lat="-21.72706112265587" lon="166.15849256515503">
        <ele>15.199999809265137</ele>
        <time>2026-08-09T10:58:36Z</time>
        <extensions>
          <gpxtpx:TrackPointExtension>
            <gpxtpx:hr>135</gpxtpx:hr>
          </gpxtpx:TrackPointExtension>
        </extensions>
      </trkpt>
      <trkpt lat="-21.727251559495926" lon="166.15887880325317">
        <ele>15.199999809265137</ele>
        <time>2026-08-09T10:58:41Z</time>
        <extensions>
          <gpxtpx:TrackPointExtension>
            <gpxtpx:hr>136</gpxtpx:hr>
          </gpxtpx:TrackPointExtension>
        </extensions>
      </trkpt>
      <trkpt lat="-21.727130860090256" lon="166.15931868553162">
        <ele>15.0</ele>
        <time>2026-08-09T10:58:46Z</time>
        <extensions>
          <gpxtpx:TrackPointExtension>
            <gpxtpx:hr>136</gpxtpx:hr>
          </gpxtpx:TrackPointExtension>
        </extensions>
      </trkpt>
      <trkpt lat="-21.726721823215485" lon="166.15957617759705">
        <ele>15.0</ele>
        <time>2026-08-09T10:58:51Z</time>
        <extensions>
          <gpxtpx:TrackPointExtension>
            <gpxtpx:hr>136</gpxtpx:hr>
          </gpxtpx:TrackPointExtension>
        </extensions>
      </trkpt>
      <trkpt lat="-21.726316809654236" lon="166.15984439849854">
        <ele>15.0</ele>
        <time>2026-08-09T10:58:56Z</time>
        <extensions>
          <gpxtpx:TrackPointExtension>
            <gpxtpx:hr>138</gpxtpx:hr>
          </gpxtpx:TrackPointExtension>
        </extensions>
      </trkpt>
      <trkpt lat="-21.72590509057045" lon="166.16011261940002">
        <ele>15.0</ele>
        <time>2026-08-09T10:59:01Z</time>
        <extensions>
          <gpxtpx:TrackPointExtension>
            <gpxtpx:hr>136</gpxtpx:hr>
          </gpxtpx:TrackPointExtension>
        </extensions>
      </trkpt>
      <trkpt lat="-21.72548532485962" lon="166.16039156913757">
        <ele>15.0</ele>
        <time>2026-08-09T10:59:06Z</time>
        <extensions>
          <gpxtpx:TrackPointExtension>
            <gpxtpx:hr>135</gpxtpx:hr>
          </gpxtpx:TrackPointExtension>
        </extensions>
      </trkpt>
      <trkpt lat="-21.72505483031273" lon="166.16068124771118">
        <ele>15.0</ele>
        <time>2026-08-09T10:59:11Z</time>
        <extensions>
          <gpxtpx:TrackPointExtension>
            <gpxtpx:hr>135</gpxtpx:hr>
          </gpxtpx:TrackPointExtension>
        </extensions>
      </trkpt>
      <trkpt lat="-21.724919378757477" lon="166.16116404533386">
        <ele>15.0</ele>
        <time>2026-08-09T10:59:16Z</time>
        <extensions>
          <gpxtpx:TrackPointExtension>
            <gpxtpx:hr>134</gpxtpx:hr>
          </gpxtpx:TrackPointExtension>
        </extensions>
      </trkpt>
      <trkpt lat="-21.72512724995613" lon="166.1616575717926">
        <ele>15.0</ele>
        <time>2026-08-09T10:59:21Z</time>
        <extensions>
          <gpxtpx:TrackPointExtension>
            <gpxtpx:hr>134</gpxtpx:hr>
          </gpxtpx:TrackPointExtension>
        </extensions>
      </trkpt>
      <trkpt lat="-21.725344508886337" lon="166.16212964057922">
        <ele>14.800000190734863</ele>
        <time>2026-08-09T10:59:26Z</time>
        <extensions>
          <gpxtpx:TrackPointExtension>
            <gpxtpx:hr>133</gpxtpx:hr>
          </gpxtpx:TrackPointExtension>
        </extensions>
      </trkpt>
      <trkpt lat="-21.725391447544098" lon="166.1626660823822">
        <ele>13.199999809265137</ele>
        <time>2026-08-09T10:59:31Z</time>
        <extensions>
          <gpxtpx:TrackPointExtension>
            <gpxtpx:hr>132</gpxtpx:hr>
          </gpxtpx:TrackPointExtension>
        </extensions>
      </trkpt>
      <trkpt lat="-21.725612729787827" lon="166.16318106651306">
        <ele>11.800000190734863</ele>
        <time>2026-08-09T10:59:36Z</time>
        <extensions>
          <gpxtpx:TrackPointExtension>
            <gpxtpx:hr>134</gpxtpx:hr>
          </gpxtpx:TrackPointExtension>
        </extensions>
      </trkpt>
      <trkpt lat="-21.726153194904327" lon="166.16324543952942">
        <ele>12.800000190734863</ele>
        <time>2026-08-09T10:59:41Z</time>
        <extensions>
          <gpxtpx:TrackPointExtension>
            <gpxtpx:hr>136</gpxtpx:hr>
          </gpxtpx:TrackPointExtension>
        </extensions>
      </trkpt>
      <trkpt lat="-21.726342290639877" lon="166.16371750831604">
        <ele>12.199999809265137</ele>
        <time>2026-08-09T10:59:46Z</time>
        <extensions>
          <gpxtpx:TrackPointExtension>
            <gpxtpx:hr>136</gpxtpx:hr>
          </gpxtpx:TrackPointExtension>
        </extensions>
      </trkpt>
      <trkpt lat="-21.726394593715668" lon="166.16426467895508">
        <ele>11.800000190734863</ele>
        <time>2026-08-09T10:59:51Z</time>
        <extensions>
          <gpxtpx:TrackPointExtension>
            <gpxtpx:hr>136</gpxtpx:hr>
          </gpxtpx:TrackPointExtension>
        </extensions>
      </trkpt>
      <trkpt lat="-21.726849228143692" lon="166.16443634033203">
        <ele>13.600000381469727</ele>
        <time>2026-08-09T10:59:56Z</time>
        <extensions>
          <gpxtpx:TrackPointExtension>
            <gpxtpx:hr>134</gpxtpx:hr>
          </gpxtpx:TrackPointExtension>
        </extensions>
      </trkpt>
      <trkpt lat="-21.72723814845085" lon="166.16459727287292">
        <ele>15.0</ele>
        <time>2026-08-09T11:00:01Z</time>
        <extensions>
          <gpxtpx:TrackPointExtension>
            <gpxtpx:hr>133</gpxtpx:hr>
          </gpxtpx:TrackPointExtension>
        </extensions>
      </trkpt>
      <trkpt lat="-21.727467477321625" lon="166.1649513244629">
        <ele>15.800000190734863</ele>
        <time>2026-08-09T11:00:06Z</time>
        <extensions>
          <gpxtpx:TrackPointExtension>
            <gpxtpx:hr>132</gpxtpx:hr>
          </gpxtpx:TrackPointExtension>
        </extensions>
      </trkpt>
      <trkpt lat="-21.727566719055176" lon="166.1653482913971">
        <ele>16.799999237060547</ele>
        <time>2026-08-09T11:00:11Z</time>
        <extensions>
          <gpxtpx:TrackPointExtension>
            <gpxtpx:hr>133</gpxtpx:hr>
          </gpxtpx:TrackPointExtension>
        </extensions>
      </trkpt>
      <trkpt lat="-21.72756403684616" lon="166.1657452583313">
        <ele>18.0</ele>
        <time>2026-08-09T11:00:16Z</time>
        <extensions>
          <gpxtpx:TrackPointExtension>
            <gpxtpx:hr>134</gpxtpx:hr>
          </gpxtpx:TrackPointExtension>
        </extensions>
      </trkpt>
      <trkpt lat="-21.727550625801086" lon="166.16613149642944">
        <ele>19.0</ele>
        <time>2026-08-09T11:00:21Z</time>
        <extensions>
          <gpxtpx:TrackPointExtension>
            <gpxtpx:hr>134</gpxtpx:hr>
          </gpxtpx:TrackPointExtension>
        </extensions>
      </trkpt>
      <trkpt lat="-21.727609634399414" lon="166.16650700569153">
        <ele>19.799999237060547</ele>
        <time>2026-08-09T11:00:26Z</time>
        <extensions>
          <gpxtpx:TrackPointExtension>
            <gpxtpx:hr>133</gpxtpx:hr>
          </gpxtpx:TrackPointExtension>
        </extensions>
      </trkpt>
      <trkpt lat="-21.727820187807083" lon="166.16683959960938">
        <ele>19.799999237060547</ele>
        <time>2026-08-09T11:00:31Z</time>
        <extensions>
          <gpxtpx:TrackPointExtension>
            <gpxtpx:hr>132</gpxtpx:hr>
          </gpxtpx:TrackPointExtension>
        </extensions>
      </trkpt>
      <trkpt lat="-21.727915406227112" lon="166.1672580242157">
        <ele>19.600000381469727</ele>
        <time>2026-08-09T11:00:36Z</time>
        <extensions>
          <gpxtpx:TrackPointExtension>
            <gpxtpx:hr>133</gpxtpx:hr>
          </gpxtpx:TrackPointExtension>
        </extensions>
      </trkpt>
      <trkpt lat="-21.727718263864517" lon="166.16766571998596">
        <ele>19.600000381469727</ele>
        <time>2026-08-09T11:00:41Z</time>
        <extensions>
          <gpxtpx:TrackPointExtension>
            <gpxtpx:hr>135</gpxtpx:hr>
          </gpxtpx:TrackPointExtension>
        </extensions>
      </trkpt>
      <trkpt lat="-21.72742187976837" lon="166.168030500412">
        <ele>19.799999237060547</ele>
        <time>2026-08-09T11:00:46Z</time>
        <extensions>
          <gpxtpx:TrackPointExtension>
            <gpxtpx:hr>136</gpxtpx:hr>
          </gpxtpx:TrackPointExtension>
        </extensions>
      </trkpt>
      <trkpt lat="-21.72707587480545" lon="166.1683738231659">
        <ele>19.799999237060547</ele>
        <time>2026-08-09T11:00:51Z</time>
        <extensions>
          <gpxtpx:TrackPointExtension>
            <gpxtpx:hr>137</gpxtpx:hr>
          </gpxtpx:TrackPointExtension>
        </extensions>
      </trkpt>
      <trkpt lat="-21.726737916469574" lon="166.1687171459198">
        <ele>19.799999237060547</ele>
        <time>2026-08-09T11:00:56Z</time>
        <extensions>
          <gpxtpx:TrackPointExtension>
            <gpxtpx:hr>137</gpxtpx:hr>
          </gpxtpx:TrackPointExtension>
        </extensions>
      </trkpt>
      <trkpt lat="-21.726394593715668" lon="166.16907119750977">
        <ele>19.799999237060547</ele>
        <time>2026-08-09T11:01:01Z</time>
        <extensions>
          <gpxtpx:TrackPointExtension>
            <gpxtpx:hr>136</gpxtpx:hr>
          </gpxtpx:TrackPointExtension>
        </extensions>
      </trkpt>
      <trkpt lat="-21.72605127096176" lon="166.16942524909973">
        <ele>19.799999237060547</ele>
        <time>2026-08-09T11:01:06Z</time>
        <extensions>
          <gpxtpx:TrackPointExtension>
            <gpxtpx:hr>136</gpxtpx:hr>
          </gpxtpx:TrackPointExtension>
        </extensions>
      </trkpt>
      <trkpt lat="-21.725702583789825" lon="166.16979002952576">
        <ele>19.799999237060547</ele>
        <time>2026-08-09T11:01:11Z</time>
        <extensions>
          <gpxtpx:TrackPointExtension>
            <gpxtpx:hr>133</gpxtpx:hr>
          </gpxtpx:TrackPointExtension>
        </extensions>
      </trkpt>
      <trkpt lat="-21.725351214408875" lon="166.17015480995178">
        <ele>19.799999237060547</ele>
        <time>2026-08-09T11:01:16Z</time>
        <extensions>
          <gpxtpx:TrackPointExtension>
            <gpxtpx:hr>133</gpxtpx:hr>
          </gpxtpx:TrackPointExtension>
        </extensions>
      </trkpt>
      <trkpt lat="-21.7249958217144" lon="166.1705195903778">
        <ele>19.799999237060547</ele>
        <time>2026-08-09T11:01:21Z</time>
        <extensions>
          <gpxtpx:TrackPointExtension>
            <gpxtpx:hr>133</gpxtpx:hr>
          </gpxtpx:TrackPointExtension>
        </extensions>
      </trkpt>
      <trkpt lat="-21.724640429019928" lon="166.17088437080383">
        <ele>19.600000381469727</ele>
        <time>2026-08-09T11:01:26Z</time>
        <extensions>
          <gpxtpx:TrackPointExtension>
            <gpxtpx:hr>134</gpxtpx:hr>
          </gpxtpx:TrackPointExtension>
        </extensions>
      </trkpt>
      <trkpt lat="-21.724283695220947" lon="166.17124915122986">
        <ele>19.600000381469727</ele>
        <time>2026-08-09T11:01:31Z</time>
        <extensions>
          <gpxtpx:TrackPointExtension>
            <gpxtpx:hr>133</gpxtpx:hr>
          </gpxtpx:TrackPointExtension>
        </extensions>
      </trkpt>
      <trkpt lat="-21.72393098473549" lon="166.17162466049194">
        <ele>19.600000381469727</ele>
        <time>2026-08-09T11:01:36Z</time>
        <extensions>
          <gpxtpx:TrackPointExtension>
            <gpxtpx:hr>135</gpxtpx:hr>
          </gpxtpx:TrackPointExtension>
        </extensions>
      </trkpt>
      <trkpt lat="-21.723696291446686" lon="166.17207527160645">
        <ele>19.600000381469727</ele>
        <time>2026-08-09T11:01:41Z</time>
        <extensions>
          <gpxtpx:TrackPointExtension>
            <gpxtpx:hr>136</gpxtpx:hr>
          </gpxtpx:TrackPointExtension>
        </extensions>
      </trkpt>
      <trkpt lat="-21.72352597117424" lon="166.17256879806519">
        <ele>19.600000381469727</ele>
        <time>2026-08-09T11:01:46Z</time>
        <extensions>
          <gpxtpx:TrackPointExtension>
            <gpxtpx:hr>136</gpxtpx:hr>
          </gpxtpx:TrackPointExtension>
        </extensions>
      </trkpt>
      <trkpt lat="-21.723265796899796" lon="166.1730194091797">
        <ele>19.600000381469727</ele>
        <time>2026-08-09T11:01:51Z</time>
        <extensions>
          <gpxtpx:TrackPointExtension>
            <gpxtpx:hr>136</gpxtpx:hr>
          </gpxtpx:TrackPointExtension>
        </extensions>
      </trkpt>
      <trkpt lat="-21.72294795513153" lon="166.1734163761139">
        <ele>19.600000381469727</ele>
        <time>2026-08-09T11:01:56Z</time>
        <extensions>
          <gpxtpx:TrackPointExtension>
            <gpxtpx:hr>137</gpxtpx:hr>
          </gpxtpx:TrackPointExtension>
        </extensions>
      </trkpt>
      <trkpt lat="-21.722608655691147" lon="166.17378115653992">
        <ele>19.600000381469727</ele>
        <time>2026-08-09T11:02:01Z</time>
        <extensions>
          <gpxtpx:TrackPointExtension>
            <gpxtpx:hr>140</gpxtpx:hr>
          </gpxtpx:TrackPointExtension>
        </extensions>
      </trkpt>
      <trkpt lat="-21.722251921892166" lon="166.17412447929382">
        <ele>19.399999618530273</ele>
        <time>2026-08-09T11:02:06Z</time>
        <extensions>
          <gpxtpx:TrackPointExtension>
            <gpxtpx:hr>139</gpxtpx:hr>
          </gpxtpx:TrackPointExtension>
        </extensions>
      </trkpt>
      <trkpt lat="-21.72180399298668" lon="166.1743712425232">
        <ele>18.399999618530273</ele>
        <time>2026-08-09T11:02:11Z</time>
        <extensions>
          <gpxtpx:TrackPointExtension>
            <gpxtpx:hr>137</gpxtpx:hr>
          </gpxtpx:TrackPointExtension>
        </extensions>
      </trkpt>
      <trkpt lat="-21.72131046652794" lon="166.17424249649048">
        <ele>18.799999237060547</ele>
        <time>2026-08-09T11:02:16Z</time>
        <extensions>
          <gpxtpx:TrackPointExtension>
            <gpxtpx:hr>136</gpxtpx:hr>
          </gpxtpx:TrackPointExtension>
        </extensions>
      </trkpt>
      <trkpt lat="-21.72086387872696" lon="166.1741030216217">
        <ele>21.0</ele>
        <time>2026-08-09T11:02:21Z</time>
        <extensions>
          <gpxtpx:TrackPointExtension>
            <gpxtpx:hr>135</gpxtpx:hr>
          </gpxtpx:TrackPointExtension>
        </extensions>
      </trkpt>
      <trkpt lat="-21.72045350074768" lon="166.17401719093323">
        <ele>21.600000381469727</ele>
        <time>2026-08-09T11:02:26Z</time>
        <extensions>
          <gpxtpx:TrackPointExtension>
            <gpxtpx:hr>133</gpxtpx:hr>
          </gpxtpx:TrackPointExtension>
        </extensions>
      </trkpt>
      <trkpt lat="-21.719978749752045" lon="166.1739420890808">
        <ele>19.600000381469727</ele>
        <time>2026-08-09T11:02:31Z</time>
        <extensions>
          <gpxtpx:TrackPointExtension>
            <gpxtpx:hr>132</gpxtpx:hr>
          </gpxtpx:TrackPointExtension>
        </extensions>
      </trkpt>
      <trkpt lat="-21.719458401203156" lon="166.17409229278564">
        <ele>18.600000381469727</ele>
        <time>2026-08-09T11:02:36Z</time>
        <extensions>
          <gpxtpx:TrackPointExtension>
            <gpxtpx:hr>132</gpxtpx:hr>
          </gpxtpx:TrackPointExtension>
        </extensions>
      </trkpt>
      <trkpt lat="-21.718980967998505" lon="166.1743712425232">
        <ele>18.200000762939453</ele>
        <time>2026-08-09T11:02:41Z</time>
        <extensions>
          <gpxtpx:TrackPointExtension>
            <gpxtpx:hr>133</gpxtpx:hr>
          </gpxtpx:TrackPointExtension>
        </extensions>
      </trkpt>
      <trkpt lat="-21.718529015779495" lon="166.1746609210968">
        <ele>18.200000762939453</ele>
        <time>2026-08-09T11:02:46Z</time>
        <extensions>
          <gpxtpx:TrackPointExtension>
            <gpxtpx:hr>133</gpxtpx:hr>
          </gpxtpx:TrackPointExtension>
        </extensions>
      </trkpt>
      <trkpt lat="-21.718134731054306" lon="166.17502570152283">
        <ele>18.399999618530273</ele>
        <time>2026-08-09T11:02:51Z</time>
        <extensions>
          <gpxtpx:TrackPointExtension>
            <gpxtpx:hr>133</gpxtpx:hr>
          </gpxtpx:TrackPointExtension>
        </extensions>
      </trkpt>
      <trkpt lat="-21.717800796031952" lon="166.1754333972931">
        <ele>18.0</ele>
        <time>2026-08-09T11:02:56Z</time>
        <extensions>
          <gpxtpx:TrackPointExtension>
            <gpxtpx:hr>133</gpxtpx:hr>
          </gpxtpx:TrackPointExtension>
        </extensions>
      </trkpt>
      <trkpt lat="-21.717468202114105" lon="166.17587327957153">
        <ele>16.399999618530273</ele>
        <time>2026-08-09T11:03:01Z</time>
        <extensions>
          <gpxtpx:TrackPointExtension>
            <gpxtpx:hr>133</gpxtpx:hr>
          </gpxtpx:TrackPointExtension>
        </extensions>
      </trkpt>
      <trkpt lat="-21.71745479106903" lon="166.17645263671875">
        <ele>16.200000762939453</ele>
        <time>2026-08-09T11:03:06Z</time>
        <extensions>
          <gpxtpx:TrackPointExtension>
            <gpxtpx:hr>133</gpxtpx:hr>
          </gpxtpx:TrackPointExtension>
        </extensions>
      </trkpt>
      <trkpt lat="-21.71756073832512" lon="166.17703199386597">
        <ele>15.399999618530273</ele>
        <time>2026-08-09T11:03:11Z</time>
        <extensions>
          <gpxtpx:TrackPointExtension>
            <gpxtpx:hr>133</gpxtpx:hr>
          </gpxtpx:TrackPointExtension>
        </extensions>
      </trkpt>
      <trkpt lat="-21.717745810747147" lon="166.17760062217712">
        <ele>14.399999618530273</ele>
        <time>2026-08-09T11:03:16Z</time>
        <extensions>
          <gpxtpx:TrackPointExtension>
            <gpxtpx:hr>133</gpxtpx:hr>
          </gpxtpx:TrackPointExtension>
        </extensions>
      </trkpt>
      <trkpt lat="-21.71805962920189" lon="166.17806196212769">
        <ele>16.600000381469727</ele>
        <time>2026-08-09T11:03:21Z</time>
        <extensions>
          <gpxtpx:TrackPointExtension>
            <gpxtpx:hr>133</gpxtpx:hr>
          </gpxtpx:TrackPointExtension>
        </extensions>
      </trkpt>
      <trkpt lat="-21.71840563416481" lon="166.17839455604553">
        <ele>16.799999237060547</ele>
        <time>2026-08-09T11:03:26Z</time>
        <extensions>
          <gpxtpx:TrackPointExtension>
            <gpxtpx:hr>133</gpxtpx:hr>
          </gpxtpx:TrackPointExtension>
        </extensions>
      </trkpt>
      <trkpt lat="-21.718834787607193" lon="166.17868423461914">
        <ele>15.600000381469727</ele>
        <time>2026-08-09T11:03:31Z</time>
        <extensions>
          <gpxtpx:TrackPointExtension>
            <gpxtpx:hr>134</gpxtpx:hr>
          </gpxtpx:TrackPointExtension>
        </extensions>
      </trkpt>
      <trkpt lat="-21.71924114227295" lon="166.17897391319275">
        <ele>17.600000381469727</ele>
        <time>2026-08-09T11:03:36Z</time>
        <extensions>
          <gpxtpx:TrackPointExtension>
            <gpxtpx:hr>136</gpxtpx:hr>
          </gpxtpx:TrackPointExtension>
        </extensions>
      </trkpt>
      <trkpt lat="-21.71956703066826" lon="166.17927432060242">
        <ele>18.399999618530273</ele>
        <time>2026-08-09T11:03:41Z</time>
        <extensions>
          <gpxtpx:TrackPointExtension>
            <gpxtpx:hr>137</gpxtpx:hr>
          </gpxtpx:TrackPointExtension>
        </extensions>
      </trkpt>
      <trkpt lat="-21.719847321510315" lon="166.17969274520874">
        <ele>16.600000381469727</ele>
        <time>2026-08-09T11:03:46Z</time>
        <extensions>
          <gpxtpx:TrackPointExtension>
            <gpxtpx:hr>135</gpxtpx:hr>
          </gpxtpx:TrackPointExtension>
        </extensions>
      </trkpt>
      <trkpt lat="-21.720079332590103" lon="166.1802077293396">
        <ele>16.0</ele>
        <time>2026-08-09T11:03:51Z</time>
        <extensions>
          <gpxtpx:TrackPointExtension>
            <gpxtpx:hr>136</gpxtpx:hr>
          </gpxtpx:TrackPointExtension>
        </extensions>
      </trkpt>
      <trkpt lat="-21.720182597637177" lon="166.18073344230652">
        <ele>17.600000381469727</ele>
        <time>2026-08-09T11:03:56Z</time>
        <extensions>
          <gpxtpx:TrackPointExtension>
            <gpxtpx:hr>137</gpxtpx:hr>
          </gpxtpx:TrackPointExtension>
        </extensions>
      </trkpt>
      <trkpt lat="-21.720068603754044" lon="166.18120551109314">
        <ele>17.0</ele>
        <time>2026-08-09T11:04:01Z</time>
        <extensions>
          <gpxtpx:TrackPointExtension>
            <gpxtpx:hr>137</gpxtpx:hr>
          </gpxtpx:TrackPointExtension>
        </extensions>
      </trkpt>
      <trkpt lat="-21.719753444194794" lon="166.18160247802734">
        <ele>17.799999237060547</ele>
        <time>2026-08-09T11:04:06Z</time>
        <extensions>
          <gpxtpx:TrackPointExtension>
            <gpxtpx:hr>136</gpxtpx:hr>
          </gpxtpx:TrackPointExtension>
        </extensions>
      </trkpt>
      <trkpt lat="-21.719422191381454" lon="166.181902885437">
        <ele>19.200000762939453</ele>
        <time>2026-08-09T11:04:11Z</time>
        <extensions>
          <gpxtpx:TrackPointExtension>
            <gpxtpx:hr>135</gpxtpx:hr>
          </gpxtpx:TrackPointExtension>
        </extensions>
      </trkpt>
      <trkpt lat="-21.7190882563591" lon="166.1822247505188">
        <ele>17.799999237060547</ele>
        <time>2026-08-09T11:04:16Z</time>
        <extensions>
          <gpxtpx:TrackPointExtension>
            <gpxtpx:hr>136</gpxtpx:hr>
          </gpxtpx:TrackPointExtension>
        </extensions>
      </trkpt>
      <trkpt lat="-21.71888843178749" lon="166.18269681930542">
        <ele>18.0</ele>
        <time>2026-08-09T11:04:21Z</time>
        <extensions>
          <gpxtpx:TrackPointExtension>
            <gpxtpx:hr>136</gpxtpx:hr>
          </gpxtpx:TrackPointExtension>
        </extensions>
      </trkpt>
      <trkpt lat="-21.718958169221878" lon="166.18320107460022">
        <ele>18.200000762939453</ele>
        <time>2026-08-09T11:04:26Z</time>
        <extensions>
          <gpxtpx:TrackPointExtension>
            <gpxtpx:hr>135</gpxtpx:hr>
          </gpxtpx:TrackPointExtension>
        </extensions>
      </trkpt>
      <trkpt lat="-21.719171404838562" lon="166.18370532989502">
        <ele>15.800000190734863</ele>
        <time>2026-08-09T11:04:31Z</time>
        <extensions>
          <gpxtpx:TrackPointExtension>
            <gpxtpx:hr>136</gpxtpx:hr>
          </gpxtpx:TrackPointExtension>
        </extensions>
      </trkpt>
      <trkpt lat="-21.719670295715332" lon="166.1839520931244">
        <ele>15.600000381469727</ele>
        <time>2026-08-09T11:04:36Z</time>
        <extensions>
          <gpxtpx:TrackPointExtension>
            <gpxtpx:hr>136</gpxtpx:hr>
          </gpxtpx:TrackPointExtension>
        </extensions>
      </trkpt>
      <trkpt lat="-21.720182597637177" lon="166.18385553359985">
        <ele>17.0</ele>
        <time>2026-08-09T11:04:41Z</time>
        <extensions>
          <gpxtpx:TrackPointExtension>
            <gpxtpx:hr>136</gpxtpx:hr>
          </gpxtpx:TrackPointExtension>
        </extensions>
      </trkpt>
      <trkpt lat="-21.720650643110275" lon="166.1838448047638">
        <ele>17.399999618530273</ele>
        <time>2026-08-09T11:04:46Z</time>
        <extensions>
          <gpxtpx:TrackPointExtension>
            <gpxtpx:hr>136</gpxtpx:hr>
          </gpxtpx:TrackPointExtension>
        </extensions>
      </trkpt>
      <trkpt lat="-21.721144169569016" lon="166.1839520931244">
        <ele>15.600000381469727</ele>
        <time>2026-08-09T11:04:51Z</time>
        <extensions>
          <gpxtpx:TrackPointExtension>
            <gpxtpx:hr>137</gpxtpx:hr>
          </gpxtpx:TrackPointExtension>
        </extensions>
      </trkpt>
      <trkpt lat="-21.721586734056473" lon="166.18427395820618">
        <ele>15.399999618530273</ele>
        <time>2026-08-09T11:04:56Z</time>
        <extensions>
          <gpxtpx:TrackPointExtension>
            <gpxtpx:hr>137</gpxtpx:hr>
          </gpxtpx:TrackPointExtension>
        </extensions>
      </trkpt>
      <trkpt lat="-21.721783876419067" lon="166.1847460269928">
        <ele>17.600000381469727</ele>
        <time>2026-08-09T11:05:01Z</time>
        <extensions>
          <gpxtpx:TrackPointExtension>
            <gpxtpx:hr>136</gpxtpx:hr>
          </gpxtpx:TrackPointExtension>
        </extensions>
      </trkpt>
      <trkpt lat="-21.721848249435425" lon="166.1851966381073">
        <ele>18.0</ele>
        <time>2026-08-09T11:05:06Z</time>
        <extensions>
          <gpxtpx:TrackPointExtension>
            <gpxtpx:hr>136</gpxtpx:hr>
          </gpxtpx:TrackPointExtension>
        </extensions>
      </trkpt>
      <trkpt lat="-21.721749007701874" lon="166.1857008934021">
        <ele>16.200000762939453</ele>
        <time>2026-08-09T11:05:11Z</time>
        <extensions>
          <gpxtpx:TrackPointExtension>
            <gpxtpx:hr>134</gpxtpx:hr>
          </gpxtpx:TrackPointExtension>
        </extensions>
      </trkpt>
      <trkpt lat="-21.721495538949966" lon="166.1862051486969">
        <ele>14.399999618530273</ele>
        <time>2026-08-09T11:05:16Z</time>
        <extensions>
          <gpxtpx:TrackPointExtension>
            <gpxtpx:hr>136</gpxtpx:hr>
          </gpxtpx:TrackPointExtension>
        </extensions>
      </trkpt>
      <trkpt lat="-21.721197813749313" lon="166.18669867515564">
        <ele>15.199999809265137</ele>
        <time>2026-08-09T11:05:21Z</time>
        <extensions>
          <gpxtpx:TrackPointExtension>
            <gpxtpx:hr>137</gpxtpx:hr>
          </gpxtpx:TrackPointExtension>
        </extensions>
      </trkpt>
      <trkpt lat="-21.720770001411438" lon="166.18698835372925">
        <ele>14.199999809265137</ele>
        <time>2026-08-09T11:05:26Z</time>
        <extensions>
          <gpxtpx:TrackPointExtension>
            <gpxtpx:hr>136</gpxtpx:hr>
          </gpxtpx:TrackPointExtension>
        </extensions>
      </trkpt>
      <trkpt lat="-21.720230877399445" lon="166.18706345558167">
        <ele>14.399999618530273</ele>
        <time>2026-08-09T11:05:31Z</time>
        <extensions>
          <gpxtpx:TrackPointExtension>
            <gpxtpx:hr>136</gpxtpx:hr>
          </gpxtpx:TrackPointExtension>
        </extensions>
      </trkpt>
      <trkpt lat="-21.71974942088127" lon="166.18698835372925">
        <ele>15.199999809265137</ele>
        <time>2026-08-09T11:05:36Z</time>
        <extensions>
          <gpxtpx:TrackPointExtension>
            <gpxtpx:hr>137</gpxtpx:hr>
          </gpxtpx:TrackPointExtension>
        </extensions>
      </trkpt>
      <trkpt lat="-21.719281375408173" lon="166.18675231933594">
        <ele>13.600000381469727</ele>
        <time>2026-08-09T11:05:41Z</time>
        <extensions>
          <gpxtpx:TrackPointExtension>
            <gpxtpx:hr>138</gpxtpx:hr>
          </gpxtpx:TrackPointExtension>
        </extensions>
      </trkpt>
      <trkpt lat="-21.71885758638382" lon="166.18645191192627">
        <ele>15.199999809265137</ele>
        <time>2026-08-09T11:05:46Z</time>
        <extensions>
          <gpxtpx:TrackPointExtension>
            <gpxtpx:hr>137</gpxtpx:hr>
          </gpxtpx:TrackPointExtension>
        </extensions>
      </trkpt>
      <trkpt lat="-21.718412339687347" lon="166.18634462356567">
        <ele>14.800000190734863</ele>
        <time>2026-08-09T11:05:51Z</time>
        <extensions>
          <gpxtpx:TrackPointExtension>
            <gpxtpx:hr>137</gpxtpx:hr>
          </gpxtpx:TrackPointExtension>
        </extensions>
      </trkpt>
      <trkpt lat="-21.7179174721241" lon="166.18648409843445">
        <ele>13.800000190734863</ele>
        <time>2026-08-09T11:05:56Z</time>
        <extensions>
          <gpxtpx:TrackPointExtension>
            <gpxtpx:hr>137</gpxtpx:hr>
          </gpxtpx:TrackPointExtension>
        </extensions>
      </trkpt>
      <trkpt lat="-21.717594265937805" lon="166.18685960769653">
        <ele>15.800000190734863</ele>
        <time>2026-08-09T11:06:01Z</time>
        <extensions>
          <gpxtpx:TrackPointExtension>
            <gpxtpx:hr>139</gpxtpx:hr>
          </gpxtpx:TrackPointExtension>
        </extensions>
      </trkpt>
      <trkpt lat="-21.717356890439987" lon="166.18725657463074">
        <ele>15.600000381469727</ele>
        <time>2026-08-09T11:06:06Z</time>
        <extensions>
          <gpxtpx:TrackPointExtension>
            <gpxtpx:hr>138</gpxtpx:hr>
          </gpxtpx:TrackPointExtension>
        </extensions>
      </trkpt>
      <trkpt lat="-21.717146337032318" lon="166.18775010108948">
        <ele>14.199999809265137</ele>
        <time>2026-08-09T11:06:11Z</time>
        <extensions>
          <gpxtpx:TrackPointExtension>
            <gpxtpx:hr>138</gpxtpx:hr>
          </gpxtpx:TrackPointExtension>
        </extensions>
      </trkpt>
      <trkpt lat="-21.716963946819305" lon="166.18823289871216">
        <ele>16.0</ele>
        <time>2026-08-09T11:06:16Z</time>
        <extensions>
          <gpxtpx:TrackPointExtension>
            <gpxtpx:hr>137</gpxtpx:hr>
          </gpxtpx:TrackPointExtension>
        </extensions>
      </trkpt>
      <trkpt lat="-21.716927736997604" lon="166.18869423866272">
        <ele>16.399999618530273</ele>
        <time>2026-08-09T11:06:21Z</time>
        <extensions>
          <gpxtpx:TrackPointExtension>
            <gpxtpx:hr>137</gpxtpx:hr>
          </gpxtpx:TrackPointExtension>
        </extensions>
      </trkpt>
      <trkpt lat="-21.71696662902832" lon="166.18918776512146">
        <ele>16.0</ele>
        <time>2026-08-09T11:06:26Z</time>
        <extensions>
          <gpxtpx:TrackPointExtension>
            <gpxtpx:hr>136</gpxtpx:hr>
          </gpxtpx:TrackPointExtension>
        </extensions>
      </trkpt>
      <trkpt lat="-21.717158406972885" lon="166.18965983390808">
        <ele>15.199999809265137</ele>
        <time>2026-08-09T11:06:31Z</time>
        <extensions>
          <gpxtpx:TrackPointExtension>
            <gpxtpx:hr>134</gpxtpx:hr>
          </gpxtpx:TrackPointExtension>
        </extensions>
      </trkpt>
      <trkpt lat="-21.717543303966522" lon="166.19003534317017">
        <ele>13.600000381469727</ele>
        <time>2026-08-09T11:06:36Z</time>
        <extensions>
          <gpxtpx:TrackPointExtension>
            <gpxtpx:hr>135</gpxtpx:hr>
          </gpxtpx:TrackPointExtension>
        </extensions>
      </trkpt>
      <trkpt lat="-21.718004643917084" lon="166.1903464794159">
        <ele>13.399999618530273</ele>
        <time>2026-08-09T11:06:41Z</time>
        <extensions>
          <gpxtpx:TrackPointExtension>
            <gpxtpx:hr>135</gpxtpx:hr>
          </gpxtpx:TrackPointExtension>
        </extensions>
      </trkpt>
      <trkpt lat="-21.718464642763138" lon="166.1905288696289">
        <ele>15.199999809265137</ele>
        <time>2026-08-09T11:06:46Z</time>
        <extensions>
          <gpxtpx:TrackPointExtension>
            <gpxtpx:hr>133</gpxtpx:hr>
          </gpxtpx:TrackPointExtension>
        </extensions>
      </trkpt>
      <trkpt lat="-21.71880394220352" lon="166.19089365005493">
        <ele>13.399999618530273</ele>
        <time>2026-08-09T11:06:51Z</time>
        <extensions>
          <gpxtpx:TrackPointExtension>
            <gpxtpx:hr>133</gpxtpx:hr>
          </gpxtpx:TrackPointExtension>
        </extensions>
      </trkpt>
      <trkpt lat="-21.719128489494324" lon="166.19134426116943">
        <ele>13.0</ele>
        <time>2026-08-09T11:06:56Z</time>
        <extensions>
          <gpxtpx:TrackPointExtension>
            <gpxtpx:hr>135</gpxtpx:hr>
          </gpxtpx:TrackPointExtension>
        </extensions>
      </trkpt>
      <trkpt lat="-21.719223707914352" lon="166.19190216064453">
        <ele>13.0</ele>
        <time>2026-08-09T11:07:01Z</time>
        <extensions>
          <gpxtpx:TrackPointExtension>
            <gpxtpx:hr>135</gpxtpx:hr>
          </gpxtpx:TrackPointExtension>
        </extensions>
      </trkpt>
      <trkpt lat="-21.719170063734055" lon="166.19242787361145">
        <ele>13.0</ele>
        <time>2026-08-09T11:07:06Z</time>
        <extensions>
          <gpxtpx:TrackPointExtension>
            <gpxtpx:hr>135</gpxtpx:hr>
          </gpxtpx:TrackPointExtension>
        </extensions>
      </trkpt>
      <trkpt lat="-21.718970239162445" lon="166.1929214000702">
        <ele>13.0</ele>
        <time>2026-08-09T11:07:11Z</time>
        <extensions>
          <gpxtpx:TrackPointExtension>
            <gpxtpx:hr>133</gpxtpx:hr>
          </gpxtpx:TrackPointExtension>
        </extensions>
      </trkpt>
      <trkpt lat="-21.71893000602722" lon="166.19345784187317">
        <ele>13.0</ele>
        <time>2026-08-09T11:07:16Z</time>
        <extensions>
          <gpxtpx:TrackPointExtension>
            <gpxtpx:hr>134</gpxtpx:hr>
          </gpxtpx:TrackPointExtension>
        </extensions>
      </trkpt>
      <trkpt lat="-21.71863093972206" lon="166.19383335113525">
        <ele>13.0</ele>
        <time>2026-08-09T11:07:21Z</time>
        <extensions>
          <gpxtpx:TrackPointExtension>
            <gpxtpx:hr>133</gpxtpx:hr>
          </gpxtpx:TrackPointExtension>
        </extensions>
      </trkpt>
      <trkpt lat="-21.71844720840454" lon="166.194326877594">
        <ele>13.0</ele>
        <time>2026-08-09T11:07:26Z</time>
        <extensions>
          <gpxtpx:TrackPointExtension>
            <gpxtpx:hr>133</gpxtpx:hr>
          </gpxtpx:TrackPointExtension>
        </extensions>
      </trkpt>
      <trkpt lat="-21.718172281980515" lon="166.19479894638062">
        <ele>13.0</ele>
        <time>2026-08-09T11:07:31Z</time>
        <extensions>
          <gpxtpx:TrackPointExtension>
            <gpxtpx:hr>134</gpxtpx:hr>
          </gpxtpx:TrackPointExtension>
        </extensions>
      </trkpt>
      <trkpt lat="-21.71774312853813" lon="166.1949920654297">
        <ele>13.0</ele>
        <time>2026-08-09T11:07:36Z</time>
        <extensions>
          <gpxtpx:TrackPointExtension>
            <gpxtpx:hr>134</gpxtpx:hr>
          </gpxtpx:TrackPointExtension>
        </extensions>
      </trkpt>
      <trkpt lat="-21.717299222946167" lon="166.19473457336426">
        <ele>13.0</ele>
        <time>2026-08-09T11:07:41Z</time>
        <extensions>
          <gpxtpx:TrackPointExtension>
            <gpxtpx:hr>135</gpxtpx:hr>
          </gpxtpx:TrackPointExtension>
        </extensions>
      </trkpt>
      <trkpt lat="-21.71701490879059" lon="166.19430541992188">
        <ele>13.0</ele>
        <time>2026-08-09T11:07:46Z</time>
        <extensions>
          <gpxtpx:TrackPointExtension>
            <gpxtpx:hr>135</gpxtpx:hr>
          </gpxtpx:TrackPointExtension>
        </extensions>
      </trkpt>
      <trkpt lat="-21.71659916639328" lon="166.19404792785645">
        <ele>13.0</ele>
        <time>2026-08-09T11:07:51Z</time>
        <extensions>
          <gpxtpx:TrackPointExtension>
            <gpxtpx:hr>136</gpxtpx:hr>
          </gpxtpx:TrackPointExtension>
        </extensions>
      </trkpt>
      <trkpt lat="-21.71612173318863" lon="166.1939299106598">
        <ele>13.0</ele>
        <time>2026-08-09T11:07:56Z</time>
        <extensions>
          <gpxtpx:TrackPointExtension>
            <gpxtpx:hr>136</gpxtpx:hr>
          </gpxtpx:TrackPointExtension>
        </extensions>
      </trkpt>
      <trkpt lat="-21.715649664402008" lon="166.19377970695496">
        <ele>13.0</ele>
        <time>2026-08-09T11:08:01Z</time>
        <extensions>
          <gpxtpx:TrackPointExtension>
            <gpxtpx:hr>138</gpxtpx:hr>
          </gpxtpx:TrackPointExtension>
        </extensions>
      </trkpt>
      <trkpt lat="-21.715162843465805" lon="166.19367241859436">
        <ele>13.0</ele>
        <time>2026-08-09T11:08:06Z</time>
        <extensions>
          <gpxtpx:TrackPointExtension>
            <gpxtpx:hr>140</gpxtpx:hr>
          </gpxtpx:TrackPointExtension>
        </extensions>
      </trkpt>
      <trkpt lat="-21.714725643396378" lon="166.19388699531555">
        <ele>13.0</ele>
        <time>2026-08-09T11:08:11Z</time>
        <extensions>
          <gpxtpx:TrackPointExtension>
            <gpxtpx:hr>139</gpxtpx:hr>
          </gpxtpx:TrackPointExtension>
        </extensions>
      </trkpt>
      <trkpt lat="-21.714525818824768" lon="166.19436979293823">
        <ele>13.0</ele>
        <time>2026-08-09T11:08:16Z</time>
        <extensions>
          <gpxtpx:TrackPointExtension>
            <gpxtpx:hr>137</gpxtpx:hr>
          </gpxtpx:TrackPointExtension>
        </extensions>
      </trkpt>
      <trkpt lat="-21.714533865451813" lon="166.19484186172485">
        <ele>13.0</ele>
        <time>2026-08-09T11:08:21Z</time>
        <extensions>
          <gpxtpx:TrackPointExtension>
            <gpxtpx:hr>137</gpxtpx:hr>
          </gpxtpx:TrackPointExtension>
        </extensions>
      </trkpt>
      <trkpt lat="-21.71469882130623" lon="166.19530320167542">
        <ele>13.0</ele>
        <time>2026-08-09T11:08:26Z</time>
        <extensions>
          <gpxtpx:TrackPointExtension>
            <gpxtpx:hr>136</gpxtpx:hr>
          </gpxtpx:TrackPointExtension>
        </extensions>
      </trkpt>
      <trkpt lat="-21.71431928873062" lon="166.1955714225769">
        <ele>13.0</ele>
        <time>2026-08-09T11:08:31Z</time>
        <extensions>
          <gpxtpx:TrackPointExtension>
            <gpxtpx:hr>137</gpxtpx:hr>
          </gpxtpx:TrackPointExtension>
        </extensions>
      </trkpt>
      <trkpt lat="-21.713988035917282" lon="166.195228099823">
        <ele>13.0</ele>
        <time>2026-08-09T11:08:36Z</time>
        <extensions>
          <gpxtpx:TrackPointExtension>
            <gpxtpx:hr>137</gpxtpx:hr>
          </gpxtpx:TrackPointExtension>
        </extensions>
      </trkpt>
      <trkpt lat="-21.7137211561203" lon="166.19480967521667">
        <ele>13.0</ele>
        <time>2026-08-09T11:08:41Z</time>
        <extensions>
          <gpxtpx:TrackPointExtension>
            <gpxtpx:hr>138</gpxtpx:hr>
          </gpxtpx:TrackPointExtension>
        </extensions>
      </trkpt>
      <trkpt lat="-21.7132705450058" lon="166.19457364082336">
        <ele>13.0</ele>
        <time>2026-08-09T11:08:46Z</time>
        <extensions>
          <gpxtpx:TrackPointExtension>
            <gpxtpx:hr>138</gpxtpx:hr>
          </gpxtpx:TrackPointExtension>
        </extensions>
      </trkpt>
      <trkpt lat="-21.71279177069664" lon="166.19435906410217">
        <ele>13.0</ele>
        <time>2026-08-09T11:08:51Z</time>
        <extensions>
          <gpxtpx:TrackPointExtension>
            <gpxtpx:hr>139</gpxtpx:hr>
          </gpxtpx:TrackPointExtension>
        </extensions>
      </trkpt>
      <trkpt lat="-21.71231299638748" lon="166.19417667388916">
        <ele>13.0</ele>
        <time>2026-08-09T11:08:56Z</time>
        <extensions>
          <gpxtpx:TrackPointExtension>
            <gpxtpx:hr>139</gpxtpx:hr>
          </gpxtpx:TrackPointExtension>
        </extensions>
      </trkpt>
      <trkpt lat="-21.711834222078323" lon="166.19399428367615">
        <ele>13.0</ele>
        <time>2026-08-09T11:09:01Z</time>
        <extensions>
          <gpxtpx:TrackPointExtension>
            <gpxtpx:hr>137</gpxtpx:hr>
          </gpxtpx:TrackPointExtension>
        </extensions>
      </trkpt>
      <trkpt lat="-21.711348742246628" lon="166.19404792785645">
        <ele>13.0</ele>
        <time>2026-08-09T11:09:06Z</time>
        <extensions>
          <gpxtpx:TrackPointExtension>
            <gpxtpx:hr>135</gpxtpx:hr>
          </gpxtpx:TrackPointExtension>
        </extensions>
      </trkpt>
      <trkpt lat="-21.7110738158226" lon="166.193608045578">
        <ele>13.0</ele>
        <time>2026-08-09T11:09:11Z</time>
        <extensions>
          <gpxtpx:TrackPointExtension>
            <gpxtpx:hr>135</gpxtpx:hr>
          </gpxtpx:TrackPointExtension>
        </extensions>
      </trkpt>
      <trkpt lat="-21.71085387468338" lon="166.19311451911926">
        <ele>13.0</ele>
        <time>2026-08-09T11:09:16Z</time>
        <extensions>
          <gpxtpx:TrackPointExtension>
            <gpxtpx:hr>135</gpxtpx:hr>
          </gpxtpx:TrackPointExtension>
        </extensions>
      </trkpt>
      <trkpt lat="-21.710604429244995" lon="166.19266390800476">
        <ele>13.0</ele>
        <time>2026-08-09T11:09:21Z</time>
        <extensions>
          <gpxtpx:TrackPointExtension>
            <gpxtpx:hr>137</gpxtpx:hr>
          </gpxtpx:TrackPointExtension>
        </extensions>
      </trkpt>
      <trkpt lat="-21.710430085659027" lon="166.19217038154602">
        <ele>13.0</ele>
        <time>2026-08-09T11:09:26Z</time>
        <extensions>
          <gpxtpx:TrackPointExtension>
            <gpxtpx:hr>136</gpxtpx:hr>
          </gpxtpx:TrackPointExtension>
        </extensions>
      </trkpt>
      <trkpt lat="-21.710222214460373" lon="166.19166612625122">
        <ele>13.0</ele>
        <time>2026-08-09T11:09:31Z</time>
        <extensions>
          <gpxtpx:TrackPointExtension>
            <gpxtpx:hr>136</gpxtpx:hr>
          </gpxtpx:TrackPointExtension>
        </extensions>
      </trkpt>
      <trkpt lat="-21.710379123687744" lon="166.19116187095642">
        <ele>13.0</ele>
        <time>2026-08-09T11:09:36Z</time>
        <extensions>
          <gpxtpx:TrackPointExtension>
            <gpxtpx:hr>136</gpxtpx:hr>
          </gpxtpx:TrackPointExtension>
        </extensions>
      </trkpt>
      <trkpt lat="-21.710605770349503" lon="166.1906898021698">
        <ele>13.0</ele>
        <time>2026-08-09T11:09:41Z</time>
        <extensions>
          <gpxtpx:TrackPointExtension>
            <gpxtpx:hr>136</gpxtpx:hr>
          </gpxtpx:TrackPointExtension>
        </extensions>
      </trkpt>
      <trkpt lat="-21.710289269685745" lon="166.1902928352356">
        <ele>13.0</ele>
        <time>2026-08-09T11:09:46Z</time>
        <extensions>
          <gpxtpx:TrackPointExtension>
            <gpxtpx:hr>136</gpxtpx:hr>
          </gpxtpx:TrackPointExtension>
        </extensions>
      </trkpt>
      <trkpt lat="-21.71007603406906" lon="166.1898422241211">
        <ele>13.0</ele>
        <time>2026-08-09T11:09:51Z</time>
        <extensions>
          <gpxtpx:TrackPointExtension>
            <gpxtpx:hr>139</gpxtpx:hr>
          </gpxtpx:TrackPointExtension>
        </extensions>
      </trkpt>
      <trkpt lat="-21.70997679233551" lon="166.18930578231812">
        <ele>13.0</ele>
        <time>2026-08-09T11:09:56Z</time>
        <extensions>
          <gpxtpx:TrackPointExtension>
            <gpxtpx:hr>140</gpxtpx:hr>
          </gpxtpx:TrackPointExtension>
        </extensions>
      </trkpt>
      <trkpt lat="-21.70971527695656" lon="166.18886590003967">
        <ele>13.0</ele>
        <time>2026-08-09T11:10:01Z</time>
        <extensions>
          <gpxtpx:TrackPointExtension>
            <gpxtpx:hr>139</gpxtpx:hr>
          </gpxtpx:TrackPointExtension>
        </extensions>
      </trkpt>
      <trkpt lat="-21.709314286708832" lon="166.18855476379395">
        <ele>13.399999618530273</ele>
        <time>2026-08-09T11:10:06Z</time>
        <extensions>
          <gpxtpx:TrackPointExtension>
            <gpxtpx:hr>138</gpxtpx:hr>
          </gpxtpx:TrackPointExtension>
        </extensions>
      </trkpt>
      <trkpt lat="-21.70933574438095" lon="166.18805050849915">
        <ele>13.600000381469727</ele>
        <time>2026-08-09T11:10:11Z</time>
        <extensions>
          <gpxtpx:TrackPointExtension>
            <gpxtpx:hr>137</gpxtpx:hr>
          </gpxtpx:TrackPointExtension>
        </extensions>
      </trkpt>
      <trkpt lat="-21.709553003311157" lon="166.18757843971252">
        <ele>13.600000381469727</ele>
        <time>2026-08-09T11:10:16Z</time>
        <extensions>
          <gpxtpx:TrackPointExtension>
            <gpxtpx:hr>138</gpxtpx:hr>
          </gpxtpx:TrackPointExtension>
        </extensions>
      </trkpt>
      <trkpt lat="-21.70980378985405" lon="166.1871063709259">
        <ele>13.600000381469727</ele>
        <time>2026-08-09T11:10:21Z</time>
        <extensions>
          <gpxtpx:TrackPointExtension>
            <gpxtpx:hr>136</gpxtpx:hr>
          </gpxtpx:TrackPointExtension>
        </extensions>
      </trkpt>
      <trkpt lat="-21.709990203380585" lon="166.18662357330322">
        <ele>13.800000190734863</ele>
        <time>2026-08-09T11:10:26Z</time>
        <extensions>
          <gpxtpx:TrackPointExtension>
            <gpxtpx:hr>137</gpxtpx:hr>
          </gpxtpx:TrackPointExtension>
        </extensions>
      </trkpt>
      <trkpt lat="-21.709846705198288" lon="166.18614077568054">
        <ele>15.199999809265137</ele>
        <time>2026-08-09T11:10:31Z</time>
        <extensions>
          <gpxtpx:TrackPointExtension>
            <gpxtpx:hr>136</gpxtpx:hr>
          </gpxtpx:TrackPointExtension>
        </extensions>
      </trkpt>
      <trkpt lat="-21.709484606981277" lon="166.18597984313965">
        <ele>17.0</ele>
        <time>2026-08-09T11:10:36Z</time>
        <extensions>
          <gpxtpx:TrackPointExtension>
            <gpxtpx:hr>136</gpxtpx:hr>
          </gpxtpx:TrackPointExtension>
        </extensions>
      </trkpt>
      <trkpt lat="-21.70914262533188" lon="166.1860978603363">
        <ele>18.399999618530273</ele>
        <time>2026-08-09T11:10:41Z</time>
        <extensions>
          <gpxtpx:TrackPointExtension>
            <gpxtpx:hr>136</gpxtpx:hr>
          </gpxtpx:TrackPointExtension>
        </extensions>
      </trkpt>
      <trkpt lat="-21.708839535713196" lon="166.18624806404114">
        <ele>19.600000381469727</ele>
        <time>2026-08-09T11:10:46Z</time>
        <extensions>
          <gpxtpx:TrackPointExtension>
            <gpxtpx:hr>134</gpxtpx:hr>
          </gpxtpx:TrackPointExtension>
        </extensions>
      </trkpt>
      <trkpt lat="-21.708531081676483" lon="166.18637681007385">
        <ele>20.600000381469727</ele>
        <time>2026-08-09T11:10:51Z</time>
        <extensions>
          <gpxtpx:TrackPointExtension>
            <gpxtpx:hr>135</gpxtpx:hr>
          </gpxtpx:TrackPointExtension>
        </extensions>
      </trkpt>
      <trkpt lat="-21.708189100027084" lon="166.18635535240173">
        <ele>20.600000381469727</ele>
        <time>2026-08-09T11:10:56Z</time>
        <extensions>
          <gpxtpx:TrackPointExtension>
            <gpxtpx:hr>135</gpxtpx:hr>
          </gpxtpx:TrackPointExtension>
        </extensions>
      </trkpt>
      <trkpt lat="-21.70794367790222" lon="166.18605494499207">
        <ele>21.200000762939453</ele>
        <time>2026-08-09T11:11:01Z</time>
        <extensions>
          <gpxtpx:TrackPointExtension>
            <gpxtpx:hr>136</gpxtpx:hr>
          </gpxtpx:TrackPointExtension>
        </extensions>
      </trkpt>
      <trkpt lat="-21.707915514707565" lon="166.18565797805786">
        <ele>22.799999237060547</ele>
        <time>2026-08-09T11:11:06Z</time>
        <extensions>
          <gpxtpx:TrackPointExtension>
            <gpxtpx:hr>137</gpxtpx:hr>
          </gpxtpx:TrackPointExtension>
        </extensions>
      </trkpt>
      <trkpt lat="-21.707920879125595" lon="166.1853039264679">
        <ele>24.399999618530273</ele>
        <time>2026-08-09T11:11:11Z</time>
        <extensions>
          <gpxtpx:TrackPointExtension>
            <gpxtpx:hr>136</gpxtpx:hr>
          </gpxtpx:TrackPointExtension>
        </extensions>
      </trkpt>
      <trkpt lat="-21.707895398139954" lon="166.1849820613861">
        <ele>25.799999237060547</ele>
        <time>2026-08-09T11:11:16Z</time>
        <extensions>
          <gpxtpx:TrackPointExtension>
            <gpxtpx:hr>134</gpxtpx:hr>
          </gpxtpx:TrackPointExtension>
        </extensions>
      </trkpt>
      <trkpt lat="-21.707746535539627" lon="166.18472456932068">
        <ele>26.799999237060547</ele>
        <time>2026-08-09T11:11:21Z</time>
        <extensions>
          <gpxtpx:TrackPointExtension>
            <gpxtpx:hr>132</gpxtpx:hr>
          </gpxtpx:TrackPointExtension>
        </extensions>
      </trkpt>
      <trkpt lat="-21.70745149254799" lon="166.18464946746826">
        <ele>27.399999618530273</ele>
        <time>2026-08-09T11:11:26Z</time>
        <extensions>
          <gpxtpx:TrackPointExtension>
            <gpxtpx:hr>135</gpxtpx:hr>
          </gpxtpx:TrackPointExtension>
        </extensions>
      </trkpt>
      <trkpt lat="-21.70713096857071" lon="166.1847996711731">
        <ele>27.600000381469727</ele>
        <time>2026-08-09T11:11:31Z</time>
        <extensions>
          <gpxtpx:TrackPointExtension>
            <gpxtpx:hr>135</gpxtpx:hr>
          </gpxtpx:TrackPointExtension>
        </extensions>
      </trkpt>
      <trkpt lat="-21.706782281398773" lon="166.1850142478943">
        <ele>27.799999237060547</ele>
        <time>2026-08-09T11:11:36Z</time>
        <extensions>
          <gpxtpx:TrackPointExtension>
            <gpxtpx:hr>136</gpxtpx:hr>
          </gpxtpx:TrackPointExtension>
        </extensions>
      </trkpt>
      <trkpt lat="-21.706409454345703" lon="166.18486404418945">
        <ele>27.799999237060547</ele>
        <time>2026-08-09T11:11:41Z</time>
        <extensions>
          <gpxtpx:TrackPointExtension>
            <gpxtpx:hr>134</gpxtpx:hr>
          </gpxtpx:TrackPointExtension>
        </extensions>
      </trkpt>
      <trkpt lat="-21.706330329179764" lon="166.18443489074707">
        <ele>29.600000381469727</ele>
        <time>2026-08-09T11:11:46Z</time>
        <extensions>
          <gpxtpx:TrackPointExtension>
            <gpxtpx:hr>135</gpxtpx:hr>
          </gpxtpx:TrackPointExtension>
        </extensions>
      </trkpt>
      <trkpt lat="-21.70621767640114" lon="166.18405938148499">
        <ele>29.799999237060547</ele>
        <time>2026-08-09T11:11:51Z</time>
        <extensions>
          <gpxtpx:TrackPointExtension>
            <gpxtpx:hr>136</gpxtpx:hr>
          </gpxtpx:TrackPointExtension>
        </extensions>
      </trkpt>
      <trkpt lat="-21.70583412051201" lon="166.1838984489441">
        <ele>29.399999618530273</ele>
        <time>2026-08-09T11:11:56Z</time>
        <extensions>
          <gpxtpx:TrackPointExtension>
            <gpxtpx:hr>136</gpxtpx:hr>
          </gpxtpx:TrackPointExtension>
        </extensions>
      </trkpt>
      <trkpt lat="-21.7054545879364" lon="166.18414521217346">
        <ele>30.399999618530273</ele>
        <time>2026-08-09T11:12:01Z</time>
        <extensions>
          <gpxtpx:TrackPointExtension>
            <gpxtpx:hr>134</gpxtpx:hr>
          </gpxtpx:TrackPointExtension>
        </extensions>
      </trkpt>
      <trkpt lat="-21.705179661512375" lon="166.184424161911">
        <ele>32.400001525878906</ele>
        <time>2026-08-09T11:12:06Z</time>
        <extensions>
          <gpxtpx:TrackPointExtension>
            <gpxtpx:hr>134</gpxtpx:hr>
          </gpxtpx:TrackPointExtension>
        </extensions>
      </trkpt>
      <trkpt lat="-21.70493558049202" lon="166.18464946746826">
        <ele>33.79999923706055</ele>
        <time>2026-08-09T11:12:11Z</time>
        <extensions>
          <gpxtpx:TrackPointExtension>
            <gpxtpx:hr>132</gpxtpx:hr>
          </gpxtpx:TrackPointExtension>
        </extensions>
      </trkpt>
      <trkpt lat="-21.704623103141785" lon="166.1846923828125">
        <ele>34.0</ele>
        <time>2026-08-09T11:12:16Z</time>
        <extensions>
          <gpxtpx:TrackPointExtension>
            <gpxtpx:hr>136</gpxtpx:hr>
          </gpxtpx:TrackPointExtension>
        </extensions>
      </trkpt>
      <trkpt lat="-21.704370975494385" lon="166.1844027042389">
        <ele>34.0</ele>
        <time>2026-08-09T11:12:21Z</time>
        <extensions>
          <gpxtpx:TrackPointExtension>
            <gpxtpx:hr>138</gpxtpx:hr>
          </gpxtpx:TrackPointExtension>
        </extensions>
      </trkpt>
      <trkpt lat="-21.704134941101074" lon="166.18405938148499">
        <ele>34.0</ele>
        <time>2026-08-09T11:12:26Z</time>
        <extensions>
          <gpxtpx:TrackPointExtension>
            <gpxtpx:hr>136</gpxtpx:hr>
          </gpxtpx:TrackPointExtension>
        </extensions>
      </trkpt>
      <trkpt lat="-21.703877449035645" lon="166.18369460105896">
        <ele>34.0</ele>
        <time>2026-08-09T11:12:31Z</time>
        <extensions>
          <gpxtpx:TrackPointExtension>
            <gpxtpx:hr>135</gpxtpx:hr>
          </gpxtpx:TrackPointExtension>
        </extensions>
      </trkpt>
      <trkpt lat="-21.70361191034317" lon="166.18330836296082">
        <ele>34.0</ele>
        <time>2026-08-09T11:12:36Z</time>
        <extensions>
          <gpxtpx:TrackPointExtension>
            <gpxtpx:hr>135</gpxtpx:hr>
          </gpxtpx:TrackPointExtension>
        </extensions>
      </trkpt>
      <trkpt lat="-21.703341007232666" lon="166.1829113960266">
        <ele>34.0</ele>
        <time>2026-08-09T11:12:41Z</time>
        <extensions>
          <gpxtpx:TrackPointExtension>
            <gpxtpx:hr>133</gpxtpx:hr>
          </gpxtpx:TrackPointExtension>
        </extensions>
      </trkpt>
      <trkpt lat="-21.70306071639061" lon="166.1825144290924">
        <ele>34.0</ele>
        <time>2026-08-09T11:12:46Z</time>
        <extensions>
          <gpxtpx:TrackPointExtension>
            <gpxtpx:hr>133</gpxtpx:hr>
          </gpxtpx:TrackPointExtension>
        </extensions>
      </trkpt>
      <trkpt lat="-21.702795177698135" lon="166.18210673332214">
        <ele>34.0</ele>
        <time>2026-08-09T11:12:51Z</time>
        <extensions>
          <gpxtpx:TrackPointExtension>
            <gpxtpx:hr>134</gpxtpx:hr>
          </gpxtpx:TrackPointExtension>
        </extensions>
      </trkpt>
      <trkpt lat="-21.702989637851715" lon="166.18167757987976">
        <ele>32.0</ele>
        <time>2026-08-09T11:12:56Z</time>
        <extensions>
          <gpxtpx:TrackPointExtension>
            <gpxtpx:hr>134</gpxtpx:hr>
          </gpxtpx:TrackPointExtension>
        </extensions>
      </trkpt>
      <trkpt lat="-21.703503280878067" lon="166.18138790130615">
        <ele>28.799999237060547</ele>
        <time>2026-08-09T11:13:01Z</time>
        <extensions>
          <gpxtpx:TrackPointExtension>
            <gpxtpx:hr>135</gpxtpx:hr>
          </gpxtpx:TrackPointExtension>
        </extensions>
      </trkpt>
      <trkpt lat="-21.704018265008926" lon="166.18099093437195">
        <ele>25.399999618530273</ele>
        <time>2026-08-09T11:13:06Z</time>
        <extensions>
          <gpxtpx:TrackPointExtension>
            <gpxtpx:hr>136</gpxtpx:hr>
          </gpxtpx:TrackPointExtension>
        </extensions>
      </trkpt>
      <trkpt lat="-21.703873425722122" lon="166.18034720420837">
        <ele>24.600000381469727</ele>
        <time>2026-08-09T11:13:11Z</time>
        <extensions>
          <gpxtpx:TrackPointExtension>
            <gpxtpx:hr>137</gpxtpx:hr>
          </gpxtpx:TrackPointExtension>
        </extensions>
      </trkpt>
      <trkpt lat="-21.70386403799057" lon="166.17976784706116">
        <ele>23.799999237060547</ele>
        <time>2026-08-09T11:13:16Z</time>
        <extensions>
          <gpxtpx:TrackPointExtension>
            <gpxtpx:hr>138</gpxtpx:hr>
          </gpxtpx:TrackPointExtension>
        </extensions>
      </trkpt>
      <trkpt lat="-21.704408526420593" lon="166.1794352531433">
        <ele>20.799999237060547</ele>
        <time>2026-08-09T11:13:21Z</time>
        <extensions>
          <gpxtpx:TrackPointExtension>
            <gpxtpx:hr>137</gpxtpx:hr>
          </gpxtpx:TrackPointExtension>
        </extensions>
      </trkpt>
      <trkpt lat="-21.704185903072357" lon="166.17889881134033">
        <ele>19.200000762939453</ele>
        <time>2026-08-09T11:13:26Z</time>
        <extensions>
          <gpxtpx:TrackPointExtension>
            <gpxtpx:hr>137</gpxtpx:hr>
          </gpxtpx:TrackPointExtension>
        </extensions>
      </trkpt>
      <trkpt lat="-21.70381173491478" lon="166.1784589290619">
        <ele>19.399999618530273</ele>
        <time>2026-08-09T11:13:31Z</time>
        <extensions>
          <gpxtpx:TrackPointExtension>
            <gpxtpx:hr>138</gpxtpx:hr>
          </gpxtpx:TrackPointExtension>
        </extensions>
      </trkpt>
      <trkpt lat="-21.704286485910416" lon="166.17811560630798">
        <ele>16.799999237060547</ele>
        <time>2026-08-09T11:13:36Z</time>
        <extensions>
          <gpxtpx:TrackPointExtension>
            <gpxtpx:hr>140</gpxtpx:hr>
          </gpxtpx:TrackPointExtension>
        </extensions>
      </trkpt>
      <trkpt lat="-21.704655289649963" lon="166.17766499519348">
        <ele>15.399999618530273</ele>
        <time>2026-08-09T11:13:41Z</time>
        <extensions>
          <gpxtpx:TrackPointExtension>
            <gpxtpx:hr>140</gpxtpx:hr>
          </gpxtpx:TrackPointExtension>
        </extensions>
      </trkpt>
      <trkpt lat="-21.704290509223938" lon="166.17716073989868">
        <ele>13.800000190734863</ele>
        <time>2026-08-09T11:13:46Z</time>
        <extensions>
          <gpxtpx:TrackPointExtension>
            <gpxtpx:hr>139</gpxtpx:hr>
          </gpxtpx:TrackPointExtension>
        </extensions>
      </trkpt>
      <trkpt lat="-21.70370176434517" lon="166.1771285533905">
        <ele>13.0</ele>
        <time>2026-08-09T11:13:51Z</time>
        <extensions>
          <gpxtpx:TrackPointExtension>
            <gpxtpx:hr>136</gpxtpx:hr>
          </gpxtpx:TrackPointExtension>
        </extensions>
      </trkpt>
      <trkpt lat="-21.703121066093445" lon="166.17717146873474">
        <ele>13.0</ele>
        <time>2026-08-09T11:13:56Z</time>
        <extensions>
          <gpxtpx:TrackPointExtension>
            <gpxtpx:hr>134</gpxtpx:hr>
          </gpxtpx:TrackPointExtension>
        </extensions>
      </trkpt>
      <trkpt lat="-21.7025725543499" lon="166.17717146873474">
        <ele>13.0</ele>
        <time>2026-08-09T11:14:01Z</time>
        <extensions>
          <gpxtpx:TrackPointExtension>
            <gpxtpx:hr>136</gpxtpx:hr>
          </gpxtpx:TrackPointExtension>
        </extensions>
      </trkpt>
      <trkpt lat="-21.702075004577637" lon="166.17701053619385">
        <ele>13.0</ele>
        <time>2026-08-09T11:14:06Z</time>
        <extensions>
          <gpxtpx:TrackPointExtension>
            <gpxtpx:hr>135</gpxtpx:hr>
          </gpxtpx:TrackPointExtension>
        </extensions>
      </trkpt>
      <trkpt lat="-21.701629757881165" lon="166.17674231529236">
        <ele>13.0</ele>
        <time>2026-08-09T11:14:11Z</time>
        <extensions>
          <gpxtpx:TrackPointExtension>
            <gpxtpx:hr>135</gpxtpx:hr>
          </gpxtpx:TrackPointExtension>
        </extensions>
      </trkpt>
      <trkpt lat="-21.701313257217407" lon="166.1763346195221">
        <ele>13.0</ele>
        <time>2026-08-09T11:14:16Z</time>
        <extensions>
          <gpxtpx:TrackPointExtension>
            <gpxtpx:hr>136</gpxtpx:hr>
          </gpxtpx:TrackPointExtension>
        </extensions>
      </trkpt>
      <trkpt lat="-21.700847893953323" lon="166.17618441581726">
        <ele>13.0</ele>
        <time>2026-08-09T11:14:21Z</time>
        <extensions>
          <gpxtpx:TrackPointExtension>
            <gpxtpx:hr>137</gpxtpx:hr>
          </gpxtpx:TrackPointExtension>
        </extensions>
      </trkpt>
      <trkpt lat="-21.70040801167488" lon="166.1759376525879">
        <ele>13.0</ele>
        <time>2026-08-09T11:14:26Z</time>
        <extensions>
          <gpxtpx:TrackPointExtension>
            <gpxtpx:hr>136</gpxtpx:hr>
          </gpxtpx:TrackPointExtension>
        </extensions>
      </trkpt>
      <trkpt lat="-21.700196117162704" lon="166.17552995681763">
        <ele>13.0</ele>
        <time>2026-08-09T11:14:31Z</time>
        <extensions>
          <gpxtpx:TrackPointExtension>
            <gpxtpx:hr>135</gpxtpx:hr>
          </gpxtpx:TrackPointExtension>
        </extensions>
      </trkpt>
      <trkpt lat="-21.699852794408798" lon="166.17528319358826">
        <ele>13.0</ele>
        <time>2026-08-09T11:14:36Z</time>
        <extensions>
          <gpxtpx:TrackPointExtension>
            <gpxtpx:hr>132</gpxtpx:hr>
          </gpxtpx:TrackPointExtension>
        </extensions>
      </trkpt>
      <trkpt lat="-21.699396818876266" lon="166.17510080337524">
        <ele>13.0</ele>
        <time>2026-08-09T11:14:41Z</time>
        <extensions>
          <gpxtpx:TrackPointExtension>
            <gpxtpx:hr>132</gpxtpx:hr>
          </gpxtpx:TrackPointExtension>
        </extensions>
      </trkpt>
      <trkpt lat="-21.699325740337372" lon="166.17457509040833">
        <ele>13.0</ele>
        <time>2026-08-09T11:14:46Z</time>
        <extensions>
          <gpxtpx:TrackPointExtension>
            <gpxtpx:hr>133</gpxtpx:hr>
          </gpxtpx:TrackPointExtension>
        </extensions>
      </trkpt>
      <trkpt lat="-21.699360609054565" lon="166.17406010627747">
        <ele>13.0</ele>
        <time>2026-08-09T11:14:51Z</time>
        <extensions>
          <gpxtpx:TrackPointExtension>
            <gpxtpx:hr>132</gpxtpx:hr>
          </gpxtpx:TrackPointExtension>
        </extensions>
      </trkpt>
      <trkpt lat="-21.699030697345734" lon="166.1737060546875">
        <ele>13.0</ele>
        <time>2026-08-09T11:14:56Z</time>
        <extensions>
          <gpxtpx:TrackPointExtension>
            <gpxtpx:hr>133</gpxtpx:hr>
          </gpxtpx:TrackPointExtension>
        </extensions>
      </trkpt>
      <trkpt lat="-21.698582768440247" lon="166.17351293563843">
        <ele>13.0</ele>
        <time>2026-08-09T11:15:01Z</time>
        <extensions>
          <gpxtpx:TrackPointExtension>
            <gpxtpx:hr>133</gpxtpx:hr>
          </gpxtpx:TrackPointExtension>
        </extensions>
      </trkpt>
      <trkpt lat="-21.698133498430252" lon="166.17333054542542">
        <ele>13.0</ele>
        <time>2026-08-09T11:15:06Z</time>
        <extensions>
          <gpxtpx:TrackPointExtension>
            <gpxtpx:hr>134</gpxtpx:hr>
          </gpxtpx:TrackPointExtension>
        </extensions>
      </trkpt>
      <trkpt lat="-21.697847843170166" lon="166.1729335784912">
        <ele>13.0</ele>
        <time>2026-08-09T11:15:11Z</time>
        <extensions>
          <gpxtpx:TrackPointExtension>
            <gpxtpx:hr>136</gpxtpx:hr>
          </gpxtpx:TrackPointExtension>
        </extensions>
      </trkpt>
      <trkpt lat="-21.697826385498047" lon="166.1724293231964">
        <ele>13.0</ele>
        <time>2026-08-09T11:15:16Z</time>
        <extensions>
          <gpxtpx:TrackPointExtension>
            <gpxtpx:hr>136</gpxtpx:hr>
          </gpxtpx:TrackPointExtension>
        </extensions>
      </trkpt>
      <trkpt lat="-21.698038280010223" lon="166.17198944091797">
        <ele>13.0</ele>
        <time>2026-08-09T11:15:21Z</time>
        <extensions>
          <gpxtpx:TrackPointExtension>
            <gpxtpx:hr>135</gpxtpx:hr>
          </gpxtpx:TrackPointExtension>
        </extensions>
      </trkpt>
      <trkpt lat="-21.698404401540756" lon="166.17166757583618">
        <ele>13.0</ele>
        <time>2026-08-09T11:15:26Z</time>
        <extensions>
          <gpxtpx:TrackPointExtension>
            <gpxtpx:hr>135</gpxtpx:hr>
          </gpxtpx:TrackPointExtension>
        </extensions>
      </trkpt>
      <trkpt lat="-21.69881746172905" lon="166.1714208126068">
        <ele>13.0</ele>
        <time>2026-08-09T11:15:31Z</time>
        <extensions>
          <gpxtpx:TrackPointExtension>
            <gpxtpx:hr>137</gpxtpx:hr>
          </gpxtpx:TrackPointExtension>
        </extensions>
      </trkpt>
      <trkpt lat="-21.69921576976776" lon="166.17116332054138">
        <ele>13.0</ele>
        <time>2026-08-09T11:15:36Z</time>
        <extensions>
          <gpxtpx:TrackPointExtension>
            <gpxtpx:hr>135</gpxtpx:hr>
          </gpxtpx:TrackPointExtension>
        </extensions>
      </trkpt>
      <trkpt lat="-21.699261367321014" lon="166.17066979408264">
        <ele>13.0</ele>
        <time>2026-08-09T11:15:41Z</time>
        <extensions>
          <gpxtpx:TrackPointExtension>
            <gpxtpx:hr>135</gpxtpx:hr>
          </gpxtpx:TrackPointExtension>
        </extensions>
      </trkpt>
      <trkpt lat="-21.699219793081284" lon="166.17018699645996">
        <ele>13.0</ele>
        <time>2026-08-09T11:15:46Z</time>
        <extensions>
          <gpxtpx:TrackPointExtension>
            <gpxtpx:hr>135</gpxtpx:hr>
          </gpxtpx:TrackPointExtension>
        </extensions>
      </trkpt>
      <trkpt lat="-21.69950008392334" lon="166.16980075836182">
        <ele>13.0</ele>
        <time>2026-08-09T11:15:51Z</time>
        <extensions>
          <gpxtpx:TrackPointExtension>
            <gpxtpx:hr>134</gpxtpx:hr>
          </gpxtpx:TrackPointExtension>
        </extensions>
      </trkpt>
      <trkpt lat="-21.69995203614235" lon="166.16968274116516">
        <ele>13.0</ele>
        <time>2026-08-09T11:15:56Z</time>
        <extensions>
          <gpxtpx:TrackPointExtension>
            <gpxtpx:hr>134</gpxtpx:hr>
          </gpxtpx:TrackPointExtension>
        </extensions>
      </trkpt>
      <trkpt lat="-21.70040398836136" lon="166.16957545280457">
        <ele>13.0</ele>
        <time>2026-08-09T11:16:01Z</time>
        <extensions>
          <gpxtpx:TrackPointExtension>
            <gpxtpx:hr>137</gpxtpx:hr>
          </gpxtpx:TrackPointExtension>
        </extensions>
      </trkpt>
      <trkpt lat="-21.70085996389389" lon="166.16946816444397">
        <ele>13.0</ele>
        <time>2026-08-09T11:16:06Z</time>
        <extensions>
          <gpxtpx:TrackPointExtension>
            <gpxtpx:hr>138</gpxtpx:hr>
          </gpxtpx:TrackPointExtension>
        </extensions>
      </trkpt>
      <trkpt lat="-21.70131728053093" lon="166.1693286895752">
        <ele>13.0</ele>
        <time>2026-08-09T11:16:11Z</time>
        <extensions>
          <gpxtpx:TrackPointExtension>
            <gpxtpx:hr>138</gpxtpx:hr>
          </gpxtpx:TrackPointExtension>
        </extensions>
      </trkpt>
      <trkpt lat="-21.701781302690506" lon="166.16921067237854">
        <ele>13.0</ele>
        <time>2026-08-09T11:16:16Z</time>
        <extensions>
          <gpxtpx:TrackPointExtension>
            <gpxtpx:hr>140</gpxtpx:hr>
          </gpxtpx:TrackPointExtension>
        </extensions>
      </trkpt>
      <trkpt lat="-21.702239960432053" lon="166.16907119750977">
        <ele>13.0</ele>
        <time>2026-08-09T11:16:21Z</time>
        <extensions>
          <gpxtpx:TrackPointExtension>
            <gpxtpx:hr>138</gpxtpx:hr>
          </gpxtpx:TrackPointExtension>
        </extensions>
      </trkpt>
      <trkpt lat="-21.70260339975357" lon="166.16874933242798">
        <ele>13.0</ele>
        <time>2026-08-09T11:16:26Z</time>
        <extensions>
          <gpxtpx:TrackPointExtension>
            <gpxtpx:hr>137</gpxtpx:hr>
          </gpxtpx:TrackPointExtension>
        </extensions>
      </trkpt>
      <trkpt lat="-21.702944040298462" lon="166.168395280838">
        <ele>13.600000381469727</ele>
        <time>2026-08-09T11:16:31Z</time>
        <extensions>
          <gpxtpx:TrackPointExtension>
            <gpxtpx:hr>136</gpxtpx:hr>
          </gpxtpx:TrackPointExtension>
        </extensions>
      </trkpt>
      <trkpt lat="-21.703316867351532" lon="166.16820216178894">
        <ele>15.600000381469727</ele>
        <time>2026-08-09T11:16:36Z</time>
        <extensions>
          <gpxtpx:TrackPointExtension>
            <gpxtpx:hr>135</gpxtpx:hr>
          </gpxtpx:TrackPointExtension>
        </extensions>
      </trkpt>
      <trkpt lat="-21.703688353300095" lon="166.16808414459229">
        <ele>15.600000381469727</ele>
        <time>2026-08-09T11:16:41Z</time>
        <extensions>
          <gpxtpx:TrackPointExtension>
            <gpxtpx:hr>133</gpxtpx:hr>
          </gpxtpx:TrackPointExtension>
        </extensions>
      </trkpt>
      <trkpt lat="-21.704109460115433" lon="166.1679768562317">
        <ele>15.0</ele>
        <time>2026-08-09T11:16:46Z</time>
        <extensions>
          <gpxtpx:TrackPointExtension>
            <gpxtpx:hr>132</gpxtpx:hr>
          </gpxtpx:TrackPointExtension>
        </extensions>
      </trkpt>
      <trkpt lat="-21.704538613557816" lon="166.16784811019897">
        <ele>15.0</ele>
        <time>2026-08-09T11:16:51Z</time>
        <extensions>
          <gpxtpx:TrackPointExtension>
            <gpxtpx:hr>133</gpxtpx:hr>
          </gpxtpx:TrackPointExtension>
        </extensions>
      </trkpt>
      <trkpt lat="-21.704994589090347" lon="166.16774082183838">
        <ele>14.199999809265137</ele>
        <time>2026-08-09T11:16:56Z</time>
        <extensions>
          <gpxtpx:TrackPointExtension>
            <gpxtpx:hr>134</gpxtpx:hr>
          </gpxtpx:TrackPointExtension>
        </extensions>
      </trkpt>
      <trkpt lat="-21.70548677444458" lon="166.1676549911499">
        <ele>13.399999618530273</ele>
        <time>2026-08-09T11:17:01Z</time>
        <extensions>
          <gpxtpx:TrackPointExtension>
            <gpxtpx:hr>134</gpxtpx:hr>
          </gpxtpx:TrackPointExtension>
        </extensions>
      </trkpt>
      <trkpt lat="-21.70599639415741" lon="166.16757988929749">
        <ele>13.0</ele>
        <time>2026-08-09T11:17:06Z</time>
        <extensions>
          <gpxtpx:TrackPointExtension>
            <gpxtpx:hr>135</gpxtpx:hr>
          </gpxtpx:TrackPointExtension>
        </extensions>
      </trkpt>
      <trkpt lat="-21.706501990556717" lon="166.1675477027893">
        <ele>13.0</ele>
        <time>2026-08-09T11:17:11Z</time>
        <extensions>
          <gpxtpx:TrackPointExtension>
            <gpxtpx:hr>135</gpxtpx:hr>
          </gpxtpx:TrackPointExtension>
        </extensions>
      </trkpt>
      <trkpt lat="-21.70699417591095" lon="166.16751551628113">
        <ele>13.0</ele>
        <time>2026-08-09T11:17:16Z</time>
        <extensions>
          <gpxtpx:TrackPointExtension>
            <gpxtpx:hr>134</gpxtpx:hr>
          </gpxtpx:TrackPointExtension>
        </extensions>
      </trkpt>
      <trkpt lat="-21.707438081502914" lon="166.16734385490417">
        <ele>13.0</ele>
        <time>2026-08-09T11:17:21Z</time>
        <extensions>
          <gpxtpx:TrackPointExtension>
            <gpxtpx:hr>135</gpxtpx:hr>
          </gpxtpx:TrackPointExtension>
        </extensions>
      </trkpt>
      <trkpt lat="-21.7077773809433" lon="166.16697907447815">
        <ele>13.0</ele>
        <time>2026-08-09T11:17:26Z</time>
        <extensions>
          <gpxtpx:TrackPointExtension>
            <gpxtpx:hr>135</gpxtpx:hr>
          </gpxtpx:TrackPointExtension>
        </extensions>
      </trkpt>
      <trkpt lat="-21.70812338590622" lon="166.1666464805603">
        <ele>13.0</ele>
        <time>2026-08-09T11:17:31Z</time>
        <extensions>
          <gpxtpx:TrackPointExtension>
            <gpxtpx:hr>134</gpxtpx:hr>
          </gpxtpx:TrackPointExtension>
        </extensions>
      </trkpt>
      <trkpt lat="-21.70829102396965" lon="166.16618514060974">
        <ele>13.0</ele>
        <time>2026-08-09T11:17:36Z</time>
        <extensions>
          <gpxtpx:TrackPointExtension>
            <gpxtpx:hr>133</gpxtpx:hr>
          </gpxtpx:TrackPointExtension>
        </extensions>
      </trkpt>
      <trkpt lat="-21.708193123340607" lon="166.16570234298706">
        <ele>13.0</ele>
        <time>2026-08-09T11:17:41Z</time>
        <extensions>
          <gpxtpx:TrackPointExtension>
            <gpxtpx:hr>134</gpxtpx:hr>
          </gpxtpx:TrackPointExtension>
        </extensions>
      </trkpt>
      <trkpt lat="-21.708446592092514" lon="166.16531610488892">
        <ele>13.0</ele>
        <time>2026-08-09T11:17:46Z</time>
        <extensions>
          <gpxtpx:TrackPointExtension>
            <gpxtpx:hr>136</gpxtpx:hr>
          </gpxtpx:TrackPointExtension>
        </extensions>
      </trkpt>
      <trkpt lat="-21.708920001983643" lon="166.16533756256104">
        <ele>13.0</ele>
        <time>2026-08-09T11:17:51Z</time>
        <extensions>
          <gpxtpx:TrackPointExtension>
            <gpxtpx:hr>136</gpxtpx:hr>
          </gpxtpx:TrackPointExtension>
        </extensions>
      </trkpt>
      <trkpt lat="-21.709397435188293" lon="166.16530537605286">
        <ele>13.0</ele>
        <time>2026-08-09T11:17:56Z</time>
        <extensions>
          <gpxtpx:TrackPointExtension>
            <gpxtpx:hr>135</gpxtpx:hr>
          </gpxtpx:TrackPointExtension>
        </extensions>
      </trkpt>
      <trkpt lat="-21.70987755060196" lon="166.16533756256104">
        <ele>13.0</ele>
        <time>2026-08-09T11:18:01Z</time>
        <extensions>
          <gpxtpx:TrackPointExtension>
            <gpxtpx:hr>134</gpxtpx:hr>
          </gpxtpx:TrackPointExtension>
        </extensions>
      </trkpt>
      <trkpt lat="-21.71036034822464" lon="166.16533756256104">
        <ele>13.0</ele>
        <time>2026-08-09T11:18:06Z</time>
        <extensions>
          <gpxtpx:TrackPointExtension>
            <gpxtpx:hr>132</gpxtpx:hr>
          </gpxtpx:TrackPointExtension>
        </extensions>
      </trkpt>
      <trkpt lat="-21.710840463638306" lon="166.1653482913971">
        <ele>13.0</ele>
        <time>2026-08-09T11:18:11Z</time>
        <extensions>
          <gpxtpx:TrackPointExtension>
            <gpxtpx:hr>133</gpxtpx:hr>
          </gpxtpx:TrackPointExtension>
        </extensions>
      </trkpt>
      <trkpt lat="-21.71132192015648" lon="166.16531610488892">
        <ele>13.0</ele>
        <time>2026-08-09T11:18:16Z</time>
        <extensions>
          <gpxtpx:TrackPointExtension>
            <gpxtpx:hr>133</gpxtpx:hr>
          </gpxtpx:TrackPointExtension>
        </extensions>
      </trkpt>
      <trkpt lat="-21.711748391389847" lon="166.16554141044617">
        <ele>13.0</ele>
        <time>2026-08-09T11:18:21Z</time>
        <extensions>
          <gpxtpx:TrackPointExtension>
            <gpxtpx:hr>132</gpxtpx:hr>
          </gpxtpx:TrackPointExtension>
        </extensions>
      </trkpt>
      <trkpt lat="-21.711816787719727" lon="166.16604566574097">
        <ele>13.399999618530273</ele>
        <time>2026-08-09T11:18:26Z</time>
        <extensions>
          <gpxtpx:TrackPointExtension>
            <gpxtpx:hr>132</gpxtpx:hr>
          </gpxtpx:TrackPointExtension>
        </extensions>
      </trkpt>
      <trkpt lat="-21.711796671152115" lon="166.16654992103577">
        <ele>13.600000381469727</ele>
        <time>2026-08-09T11:18:31Z</time>
        <extensions>
          <gpxtpx:TrackPointExtension>
            <gpxtpx:hr>132</gpxtpx:hr>
          </gpxtpx:TrackPointExtension>
        </extensions>
      </trkpt>
      <trkpt lat="-21.712180227041245" lon="166.1667537689209">
        <ele>14.199999809265137</ele>
        <time>2026-08-09T11:18:36Z</time>
        <extensions>
          <gpxtpx:TrackPointExtension>
            <gpxtpx:hr>134</gpxtpx:hr>
          </gpxtpx:TrackPointExtension>
        </extensions>
      </trkpt>
      <trkpt lat="-21.71262413263321" lon="166.16676449775696">
        <ele>14.600000381469727</ele>
        <time>2026-08-09T11:18:41Z</time>
        <extensions>
          <gpxtpx:TrackPointExtension>
            <gpxtpx:hr>134</gpxtpx:hr>
          </gpxtpx:TrackPointExtension>
        </extensions>
      </trkpt>
      <trkpt lat="-21.712998300790787" lon="166.16707563400269">
        <ele>13.399999618530273</ele>
        <time>2026-08-09T11:18:46Z</time>
        <extensions>
          <gpxtpx:TrackPointExtension>
            <gpxtpx:hr>134</gpxtpx:hr>
          </gpxtpx:TrackPointExtension>
        </extensions>
      </trkpt>
      <trkpt lat="-21.71345427632332" lon="166.16697907447815">
        <ele>14.600000381469727</ele>
        <time>2026-08-09T11:18:51Z</time>
        <extensions>
          <gpxtpx:TrackPointExtension>
            <gpxtpx:hr>132</gpxtpx:hr>
          </gpxtpx:TrackPointExtension>
        </extensions>
      </trkpt>
      <trkpt lat="-21.71387404203415" lon="166.1667537689209">
        <ele>14.0</ele>
        <time>2026-08-09T11:18:56Z</time>
        <extensions>
          <gpxtpx:TrackPointExtension>
            <gpxtpx:hr>133</gpxtpx:hr>
          </gpxtpx:TrackPointExtension>
        </extensions>
      </trkpt>
      <trkpt lat="-21.714342087507248" lon="166.16678595542908">
        <ele>13.600000381469727</ele>
        <time>2026-08-09T11:19:01Z</time>
        <extensions>
          <gpxtpx:TrackPointExtension>
            <gpxtpx:hr>134</gpxtpx:hr>
          </gpxtpx:TrackPointExtension>
        </extensions>
      </trkpt>
      <trkpt lat="-21.714617013931274" lon="166.16718292236328">
        <ele>14.600000381469727</ele>
        <time>2026-08-09T11:19:06Z</time>
        <extensions>
          <gpxtpx:TrackPointExtension>
            <gpxtpx:hr>135</gpxtpx:hr>
          </gpxtpx:TrackPointExtension>
        </extensions>
      </trkpt>
      <trkpt lat="-21.714590191841125" lon="166.1676549911499">
        <ele>14.600000381469727</ele>
        <time>2026-08-09T11:19:11Z</time>
        <extensions>
          <gpxtpx:TrackPointExtension>
            <gpxtpx:hr>135</gpxtpx:hr>
          </gpxtpx:TrackPointExtension>
        </extensions>
      </trkpt>
      <trkpt lat="-21.71439841389656" lon="166.16809487342834">
        <ele>14.600000381469727</ele>
        <time>2026-08-09T11:19:16Z</time>
        <extensions>
          <gpxtpx:TrackPointExtension>
            <gpxtpx:hr>134</gpxtpx:hr>
          </gpxtpx:TrackPointExtension>
        </extensions>
      </trkpt>
      <trkpt lat="-21.71413153409958" lon="166.16849184036255">
        <ele>14.600000381469727</ele>
        <time>2026-08-09T11:19:21Z</time>
        <extensions>
          <gpxtpx:TrackPointExtension>
            <gpxtpx:hr>134</gpxtpx:hr>
          </gpxtpx:TrackPointExtension>
        </extensions>
      </trkpt>
      <trkpt lat="-21.713876724243164" lon="166.1688995361328">
        <ele>14.600000381469727</ele>
        <time>2026-08-09T11:19:26Z</time>
        <extensions>
          <gpxtpx:TrackPointExtension>
            <gpxtpx:hr>135</gpxtpx:hr>
          </gpxtpx:TrackPointExtension>
        </extensions>
      </trkpt>
      <trkpt lat="-21.7139732837677" lon="166.1693286895752">
        <ele>14.600000381469727</ele>
        <time>2026-08-09T11:19:31Z</time>
        <extensions>
          <gpxtpx:TrackPointExtension>
            <gpxtpx:hr>134</gpxtpx:hr>
          </gpxtpx:TrackPointExtension>
        </extensions>
      </trkpt>
      <trkpt lat="-21.71432599425316" lon="166.16963982582092">
        <ele>14.600000381469727</ele>
        <time>2026-08-09T11:19:36Z</time>
        <extensions>
          <gpxtpx:TrackPointExtension>
            <gpxtpx:hr>135</gpxtpx:hr>
          </gpxtpx:TrackPointExtension>
        </extensions>
      </trkpt>
      <trkpt lat="-21.714676022529602" lon="166.1699402332306">
        <ele>14.600000381469727</ele>
        <time>2026-08-09T11:19:41Z</time>
        <extensions>
          <gpxtpx:TrackPointExtension>
            <gpxtpx:hr>136</gpxtpx:hr>
          </gpxtpx:TrackPointExtension>
        </extensions>
      </trkpt>
      <trkpt lat="-21.71498715877533" lon="166.17027282714844">
        <ele>14.800000190734863</ele>
        <time>2026-08-09T11:19:46Z</time>
        <extensions>
          <gpxtpx:TrackPointExtension>
            <gpxtpx:hr>136</gpxtpx:hr>
          </gpxtpx:TrackPointExtension>
        </extensions>
      </trkpt>
      <trkpt lat="-21.714820861816406" lon="166.17069125175476">
        <ele>15.399999618530273</ele>
        <time>2026-08-09T11:19:51Z</time>
        <extensions>
          <gpxtpx:TrackPointExtension>
            <gpxtpx:hr>135</gpxtpx:hr>
          </gpxtpx:TrackPointExtension>
        </extensions>
      </trkpt>
      <trkpt lat="-21.714422553777695" lon="166.17080926895142">
        <ele>16.399999618530273</ele>
        <time>2026-08-09T11:19:56Z</time>
        <extensions>
          <gpxtpx:TrackPointExtension>
            <gpxtpx:hr>136</gpxtpx:hr>
          </gpxtpx:TrackPointExtension>
        </extensions>
      </trkpt>
      <trkpt lat="-21.71420931816101" lon="166.17114186286926">
        <ele>17.799999237060547</ele>
        <time>2026-08-09T11:20:01Z</time>
        <extensions>
          <gpxtpx:TrackPointExtension>
            <gpxtpx:hr>134</gpxtpx:hr>
          </gpxtpx:TrackPointExtension>
        </extensions>
      </trkpt>
      <trkpt lat="-21.71392098069191" lon="166.1713457107544">
        <ele>19.200000762939453</ele>
        <time>2026-08-09T11:20:06Z</time>
        <extensions>
          <gpxtpx:TrackPointExtension>
            <gpxtpx:hr>133</gpxtpx:hr>
          </gpxtpx:TrackPointExtension>
        </extensions>
      </trkpt>
      <trkpt lat="-21.713599115610123" lon="166.17137789726257">
        <ele>20.200000762939453</ele>
        <time>2026-08-09T11:20:11Z</time>
        <extensions>
          <gpxtpx:TrackPointExtension>
            <gpxtpx:hr>133</gpxtpx:hr>
          </gpxtpx:TrackPointExtension>
        </extensions>
      </trkpt>
      <trkpt lat="-21.713318824768066" lon="166.17160320281982">
        <ele>19.600000381469727</ele>
        <time>2026-08-09T11:20:16Z</time>
        <extensions>
          <gpxtpx:TrackPointExtension>
            <gpxtpx:hr>133</gpxtpx:hr>
          </gpxtpx:TrackPointExtension>
        </extensions>
      </trkpt>
      <trkpt lat="-21.712995618581772" lon="166.17189288139343">
        <ele>18.0</ele>
        <time>2026-08-09T11:20:21Z</time>
        <extensions>
          <gpxtpx:TrackPointExtension>
            <gpxtpx:hr>132</gpxtpx:hr>
          </gpxtpx:TrackPointExtension>
        </extensions>
      </trkpt>
      <trkpt lat="-21.712574511766434" lon="166.1717426776886">
        <ele>18.399999618530273</ele>
        <time>2026-08-09T11:20:26Z</time>
        <extensions>
          <gpxtpx:TrackPointExtension>
            <gpxtpx:hr>134</gpxtpx:hr>
          </gpxtpx:TrackPointExtension>
        </extensions>
      </trkpt>
      <trkpt lat="-21.71257048845291" lon="166.17131352424622">
        <ele>19.399999618530273</ele>
        <time>2026-08-09T11:20:31Z</time>
        <extensions>
          <gpxtpx:TrackPointExtension>
            <gpxtpx:hr>134</gpxtpx:hr>
          </gpxtpx:TrackPointExtension>
        </extensions>
      </trkpt>
      <trkpt lat="-21.71289101243019" lon="166.1710560321808">
        <ele>20.600000381469727</ele>
        <time>2026-08-09T11:20:36Z</time>
        <extensions>
          <gpxtpx:TrackPointExtension>
            <gpxtpx:hr>135</gpxtpx:hr>
          </gpxtpx:TrackPointExtension>
        </extensions>
      </trkpt>
      <trkpt lat="-21.71319678425789" lon="166.17080926895142">
        <ele>21.799999237060547</ele>
        <time>2026-08-09T11:20:41Z</time>
        <extensions>
          <gpxtpx:TrackPointExtension>
            <gpxtpx:hr>137</gpxtpx:hr>
          </gpxtpx:TrackPointExtension>
        </extensions>
      </trkpt>
      <trkpt lat="-21.713482439517975" lon="166.17058396339417">
        <ele>23.0</ele>
        <time>2026-08-09T11:20:46Z</time>
        <extensions>
          <gpxtpx:TrackPointExtension>
            <gpxtpx:hr>138</gpxtpx:hr>
          </gpxtpx:TrackPointExtension>
        </extensions>
      </trkpt>
      <trkpt lat="-21.713754683732986" lon="166.17036938667297">
        <ele>24.0</ele>
        <time>2026-08-09T11:20:51Z</time>
        <extensions>
          <gpxtpx:TrackPointExtension>
            <gpxtpx:hr>136</gpxtpx:hr>
          </gpxtpx:TrackPointExtension>
        </extensions>
      </trkpt>
      <trkpt lat="-21.71401485800743" lon="166.17016553878784">
        <ele>25.0</ele>
        <time>2026-08-09T11:20:56Z</time>
        <extensions>
          <gpxtpx:TrackPointExtension>
            <gpxtpx:hr>135</gpxtpx:hr>
          </gpxtpx:TrackPointExtension>
        </extensions>
      </trkpt>
      <trkpt lat="-21.71428307890892" lon="166.16997241973877">
        <ele>25.200000762939453</ele>
        <time>2026-08-09T11:21:01Z</time>
        <extensions>
          <gpxtpx:TrackPointExtension>
            <gpxtpx:hr>134</gpxtpx:hr>
          </gpxtpx:TrackPointExtension>
        </extensions>
      </trkpt>
      <trkpt lat="-21.714586168527603" lon="166.1697256565094">
        <ele>25.200000762939453</ele>
        <time>2026-08-09T11:21:06Z</time>
        <extensions>
          <gpxtpx:TrackPointExtension>
            <gpxtpx:hr>133</gpxtpx:hr>
          </gpxtpx:TrackPointExtension>
        </extensions>
      </trkpt>
      <trkpt lat="-21.714914739131927" lon="166.16947889328003">
        <ele>25.0</ele>
        <time>2026-08-09T11:21:11Z</time>
        <extensions>
          <gpxtpx:TrackPointExtension>
            <gpxtpx:hr>133</gpxtpx:hr>
          </gpxtpx:TrackPointExtension>
        </extensions>
      </trkpt>
      <trkpt lat="-21.71528622508049" lon="166.16921067237854">
        <ele>23.399999618530273</ele>
        <time>2026-08-09T11:21:16Z</time>
        <extensions>
          <gpxtpx:TrackPointExtension>
            <gpxtpx:hr>132</gpxtpx:hr>
          </gpxtpx:TrackPointExtension>
        </extensions>
      </trkpt>
      <trkpt lat="-21.715708673000336" lon="166.1688995361328">
        <ele>21.799999237060547</ele>
        <time>2026-08-09T11:21:21Z</time>
        <extensions>
          <gpxtpx:TrackPointExtension>
            <gpxtpx:hr>134</gpxtpx:hr>
          </gpxtpx:TrackPointExtension>
        </extensions>
      </trkpt>
      <trkpt lat="-21.716170012950897" lon="166.16858839988708">
        <ele>20.600000381469727</ele>
        <time>2026-08-09T11:21:26Z</time>
        <extensions>
          <gpxtpx:TrackPointExtension>
            <gpxtpx:hr>135</gpxtpx:hr>
          </gpxtpx:TrackPointExtension>
        </extensions>
      </trkpt>
      <trkpt lat="-21.716481149196625" lon="166.1688780784607">
        <ele>22.399999618530273</ele>
        <time>2026-08-09T11:21:31Z</time>
        <extensions>
          <gpxtpx:TrackPointExtension>
            <gpxtpx:hr>134</gpxtpx:hr>
          </gpxtpx:TrackPointExtension>
        </extensions>
      </trkpt>
      <trkpt lat="-21.71649858355522" lon="166.16931796073914">
        <ele>22.799999237060547</ele>
        <time>2026-08-09T11:21:36Z</time>
        <extensions>
          <gpxtpx:TrackPointExtension>
            <gpxtpx:hr>132</gpxtpx:hr>
          </gpxtpx:TrackPointExtension>
        </extensions>
      </trkpt>
      <trkpt lat="-21.716648787260056" lon="166.16979002952576">
        <ele>21.600000381469727</ele>
        <time>2026-08-09T11:21:41Z</time>
        <extensions>
          <gpxtpx:TrackPointExtension>
            <gpxtpx:hr>132</gpxtpx:hr>
          </gpxtpx:TrackPointExtension>
        </extensions>
      </trkpt>
      <trkpt lat="-21.716229021549225" lon="166.170015335083">
        <ele>20.799999237060547</ele>
        <time>2026-08-09T11:21:46Z</time>
        <extensions>
          <gpxtpx:TrackPointExtension>
            <gpxtpx:hr>133</gpxtpx:hr>
          </gpxtpx:TrackPointExtension>
        </extensions>
      </trkpt>
      <trkpt lat="-21.715723425149918" lon="166.17015480995178">
        <ele>19.0</ele>
        <time>2026-08-09T11:21:51Z</time>
        <extensions>
          <gpxtpx:TrackPointExtension>
            <gpxtpx:hr>132</gpxtpx:hr>
          </gpxtpx:TrackPointExtension>
        </extensions>
      </trkpt>
      <trkpt lat="-21.715510189533234" lon="166.17070198059082">
        <ele>17.799999237060547</ele>
        <time>2026-08-09T11:21:56Z</time>
        <extensions>
          <gpxtpx:TrackPointExtension>
            <gpxtpx:hr>131</gpxtpx:hr>
          </gpxtpx:TrackPointExtension>
        </extensions>
      </trkpt>
      <trkpt lat="-21.715787798166275" lon="166.17117404937744">
        <ele>17.600000381469727</ele>
        <time>2026-08-09T11:22:01Z</time>
        <extensions>
          <gpxtpx:TrackPointExtension>
            <gpxtpx:hr>130</gpxtpx:hr>
          </gpxtpx:TrackPointExtension>
        </extensions>
      </trkpt>
      <trkpt lat="-21.71622097492218" lon="166.17151737213135">
        <ele>17.600000381469727</ele>
        <time>2026-08-09T11:22:06Z</time>
        <extensions>
          <gpxtpx:TrackPointExtension>
            <gpxtpx:hr>130</gpxtpx:hr>
          </gpxtpx:TrackPointExtension>
        </extensions>
      </trkpt>
      <trkpt lat="-21.716450303792953" lon="166.17200016975403">
        <ele>18.600000381469727</ele>
        <time>2026-08-09T11:22:11Z</time>
        <extensions>
          <gpxtpx:TrackPointExtension>
            <gpxtpx:hr>132</gpxtpx:hr>
          </gpxtpx:TrackPointExtension>
        </extensions>
      </trkpt>
      <trkpt lat="-21.716659516096115" lon="166.1724293231964">
        <ele>19.799999237060547</ele>
        <time>2026-08-09T11:22:16Z</time>
        <extensions>
          <gpxtpx:TrackPointExtension>
            <gpxtpx:hr>133</gpxtpx:hr>
          </gpxtpx:TrackPointExtension>
        </extensions>
      </trkpt>
      <trkpt lat="-21.71700283885002" lon="166.17270827293396">
        <ele>20.0</ele>
        <time>2026-08-09T11:22:21Z</time>
        <extensions>
          <gpxtpx:TrackPointExtension>
            <gpxtpx:hr>134</gpxtpx:hr>
          </gpxtpx:TrackPointExtension>
        </extensions>
      </trkpt>
      <trkpt lat="-21.717399805784225" lon="166.1729121208191">
        <ele>19.799999237060547</ele>
        <time>2026-08-09T11:22:26Z</time>
        <extensions>
          <gpxtpx:TrackPointExtension>
            <gpxtpx:hr>136</gpxtpx:hr>
          </gpxtpx:TrackPointExtension>
        </extensions>
      </trkpt>
      <trkpt lat="-21.71772301197052" lon="166.17326617240906">
        <ele>19.600000381469727</ele>
        <time>2026-08-09T11:22:31Z</time>
        <extensions>
          <gpxtpx:TrackPointExtension>
            <gpxtpx:hr>134</gpxtpx:hr>
          </gpxtpx:TrackPointExtension>
        </extensions>
      </trkpt>
      <trkpt lat="-21.7180073261261" lon="166.17366313934326">
        <ele>19.0</ele>
        <time>2026-08-09T11:22:36Z</time>
        <extensions>
          <gpxtpx:TrackPointExtension>
            <gpxtpx:hr>133</gpxtpx:hr>
          </gpxtpx:TrackPointExtension>
        </extensions>
      </trkpt>
      <trkpt lat="-21.718276888132095" lon="166.17412447929382">
        <ele>18.200000762939453</ele>
        <time>2026-08-09T11:22:41Z</time>
        <extensions>
          <gpxtpx:TrackPointExtension>
            <gpxtpx:hr>132</gpxtpx:hr>
          </gpxtpx:TrackPointExtension>
        </extensions>
      </trkpt>
      <trkpt lat="-21.718677878379822" lon="166.1744248867035">
        <ele>18.200000762939453</ele>
        <time>2026-08-09T11:22:46Z</time>
        <extensions>
          <gpxtpx:TrackPointExtension>
            <gpxtpx:hr>133</gpxtpx:hr>
          </gpxtpx:TrackPointExtension>
        </extensions>
      </trkpt>
      <trkpt lat="-21.719132512807846" lon="166.17424249649048">
        <ele>18.399999618530273</ele>
        <time>2026-08-09T11:22:51Z</time>
        <extensions>
          <gpxtpx:TrackPointExtension>
            <gpxtpx:hr>135</gpxtpx:hr>
          </gpxtpx:TrackPointExtension>
        </extensions>
      </trkpt>
      <trkpt lat="-21.719568371772766" lon="166.1739957332611">
        <ele>18.600000381469727</ele>
        <time>2026-08-09T11:22:56Z</time>
        <extensions>
          <gpxtpx:TrackPointExtension>
            <gpxtpx:hr>137</gpxtpx:hr>
          </gpxtpx:TrackPointExtension>
        </extensions>
      </trkpt>
      <trkpt lat="-21.720024347305298" lon="166.17390990257263">
        <ele>19.799999237060547</ele>
        <time>2026-08-09T11:23:01Z</time>
        <extensions>
          <gpxtpx:TrackPointExtension>
            <gpxtpx:hr>138</gpxtpx:hr>
          </gpxtpx:TrackPointExtension>
        </extensions>
      </trkpt>
      <trkpt lat="-21.720429360866547" lon="166.173974275589">
        <ele>21.600000381469727</ele>
        <time>2026-08-09T11:23:06Z</time>
        <extensions>
          <gpxtpx:TrackPointExtension>
            <gpxtpx:hr>139</gpxtpx:hr>
          </gpxtpx:TrackPointExtension>
        </extensions>
      </trkpt>
      <trkpt lat="-21.720812916755676" lon="166.17406010627747">
        <ele>21.200000762939453</ele>
        <time>2026-08-09T11:23:11Z</time>
        <extensions>
          <gpxtpx:TrackPointExtension>
            <gpxtpx:hr>136</gpxtpx:hr>
          </gpxtpx:TrackPointExtension>
        </extensions>
      </trkpt>
      <trkpt lat="-21.721266210079193" lon="166.17419958114624">
        <ele>19.0</ele>
        <time>2026-08-09T11:23:16Z</time>
        <extensions>
          <gpxtpx:TrackPointExtension>
            <gpxtpx:hr>134</gpxtpx:hr>
          </gpxtpx:TrackPointExtension>
        </extensions>
      </trkpt>
      <trkpt lat="-21.721773147583008" lon="166.17433905601501">
        <ele>18.399999618530273</ele>
        <time>2026-08-09T11:23:21Z</time>
        <extensions>
          <gpxtpx:TrackPointExtension>
            <gpxtpx:hr>133</gpxtpx:hr>
          </gpxtpx:TrackPointExtension>
        </extensions>
      </trkpt>
      <trkpt lat="-21.722227782011032" lon="166.1741030216217">
        <ele>19.399999618530273</ele>
        <time>2026-08-09T11:23:26Z</time>
        <extensions>
          <gpxtpx:TrackPointExtension>
            <gpxtpx:hr>134</gpxtpx:hr>
          </gpxtpx:TrackPointExtension>
        </extensions>
      </trkpt>
      <trkpt lat="-21.722576469182968" lon="166.17377042770386">
        <ele>19.600000381469727</ele>
        <time>2026-08-09T11:23:31Z</time>
        <extensions>
          <gpxtpx:TrackPointExtension>
            <gpxtpx:hr>134</gpxtpx:hr>
          </gpxtpx:TrackPointExtension>
        </extensions>
      </trkpt>
      <trkpt lat="-21.72291174530983" lon="166.17340564727783">
        <ele>19.600000381469727</ele>
        <time>2026-08-09T11:23:36Z</time>
        <extensions>
          <gpxtpx:TrackPointExtension>
            <gpxtpx:hr>134</gpxtpx:hr>
          </gpxtpx:TrackPointExtension>
        </extensions>
      </trkpt>
      <trkpt lat="-21.723218858242035" lon="166.1730194091797">
        <ele>19.600000381469727</ele>
        <time>2026-08-09T11:23:41Z</time>
        <extensions>
          <gpxtpx:TrackPointExtension>
            <gpxtpx:hr>137</gpxtpx:hr>
          </gpxtpx:TrackPointExtension>
        </extensions>
      </trkpt>
      <trkpt lat="-21.723480373620987" lon="166.17260098457336">
        <ele>19.600000381469727</ele>
        <time>2026-08-09T11:23:46Z</time>
        <extensions>
          <gpxtpx:TrackPointExtension>
            <gpxtpx:hr>139</gpxtpx:hr>
          </gpxtpx:TrackPointExtension>
        </extensions>
      </trkpt>
      <trkpt lat="-21.72365203499794" lon="166.17211818695068">
        <ele>19.600000381469727</ele>
        <time>2026-08-09T11:23:51Z</time>
        <extensions>
          <gpxtpx:TrackPointExtension>
            <gpxtpx:hr>135</gpxtpx:hr>
          </gpxtpx:TrackPointExtension>
        </extensions>
      </trkpt>
      <trkpt lat="-21.723863929510117" lon="166.17166757583618">
        <ele>19.600000381469727</ele>
        <time>2026-08-09T11:23:56Z</time>
        <extensions>
          <gpxtpx:TrackPointExtension>
            <gpxtpx:hr>134</gpxtpx:hr>
          </gpxtpx:TrackPointExtension>
        </extensions>
      </trkpt>
      <trkpt lat="-21.724201887845993" lon="166.17130279541016">
        <ele>19.600000381469727</ele>
        <time>2026-08-09T11:24:01Z</time>
        <extensions>
          <gpxtpx:TrackPointExtension>
            <gpxtpx:hr>135</gpxtpx:hr>
          </gpxtpx:TrackPointExtension>
        </extensions>
      </trkpt>
      <trkpt lat="-21.7245452105999" lon="166.17093801498413">
        <ele>19.600000381469727</ele>
        <time>2026-08-09T11:24:06Z</time>
        <extensions>
          <gpxtpx:TrackPointExtension>
            <gpxtpx:hr>134</gpxtpx:hr>
          </gpxtpx:TrackPointExtension>
        </extensions>
      </trkpt>
      <trkpt lat="-21.72488585114479" lon="166.17058396339417">
        <ele>19.799999237060547</ele>
        <time>2026-08-09T11:24:11Z</time>
        <extensions>
          <gpxtpx:TrackPointExtension>
            <gpxtpx:hr>136</gpxtpx:hr>
          </gpxtpx:TrackPointExtension>
        </extensions>
      </trkpt>
      <trkpt lat="-21.72522783279419" lon="166.1702299118042">
        <ele>19.799999237060547</ele>
        <time>2026-08-09T11:24:16Z</time>
        <extensions>
          <gpxtpx:TrackPointExtension>
            <gpxtpx:hr>134</gpxtpx:hr>
          </gpxtpx:TrackPointExtension>
        </extensions>
      </trkpt>
      <trkpt lat="-21.725567132234573" lon="166.16987586021423">
        <ele>19.799999237060547</ele>
        <time>2026-08-09T11:24:21Z</time>
        <extensions>
          <gpxtpx:TrackPointExtension>
            <gpxtpx:hr>134</gpxtpx:hr>
          </gpxtpx:TrackPointExtension>
        </extensions>
      </trkpt>
      <trkpt lat="-21.725918501615524" lon="166.1695110797882">
        <ele>19.799999237060547</ele>
        <time>2026-08-09T11:24:26Z</time>
        <extensions>
          <gpxtpx:TrackPointExtension>
            <gpxtpx:hr>135</gpxtpx:hr>
          </gpxtpx:TrackPointExtension>
        </extensions>
      </trkpt>
      <trkpt lat="-21.726269870996475" lon="166.16914629936218">
        <ele>19.799999237060547</ele>
        <time>2026-08-09T11:24:31Z</time>
        <extensions>
          <gpxtpx:TrackPointExtension>
            <gpxtpx:hr>135</gpxtpx:hr>
          </gpxtpx:TrackPointExtension>
        </extensions>
      </trkpt>
      <trkpt lat="-21.72661855816841" lon="166.16879224777222">
        <ele>19.799999237060547</ele>
        <time>2026-08-09T11:24:36Z</time>
        <extensions>
          <gpxtpx:TrackPointExtension>
            <gpxtpx:hr>135</gpxtpx:hr>
          </gpxtpx:TrackPointExtension>
        </extensions>
      </trkpt>
      <trkpt lat="-21.72696590423584" lon="166.1684274673462">
        <ele>19.799999237060547</ele>
        <time>2026-08-09T11:24:41Z</time>
        <extensions>
          <gpxtpx:TrackPointExtension>
            <gpxtpx:hr>136</gpxtpx:hr>
          </gpxtpx:TrackPointExtension>
        </extensions>
      </trkpt>
      <trkpt lat="-21.727310568094254" lon="166.16809487342834">
        <ele>19.799999237060547</ele>
        <time>2026-08-09T11:24:46Z</time>
        <extensions>
          <gpxtpx:TrackPointExtension>
            <gpxtpx:hr>137</gpxtpx:hr>
          </gpxtpx:TrackPointExtension>
        </extensions>
      </trkpt>
      <trkpt lat="-21.727640479803085" lon="166.1677086353302">
        <ele>19.600000381469727</ele>
        <time>2026-08-09T11:24:51Z</time>
        <extensions>
          <gpxtpx:TrackPointExtension>
            <gpxtpx:hr>137</gpxtpx:hr>
          </gpxtpx:TrackPointExtension>
        </extensions>
      </trkpt>
      <trkpt lat="-21.72787517309189" lon="166.16726875305176">
        <ele>19.600000381469727</ele>
        <time>2026-08-09T11:24:56Z</time>
        <extensions>
          <gpxtpx:TrackPointExtension>
            <gpxtpx:hr>137</gpxtpx:hr>
          </gpxtpx:TrackPointExtension>
        </extensions>
      </trkpt>
      <trkpt lat="-21.727757155895233" lon="166.16679668426514">
        <ele>19.799999237060547</ele>
        <time>2026-08-09T11:25:01Z</time>
        <extensions>
          <gpxtpx:TrackPointExtension>
            <gpxtpx:hr>139</gpxtpx:hr>
          </gpxtpx:TrackPointExtension>
        </extensions>
      </trkpt>
      <trkpt lat="-21.727531850337982" lon="166.1663568019867">
        <ele>19.600000381469727</ele>
        <time>2026-08-09T11:25:06Z</time>
        <extensions>
          <gpxtpx:TrackPointExtension>
            <gpxtpx:hr>140</gpxtpx:hr>
          </gpxtpx:TrackPointExtension>
        </extensions>
      </trkpt>
      <trkpt lat="-21.727526485919952" lon="166.16582036018372">
        <ele>18.200000762939453</ele>
        <time>2026-08-09T11:25:11Z</time>
        <extensions>
          <gpxtpx:TrackPointExtension>
            <gpxtpx:hr>139</gpxtpx:hr>
          </gpxtpx:TrackPointExtension>
        </extensions>
      </trkpt>
      <trkpt lat="-21.727518439292908" lon="166.1652410030365">
        <ele>16.399999618530273</ele>
        <time>2026-08-09T11:25:16Z</time>
        <extensions>
          <gpxtpx:TrackPointExtension>
            <gpxtpx:hr>138</gpxtpx:hr>
          </gpxtpx:TrackPointExtension>
        </extensions>
      </trkpt>
      <trkpt lat="-21.727282404899597" lon="166.16469383239746">
        <ele>15.199999809265137</ele>
        <time>2026-08-09T11:25:21Z</time>
        <extensions>
          <gpxtpx:TrackPointExtension>
            <gpxtpx:hr>137</gpxtpx:hr>
          </gpxtpx:TrackPointExtension>
        </extensions>
      </trkpt>
      <trkpt lat="-21.726768761873245" lon="166.1644470691681">
        <ele>13.199999809265137</ele>
        <time>2026-08-09T11:25:26Z</time>
        <extensions>
          <gpxtpx:TrackPointExtension>
            <gpxtpx:hr>135</gpxtpx:hr>
          </gpxtpx:TrackPointExtension>
        </extensions>
      </trkpt>
      <trkpt lat="-21.726312786340714" lon="166.16411447525024">
        <ele>11.800000190734863</ele>
        <time>2026-08-09T11:25:31Z</time>
        <extensions>
          <gpxtpx:TrackPointExtension>
            <gpxtpx:hr>136</gpxtpx:hr>
          </gpxtpx:TrackPointExtension>
        </extensions>
      </trkpt>
      <trkpt lat="-21.72630339860916" lon="166.16350293159485">
        <ele>12.600000381469727</ele>
        <time>2026-08-09T11:25:36Z</time>
        <extensions>
          <gpxtpx:TrackPointExtension>
            <gpxtpx:hr>134</gpxtpx:hr>
          </gpxtpx:TrackPointExtension>
        </extensions>
      </trkpt>
      <trkpt lat="-21.725901067256927" lon="166.16324543952942">
        <ele>12.199999809265137</ele>
        <time>2026-08-09T11:25:41Z</time>
        <extensions>
          <gpxtpx:TrackPointExtension>
            <gpxtpx:hr>134</gpxtpx:hr>
          </gpxtpx:TrackPointExtension>
        </extensions>
      </trkpt>
      <trkpt lat="-21.725434362888336" lon="166.1630415916443">
        <ele>12.0</ele>
        <time>2026-08-09T11:25:46Z</time>
        <extensions>
          <gpxtpx:TrackPointExtension>
            <gpxtpx:hr>135</gpxtpx:hr>
          </gpxtpx:TrackPointExtension>
        </extensions>
      </trkpt>
      <trkpt lat="-21.725361943244934" lon="166.1625373363495">
        <ele>13.800000190734863</ele>
        <time>2026-08-09T11:25:51Z</time>
        <extensions>
          <gpxtpx:TrackPointExtension>
            <gpxtpx:hr>134</gpxtpx:hr>
          </gpxtpx:TrackPointExtension>
        </extensions>
      </trkpt>
      <trkpt lat="-21.725304275751114" lon="166.16209745407104">
        <ele>15.0</ele>
        <time>2026-08-09T11:25:56Z</time>
        <extensions>
          <gpxtpx:TrackPointExtension>
            <gpxtpx:hr>131</gpxtpx:hr>
          </gpxtpx:TrackPointExtension>
        </extensions>
      </trkpt>
      <trkpt lat="-21.72512322664261" lon="166.16172194480896">
        <ele>15.0</ele>
        <time>2026-08-09T11:26:01Z</time>
        <extensions>
          <gpxtpx:TrackPointExtension>
            <gpxtpx:hr>130</gpxtpx:hr>
          </gpxtpx:TrackPointExtension>
        </extensions>
      </trkpt>
      <trkpt lat="-21.72492876648903" lon="166.16130352020264">
        <ele>15.0</ele>
        <time>2026-08-09T11:26:06Z</time>
        <extensions>
          <gpxtpx:TrackPointExtension>
            <gpxtpx:hr>132</gpxtpx:hr>
          </gpxtpx:TrackPointExtension>
        </extensions>
      </trkpt>
      <trkpt lat="-21.724899262189865" lon="166.16084218025208">
        <ele>15.0</ele>
        <time>2026-08-09T11:26:11Z</time>
        <extensions>
          <gpxtpx:TrackPointExtension>
            <gpxtpx:hr>131</gpxtpx:hr>
          </gpxtpx:TrackPointExtension>
        </extensions>
      </trkpt>
      <trkpt lat="-21.725218445062637" lon="166.16053104400635">
        <ele>15.0</ele>
        <time>2026-08-09T11:26:16Z</time>
        <extensions>
          <gpxtpx:TrackPointExtension>
            <gpxtpx:hr>132</gpxtpx:hr>
          </gpxtpx:TrackPointExtension>
        </extensions>
      </trkpt>
      <trkpt lat="-21.725607365369797" lon="166.16026282310486">
        <ele>15.0</ele>
        <time>2026-08-09T11:26:21Z</time>
        <extensions>
          <gpxtpx:TrackPointExtension>
            <gpxtpx:hr>134</gpxtpx:hr>
          </gpxtpx:TrackPointExtension>
        </extensions>
      </trkpt>
      <trkpt lat="-21.72599896788597" lon="166.16000533103943">
        <ele>15.0</ele>
        <time>2026-08-09T11:26:26Z</time>
        <extensions>
          <gpxtpx:TrackPointExtension>
            <gpxtpx:hr>135</gpxtpx:hr>
          </gpxtpx:TrackPointExtension>
        </extensions>
      </trkpt>
      <trkpt lat="-21.726391911506653" lon="166.159747838974">
        <ele>15.0</ele>
        <time>2026-08-09T11:26:31Z</time>
        <extensions>
          <gpxtpx:TrackPointExtension>
            <gpxtpx:hr>135</gpxtpx:hr>
          </gpxtpx:TrackPointExtension>
        </extensions>
      </trkpt>
      <trkpt lat="-21.72678753733635" lon="166.15949034690857">
        <ele>15.0</ele>
        <time>2026-08-09T11:26:36Z</time>
        <extensions>
          <gpxtpx:TrackPointExtension>
            <gpxtpx:hr>136</gpxtpx:hr>
          </gpxtpx:TrackPointExtension>
        </extensions>
      </trkpt>
      <trkpt lat="-21.727173775434494" lon="166.15921139717102">
        <ele>15.0</ele>
        <time>2026-08-09T11:26:41Z</time>
        <extensions>
          <gpxtpx:TrackPointExtension>
            <gpxtpx:hr>136</gpxtpx:hr>
          </gpxtpx:TrackPointExtension>
        </extensions>
      </trkpt>
      <trkpt lat="-21.727177798748016" lon="166.1587393283844">
        <ele>15.199999809265137</ele>
        <time>2026-08-09T11:26:46Z</time>
        <extensions>
          <gpxtpx:TrackPointExtension>
            <gpxtpx:hr>136</gpxtpx:hr>
          </gpxtpx:TrackPointExtension>
        </extensions>
      </trkpt>
      <trkpt lat="-21.726843863725662" lon="166.1584496498108">
        <ele>14.600000381469727</ele>
        <time>2026-08-09T11:26:51Z</time>
        <extensions>
          <gpxtpx:TrackPointExtension>
            <gpxtpx:hr>135</gpxtpx:hr>
          </gpxtpx:TrackPointExtension>
        </extensions>
      </trkpt>
      <trkpt lat="-21.726343631744385" lon="166.15836381912231">
        <ele>13.199999809265137</ele>
        <time>2026-08-09T11:26:56Z</time>
        <extensions>
          <gpxtpx:TrackPointExtension>
            <gpxtpx:hr>137</gpxtpx:hr>
          </gpxtpx:TrackPointExtension>
        </extensions>
      </trkpt>
      <trkpt lat="-21.7258058488369" lon="166.15826725959778">
        <ele>11.800000190734863</ele>
        <time>2026-08-09T11:27:01Z</time>
        <extensions>
          <gpxtpx:TrackPointExtension>
            <gpxtpx:hr>138</gpxtpx:hr>
          </gpxtpx:TrackPointExtension>
        </extensions>
      </trkpt>
      <trkpt lat="-21.725239902734756" lon="166.15814924240112">
        <ele>10.399999618530273</ele>
        <time>2026-08-09T11:27:06Z</time>
        <extensions>
          <gpxtpx:TrackPointExtension>
            <gpxtpx:hr>139</gpxtpx:hr>
          </gpxtpx:TrackPointExtension>
        </extensions>
      </trkpt>
      <trkpt lat="-21.724884510040283" lon="166.15768790245056">
        <ele>10.399999618530273</ele>
        <time>2026-08-09T11:27:11Z</time>
        <extensions>
          <gpxtpx:TrackPointExtension>
            <gpxtpx:hr>140</gpxtpx:hr>
          </gpxtpx:TrackPointExtension>
        </extensions>
      </trkpt>
      <trkpt lat="-21.72500252723694" lon="166.15714073181152">
        <ele>10.800000190734863</ele>
        <time>2026-08-09T11:27:16Z</time>
        <extensions>
          <gpxtpx:TrackPointExtension>
            <gpxtpx:hr>140</gpxtpx:hr>
          </gpxtpx:TrackPointExtension>
        </extensions>
      </trkpt>
      <trkpt lat="-21.725286841392517" lon="166.15670084953308">
        <ele>11.600000381469727</ele>
        <time>2026-08-09T11:27:21Z</time>
        <extensions>
          <gpxtpx:TrackPointExtension>
            <gpxtpx:hr>139</gpxtpx:hr>
          </gpxtpx:TrackPointExtension>
        </extensions>
      </trkpt>
      <trkpt lat="-21.72555238008499" lon="166.15628242492676">
        <ele>12.199999809265137</ele>
        <time>2026-08-09T11:27:26Z</time>
        <extensions>
          <gpxtpx:TrackPointExtension>
            <gpxtpx:hr>137</gpxtpx:hr>
          </gpxtpx:TrackPointExtension>
        </extensions>
      </trkpt>
      <trkpt lat="-21.725634187459946" lon="166.15579962730408">
        <ele>12.199999809265137</ele>
        <time>2026-08-09T11:27:31Z</time>
        <extensions>
          <gpxtpx:TrackPointExtension>
            <gpxtpx:hr>135</gpxtpx:hr>
          </gpxtpx:TrackPointExtension>
        </extensions>
      </trkpt>
      <trkpt lat="-21.725876927375793" lon="166.15543484687805">
        <ele>12.399999618530273</ele>
        <time>2026-08-09T11:27:36Z</time>
        <extensions>
          <gpxtpx:TrackPointExtension>
            <gpxtpx:hr>136</gpxtpx:hr>
          </gpxtpx:TrackPointExtension>
        </extensions>
      </trkpt>
      <trkpt lat="-21.72631546854973" lon="166.15556359291077">
        <ele>13.199999809265137</ele>
        <time>2026-08-09T11:27:41Z</time>
        <extensions>
          <gpxtpx:TrackPointExtension>
            <gpxtpx:hr>137</gpxtpx:hr>
          </gpxtpx:TrackPointExtension>
        </extensions>
      </trkpt>
      <trkpt lat="-21.72655686736107" lon="166.15516662597656">
        <ele>13.199999809265137</ele>
        <time>2026-08-09T11:27:46Z</time>
        <extensions>
          <gpxtpx:TrackPointExtension>
            <gpxtpx:hr>139</gpxtpx:hr>
          </gpxtpx:TrackPointExtension>
        </extensions>
      </trkpt>
      <trkpt lat="-21.726732552051544" lon="166.15471601486206">
        <ele>13.199999809265137</ele>
        <time>2026-08-09T11:27:51Z</time>
        <extensions>
          <gpxtpx:TrackPointExtension>
            <gpxtpx:hr>139</gpxtpx:hr>
          </gpxtpx:TrackPointExtension>
        </extensions>
      </trkpt>
      <trkpt lat="-21.726906895637512" lon="166.15424394607544">
        <ele>13.199999809265137</ele>
        <time>2026-08-09T11:27:56Z</time>
        <extensions>
          <gpxtpx:TrackPointExtension>
            <gpxtpx:hr>139</gpxtpx:hr>
          </gpxtpx:TrackPointExtension>
        </extensions>
      </trkpt>
      <trkpt lat="-21.727352142333984" lon="166.15408301353455">
        <ele>13.600000381469727</ele>
        <time>2026-08-09T11:28:01Z</time>
        <extensions>
          <gpxtpx:TrackPointExtension>
            <gpxtpx:hr>139</gpxtpx:hr>
          </gpxtpx:TrackPointExtension>
        </extensions>
      </trkpt>
      <trkpt lat="-21.727766543626785" lon="166.1539328098297">
        <ele>15.399999618530273</ele>
        <time>2026-08-09T11:28:06Z</time>
        <extensions>
          <gpxtpx:TrackPointExtension>
            <gpxtpx:hr>140</gpxtpx:hr>
          </gpxtpx:TrackPointExtension>
        </extensions>
      </trkpt>
      <trkpt lat="-21.728124618530273" lon="166.15377187728882">
        <ele>16.600000381469727</ele>
        <time>2026-08-09T11:28:11Z</time>
        <extensions>
          <gpxtpx:TrackPointExtension>
            <gpxtpx:hr>142</gpxtpx:hr>
          </gpxtpx:TrackPointExtension>
        </extensions>
      </trkpt>
      <trkpt lat="-21.728539019823074" lon="166.15370750427246">
        <ele>16.0</ele>
        <time>2026-08-09T11:28:16Z</time>
        <extensions>
          <gpxtpx:TrackPointExtension>
            <gpxtpx:hr>143</gpxtpx:hr>
          </gpxtpx:TrackPointExtension>
        </extensions>
      </trkpt>
      <trkpt lat="-21.729023158550262" lon="166.15377187728882">
        <ele>14.600000381469727</ele>
        <time>2026-08-09T11:28:21Z</time>
        <extensions>
          <gpxtpx:TrackPointExtension>
            <gpxtpx:hr>143</gpxtpx:hr>
          </gpxtpx:TrackPointExtension>
        </extensions>
      </trkpt>
      <trkpt lat="-21.729349046945572" lon="166.15417957305908">
        <ele>14.399999618530273</ele>
        <time>2026-08-09T11:28:26Z</time>
        <extensions>
          <gpxtpx:TrackPointExtension>
            <gpxtpx:hr>143</gpxtpx:hr>
          </gpxtpx:TrackPointExtension>
        </extensions>
      </trkpt>
      <trkpt lat="-21.729866713285446" lon="166.15431904792786">
        <ele>13.600000381469727</ele>
        <time>2026-08-09T11:28:31Z</time>
        <extensions>
          <gpxtpx:TrackPointExtension>
            <gpxtpx:hr>141</gpxtpx:hr>
          </gpxtpx:TrackPointExtension>
        </extensions>
      </trkpt>
      <trkpt lat="-21.73039510846138" lon="166.1541473865509">
        <ele>13.199999809265137</ele>
        <time>2026-08-09T11:28:36Z</time>
        <extensions>
          <gpxtpx:TrackPointExtension>
            <gpxtpx:hr>138</gpxtpx:hr>
          </gpxtpx:TrackPointExtension>
        </extensions>
      </trkpt>
      <trkpt lat="-21.730871200561523" lon="166.15388989448547">
        <ele>13.0</ele>
        <time>2026-08-09T11:28:41Z</time>
        <extensions>
          <gpxtpx:TrackPointExtension>
            <gpxtpx:hr>137</gpxtpx:hr>
          </gpxtpx:TrackPointExtension>
        </extensions>
      </trkpt>
      <trkpt lat="-21.73130303621292" lon="166.1535680294037">
        <ele>13.0</ele>
        <time>2026-08-09T11:28:46Z</time>
        <extensions>
          <gpxtpx:TrackPointExtension>
            <gpxtpx:hr>138</gpxtpx:hr>
          </gpxtpx:TrackPointExtension>
        </extensions>
      </trkpt>
      <trkpt lat="-21.731752306222916" lon="166.15331053733826">
        <ele>13.0</ele>
        <time>2026-08-09T11:28:51Z</time>
        <extensions>
          <gpxtpx:TrackPointExtension>
            <gpxtpx:hr>140</gpxtpx:hr>
          </gpxtpx:TrackPointExtension>
        </extensions>
      </trkpt>
      <trkpt lat="-21.732198894023895" lon="166.153085231781">
        <ele>13.0</ele>
        <time>2026-08-09T11:28:56Z</time>
        <extensions>
          <gpxtpx:TrackPointExtension>
            <gpxtpx:hr>140</gpxtpx:hr>
          </gpxtpx:TrackPointExtension>
        </extensions>
      </trkpt>
      <trkpt lat="-21.732704490423203" lon="166.1530637741089">
        <ele>12.199999809265137</ele>
        <time>2026-08-09T11:29:01Z</time>
        <extensions>
          <gpxtpx:TrackPointExtension>
            <gpxtpx:hr>141</gpxtpx:hr>
          </gpxtpx:TrackPointExtension>
        </extensions>
      </trkpt>
      <trkpt lat="-21.733214110136032" lon="166.15312814712524">
        <ele>13.0</ele>
        <time>2026-08-09T11:29:06Z</time>
        <extensions>
          <gpxtpx:TrackPointExtension>
            <gpxtpx:hr>140</gpxtpx:hr>
          </gpxtpx:TrackPointExtension>
        </extensions>
      </trkpt>
      <trkpt lat="-21.73369288444519" lon="166.153085231781">
        <ele>13.0</ele>
        <time>2026-08-09T11:29:11Z</time>
        <extensions>
          <gpxtpx:TrackPointExtension>
            <gpxtpx:hr>139</gpxtpx:hr>
          </gpxtpx:TrackPointExtension>
        </extensions>
      </trkpt>
      <trkpt lat="-21.734167635440826" lon="166.15310668945312">
        <ele>13.399999618530273</ele>
        <time>2026-08-09T11:29:16Z</time>
        <extensions>
          <gpxtpx:TrackPointExtension>
            <gpxtpx:hr>139</gpxtpx:hr>
          </gpxtpx:TrackPointExtension>
        </extensions>
      </trkpt>
      <trkpt lat="-21.734583377838135" lon="166.15328907966614">
        <ele>14.199999809265137</ele>
        <time>2026-08-09T11:29:21Z</time>
        <extensions>
          <gpxtpx:TrackPointExtension>
            <gpxtpx:hr>138</gpxtpx:hr>
          </gpxtpx:TrackPointExtension>
        </extensions>
      </trkpt>
      <trkpt lat="-21.73502191901207" lon="166.15320324897766">
        <ele>14.199999809265137</ele>
        <time>2026-08-09T11:29:26Z</time>
        <extensions>
          <gpxtpx:TrackPointExtension>
            <gpxtpx:hr>137</gpxtpx:hr>
          </gpxtpx:TrackPointExtension>
        </extensions>
      </trkpt>
      <trkpt lat="-21.735469847917557" lon="166.15309596061707">
        <ele>14.199999809265137</ele>
        <time>2026-08-09T11:29:31Z</time>
        <extensions>
          <gpxtpx:TrackPointExtension>
            <gpxtpx:hr>137</gpxtpx:hr>
          </gpxtpx:TrackPointExtension>
        </extensions>
      </trkpt>
      <trkpt lat="-21.735921800136566" lon="166.15298867225647">
        <ele>14.199999809265137</ele>
        <time>2026-08-09T11:29:36Z</time>
        <extensions>
          <gpxtpx:TrackPointExtension>
            <gpxtpx:hr>138</gpxtpx:hr>
          </gpxtpx:TrackPointExtension>
        </extensions>
      </trkpt>
      <trkpt lat="-21.736380457878113" lon="166.15288138389587">
        <ele>14.199999809265137</ele>
        <time>2026-08-09T11:29:41Z</time>
        <extensions>
          <gpxtpx:TrackPointExtension>
            <gpxtpx:hr>138</gpxtpx:hr>
          </gpxtpx:TrackPointExtension>
        </extensions>
      </trkpt>
      <trkpt lat="-21.736841797828674" lon="166.15276336669922">
        <ele>14.199999809265137</ele>
        <time>2026-08-09T11:29:46Z</time>
        <extensions>
          <gpxtpx:TrackPointExtension>
            <gpxtpx:hr>138</gpxtpx:hr>
          </gpxtpx:TrackPointExtension>
        </extensions>
      </trkpt>
      <trkpt lat="-21.737303137779236" lon="166.15265607833862">
        <ele>14.199999809265137</ele>
        <time>2026-08-09T11:29:51Z</time>
        <extensions>
          <gpxtpx:TrackPointExtension>
            <gpxtpx:hr>138</gpxtpx:hr>
          </gpxtpx:TrackPointExtension>
        </extensions>
      </trkpt>
      <trkpt lat="-21.73773095011711" lon="166.1524200439453">
        <ele>14.199999809265137</ele>
        <time>2026-08-09T11:29:56Z</time>
        <extensions>
          <gpxtpx:TrackPointExtension>
            <gpxtpx:hr>137</gpxtpx:hr>
          </gpxtpx:TrackPointExtension>
        </extensions>
      </trkpt>
      <trkpt lat="-21.738203018903732" lon="166.15225911140442">
        <ele>13.600000381469727</ele>
        <time>2026-08-09T11:30:01Z</time>
        <extensions>
          <gpxtpx:TrackPointExtension>
            <gpxtpx:hr>138</gpxtpx:hr>
          </gpxtpx:TrackPointExtension>
        </extensions>
      </trkpt>
      <trkpt lat="-21.738684475421906" lon="166.1520552635193">
        <ele>13.0</ele>
        <time>2026-08-09T11:30:06Z</time>
        <extensions>
          <gpxtpx:TrackPointExtension>
            <gpxtpx:hr>138</gpxtpx:hr>
          </gpxtpx:TrackPointExtension>
        </extensions>
      </trkpt>
      <trkpt lat="-21.738992929458618" lon="166.15164756774902">
        <ele>13.0</ele>
        <time>2026-08-09T11:30:11Z</time>
        <extensions>
          <gpxtpx:TrackPointExtension>
            <gpxtpx:hr>139</gpxtpx:hr>
          </gpxtpx:TrackPointExtension>
        </extensions>
      </trkpt>
      <trkpt lat="-21.7391337454319" lon="166.15115404129028">
        <ele>13.0</ele>
        <time>2026-08-09T11:30:16Z</time>
        <extensions>
          <gpxtpx:TrackPointExtension>
            <gpxtpx:hr>140</gpxtpx:hr>
          </gpxtpx:TrackPointExtension>
        </extensions>
      </trkpt>
      <trkpt lat="-21.73963263630867" lon="166.1511218547821">
        <ele>13.0</ele>
        <time>2026-08-09T11:30:21Z</time>
        <extensions>
          <gpxtpx:TrackPointExtension>
            <gpxtpx:hr>139</gpxtpx:hr>
          </gpxtpx:TrackPointExtension>
        </extensions>
      </trkpt>
      <trkpt lat="-21.739959865808487" lon="166.15081071853638">
        <ele>13.0</ele>
        <time>2026-08-09T11:30:26Z</time>
        <extensions>
          <gpxtpx:TrackPointExtension>
            <gpxtpx:hr>139</gpxtpx:hr>
          </gpxtpx:TrackPointExtension>
        </extensions>
      </trkpt>
      <trkpt lat="-21.739876717329025" lon="166.15028500556946">
        <ele>13.0</ele>
        <time>2026-08-09T11:30:31Z</time>
        <extensions>
          <gpxtpx:TrackPointExtension>
            <gpxtpx:hr>140</gpxtpx:hr>
          </gpxtpx:TrackPointExtension>
        </extensions>
      </trkpt>
      <trkpt lat="-21.739458292722702" lon="166.15001678466797">
        <ele>13.0</ele>
        <time>2026-08-09T11:30:36Z</time>
        <extensions>
          <gpxtpx:TrackPointExtension>
            <gpxtpx:hr>141</gpxtpx:hr>
          </gpxtpx:TrackPointExtension>
        </extensions>
      </trkpt>
      <trkpt lat="-21.739408671855927" lon="166.14951252937317">
        <ele>13.0</ele>
        <time>2026-08-09T11:30:41Z</time>
        <extensions>
          <gpxtpx:TrackPointExtension>
            <gpxtpx:hr>141</gpxtpx:hr>
          </gpxtpx:TrackPointExtension>
        </extensions>
      </trkpt>
      <trkpt lat="-21.739804297685623" lon="166.14922285079956">
        <ele>13.0</ele>
        <time>2026-08-09T11:30:46Z</time>
        <extensions>
          <gpxtpx:TrackPointExtension>
            <gpxtpx:hr>140</gpxtpx:hr>
          </gpxtpx:TrackPointExtension>
        </extensions>
      </trkpt>
      <trkpt lat="-21.740269660949707" lon="166.14901900291443">
        <ele>13.0</ele>
        <time>2026-08-09T11:30:51Z</time>
        <extensions>
          <gpxtpx:TrackPointExtension>
            <gpxtpx:hr>140</gpxtpx:hr>
          </gpxtpx:TrackPointExtension>
        </extensions>
      </trkpt>
      <trkpt lat="-21.740759164094925" lon="166.1488687992096">
        <ele>13.0</ele>
        <time>2026-08-09T11:30:56Z</time>
        <extensions>
          <gpxtpx:TrackPointExtension>
            <gpxtpx:hr>139</gpxtpx:hr>
          </gpxtpx:TrackPointExtension>
        </extensions>
      </trkpt>
      <trkpt lat="-21.741138696670532" lon="166.14858984947205">
        <ele>13.0</ele>
        <time>2026-08-09T11:31:01Z</time>
        <extensions>
          <gpxtpx:TrackPointExtension>
            <gpxtpx:hr>139</gpxtpx:hr>
          </gpxtpx:TrackPointExtension>
        </extensions>
      </trkpt>
      <trkpt lat="-21.74148604273796" lon="166.14822506904602">
        <ele>13.0</ele>
        <time>2026-08-09T11:31:06Z</time>
        <extensions>
          <gpxtpx:TrackPointExtension>
            <gpxtpx:hr>140</gpxtpx:hr>
          </gpxtpx:TrackPointExtension>
        </extensions>
      </trkpt>
      <trkpt lat="-21.741913855075836" lon="166.14851474761963">
        <ele>13.0</ele>
        <time>2026-08-09T11:31:11Z</time>
        <extensions>
          <gpxtpx:TrackPointExtension>
            <gpxtpx:hr>139</gpxtpx:hr>
          </gpxtpx:TrackPointExtension>
        </extensions>
      </trkpt>
      <trkpt lat="-21.742383241653442" lon="166.14867568016052">
        <ele>13.0</ele>
        <time>2026-08-09T11:31:16Z</time>
        <extensions>
          <gpxtpx:TrackPointExtension>
            <gpxtpx:hr>138</gpxtpx:hr>
          </gpxtpx:TrackPointExtension>
        </extensions>
      </trkpt>
      <trkpt lat="-21.742737293243408" lon="166.14901900291443">
        <ele>13.0</ele>
        <time>2026-08-09T11:31:21Z</time>
        <extensions>
          <gpxtpx:TrackPointExtension>
            <gpxtpx:hr>139</gpxtpx:hr>
          </gpxtpx:TrackPointExtension>
        </extensions>
      </trkpt>
      <trkpt lat="-21.74319326877594" lon="166.14916920661926">
        <ele>13.0</ele>
        <time>2026-08-09T11:31:26Z</time>
        <extensions>
          <gpxtpx:TrackPointExtension>
            <gpxtpx:hr>141</gpxtpx:hr>
          </gpxtpx:TrackPointExtension>
        </extensions>
      </trkpt>
      <trkpt lat="-21.74365997314453" lon="166.14898681640625">
        <ele>13.0</ele>
        <time>2026-08-09T11:31:31Z</time>
        <extensions>
          <gpxtpx:TrackPointExtension>
            <gpxtpx:hr>139</gpxtpx:hr>
          </gpxtpx:TrackPointExtension>
        </extensions>
      </trkpt>
      <trkpt lat="-21.7441226541996" lon="166.14901900291443">
        <ele>13.0</ele>
        <time>2026-08-09T11:31:36Z</time>
        <extensions>
          <gpxtpx:TrackPointExtension>
            <gpxtpx:hr>140</gpxtpx:hr>
          </gpxtpx:TrackPointExtension>
        </extensions>
      </trkpt>
      <trkpt lat="-21.744429767131805" lon="166.149480342865">
        <ele>13.0</ele>
        <time>2026-08-09T11:31:41Z</time>
        <extensions>
          <gpxtpx:TrackPointExtension>
            <gpxtpx:hr>139</gpxtpx:hr>
          </gpxtpx:TrackPointExtension>
        </extensions>
      </trkpt>
      <trkpt lat="-21.744488775730133" lon="166.15001678466797">
        <ele>13.0</ele>
        <time>2026-08-09T11:31:46Z</time>
        <extensions>
          <gpxtpx:TrackPointExtension>
            <gpxtpx:hr>141</gpxtpx:hr>
          </gpxtpx:TrackPointExtension>
        </extensions>
      </trkpt>
      <trkpt lat="-21.74428090453148" lon="166.15053176879883">
        <ele>13.0</ele>
        <time>2026-08-09T11:31:51Z</time>
        <extensions>
          <gpxtpx:TrackPointExtension>
            <gpxtpx:hr>140</gpxtpx:hr>
          </gpxtpx:TrackPointExtension>
        </extensions>
      </trkpt>
      <trkpt lat="-21.744581311941147" lon="166.15092873573303">
        <ele>13.0</ele>
        <time>2026-08-09T11:31:56Z</time>
        <extensions>
          <gpxtpx:TrackPointExtension>
            <gpxtpx:hr>139</gpxtpx:hr>
          </gpxtpx:TrackPointExtension>
        </extensions>
      </trkpt>
      <trkpt lat="-21.7449152469635" lon="166.15131497383118">
        <ele>13.0</ele>
        <time>2026-08-09T11:32:01Z</time>
        <extensions>
          <gpxtpx:TrackPointExtension>
            <gpxtpx:hr>141</gpxtpx:hr>
          </gpxtpx:TrackPointExtension>
        </extensions>
      </trkpt>
      <trkpt lat="-21.744793206453323" lon="166.15182995796204">
        <ele>13.0</ele>
        <time>2026-08-09T11:32:06Z</time>
        <extensions>
          <gpxtpx:TrackPointExtension>
            <gpxtpx:hr>141</gpxtpx:hr>
          </gpxtpx:TrackPointExtension>
        </extensions>
      </trkpt>
      <trkpt lat="-21.744486093521118" lon="166.15225911140442">
        <ele>13.0</ele>
        <time>2026-08-09T11:32:11Z</time>
        <extensions>
          <gpxtpx:TrackPointExtension>
            <gpxtpx:hr>139</gpxtpx:hr>
          </gpxtpx:TrackPointExtension>
        </extensions>
      </trkpt>
      <trkpt lat="-21.744016706943512" lon="166.15230202674866">
        <ele>13.0</ele>
        <time>2026-08-09T11:32:16Z</time>
        <extensions>
          <gpxtpx:TrackPointExtension>
            <gpxtpx:hr>139</gpxtpx:hr>
          </gpxtpx:TrackPointExtension>
        </extensions>
      </trkpt>
      <trkpt lat="-21.74356073141098" lon="166.1520767211914">
        <ele>13.0</ele>
        <time>2026-08-09T11:32:21Z</time>
        <extensions>
          <gpxtpx:TrackPointExtension>
            <gpxtpx:hr>140</gpxtpx:hr>
          </gpxtpx:TrackPointExtension>
        </extensions>
      </trkpt>
      <trkpt lat="-21.74307256937027" lon="166.1519479751587">
        <ele>13.0</ele>
        <time>2026-08-09T11:32:26Z</time>
        <extensions>
          <gpxtpx:TrackPointExtension>
            <gpxtpx:hr>140</gpxtpx:hr>
          </gpxtpx:TrackPointExtension>
        </extensions>
      </trkpt>
      <trkpt lat="-21.742733269929886" lon="166.1522912979126">
        <ele>13.0</ele>
        <time>2026-08-09T11:32:31Z</time>
        <extensions>
          <gpxtpx:TrackPointExtension>
            <gpxtpx:hr>139</gpxtpx:hr>
          </gpxtpx:TrackPointExtension>
        </extensions>
      </trkpt>
      <trkpt lat="-21.742729246616364" lon="166.15283846855164">
        <ele>13.0</ele>
        <time>2026-08-09T11:32:36Z</time>
        <extensions>
          <gpxtpx:TrackPointExtension>
            <gpxtpx:hr>139</gpxtpx:hr>
          </gpxtpx:TrackPointExtension>
        </extensions>
      </trkpt>
      <trkpt lat="-21.74300417304039" lon="166.15327835083008">
        <ele>13.0</ele>
        <time>2026-08-09T11:32:41Z</time>
        <extensions>
          <gpxtpx:TrackPointExtension>
            <gpxtpx:hr>140</gpxtpx:hr>
          </gpxtpx:TrackPointExtension>
        </extensions>
      </trkpt>
      <trkpt lat="-21.743338108062744" lon="166.15368604660034">
        <ele>13.0</ele>
        <time>2026-08-09T11:32:46Z</time>
        <extensions>
          <gpxtpx:TrackPointExtension>
            <gpxtpx:hr>139</gpxtpx:hr>
          </gpxtpx:TrackPointExtension>
        </extensions>
      </trkpt>
      <trkpt lat="-21.7435459792614" lon="166.15416884422302">
        <ele>13.0</ele>
        <time>2026-08-09T11:32:51Z</time>
        <extensions>
          <gpxtpx:TrackPointExtension>
            <gpxtpx:hr>138</gpxtpx:hr>
          </gpxtpx:TrackPointExtension>
        </extensions>
      </trkpt>
      <trkpt lat="-21.7434923350811" lon="166.15466237068176">
        <ele>13.0</ele>
        <time>2026-08-09T11:32:56Z</time>
        <extensions>
          <gpxtpx:TrackPointExtension>
            <gpxtpx:hr>135</gpxtpx:hr>
          </gpxtpx:TrackPointExtension>
        </extensions>
      </trkpt>
      <trkpt lat="-21.743967086076736" lon="166.15479111671448">
        <ele>13.0</ele>
        <time>2026-08-09T11:33:01Z</time>
        <extensions>
          <gpxtpx:TrackPointExtension>
            <gpxtpx:hr>135</gpxtpx:hr>
          </gpxtpx:TrackPointExtension>
        </extensions>
      </trkpt>
      <trkpt lat="-21.74436405301094" lon="166.1550486087799">
        <ele>13.0</ele>
        <time>2026-08-09T11:33:06Z</time>
        <extensions>
          <gpxtpx:TrackPointExtension>
            <gpxtpx:hr>136</gpxtpx:hr>
          </gpxtpx:TrackPointExtension>
        </extensions>
      </trkpt>
      <trkpt lat="-21.74440026283264" lon="166.1555528640747">
        <ele>13.0</ele>
        <time>2026-08-09T11:33:11Z</time>
        <extensions>
          <gpxtpx:TrackPointExtension>
            <gpxtpx:hr>134</gpxtpx:hr>
          </gpxtpx:TrackPointExtension>
        </extensions>
      </trkpt>
      <trkpt lat="-21.74410656094551" lon="166.1559283733368">
        <ele>13.0</ele>
        <time>2026-08-09T11:33:16Z</time>
        <extensions>
          <gpxtpx:TrackPointExtension>
            <gpxtpx:hr>132</gpxtpx:hr>
          </gpxtpx:TrackPointExtension>
        </extensions>
      </trkpt>
      <trkpt lat="-21.74370288848877" lon="166.15620732307434">
        <ele>12.600000381469727</ele>
        <time>2026-08-09T11:33:21Z</time>
        <extensions>
          <gpxtpx:TrackPointExtension>
            <gpxtpx:hr>132</gpxtpx:hr>
          </gpxtpx:TrackPointExtension>
        </extensions>
      </trkpt>
      <trkpt lat="-21.74335017800331" lon="166.1565613746643">
        <ele>12.600000381469727</ele>
        <time>2026-08-09T11:33:26Z</time>
        <extensions>
          <gpxtpx:TrackPointExtension>
            <gpxtpx:hr>132</gpxtpx:hr>
          </gpxtpx:TrackPointExtension>
        </extensions>
      </trkpt>
      <trkpt lat="-21.743052452802658" lon="166.1569583415985">
        <ele>12.800000190734863</ele>
        <time>2026-08-09T11:33:31Z</time>
        <extensions>
          <gpxtpx:TrackPointExtension>
            <gpxtpx:hr>132</gpxtpx:hr>
          </gpxtpx:TrackPointExtension>
        </extensions>
      </trkpt>
      <trkpt lat="-21.74275204539299" lon="166.1573338508606">
        <ele>12.800000190734863</ele>
        <time>2026-08-09T11:33:36Z</time>
        <extensions>
          <gpxtpx:TrackPointExtension>
            <gpxtpx:hr>134</gpxtpx:hr>
          </gpxtpx:TrackPointExtension>
        </extensions>
      </trkpt>
      <trkpt lat="-21.742461025714874" lon="166.15769863128662">
        <ele>12.800000190734863</ele>
        <time>2026-08-09T11:33:41Z</time>
        <extensions>
          <gpxtpx:TrackPointExtension>
            <gpxtpx:hr>135</gpxtpx:hr>
          </gpxtpx:TrackPointExtension>
        </extensions>
      </trkpt>
      <trkpt lat="-21.74216464161873" lon="166.15808486938477">
        <ele>12.800000190734863</ele>
        <time>2026-08-09T11:33:46Z</time>
        <extensions>
          <gpxtpx:TrackPointExtension>
            <gpxtpx:hr>137</gpxtpx:hr>
          </gpxtpx:TrackPointExtension>
        </extensions>
      </trkpt>
      <trkpt lat="-21.74187496304512" lon="166.1584711074829">
        <ele>12.600000381469727</ele>
        <time>2026-08-09T11:33:51Z</time>
        <extensions>
          <gpxtpx:TrackPointExtension>
            <gpxtpx:hr>137</gpxtpx:hr>
          </gpxtpx:TrackPointExtension>
        </extensions>
      </trkpt>
      <trkpt lat="-21.74158662557602" lon="166.158846616745">
        <ele>12.800000190734863</ele>
        <time>2026-08-09T11:33:56Z</time>
        <extensions>
          <gpxtpx:TrackPointExtension>
            <gpxtpx:hr>137</gpxtpx:hr>
          </gpxtpx:TrackPointExtension>
        </extensions>
      </trkpt>
      <trkpt lat="-21.741436421871185" lon="166.15930795669556">
        <ele>13.0</ele>
        <time>2026-08-09T11:34:01Z</time>
        <extensions>
          <gpxtpx:TrackPointExtension>
            <gpxtpx:hr>136</gpxtpx:hr>
          </gpxtpx:TrackPointExtension>
        </extensions>
      </trkpt>
      <trkpt lat="-21.74138143658638" lon="166.15978002548218">
        <ele>13.0</ele>
        <time>2026-08-09T11:34:06Z</time>
        <extensions>
          <gpxtpx:TrackPointExtension>
            <gpxtpx:hr>139</gpxtpx:hr>
          </gpxtpx:TrackPointExtension>
        </extensions>
      </trkpt>
      <trkpt lat="-21.74119770526886" lon="166.16024136543274">
        <ele>13.0</ele>
        <time>2026-08-09T11:34:11Z</time>
        <extensions>
          <gpxtpx:TrackPointExtension>
            <gpxtpx:hr>140</gpxtpx:hr>
          </gpxtpx:TrackPointExtension>
        </extensions>
      </trkpt>
      <trkpt lat="-21.740847676992416" lon="166.1605739593506">
        <ele>13.0</ele>
        <time>2026-08-09T11:34:16Z</time>
        <extensions>
          <gpxtpx:TrackPointExtension>
            <gpxtpx:hr>139</gpxtpx:hr>
          </gpxtpx:TrackPointExtension>
        </extensions>
      </trkpt>
      <trkpt lat="-21.740423887968063" lon="166.16082072257996">
        <ele>13.0</ele>
        <time>2026-08-09T11:34:21Z</time>
        <extensions>
          <gpxtpx:TrackPointExtension>
            <gpxtpx:hr>137</gpxtpx:hr>
          </gpxtpx:TrackPointExtension>
        </extensions>
      </trkpt>
      <trkpt lat="-21.740085929632187" lon="166.16118550300598">
        <ele>13.0</ele>
        <time>2026-08-09T11:34:26Z</time>
        <extensions>
          <gpxtpx:TrackPointExtension>
            <gpxtpx:hr>134</gpxtpx:hr>
          </gpxtpx:TrackPointExtension>
        </extensions>
      </trkpt>
      <trkpt lat="-21.73980563879013" lon="166.16159319877625">
        <ele>13.0</ele>
        <time>2026-08-09T11:34:31Z</time>
        <extensions>
          <gpxtpx:TrackPointExtension>
            <gpxtpx:hr>131</gpxtpx:hr>
          </gpxtpx:TrackPointExtension>
        </extensions>
      </trkpt>
      <trkpt lat="-21.73947438597679" lon="166.16195797920227">
        <ele>13.0</ele>
        <time>2026-08-09T11:34:36Z</time>
        <extensions>
          <gpxtpx:TrackPointExtension>
            <gpxtpx:hr>130</gpxtpx:hr>
          </gpxtpx:TrackPointExtension>
        </extensions>
      </trkpt>
      <trkpt lat="-21.73911362886429" lon="166.162269115448">
        <ele>13.0</ele>
        <time>2026-08-09T11:34:41Z</time>
        <extensions>
          <gpxtpx:TrackPointExtension>
            <gpxtpx:hr>131</gpxtpx:hr>
          </gpxtpx:TrackPointExtension>
        </extensions>
      </trkpt>
      <trkpt lat="-21.73880383372307" lon="166.16256952285767">
        <ele>13.0</ele>
        <time>2026-08-09T11:34:46Z</time>
        <extensions>
          <gpxtpx:TrackPointExtension>
            <gpxtpx:hr>128</gpxtpx:hr>
          </gpxtpx:TrackPointExtension>
        </extensions>
      </trkpt>
      <trkpt lat="-21.738531589508057" lon="166.1628270149231">
        <ele>13.0</ele>
        <time>2026-08-09T11:34:51Z</time>
        <extensions>
          <gpxtpx:TrackPointExtension>
            <gpxtpx:hr>127</gpxtpx:hr>
          </gpxtpx:TrackPointExtension>
        </extensions>
      </trkpt>
      <trkpt lat="-21.73827275633812" lon="166.1630630493164">
        <ele>13.0</ele>
        <time>2026-08-09T11:34:56Z</time>
        <extensions>
          <gpxtpx:TrackPointExtension>
            <gpxtpx:hr>122</gpxtpx:hr>
          </gpxtpx:TrackPointExtension>
        </extensions>
      </trkpt>
      <trkpt lat="-21.738101094961166" lon="166.1633312702179">
        <ele>13.0</ele>
        <time>2026-08-09T11:35:01Z</time>
        <extensions>
          <gpxtpx:TrackPointExtension>
            <gpxtpx:hr>119</gpxtpx:hr>
          </gpxtpx:TrackPointExtension>
        </extensions>
      </trkpt>
      <trkpt lat="-21.73803135752678" lon="166.16364240646362">
        <ele>13.0</ele>
        <time>2026-08-09T11:35:06Z</time>
        <extensions>
          <gpxtpx:TrackPointExtension>
            <gpxtpx:hr>116</gpxtpx:hr>
          </gpxtpx:TrackPointExtension>
        </extensions>
      </trkpt>
      <trkpt lat="-21.7380353808403" lon="166.1639106273651">
        <ele>13.0</ele>
        <time>2026-08-09T11:35:11Z</time>
        <extensions>
          <gpxtpx:TrackPointExtension>
            <gpxtpx:hr>121</gpxtpx:hr>
          </gpxtpx:TrackPointExtension>
        </extensions>
      </trkpt>
      <trkpt lat="-21.73804745078087" lon="166.16416811943054">
        <ele>13.0</ele>
        <time>2026-08-09T11:35:16Z</time>
        <extensions>
          <gpxtpx:TrackPointExtension>
            <gpxtpx:hr>122</gpxtpx:hr>
          </gpxtpx:TrackPointExtension>
        </extensions>
      </trkpt>
      <trkpt lat="-21.738048791885376" lon="166.16443634033203">
        <ele>13.0</ele>
        <time>2026-08-09T11:35:21Z</time>
        <extensions>
          <gpxtpx:TrackPointExtension>
            <gpxtpx:hr>119</gpxtpx:hr>
          </gpxtpx:TrackPointExtension>
        </extensions>
      </trkpt>
      <trkpt lat="-21.738087683916092" lon="166.16469383239746">
        <ele>13.0</ele>
        <time>2026-08-09T11:35:26Z</time>
        <extensions>
          <gpxtpx:TrackPointExtension>
            <gpxtpx:hr>113</gpxtpx:hr>
          </gpxtpx:TrackPointExtension>
        </extensions>
      </trkpt>
      <trkpt lat="-21.73809841275215" lon="166.16487622261047">
        <ele>13.0</ele>
        <time>2026-08-09T11:35:31Z</time>
        <extensions>
          <gpxtpx:TrackPointExtension>
            <gpxtpx:hr>108</gpxtpx:hr>
          </gpxtpx:TrackPointExtension>
        </extensions>
      </trkpt>
      <trkpt lat="-21.738111823797226" lon="166.16490840911865">
        <ele>13.0</ele>
        <time>2026-08-09T11:36:19Z</time>
        <extensions>
          <gpxtpx:TrackPointExtension>
            <gpxtpx:hr>103</gpxtpx:hr>
          </gpxtpx:TrackPointExtension>
        </extensions>
      </trkpt>
      <trkpt lat="-21.738102436065674" lon="166.16496205329895">
        <ele>13.0</ele>
        <time>2026-08-09T11:36:24Z</time>
        <extensions>
          <gpxtpx:TrackPointExtension>
            <gpxtpx:hr>106</gpxtpx:hr>
          </gpxtpx:TrackPointExtension>
        </extensions>
      </trkpt>
      <trkpt lat="-21.738091707229614" lon="166.1651337146759">
        <ele>13.0</ele>
        <time>2026-08-09T11:36:29Z</time>
        <extensions>
          <gpxtpx:TrackPointExtension>
            <gpxtpx:hr>109</gpxtpx:hr>
          </gpxtpx:TrackPointExtension>
        </extensions>
      </trkpt>
      <trkpt lat="-21.738085001707077" lon="166.16535902023315">
        <ele>13.0</ele>
        <time>2026-08-09T11:36:34Z</time>
        <extensions>
          <gpxtpx:TrackPointExtension>
            <gpxtpx:hr>110</gpxtpx:hr>
          </gpxtpx:TrackPointExtension>
        </extensions>
      </trkpt>
      <trkpt lat="-21.7380890250206" lon="166.16568088531494">
        <ele>13.0</ele>
        <time>2026-08-09T11:36:39Z</time>
        <extensions>
          <gpxtpx:TrackPointExtension>
            <gpxtpx:hr>114</gpxtpx:hr>
          </gpxtpx:TrackPointExtension>
        </extensions>
      </trkpt>
      <trkpt lat="-21.73814669251442" lon="166.16602420806885">
        <ele>13.0</ele>
        <time>2026-08-09T11:36:44Z</time>
        <extensions>
          <gpxtpx:TrackPointExtension>
            <gpxtpx:hr>114</gpxtpx:hr>
          </gpxtpx:TrackPointExtension>
        </extensions>
      </trkpt>
      <trkpt lat="-21.738385409116745" lon="166.16628170013428">
        <ele>13.0</ele>
        <time>2026-08-09T11:36:49Z</time>
        <extensions>
          <gpxtpx:TrackPointExtension>
            <gpxtpx:hr>115</gpxtpx:hr>
          </gpxtpx:TrackPointExtension>
        </extensions>
      </trkpt>
      <trkpt lat="-21.738689839839935" lon="166.16649627685547">
        <ele>13.0</ele>
        <time>2026-08-09T11:36:54Z</time>
        <extensions>
          <gpxtpx:TrackPointExtension>
            <gpxtpx:hr>117</gpxtpx:hr>
          </gpxtpx:TrackPointExtension>
        </extensions>
      </trkpt>
      <trkpt lat="-21.738941967487335" lon="166.16681814193726">
        <ele>13.0</ele>
        <time>2026-08-09T11:36:59Z</time>
        <extensions>
          <gpxtpx:TrackPointExtension>
            <gpxtpx:hr>121</gpxtpx:hr>
          </gpxtpx:TrackPointExtension>
        </extensions>
      </trkpt>
      <trkpt lat="-21.739124357700348" lon="166.16719365119934">
        <ele>13.0</ele>
        <time>2026-08-09T11:37:04Z</time>
        <extensions>
          <gpxtpx:TrackPointExtension>
            <gpxtpx:hr>122</gpxtpx:hr>
          </gpxtpx:TrackPointExtension>
        </extensions>
      </trkpt>
      <trkpt lat="-21.739294677972794" lon="166.16759061813354">
        <ele>13.0</ele>
        <time>2026-08-09T11:37:09Z</time>
        <extensions>
          <gpxtpx:TrackPointExtension>
            <gpxtpx:hr>122</gpxtpx:hr>
          </gpxtpx:TrackPointExtension>
        </extensions>
      </trkpt>
      <trkpt lat="-21.739435493946075" lon="166.16801977157593">
        <ele>13.0</ele>
        <time>2026-08-09T11:37:14Z</time>
        <extensions>
          <gpxtpx:TrackPointExtension>
            <gpxtpx:hr>123</gpxtpx:hr>
          </gpxtpx:TrackPointExtension>
        </extensions>
      </trkpt>
      <trkpt lat="-21.739494502544403" lon="166.16849184036255">
        <ele>13.0</ele>
        <time>2026-08-09T11:37:19Z</time>
        <extensions>
          <gpxtpx:TrackPointExtension>
            <gpxtpx:hr>125</gpxtpx:hr>
          </gpxtpx:TrackPointExtension>
        </extensions>
      </trkpt>
      <trkpt lat="-21.739497184753418" lon="166.16896390914917">
        <ele>13.0</ele>
        <time>2026-08-09T11:37:24Z</time>
        <extensions>
          <gpxtpx:TrackPointExtension>
            <gpxtpx:hr>125</gpxtpx:hr>
          </gpxtpx:TrackPointExtension>
        </extensions>
      </trkpt>
      <trkpt lat="-21.739489138126373" lon="166.1694359779358">
        <ele>13.0</ele>
        <time>2026-08-09T11:37:29Z</time>
        <extensions>
          <gpxtpx:TrackPointExtension>
            <gpxtpx:hr>126</gpxtpx:hr>
          </gpxtpx:TrackPointExtension>
        </extensions>
      </trkpt>
      <trkpt lat="-21.73946499824524" lon="166.1699080467224">
        <ele>13.0</ele>
        <time>2026-08-09T11:37:34Z</time>
        <extensions>
          <gpxtpx:TrackPointExtension>
            <gpxtpx:hr>127</gpxtpx:hr>
          </gpxtpx:TrackPointExtension>
        </extensions>
      </trkpt>
      <trkpt lat="-21.739403307437897" lon="166.17040157318115">
        <ele>13.0</ele>
        <time>2026-08-09T11:37:39Z</time>
        <extensions>
          <gpxtpx:TrackPointExtension>
            <gpxtpx:hr>127</gpxtpx:hr>
          </gpxtpx:TrackPointExtension>
        </extensions>
      </trkpt>
      <trkpt lat="-21.739253103733063" lon="166.17085218429565">
        <ele>13.0</ele>
        <time>2026-08-09T11:37:44Z</time>
        <extensions>
          <gpxtpx:TrackPointExtension>
            <gpxtpx:hr>128</gpxtpx:hr>
          </gpxtpx:TrackPointExtension>
        </extensions>
      </trkpt>
      <trkpt lat="-21.739069372415543" lon="166.17131352424622">
        <ele>13.0</ele>
        <time>2026-08-09T11:37:49Z</time>
        <extensions>
          <gpxtpx:TrackPointExtension>
            <gpxtpx:hr>129</gpxtpx:hr>
          </gpxtpx:TrackPointExtension>
        </extensions>
      </trkpt>
      <trkpt lat="-21.738814562559128" lon="166.17171049118042">
        <ele>13.0</ele>
        <time>2026-08-09T11:37:54Z</time>
        <extensions>
          <gpxtpx:TrackPointExtension>
            <gpxtpx:hr>131</gpxtpx:hr>
          </gpxtpx:TrackPointExtension>
        </extensions>
      </trkpt>
      <trkpt lat="-21.738543659448624" lon="166.17211818695068">
        <ele>13.0</ele>
        <time>2026-08-09T11:37:59Z</time>
        <extensions>
          <gpxtpx:TrackPointExtension>
            <gpxtpx:hr>130</gpxtpx:hr>
          </gpxtpx:TrackPointExtension>
        </extensions>
      </trkpt>
      <trkpt lat="-21.738268733024597" lon="166.1725151538849">
        <ele>13.0</ele>
        <time>2026-08-09T11:38:04Z</time>
        <extensions>
          <gpxtpx:TrackPointExtension>
            <gpxtpx:hr>130</gpxtpx:hr>
          </gpxtpx:TrackPointExtension>
        </extensions>
      </trkpt>
      <trkpt lat="-21.737985759973526" lon="166.17294430732727">
        <ele>13.0</ele>
        <time>2026-08-09T11:38:09Z</time>
        <extensions>
          <gpxtpx:TrackPointExtension>
            <gpxtpx:hr>131</gpxtpx:hr>
          </gpxtpx:TrackPointExtension>
        </extensions>
      </trkpt>
      <trkpt lat="-21.737713515758514" lon="166.1733627319336">
        <ele>13.0</ele>
        <time>2026-08-09T11:38:14Z</time>
        <extensions>
          <gpxtpx:TrackPointExtension>
            <gpxtpx:hr>131</gpxtpx:hr>
          </gpxtpx:TrackPointExtension>
        </extensions>
      </trkpt>
      <trkpt lat="-21.737764477729797" lon="166.17384552955627">
        <ele>13.0</ele>
        <time>2026-08-09T11:38:19Z</time>
        <extensions>
          <gpxtpx:TrackPointExtension>
            <gpxtpx:hr>130</gpxtpx:hr>
          </gpxtpx:TrackPointExtension>
        </extensions>
      </trkpt>
      <trkpt lat="-21.7380890250206" lon="166.1742103099823">
        <ele>13.0</ele>
        <time>2026-08-09T11:38:24Z</time>
        <extensions>
          <gpxtpx:TrackPointExtension>
            <gpxtpx:hr>131</gpxtpx:hr>
          </gpxtpx:TrackPointExtension>
        </extensions>
      </trkpt>
      <trkpt lat="-21.738422960042953" lon="166.17457509040833">
        <ele>13.0</ele>
        <time>2026-08-09T11:38:29Z</time>
        <extensions>
          <gpxtpx:TrackPointExtension>
            <gpxtpx:hr>129</gpxtpx:hr>
          </gpxtpx:TrackPointExtension>
        </extensions>
      </trkpt>
      <trkpt lat="-21.738752871751785" lon="166.17496132850647">
        <ele>13.0</ele>
        <time>2026-08-09T11:38:34Z</time>
        <extensions>
          <gpxtpx:TrackPointExtension>
            <gpxtpx:hr>130</gpxtpx:hr>
          </gpxtpx:TrackPointExtension>
        </extensions>
      </trkpt>
      <trkpt lat="-21.73891246318817" lon="166.17542266845703">
        <ele>13.0</ele>
        <time>2026-08-09T11:38:39Z</time>
        <extensions>
          <gpxtpx:TrackPointExtension>
            <gpxtpx:hr>132</gpxtpx:hr>
          </gpxtpx:TrackPointExtension>
        </extensions>
      </trkpt>
      <trkpt lat="-21.73876091837883" lon="166.1759054660797">
        <ele>13.0</ele>
        <time>2026-08-09T11:38:44Z</time>
        <extensions>
          <gpxtpx:TrackPointExtension>
            <gpxtpx:hr>131</gpxtpx:hr>
          </gpxtpx:TrackPointExtension>
        </extensions>
      </trkpt>
      <trkpt lat="-21.73858255147934" lon="166.17637753486633">
        <ele>13.0</ele>
        <time>2026-08-09T11:38:49Z</time>
        <extensions>
          <gpxtpx:TrackPointExtension>
            <gpxtpx:hr>130</gpxtpx:hr>
          </gpxtpx:TrackPointExtension>
        </extensions>
      </trkpt>
      <trkpt lat="-21.738385409116745" lon="166.1768388748169">
        <ele>13.0</ele>
        <time>2026-08-09T11:38:54Z</time>
        <extensions>
          <gpxtpx:TrackPointExtension>
            <gpxtpx:hr>130</gpxtpx:hr>
          </gpxtpx:TrackPointExtension>
        </extensions>
      </trkpt>
      <trkpt lat="-21.738043427467346" lon="166.1771285533905">
        <ele>13.0</ele>
        <time>2026-08-09T11:38:59Z</time>
        <extensions>
          <gpxtpx:TrackPointExtension>
            <gpxtpx:hr>132</gpxtpx:hr>
          </gpxtpx:TrackPointExtension>
        </extensions>
      </trkpt>
      <trkpt lat="-21.737665235996246" lon="166.17682814598083">
        <ele>13.0</ele>
        <time>2026-08-09T11:39:04Z</time>
        <extensions>
          <gpxtpx:TrackPointExtension>
            <gpxtpx:hr>133</gpxtpx:hr>
          </gpxtpx:TrackPointExtension>
        </extensions>
      </trkpt>
      <trkpt lat="-21.737312525510788" lon="166.17647409439087">
        <ele>13.399999618530273</ele>
        <time>2026-08-09T11:39:09Z</time>
        <extensions>
          <gpxtpx:TrackPointExtension>
            <gpxtpx:hr>133</gpxtpx:hr>
          </gpxtpx:TrackPointExtension>
        </extensions>
      </trkpt>
      <trkpt lat="-21.736971884965897" lon="166.17615222930908">
        <ele>14.0</ele>
        <time>2026-08-09T11:39:14Z</time>
        <extensions>
          <gpxtpx:TrackPointExtension>
            <gpxtpx:hr>133</gpxtpx:hr>
          </gpxtpx:TrackPointExtension>
        </extensions>
      </trkpt>
      <trkpt lat="-21.736688911914825" lon="166.17581963539124">
        <ele>15.199999809265137</ele>
        <time>2026-08-09T11:39:19Z</time>
        <extensions>
          <gpxtpx:TrackPointExtension>
            <gpxtpx:hr>133</gpxtpx:hr>
          </gpxtpx:TrackPointExtension>
        </extensions>
      </trkpt>
      <trkpt lat="-21.736643314361572" lon="166.17539048194885">
        <ele>16.0</ele>
        <time>2026-08-09T11:39:24Z</time>
        <extensions>
          <gpxtpx:TrackPointExtension>
            <gpxtpx:hr>134</gpxtpx:hr>
          </gpxtpx:TrackPointExtension>
        </extensions>
      </trkpt>
      <trkpt lat="-21.736615151166916" lon="166.17497205734253">
        <ele>17.0</ele>
        <time>2026-08-09T11:39:29Z</time>
        <extensions>
          <gpxtpx:TrackPointExtension>
            <gpxtpx:hr>135</gpxtpx:hr>
          </gpxtpx:TrackPointExtension>
        </extensions>
      </trkpt>
      <trkpt lat="-21.736580282449722" lon="166.17457509040833">
        <ele>17.799999237060547</ele>
        <time>2026-08-09T11:39:34Z</time>
        <extensions>
          <gpxtpx:TrackPointExtension>
            <gpxtpx:hr>136</gpxtpx:hr>
          </gpxtpx:TrackPointExtension>
        </extensions>
      </trkpt>
      <trkpt lat="-21.736552119255066" lon="166.17419958114624">
        <ele>18.600000381469727</ele>
        <time>2026-08-09T11:39:39Z</time>
        <extensions>
          <gpxtpx:TrackPointExtension>
            <gpxtpx:hr>136</gpxtpx:hr>
          </gpxtpx:TrackPointExtension>
        </extensions>
      </trkpt>
      <trkpt lat="-21.736499816179276" lon="166.1738133430481">
        <ele>19.600000381469727</ele>
        <time>2026-08-09T11:39:44Z</time>
        <extensions>
          <gpxtpx:TrackPointExtension>
            <gpxtpx:hr>137</gpxtpx:hr>
          </gpxtpx:TrackPointExtension>
        </extensions>
      </trkpt>
      <trkpt lat="-21.736200749874115" lon="166.17383480072021">
        <ele>20.0</ele>
        <time>2026-08-09T11:39:49Z</time>
        <extensions>
          <gpxtpx:TrackPointExtension>
            <gpxtpx:hr>136</gpxtpx:hr>
          </gpxtpx:TrackPointExtension>
        </extensions>
      </trkpt>
      <trkpt lat="-21.735905706882477" lon="166.17383480072021">
        <ele>20.600000381469727</ele>
        <time>2026-08-09T11:39:54Z</time>
        <extensions>
          <gpxtpx:TrackPointExtension>
            <gpxtpx:hr>133</gpxtpx:hr>
          </gpxtpx:TrackPointExtension>
        </extensions>
      </trkpt>
      <trkpt lat="-21.7358560860157" lon="166.17344856262207">
        <ele>21.399999618530273</ele>
        <time>2026-08-09T11:39:59Z</time>
        <extensions>
          <gpxtpx:TrackPointExtension>
            <gpxtpx:hr>131</gpxtpx:hr>
          </gpxtpx:TrackPointExtension>
        </extensions>
      </trkpt>
      <trkpt lat="-21.735591888427734" lon="166.17326617240906">
        <ele>22.399999618530273</ele>
        <time>2026-08-09T11:40:04Z</time>
        <extensions>
          <gpxtpx:TrackPointExtension>
            <gpxtpx:hr>132</gpxtpx:hr>
          </gpxtpx:TrackPointExtension>
        </extensions>
      </trkpt>
      <trkpt lat="-21.73546314239502" lon="166.17297649383545">
        <ele>23.0</ele>
        <time>2026-08-09T11:40:09Z</time>
        <extensions>
          <gpxtpx:TrackPointExtension>
            <gpxtpx:hr>133</gpxtpx:hr>
          </gpxtpx:TrackPointExtension>
        </extensions>
      </trkpt>
      <trkpt lat="-21.735512763261795" lon="166.17260098457336">
        <ele>23.799999237060547</ele>
        <time>2026-08-09T11:40:14Z</time>
        <extensions>
          <gpxtpx:TrackPointExtension>
            <gpxtpx:hr>134</gpxtpx:hr>
          </gpxtpx:TrackPointExtension>
        </extensions>
      </trkpt>
      <trkpt lat="-21.735287457704544" lon="166.1724615097046">
        <ele>24.600000381469727</ele>
        <time>2026-08-09T11:40:19Z</time>
        <extensions>
          <gpxtpx:TrackPointExtension>
            <gpxtpx:hr>134</gpxtpx:hr>
          </gpxtpx:TrackPointExtension>
        </extensions>
      </trkpt>
      <trkpt lat="-21.734970957040787" lon="166.17268681526184">
        <ele>23.600000381469727</ele>
        <time>2026-08-09T11:40:24Z</time>
        <extensions>
          <gpxtpx:TrackPointExtension>
            <gpxtpx:hr>135</gpxtpx:hr>
          </gpxtpx:TrackPointExtension>
        </extensions>
      </trkpt>
      <trkpt lat="-21.73459142446518" lon="166.1729657649994">
        <ele>21.799999237060547</ele>
        <time>2026-08-09T11:40:29Z</time>
        <extensions>
          <gpxtpx:TrackPointExtension>
            <gpxtpx:hr>134</gpxtpx:hr>
          </gpxtpx:TrackPointExtension>
        </extensions>
      </trkpt>
      <trkpt lat="-21.734248101711273" lon="166.17260098457336">
        <ele>20.0</ele>
        <time>2026-08-09T11:40:34Z</time>
        <extensions>
          <gpxtpx:TrackPointExtension>
            <gpxtpx:hr>133</gpxtpx:hr>
          </gpxtpx:TrackPointExtension>
        </extensions>
      </trkpt>
      <trkpt lat="-21.73391819000244" lon="166.17268681526184">
        <ele>17.799999237060547</ele>
        <time>2026-08-09T11:40:39Z</time>
        <extensions>
          <gpxtpx:TrackPointExtension>
            <gpxtpx:hr>132</gpxtpx:hr>
          </gpxtpx:TrackPointExtension>
        </extensions>
      </trkpt>
      <trkpt lat="-21.733522564172745" lon="166.17233276367188">
        <ele>16.399999618530273</ele>
        <time>2026-08-09T11:40:44Z</time>
        <extensions>
          <gpxtpx:TrackPointExtension>
            <gpxtpx:hr>133</gpxtpx:hr>
          </gpxtpx:TrackPointExtension>
        </extensions>
      </trkpt>
      <trkpt lat="-21.73304244875908" lon="166.1721396446228">
        <ele>14.199999809265137</ele>
        <time>2026-08-09T11:40:49Z</time>
        <extensions>
          <gpxtpx:TrackPointExtension>
            <gpxtpx:hr>133</gpxtpx:hr>
          </gpxtpx:TrackPointExtension>
        </extensions>
      </trkpt>
      <trkpt lat="-21.732933819293976" lon="166.17148518562317">
        <ele>13.600000381469727</ele>
        <time>2026-08-09T11:40:54Z</time>
        <extensions>
          <gpxtpx:TrackPointExtension>
            <gpxtpx:hr>132</gpxtpx:hr>
          </gpxtpx:TrackPointExtension>
        </extensions>
      </trkpt>
      <trkpt lat="-21.732560992240906" lon="166.17177486419678">
        <ele>15.199999809265137</ele>
        <time>2026-08-09T11:40:59Z</time>
        <extensions>
          <gpxtpx:TrackPointExtension>
            <gpxtpx:hr>132</gpxtpx:hr>
          </gpxtpx:TrackPointExtension>
        </extensions>
      </trkpt>
      <trkpt lat="-21.73228070139885" lon="166.17138862609863">
        <ele>16.399999618530273</ele>
        <time>2026-08-09T11:41:04Z</time>
        <extensions>
          <gpxtpx:TrackPointExtension>
            <gpxtpx:hr>130</gpxtpx:hr>
          </gpxtpx:TrackPointExtension>
        </extensions>
      </trkpt>
      <trkpt lat="-21.732009798288345" lon="166.17171049118042">
        <ele>17.799999237060547</ele>
        <time>2026-08-09T11:41:09Z</time>
        <extensions>
          <gpxtpx:TrackPointExtension>
            <gpxtpx:hr>131</gpxtpx:hr>
          </gpxtpx:TrackPointExtension>
        </extensions>
      </trkpt>
      <trkpt lat="-21.731706708669662" lon="166.17146372795105">
        <ele>19.0</ele>
        <time>2026-08-09T11:41:14Z</time>
        <extensions>
          <gpxtpx:TrackPointExtension>
            <gpxtpx:hr>133</gpxtpx:hr>
          </gpxtpx:TrackPointExtension>
        </extensions>
      </trkpt>
      <trkpt lat="-21.731469333171844" lon="166.17133498191833">
        <ele>19.799999237060547</ele>
        <time>2026-08-09T11:41:19Z</time>
        <extensions>
          <gpxtpx:TrackPointExtension>
            <gpxtpx:hr>134</gpxtpx:hr>
          </gpxtpx:TrackPointExtension>
        </extensions>
      </trkpt>
      <trkpt lat="-21.73147201538086" lon="166.17171049118042">
        <ele>20.600000381469727</ele>
        <time>2026-08-09T11:41:24Z</time>
        <extensions>
          <gpxtpx:TrackPointExtension>
            <gpxtpx:hr>135</gpxtpx:hr>
          </gpxtpx:TrackPointExtension>
        </extensions>
      </trkpt>
      <trkpt lat="-21.73111394047737" lon="166.1717426776886">
        <ele>21.799999237060547</ele>
        <time>2026-08-09T11:41:29Z</time>
        <extensions>
          <gpxtpx:TrackPointExtension>
            <gpxtpx:hr>134</gpxtpx:hr>
          </gpxtpx:TrackPointExtension>
        </extensions>
      </trkpt>
      <trkpt lat="-21.73098251223564" lon="166.17207527160645">
        <ele>22.799999237060547</ele>
        <time>2026-08-09T11:41:34Z</time>
        <extensions>
          <gpxtpx:TrackPointExtension>
            <gpxtpx:hr>136</gpxtpx:hr>
          </gpxtpx:TrackPointExtension>
        </extensions>
      </trkpt>
      <trkpt lat="-21.73091009259224" lon="166.1724078655243">
        <ele>24.0</ele>
        <time>2026-08-09T11:41:39Z</time>
        <extensions>
          <gpxtpx:TrackPointExtension>
            <gpxtpx:hr>135</gpxtpx:hr>
          </gpxtpx:TrackPointExtension>
        </extensions>
      </trkpt>
      <trkpt lat="-21.730639189481735" lon="166.1724078655243">
        <ele>24.799999237060547</ele>
        <time>2026-08-09T11:41:44Z</time>
        <extensions>
          <gpxtpx:TrackPointExtension>
            <gpxtpx:hr>134</gpxtpx:hr>
          </gpxtpx:TrackPointExtension>
        </extensions>
      </trkpt>
      <trkpt lat="-21.730372309684753" lon="166.17220401763916">
        <ele>24.799999237060547</ele>
        <time>2026-08-09T11:41:49Z</time>
        <extensions>
          <gpxtpx:TrackPointExtension>
            <gpxtpx:hr>135</gpxtpx:hr>
          </gpxtpx:TrackPointExtension>
        </extensions>
      </trkpt>
      <trkpt lat="-21.73011615872383" lon="166.17247223854065">
        <ele>23.399999618530273</ele>
        <time>2026-08-09T11:41:54Z</time>
        <extensions>
          <gpxtpx:TrackPointExtension>
            <gpxtpx:hr>136</gpxtpx:hr>
          </gpxtpx:TrackPointExtension>
        </extensions>
      </trkpt>
      <trkpt lat="-21.72980770468712" lon="166.17289066314697">
        <ele>21.399999618530273</ele>
        <time>2026-08-09T11:41:59Z</time>
        <extensions>
          <gpxtpx:TrackPointExtension>
            <gpxtpx:hr>135</gpxtpx:hr>
          </gpxtpx:TrackPointExtension>
        </extensions>
      </trkpt>
      <trkpt lat="-21.729420125484467" lon="166.17319107055664">
        <ele>19.600000381469727</ele>
        <time>2026-08-09T11:42:04Z</time>
        <extensions>
          <gpxtpx:TrackPointExtension>
            <gpxtpx:hr>134</gpxtpx:hr>
          </gpxtpx:TrackPointExtension>
        </extensions>
      </trkpt>
      <trkpt lat="-21.72900840640068" lon="166.17279410362244">
        <ele>18.799999237060547</ele>
        <time>2026-08-09T11:42:09Z</time>
        <extensions>
          <gpxtpx:TrackPointExtension>
            <gpxtpx:hr>135</gpxtpx:hr>
          </gpxtpx:TrackPointExtension>
        </extensions>
      </trkpt>
      <trkpt lat="-21.728543043136597" lon="166.17272973060608">
        <ele>17.200000762939453</ele>
        <time>2026-08-09T11:42:14Z</time>
        <extensions>
          <gpxtpx:TrackPointExtension>
            <gpxtpx:hr>133</gpxtpx:hr>
          </gpxtpx:TrackPointExtension>
        </extensions>
      </trkpt>
      <trkpt lat="-21.728576570749283" lon="166.17329835891724">
        <ele>16.200000762939453</ele>
        <time>2026-08-09T11:42:19Z</time>
        <extensions>
          <gpxtpx:TrackPointExtension>
            <gpxtpx:hr>133</gpxtpx:hr>
          </gpxtpx:TrackPointExtension>
        </extensions>
      </trkpt>
      <trkpt lat="-21.72799989581108" lon="166.17334127426147">
        <ele>14.199999809265137</ele>
        <time>2026-08-09T11:42:24Z</time>
        <extensions>
          <gpxtpx:TrackPointExtension>
            <gpxtpx:hr>132</gpxtpx:hr>
          </gpxtpx:TrackPointExtension>
        </extensions>
      </trkpt>
      <trkpt lat="-21.728038787841797" lon="166.1739206314087">
        <ele>13.0</ele>
        <time>2026-08-09T11:42:29Z</time>
        <extensions>
          <gpxtpx:TrackPointExtension>
            <gpxtpx:hr>130</gpxtpx:hr>
          </gpxtpx:TrackPointExtension>
        </extensions>
      </trkpt>
      <trkpt lat="-21.727494299411774" lon="166.1740493774414">
        <ele>12.600000381469727</ele>
        <time>2026-08-09T11:42:34Z</time>
        <extensions>
          <gpxtpx:TrackPointExtension>
            <gpxtpx:hr>129</gpxtpx:hr>
          </gpxtpx:TrackPointExtension>
        </extensions>
      </trkpt>
      <trkpt lat="-21.727600246667862" lon="166.1745321750641">
        <ele>14.399999618530273</ele>
        <time>2026-08-09T11:42:39Z</time>
        <extensions>
          <gpxtpx:TrackPointExtension>
            <gpxtpx:hr>130</gpxtpx:hr>
          </gpxtpx:TrackPointExtension>
        </extensions>
      </trkpt>
      <trkpt lat="-21.727209985256195" lon="166.1746072769165">
        <ele>14.800000190734863</ele>
        <time>2026-08-09T11:42:44Z</time>
        <extensions>
          <gpxtpx:TrackPointExtension>
            <gpxtpx:hr>131</gpxtpx:hr>
          </gpxtpx:TrackPointExtension>
        </extensions>
      </trkpt>
      <trkpt lat="-21.72684520483017" lon="166.17470383644104">
        <ele>15.399999618530273</ele>
        <time>2026-08-09T11:42:49Z</time>
        <extensions>
          <gpxtpx:TrackPointExtension>
            <gpxtpx:hr>132</gpxtpx:hr>
          </gpxtpx:TrackPointExtension>
        </extensions>
      </trkpt>
      <trkpt lat="-21.72716975212097" lon="166.17499351501465">
        <ele>16.600000381469727</ele>
        <time>2026-08-09T11:42:54Z</time>
        <extensions>
          <gpxtpx:TrackPointExtension>
            <gpxtpx:hr>133</gpxtpx:hr>
          </gpxtpx:TrackPointExtension>
        </extensions>
      </trkpt>
      <trkpt lat="-21.72699272632599" lon="166.1753261089325">
        <ele>18.0</ele>
        <time>2026-08-09T11:42:59Z</time>
        <extensions>
          <gpxtpx:TrackPointExtension>
            <gpxtpx:hr>133</gpxtpx:hr>
          </gpxtpx:TrackPointExtension>
        </extensions>
      </trkpt>
      <trkpt lat="-21.726638674736023" lon="166.17546558380127">
        <ele>18.799999237060547</ele>
        <time>2026-08-09T11:43:04Z</time>
        <extensions>
          <gpxtpx:TrackPointExtension>
            <gpxtpx:hr>137</gpxtpx:hr>
          </gpxtpx:TrackPointExtension>
        </extensions>
      </trkpt>
      <trkpt lat="-21.72652468085289" lon="166.17576599121094">
        <ele>20.200000762939453</ele>
        <time>2026-08-09T11:43:09Z</time>
        <extensions>
          <gpxtpx:TrackPointExtension>
            <gpxtpx:hr>138</gpxtpx:hr>
          </gpxtpx:TrackPointExtension>
        </extensions>
      </trkpt>
      <trkpt lat="-21.72685995697975" lon="166.17579817771912">
        <ele>20.200000762939453</ele>
        <time>2026-08-09T11:43:14Z</time>
        <extensions>
          <gpxtpx:TrackPointExtension>
            <gpxtpx:hr>137</gpxtpx:hr>
          </gpxtpx:TrackPointExtension>
        </extensions>
      </trkpt>
      <trkpt lat="-21.727264970541" lon="166.17576599121094">
        <ele>19.799999237060547</ele>
        <time>2026-08-09T11:43:19Z</time>
        <extensions>
          <gpxtpx:TrackPointExtension>
            <gpxtpx:hr>137</gpxtpx:hr>
          </gpxtpx:TrackPointExtension>
        </extensions>
      </trkpt>
      <trkpt lat="-21.727336049079895" lon="166.17621660232544">
        <ele>19.799999237060547</ele>
        <time>2026-08-09T11:43:24Z</time>
        <extensions>
          <gpxtpx:TrackPointExtension>
            <gpxtpx:hr>136</gpxtpx:hr>
          </gpxtpx:TrackPointExtension>
        </extensions>
      </trkpt>
      <trkpt lat="-21.72752782702446" lon="166.1765491962433">
        <ele>18.600000381469727</ele>
        <time>2026-08-09T11:43:29Z</time>
        <extensions>
          <gpxtpx:TrackPointExtension>
            <gpxtpx:hr>137</gpxtpx:hr>
          </gpxtpx:TrackPointExtension>
        </extensions>
      </trkpt>
      <trkpt lat="-21.727950274944305" lon="166.17659211158752">
        <ele>18.399999618530273</ele>
        <time>2026-08-09T11:43:34Z</time>
        <extensions>
          <gpxtpx:TrackPointExtension>
            <gpxtpx:hr>138</gpxtpx:hr>
          </gpxtpx:TrackPointExtension>
        </extensions>
      </trkpt>
      <trkpt lat="-21.728050857782364" lon="166.17713928222656">
        <ele>16.799999237060547</ele>
        <time>2026-08-09T11:43:39Z</time>
        <extensions>
          <gpxtpx:TrackPointExtension>
            <gpxtpx:hr>138</gpxtpx:hr>
          </gpxtpx:TrackPointExtension>
        </extensions>
      </trkpt>
      <trkpt lat="-21.727609634399414" lon="166.17738604545593">
        <ele>16.399999618530273</ele>
        <time>2026-08-09T11:43:44Z</time>
        <extensions>
          <gpxtpx:TrackPointExtension>
            <gpxtpx:hr>137</gpxtpx:hr>
          </gpxtpx:TrackPointExtension>
        </extensions>
      </trkpt>
      <trkpt lat="-21.727252900600433" lon="166.17761135101318">
        <ele>16.0</ele>
        <time>2026-08-09T11:43:49Z</time>
        <extensions>
          <gpxtpx:TrackPointExtension>
            <gpxtpx:hr>135</gpxtpx:hr>
          </gpxtpx:TrackPointExtension>
        </extensions>
      </trkpt>
      <trkpt lat="-21.727562695741653" lon="166.1780297756195">
        <ele>14.800000190734863</ele>
        <time>2026-08-09T11:43:54Z</time>
        <extensions>
          <gpxtpx:TrackPointExtension>
            <gpxtpx:hr>135</gpxtpx:hr>
          </gpxtpx:TrackPointExtension>
        </extensions>
      </trkpt>
      <trkpt lat="-21.727152317762375" lon="166.1784589290619">
        <ele>13.0</ele>
        <time>2026-08-09T11:43:59Z</time>
        <extensions>
          <gpxtpx:TrackPointExtension>
            <gpxtpx:hr>136</gpxtpx:hr>
          </gpxtpx:TrackPointExtension>
        </extensions>
      </trkpt>
      <trkpt lat="-21.727173775434494" lon="166.179016828537">
        <ele>13.0</ele>
        <time>2026-08-09T11:44:04Z</time>
        <extensions>
          <gpxtpx:TrackPointExtension>
            <gpxtpx:hr>135</gpxtpx:hr>
          </gpxtpx:TrackPointExtension>
        </extensions>
      </trkpt>
      <trkpt lat="-21.727134883403778" lon="166.17957472801208">
        <ele>14.600000381469727</ele>
        <time>2026-08-09T11:44:09Z</time>
        <extensions>
          <gpxtpx:TrackPointExtension>
            <gpxtpx:hr>134</gpxtpx:hr>
          </gpxtpx:TrackPointExtension>
        </extensions>
      </trkpt>
      <trkpt lat="-21.726849228143692" lon="166.1798858642578">
        <ele>15.600000381469727</ele>
        <time>2026-08-09T11:44:14Z</time>
        <extensions>
          <gpxtpx:TrackPointExtension>
            <gpxtpx:hr>133</gpxtpx:hr>
          </gpxtpx:TrackPointExtension>
        </extensions>
      </trkpt>
      <trkpt lat="-21.726574301719666" lon="166.1801540851593">
        <ele>16.799999237060547</ele>
        <time>2026-08-09T11:44:19Z</time>
        <extensions>
          <gpxtpx:TrackPointExtension>
            <gpxtpx:hr>132</gpxtpx:hr>
          </gpxtpx:TrackPointExtension>
        </extensions>
      </trkpt>
      <trkpt lat="-21.726344972848892" lon="166.18034720420837">
        <ele>18.0</ele>
        <time>2026-08-09T11:44:24Z</time>
        <extensions>
          <gpxtpx:TrackPointExtension>
            <gpxtpx:hr>131</gpxtpx:hr>
          </gpxtpx:TrackPointExtension>
        </extensions>
      </trkpt>
      <trkpt lat="-21.726059317588806" lon="166.18046522140503">
        <ele>18.200000762939453</ele>
        <time>2026-08-09T11:44:29Z</time>
        <extensions>
          <gpxtpx:TrackPointExtension>
            <gpxtpx:hr>132</gpxtpx:hr>
          </gpxtpx:TrackPointExtension>
        </extensions>
      </trkpt>
      <trkpt lat="-21.72568380832672" lon="166.1805295944214">
        <ele>17.600000381469727</ele>
        <time>2026-08-09T11:44:34Z</time>
        <extensions>
          <gpxtpx:TrackPointExtension>
            <gpxtpx:hr>130</gpxtpx:hr>
          </gpxtpx:TrackPointExtension>
        </extensions>
      </trkpt>
      <trkpt lat="-21.72523319721222" lon="166.18057250976562">
        <ele>16.799999237060547</ele>
        <time>2026-08-09T11:44:39Z</time>
        <extensions>
          <gpxtpx:TrackPointExtension>
            <gpxtpx:hr>131</gpxtpx:hr>
          </gpxtpx:TrackPointExtension>
        </extensions>
      </trkpt>
      <trkpt lat="-21.724763810634613" lon="166.1806046962738">
        <ele>17.799999237060547</ele>
        <time>2026-08-09T11:44:44Z</time>
        <extensions>
          <gpxtpx:TrackPointExtension>
            <gpxtpx:hr>132</gpxtpx:hr>
          </gpxtpx:TrackPointExtension>
        </extensions>
      </trkpt>
      <trkpt lat="-21.724338680505753" lon="166.18048667907715">
        <ele>17.600000381469727</ele>
        <time>2026-08-09T11:44:49Z</time>
        <extensions>
          <gpxtpx:TrackPointExtension>
            <gpxtpx:hr>134</gpxtpx:hr>
          </gpxtpx:TrackPointExtension>
        </extensions>
      </trkpt>
      <trkpt lat="-21.723913550376892" lon="166.1802613735199">
        <ele>15.800000190734863</ele>
        <time>2026-08-09T11:44:54Z</time>
        <extensions>
          <gpxtpx:TrackPointExtension>
            <gpxtpx:hr>133</gpxtpx:hr>
          </gpxtpx:TrackPointExtension>
        </extensions>
      </trkpt>
      <trkpt lat="-21.723539382219315" lon="166.179918050766">
        <ele>17.0</ele>
        <time>2026-08-09T11:44:59Z</time>
        <extensions>
          <gpxtpx:TrackPointExtension>
            <gpxtpx:hr>133</gpxtpx:hr>
          </gpxtpx:TrackPointExtension>
        </extensions>
      </trkpt>
      <trkpt lat="-21.723255068063736" lon="166.1795961856842">
        <ele>18.399999618530273</ele>
        <time>2026-08-09T11:45:04Z</time>
        <extensions>
          <gpxtpx:TrackPointExtension>
            <gpxtpx:hr>133</gpxtpx:hr>
          </gpxtpx:TrackPointExtension>
        </extensions>
      </trkpt>
      <trkpt lat="-21.72300159931183" lon="166.17919921875">
        <ele>17.0</ele>
        <time>2026-08-09T11:45:09Z</time>
        <extensions>
          <gpxtpx:TrackPointExtension>
            <gpxtpx:hr>133</gpxtpx:hr>
          </gpxtpx:TrackPointExtension>
        </extensions>
      </trkpt>
      <trkpt lat="-21.72273337841034" lon="166.17878079414368">
        <ele>17.799999237060547</ele>
        <time>2026-08-09T11:45:14Z</time>
        <extensions>
          <gpxtpx:TrackPointExtension>
            <gpxtpx:hr>132</gpxtpx:hr>
          </gpxtpx:TrackPointExtension>
        </extensions>
      </trkpt>
      <trkpt lat="-21.722504049539566" lon="166.17839455604553">
        <ele>19.399999618530273</ele>
        <time>2026-08-09T11:45:19Z</time>
        <extensions>
          <gpxtpx:TrackPointExtension>
            <gpxtpx:hr>132</gpxtpx:hr>
          </gpxtpx:TrackPointExtension>
        </extensions>
      </trkpt>
      <trkpt lat="-21.722300201654434" lon="166.17799758911133">
        <ele>18.200000762939453</ele>
        <time>2026-08-09T11:45:24Z</time>
        <extensions>
          <gpxtpx:TrackPointExtension>
            <gpxtpx:hr>133</gpxtpx:hr>
          </gpxtpx:TrackPointExtension>
        </extensions>
      </trkpt>
      <trkpt lat="-21.722174137830734" lon="166.17746114730835">
        <ele>16.799999237060547</ele>
        <time>2026-08-09T11:45:29Z</time>
        <extensions>
          <gpxtpx:TrackPointExtension>
            <gpxtpx:hr>134</gpxtpx:hr>
          </gpxtpx:TrackPointExtension>
        </extensions>
      </trkpt>
      <trkpt lat="-21.722298860549927" lon="166.17695689201355">
        <ele>18.399999618530273</ele>
        <time>2026-08-09T11:45:34Z</time>
        <extensions>
          <gpxtpx:TrackPointExtension>
            <gpxtpx:hr>137</gpxtpx:hr>
          </gpxtpx:TrackPointExtension>
        </extensions>
      </trkpt>
      <trkpt lat="-21.722400784492493" lon="166.17648482322693">
        <ele>18.399999618530273</ele>
        <time>2026-08-09T11:45:39Z</time>
        <extensions>
          <gpxtpx:TrackPointExtension>
            <gpxtpx:hr>137</gpxtpx:hr>
          </gpxtpx:TrackPointExtension>
        </extensions>
      </trkpt>
      <trkpt lat="-21.722479909658432" lon="166.17594838142395">
        <ele>16.200000762939453</ele>
        <time>2026-08-09T11:45:44Z</time>
        <extensions>
          <gpxtpx:TrackPointExtension>
            <gpxtpx:hr>136</gpxtpx:hr>
          </gpxtpx:TrackPointExtension>
        </extensions>
      </trkpt>
      <trkpt lat="-21.722363233566284" lon="166.1754012107849">
        <ele>17.399999618530273</ele>
        <time>2026-08-09T11:45:49Z</time>
        <extensions>
          <gpxtpx:TrackPointExtension>
            <gpxtpx:hr>135</gpxtpx:hr>
          </gpxtpx:TrackPointExtension>
        </extensions>
      </trkpt>
      <trkpt lat="-21.72216072678566" lon="166.17497205734253">
        <ele>19.399999618530273</ele>
        <time>2026-08-09T11:45:54Z</time>
        <extensions>
          <gpxtpx:TrackPointExtension>
            <gpxtpx:hr>136</gpxtpx:hr>
          </gpxtpx:TrackPointExtension>
        </extensions>
      </trkpt>
      <trkpt lat="-21.721901893615723" lon="166.17462873458862">
        <ele>19.200000762939453</ele>
        <time>2026-08-09T11:45:59Z</time>
        <extensions>
          <gpxtpx:TrackPointExtension>
            <gpxtpx:hr>136</gpxtpx:hr>
          </gpxtpx:TrackPointExtension>
        </extensions>
      </trkpt>
      <trkpt lat="-21.721512973308563" lon="166.17433905601501">
        <ele>18.200000762939453</ele>
        <time>2026-08-09T11:46:04Z</time>
        <extensions>
          <gpxtpx:TrackPointExtension>
            <gpxtpx:hr>136</gpxtpx:hr>
          </gpxtpx:TrackPointExtension>
        </extensions>
      </trkpt>
      <trkpt lat="-21.721079796552658" lon="166.17416739463806">
        <ele>20.0</ele>
        <time>2026-08-09T11:46:09Z</time>
        <extensions>
          <gpxtpx:TrackPointExtension>
            <gpxtpx:hr>137</gpxtpx:hr>
          </gpxtpx:TrackPointExtension>
        </extensions>
      </trkpt>
      <trkpt lat="-21.720692217350006" lon="166.17408156394958">
        <ele>21.600000381469727</ele>
        <time>2026-08-09T11:46:14Z</time>
        <extensions>
          <gpxtpx:TrackPointExtension>
            <gpxtpx:hr>137</gpxtpx:hr>
          </gpxtpx:TrackPointExtension>
        </extensions>
      </trkpt>
      <trkpt lat="-21.720303297042847" lon="166.17398500442505">
        <ele>21.200000762939453</ele>
        <time>2026-08-09T11:46:19Z</time>
        <extensions>
          <gpxtpx:TrackPointExtension>
            <gpxtpx:hr>137</gpxtpx:hr>
          </gpxtpx:TrackPointExtension>
        </extensions>
      </trkpt>
      <trkpt lat="-21.719821840524673" lon="166.17395281791687">
        <ele>19.0</ele>
        <time>2026-08-09T11:46:24Z</time>
        <extensions>
          <gpxtpx:TrackPointExtension>
            <gpxtpx:hr>134</gpxtpx:hr>
          </gpxtpx:TrackPointExtension>
        </extensions>
      </trkpt>
      <trkpt lat="-21.71931892633438" lon="166.17416739463806">
        <ele>18.399999618530273</ele>
        <time>2026-08-09T11:46:29Z</time>
        <extensions>
          <gpxtpx:TrackPointExtension>
            <gpxtpx:hr>136</gpxtpx:hr>
          </gpxtpx:TrackPointExtension>
        </extensions>
      </trkpt>
      <trkpt lat="-21.718849539756775" lon="166.1744463443756">
        <ele>18.200000762939453</ele>
        <time>2026-08-09T11:46:34Z</time>
        <extensions>
          <gpxtpx:TrackPointExtension>
            <gpxtpx:hr>136</gpxtpx:hr>
          </gpxtpx:TrackPointExtension>
        </extensions>
      </trkpt>
      <trkpt lat="-21.718370765447617" lon="166.17428541183472">
        <ele>18.200000762939453</ele>
        <time>2026-08-09T11:46:39Z</time>
        <extensions>
          <gpxtpx:TrackPointExtension>
            <gpxtpx:hr>137</gpxtpx:hr>
          </gpxtpx:TrackPointExtension>
        </extensions>
      </trkpt>
      <trkpt lat="-21.718071699142456" lon="166.17383480072021">
        <ele>18.799999237060547</ele>
        <time>2026-08-09T11:46:44Z</time>
        <extensions>
          <gpxtpx:TrackPointExtension>
            <gpxtpx:hr>137</gpxtpx:hr>
          </gpxtpx:TrackPointExtension>
        </extensions>
      </trkpt>
      <trkpt lat="-21.717792749404907" lon="166.17340564727783">
        <ele>19.399999618530273</ele>
        <time>2026-08-09T11:46:49Z</time>
        <extensions>
          <gpxtpx:TrackPointExtension>
            <gpxtpx:hr>137</gpxtpx:hr>
          </gpxtpx:TrackPointExtension>
        </extensions>
      </trkpt>
      <trkpt lat="-21.717480272054672" lon="166.1730194091797">
        <ele>19.799999237060547</ele>
        <time>2026-08-09T11:46:54Z</time>
        <extensions>
          <gpxtpx:TrackPointExtension>
            <gpxtpx:hr>136</gpxtpx:hr>
          </gpxtpx:TrackPointExtension>
        </extensions>
      </trkpt>
      <trkpt lat="-21.717073917388916" lon="166.17278337478638">
        <ele>20.0</ele>
        <time>2026-08-09T11:46:59Z</time>
        <extensions>
          <gpxtpx:TrackPointExtension>
            <gpxtpx:hr>136</gpxtpx:hr>
          </gpxtpx:TrackPointExtension>
        </extensions>
      </trkpt>
      <trkpt lat="-21.716676950454712" lon="166.17250442504883">
        <ele>19.799999237060547</ele>
        <time>2026-08-09T11:47:04Z</time>
        <extensions>
          <gpxtpx:TrackPointExtension>
            <gpxtpx:hr>138</gpxtpx:hr>
          </gpxtpx:TrackPointExtension>
        </extensions>
      </trkpt>
      <trkpt lat="-21.71643152832985" lon="166.1720323562622">
        <ele>18.799999237060547</ele>
        <time>2026-08-09T11:47:09Z</time>
        <extensions>
          <gpxtpx:TrackPointExtension>
            <gpxtpx:hr>138</gpxtpx:hr>
          </gpxtpx:TrackPointExtension>
        </extensions>
      </trkpt>
      <trkpt lat="-21.716188788414" lon="166.1715281009674">
        <ele>17.600000381469727</ele>
        <time>2026-08-09T11:47:14Z</time>
        <extensions>
          <gpxtpx:TrackPointExtension>
            <gpxtpx:hr>139</gpxtpx:hr>
          </gpxtpx:TrackPointExtension>
        </extensions>
      </trkpt>
      <trkpt lat="-21.715751588344574" lon="166.17119550704956">
        <ele>17.600000381469727</ele>
        <time>2026-08-09T11:47:19Z</time>
        <extensions>
          <gpxtpx:TrackPointExtension>
            <gpxtpx:hr>140</gpxtpx:hr>
          </gpxtpx:TrackPointExtension>
        </extensions>
      </trkpt>
      <trkpt lat="-21.715484708547592" lon="166.170734167099">
        <ele>17.799999237060547</ele>
        <time>2026-08-09T11:47:24Z</time>
        <extensions>
          <gpxtpx:TrackPointExtension>
            <gpxtpx:hr>140</gpxtpx:hr>
          </gpxtpx:TrackPointExtension>
        </extensions>
      </trkpt>
      <trkpt lat="-21.715618818998337" lon="166.1702299118042">
        <ele>18.600000381469727</ele>
        <time>2026-08-09T11:47:29Z</time>
        <extensions>
          <gpxtpx:TrackPointExtension>
            <gpxtpx:hr>140</gpxtpx:hr>
          </gpxtpx:TrackPointExtension>
        </extensions>
      </trkpt>
      <trkpt lat="-21.715986281633377" lon="166.16998314857483">
        <ele>20.0</ele>
        <time>2026-08-09T11:47:34Z</time>
        <extensions>
          <gpxtpx:TrackPointExtension>
            <gpxtpx:hr>139</gpxtpx:hr>
          </gpxtpx:TrackPointExtension>
        </extensions>
      </trkpt>
      <trkpt lat="-21.71641007065773" lon="166.16997241973877">
        <ele>21.200000762939453</ele>
        <time>2026-08-09T11:47:39Z</time>
        <extensions>
          <gpxtpx:TrackPointExtension>
            <gpxtpx:hr>139</gpxtpx:hr>
          </gpxtpx:TrackPointExtension>
        </extensions>
      </trkpt>
      <trkpt lat="-21.71663001179695" lon="166.16965055465698">
        <ele>21.799999237060547</ele>
        <time>2026-08-09T11:47:44Z</time>
        <extensions>
          <gpxtpx:TrackPointExtension>
            <gpxtpx:hr>139</gpxtpx:hr>
          </gpxtpx:TrackPointExtension>
        </extensions>
      </trkpt>
      <trkpt lat="-21.7164409160614" lon="166.16928577423096">
        <ele>23.0</ele>
        <time>2026-08-09T11:47:49Z</time>
        <extensions>
          <gpxtpx:TrackPointExtension>
            <gpxtpx:hr>137</gpxtpx:hr>
          </gpxtpx:TrackPointExtension>
        </extensions>
      </trkpt>
      <trkpt lat="-21.716438233852386" lon="166.1688780784607">
        <ele>22.399999618530273</ele>
        <time>2026-08-09T11:47:54Z</time>
        <extensions>
          <gpxtpx:TrackPointExtension>
            <gpxtpx:hr>138</gpxtpx:hr>
          </gpxtpx:TrackPointExtension>
        </extensions>
      </trkpt>
      <trkpt lat="-21.71613782644272" lon="166.16864204406738">
        <ele>20.399999618530273</ele>
        <time>2026-08-09T11:47:59Z</time>
        <extensions>
          <gpxtpx:TrackPointExtension>
            <gpxtpx:hr>139</gpxtpx:hr>
          </gpxtpx:TrackPointExtension>
        </extensions>
      </trkpt>
      <trkpt lat="-21.715714037418365" lon="166.168931722641">
        <ele>21.799999237060547</ele>
        <time>2026-08-09T11:48:04Z</time>
        <extensions>
          <gpxtpx:TrackPointExtension>
            <gpxtpx:hr>140</gpxtpx:hr>
          </gpxtpx:TrackPointExtension>
        </extensions>
      </trkpt>
      <trkpt lat="-21.715355962514877" lon="166.16921067237854">
        <ele>23.200000762939453</ele>
        <time>2026-08-09T11:48:09Z</time>
        <extensions>
          <gpxtpx:TrackPointExtension>
            <gpxtpx:hr>140</gpxtpx:hr>
          </gpxtpx:TrackPointExtension>
        </extensions>
      </trkpt>
      <trkpt lat="-21.715031415224075" lon="166.16946816444397">
        <ele>24.600000381469727</ele>
        <time>2026-08-09T11:48:14Z</time>
        <extensions>
          <gpxtpx:TrackPointExtension>
            <gpxtpx:hr>139</gpxtpx:hr>
          </gpxtpx:TrackPointExtension>
        </extensions>
      </trkpt>
      <trkpt lat="-21.714728325605392" lon="166.16969347000122">
        <ele>25.200000762939453</ele>
        <time>2026-08-09T11:48:19Z</time>
        <extensions>
          <gpxtpx:TrackPointExtension>
            <gpxtpx:hr>139</gpxtpx:hr>
          </gpxtpx:TrackPointExtension>
        </extensions>
      </trkpt>
      <trkpt lat="-21.714399755001068" lon="166.1699616909027">
        <ele>25.200000762939453</ele>
        <time>2026-08-09T11:48:24Z</time>
        <extensions>
          <gpxtpx:TrackPointExtension>
            <gpxtpx:hr>140</gpxtpx:hr>
          </gpxtpx:TrackPointExtension>
        </extensions>
      </trkpt>
      <trkpt lat="-21.714055091142654" lon="166.17021918296814">
        <ele>25.200000762939453</ele>
        <time>2026-08-09T11:48:29Z</time>
        <extensions>
          <gpxtpx:TrackPointExtension>
            <gpxtpx:hr>139</gpxtpx:hr>
          </gpxtpx:TrackPointExtension>
        </extensions>
      </trkpt>
      <trkpt lat="-21.713672876358032" lon="166.17050886154175">
        <ele>23.600000381469727</ele>
        <time>2026-08-09T11:48:34Z</time>
        <extensions>
          <gpxtpx:TrackPointExtension>
            <gpxtpx:hr>139</gpxtpx:hr>
          </gpxtpx:TrackPointExtension>
        </extensions>
      </trkpt>
      <trkpt lat="-21.713239699602127" lon="166.1708414554596">
        <ele>21.799999237060547</ele>
        <time>2026-08-09T11:48:39Z</time>
        <extensions>
          <gpxtpx:TrackPointExtension>
            <gpxtpx:hr>139</gpxtpx:hr>
          </gpxtpx:TrackPointExtension>
        </extensions>
      </trkpt>
      <trkpt lat="-21.712767630815506" lon="166.17119550704956">
        <ele>20.0</ele>
        <time>2026-08-09T11:48:44Z</time>
        <extensions>
          <gpxtpx:TrackPointExtension>
            <gpxtpx:hr>137</gpxtpx:hr>
          </gpxtpx:TrackPointExtension>
        </extensions>
      </trkpt>
      <trkpt lat="-21.71260267496109" lon="166.17171049118042">
        <ele>18.399999618530273</ele>
        <time>2026-08-09T11:48:49Z</time>
        <extensions>
          <gpxtpx:TrackPointExtension>
            <gpxtpx:hr>136</gpxtpx:hr>
          </gpxtpx:TrackPointExtension>
        </extensions>
      </trkpt>
      <trkpt lat="-21.713124364614487" lon="166.17177486419678">
        <ele>18.600000381469727</ele>
        <time>2026-08-09T11:48:54Z</time>
        <extensions>
          <gpxtpx:TrackPointExtension>
            <gpxtpx:hr>137</gpxtpx:hr>
          </gpxtpx:TrackPointExtension>
        </extensions>
      </trkpt>
      <trkpt lat="-21.71350121498108" lon="166.17138862609863">
        <ele>20.200000762939453</ele>
        <time>2026-08-09T11:48:59Z</time>
        <extensions>
          <gpxtpx:TrackPointExtension>
            <gpxtpx:hr>138</gpxtpx:hr>
          </gpxtpx:TrackPointExtension>
        </extensions>
      </trkpt>
      <trkpt lat="-21.71401619911194" lon="166.17127060890198">
        <ele>18.600000381469727</ele>
        <time>2026-08-09T11:49:04Z</time>
        <extensions>
          <gpxtpx:TrackPointExtension>
            <gpxtpx:hr>138</gpxtpx:hr>
          </gpxtpx:TrackPointExtension>
        </extensions>
      </trkpt>
      <trkpt lat="-21.71438232064247" lon="166.17079854011536">
        <ele>16.600000381469727</ele>
        <time>2026-08-09T11:49:09Z</time>
        <extensions>
          <gpxtpx:TrackPointExtension>
            <gpxtpx:hr>138</gpxtpx:hr>
          </gpxtpx:TrackPointExtension>
        </extensions>
      </trkpt>
      <trkpt lat="-21.714914739131927" lon="166.170551776886">
        <ele>15.199999809265137</ele>
        <time>2026-08-09T11:49:14Z</time>
        <extensions>
          <gpxtpx:TrackPointExtension>
            <gpxtpx:hr>139</gpxtpx:hr>
          </gpxtpx:TrackPointExtension>
        </extensions>
      </trkpt>
      <trkpt lat="-21.714721620082855" lon="166.170015335083">
        <ele>14.800000190734863</ele>
        <time>2026-08-09T11:49:19Z</time>
        <extensions>
          <gpxtpx:TrackPointExtension>
            <gpxtpx:hr>140</gpxtpx:hr>
          </gpxtpx:TrackPointExtension>
        </extensions>
      </trkpt>
      <trkpt lat="-21.714273691177368" lon="166.1696183681488">
        <ele>14.800000190734863</ele>
        <time>2026-08-09T11:49:24Z</time>
        <extensions>
          <gpxtpx:TrackPointExtension>
            <gpxtpx:hr>140</gpxtpx:hr>
          </gpxtpx:TrackPointExtension>
        </extensions>
      </trkpt>
      <trkpt lat="-21.713853925466537" lon="166.16925358772278">
        <ele>14.600000381469727</ele>
        <time>2026-08-09T11:49:29Z</time>
        <extensions>
          <gpxtpx:TrackPointExtension>
            <gpxtpx:hr>139</gpxtpx:hr>
          </gpxtpx:TrackPointExtension>
        </extensions>
      </trkpt>
      <trkpt lat="-21.713933050632477" lon="166.1687171459198">
        <ele>14.600000381469727</ele>
        <time>2026-08-09T11:49:34Z</time>
        <extensions>
          <gpxtpx:TrackPointExtension>
            <gpxtpx:hr>138</gpxtpx:hr>
          </gpxtpx:TrackPointExtension>
        </extensions>
      </trkpt>
      <trkpt lat="-21.71424150466919" lon="166.16827726364136">
        <ele>14.600000381469727</ele>
        <time>2026-08-09T11:49:39Z</time>
        <extensions>
          <gpxtpx:TrackPointExtension>
            <gpxtpx:hr>138</gpxtpx:hr>
          </gpxtpx:TrackPointExtension>
        </extensions>
      </trkpt>
      <trkpt lat="-21.71448826789856" lon="166.16780519485474">
        <ele>14.600000381469727</ele>
        <time>2026-08-09T11:49:44Z</time>
        <extensions>
          <gpxtpx:TrackPointExtension>
            <gpxtpx:hr>138</gpxtpx:hr>
          </gpxtpx:TrackPointExtension>
        </extensions>
      </trkpt>
      <trkpt lat="-21.714617013931274" lon="166.16730093955994">
        <ele>14.600000381469727</ele>
        <time>2026-08-09T11:49:49Z</time>
        <extensions>
          <gpxtpx:TrackPointExtension>
            <gpxtpx:hr>139</gpxtpx:hr>
          </gpxtpx:TrackPointExtension>
        </extensions>
      </trkpt>
      <trkpt lat="-21.714368909597397" lon="166.16683959960938">
        <ele>13.600000381469727</ele>
        <time>2026-08-09T11:49:54Z</time>
        <extensions>
          <gpxtpx:TrackPointExtension>
            <gpxtpx:hr>140</gpxtpx:hr>
          </gpxtpx:TrackPointExtension>
        </extensions>
      </trkpt>
      <trkpt lat="-21.71389013528824" lon="166.16678595542908">
        <ele>14.0</ele>
        <time>2026-08-09T11:49:59Z</time>
        <extensions>
          <gpxtpx:TrackPointExtension>
            <gpxtpx:hr>140</gpxtpx:hr>
          </gpxtpx:TrackPointExtension>
        </extensions>
      </trkpt>
      <trkpt lat="-21.71346366405487" lon="166.16701126098633">
        <ele>14.600000381469727</ele>
        <time>2026-08-09T11:50:04Z</time>
        <extensions>
          <gpxtpx:TrackPointExtension>
            <gpxtpx:hr>139</gpxtpx:hr>
          </gpxtpx:TrackPointExtension>
        </extensions>
      </trkpt>
      <trkpt lat="-21.712995618581772" lon="166.16710782051086">
        <ele>13.600000381469727</ele>
        <time>2026-08-09T11:50:09Z</time>
        <extensions>
          <gpxtpx:TrackPointExtension>
            <gpxtpx:hr>139</gpxtpx:hr>
          </gpxtpx:TrackPointExtension>
        </extensions>
      </trkpt>
      <trkpt lat="-21.71262815594673" lon="166.16679668426514">
        <ele>14.600000381469727</ele>
        <time>2026-08-09T11:50:14Z</time>
        <extensions>
          <gpxtpx:TrackPointExtension>
            <gpxtpx:hr>139</gpxtpx:hr>
          </gpxtpx:TrackPointExtension>
        </extensions>
      </trkpt>
      <trkpt lat="-21.712231189012527" lon="166.16678595542908">
        <ele>14.199999809265137</ele>
        <time>2026-08-09T11:50:19Z</time>
        <extensions>
          <gpxtpx:TrackPointExtension>
            <gpxtpx:hr>139</gpxtpx:hr>
          </gpxtpx:TrackPointExtension>
        </extensions>
      </trkpt>
      <trkpt lat="-21.711865067481995" lon="166.16672158241272">
        <ele>13.800000190734863</ele>
        <time>2026-08-09T11:50:24Z</time>
        <extensions>
          <gpxtpx:TrackPointExtension>
            <gpxtpx:hr>139</gpxtpx:hr>
          </gpxtpx:TrackPointExtension>
        </extensions>
      </trkpt>
      <trkpt lat="-21.711764484643936" lon="166.16638898849487">
        <ele>13.800000190734863</ele>
        <time>2026-08-09T11:50:29Z</time>
        <extensions>
          <gpxtpx:TrackPointExtension>
            <gpxtpx:hr>139</gpxtpx:hr>
          </gpxtpx:TrackPointExtension>
        </extensions>
      </trkpt>
      <trkpt lat="-21.711780577898026" lon="166.1660349369049">
        <ele>13.399999618530273</ele>
        <time>2026-08-09T11:50:34Z</time>
        <extensions>
          <gpxtpx:TrackPointExtension>
            <gpxtpx:hr>126</gpxtpx:hr>
          </gpxtpx:TrackPointExtension>
        </extensions>
      </trkpt>
      <trkpt lat="-21.711779236793518" lon="166.16570234298706">
        <ele>13.0</ele>
        <time>2026-08-09T11:50:39Z</time>
        <extensions>
          <gpxtpx:TrackPointExtension>
            <gpxtpx:hr>127</gpxtpx:hr>
          </gpxtpx:TrackPointExtension>
        </extensions>
      </trkpt>
      <trkpt lat="-21.711784601211548" lon="166.16539120674133">
        <ele>13.0</ele>
        <time>2026-08-09T11:50:44Z</time>
        <extensions>
          <gpxtpx:TrackPointExtension>
            <gpxtpx:hr>126</gpxtpx:hr>
          </gpxtpx:TrackPointExtension>
        </extensions>
      </trkpt>
      <trkpt lat="-21.71181410551071" lon="166.16510152816772">
        <ele>13.0</ele>
        <time>2026-08-09T11:50:49Z</time>
        <extensions>
          <gpxtpx:TrackPointExtension>
            <gpxtpx:hr>122</gpxtpx:hr>
          </gpxtpx:TrackPointExtension>
        </extensions>
      </trkpt>
      <trkpt lat="-21.71183690428734" lon="166.1648440361023">
        <ele>13.0</ele>
        <time>2026-08-09T11:50:54Z</time>
        <extensions>
          <gpxtpx:TrackPointExtension>
            <gpxtpx:hr>119</gpxtpx:hr>
          </gpxtpx:TrackPointExtension>
        </extensions>
      </trkpt>
      <trkpt lat="-21.7118301987648" lon="166.16454362869263">
        <ele>13.0</ele>
        <time>2026-08-09T11:50:59Z</time>
        <extensions>
          <gpxtpx:TrackPointExtension>
            <gpxtpx:hr>118</gpxtpx:hr>
          </gpxtpx:TrackPointExtension>
        </extensions>
      </trkpt>
      <trkpt lat="-21.711658537387848" lon="166.1642324924469">
        <ele>13.0</ele>
        <time>2026-08-09T11:51:04Z</time>
        <extensions>
          <gpxtpx:TrackPointExtension>
            <gpxtpx:hr>123</gpxtpx:hr>
          </gpxtpx:TrackPointExtension>
        </extensions>
      </trkpt>
      <trkpt lat="-21.71137422323227" lon="166.1639642715454">
        <ele>13.0</ele>
        <time>2026-08-09T11:51:09Z</time>
        <extensions>
          <gpxtpx:TrackPointExtension>
            <gpxtpx:hr>125</gpxtpx:hr>
          </gpxtpx:TrackPointExtension>
        </extensions>
      </trkpt>
      <trkpt lat="-21.71106442809105" lon="166.16365313529968">
        <ele>13.0</ele>
        <time>2026-08-09T11:51:14Z</time>
        <extensions>
          <gpxtpx:TrackPointExtension>
            <gpxtpx:hr>127</gpxtpx:hr>
          </gpxtpx:TrackPointExtension>
        </extensions>
      </trkpt>
      <trkpt lat="-21.710737198591232" lon="166.1633312702179">
        <ele>13.0</ele>
        <time>2026-08-09T11:51:19Z</time>
        <extensions>
          <gpxtpx:TrackPointExtension>
            <gpxtpx:hr>129</gpxtpx:hr>
          </gpxtpx:TrackPointExtension>
        </extensions>
      </trkpt>
      <trkpt lat="-21.710550785064697" lon="166.1628806591034">
        <ele>13.0</ele>
        <time>2026-08-09T11:51:24Z</time>
        <extensions>
          <gpxtpx:TrackPointExtension>
            <gpxtpx:hr>131</gpxtpx:hr>
          </gpxtpx:TrackPointExtension>
        </extensions>
      </trkpt>
      <trkpt lat="-21.71055480837822" lon="166.16234421730042">
        <ele>13.199999809265137</ele>
        <time>2026-08-09T11:51:29Z</time>
        <extensions>
          <gpxtpx:TrackPointExtension>
            <gpxtpx:hr>131</gpxtpx:hr>
          </gpxtpx:TrackPointExtension>
        </extensions>
      </trkpt>
      <trkpt lat="-21.710463613271713" lon="166.16185069084167">
        <ele>15.399999618530273</ele>
        <time>2026-08-09T11:51:34Z</time>
        <extensions>
          <gpxtpx:TrackPointExtension>
            <gpxtpx:hr>131</gpxtpx:hr>
          </gpxtpx:TrackPointExtension>
        </extensions>
      </trkpt>
      <trkpt lat="-21.710334867239" lon="166.1614429950714">
        <ele>16.200000762939453</ele>
        <time>2026-08-09T11:51:39Z</time>
        <extensions>
          <gpxtpx:TrackPointExtension>
            <gpxtpx:hr>133</gpxtpx:hr>
          </gpxtpx:TrackPointExtension>
        </extensions>
      </trkpt>
      <trkpt lat="-21.710143089294434" lon="166.16100311279297">
        <ele>14.0</ele>
        <time>2026-08-09T11:51:44Z</time>
        <extensions>
          <gpxtpx:TrackPointExtension>
            <gpxtpx:hr>135</gpxtpx:hr>
          </gpxtpx:TrackPointExtension>
        </extensions>
      </trkpt>
      <trkpt lat="-21.70978769659996" lon="166.16060614585876">
        <ele>13.0</ele>
        <time>2026-08-09T11:51:49Z</time>
        <extensions>
          <gpxtpx:TrackPointExtension>
            <gpxtpx:hr>135</gpxtpx:hr>
          </gpxtpx:TrackPointExtension>
        </extensions>
      </trkpt>
      <trkpt lat="-21.709696501493454" lon="166.1600697040558">
        <ele>13.0</ele>
        <time>2026-08-09T11:51:54Z</time>
        <extensions>
          <gpxtpx:TrackPointExtension>
            <gpxtpx:hr>137</gpxtpx:hr>
          </gpxtpx:TrackPointExtension>
        </extensions>
      </trkpt>
      <trkpt lat="-21.710017025470734" lon="166.15973711013794">
        <ele>13.0</ele>
        <time>2026-08-09T11:51:59Z</time>
        <extensions>
          <gpxtpx:TrackPointExtension>
            <gpxtpx:hr>138</gpxtpx:hr>
          </gpxtpx:TrackPointExtension>
        </extensions>
      </trkpt>
      <trkpt lat="-21.710526645183563" lon="166.15975856781006">
        <ele>13.0</ele>
        <time>2026-08-09T11:52:04Z</time>
        <extensions>
          <gpxtpx:TrackPointExtension>
            <gpxtpx:hr>138</gpxtpx:hr>
          </gpxtpx:TrackPointExtension>
        </extensions>
      </trkpt>
      <trkpt lat="-21.711029559373856" lon="166.15975856781006">
        <ele>13.0</ele>
        <time>2026-08-09T11:52:09Z</time>
        <extensions>
          <gpxtpx:TrackPointExtension>
            <gpxtpx:hr>139</gpxtpx:hr>
          </gpxtpx:TrackPointExtension>
        </extensions>
      </trkpt>
      <trkpt lat="-21.711529791355133" lon="166.15978002548218">
        <ele>13.0</ele>
        <time>2026-08-09T11:52:14Z</time>
        <extensions>
          <gpxtpx:TrackPointExtension>
            <gpxtpx:hr>139</gpxtpx:hr>
          </gpxtpx:TrackPointExtension>
        </extensions>
      </trkpt>
      <trkpt lat="-21.712021976709366" lon="166.15978002548218">
        <ele>13.0</ele>
        <time>2026-08-09T11:52:19Z</time>
        <extensions>
          <gpxtpx:TrackPointExtension>
            <gpxtpx:hr>138</gpxtpx:hr>
          </gpxtpx:TrackPointExtension>
        </extensions>
      </trkpt>
      <trkpt lat="-21.712515503168106" lon="166.15975856781006">
        <ele>13.0</ele>
        <time>2026-08-09T11:52:24Z</time>
        <extensions>
          <gpxtpx:TrackPointExtension>
            <gpxtpx:hr>138</gpxtpx:hr>
          </gpxtpx:TrackPointExtension>
        </extensions>
      </trkpt>
      <trkpt lat="-21.71298086643219" lon="166.15966200828552">
        <ele>13.0</ele>
        <time>2026-08-09T11:52:29Z</time>
        <extensions>
          <gpxtpx:TrackPointExtension>
            <gpxtpx:hr>136</gpxtpx:hr>
          </gpxtpx:TrackPointExtension>
        </extensions>
      </trkpt>
      <trkpt lat="-21.713237017393112" lon="166.15921139717102">
        <ele>13.0</ele>
        <time>2026-08-09T11:52:34Z</time>
        <extensions>
          <gpxtpx:TrackPointExtension>
            <gpxtpx:hr>135</gpxtpx:hr>
          </gpxtpx:TrackPointExtension>
        </extensions>
      </trkpt>
      <trkpt lat="-21.71345829963684" lon="166.15876078605652">
        <ele>13.0</ele>
        <time>2026-08-09T11:52:39Z</time>
        <extensions>
          <gpxtpx:TrackPointExtension>
            <gpxtpx:hr>136</gpxtpx:hr>
          </gpxtpx:TrackPointExtension>
        </extensions>
      </trkpt>
      <trkpt lat="-21.713667511940002" lon="166.1582887172699">
        <ele>13.0</ele>
        <time>2026-08-09T11:52:44Z</time>
        <extensions>
          <gpxtpx:TrackPointExtension>
            <gpxtpx:hr>137</gpxtpx:hr>
          </gpxtpx:TrackPointExtension>
        </extensions>
      </trkpt>
      <trkpt lat="-21.713969260454178" lon="166.15790247917175">
        <ele>13.0</ele>
        <time>2026-08-09T11:52:49Z</time>
        <extensions>
          <gpxtpx:TrackPointExtension>
            <gpxtpx:hr>136</gpxtpx:hr>
          </gpxtpx:TrackPointExtension>
        </extensions>
      </trkpt>
      <trkpt lat="-21.714391708374023" lon="166.15768790245056">
        <ele>13.0</ele>
        <time>2026-08-09T11:52:54Z</time>
        <extensions>
          <gpxtpx:TrackPointExtension>
            <gpxtpx:hr>136</gpxtpx:hr>
          </gpxtpx:TrackPointExtension>
        </extensions>
      </trkpt>
      <trkpt lat="-21.714606285095215" lon="166.1572265625">
        <ele>13.0</ele>
        <time>2026-08-09T11:52:59Z</time>
        <extensions>
          <gpxtpx:TrackPointExtension>
            <gpxtpx:hr>136</gpxtpx:hr>
          </gpxtpx:TrackPointExtension>
        </extensions>
      </trkpt>
      <trkpt lat="-21.714584827423096" lon="166.15671157836914">
        <ele>13.0</ele>
        <time>2026-08-09T11:53:04Z</time>
        <extensions>
          <gpxtpx:TrackPointExtension>
            <gpxtpx:hr>136</gpxtpx:hr>
          </gpxtpx:TrackPointExtension>
        </extensions>
      </trkpt>
      <trkpt lat="-21.714422553777695" lon="166.15620732307434">
        <ele>13.199999809265137</ele>
        <time>2026-08-09T11:53:09Z</time>
        <extensions>
          <gpxtpx:TrackPointExtension>
            <gpxtpx:hr>137</gpxtpx:hr>
          </gpxtpx:TrackPointExtension>
        </extensions>
      </trkpt>
      <trkpt lat="-21.714197248220444" lon="166.15572452545166">
        <ele>12.0</ele>
        <time>2026-08-09T11:53:14Z</time>
        <extensions>
          <gpxtpx:TrackPointExtension>
            <gpxtpx:hr>138</gpxtpx:hr>
          </gpxtpx:TrackPointExtension>
        </extensions>
      </trkpt>
      <trkpt lat="-21.71402558684349" lon="166.1551558971405">
        <ele>10.399999618530273</ele>
        <time>2026-08-09T11:53:19Z</time>
        <extensions>
          <gpxtpx:TrackPointExtension>
            <gpxtpx:hr>139</gpxtpx:hr>
          </gpxtpx:TrackPointExtension>
        </extensions>
      </trkpt>
      <trkpt lat="-21.71422004699707" lon="166.15461945533752">
        <ele>11.0</ele>
        <time>2026-08-09T11:53:24Z</time>
        <extensions>
          <gpxtpx:TrackPointExtension>
            <gpxtpx:hr>139</gpxtpx:hr>
          </gpxtpx:TrackPointExtension>
        </extensions>
      </trkpt>
      <trkpt lat="-21.714643836021423" lon="166.15429759025574">
        <ele>11.600000381469727</ele>
        <time>2026-08-09T11:53:29Z</time>
        <extensions>
          <gpxtpx:TrackPointExtension>
            <gpxtpx:hr>138</gpxtpx:hr>
          </gpxtpx:TrackPointExtension>
        </extensions>
      </trkpt>
      <trkpt lat="-21.715098470449448" lon="166.15417957305908">
        <ele>12.600000381469727</ele>
        <time>2026-08-09T11:53:34Z</time>
        <extensions>
          <gpxtpx:TrackPointExtension>
            <gpxtpx:hr>134</gpxtpx:hr>
          </gpxtpx:TrackPointExtension>
        </extensions>
      </trkpt>
      <trkpt lat="-21.71552762389183" lon="166.15431904792786">
        <ele>13.0</ele>
        <time>2026-08-09T11:53:39Z</time>
        <extensions>
          <gpxtpx:TrackPointExtension>
            <gpxtpx:hr>135</gpxtpx:hr>
          </gpxtpx:TrackPointExtension>
        </extensions>
      </trkpt>
      <trkpt lat="-21.715940684080124" lon="166.15451216697693">
        <ele>13.0</ele>
        <time>2026-08-09T11:53:44Z</time>
        <extensions>
          <gpxtpx:TrackPointExtension>
            <gpxtpx:hr>135</gpxtpx:hr>
          </gpxtpx:TrackPointExtension>
        </extensions>
      </trkpt>
      <trkpt lat="-21.716392636299133" lon="166.15458726882935">
        <ele>13.0</ele>
        <time>2026-08-09T11:53:49Z</time>
        <extensions>
          <gpxtpx:TrackPointExtension>
            <gpxtpx:hr>135</gpxtpx:hr>
          </gpxtpx:TrackPointExtension>
        </extensions>
      </trkpt>
      <trkpt lat="-21.716848611831665" lon="166.1545443534851">
        <ele>13.0</ele>
        <time>2026-08-09T11:53:54Z</time>
        <extensions>
          <gpxtpx:TrackPointExtension>
            <gpxtpx:hr>135</gpxtpx:hr>
          </gpxtpx:TrackPointExtension>
        </extensions>
      </trkpt>
      <trkpt lat="-21.717268377542496" lon="166.15432977676392">
        <ele>13.0</ele>
        <time>2026-08-09T11:53:59Z</time>
        <extensions>
          <gpxtpx:TrackPointExtension>
            <gpxtpx:hr>137</gpxtpx:hr>
          </gpxtpx:TrackPointExtension>
        </extensions>
      </trkpt>
      <trkpt lat="-21.717626452445984" lon="166.15400791168213">
        <ele>13.0</ele>
        <time>2026-08-09T11:54:04Z</time>
        <extensions>
          <gpxtpx:TrackPointExtension>
            <gpxtpx:hr>136</gpxtpx:hr>
          </gpxtpx:TrackPointExtension>
        </extensions>
      </trkpt>
      <trkpt lat="-21.71781823039055" lon="166.15355730056763">
        <ele>13.800000190734863</ele>
        <time>2026-08-09T11:54:09Z</time>
        <extensions>
          <gpxtpx:TrackPointExtension>
            <gpxtpx:hr>136</gpxtpx:hr>
          </gpxtpx:TrackPointExtension>
        </extensions>
      </trkpt>
      <trkpt lat="-21.718082427978516" lon="166.15318179130554">
        <ele>14.199999809265137</ele>
        <time>2026-08-09T11:54:14Z</time>
        <extensions>
          <gpxtpx:TrackPointExtension>
            <gpxtpx:hr>136</gpxtpx:hr>
          </gpxtpx:TrackPointExtension>
        </extensions>
      </trkpt>
      <trkpt lat="-21.71844184398651" lon="166.15287065505981">
        <ele>13.199999809265137</ele>
        <time>2026-08-09T11:54:19Z</time>
        <extensions>
          <gpxtpx:TrackPointExtension>
            <gpxtpx:hr>138</gpxtpx:hr>
          </gpxtpx:TrackPointExtension>
        </extensions>
      </trkpt>
      <trkpt lat="-21.718710064888" lon="166.15244150161743">
        <ele>14.199999809265137</ele>
        <time>2026-08-09T11:54:24Z</time>
        <extensions>
          <gpxtpx:TrackPointExtension>
            <gpxtpx:hr>134</gpxtpx:hr>
          </gpxtpx:TrackPointExtension>
        </extensions>
      </trkpt>
      <trkpt lat="-21.7190520465374" lon="166.1521303653717">
        <ele>14.800000190734863</ele>
        <time>2026-08-09T11:54:29Z</time>
        <extensions>
          <gpxtpx:TrackPointExtension>
            <gpxtpx:hr>134</gpxtpx:hr>
          </gpxtpx:TrackPointExtension>
        </extensions>
      </trkpt>
      <trkpt lat="-21.719368547201157" lon="166.1517870426178">
        <ele>14.0</ele>
        <time>2026-08-09T11:54:34Z</time>
        <extensions>
          <gpxtpx:TrackPointExtension>
            <gpxtpx:hr>134</gpxtpx:hr>
          </gpxtpx:TrackPointExtension>
        </extensions>
      </trkpt>
      <trkpt lat="-21.71976551413536" lon="166.1514437198639">
        <ele>13.0</ele>
        <time>2026-08-09T11:54:39Z</time>
        <extensions>
          <gpxtpx:TrackPointExtension>
            <gpxtpx:hr>136</gpxtpx:hr>
          </gpxtpx:TrackPointExtension>
        </extensions>
      </trkpt>
      <trkpt lat="-21.720268428325653" lon="166.15136861801147">
        <ele>13.0</ele>
        <time>2026-08-09T11:54:44Z</time>
        <extensions>
          <gpxtpx:TrackPointExtension>
            <gpxtpx:hr>136</gpxtpx:hr>
          </gpxtpx:TrackPointExtension>
        </extensions>
      </trkpt>
      <trkpt lat="-21.720728427171707" lon="166.15158319473267">
        <ele>13.0</ele>
        <time>2026-08-09T11:54:49Z</time>
        <extensions>
          <gpxtpx:TrackPointExtension>
            <gpxtpx:hr>136</gpxtpx:hr>
          </gpxtpx:TrackPointExtension>
        </extensions>
      </trkpt>
      <trkpt lat="-21.721165627241135" lon="166.15175485610962">
        <ele>13.0</ele>
        <time>2026-08-09T11:54:54Z</time>
        <extensions>
          <gpxtpx:TrackPointExtension>
            <gpxtpx:hr>132</gpxtpx:hr>
          </gpxtpx:TrackPointExtension>
        </extensions>
      </trkpt>
      <trkpt lat="-21.72157734632492" lon="166.15180850028992">
        <ele>13.199999809265137</ele>
        <time>2026-08-09T11:54:59Z</time>
        <extensions>
          <gpxtpx:TrackPointExtension>
            <gpxtpx:hr>130</gpxtpx:hr>
          </gpxtpx:TrackPointExtension>
        </extensions>
      </trkpt>
      <trkpt lat="-21.721979677677155" lon="166.15187287330627">
        <ele>13.399999618530273</ele>
        <time>2026-08-09T11:55:04Z</time>
        <extensions>
          <gpxtpx:TrackPointExtension>
            <gpxtpx:hr>130</gpxtpx:hr>
          </gpxtpx:TrackPointExtension>
        </extensions>
      </trkpt>
      <trkpt lat="-21.722387373447418" lon="166.15179777145386">
        <ele>12.800000190734863</ele>
        <time>2026-08-09T11:55:09Z</time>
        <extensions>
          <gpxtpx:TrackPointExtension>
            <gpxtpx:hr>129</gpxtpx:hr>
          </gpxtpx:TrackPointExtension>
        </extensions>
      </trkpt>
      <trkpt lat="-21.722824573516846" lon="166.15187287330627">
        <ele>13.199999809265137</ele>
        <time>2026-08-09T11:55:14Z</time>
        <extensions>
          <gpxtpx:TrackPointExtension>
            <gpxtpx:hr>127</gpxtpx:hr>
          </gpxtpx:TrackPointExtension>
        </extensions>
      </trkpt>
      <trkpt lat="-21.723234951496124" lon="166.152001619339">
        <ele>13.800000190734863</ele>
        <time>2026-08-09T11:55:19Z</time>
        <extensions>
          <gpxtpx:TrackPointExtension>
            <gpxtpx:hr>126</gpxtpx:hr>
          </gpxtpx:TrackPointExtension>
        </extensions>
      </trkpt>
      <trkpt lat="-21.723638623952866" lon="166.15216255187988">
        <ele>13.600000381469727</ele>
        <time>2026-08-09T11:55:24Z</time>
        <extensions>
          <gpxtpx:TrackPointExtension>
            <gpxtpx:hr>126</gpxtpx:hr>
          </gpxtpx:TrackPointExtension>
        </extensions>
      </trkpt>
      <trkpt lat="-21.724063754081726" lon="166.15240931510925">
        <ele>12.199999809265137</ele>
        <time>2026-08-09T11:55:29Z</time>
        <extensions>
          <gpxtpx:TrackPointExtension>
            <gpxtpx:hr>124</gpxtpx:hr>
          </gpxtpx:TrackPointExtension>
        </extensions>
      </trkpt>
      <trkpt lat="-21.724553257226944" lon="166.1525809764862">
        <ele>12.199999809265137</ele>
        <time>2026-08-09T11:55:34Z</time>
        <extensions>
          <gpxtpx:TrackPointExtension>
            <gpxtpx:hr>123</gpxtpx:hr>
          </gpxtpx:TrackPointExtension>
        </extensions>
      </trkpt>
      <trkpt lat="-21.725023984909058" lon="166.1526882648468">
        <ele>13.199999809265137</ele>
        <time>2026-08-09T11:55:39Z</time>
        <extensions>
          <gpxtpx:TrackPointExtension>
            <gpxtpx:hr>126</gpxtpx:hr>
          </gpxtpx:TrackPointExtension>
        </extensions>
      </trkpt>
      <trkpt lat="-21.72542631626129" lon="166.1528491973877">
        <ele>14.399999618530273</ele>
        <time>2026-08-09T11:55:44Z</time>
        <extensions>
          <gpxtpx:TrackPointExtension>
            <gpxtpx:hr>129</gpxtpx:hr>
          </gpxtpx:TrackPointExtension>
        </extensions>
      </trkpt>
      <trkpt lat="-21.72580987215042" lon="166.15305304527283">
        <ele>14.800000190734863</ele>
        <time>2026-08-09T11:55:49Z</time>
        <extensions>
          <gpxtpx:TrackPointExtension>
            <gpxtpx:hr>132</gpxtpx:hr>
          </gpxtpx:TrackPointExtension>
        </extensions>
      </trkpt>
      <trkpt lat="-21.72617197036743" lon="166.15331053733826">
        <ele>14.399999618530273</ele>
        <time>2026-08-09T11:55:54Z</time>
        <extensions>
          <gpxtpx:TrackPointExtension>
            <gpxtpx:hr>133</gpxtpx:hr>
          </gpxtpx:TrackPointExtension>
        </extensions>
      </trkpt>
      <trkpt lat="-21.72655150294304" lon="166.1536431312561">
        <ele>13.800000190734863</ele>
        <time>2026-08-09T11:55:59Z</time>
        <extensions>
          <gpxtpx:TrackPointExtension>
            <gpxtpx:hr>132</gpxtpx:hr>
          </gpxtpx:TrackPointExtension>
        </extensions>
      </trkpt>
      <trkpt lat="-21.72681838274002" lon="166.15408301353455">
        <ele>13.399999618530273</ele>
        <time>2026-08-09T11:56:04Z</time>
        <extensions>
          <gpxtpx:TrackPointExtension>
            <gpxtpx:hr>132</gpxtpx:hr>
          </gpxtpx:TrackPointExtension>
        </extensions>
      </trkpt>
      <trkpt lat="-21.726791560649872" lon="166.15460872650146">
        <ele>13.199999809265137</ele>
        <time>2026-08-09T11:56:09Z</time>
        <extensions>
          <gpxtpx:TrackPointExtension>
            <gpxtpx:hr>132</gpxtpx:hr>
          </gpxtpx:TrackPointExtension>
        </extensions>
      </trkpt>
      <trkpt lat="-21.72661453485489" lon="166.15511298179626">
        <ele>13.199999809265137</ele>
        <time>2026-08-09T11:56:14Z</time>
        <extensions>
          <gpxtpx:TrackPointExtension>
            <gpxtpx:hr>132</gpxtpx:hr>
          </gpxtpx:TrackPointExtension>
        </extensions>
      </trkpt>
      <trkpt lat="-21.72638788819313" lon="166.15556359291077">
        <ele>13.199999809265137</ele>
        <time>2026-08-09T11:56:19Z</time>
        <extensions>
          <gpxtpx:TrackPointExtension>
            <gpxtpx:hr>132</gpxtpx:hr>
          </gpxtpx:TrackPointExtension>
        </extensions>
      </trkpt>
      <trkpt lat="-21.72590509057045" lon="166.15545630455017">
        <ele>12.600000381469727</ele>
        <time>2026-08-09T11:56:24Z</time>
        <extensions>
          <gpxtpx:TrackPointExtension>
            <gpxtpx:hr>134</gpxtpx:hr>
          </gpxtpx:TrackPointExtension>
        </extensions>
      </trkpt>
      <trkpt lat="-21.725656986236572" lon="166.15585327148438">
        <ele>12.399999618530273</ele>
        <time>2026-08-09T11:56:29Z</time>
        <extensions>
          <gpxtpx:TrackPointExtension>
            <gpxtpx:hr>132</gpxtpx:hr>
          </gpxtpx:TrackPointExtension>
        </extensions>
      </trkpt>
      <trkpt lat="-21.725540310144424" lon="166.15635752677917">
        <ele>12.199999809265137</ele>
        <time>2026-08-09T11:56:34Z</time>
        <extensions>
          <gpxtpx:TrackPointExtension>
            <gpxtpx:hr>130</gpxtpx:hr>
          </gpxtpx:TrackPointExtension>
        </extensions>
      </trkpt>
      <trkpt lat="-21.72526940703392" lon="166.15678668022156">
        <ele>11.399999618530273</ele>
        <time>2026-08-09T11:56:39Z</time>
        <extensions>
          <gpxtpx:TrackPointExtension>
            <gpxtpx:hr>129</gpxtpx:hr>
          </gpxtpx:TrackPointExtension>
        </extensions>
      </trkpt>
      <trkpt lat="-21.72498509287834" lon="166.15724802017212">
        <ele>10.800000190734863</ele>
        <time>2026-08-09T11:56:44Z</time>
        <extensions>
          <gpxtpx:TrackPointExtension>
            <gpxtpx:hr>131</gpxtpx:hr>
          </gpxtpx:TrackPointExtension>
        </extensions>
      </trkpt>
      <trkpt lat="-21.724947541952133" lon="166.15780591964722">
        <ele>10.399999618530273</ele>
        <time>2026-08-09T11:56:49Z</time>
        <extensions>
          <gpxtpx:TrackPointExtension>
            <gpxtpx:hr>133</gpxtpx:hr>
          </gpxtpx:TrackPointExtension>
        </extensions>
      </trkpt>
      <trkpt lat="-21.72535389661789" lon="166.15814924240112">
        <ele>10.600000381469727</ele>
        <time>2026-08-09T11:56:54Z</time>
        <extensions>
          <gpxtpx:TrackPointExtension>
            <gpxtpx:hr>132</gpxtpx:hr>
          </gpxtpx:TrackPointExtension>
        </extensions>
      </trkpt>
      <trkpt lat="-21.725840717554092" lon="166.1582350730896">
        <ele>12.0</ele>
        <time>2026-08-09T11:56:59Z</time>
        <extensions>
          <gpxtpx:TrackPointExtension>
            <gpxtpx:hr>130</gpxtpx:hr>
          </gpxtpx:TrackPointExtension>
        </extensions>
      </trkpt>
      <trkpt lat="-21.72628328204155" lon="166.15831017494202">
        <ele>13.199999809265137</ele>
        <time>2026-08-09T11:57:04Z</time>
        <extensions>
          <gpxtpx:TrackPointExtension>
            <gpxtpx:hr>130</gpxtpx:hr>
          </gpxtpx:TrackPointExtension>
        </extensions>
      </trkpt>
      <trkpt lat="-21.726690977811813" lon="166.15838527679443">
        <ele>14.199999809265137</ele>
        <time>2026-08-09T11:57:09Z</time>
        <extensions>
          <gpxtpx:TrackPointExtension>
            <gpxtpx:hr>131</gpxtpx:hr>
          </gpxtpx:TrackPointExtension>
        </extensions>
      </trkpt>
      <trkpt lat="-21.72706514596939" lon="166.15849256515503">
        <ele>15.199999809265137</ele>
        <time>2026-08-09T11:57:14Z</time>
        <extensions>
          <gpxtpx:TrackPointExtension>
            <gpxtpx:hr>131</gpxtpx:hr>
          </gpxtpx:TrackPointExtension>
        </extensions>
      </trkpt>
      <trkpt lat="-21.727247536182404" lon="166.15887880325317">
        <ele>15.199999809265137</ele>
        <time>2026-08-09T11:57:19Z</time>
        <extensions>
          <gpxtpx:TrackPointExtension>
            <gpxtpx:hr>132</gpxtpx:hr>
          </gpxtpx:TrackPointExtension>
        </extensions>
      </trkpt>
      <trkpt lat="-21.7271389067173" lon="166.15930795669556">
        <ele>15.0</ele>
        <time>2026-08-09T11:57:24Z</time>
        <extensions>
          <gpxtpx:TrackPointExtension>
            <gpxtpx:hr>134</gpxtpx:hr>
          </gpxtpx:TrackPointExtension>
        </extensions>
      </trkpt>
      <trkpt lat="-21.726741939783096" lon="166.159565448761">
        <ele>15.0</ele>
        <time>2026-08-09T11:57:29Z</time>
        <extensions>
          <gpxtpx:TrackPointExtension>
            <gpxtpx:hr>134</gpxtpx:hr>
          </gpxtpx:TrackPointExtension>
        </extensions>
      </trkpt>
      <trkpt lat="-21.726338267326355" lon="166.15982294082642">
        <ele>15.0</ele>
        <time>2026-08-09T11:57:34Z</time>
        <extensions>
          <gpxtpx:TrackPointExtension>
            <gpxtpx:hr>135</gpxtpx:hr>
          </gpxtpx:TrackPointExtension>
        </extensions>
      </trkpt>
      <trkpt lat="-21.725939959287643" lon="166.16008043289185">
        <ele>15.0</ele>
        <time>2026-08-09T11:57:39Z</time>
        <extensions>
          <gpxtpx:TrackPointExtension>
            <gpxtpx:hr>135</gpxtpx:hr>
          </gpxtpx:TrackPointExtension>
        </extensions>
      </trkpt>
      <trkpt lat="-21.725538969039917" lon="166.1603593826294">
        <ele>15.0</ele>
        <time>2026-08-09T11:57:44Z</time>
        <extensions>
          <gpxtpx:TrackPointExtension>
            <gpxtpx:hr>134</gpxtpx:hr>
          </gpxtpx:TrackPointExtension>
        </extensions>
      </trkpt>
      <trkpt lat="-21.725136637687683" lon="166.16061687469482">
        <ele>15.0</ele>
        <time>2026-08-09T11:57:49Z</time>
        <extensions>
          <gpxtpx:TrackPointExtension>
            <gpxtpx:hr>132</gpxtpx:hr>
          </gpxtpx:TrackPointExtension>
        </extensions>
      </trkpt>
      <trkpt lat="-21.724899262189865" lon="166.16103529930115">
        <ele>15.0</ele>
        <time>2026-08-09T11:57:54Z</time>
        <extensions>
          <gpxtpx:TrackPointExtension>
            <gpxtpx:hr>134</gpxtpx:hr>
          </gpxtpx:TrackPointExtension>
        </extensions>
      </trkpt>
      <trkpt lat="-21.725052148103714" lon="166.16150736808777">
        <ele>15.0</ele>
        <time>2026-08-09T11:57:59Z</time>
        <extensions>
          <gpxtpx:TrackPointExtension>
            <gpxtpx:hr>135</gpxtpx:hr>
          </gpxtpx:TrackPointExtension>
        </extensions>
      </trkpt>
      <trkpt lat="-21.725278794765472" lon="166.1619472503662">
        <ele>15.0</ele>
        <time>2026-08-09T11:58:04Z</time>
        <extensions>
          <gpxtpx:TrackPointExtension>
            <gpxtpx:hr>135</gpxtpx:hr>
          </gpxtpx:TrackPointExtension>
        </extensions>
      </trkpt>
      <trkpt lat="-21.725391447544098" lon="166.162451505661">
        <ele>14.0</ele>
        <time>2026-08-09T11:58:09Z</time>
        <extensions>
          <gpxtpx:TrackPointExtension>
            <gpxtpx:hr>134</gpxtpx:hr>
          </gpxtpx:TrackPointExtension>
        </extensions>
      </trkpt>
      <trkpt lat="-21.72545313835144" lon="166.16303086280823">
        <ele>12.0</ele>
        <time>2026-08-09T11:58:14Z</time>
        <extensions>
          <gpxtpx:TrackPointExtension>
            <gpxtpx:hr>134</gpxtpx:hr>
          </gpxtpx:TrackPointExtension>
        </extensions>
      </trkpt>
      <trkpt lat="-21.72594264149666" lon="166.16321325302124">
        <ele>12.399999618530273</ele>
        <time>2026-08-09T11:58:19Z</time>
        <extensions>
          <gpxtpx:TrackPointExtension>
            <gpxtpx:hr>133</gpxtpx:hr>
          </gpxtpx:TrackPointExtension>
        </extensions>
      </trkpt>
      <trkpt lat="-21.726326197385788" lon="166.16348147392273">
        <ele>12.600000381469727</ele>
        <time>2026-08-09T11:58:24Z</time>
        <extensions>
          <gpxtpx:TrackPointExtension>
            <gpxtpx:hr>133</gpxtpx:hr>
          </gpxtpx:TrackPointExtension>
        </extensions>
      </trkpt>
      <trkpt lat="-21.72633022069931" lon="166.16403937339783">
        <ele>11.800000190734863</ele>
        <time>2026-08-09T11:58:29Z</time>
        <extensions>
          <gpxtpx:TrackPointExtension>
            <gpxtpx:hr>134</gpxtpx:hr>
          </gpxtpx:TrackPointExtension>
        </extensions>
      </trkpt>
      <trkpt lat="-21.726641356945038" lon="166.1644148826599">
        <ele>12.600000381469727</ele>
        <time>2026-08-09T11:58:34Z</time>
        <extensions>
          <gpxtpx:TrackPointExtension>
            <gpxtpx:hr>134</gpxtpx:hr>
          </gpxtpx:TrackPointExtension>
        </extensions>
      </trkpt>
      <trkpt lat="-21.727083921432495" lon="166.16447925567627">
        <ele>14.399999618530273</ele>
        <time>2026-08-09T11:58:39Z</time>
        <extensions>
          <gpxtpx:TrackPointExtension>
            <gpxtpx:hr>136</gpxtpx:hr>
          </gpxtpx:TrackPointExtension>
        </extensions>
      </trkpt>
      <trkpt lat="-21.72736957669258" lon="166.16476893424988">
        <ele>15.600000381469727</ele>
        <time>2026-08-09T11:58:44Z</time>
        <extensions>
          <gpxtpx:TrackPointExtension>
            <gpxtpx:hr>137</gpxtpx:hr>
          </gpxtpx:TrackPointExtension>
        </extensions>
      </trkpt>
      <trkpt lat="-21.727531850337982" lon="166.16515517234802">
        <ele>16.399999618530273</ele>
        <time>2026-08-09T11:58:49Z</time>
        <extensions>
          <gpxtpx:TrackPointExtension>
            <gpxtpx:hr>137</gpxtpx:hr>
          </gpxtpx:TrackPointExtension>
        </extensions>
      </trkpt>
      <trkpt lat="-21.727581471204758" lon="166.16554141044617">
        <ele>17.399999618530273</ele>
        <time>2026-08-09T11:58:54Z</time>
        <extensions>
          <gpxtpx:TrackPointExtension>
            <gpxtpx:hr>137</gpxtpx:hr>
          </gpxtpx:TrackPointExtension>
        </extensions>
      </trkpt>
      <trkpt lat="-21.727566719055176" lon="166.16589546203613">
        <ele>18.399999618530273</ele>
        <time>2026-08-09T11:58:59Z</time>
        <extensions>
          <gpxtpx:TrackPointExtension>
            <gpxtpx:hr>136</gpxtpx:hr>
          </gpxtpx:TrackPointExtension>
        </extensions>
      </trkpt>
      <trkpt lat="-21.72755464911461" lon="166.16613149642944">
        <ele>19.0</ele>
        <time>2026-08-09T11:59:04Z</time>
        <extensions>
          <gpxtpx:TrackPointExtension>
            <gpxtpx:hr>129</gpxtpx:hr>
          </gpxtpx:TrackPointExtension>
        </extensions>
      </trkpt>
      <trkpt lat="-21.72756403684616" lon="166.16617441177368">
        <ele>19.200000762939453</ele>
        <time>2026-08-09T11:59:31Z</time>
        <extensions>
          <gpxtpx:TrackPointExtension>
            <gpxtpx:hr>105</gpxtpx:hr>
          </gpxtpx:TrackPointExtension>
        </extensions>
      </trkpt>
      <trkpt lat="-21.727568060159683" lon="166.16621732711792">
        <ele>19.200000762939453</ele>
        <time>2026-08-09T11:59:36Z</time>
        <extensions>
          <gpxtpx:TrackPointExtension>
            <gpxtpx:hr>109</gpxtpx:hr>
          </gpxtpx:TrackPointExtension>
        </extensions>
      </trkpt>
      <trkpt lat="-21.72758013010025" lon="166.16638898849487">
        <ele>19.600000381469727</ele>
        <time>2026-08-09T11:59:41Z</time>
        <extensions>
          <gpxtpx:TrackPointExtension>
            <gpxtpx:hr>113</gpxtpx:hr>
          </gpxtpx:TrackPointExtension>
        </extensions>
      </trkpt>
      <trkpt lat="-21.72766864299774" lon="166.16661429405212">
        <ele>19.799999237060547</ele>
        <time>2026-08-09T11:59:46Z</time>
        <extensions>
          <gpxtpx:TrackPointExtension>
            <gpxtpx:hr>115</gpxtpx:hr>
          </gpxtpx:TrackPointExtension>
        </extensions>
      </trkpt>
      <trkpt lat="-21.727840304374695" lon="166.16687178611755">
        <ele>19.799999237060547</ele>
        <time>2026-08-09T11:59:51Z</time>
        <extensions>
          <gpxtpx:TrackPointExtension>
            <gpxtpx:hr>115</gpxtpx:hr>
          </gpxtpx:TrackPointExtension>
        </extensions>
      </trkpt>
      <trkpt lat="-21.727924793958664" lon="166.16722583770752">
        <ele>19.600000381469727</ele>
        <time>2026-08-09T11:59:56Z</time>
        <extensions>
          <gpxtpx:TrackPointExtension>
            <gpxtpx:hr>116</gpxtpx:hr>
          </gpxtpx:TrackPointExtension>
        </extensions>
      </trkpt>
      <trkpt lat="-21.727762520313263" lon="166.1676013469696">
        <ele>19.600000381469727</ele>
        <time>2026-08-09T12:00:01Z</time>
        <extensions>
          <gpxtpx:TrackPointExtension>
            <gpxtpx:hr>120</gpxtpx:hr>
          </gpxtpx:TrackPointExtension>
        </extensions>
      </trkpt>
      <trkpt lat="-21.727494299411774" lon="166.1679446697235">
        <ele>19.799999237060547</ele>
        <time>2026-08-09T12:00:06Z</time>
        <extensions>
          <gpxtpx:TrackPointExtension>
            <gpxtpx:hr>123</gpxtpx:hr>
          </gpxtpx:TrackPointExtension>
        </extensions>
      </trkpt>
      <trkpt lat="-21.727177798748016" lon="166.16827726364136">
        <ele>19.799999237060547</ele>
        <time>2026-08-09T12:00:11Z</time>
        <extensions>
          <gpxtpx:TrackPointExtension>
            <gpxtpx:hr>124</gpxtpx:hr>
          </gpxtpx:TrackPointExtension>
        </extensions>
      </trkpt>
      <trkpt lat="-21.726847887039185" lon="166.16859912872314">
        <ele>19.799999237060547</ele>
        <time>2026-08-09T12:00:16Z</time>
        <extensions>
          <gpxtpx:TrackPointExtension>
            <gpxtpx:hr>125</gpxtpx:hr>
          </gpxtpx:TrackPointExtension>
        </extensions>
      </trkpt>
      <trkpt lat="-21.72651931643486" lon="166.1689531803131">
        <ele>19.799999237060547</ele>
        <time>2026-08-09T12:00:21Z</time>
        <extensions>
          <gpxtpx:TrackPointExtension>
            <gpxtpx:hr>128</gpxtpx:hr>
          </gpxtpx:TrackPointExtension>
        </extensions>
      </trkpt>
      <trkpt lat="-21.726181358098984" lon="166.16929650306702">
        <ele>19.799999237060547</ele>
        <time>2026-08-09T12:00:26Z</time>
        <extensions>
          <gpxtpx:TrackPointExtension>
            <gpxtpx:hr>131</gpxtpx:hr>
          </gpxtpx:TrackPointExtension>
        </extensions>
      </trkpt>
      <trkpt lat="-21.725840717554092" lon="166.16963982582092">
        <ele>19.799999237060547</ele>
        <time>2026-08-09T12:00:31Z</time>
        <extensions>
          <gpxtpx:TrackPointExtension>
            <gpxtpx:hr>132</gpxtpx:hr>
          </gpxtpx:TrackPointExtension>
        </extensions>
      </trkpt>
      <trkpt lat="-21.7255000770092" lon="166.17000460624695">
        <ele>19.799999237060547</ele>
        <time>2026-08-09T12:00:36Z</time>
        <extensions>
          <gpxtpx:TrackPointExtension>
            <gpxtpx:hr>133</gpxtpx:hr>
          </gpxtpx:TrackPointExtension>
        </extensions>
      </trkpt>
      <trkpt lat="-21.725142002105713" lon="166.17036938667297">
        <ele>19.799999237060547</ele>
        <time>2026-08-09T12:00:41Z</time>
        <extensions>
          <gpxtpx:TrackPointExtension>
            <gpxtpx:hr>134</gpxtpx:hr>
          </gpxtpx:TrackPointExtension>
        </extensions>
      </trkpt>
      <trkpt lat="-21.724777221679688" lon="166.17074489593506">
        <ele>19.600000381469727</ele>
        <time>2026-08-09T12:00:46Z</time>
        <extensions>
          <gpxtpx:TrackPointExtension>
            <gpxtpx:hr>134</gpxtpx:hr>
          </gpxtpx:TrackPointExtension>
        </extensions>
      </trkpt>
      <trkpt lat="-21.724417805671692" lon="166.17112040519714">
        <ele>19.600000381469727</ele>
        <time>2026-08-09T12:00:51Z</time>
        <extensions>
          <gpxtpx:TrackPointExtension>
            <gpxtpx:hr>134</gpxtpx:hr>
          </gpxtpx:TrackPointExtension>
        </extensions>
      </trkpt>
      <trkpt lat="-21.72406241297722" lon="166.17148518562317">
        <ele>19.600000381469727</ele>
        <time>2026-08-09T12:00:56Z</time>
        <extensions>
          <gpxtpx:TrackPointExtension>
            <gpxtpx:hr>134</gpxtpx:hr>
          </gpxtpx:TrackPointExtension>
        </extensions>
      </trkpt>
      <trkpt lat="-21.723768711090088" lon="166.17189288139343">
        <ele>19.600000381469727</ele>
        <time>2026-08-09T12:01:01Z</time>
        <extensions>
          <gpxtpx:TrackPointExtension>
            <gpxtpx:hr>137</gpxtpx:hr>
          </gpxtpx:TrackPointExtension>
        </extensions>
      </trkpt>
      <trkpt lat="-21.723595708608627" lon="166.17238640785217">
        <ele>19.600000381469727</ele>
        <time>2026-08-09T12:01:06Z</time>
        <extensions>
          <gpxtpx:TrackPointExtension>
            <gpxtpx:hr>137</gpxtpx:hr>
          </gpxtpx:TrackPointExtension>
        </extensions>
      </trkpt>
      <trkpt lat="-21.723381131887436" lon="166.17283701896667">
        <ele>19.600000381469727</ele>
        <time>2026-08-09T12:01:11Z</time>
        <extensions>
          <gpxtpx:TrackPointExtension>
            <gpxtpx:hr>134</gpxtpx:hr>
          </gpxtpx:TrackPointExtension>
        </extensions>
      </trkpt>
      <trkpt lat="-21.723082065582275" lon="166.173255443573">
        <ele>19.600000381469727</ele>
        <time>2026-08-09T12:01:16Z</time>
        <extensions>
          <gpxtpx:TrackPointExtension>
            <gpxtpx:hr>134</gpxtpx:hr>
          </gpxtpx:TrackPointExtension>
        </extensions>
      </trkpt>
      <trkpt lat="-21.722756177186966" lon="166.17363095283508">
        <ele>19.600000381469727</ele>
        <time>2026-08-09T12:01:21Z</time>
        <extensions>
          <gpxtpx:TrackPointExtension>
            <gpxtpx:hr>135</gpxtpx:hr>
          </gpxtpx:TrackPointExtension>
        </extensions>
      </trkpt>
      <trkpt lat="-21.722403466701508" lon="166.17398500442505">
        <ele>19.600000381469727</ele>
        <time>2026-08-09T12:01:26Z</time>
        <extensions>
          <gpxtpx:TrackPointExtension>
            <gpxtpx:hr>135</gpxtpx:hr>
          </gpxtpx:TrackPointExtension>
        </extensions>
      </trkpt>
      <trkpt lat="-21.72200247645378" lon="166.17428541183472">
        <ele>18.799999237060547</ele>
        <time>2026-08-09T12:01:31Z</time>
        <extensions>
          <gpxtpx:TrackPointExtension>
            <gpxtpx:hr>133</gpxtpx:hr>
          </gpxtpx:TrackPointExtension>
        </extensions>
      </trkpt>
      <trkpt lat="-21.72150894999504" lon="166.17433905601501">
        <ele>18.200000762939453</ele>
        <time>2026-08-09T12:01:36Z</time>
        <extensions>
          <gpxtpx:TrackPointExtension>
            <gpxtpx:hr>132</gpxtpx:hr>
          </gpxtpx:TrackPointExtension>
        </extensions>
      </trkpt>
      <trkpt lat="-21.72105699777603" lon="166.17416739463806">
        <ele>20.0</ele>
        <time>2026-08-09T12:01:41Z</time>
        <extensions>
          <gpxtpx:TrackPointExtension>
            <gpxtpx:hr>132</gpxtpx:hr>
          </gpxtpx:TrackPointExtension>
        </extensions>
      </trkpt>
      <trkpt lat="-21.720661371946335" lon="166.17406010627747">
        <ele>21.600000381469727</ele>
        <time>2026-08-09T12:01:46Z</time>
        <extensions>
          <gpxtpx:TrackPointExtension>
            <gpxtpx:hr>132</gpxtpx:hr>
          </gpxtpx:TrackPointExtension>
        </extensions>
      </trkpt>
      <trkpt lat="-21.72026440501213" lon="166.173974275589">
        <ele>21.0</ele>
        <time>2026-08-09T12:01:51Z</time>
        <extensions>
          <gpxtpx:TrackPointExtension>
            <gpxtpx:hr>133</gpxtpx:hr>
          </gpxtpx:TrackPointExtension>
        </extensions>
      </trkpt>
      <trkpt lat="-21.719780266284943" lon="166.173974275589">
        <ele>19.0</ele>
        <time>2026-08-09T12:01:56Z</time>
        <extensions>
          <gpxtpx:TrackPointExtension>
            <gpxtpx:hr>133</gpxtpx:hr>
          </gpxtpx:TrackPointExtension>
        </extensions>
      </trkpt>
      <trkpt lat="-21.719290763139725" lon="166.17417812347412">
        <ele>18.399999618530273</ele>
        <time>2026-08-09T12:02:01Z</time>
        <extensions>
          <gpxtpx:TrackPointExtension>
            <gpxtpx:hr>135</gpxtpx:hr>
          </gpxtpx:TrackPointExtension>
        </extensions>
      </trkpt>
      <trkpt lat="-21.71882674098015" lon="166.1744463443756">
        <ele>18.200000762939453</ele>
        <time>2026-08-09T12:02:06Z</time>
        <extensions>
          <gpxtpx:TrackPointExtension>
            <gpxtpx:hr>137</gpxtpx:hr>
          </gpxtpx:TrackPointExtension>
        </extensions>
      </trkpt>
      <trkpt lat="-21.718361377716064" lon="166.17427468299866">
        <ele>18.200000762939453</ele>
        <time>2026-08-09T12:02:11Z</time>
        <extensions>
          <gpxtpx:TrackPointExtension>
            <gpxtpx:hr>137</gpxtpx:hr>
          </gpxtpx:TrackPointExtension>
        </extensions>
      </trkpt>
      <trkpt lat="-21.718073040246964" lon="166.17384552955627">
        <ele>18.799999237060547</ele>
        <time>2026-08-09T12:02:16Z</time>
        <extensions>
          <gpxtpx:TrackPointExtension>
            <gpxtpx:hr>140</gpxtpx:hr>
          </gpxtpx:TrackPointExtension>
        </extensions>
      </trkpt>
      <trkpt lat="-21.717810183763504" lon="166.173437833786">
        <ele>19.399999618530273</ele>
        <time>2026-08-09T12:02:21Z</time>
        <extensions>
          <gpxtpx:TrackPointExtension>
            <gpxtpx:hr>140</gpxtpx:hr>
          </gpxtpx:TrackPointExtension>
        </extensions>
      </trkpt>
      <trkpt lat="-21.717516481876373" lon="166.17305159568787">
        <ele>19.799999237060547</ele>
        <time>2026-08-09T12:02:26Z</time>
        <extensions>
          <gpxtpx:TrackPointExtension>
            <gpxtpx:hr>133</gpxtpx:hr>
          </gpxtpx:TrackPointExtension>
        </extensions>
      </trkpt>
      <trkpt lat="-21.71714097261429" lon="166.1728048324585">
        <ele>20.0</ele>
        <time>2026-08-09T12:02:31Z</time>
        <extensions>
          <gpxtpx:TrackPointExtension>
            <gpxtpx:hr>125</gpxtpx:hr>
          </gpxtpx:TrackPointExtension>
        </extensions>
      </trkpt>
      <trkpt lat="-21.716749370098114" lon="166.17256879806519">
        <ele>19.799999237060547</ele>
        <time>2026-08-09T12:02:36Z</time>
        <extensions>
          <gpxtpx:TrackPointExtension>
            <gpxtpx:hr>131</gpxtpx:hr>
          </gpxtpx:TrackPointExtension>
        </extensions>
      </trkpt>
      <trkpt lat="-21.71647846698761" lon="166.17215037345886">
        <ele>19.0</ele>
        <time>2026-08-09T12:02:41Z</time>
        <extensions>
          <gpxtpx:TrackPointExtension>
            <gpxtpx:hr>136</gpxtpx:hr>
          </gpxtpx:TrackPointExtension>
        </extensions>
      </trkpt>
      <trkpt lat="-21.716270595788956" lon="166.17164611816406">
        <ele>17.799999237060547</ele>
        <time>2026-08-09T12:02:46Z</time>
        <extensions>
          <gpxtpx:TrackPointExtension>
            <gpxtpx:hr>135</gpxtpx:hr>
          </gpxtpx:TrackPointExtension>
        </extensions>
      </trkpt>
      <trkpt lat="-21.71588569879532" lon="166.17127060890198">
        <ele>17.399999618530273</ele>
        <time>2026-08-09T12:02:51Z</time>
        <extensions>
          <gpxtpx:TrackPointExtension>
            <gpxtpx:hr>137</gpxtpx:hr>
          </gpxtpx:TrackPointExtension>
        </extensions>
      </trkpt>
      <trkpt lat="-21.715515553951263" lon="166.17090582847595">
        <ele>17.600000381469727</ele>
        <time>2026-08-09T12:02:56Z</time>
        <extensions>
          <gpxtpx:TrackPointExtension>
            <gpxtpx:hr>133</gpxtpx:hr>
          </gpxtpx:TrackPointExtension>
        </extensions>
      </trkpt>
      <trkpt lat="-21.715542376041412" lon="166.17040157318115">
        <ele>18.200000762939453</ele>
        <time>2026-08-09T12:03:01Z</time>
        <extensions>
          <gpxtpx:TrackPointExtension>
            <gpxtpx:hr>133</gpxtpx:hr>
          </gpxtpx:TrackPointExtension>
        </extensions>
      </trkpt>
      <trkpt lat="-21.71582132577896" lon="166.17003679275513">
        <ele>19.399999618530273</ele>
        <time>2026-08-09T12:03:06Z</time>
        <extensions>
          <gpxtpx:TrackPointExtension>
            <gpxtpx:hr>135</gpxtpx:hr>
          </gpxtpx:TrackPointExtension>
        </extensions>
      </trkpt>
      <trkpt lat="-21.716224998235703" lon="166.16998314857483">
        <ele>20.799999237060547</ele>
        <time>2026-08-09T12:03:11Z</time>
        <extensions>
          <gpxtpx:TrackPointExtension>
            <gpxtpx:hr>137</gpxtpx:hr>
          </gpxtpx:TrackPointExtension>
        </extensions>
      </trkpt>
      <trkpt lat="-21.716576367616653" lon="166.16985440254211">
        <ele>21.600000381469727</ele>
        <time>2026-08-09T12:03:16Z</time>
        <extensions>
          <gpxtpx:TrackPointExtension>
            <gpxtpx:hr>137</gpxtpx:hr>
          </gpxtpx:TrackPointExtension>
        </extensions>
      </trkpt>
      <trkpt lat="-21.71655759215355" lon="166.16946816444397">
        <ele>22.399999618530273</ele>
        <time>2026-08-09T12:03:21Z</time>
        <extensions>
          <gpxtpx:TrackPointExtension>
            <gpxtpx:hr>137</gpxtpx:hr>
          </gpxtpx:TrackPointExtension>
        </extensions>
      </trkpt>
      <trkpt lat="-21.716385930776596" lon="166.169114112854">
        <ele>23.200000762939453</ele>
        <time>2026-08-09T12:03:26Z</time>
        <extensions>
          <gpxtpx:TrackPointExtension>
            <gpxtpx:hr>140</gpxtpx:hr>
          </gpxtpx:TrackPointExtension>
        </extensions>
      </trkpt>
      <trkpt lat="-21.716414093971252" lon="166.16867423057556">
        <ele>21.600000381469727</ele>
        <time>2026-08-09T12:03:31Z</time>
        <extensions>
          <gpxtpx:TrackPointExtension>
            <gpxtpx:hr>138</gpxtpx:hr>
          </gpxtpx:TrackPointExtension>
        </extensions>
      </trkpt>
      <trkpt lat="-21.715966165065765" lon="166.16873860359192">
        <ele>20.799999237060547</ele>
        <time>2026-08-09T12:03:36Z</time>
        <extensions>
          <gpxtpx:TrackPointExtension>
            <gpxtpx:hr>135</gpxtpx:hr>
          </gpxtpx:TrackPointExtension>
        </extensions>
      </trkpt>
      <trkpt lat="-21.715586632490158" lon="166.1690390110016">
        <ele>22.399999618530273</ele>
        <time>2026-08-09T12:03:41Z</time>
        <extensions>
          <gpxtpx:TrackPointExtension>
            <gpxtpx:hr>134</gpxtpx:hr>
          </gpxtpx:TrackPointExtension>
        </extensions>
      </trkpt>
      <trkpt lat="-21.71524867415428" lon="166.16929650306702">
        <ele>23.799999237060547</ele>
        <time>2026-08-09T12:03:46Z</time>
        <extensions>
          <gpxtpx:TrackPointExtension>
            <gpxtpx:hr>134</gpxtpx:hr>
          </gpxtpx:TrackPointExtension>
        </extensions>
      </trkpt>
      <trkpt lat="-21.7149455845356" lon="166.16953253746033">
        <ele>25.0</ele>
        <time>2026-08-09T12:03:51Z</time>
        <extensions>
          <gpxtpx:TrackPointExtension>
            <gpxtpx:hr>133</gpxtpx:hr>
          </gpxtpx:TrackPointExtension>
        </extensions>
      </trkpt>
      <trkpt lat="-21.714643836021423" lon="166.16975784301758">
        <ele>25.200000762939453</ele>
        <time>2026-08-09T12:03:56Z</time>
        <extensions>
          <gpxtpx:TrackPointExtension>
            <gpxtpx:hr>133</gpxtpx:hr>
          </gpxtpx:TrackPointExtension>
        </extensions>
      </trkpt>
      <trkpt lat="-21.71431928873062" lon="166.170015335083">
        <ele>25.200000762939453</ele>
        <time>2026-08-09T12:04:01Z</time>
        <extensions>
          <gpxtpx:TrackPointExtension>
            <gpxtpx:hr>136</gpxtpx:hr>
          </gpxtpx:TrackPointExtension>
        </extensions>
      </trkpt>
      <trkpt lat="-21.713974624872208" lon="166.17027282714844">
        <ele>24.799999237060547</ele>
        <time>2026-08-09T12:04:06Z</time>
        <extensions>
          <gpxtpx:TrackPointExtension>
            <gpxtpx:hr>135</gpxtpx:hr>
          </gpxtpx:TrackPointExtension>
        </extensions>
      </trkpt>
      <trkpt lat="-21.71358034014702" lon="166.17056250572205">
        <ele>23.200000762939453</ele>
        <time>2026-08-09T12:04:11Z</time>
        <extensions>
          <gpxtpx:TrackPointExtension>
            <gpxtpx:hr>137</gpxtpx:hr>
          </gpxtpx:TrackPointExtension>
        </extensions>
      </trkpt>
      <trkpt lat="-21.713152527809143" lon="166.17088437080383">
        <ele>21.600000381469727</ele>
        <time>2026-08-09T12:04:16Z</time>
        <extensions>
          <gpxtpx:TrackPointExtension>
            <gpxtpx:hr>134</gpxtpx:hr>
          </gpxtpx:TrackPointExtension>
        </extensions>
      </trkpt>
      <trkpt lat="-21.71270862221718" lon="166.17122769355774">
        <ele>19.799999237060547</ele>
        <time>2026-08-09T12:04:21Z</time>
        <extensions>
          <gpxtpx:TrackPointExtension>
            <gpxtpx:hr>134</gpxtpx:hr>
          </gpxtpx:TrackPointExtension>
        </extensions>
      </trkpt>
      <trkpt lat="-21.71259731054306" lon="166.17172122001648">
        <ele>18.399999618530273</ele>
        <time>2026-08-09T12:04:26Z</time>
        <extensions>
          <gpxtpx:TrackPointExtension>
            <gpxtpx:hr>130</gpxtpx:hr>
          </gpxtpx:TrackPointExtension>
        </extensions>
      </trkpt>
      <trkpt lat="-21.713089495897293" lon="166.17180705070496">
        <ele>18.399999618530273</ele>
        <time>2026-08-09T12:04:31Z</time>
        <extensions>
          <gpxtpx:TrackPointExtension>
            <gpxtpx:hr>129</gpxtpx:hr>
          </gpxtpx:TrackPointExtension>
        </extensions>
      </trkpt>
      <trkpt lat="-21.71342745423317" lon="166.17143154144287">
        <ele>20.0</ele>
        <time>2026-08-09T12:04:36Z</time>
        <extensions>
          <gpxtpx:TrackPointExtension>
            <gpxtpx:hr>129</gpxtpx:hr>
          </gpxtpx:TrackPointExtension>
        </extensions>
      </trkpt>
      <trkpt lat="-21.713853925466537" lon="166.17131352424622">
        <ele>19.399999618530273</ele>
        <time>2026-08-09T12:04:41Z</time>
        <extensions>
          <gpxtpx:TrackPointExtension>
            <gpxtpx:hr>133</gpxtpx:hr>
          </gpxtpx:TrackPointExtension>
        </extensions>
      </trkpt>
      <trkpt lat="-21.71425089240074" lon="166.17101311683655">
        <ele>17.399999618530273</ele>
        <time>2026-08-09T12:04:46Z</time>
        <extensions>
          <gpxtpx:TrackPointExtension>
            <gpxtpx:hr>133</gpxtpx:hr>
          </gpxtpx:TrackPointExtension>
        </extensions>
      </trkpt>
      <trkpt lat="-21.714680045843124" lon="166.17069125175476">
        <ele>15.800000190734863</ele>
        <time>2026-08-09T12:04:51Z</time>
        <extensions>
          <gpxtpx:TrackPointExtension>
            <gpxtpx:hr>133</gpxtpx:hr>
          </gpxtpx:TrackPointExtension>
        </extensions>
      </trkpt>
      <trkpt lat="-21.71495094895363" lon="166.17025136947632">
        <ele>14.800000190734863</ele>
        <time>2026-08-09T12:04:56Z</time>
        <extensions>
          <gpxtpx:TrackPointExtension>
            <gpxtpx:hr>136</gpxtpx:hr>
          </gpxtpx:TrackPointExtension>
        </extensions>
      </trkpt>
      <trkpt lat="-21.714543253183365" lon="166.16986513137817">
        <ele>14.800000190734863</ele>
        <time>2026-08-09T12:05:01Z</time>
        <extensions>
          <gpxtpx:TrackPointExtension>
            <gpxtpx:hr>137</gpxtpx:hr>
          </gpxtpx:TrackPointExtension>
        </extensions>
      </trkpt>
      <trkpt lat="-21.714132875204086" lon="166.1695110797882">
        <ele>14.800000190734863</ele>
        <time>2026-08-09T12:05:06Z</time>
        <extensions>
          <gpxtpx:TrackPointExtension>
            <gpxtpx:hr>137</gpxtpx:hr>
          </gpxtpx:TrackPointExtension>
        </extensions>
      </trkpt>
      <trkpt lat="-21.713802963495255" lon="166.169114112854">
        <ele>14.600000381469727</ele>
        <time>2026-08-09T12:05:11Z</time>
        <extensions>
          <gpxtpx:TrackPointExtension>
            <gpxtpx:hr>137</gpxtpx:hr>
          </gpxtpx:TrackPointExtension>
        </extensions>
      </trkpt>
      <trkpt lat="-21.713997423648834" lon="166.1686098575592">
        <ele>14.600000381469727</ele>
        <time>2026-08-09T12:05:16Z</time>
        <extensions>
          <gpxtpx:TrackPointExtension>
            <gpxtpx:hr>137</gpxtpx:hr>
          </gpxtpx:TrackPointExtension>
        </extensions>
      </trkpt>
      <trkpt lat="-21.714303195476532" lon="166.16819143295288">
        <ele>14.600000381469727</ele>
        <time>2026-08-09T12:05:21Z</time>
        <extensions>
          <gpxtpx:TrackPointExtension>
            <gpxtpx:hr>138</gpxtpx:hr>
          </gpxtpx:TrackPointExtension>
        </extensions>
      </trkpt>
      <trkpt lat="-21.714525818824768" lon="166.1677086353302">
        <ele>14.600000381469727</ele>
        <time>2026-08-09T12:05:26Z</time>
        <extensions>
          <gpxtpx:TrackPointExtension>
            <gpxtpx:hr>138</gpxtpx:hr>
          </gpxtpx:TrackPointExtension>
        </extensions>
      </trkpt>
      <trkpt lat="-21.71459287405014" lon="166.16721510887146">
        <ele>14.399999618530273</ele>
        <time>2026-08-09T12:05:31Z</time>
        <extensions>
          <gpxtpx:TrackPointExtension>
            <gpxtpx:hr>135</gpxtpx:hr>
          </gpxtpx:TrackPointExtension>
        </extensions>
      </trkpt>
      <trkpt lat="-21.714292466640472" lon="166.16678595542908">
        <ele>13.600000381469727</ele>
        <time>2026-08-09T12:05:36Z</time>
        <extensions>
          <gpxtpx:TrackPointExtension>
            <gpxtpx:hr>133</gpxtpx:hr>
          </gpxtpx:TrackPointExtension>
        </extensions>
      </trkpt>
      <trkpt lat="-21.713797599077225" lon="166.16682887077332">
        <ele>14.199999809265137</ele>
        <time>2026-08-09T12:05:41Z</time>
        <extensions>
          <gpxtpx:TrackPointExtension>
            <gpxtpx:hr>133</gpxtpx:hr>
          </gpxtpx:TrackPointExtension>
        </extensions>
      </trkpt>
      <trkpt lat="-21.71336442232132" lon="166.1670434474945">
        <ele>14.399999618530273</ele>
        <time>2026-08-09T12:05:46Z</time>
        <extensions>
          <gpxtpx:TrackPointExtension>
            <gpxtpx:hr>134</gpxtpx:hr>
          </gpxtpx:TrackPointExtension>
        </extensions>
      </trkpt>
      <trkpt lat="-21.712893694639206" lon="166.1670219898224">
        <ele>13.800000190734863</ele>
        <time>2026-08-09T12:05:51Z</time>
        <extensions>
          <gpxtpx:TrackPointExtension>
            <gpxtpx:hr>136</gpxtpx:hr>
          </gpxtpx:TrackPointExtension>
        </extensions>
      </trkpt>
      <trkpt lat="-21.71249270439148" lon="166.16678595542908">
        <ele>14.600000381469727</ele>
        <time>2026-08-09T12:05:56Z</time>
        <extensions>
          <gpxtpx:TrackPointExtension>
            <gpxtpx:hr>137</gpxtpx:hr>
          </gpxtpx:TrackPointExtension>
        </extensions>
      </trkpt>
      <trkpt lat="-21.71201527118683" lon="166.16676449775696">
        <ele>14.0</ele>
        <time>2026-08-09T12:06:01Z</time>
        <extensions>
          <gpxtpx:TrackPointExtension>
            <gpxtpx:hr>136</gpxtpx:hr>
          </gpxtpx:TrackPointExtension>
        </extensions>
      </trkpt>
      <trkpt lat="-21.71176716685295" lon="166.16638898849487">
        <ele>13.800000190734863</ele>
        <time>2026-08-09T12:06:06Z</time>
        <extensions>
          <gpxtpx:TrackPointExtension>
            <gpxtpx:hr>134</gpxtpx:hr>
          </gpxtpx:TrackPointExtension>
        </extensions>
      </trkpt>
      <trkpt lat="-21.711787283420563" lon="166.16586327552795">
        <ele>13.199999809265137</ele>
        <time>2026-08-09T12:06:11Z</time>
        <extensions>
          <gpxtpx:TrackPointExtension>
            <gpxtpx:hr>135</gpxtpx:hr>
          </gpxtpx:TrackPointExtension>
        </extensions>
      </trkpt>
      <trkpt lat="-21.711556613445282" lon="166.1654233932495">
        <ele>13.0</ele>
        <time>2026-08-09T12:06:16Z</time>
        <extensions>
          <gpxtpx:TrackPointExtension>
            <gpxtpx:hr>137</gpxtpx:hr>
          </gpxtpx:TrackPointExtension>
        </extensions>
      </trkpt>
      <trkpt lat="-21.711071133613586" lon="166.16535902023315">
        <ele>13.0</ele>
        <time>2026-08-09T12:06:21Z</time>
        <extensions>
          <gpxtpx:TrackPointExtension>
            <gpxtpx:hr>136</gpxtpx:hr>
          </gpxtpx:TrackPointExtension>
        </extensions>
      </trkpt>
      <trkpt lat="-21.710577607154846" lon="166.16535902023315">
        <ele>13.0</ele>
        <time>2026-08-09T12:06:26Z</time>
        <extensions>
          <gpxtpx:TrackPointExtension>
            <gpxtpx:hr>134</gpxtpx:hr>
          </gpxtpx:TrackPointExtension>
        </extensions>
      </trkpt>
      <trkpt lat="-21.710084080696106" lon="166.16535902023315">
        <ele>13.0</ele>
        <time>2026-08-09T12:06:31Z</time>
        <extensions>
          <gpxtpx:TrackPointExtension>
            <gpxtpx:hr>134</gpxtpx:hr>
          </gpxtpx:TrackPointExtension>
        </extensions>
      </trkpt>
      <trkpt lat="-21.709595918655396" lon="166.1653482913971">
        <ele>13.0</ele>
        <time>2026-08-09T12:06:36Z</time>
        <extensions>
          <gpxtpx:TrackPointExtension>
            <gpxtpx:hr>134</gpxtpx:hr>
          </gpxtpx:TrackPointExtension>
        </extensions>
      </trkpt>
      <trkpt lat="-21.70910507440567" lon="166.1653482913971">
        <ele>13.0</ele>
        <time>2026-08-09T12:06:41Z</time>
        <extensions>
          <gpxtpx:TrackPointExtension>
            <gpxtpx:hr>136</gpxtpx:hr>
          </gpxtpx:TrackPointExtension>
        </extensions>
      </trkpt>
      <trkpt lat="-21.708618253469467" lon="166.1653482913971">
        <ele>13.0</ele>
        <time>2026-08-09T12:06:46Z</time>
        <extensions>
          <gpxtpx:TrackPointExtension>
            <gpxtpx:hr>134</gpxtpx:hr>
          </gpxtpx:TrackPointExtension>
        </extensions>
      </trkpt>
      <trkpt lat="-21.708234697580338" lon="166.16557359695435">
        <ele>13.0</ele>
        <time>2026-08-09T12:06:51Z</time>
        <extensions>
          <gpxtpx:TrackPointExtension>
            <gpxtpx:hr>134</gpxtpx:hr>
          </gpxtpx:TrackPointExtension>
        </extensions>
      </trkpt>
      <trkpt lat="-21.708295047283173" lon="166.16607785224915">
        <ele>13.0</ele>
        <time>2026-08-09T12:06:56Z</time>
        <extensions>
          <gpxtpx:TrackPointExtension>
            <gpxtpx:hr>133</gpxtpx:hr>
          </gpxtpx:TrackPointExtension>
        </extensions>
      </trkpt>
      <trkpt lat="-21.70822262763977" lon="166.16657137870789">
        <ele>13.0</ele>
        <time>2026-08-09T12:07:01Z</time>
        <extensions>
          <gpxtpx:TrackPointExtension>
            <gpxtpx:hr>133</gpxtpx:hr>
          </gpxtpx:TrackPointExtension>
        </extensions>
      </trkpt>
      <trkpt lat="-21.707879304885864" lon="166.16690397262573">
        <ele>13.0</ele>
        <time>2026-08-09T12:07:06Z</time>
        <extensions>
          <gpxtpx:TrackPointExtension>
            <gpxtpx:hr>133</gpxtpx:hr>
          </gpxtpx:TrackPointExtension>
        </extensions>
      </trkpt>
      <trkpt lat="-21.707568168640137" lon="166.16726875305176">
        <ele>13.0</ele>
        <time>2026-08-09T12:07:11Z</time>
        <extensions>
          <gpxtpx:TrackPointExtension>
            <gpxtpx:hr>133</gpxtpx:hr>
          </gpxtpx:TrackPointExtension>
        </extensions>
      </trkpt>
      <trkpt lat="-21.70717254281044" lon="166.1675262451172">
        <ele>13.0</ele>
        <time>2026-08-09T12:07:16Z</time>
        <extensions>
          <gpxtpx:TrackPointExtension>
            <gpxtpx:hr>132</gpxtpx:hr>
          </gpxtpx:TrackPointExtension>
        </extensions>
      </trkpt>
      <trkpt lat="-21.706703156232834" lon="166.16755843162537">
        <ele>13.0</ele>
        <time>2026-08-09T12:07:21Z</time>
        <extensions>
          <gpxtpx:TrackPointExtension>
            <gpxtpx:hr>132</gpxtpx:hr>
          </gpxtpx:TrackPointExtension>
        </extensions>
      </trkpt>
      <trkpt lat="-21.706235110759735" lon="166.16759061813354">
        <ele>13.0</ele>
        <time>2026-08-09T12:07:26Z</time>
        <extensions>
          <gpxtpx:TrackPointExtension>
            <gpxtpx:hr>129</gpxtpx:hr>
          </gpxtpx:TrackPointExtension>
        </extensions>
      </trkpt>
      <trkpt lat="-21.70576572418213" lon="166.16763353347778">
        <ele>13.0</ele>
        <time>2026-08-09T12:07:31Z</time>
        <extensions>
          <gpxtpx:TrackPointExtension>
            <gpxtpx:hr>131</gpxtpx:hr>
          </gpxtpx:TrackPointExtension>
        </extensions>
      </trkpt>
      <trkpt lat="-21.705309748649597" lon="166.1677086353302">
        <ele>13.600000381469727</ele>
        <time>2026-08-09T12:07:36Z</time>
        <extensions>
          <gpxtpx:TrackPointExtension>
            <gpxtpx:hr>134</gpxtpx:hr>
          </gpxtpx:TrackPointExtension>
        </extensions>
      </trkpt>
      <trkpt lat="-21.7048779129982" lon="166.16779446601868">
        <ele>14.600000381469727</ele>
        <time>2026-08-09T12:07:41Z</time>
        <extensions>
          <gpxtpx:TrackPointExtension>
            <gpxtpx:hr>135</gpxtpx:hr>
          </gpxtpx:TrackPointExtension>
        </extensions>
      </trkpt>
      <trkpt lat="-21.704475581645966" lon="166.16791248321533">
        <ele>15.0</ele>
        <time>2026-08-09T12:07:46Z</time>
        <extensions>
          <gpxtpx:TrackPointExtension>
            <gpxtpx:hr>135</gpxtpx:hr>
          </gpxtpx:TrackPointExtension>
        </extensions>
      </trkpt>
      <trkpt lat="-21.704065203666687" lon="166.16801977157593">
        <ele>15.0</ele>
        <time>2026-08-09T12:07:51Z</time>
        <extensions>
          <gpxtpx:TrackPointExtension>
            <gpxtpx:hr>132</gpxtpx:hr>
          </gpxtpx:TrackPointExtension>
        </extensions>
      </trkpt>
      <trkpt lat="-21.70364946126938" lon="166.16813778877258">
        <ele>15.600000381469727</ele>
        <time>2026-08-09T12:07:56Z</time>
        <extensions>
          <gpxtpx:TrackPointExtension>
            <gpxtpx:hr>132</gpxtpx:hr>
          </gpxtpx:TrackPointExtension>
        </extensions>
      </trkpt>
      <trkpt lat="-21.703240424394608" lon="166.16827726364136">
        <ele>15.199999809265137</ele>
        <time>2026-08-09T12:08:01Z</time>
        <extensions>
          <gpxtpx:TrackPointExtension>
            <gpxtpx:hr>132</gpxtpx:hr>
          </gpxtpx:TrackPointExtension>
        </extensions>
      </trkpt>
      <trkpt lat="-21.702821999788284" lon="166.1685562133789">
        <ele>13.0</ele>
        <time>2026-08-09T12:08:06Z</time>
        <extensions>
          <gpxtpx:TrackPointExtension>
            <gpxtpx:hr>133</gpxtpx:hr>
          </gpxtpx:TrackPointExtension>
        </extensions>
      </trkpt>
      <trkpt lat="-21.702445149421692" lon="166.1689531803131">
        <ele>13.0</ele>
        <time>2026-08-09T12:08:11Z</time>
        <extensions>
          <gpxtpx:TrackPointExtension>
            <gpxtpx:hr>133</gpxtpx:hr>
          </gpxtpx:TrackPointExtension>
        </extensions>
      </trkpt>
      <trkpt lat="-21.701990514993668" lon="166.16917848587036">
        <ele>13.0</ele>
        <time>2026-08-09T12:08:16Z</time>
        <extensions>
          <gpxtpx:TrackPointExtension>
            <gpxtpx:hr>134</gpxtpx:hr>
          </gpxtpx:TrackPointExtension>
        </extensions>
      </trkpt>
      <trkpt lat="-21.701502352952957" lon="166.16931796073914">
        <ele>13.0</ele>
        <time>2026-08-09T12:08:21Z</time>
        <extensions>
          <gpxtpx:TrackPointExtension>
            <gpxtpx:hr>134</gpxtpx:hr>
          </gpxtpx:TrackPointExtension>
        </extensions>
      </trkpt>
      <trkpt lat="-21.701024919748306" lon="166.1694574356079">
        <ele>13.0</ele>
        <time>2026-08-09T12:08:26Z</time>
        <extensions>
          <gpxtpx:TrackPointExtension>
            <gpxtpx:hr>132</gpxtpx:hr>
          </gpxtpx:TrackPointExtension>
        </extensions>
      </trkpt>
      <trkpt lat="-21.700554192066193" lon="166.16957545280457">
        <ele>13.0</ele>
        <time>2026-08-09T12:08:31Z</time>
        <extensions>
          <gpxtpx:TrackPointExtension>
            <gpxtpx:hr>131</gpxtpx:hr>
          </gpxtpx:TrackPointExtension>
        </extensions>
      </trkpt>
      <trkpt lat="-21.700079441070557" lon="166.16968274116516">
        <ele>13.0</ele>
        <time>2026-08-09T12:08:36Z</time>
        <extensions>
          <gpxtpx:TrackPointExtension>
            <gpxtpx:hr>132</gpxtpx:hr>
          </gpxtpx:TrackPointExtension>
        </extensions>
      </trkpt>
      <trkpt lat="-21.6996006667614" lon="166.16980075836182">
        <ele>13.0</ele>
        <time>2026-08-09T12:08:41Z</time>
        <extensions>
          <gpxtpx:TrackPointExtension>
            <gpxtpx:hr>133</gpxtpx:hr>
          </gpxtpx:TrackPointExtension>
        </extensions>
      </trkpt>
      <trkpt lat="-21.699256002902985" lon="166.17015480995178">
        <ele>13.0</ele>
        <time>2026-08-09T12:08:46Z</time>
        <extensions>
          <gpxtpx:TrackPointExtension>
            <gpxtpx:hr>132</gpxtpx:hr>
          </gpxtpx:TrackPointExtension>
        </extensions>
      </trkpt>
      <trkpt lat="-21.699288189411163" lon="166.17066979408264">
        <ele>13.0</ele>
        <time>2026-08-09T12:08:51Z</time>
        <extensions>
          <gpxtpx:TrackPointExtension>
            <gpxtpx:hr>133</gpxtpx:hr>
          </gpxtpx:TrackPointExtension>
        </extensions>
      </trkpt>
      <trkpt lat="-21.699249297380447" lon="166.17116332054138">
        <ele>13.0</ele>
        <time>2026-08-09T12:08:56Z</time>
        <extensions>
          <gpxtpx:TrackPointExtension>
            <gpxtpx:hr>132</gpxtpx:hr>
          </gpxtpx:TrackPointExtension>
        </extensions>
      </trkpt>
      <trkpt lat="-21.698846966028214" lon="166.17143154144287">
        <ele>13.0</ele>
        <time>2026-08-09T12:09:01Z</time>
        <extensions>
          <gpxtpx:TrackPointExtension>
            <gpxtpx:hr>131</gpxtpx:hr>
          </gpxtpx:TrackPointExtension>
        </extensions>
      </trkpt>
      <trkpt lat="-21.698429882526398" lon="166.17167830467224">
        <ele>13.0</ele>
        <time>2026-08-09T12:09:06Z</time>
        <extensions>
          <gpxtpx:TrackPointExtension>
            <gpxtpx:hr>133</gpxtpx:hr>
          </gpxtpx:TrackPointExtension>
        </extensions>
      </trkpt>
      <trkpt lat="-21.69806107878685" lon="166.17200016975403">
        <ele>13.0</ele>
        <time>2026-08-09T12:09:11Z</time>
        <extensions>
          <gpxtpx:TrackPointExtension>
            <gpxtpx:hr>133</gpxtpx:hr>
          </gpxtpx:TrackPointExtension>
        </extensions>
      </trkpt>
      <trkpt lat="-21.69785186648369" lon="166.1724615097046">
        <ele>13.0</ele>
        <time>2026-08-09T12:09:16Z</time>
        <extensions>
          <gpxtpx:TrackPointExtension>
            <gpxtpx:hr>132</gpxtpx:hr>
          </gpxtpx:TrackPointExtension>
        </extensions>
      </trkpt>
      <trkpt lat="-21.69789344072342" lon="166.1729657649994">
        <ele>13.0</ele>
        <time>2026-08-09T12:09:21Z</time>
        <extensions>
          <gpxtpx:TrackPointExtension>
            <gpxtpx:hr>133</gpxtpx:hr>
          </gpxtpx:TrackPointExtension>
        </extensions>
      </trkpt>
      <trkpt lat="-21.698196530342102" lon="166.17334127426147">
        <ele>13.0</ele>
        <time>2026-08-09T12:09:26Z</time>
        <extensions>
          <gpxtpx:TrackPointExtension>
            <gpxtpx:hr>133</gpxtpx:hr>
          </gpxtpx:TrackPointExtension>
        </extensions>
      </trkpt>
      <trkpt lat="-21.69860154390335" lon="166.17348074913025">
        <ele>13.0</ele>
        <time>2026-08-09T12:09:31Z</time>
        <extensions>
          <gpxtpx:TrackPointExtension>
            <gpxtpx:hr>132</gpxtpx:hr>
          </gpxtpx:TrackPointExtension>
        </extensions>
      </trkpt>
      <trkpt lat="-21.698950231075287" lon="166.17362022399902">
        <ele>13.0</ele>
        <time>2026-08-09T12:09:36Z</time>
        <extensions>
          <gpxtpx:TrackPointExtension>
            <gpxtpx:hr>131</gpxtpx:hr>
          </gpxtpx:TrackPointExtension>
        </extensions>
      </trkpt>
      <trkpt lat="-21.69924795627594" lon="166.17378115653992">
        <ele>13.0</ele>
        <time>2026-08-09T12:09:41Z</time>
        <extensions>
          <gpxtpx:TrackPointExtension>
            <gpxtpx:hr>130</gpxtpx:hr>
          </gpxtpx:TrackPointExtension>
        </extensions>
      </trkpt>
      <trkpt lat="-21.699396818876266" lon="166.17406010627747">
        <ele>13.0</ele>
        <time>2026-08-09T12:09:46Z</time>
        <extensions>
          <gpxtpx:TrackPointExtension>
            <gpxtpx:hr>128</gpxtpx:hr>
          </gpxtpx:TrackPointExtension>
        </extensions>
      </trkpt>
      <trkpt lat="-21.699391454458237" lon="166.17434978485107">
        <ele>13.0</ele>
        <time>2026-08-09T12:09:51Z</time>
        <extensions>
          <gpxtpx:TrackPointExtension>
            <gpxtpx:hr>121</gpxtpx:hr>
          </gpxtpx:TrackPointExtension>
        </extensions>
      </trkpt>
      <trkpt lat="-21.69937402009964" lon="166.17457509040833">
        <ele>13.0</ele>
        <time>2026-08-09T12:09:56Z</time>
        <extensions>
          <gpxtpx:TrackPointExtension>
            <gpxtpx:hr>116</gpxtpx:hr>
          </gpxtpx:TrackPointExtension>
        </extensions>
      </trkpt>
      <trkpt lat="-21.69936865568161" lon="166.1746609210968">
        <ele>13.0</ele>
        <time>2026-08-09T12:10:01Z</time>
        <extensions>
          <gpxtpx:TrackPointExtension>
            <gpxtpx:hr>115</gpxtpx:hr>
          </gpxtpx:TrackPointExtension>
        </extensions>
      </trkpt>
      <trkpt lat="-21.699382066726685" lon="166.17467164993286">
        <ele>13.0</ele>
        <time>2026-08-09T12:10:39Z</time>
        <extensions>
          <gpxtpx:TrackPointExtension>
            <gpxtpx:hr>110</gpxtpx:hr>
          </gpxtpx:TrackPointExtension>
        </extensions>
      </trkpt>
      <trkpt lat="-21.699369996786118" lon="166.1747145652771">
        <ele>13.0</ele>
        <time>2026-08-09T12:10:44Z</time>
        <extensions>
          <gpxtpx:TrackPointExtension>
            <gpxtpx:hr>108</gpxtpx:hr>
          </gpxtpx:TrackPointExtension>
        </extensions>
      </trkpt>
      <trkpt lat="-21.699356585741043" lon="166.17485404014587">
        <ele>13.0</ele>
        <time>2026-08-09T12:10:49Z</time>
        <extensions>
          <gpxtpx:TrackPointExtension>
            <gpxtpx:hr>108</gpxtpx:hr>
          </gpxtpx:TrackPointExtension>
        </extensions>
      </trkpt>
      <trkpt lat="-21.699414253234863" lon="166.175057888031">
        <ele>13.0</ele>
        <time>2026-08-09T12:10:54Z</time>
        <extensions>
          <gpxtpx:TrackPointExtension>
            <gpxtpx:hr>109</gpxtpx:hr>
          </gpxtpx:TrackPointExtension>
        </extensions>
      </trkpt>
      <trkpt lat="-21.69961005449295" lon="166.17517590522766">
        <ele>13.0</ele>
        <time>2026-08-09T12:10:59Z</time>
        <extensions>
          <gpxtpx:TrackPointExtension>
            <gpxtpx:hr>110</gpxtpx:hr>
          </gpxtpx:TrackPointExtension>
        </extensions>
      </trkpt>
      <trkpt lat="-21.699866205453873" lon="166.17525100708008">
        <ele>13.0</ele>
        <time>2026-08-09T12:11:04Z</time>
        <extensions>
          <gpxtpx:TrackPointExtension>
            <gpxtpx:hr>110</gpxtpx:hr>
          </gpxtpx:TrackPointExtension>
        </extensions>
      </trkpt>
      <trkpt lat="-21.700123697519302" lon="166.17529392242432">
        <ele>13.0</ele>
        <time>2026-08-09T12:11:09Z</time>
        <extensions>
          <gpxtpx:TrackPointExtension>
            <gpxtpx:hr>110</gpxtpx:hr>
          </gpxtpx:TrackPointExtension>
        </extensions>
      </trkpt>
      <trkpt lat="-21.700236350297928" lon="166.1755084991455">
        <ele>13.0</ele>
        <time>2026-08-09T12:11:14Z</time>
        <extensions>
          <gpxtpx:TrackPointExtension>
            <gpxtpx:hr>110</gpxtpx:hr>
          </gpxtpx:TrackPointExtension>
        </extensions>
      </trkpt>
      <trkpt lat="-21.700279265642166" lon="166.17579817771912">
        <ele>13.0</ele>
        <time>2026-08-09T12:11:19Z</time>
        <extensions>
          <gpxtpx:TrackPointExtension>
            <gpxtpx:hr>103</gpxtpx:hr>
          </gpxtpx:TrackPointExtension>
        </extensions>
      </trkpt>
      <trkpt lat="-21.700589060783386" lon="166.17598056793213">
        <ele>13.0</ele>
        <time>2026-08-09T12:11:24Z</time>
        <extensions>
          <gpxtpx:TrackPointExtension>
            <gpxtpx:hr>104</gpxtpx:hr>
          </gpxtpx:TrackPointExtension>
        </extensions>
      </trkpt>
      <trkpt lat="-21.700941771268845" lon="166.17616295814514">
        <ele>13.0</ele>
        <time>2026-08-09T12:11:29Z</time>
        <extensions>
          <gpxtpx:TrackPointExtension>
            <gpxtpx:hr>113</gpxtpx:hr>
          </gpxtpx:TrackPointExtension>
        </extensions>
      </trkpt>
      <trkpt lat="-21.70133203268051" lon="166.17630243301392">
        <ele>13.0</ele>
        <time>2026-08-09T12:11:34Z</time>
        <extensions>
          <gpxtpx:TrackPointExtension>
            <gpxtpx:hr>111</gpxtpx:hr>
          </gpxtpx:TrackPointExtension>
        </extensions>
      </trkpt>
      <trkpt lat="-21.70161098241806" lon="166.17666721343994">
        <ele>13.0</ele>
        <time>2026-08-09T12:11:39Z</time>
        <extensions>
          <gpxtpx:TrackPointExtension>
            <gpxtpx:hr>115</gpxtpx:hr>
          </gpxtpx:TrackPointExtension>
        </extensions>
      </trkpt>
      <trkpt lat="-21.701985150575638" lon="166.17692470550537">
        <ele>13.0</ele>
        <time>2026-08-09T12:11:44Z</time>
        <extensions>
          <gpxtpx:TrackPointExtension>
            <gpxtpx:hr>123</gpxtpx:hr>
          </gpxtpx:TrackPointExtension>
        </extensions>
      </trkpt>
      <trkpt lat="-21.70241430401802" lon="166.17711782455444">
        <ele>13.0</ele>
        <time>2026-08-09T12:11:49Z</time>
        <extensions>
          <gpxtpx:TrackPointExtension>
            <gpxtpx:hr>126</gpxtpx:hr>
          </gpxtpx:TrackPointExtension>
        </extensions>
      </trkpt>
      <trkpt lat="-21.702883690595627" lon="166.17713928222656">
        <ele>13.0</ele>
        <time>2026-08-09T12:11:54Z</time>
        <extensions>
          <gpxtpx:TrackPointExtension>
            <gpxtpx:hr>126</gpxtpx:hr>
          </gpxtpx:TrackPointExtension>
        </extensions>
      </trkpt>
      <trkpt lat="-21.703363806009293" lon="166.1771285533905">
        <ele>12.800000190734863</ele>
        <time>2026-08-09T12:11:59Z</time>
        <extensions>
          <gpxtpx:TrackPointExtension>
            <gpxtpx:hr>126</gpxtpx:hr>
          </gpxtpx:TrackPointExtension>
        </extensions>
      </trkpt>
      <trkpt lat="-21.70384258031845" lon="166.17708563804626">
        <ele>13.199999809265137</ele>
        <time>2026-08-09T12:12:04Z</time>
        <extensions>
          <gpxtpx:TrackPointExtension>
            <gpxtpx:hr>128</gpxtpx:hr>
          </gpxtpx:TrackPointExtension>
        </extensions>
      </trkpt>
      <trkpt lat="-21.70429989695549" lon="166.1771285533905">
        <ele>13.800000190734863</ele>
        <time>2026-08-09T12:12:09Z</time>
        <extensions>
          <gpxtpx:TrackPointExtension>
            <gpxtpx:hr>128</gpxtpx:hr>
          </gpxtpx:TrackPointExtension>
        </extensions>
      </trkpt>
      <trkpt lat="-21.70462042093277" lon="166.17746114730835">
        <ele>14.800000190734863</ele>
        <time>2026-08-09T12:12:14Z</time>
        <extensions>
          <gpxtpx:TrackPointExtension>
            <gpxtpx:hr>127</gpxtpx:hr>
          </gpxtpx:TrackPointExtension>
        </extensions>
      </trkpt>
      <trkpt lat="-21.704659312963486" lon="166.17789030075073">
        <ele>15.800000190734863</ele>
        <time>2026-08-09T12:12:19Z</time>
        <extensions>
          <gpxtpx:TrackPointExtension>
            <gpxtpx:hr>131</gpxtpx:hr>
          </gpxtpx:TrackPointExtension>
        </extensions>
      </trkpt>
      <trkpt lat="-21.70432537794113" lon="166.17814779281616">
        <ele>16.799999237060547</ele>
        <time>2026-08-09T12:12:24Z</time>
        <extensions>
          <gpxtpx:TrackPointExtension>
            <gpxtpx:hr>132</gpxtpx:hr>
          </gpxtpx:TrackPointExtension>
        </extensions>
      </trkpt>
      <trkpt lat="-21.70397400856018" lon="166.17828726768494">
        <ele>18.799999237060547</ele>
        <time>2026-08-09T12:12:29Z</time>
        <extensions>
          <gpxtpx:TrackPointExtension>
            <gpxtpx:hr>135</gpxtpx:hr>
          </gpxtpx:TrackPointExtension>
        </extensions>
      </trkpt>
      <trkpt lat="-21.70384794473648" lon="166.1785876750946">
        <ele>19.399999618530273</ele>
        <time>2026-08-09T12:12:34Z</time>
        <extensions>
          <gpxtpx:TrackPointExtension>
            <gpxtpx:hr>136</gpxtpx:hr>
          </gpxtpx:TrackPointExtension>
        </extensions>
      </trkpt>
      <trkpt lat="-21.704138964414597" lon="166.17883443832397">
        <ele>19.200000762939453</ele>
        <time>2026-08-09T12:12:39Z</time>
        <extensions>
          <gpxtpx:TrackPointExtension>
            <gpxtpx:hr>135</gpxtpx:hr>
          </gpxtpx:TrackPointExtension>
        </extensions>
      </trkpt>
      <trkpt lat="-21.704470217227936" lon="166.17911338806152">
        <ele>19.399999618530273</ele>
        <time>2026-08-09T12:12:44Z</time>
        <extensions>
          <gpxtpx:TrackPointExtension>
            <gpxtpx:hr>134</gpxtpx:hr>
          </gpxtpx:TrackPointExtension>
        </extensions>
      </trkpt>
      <trkpt lat="-21.704383045434952" lon="166.17951035499573">
        <ele>21.0</ele>
        <time>2026-08-09T12:12:49Z</time>
        <extensions>
          <gpxtpx:TrackPointExtension>
            <gpxtpx:hr>134</gpxtpx:hr>
          </gpxtpx:TrackPointExtension>
        </extensions>
      </trkpt>
      <trkpt lat="-21.70406922698021" lon="166.17967128753662">
        <ele>22.799999237060547</ele>
        <time>2026-08-09T12:12:54Z</time>
        <extensions>
          <gpxtpx:TrackPointExtension>
            <gpxtpx:hr>133</gpxtpx:hr>
          </gpxtpx:TrackPointExtension>
        </extensions>
      </trkpt>
      <trkpt lat="-21.703818440437317" lon="166.17987513542175">
        <ele>24.200000762939453</ele>
        <time>2026-08-09T12:12:59Z</time>
        <extensions>
          <gpxtpx:TrackPointExtension>
            <gpxtpx:hr>133</gpxtpx:hr>
          </gpxtpx:TrackPointExtension>
        </extensions>
      </trkpt>
      <trkpt lat="-21.703815758228302" lon="166.18019700050354">
        <ele>24.600000381469727</ele>
        <time>2026-08-09T12:13:04Z</time>
        <extensions>
          <gpxtpx:TrackPointExtension>
            <gpxtpx:hr>135</gpxtpx:hr>
          </gpxtpx:TrackPointExtension>
        </extensions>
      </trkpt>
      <trkpt lat="-21.704012900590897" lon="166.18051886558533">
        <ele>24.600000381469727</ele>
        <time>2026-08-09T12:13:09Z</time>
        <extensions>
          <gpxtpx:TrackPointExtension>
            <gpxtpx:hr>135</gpxtpx:hr>
          </gpxtpx:TrackPointExtension>
        </extensions>
      </trkpt>
      <trkpt lat="-21.704075932502747" lon="166.18091583251953">
        <ele>25.200000762939453</ele>
        <time>2026-08-09T12:13:14Z</time>
        <extensions>
          <gpxtpx:TrackPointExtension>
            <gpxtpx:hr>135</gpxtpx:hr>
          </gpxtpx:TrackPointExtension>
        </extensions>
      </trkpt>
      <trkpt lat="-21.703854650259018" lon="166.1812162399292">
        <ele>26.799999237060547</ele>
        <time>2026-08-09T12:13:19Z</time>
        <extensions>
          <gpxtpx:TrackPointExtension>
            <gpxtpx:hr>135</gpxtpx:hr>
          </gpxtpx:TrackPointExtension>
        </extensions>
      </trkpt>
      <trkpt lat="-21.703571677207947" lon="166.18138790130615">
        <ele>28.600000381469727</ele>
        <time>2026-08-09T12:13:24Z</time>
        <extensions>
          <gpxtpx:TrackPointExtension>
            <gpxtpx:hr>136</gpxtpx:hr>
          </gpxtpx:TrackPointExtension>
        </extensions>
      </trkpt>
      <trkpt lat="-21.70332357287407" lon="166.18152737617493">
        <ele>30.0</ele>
        <time>2026-08-09T12:13:29Z</time>
        <extensions>
          <gpxtpx:TrackPointExtension>
            <gpxtpx:hr>134</gpxtpx:hr>
          </gpxtpx:TrackPointExtension>
        </extensions>
      </trkpt>
      <trkpt lat="-21.70309826731682" lon="166.18164539337158">
        <ele>31.399999618530273</ele>
        <time>2026-08-09T12:13:34Z</time>
        <extensions>
          <gpxtpx:TrackPointExtension>
            <gpxtpx:hr>132</gpxtpx:hr>
          </gpxtpx:TrackPointExtension>
        </extensions>
      </trkpt>
      <trkpt lat="-21.70289844274521" lon="166.18178486824036">
        <ele>32.79999923706055</ele>
        <time>2026-08-09T12:13:39Z</time>
        <extensions>
          <gpxtpx:TrackPointExtension>
            <gpxtpx:hr>132</gpxtpx:hr>
          </gpxtpx:TrackPointExtension>
        </extensions>
      </trkpt>
      <trkpt lat="-21.70280858874321" lon="166.18199944496155">
        <ele>33.79999923706055</ele>
        <time>2026-08-09T12:13:44Z</time>
        <extensions>
          <gpxtpx:TrackPointExtension>
            <gpxtpx:hr>134</gpxtpx:hr>
          </gpxtpx:TrackPointExtension>
        </extensions>
      </trkpt>
      <trkpt lat="-21.70291319489479" lon="166.18223547935486">
        <ele>34.0</ele>
        <time>2026-08-09T12:13:49Z</time>
        <extensions>
          <gpxtpx:TrackPointExtension>
            <gpxtpx:hr>134</gpxtpx:hr>
          </gpxtpx:TrackPointExtension>
        </extensions>
      </trkpt>
      <trkpt lat="-21.703100949525833" lon="166.18250370025635">
        <ele>34.0</ele>
        <time>2026-08-09T12:13:54Z</time>
        <extensions>
          <gpxtpx:TrackPointExtension>
            <gpxtpx:hr>133</gpxtpx:hr>
          </gpxtpx:TrackPointExtension>
        </extensions>
      </trkpt>
      <trkpt lat="-21.703310161828995" lon="166.18281483650208">
        <ele>34.0</ele>
        <time>2026-08-09T12:13:59Z</time>
        <extensions>
          <gpxtpx:TrackPointExtension>
            <gpxtpx:hr>133</gpxtpx:hr>
          </gpxtpx:TrackPointExtension>
        </extensions>
      </trkpt>
      <trkpt lat="-21.703544855117798" lon="166.18315815925598">
        <ele>34.0</ele>
        <time>2026-08-09T12:14:04Z</time>
        <extensions>
          <gpxtpx:TrackPointExtension>
            <gpxtpx:hr>134</gpxtpx:hr>
          </gpxtpx:TrackPointExtension>
        </extensions>
      </trkpt>
      <trkpt lat="-21.703792959451675" lon="166.1835014820099">
        <ele>34.0</ele>
        <time>2026-08-09T12:14:09Z</time>
        <extensions>
          <gpxtpx:TrackPointExtension>
            <gpxtpx:hr>134</gpxtpx:hr>
          </gpxtpx:TrackPointExtension>
        </extensions>
      </trkpt>
      <trkpt lat="-21.704050451517105" lon="166.18388772010803">
        <ele>34.0</ele>
        <time>2026-08-09T12:14:14Z</time>
        <extensions>
          <gpxtpx:TrackPointExtension>
            <gpxtpx:hr>132</gpxtpx:hr>
          </gpxtpx:TrackPointExtension>
        </extensions>
      </trkpt>
      <trkpt lat="-21.704320013523102" lon="166.18427395820618">
        <ele>34.0</ele>
        <time>2026-08-09T12:14:19Z</time>
        <extensions>
          <gpxtpx:TrackPointExtension>
            <gpxtpx:hr>131</gpxtpx:hr>
          </gpxtpx:TrackPointExtension>
        </extensions>
      </trkpt>
      <trkpt lat="-21.704607009887695" lon="166.18464946746826">
        <ele>34.0</ele>
        <time>2026-08-09T12:14:24Z</time>
        <extensions>
          <gpxtpx:TrackPointExtension>
            <gpxtpx:hr>131</gpxtpx:hr>
          </gpxtpx:TrackPointExtension>
        </extensions>
      </trkpt>
      <trkpt lat="-21.70502007007599" lon="166.1845099925995">
        <ele>33.400001525878906</ele>
        <time>2026-08-09T12:14:29Z</time>
        <extensions>
          <gpxtpx:TrackPointExtension>
            <gpxtpx:hr>131</gpxtpx:hr>
          </gpxtpx:TrackPointExtension>
        </extensions>
      </trkpt>
      <trkpt lat="-21.705426424741745" lon="166.1841344833374">
        <ele>30.399999618530273</ele>
        <time>2026-08-09T12:14:34Z</time>
        <extensions>
          <gpxtpx:TrackPointExtension>
            <gpxtpx:hr>134</gpxtpx:hr>
          </gpxtpx:TrackPointExtension>
        </extensions>
      </trkpt>
      <trkpt lat="-21.70595347881317" lon="166.18387699127197">
        <ele>29.600000381469727</ele>
        <time>2026-08-09T12:14:39Z</time>
        <extensions>
          <gpxtpx:TrackPointExtension>
            <gpxtpx:hr>133</gpxtpx:hr>
          </gpxtpx:TrackPointExtension>
        </extensions>
      </trkpt>
      <trkpt lat="-21.70634374022484" lon="166.18425250053406">
        <ele>30.200000762939453</ele>
        <time>2026-08-09T12:14:44Z</time>
        <extensions>
          <gpxtpx:TrackPointExtension>
            <gpxtpx:hr>131</gpxtpx:hr>
          </gpxtpx:TrackPointExtension>
        </extensions>
      </trkpt>
      <trkpt lat="-21.70644834637642" lon="166.1848533153534">
        <ele>27.799999237060547</ele>
        <time>2026-08-09T12:14:49Z</time>
        <extensions>
          <gpxtpx:TrackPointExtension>
            <gpxtpx:hr>133</gpxtpx:hr>
          </gpxtpx:TrackPointExtension>
        </extensions>
      </trkpt>
      <trkpt lat="-21.706986129283905" lon="166.1848747730255">
        <ele>27.600000381469727</ele>
        <time>2026-08-09T12:14:54Z</time>
        <extensions>
          <gpxtpx:TrackPointExtension>
            <gpxtpx:hr>133</gpxtpx:hr>
          </gpxtpx:TrackPointExtension>
        </extensions>
      </trkpt>
      <trkpt lat="-21.707506477832794" lon="166.18461728096008">
        <ele>27.200000762939453</ele>
        <time>2026-08-09T12:14:59Z</time>
        <extensions>
          <gpxtpx:TrackPointExtension>
            <gpxtpx:hr>134</gpxtpx:hr>
          </gpxtpx:TrackPointExtension>
        </extensions>
      </trkpt>
      <trkpt lat="-21.707924902439117" lon="166.18497133255005">
        <ele>25.799999237060547</ele>
        <time>2026-08-09T12:15:04Z</time>
        <extensions>
          <gpxtpx:TrackPointExtension>
            <gpxtpx:hr>134</gpxtpx:hr>
          </gpxtpx:TrackPointExtension>
        </extensions>
      </trkpt>
      <trkpt lat="-21.707947701215744" lon="166.18562579154968">
        <ele>23.0</ele>
        <time>2026-08-09T12:15:09Z</time>
        <extensions>
          <gpxtpx:TrackPointExtension>
            <gpxtpx:hr>135</gpxtpx:hr>
          </gpxtpx:TrackPointExtension>
        </extensions>
      </trkpt>
      <trkpt lat="-21.708103269338608" lon="166.18626952171326">
        <ele>20.600000381469727</ele>
        <time>2026-08-09T12:15:14Z</time>
        <extensions>
          <gpxtpx:TrackPointExtension>
            <gpxtpx:hr>134</gpxtpx:hr>
          </gpxtpx:TrackPointExtension>
        </extensions>
      </trkpt>
      <trkpt lat="-21.70870676636696" lon="166.18628025054932">
        <ele>20.0</ele>
        <time>2026-08-09T12:15:19Z</time>
        <extensions>
          <gpxtpx:TrackPointExtension>
            <gpxtpx:hr>134</gpxtpx:hr>
          </gpxtpx:TrackPointExtension>
        </extensions>
      </trkpt>
      <trkpt lat="-21.7092727124691" lon="166.18601202964783">
        <ele>17.799999237060547</ele>
        <time>2026-08-09T12:15:24Z</time>
        <extensions>
          <gpxtpx:TrackPointExtension>
            <gpxtpx:hr>136</gpxtpx:hr>
          </gpxtpx:TrackPointExtension>
        </extensions>
      </trkpt>
      <trkpt lat="-21.709864139556885" lon="166.18613004684448">
        <ele>15.199999809265137</ele>
        <time>2026-08-09T12:15:29Z</time>
        <extensions>
          <gpxtpx:TrackPointExtension>
            <gpxtpx:hr>137</gpxtpx:hr>
          </gpxtpx:TrackPointExtension>
        </extensions>
      </trkpt>
      <trkpt lat="-21.709975451231003" lon="166.18678450584412">
        <ele>13.600000381469727</ele>
        <time>2026-08-09T12:15:34Z</time>
        <extensions>
          <gpxtpx:TrackPointExtension>
            <gpxtpx:hr>136</gpxtpx:hr>
          </gpxtpx:TrackPointExtension>
        </extensions>
      </trkpt>
      <trkpt lat="-21.709691137075424" lon="166.18738532066345">
        <ele>13.600000381469727</ele>
        <time>2026-08-09T12:15:39Z</time>
        <extensions>
          <gpxtpx:TrackPointExtension>
            <gpxtpx:hr>136</gpxtpx:hr>
          </gpxtpx:TrackPointExtension>
        </extensions>
      </trkpt>
      <trkpt lat="-21.709410846233368" lon="166.1879324913025">
        <ele>13.600000381469727</ele>
        <time>2026-08-09T12:15:44Z</time>
        <extensions>
          <gpxtpx:TrackPointExtension>
            <gpxtpx:hr>135</gpxtpx:hr>
          </gpxtpx:TrackPointExtension>
        </extensions>
      </trkpt>
      <trkpt lat="-21.709322333335876" lon="166.18850111961365">
        <ele>13.399999618530273</ele>
        <time>2026-08-09T12:15:49Z</time>
        <extensions>
          <gpxtpx:TrackPointExtension>
            <gpxtpx:hr>136</gpxtpx:hr>
          </gpxtpx:TrackPointExtension>
        </extensions>
      </trkpt>
      <trkpt lat="-21.709734052419662" lon="166.18884444236755">
        <ele>13.0</ele>
        <time>2026-08-09T12:15:54Z</time>
        <extensions>
          <gpxtpx:TrackPointExtension>
            <gpxtpx:hr>139</gpxtpx:hr>
          </gpxtpx:TrackPointExtension>
        </extensions>
      </trkpt>
      <trkpt lat="-21.71000763773918" lon="166.18930578231812">
        <ele>13.0</ele>
        <time>2026-08-09T12:15:59Z</time>
        <extensions>
          <gpxtpx:TrackPointExtension>
            <gpxtpx:hr>139</gpxtpx:hr>
          </gpxtpx:TrackPointExtension>
        </extensions>
      </trkpt>
      <trkpt lat="-21.710110902786255" lon="166.18985295295715">
        <ele>13.0</ele>
        <time>2026-08-09T12:16:04Z</time>
        <extensions>
          <gpxtpx:TrackPointExtension>
            <gpxtpx:hr>137</gpxtpx:hr>
          </gpxtpx:TrackPointExtension>
        </extensions>
      </trkpt>
      <trkpt lat="-21.710341572761536" lon="166.1902928352356">
        <ele>13.0</ele>
        <time>2026-08-09T12:16:09Z</time>
        <extensions>
          <gpxtpx:TrackPointExtension>
            <gpxtpx:hr>137</gpxtpx:hr>
          </gpxtpx:TrackPointExtension>
        </extensions>
      </trkpt>
      <trkpt lat="-21.710635274648666" lon="166.1906898021698">
        <ele>13.0</ele>
        <time>2026-08-09T12:16:14Z</time>
        <extensions>
          <gpxtpx:TrackPointExtension>
            <gpxtpx:hr>137</gpxtpx:hr>
          </gpxtpx:TrackPointExtension>
        </extensions>
      </trkpt>
      <trkpt lat="-21.710432767868042" lon="166.19115114212036">
        <ele>13.0</ele>
        <time>2026-08-09T12:16:19Z</time>
        <extensions>
          <gpxtpx:TrackPointExtension>
            <gpxtpx:hr>137</gpxtpx:hr>
          </gpxtpx:TrackPointExtension>
        </extensions>
      </trkpt>
      <trkpt lat="-21.710253059864044" lon="166.19162321090698">
        <ele>13.0</ele>
        <time>2026-08-09T12:16:24Z</time>
        <extensions>
          <gpxtpx:TrackPointExtension>
            <gpxtpx:hr>137</gpxtpx:hr>
          </gpxtpx:TrackPointExtension>
        </extensions>
      </trkpt>
      <trkpt lat="-21.710463613271713" lon="166.19211673736572">
        <ele>13.0</ele>
        <time>2026-08-09T12:16:29Z</time>
        <extensions>
          <gpxtpx:TrackPointExtension>
            <gpxtpx:hr>137</gpxtpx:hr>
          </gpxtpx:TrackPointExtension>
        </extensions>
      </trkpt>
      <trkpt lat="-21.710615158081055" lon="166.19262099266052">
        <ele>13.0</ele>
        <time>2026-08-09T12:16:34Z</time>
        <extensions>
          <gpxtpx:TrackPointExtension>
            <gpxtpx:hr>135</gpxtpx:hr>
          </gpxtpx:TrackPointExtension>
        </extensions>
      </trkpt>
      <trkpt lat="-21.710856556892395" lon="166.19307160377502">
        <ele>13.0</ele>
        <time>2026-08-09T12:16:39Z</time>
        <extensions>
          <gpxtpx:TrackPointExtension>
            <gpxtpx:hr>134</gpxtpx:hr>
          </gpxtpx:TrackPointExtension>
        </extensions>
      </trkpt>
      <trkpt lat="-21.71108454465866" lon="166.1935329437256">
        <ele>13.0</ele>
        <time>2026-08-09T12:16:44Z</time>
        <extensions>
          <gpxtpx:TrackPointExtension>
            <gpxtpx:hr>133</gpxtpx:hr>
          </gpxtpx:TrackPointExtension>
        </extensions>
      </trkpt>
      <trkpt lat="-21.711296439170837" lon="166.19397282600403">
        <ele>13.0</ele>
        <time>2026-08-09T12:16:49Z</time>
        <extensions>
          <gpxtpx:TrackPointExtension>
            <gpxtpx:hr>133</gpxtpx:hr>
          </gpxtpx:TrackPointExtension>
        </extensions>
      </trkpt>
      <trkpt lat="-21.711739003658295" lon="166.19396209716797">
        <ele>13.0</ele>
        <time>2026-08-09T12:16:54Z</time>
        <extensions>
          <gpxtpx:TrackPointExtension>
            <gpxtpx:hr>131</gpxtpx:hr>
          </gpxtpx:TrackPointExtension>
        </extensions>
      </trkpt>
      <trkpt lat="-21.71219363808632" lon="166.19408011436462">
        <ele>13.0</ele>
        <time>2026-08-09T12:16:59Z</time>
        <extensions>
          <gpxtpx:TrackPointExtension>
            <gpxtpx:hr>130</gpxtpx:hr>
          </gpxtpx:TrackPointExtension>
        </extensions>
      </trkpt>
      <trkpt lat="-21.71262413263321" lon="166.19428396224976">
        <ele>13.0</ele>
        <time>2026-08-09T12:17:04Z</time>
        <extensions>
          <gpxtpx:TrackPointExtension>
            <gpxtpx:hr>131</gpxtpx:hr>
          </gpxtpx:TrackPointExtension>
        </extensions>
      </trkpt>
      <trkpt lat="-21.71307072043419" lon="166.19441270828247">
        <ele>13.0</ele>
        <time>2026-08-09T12:17:09Z</time>
        <extensions>
          <gpxtpx:TrackPointExtension>
            <gpxtpx:hr>131</gpxtpx:hr>
          </gpxtpx:TrackPointExtension>
        </extensions>
      </trkpt>
      <trkpt lat="-21.713473051786423" lon="166.19468092918396">
        <ele>13.0</ele>
        <time>2026-08-09T12:17:14Z</time>
        <extensions>
          <gpxtpx:TrackPointExtension>
            <gpxtpx:hr>130</gpxtpx:hr>
          </gpxtpx:TrackPointExtension>
        </extensions>
      </trkpt>
      <trkpt lat="-21.71389415860176" lon="166.1948847770691">
        <ele>13.0</ele>
        <time>2026-08-09T12:17:19Z</time>
        <extensions>
          <gpxtpx:TrackPointExtension>
            <gpxtpx:hr>130</gpxtpx:hr>
          </gpxtpx:TrackPointExtension>
        </extensions>
      </trkpt>
      <trkpt lat="-21.714064478874207" lon="166.1953353881836">
        <ele>13.0</ele>
        <time>2026-08-09T12:17:24Z</time>
        <extensions>
          <gpxtpx:TrackPointExtension>
            <gpxtpx:hr>131</gpxtpx:hr>
          </gpxtpx:TrackPointExtension>
        </extensions>
      </trkpt>
      <trkpt lat="-21.71444535255432" lon="166.19554996490479">
        <ele>13.0</ele>
        <time>2026-08-09T12:17:29Z</time>
        <extensions>
          <gpxtpx:TrackPointExtension>
            <gpxtpx:hr>130</gpxtpx:hr>
          </gpxtpx:TrackPointExtension>
        </extensions>
      </trkpt>
      <trkpt lat="-21.714685410261154" lon="166.19516372680664">
        <ele>13.0</ele>
        <time>2026-08-09T12:17:34Z</time>
        <extensions>
          <gpxtpx:TrackPointExtension>
            <gpxtpx:hr>130</gpxtpx:hr>
          </gpxtpx:TrackPointExtension>
        </extensions>
      </trkpt>
      <trkpt lat="-21.71443998813629" lon="166.19476675987244">
        <ele>13.0</ele>
        <time>2026-08-09T12:17:39Z</time>
        <extensions>
          <gpxtpx:TrackPointExtension>
            <gpxtpx:hr>130</gpxtpx:hr>
          </gpxtpx:TrackPointExtension>
        </extensions>
      </trkpt>
      <trkpt lat="-21.71452447772026" lon="166.19429469108582">
        <ele>13.0</ele>
        <time>2026-08-09T12:17:44Z</time>
        <extensions>
          <gpxtpx:TrackPointExtension>
            <gpxtpx:hr>129</gpxtpx:hr>
          </gpxtpx:TrackPointExtension>
        </extensions>
      </trkpt>
      <trkpt lat="-21.714714914560318" lon="166.19385480880737">
        <ele>13.0</ele>
        <time>2026-08-09T12:17:49Z</time>
        <extensions>
          <gpxtpx:TrackPointExtension>
            <gpxtpx:hr>130</gpxtpx:hr>
          </gpxtpx:TrackPointExtension>
        </extensions>
      </trkpt>
      <trkpt lat="-21.715117245912552" lon="166.19361877441406">
        <ele>13.0</ele>
        <time>2026-08-09T12:17:54Z</time>
        <extensions>
          <gpxtpx:TrackPointExtension>
            <gpxtpx:hr>131</gpxtpx:hr>
          </gpxtpx:TrackPointExtension>
        </extensions>
      </trkpt>
      <trkpt lat="-21.715578585863113" lon="166.19369387626648">
        <ele>13.0</ele>
        <time>2026-08-09T12:17:59Z</time>
        <extensions>
          <gpxtpx:TrackPointExtension>
            <gpxtpx:hr>133</gpxtpx:hr>
          </gpxtpx:TrackPointExtension>
        </extensions>
      </trkpt>
      <trkpt lat="-21.716043949127197" lon="166.19385480880737">
        <ele>13.0</ele>
        <time>2026-08-09T12:18:04Z</time>
        <extensions>
          <gpxtpx:TrackPointExtension>
            <gpxtpx:hr>135</gpxtpx:hr>
          </gpxtpx:TrackPointExtension>
        </extensions>
      </trkpt>
      <trkpt lat="-21.71650528907776" lon="166.19401574134827">
        <ele>13.0</ele>
        <time>2026-08-09T12:18:09Z</time>
        <extensions>
          <gpxtpx:TrackPointExtension>
            <gpxtpx:hr>132</gpxtpx:hr>
          </gpxtpx:TrackPointExtension>
        </extensions>
      </trkpt>
      <trkpt lat="-21.71694651246071" lon="166.19418740272522">
        <ele>13.0</ele>
        <time>2026-08-09T12:18:14Z</time>
        <extensions>
          <gpxtpx:TrackPointExtension>
            <gpxtpx:hr>131</gpxtpx:hr>
          </gpxtpx:TrackPointExtension>
        </extensions>
      </trkpt>
      <trkpt lat="-21.71722412109375" lon="166.19459509849548">
        <ele>13.0</ele>
        <time>2026-08-09T12:18:19Z</time>
        <extensions>
          <gpxtpx:TrackPointExtension>
            <gpxtpx:hr>133</gpxtpx:hr>
          </gpxtpx:TrackPointExtension>
        </extensions>
      </trkpt>
      <trkpt lat="-21.717600971460342" lon="166.1948847770691">
        <ele>13.0</ele>
        <time>2026-08-09T12:18:24Z</time>
        <extensions>
          <gpxtpx:TrackPointExtension>
            <gpxtpx:hr>132</gpxtpx:hr>
          </gpxtpx:TrackPointExtension>
        </extensions>
      </trkpt>
      <trkpt lat="-21.7180435359478" lon="166.19491696357727">
        <ele>13.0</ele>
        <time>2026-08-09T12:18:29Z</time>
        <extensions>
          <gpxtpx:TrackPointExtension>
            <gpxtpx:hr>125</gpxtpx:hr>
          </gpxtpx:TrackPointExtension>
        </extensions>
      </trkpt>
      <trkpt lat="-21.71830639243126" lon="166.194509267807">
        <ele>13.0</ele>
        <time>2026-08-09T12:18:34Z</time>
        <extensions>
          <gpxtpx:TrackPointExtension>
            <gpxtpx:hr>132</gpxtpx:hr>
          </gpxtpx:TrackPointExtension>
        </extensions>
      </trkpt>
      <trkpt lat="-21.718529015779495" lon="166.19406938552856">
        <ele>13.0</ele>
        <time>2026-08-09T12:18:39Z</time>
        <extensions>
          <gpxtpx:TrackPointExtension>
            <gpxtpx:hr>132</gpxtpx:hr>
          </gpxtpx:TrackPointExtension>
        </extensions>
      </trkpt>
      <trkpt lat="-21.718795895576477" lon="166.19367241859436">
        <ele>13.0</ele>
        <time>2026-08-09T12:18:44Z</time>
        <extensions>
          <gpxtpx:TrackPointExtension>
            <gpxtpx:hr>131</gpxtpx:hr>
          </gpxtpx:TrackPointExtension>
        </extensions>
      </trkpt>
      <trkpt lat="-21.718891113996506" lon="166.19320034980774">
        <ele>13.0</ele>
        <time>2026-08-09T12:18:49Z</time>
        <extensions>
          <gpxtpx:TrackPointExtension>
            <gpxtpx:hr>131</gpxtpx:hr>
          </gpxtpx:TrackPointExtension>
        </extensions>
      </trkpt>
      <trkpt lat="-21.719029247760773" lon="166.192706823349">
        <ele>13.0</ele>
        <time>2026-08-09T12:18:54Z</time>
        <extensions>
          <gpxtpx:TrackPointExtension>
            <gpxtpx:hr>128</gpxtpx:hr>
          </gpxtpx:TrackPointExtension>
        </extensions>
      </trkpt>
      <trkpt lat="-21.719191521406174" lon="166.19222402572632">
        <ele>13.0</ele>
        <time>2026-08-09T12:18:59Z</time>
        <extensions>
          <gpxtpx:TrackPointExtension>
            <gpxtpx:hr>132</gpxtpx:hr>
          </gpxtpx:TrackPointExtension>
        </extensions>
      </trkpt>
      <trkpt lat="-21.719155311584473" lon="166.19171977043152">
        <ele>13.0</ele>
        <time>2026-08-09T12:19:04Z</time>
        <extensions>
          <gpxtpx:TrackPointExtension>
            <gpxtpx:hr>134</gpxtpx:hr>
          </gpxtpx:TrackPointExtension>
        </extensions>
      </trkpt>
      <trkpt lat="-21.719026565551758" lon="166.19122624397278">
        <ele>13.0</ele>
        <time>2026-08-09T12:19:09Z</time>
        <extensions>
          <gpxtpx:TrackPointExtension>
            <gpxtpx:hr>134</gpxtpx:hr>
          </gpxtpx:TrackPointExtension>
        </extensions>
      </trkpt>
      <trkpt lat="-21.718719452619553" lon="166.1908507347107">
        <ele>13.800000190734863</ele>
        <time>2026-08-09T12:19:14Z</time>
        <extensions>
          <gpxtpx:TrackPointExtension>
            <gpxtpx:hr>133</gpxtpx:hr>
          </gpxtpx:TrackPointExtension>
        </extensions>
      </trkpt>
      <trkpt lat="-21.718424409627914" lon="166.19053959846497">
        <ele>15.199999809265137</ele>
        <time>2026-08-09T12:19:19Z</time>
        <extensions>
          <gpxtpx:TrackPointExtension>
            <gpxtpx:hr>132</gpxtpx:hr>
          </gpxtpx:TrackPointExtension>
        </extensions>
      </trkpt>
      <trkpt lat="-21.71801671385765" lon="166.19038939476013">
        <ele>13.399999618530273</ele>
        <time>2026-08-09T12:19:24Z</time>
        <extensions>
          <gpxtpx:TrackPointExtension>
            <gpxtpx:hr>131</gpxtpx:hr>
          </gpxtpx:TrackPointExtension>
        </extensions>
      </trkpt>
      <trkpt lat="-21.717598289251328" lon="166.19011044502258">
        <ele>13.399999618530273</ele>
        <time>2026-08-09T12:19:29Z</time>
        <extensions>
          <gpxtpx:TrackPointExtension>
            <gpxtpx:hr>129</gpxtpx:hr>
          </gpxtpx:TrackPointExtension>
        </extensions>
      </trkpt>
      <trkpt lat="-21.71724557876587" lon="166.18981003761292">
        <ele>14.800000190734863</ele>
        <time>2026-08-09T12:19:34Z</time>
        <extensions>
          <gpxtpx:TrackPointExtension>
            <gpxtpx:hr>130</gpxtpx:hr>
          </gpxtpx:TrackPointExtension>
        </extensions>
      </trkpt>
      <trkpt lat="-21.717006862163544" lon="166.1894452571869">
        <ele>15.800000190734863</ele>
        <time>2026-08-09T12:19:39Z</time>
        <extensions>
          <gpxtpx:TrackPointExtension>
            <gpxtpx:hr>130</gpxtpx:hr>
          </gpxtpx:TrackPointExtension>
        </extensions>
      </trkpt>
      <trkpt lat="-21.716911643743515" lon="166.18902683258057">
        <ele>16.200000762939453</ele>
        <time>2026-08-09T12:19:44Z</time>
        <extensions>
          <gpxtpx:TrackPointExtension>
            <gpxtpx:hr>130</gpxtpx:hr>
          </gpxtpx:TrackPointExtension>
        </extensions>
      </trkpt>
      <trkpt lat="-21.71689286828041" lon="166.18859767913818">
        <ele>16.399999618530273</ele>
        <time>2026-08-09T12:19:49Z</time>
        <extensions>
          <gpxtpx:TrackPointExtension>
            <gpxtpx:hr>130</gpxtpx:hr>
          </gpxtpx:TrackPointExtension>
        </extensions>
      </trkpt>
      <trkpt lat="-21.716947853565216" lon="166.18815779685974">
        <ele>15.800000190734863</ele>
        <time>2026-08-09T12:19:54Z</time>
        <extensions>
          <gpxtpx:TrackPointExtension>
            <gpxtpx:hr>131</gpxtpx:hr>
          </gpxtpx:TrackPointExtension>
        </extensions>
      </trkpt>
      <trkpt lat="-21.71714499592781" lon="166.18768572807312">
        <ele>14.0</ele>
        <time>2026-08-09T12:19:59Z</time>
        <extensions>
          <gpxtpx:TrackPointExtension>
            <gpxtpx:hr>133</gpxtpx:hr>
          </gpxtpx:TrackPointExtension>
        </extensions>
      </trkpt>
      <trkpt lat="-21.717343479394913" lon="166.1872136592865">
        <ele>15.800000190734863</ele>
        <time>2026-08-09T12:20:04Z</time>
        <extensions>
          <gpxtpx:TrackPointExtension>
            <gpxtpx:hr>133</gpxtpx:hr>
          </gpxtpx:TrackPointExtension>
        </extensions>
      </trkpt>
      <trkpt lat="-21.71758085489273" lon="166.18682742118835">
        <ele>15.800000190734863</ele>
        <time>2026-08-09T12:20:09Z</time>
        <extensions>
          <gpxtpx:TrackPointExtension>
            <gpxtpx:hr>133</gpxtpx:hr>
          </gpxtpx:TrackPointExtension>
        </extensions>
      </trkpt>
      <trkpt lat="-21.7179174721241" lon="166.1864411830902">
        <ele>13.600000381469727</ele>
        <time>2026-08-09T12:20:14Z</time>
        <extensions>
          <gpxtpx:TrackPointExtension>
            <gpxtpx:hr>132</gpxtpx:hr>
          </gpxtpx:TrackPointExtension>
        </extensions>
      </trkpt>
      <trkpt lat="-21.718398928642273" lon="166.18630170822144">
        <ele>14.800000190734863</ele>
        <time>2026-08-09T12:20:19Z</time>
        <extensions>
          <gpxtpx:TrackPointExtension>
            <gpxtpx:hr>133</gpxtpx:hr>
          </gpxtpx:TrackPointExtension>
        </extensions>
      </trkpt>
      <trkpt lat="-21.71883076429367" lon="166.18640899658203">
        <ele>15.199999809265137</ele>
        <time>2026-08-09T12:20:24Z</time>
        <extensions>
          <gpxtpx:TrackPointExtension>
            <gpxtpx:hr>131</gpxtpx:hr>
          </gpxtpx:TrackPointExtension>
        </extensions>
      </trkpt>
      <trkpt lat="-21.719229072332382" lon="166.18669867515564">
        <ele>13.600000381469727</ele>
        <time>2026-08-09T12:20:29Z</time>
        <extensions>
          <gpxtpx:TrackPointExtension>
            <gpxtpx:hr>129</gpxtpx:hr>
          </gpxtpx:TrackPointExtension>
        </extensions>
      </trkpt>
      <trkpt lat="-21.71967163681984" lon="166.1869239807129">
        <ele>14.800000190734863</ele>
        <time>2026-08-09T12:20:34Z</time>
        <extensions>
          <gpxtpx:TrackPointExtension>
            <gpxtpx:hr>129</gpxtpx:hr>
          </gpxtpx:TrackPointExtension>
        </extensions>
      </trkpt>
      <trkpt lat="-21.7200967669487" lon="166.1870312690735">
        <ele>14.800000190734863</ele>
        <time>2026-08-09T12:20:39Z</time>
        <extensions>
          <gpxtpx:TrackPointExtension>
            <gpxtpx:hr>129</gpxtpx:hr>
          </gpxtpx:TrackPointExtension>
        </extensions>
      </trkpt>
      <trkpt lat="-21.720582246780396" lon="166.1869990825653">
        <ele>13.600000381469727</ele>
        <time>2026-08-09T12:20:44Z</time>
        <extensions>
          <gpxtpx:TrackPointExtension>
            <gpxtpx:hr>129</gpxtpx:hr>
          </gpxtpx:TrackPointExtension>
        </extensions>
      </trkpt>
      <trkpt lat="-21.72101140022278" lon="166.18682742118835">
        <ele>15.399999618530273</ele>
        <time>2026-08-09T12:20:49Z</time>
        <extensions>
          <gpxtpx:TrackPointExtension>
            <gpxtpx:hr>129</gpxtpx:hr>
          </gpxtpx:TrackPointExtension>
        </extensions>
      </trkpt>
      <trkpt lat="-21.721297055482864" lon="166.1864948272705">
        <ele>14.399999618530273</ele>
        <time>2026-08-09T12:20:54Z</time>
        <extensions>
          <gpxtpx:TrackPointExtension>
            <gpxtpx:hr>129</gpxtpx:hr>
          </gpxtpx:TrackPointExtension>
        </extensions>
      </trkpt>
      <trkpt lat="-21.721545159816742" lon="166.18606567382812">
        <ele>14.800000190734863</ele>
        <time>2026-08-09T12:20:59Z</time>
        <extensions>
          <gpxtpx:TrackPointExtension>
            <gpxtpx:hr>130</gpxtpx:hr>
          </gpxtpx:TrackPointExtension>
        </extensions>
      </trkpt>
      <trkpt lat="-21.721727550029755" lon="166.18565797805786">
        <ele>16.200000762939453</ele>
        <time>2026-08-09T12:21:04Z</time>
        <extensions>
          <gpxtpx:TrackPointExtension>
            <gpxtpx:hr>131</gpxtpx:hr>
          </gpxtpx:TrackPointExtension>
        </extensions>
      </trkpt>
      <trkpt lat="-21.7218080163002" lon="166.18526101112366">
        <ele>17.799999237060547</ele>
        <time>2026-08-09T12:21:09Z</time>
        <extensions>
          <gpxtpx:TrackPointExtension>
            <gpxtpx:hr>131</gpxtpx:hr>
          </gpxtpx:TrackPointExtension>
        </extensions>
      </trkpt>
      <trkpt lat="-21.721783876419067" lon="166.18489623069763">
        <ele>18.200000762939453</ele>
        <time>2026-08-09T12:21:14Z</time>
        <extensions>
          <gpxtpx:TrackPointExtension>
            <gpxtpx:hr>129</gpxtpx:hr>
          </gpxtpx:TrackPointExtension>
        </extensions>
      </trkpt>
      <trkpt lat="-21.721660494804382" lon="166.1844778060913">
        <ele>16.399999618530273</ele>
        <time>2026-08-09T12:21:19Z</time>
        <extensions>
          <gpxtpx:TrackPointExtension>
            <gpxtpx:hr>130</gpxtpx:hr>
          </gpxtpx:TrackPointExtension>
        </extensions>
      </trkpt>
      <trkpt lat="-21.7213574051857" lon="166.18407011032104">
        <ele>15.0</ele>
        <time>2026-08-09T12:21:24Z</time>
        <extensions>
          <gpxtpx:TrackPointExtension>
            <gpxtpx:hr>129</gpxtpx:hr>
          </gpxtpx:TrackPointExtension>
        </extensions>
      </trkpt>
      <trkpt lat="-21.720909476280212" lon="166.1839199066162">
        <ele>16.600000381469727</ele>
        <time>2026-08-09T12:21:29Z</time>
        <extensions>
          <gpxtpx:TrackPointExtension>
            <gpxtpx:hr>128</gpxtpx:hr>
          </gpxtpx:TrackPointExtension>
        </extensions>
      </trkpt>
      <trkpt lat="-21.720499098300934" lon="166.18387699127197">
        <ele>17.600000381469727</ele>
        <time>2026-08-09T12:21:34Z</time>
        <extensions>
          <gpxtpx:TrackPointExtension>
            <gpxtpx:hr>129</gpxtpx:hr>
          </gpxtpx:TrackPointExtension>
        </extensions>
      </trkpt>
      <trkpt lat="-21.720077991485596" lon="166.1839199066162">
        <ele>16.600000381469727</ele>
        <time>2026-08-09T12:21:39Z</time>
        <extensions>
          <gpxtpx:TrackPointExtension>
            <gpxtpx:hr>128</gpxtpx:hr>
          </gpxtpx:TrackPointExtension>
        </extensions>
      </trkpt>
      <trkpt lat="-21.719600558280945" lon="166.18398427963257">
        <ele>15.399999618530273</ele>
        <time>2026-08-09T12:21:44Z</time>
        <extensions>
          <gpxtpx:TrackPointExtension>
            <gpxtpx:hr>128</gpxtpx:hr>
          </gpxtpx:TrackPointExtension>
        </extensions>
      </trkpt>
      <trkpt lat="-21.719168722629547" lon="166.18374824523926">
        <ele>15.600000381469727</ele>
        <time>2026-08-09T12:21:49Z</time>
        <extensions>
          <gpxtpx:TrackPointExtension>
            <gpxtpx:hr>129</gpxtpx:hr>
          </gpxtpx:TrackPointExtension>
        </extensions>
      </trkpt>
      <trkpt lat="-21.71896755695343" lon="166.183340549469">
        <ele>17.600000381469727</ele>
        <time>2026-08-09T12:21:54Z</time>
        <extensions>
          <gpxtpx:TrackPointExtension>
            <gpxtpx:hr>130</gpxtpx:hr>
          </gpxtpx:TrackPointExtension>
        </extensions>
      </trkpt>
      <trkpt lat="-21.718861609697342" lon="166.18295431137085">
        <ele>18.600000381469727</ele>
        <time>2026-08-09T12:21:59Z</time>
        <extensions>
          <gpxtpx:TrackPointExtension>
            <gpxtpx:hr>129</gpxtpx:hr>
          </gpxtpx:TrackPointExtension>
        </extensions>
      </trkpt>
      <trkpt lat="-21.71888843178749" lon="166.18252515792847">
        <ele>17.600000381469727</ele>
        <time>2026-08-09T12:22:04Z</time>
        <extensions>
          <gpxtpx:TrackPointExtension>
            <gpxtpx:hr>129</gpxtpx:hr>
          </gpxtpx:TrackPointExtension>
        </extensions>
      </trkpt>
      <trkpt lat="-21.719116419553757" lon="166.18212819099426">
        <ele>18.200000762939453</ele>
        <time>2026-08-09T12:22:09Z</time>
        <extensions>
          <gpxtpx:TrackPointExtension>
            <gpxtpx:hr>130</gpxtpx:hr>
          </gpxtpx:TrackPointExtension>
        </extensions>
      </trkpt>
      <trkpt lat="-21.71941414475441" lon="166.18185997009277">
        <ele>19.200000762939453</ele>
        <time>2026-08-09T12:22:14Z</time>
        <extensions>
          <gpxtpx:TrackPointExtension>
            <gpxtpx:hr>129</gpxtpx:hr>
          </gpxtpx:TrackPointExtension>
        </extensions>
      </trkpt>
      <trkpt lat="-21.719736009836197" lon="166.18157029151917">
        <ele>17.799999237060547</ele>
        <time>2026-08-09T12:22:19Z</time>
        <extensions>
          <gpxtpx:TrackPointExtension>
            <gpxtpx:hr>127</gpxtpx:hr>
          </gpxtpx:TrackPointExtension>
        </extensions>
      </trkpt>
      <trkpt lat="-21.720051169395447" lon="166.18117332458496">
        <ele>17.200000762939453</ele>
        <time>2026-08-09T12:22:24Z</time>
        <extensions>
          <gpxtpx:TrackPointExtension>
            <gpxtpx:hr>126</gpxtpx:hr>
          </gpxtpx:TrackPointExtension>
        </extensions>
      </trkpt>
      <trkpt lat="-21.720150411128998" lon="166.18070125579834">
        <ele>17.600000381469727</ele>
        <time>2026-08-09T12:22:29Z</time>
        <extensions>
          <gpxtpx:TrackPointExtension>
            <gpxtpx:hr>126</gpxtpx:hr>
          </gpxtpx:TrackPointExtension>
        </extensions>
      </trkpt>
      <trkpt lat="-21.720036417245865" lon="166.18016481399536">
        <ele>15.800000190734863</ele>
        <time>2026-08-09T12:22:34Z</time>
        <extensions>
          <gpxtpx:TrackPointExtension>
            <gpxtpx:hr>129</gpxtpx:hr>
          </gpxtpx:TrackPointExtension>
        </extensions>
      </trkpt>
      <trkpt lat="-21.719805747270584" lon="166.17967128753662">
        <ele>16.799999237060547</ele>
        <time>2026-08-09T12:22:39Z</time>
        <extensions>
          <gpxtpx:TrackPointExtension>
            <gpxtpx:hr>128</gpxtpx:hr>
          </gpxtpx:TrackPointExtension>
        </extensions>
      </trkpt>
      <trkpt lat="-21.71954020857811" lon="166.17929577827454">
        <ele>18.399999618530273</ele>
        <time>2026-08-09T12:22:44Z</time>
        <extensions>
          <gpxtpx:TrackPointExtension>
            <gpxtpx:hr>128</gpxtpx:hr>
          </gpxtpx:TrackPointExtension>
        </extensions>
      </trkpt>
      <trkpt lat="-21.719223707914352" lon="166.17900609970093">
        <ele>17.600000381469727</ele>
        <time>2026-08-09T12:22:49Z</time>
        <extensions>
          <gpxtpx:TrackPointExtension>
            <gpxtpx:hr>128</gpxtpx:hr>
          </gpxtpx:TrackPointExtension>
        </extensions>
      </trkpt>
      <trkpt lat="-21.71881601214409" lon="166.17871642112732">
        <ele>15.600000381469727</ele>
        <time>2026-08-09T12:22:54Z</time>
        <extensions>
          <gpxtpx:TrackPointExtension>
            <gpxtpx:hr>128</gpxtpx:hr>
          </gpxtpx:TrackPointExtension>
        </extensions>
      </trkpt>
      <trkpt lat="-21.718392223119736" lon="166.1784267425537">
        <ele>16.799999237060547</ele>
        <time>2026-08-09T12:22:59Z</time>
        <extensions>
          <gpxtpx:TrackPointExtension>
            <gpxtpx:hr>128</gpxtpx:hr>
          </gpxtpx:TrackPointExtension>
        </extensions>
      </trkpt>
      <trkpt lat="-21.71805426478386" lon="166.17810487747192">
        <ele>16.600000381469727</ele>
        <time>2026-08-09T12:23:04Z</time>
        <extensions>
          <gpxtpx:TrackPointExtension>
            <gpxtpx:hr>128</gpxtpx:hr>
          </gpxtpx:TrackPointExtension>
        </extensions>
      </trkpt>
      <trkpt lat="-21.71774983406067" lon="166.17766499519348">
        <ele>14.600000381469727</ele>
        <time>2026-08-09T12:23:09Z</time>
        <extensions>
          <gpxtpx:TrackPointExtension>
            <gpxtpx:hr>128</gpxtpx:hr>
          </gpxtpx:TrackPointExtension>
        </extensions>
      </trkpt>
      <trkpt lat="-21.71756073832512" lon="166.17716073989868">
        <ele>15.199999809265137</ele>
        <time>2026-08-09T12:23:14Z</time>
        <extensions>
          <gpxtpx:TrackPointExtension>
            <gpxtpx:hr>128</gpxtpx:hr>
          </gpxtpx:TrackPointExtension>
        </extensions>
      </trkpt>
      <trkpt lat="-21.717461496591568" lon="166.17666721343994">
        <ele>16.200000762939453</ele>
        <time>2026-08-09T12:23:19Z</time>
        <extensions>
          <gpxtpx:TrackPointExtension>
            <gpxtpx:hr>128</gpxtpx:hr>
          </gpxtpx:TrackPointExtension>
        </extensions>
      </trkpt>
      <trkpt lat="-21.717395782470703" lon="166.17619514465332">
        <ele>16.200000762939453</ele>
        <time>2026-08-09T12:23:24Z</time>
        <extensions>
          <gpxtpx:TrackPointExtension>
            <gpxtpx:hr>127</gpxtpx:hr>
          </gpxtpx:TrackPointExtension>
        </extensions>
      </trkpt>
      <trkpt lat="-21.71749770641327" lon="166.17575526237488">
        <ele>16.799999237060547</ele>
        <time>2026-08-09T12:23:29Z</time>
        <extensions>
          <gpxtpx:TrackPointExtension>
            <gpxtpx:hr>129</gpxtpx:hr>
          </gpxtpx:TrackPointExtension>
        </extensions>
      </trkpt>
      <trkpt lat="-21.71776056289673" lon="166.17542266845703">
        <ele>18.0</ele>
        <time>2026-08-09T12:23:34Z</time>
        <extensions>
          <gpxtpx:TrackPointExtension>
            <gpxtpx:hr>130</gpxtpx:hr>
          </gpxtpx:TrackPointExtension>
        </extensions>
      </trkpt>
      <trkpt lat="-21.718010008335114" lon="166.1751115322113">
        <ele>18.399999618530273</ele>
        <time>2026-08-09T12:23:39Z</time>
        <extensions>
          <gpxtpx:TrackPointExtension>
            <gpxtpx:hr>129</gpxtpx:hr>
          </gpxtpx:TrackPointExtension>
        </extensions>
      </trkpt>
      <trkpt lat="-21.71830102801323" lon="166.17478966712952">
        <ele>18.200000762939453</ele>
        <time>2026-08-09T12:23:44Z</time>
        <extensions>
          <gpxtpx:TrackPointExtension>
            <gpxtpx:hr>130</gpxtpx:hr>
          </gpxtpx:TrackPointExtension>
        </extensions>
      </trkpt>
      <trkpt lat="-21.71834796667099" lon="166.17434978485107">
        <ele>18.200000762939453</ele>
        <time>2026-08-09T12:23:49Z</time>
        <extensions>
          <gpxtpx:TrackPointExtension>
            <gpxtpx:hr>129</gpxtpx:hr>
          </gpxtpx:TrackPointExtension>
        </extensions>
      </trkpt>
      <trkpt lat="-21.718125343322754" lon="166.1739206314087">
        <ele>18.600000381469727</ele>
        <time>2026-08-09T12:23:54Z</time>
        <extensions>
          <gpxtpx:TrackPointExtension>
            <gpxtpx:hr>128</gpxtpx:hr>
          </gpxtpx:TrackPointExtension>
        </extensions>
      </trkpt>
      <trkpt lat="-21.717877238988876" lon="166.1735236644745">
        <ele>19.200000762939453</ele>
        <time>2026-08-09T12:23:59Z</time>
        <extensions>
          <gpxtpx:TrackPointExtension>
            <gpxtpx:hr>128</gpxtpx:hr>
          </gpxtpx:TrackPointExtension>
        </extensions>
      </trkpt>
      <trkpt lat="-21.717610359191895" lon="166.17318034172058">
        <ele>19.600000381469727</ele>
        <time>2026-08-09T12:24:04Z</time>
        <extensions>
          <gpxtpx:TrackPointExtension>
            <gpxtpx:hr>125</gpxtpx:hr>
          </gpxtpx:TrackPointExtension>
        </extensions>
      </trkpt>
      <trkpt lat="-21.717285811901093" lon="166.17289066314697">
        <ele>19.799999237060547</ele>
        <time>2026-08-09T12:24:09Z</time>
        <extensions>
          <gpxtpx:TrackPointExtension>
            <gpxtpx:hr>130</gpxtpx:hr>
          </gpxtpx:TrackPointExtension>
        </extensions>
      </trkpt>
      <trkpt lat="-21.71690359711647" lon="166.17268681526184">
        <ele>20.0</ele>
        <time>2026-08-09T12:24:14Z</time>
        <extensions>
          <gpxtpx:TrackPointExtension>
            <gpxtpx:hr>128</gpxtpx:hr>
          </gpxtpx:TrackPointExtension>
        </extensions>
      </trkpt>
      <trkpt lat="-21.716584414243698" lon="166.17236495018005">
        <ele>19.600000381469727</ele>
        <time>2026-08-09T12:24:19Z</time>
        <extensions>
          <gpxtpx:TrackPointExtension>
            <gpxtpx:hr>130</gpxtpx:hr>
          </gpxtpx:TrackPointExtension>
        </extensions>
      </trkpt>
      <trkpt lat="-21.71638324856758" lon="166.1719250679016">
        <ele>18.399999618530273</ele>
        <time>2026-08-09T12:24:24Z</time>
        <extensions>
          <gpxtpx:TrackPointExtension>
            <gpxtpx:hr>130</gpxtpx:hr>
          </gpxtpx:TrackPointExtension>
        </extensions>
      </trkpt>
      <trkpt lat="-21.716128438711166" lon="166.171452999115">
        <ele>17.600000381469727</ele>
        <time>2026-08-09T12:24:29Z</time>
        <extensions>
          <gpxtpx:TrackPointExtension>
            <gpxtpx:hr>130</gpxtpx:hr>
          </gpxtpx:TrackPointExtension>
        </extensions>
      </trkpt>
      <trkpt lat="-21.715710014104843" lon="166.17116332054138">
        <ele>17.600000381469727</ele>
        <time>2026-08-09T12:24:34Z</time>
        <extensions>
          <gpxtpx:TrackPointExtension>
            <gpxtpx:hr>130</gpxtpx:hr>
          </gpxtpx:TrackPointExtension>
        </extensions>
      </trkpt>
      <trkpt lat="-21.715483367443085" lon="166.170734167099">
        <ele>17.799999237060547</ele>
        <time>2026-08-09T12:24:39Z</time>
        <extensions>
          <gpxtpx:TrackPointExtension>
            <gpxtpx:hr>132</gpxtpx:hr>
          </gpxtpx:TrackPointExtension>
        </extensions>
      </trkpt>
      <trkpt lat="-21.71560138463974" lon="166.17027282714844">
        <ele>18.600000381469727</ele>
        <time>2026-08-09T12:24:44Z</time>
        <extensions>
          <gpxtpx:TrackPointExtension>
            <gpxtpx:hr>133</gpxtpx:hr>
          </gpxtpx:TrackPointExtension>
        </extensions>
      </trkpt>
      <trkpt lat="-21.715909838676453" lon="166.17000460624695">
        <ele>19.600000381469727</ele>
        <time>2026-08-09T12:24:49Z</time>
        <extensions>
          <gpxtpx:TrackPointExtension>
            <gpxtpx:hr>132</gpxtpx:hr>
          </gpxtpx:TrackPointExtension>
        </extensions>
      </trkpt>
      <trkpt lat="-21.71628400683403" lon="166.16998314857483">
        <ele>21.0</ele>
        <time>2026-08-09T12:24:54Z</time>
        <extensions>
          <gpxtpx:TrackPointExtension>
            <gpxtpx:hr>131</gpxtpx:hr>
          </gpxtpx:TrackPointExtension>
        </extensions>
      </trkpt>
      <trkpt lat="-21.71659380197525" lon="166.16983294487">
        <ele>21.600000381469727</ele>
        <time>2026-08-09T12:24:59Z</time>
        <extensions>
          <gpxtpx:TrackPointExtension>
            <gpxtpx:hr>132</gpxtpx:hr>
          </gpxtpx:TrackPointExtension>
        </extensions>
      </trkpt>
      <trkpt lat="-21.71655759215355" lon="166.16946816444397">
        <ele>22.399999618530273</ele>
        <time>2026-08-09T12:25:04Z</time>
        <extensions>
          <gpxtpx:TrackPointExtension>
            <gpxtpx:hr>132</gpxtpx:hr>
          </gpxtpx:TrackPointExtension>
        </extensions>
      </trkpt>
      <trkpt lat="-21.716387271881104" lon="166.16914629936218">
        <ele>23.200000762939453</ele>
        <time>2026-08-09T12:25:09Z</time>
        <extensions>
          <gpxtpx:TrackPointExtension>
            <gpxtpx:hr>130</gpxtpx:hr>
          </gpxtpx:TrackPointExtension>
        </extensions>
      </trkpt>
      <trkpt lat="-21.7164409160614" lon="166.16874933242798">
        <ele>21.799999237060547</ele>
        <time>2026-08-09T12:25:14Z</time>
        <extensions>
          <gpxtpx:TrackPointExtension>
            <gpxtpx:hr>129</gpxtpx:hr>
          </gpxtpx:TrackPointExtension>
        </extensions>
      </trkpt>
      <trkpt lat="-21.716034561395645" lon="166.16868495941162">
        <ele>20.399999618530273</ele>
        <time>2026-08-09T12:25:19Z</time>
        <extensions>
          <gpxtpx:TrackPointExtension>
            <gpxtpx:hr>129</gpxtpx:hr>
          </gpxtpx:TrackPointExtension>
        </extensions>
      </trkpt>
      <trkpt lat="-21.715646982192993" lon="166.16897463798523">
        <ele>22.0</ele>
        <time>2026-08-09T12:25:24Z</time>
        <extensions>
          <gpxtpx:TrackPointExtension>
            <gpxtpx:hr>130</gpxtpx:hr>
          </gpxtpx:TrackPointExtension>
        </extensions>
      </trkpt>
      <trkpt lat="-21.71530768275261" lon="166.16925358772278">
        <ele>23.399999618530273</ele>
        <time>2026-08-09T12:25:29Z</time>
        <extensions>
          <gpxtpx:TrackPointExtension>
            <gpxtpx:hr>126</gpxtpx:hr>
          </gpxtpx:TrackPointExtension>
        </extensions>
      </trkpt>
      <trkpt lat="-21.714999228715897" lon="166.16947889328003">
        <ele>24.799999237060547</ele>
        <time>2026-08-09T12:25:34Z</time>
        <extensions>
          <gpxtpx:TrackPointExtension>
            <gpxtpx:hr>130</gpxtpx:hr>
          </gpxtpx:TrackPointExtension>
        </extensions>
      </trkpt>
      <trkpt lat="-21.714706867933273" lon="166.16971492767334">
        <ele>25.200000762939453</ele>
        <time>2026-08-09T12:25:39Z</time>
        <extensions>
          <gpxtpx:TrackPointExtension>
            <gpxtpx:hr>133</gpxtpx:hr>
          </gpxtpx:TrackPointExtension>
        </extensions>
      </trkpt>
      <trkpt lat="-21.714391708374023" lon="166.1699616909027">
        <ele>25.200000762939453</ele>
        <time>2026-08-09T12:25:44Z</time>
        <extensions>
          <gpxtpx:TrackPointExtension>
            <gpxtpx:hr>131</gpxtpx:hr>
          </gpxtpx:TrackPointExtension>
        </extensions>
      </trkpt>
      <trkpt lat="-21.714060455560684" lon="166.17021918296814">
        <ele>25.200000762939453</ele>
        <time>2026-08-09T12:25:49Z</time>
        <extensions>
          <gpxtpx:TrackPointExtension>
            <gpxtpx:hr>133</gpxtpx:hr>
          </gpxtpx:TrackPointExtension>
        </extensions>
      </trkpt>
      <trkpt lat="-21.713686287403107" lon="166.17048740386963">
        <ele>23.600000381469727</ele>
        <time>2026-08-09T12:25:54Z</time>
        <extensions>
          <gpxtpx:TrackPointExtension>
            <gpxtpx:hr>133</gpxtpx:hr>
          </gpxtpx:TrackPointExtension>
        </extensions>
      </trkpt>
      <trkpt lat="-21.713262498378754" lon="166.17080926895142">
        <ele>22.0</ele>
        <time>2026-08-09T12:25:59Z</time>
        <extensions>
          <gpxtpx:TrackPointExtension>
            <gpxtpx:hr>131</gpxtpx:hr>
          </gpxtpx:TrackPointExtension>
        </extensions>
      </trkpt>
      <trkpt lat="-21.71281859278679" lon="166.17114186286926">
        <ele>20.200000762939453</ele>
        <time>2026-08-09T12:26:04Z</time>
        <extensions>
          <gpxtpx:TrackPointExtension>
            <gpxtpx:hr>128</gpxtpx:hr>
          </gpxtpx:TrackPointExtension>
        </extensions>
      </trkpt>
      <trkpt lat="-21.71253427863121" lon="166.17162466049194">
        <ele>18.600000381469727</ele>
        <time>2026-08-09T12:26:09Z</time>
        <extensions>
          <gpxtpx:TrackPointExtension>
            <gpxtpx:hr>128</gpxtpx:hr>
          </gpxtpx:TrackPointExtension>
        </extensions>
      </trkpt>
      <trkpt lat="-21.713009029626846" lon="166.17186069488525">
        <ele>18.200000762939453</ele>
        <time>2026-08-09T12:26:14Z</time>
        <extensions>
          <gpxtpx:TrackPointExtension>
            <gpxtpx:hr>131</gpxtpx:hr>
          </gpxtpx:TrackPointExtension>
        </extensions>
      </trkpt>
      <trkpt lat="-21.71336978673935" lon="166.17148518562317">
        <ele>19.799999237060547</ele>
        <time>2026-08-09T12:26:19Z</time>
        <extensions>
          <gpxtpx:TrackPointExtension>
            <gpxtpx:hr>130</gpxtpx:hr>
          </gpxtpx:TrackPointExtension>
        </extensions>
      </trkpt>
      <trkpt lat="-21.713770776987076" lon="166.17131352424622">
        <ele>19.600000381469727</ele>
        <time>2026-08-09T12:26:24Z</time>
        <extensions>
          <gpxtpx:TrackPointExtension>
            <gpxtpx:hr>130</gpxtpx:hr>
          </gpxtpx:TrackPointExtension>
        </extensions>
      </trkpt>
      <trkpt lat="-21.714195907115936" lon="166.17109894752502">
        <ele>17.600000381469727</ele>
        <time>2026-08-09T12:26:29Z</time>
        <extensions>
          <gpxtpx:TrackPointExtension>
            <gpxtpx:hr>129</gpxtpx:hr>
          </gpxtpx:TrackPointExtension>
        </extensions>
      </trkpt>
      <trkpt lat="-21.714563369750977" lon="166.17070198059082">
        <ele>16.0</ele>
        <time>2026-08-09T12:26:34Z</time>
        <extensions>
          <gpxtpx:TrackPointExtension>
            <gpxtpx:hr>131</gpxtpx:hr>
          </gpxtpx:TrackPointExtension>
        </extensions>
      </trkpt>
      <trkpt lat="-21.714964359998703" lon="166.17038011550903">
        <ele>14.800000190734863</ele>
        <time>2026-08-09T12:26:39Z</time>
        <extensions>
          <gpxtpx:TrackPointExtension>
            <gpxtpx:hr>131</gpxtpx:hr>
          </gpxtpx:TrackPointExtension>
        </extensions>
      </trkpt>
      <trkpt lat="-21.714638471603394" lon="166.1699616909027">
        <ele>14.800000190734863</ele>
        <time>2026-08-09T12:26:44Z</time>
        <extensions>
          <gpxtpx:TrackPointExtension>
            <gpxtpx:hr>129</gpxtpx:hr>
          </gpxtpx:TrackPointExtension>
        </extensions>
      </trkpt>
      <trkpt lat="-21.714232116937637" lon="166.16958618164062">
        <ele>14.800000190734863</ele>
        <time>2026-08-09T12:26:49Z</time>
        <extensions>
          <gpxtpx:TrackPointExtension>
            <gpxtpx:hr>127</gpxtpx:hr>
          </gpxtpx:TrackPointExtension>
        </extensions>
      </trkpt>
      <trkpt lat="-21.713848561048508" lon="166.16924285888672">
        <ele>14.600000381469727</ele>
        <time>2026-08-09T12:26:54Z</time>
        <extensions>
          <gpxtpx:TrackPointExtension>
            <gpxtpx:hr>129</gpxtpx:hr>
          </gpxtpx:TrackPointExtension>
        </extensions>
      </trkpt>
      <trkpt lat="-21.713916957378387" lon="166.16874933242798">
        <ele>14.600000381469727</ele>
        <time>2026-08-09T12:26:59Z</time>
        <extensions>
          <gpxtpx:TrackPointExtension>
            <gpxtpx:hr>130</gpxtpx:hr>
          </gpxtpx:TrackPointExtension>
        </extensions>
      </trkpt>
      <trkpt lat="-21.71420395374298" lon="166.1683201789856">
        <ele>14.600000381469727</ele>
        <time>2026-08-09T12:27:04Z</time>
        <extensions>
          <gpxtpx:TrackPointExtension>
            <gpxtpx:hr>131</gpxtpx:hr>
          </gpxtpx:TrackPointExtension>
        </extensions>
      </trkpt>
      <trkpt lat="-21.714453399181366" lon="166.16790175437927">
        <ele>14.600000381469727</ele>
        <time>2026-08-09T12:27:09Z</time>
        <extensions>
          <gpxtpx:TrackPointExtension>
            <gpxtpx:hr>130</gpxtpx:hr>
          </gpxtpx:TrackPointExtension>
        </extensions>
      </trkpt>
      <trkpt lat="-21.714621037244797" lon="166.1674189567566">
        <ele>14.600000381469727</ele>
        <time>2026-08-09T12:27:14Z</time>
        <extensions>
          <gpxtpx:TrackPointExtension>
            <gpxtpx:hr>130</gpxtpx:hr>
          </gpxtpx:TrackPointExtension>
        </extensions>
      </trkpt>
      <trkpt lat="-21.714462786912918" lon="166.16694688796997">
        <ele>14.0</ele>
        <time>2026-08-09T12:27:19Z</time>
        <extensions>
          <gpxtpx:TrackPointExtension>
            <gpxtpx:hr>129</gpxtpx:hr>
          </gpxtpx:TrackPointExtension>
        </extensions>
      </trkpt>
      <trkpt lat="-21.714037656784058" lon="166.16673231124878">
        <ele>13.600000381469727</ele>
        <time>2026-08-09T12:27:24Z</time>
        <extensions>
          <gpxtpx:TrackPointExtension>
            <gpxtpx:hr>129</gpxtpx:hr>
          </gpxtpx:TrackPointExtension>
        </extensions>
      </trkpt>
      <trkpt lat="-21.713617891073227" lon="166.16694688796997">
        <ele>14.600000381469727</ele>
        <time>2026-08-09T12:27:29Z</time>
        <extensions>
          <gpxtpx:TrackPointExtension>
            <gpxtpx:hr>129</gpxtpx:hr>
          </gpxtpx:TrackPointExtension>
        </extensions>
      </trkpt>
      <trkpt lat="-21.713194102048874" lon="166.16711854934692">
        <ele>13.800000190734863</ele>
        <time>2026-08-09T12:27:34Z</time>
        <extensions>
          <gpxtpx:TrackPointExtension>
            <gpxtpx:hr>130</gpxtpx:hr>
          </gpxtpx:TrackPointExtension>
        </extensions>
      </trkpt>
      <trkpt lat="-21.712782382965088" lon="166.1669147014618">
        <ele>14.199999809265137</ele>
        <time>2026-08-09T12:27:39Z</time>
        <extensions>
          <gpxtpx:TrackPointExtension>
            <gpxtpx:hr>132</gpxtpx:hr>
          </gpxtpx:TrackPointExtension>
        </extensions>
      </trkpt>
      <trkpt lat="-21.712378710508347" lon="166.16676449775696">
        <ele>14.399999618530273</ele>
        <time>2026-08-09T12:27:44Z</time>
        <extensions>
          <gpxtpx:TrackPointExtension>
            <gpxtpx:hr>129</gpxtpx:hr>
          </gpxtpx:TrackPointExtension>
        </extensions>
      </trkpt>
      <trkpt lat="-21.711922734975815" lon="166.16673231124878">
        <ele>14.0</ele>
        <time>2026-08-09T12:27:49Z</time>
        <extensions>
          <gpxtpx:TrackPointExtension>
            <gpxtpx:hr>129</gpxtpx:hr>
          </gpxtpx:TrackPointExtension>
        </extensions>
      </trkpt>
      <trkpt lat="-21.711779236793518" lon="166.16631388664246">
        <ele>13.600000381469727</ele>
        <time>2026-08-09T12:27:54Z</time>
        <extensions>
          <gpxtpx:TrackPointExtension>
            <gpxtpx:hr>131</gpxtpx:hr>
          </gpxtpx:TrackPointExtension>
        </extensions>
      </trkpt>
      <trkpt lat="-21.711787283420563" lon="166.16578817367554">
        <ele>13.0</ele>
        <time>2026-08-09T12:27:59Z</time>
        <extensions>
          <gpxtpx:TrackPointExtension>
            <gpxtpx:hr>130</gpxtpx:hr>
          </gpxtpx:TrackPointExtension>
        </extensions>
      </trkpt>
      <trkpt lat="-21.711802035570145" lon="166.16527318954468">
        <ele>13.0</ele>
        <time>2026-08-09T12:28:04Z</time>
        <extensions>
          <gpxtpx:TrackPointExtension>
            <gpxtpx:hr>129</gpxtpx:hr>
          </gpxtpx:TrackPointExtension>
        </extensions>
      </trkpt>
      <trkpt lat="-21.71184629201889" lon="166.16475820541382">
        <ele>13.0</ele>
        <time>2026-08-09T12:28:09Z</time>
        <extensions>
          <gpxtpx:TrackPointExtension>
            <gpxtpx:hr>131</gpxtpx:hr>
          </gpxtpx:TrackPointExtension>
        </extensions>
      </trkpt>
      <trkpt lat="-21.711716204881668" lon="166.16427540779114">
        <ele>13.0</ele>
        <time>2026-08-09T12:28:14Z</time>
        <extensions>
          <gpxtpx:TrackPointExtension>
            <gpxtpx:hr>131</gpxtpx:hr>
          </gpxtpx:TrackPointExtension>
        </extensions>
      </trkpt>
      <trkpt lat="-21.711367517709732" lon="166.1639428138733">
        <ele>13.0</ele>
        <time>2026-08-09T12:28:19Z</time>
        <extensions>
          <gpxtpx:TrackPointExtension>
            <gpxtpx:hr>132</gpxtpx:hr>
          </gpxtpx:TrackPointExtension>
        </extensions>
      </trkpt>
      <trkpt lat="-21.711014807224274" lon="166.16361021995544">
        <ele>13.0</ele>
        <time>2026-08-09T12:28:24Z</time>
        <extensions>
          <gpxtpx:TrackPointExtension>
            <gpxtpx:hr>133</gpxtpx:hr>
          </gpxtpx:TrackPointExtension>
        </extensions>
      </trkpt>
      <trkpt lat="-21.710663437843323" lon="166.16325616836548">
        <ele>13.0</ele>
        <time>2026-08-09T12:28:29Z</time>
        <extensions>
          <gpxtpx:TrackPointExtension>
            <gpxtpx:hr>133</gpxtpx:hr>
          </gpxtpx:TrackPointExtension>
        </extensions>
      </trkpt>
      <trkpt lat="-21.71054944396019" lon="166.16279482841492">
        <ele>13.0</ele>
        <time>2026-08-09T12:28:34Z</time>
        <extensions>
          <gpxtpx:TrackPointExtension>
            <gpxtpx:hr>132</gpxtpx:hr>
          </gpxtpx:TrackPointExtension>
        </extensions>
      </trkpt>
      <trkpt lat="-21.710546761751175" lon="166.16230130195618">
        <ele>13.399999618530273</ele>
        <time>2026-08-09T12:28:39Z</time>
        <extensions>
          <gpxtpx:TrackPointExtension>
            <gpxtpx:hr>134</gpxtpx:hr>
          </gpxtpx:TrackPointExtension>
        </extensions>
      </trkpt>
      <trkpt lat="-21.710456907749176" lon="166.16185069084167">
        <ele>15.399999618530273</ele>
        <time>2026-08-09T12:28:44Z</time>
        <extensions>
          <gpxtpx:TrackPointExtension>
            <gpxtpx:hr>133</gpxtpx:hr>
          </gpxtpx:TrackPointExtension>
        </extensions>
      </trkpt>
      <trkpt lat="-21.710341572761536" lon="166.1614751815796">
        <ele>16.200000762939453</ele>
        <time>2026-08-09T12:28:49Z</time>
        <extensions>
          <gpxtpx:TrackPointExtension>
            <gpxtpx:hr>131</gpxtpx:hr>
          </gpxtpx:TrackPointExtension>
        </extensions>
      </trkpt>
      <trkpt lat="-21.71019673347473" lon="166.16105675697327">
        <ele>14.399999618530273</ele>
        <time>2026-08-09T12:28:54Z</time>
        <extensions>
          <gpxtpx:TrackPointExtension>
            <gpxtpx:hr>131</gpxtpx:hr>
          </gpxtpx:TrackPointExtension>
        </extensions>
      </trkpt>
      <trkpt lat="-21.70988157391548" lon="166.16065979003906">
        <ele>13.199999809265137</ele>
        <time>2026-08-09T12:28:59Z</time>
        <extensions>
          <gpxtpx:TrackPointExtension>
            <gpxtpx:hr>130</gpxtpx:hr>
          </gpxtpx:TrackPointExtension>
        </extensions>
      </trkpt>
      <trkpt lat="-21.70969381928444" lon="166.16024136543274">
        <ele>13.0</ele>
        <time>2026-08-09T12:29:04Z</time>
        <extensions>
          <gpxtpx:TrackPointExtension>
            <gpxtpx:hr>129</gpxtpx:hr>
          </gpxtpx:TrackPointExtension>
        </extensions>
      </trkpt>
      <trkpt lat="-21.709778308868408" lon="166.15979075431824">
        <ele>13.0</ele>
        <time>2026-08-09T12:29:09Z</time>
        <extensions>
          <gpxtpx:TrackPointExtension>
            <gpxtpx:hr>124</gpxtpx:hr>
          </gpxtpx:TrackPointExtension>
        </extensions>
      </trkpt>
      <trkpt lat="-21.710152477025986" lon="166.15973711013794">
        <ele>13.0</ele>
        <time>2026-08-09T12:29:14Z</time>
        <extensions>
          <gpxtpx:TrackPointExtension>
            <gpxtpx:hr>120</gpxtpx:hr>
          </gpxtpx:TrackPointExtension>
        </extensions>
      </trkpt>
      <trkpt lat="-21.710499823093414" lon="166.159747838974">
        <ele>13.0</ele>
        <time>2026-08-09T12:29:19Z</time>
        <extensions>
          <gpxtpx:TrackPointExtension>
            <gpxtpx:hr>118</gpxtpx:hr>
          </gpxtpx:TrackPointExtension>
        </extensions>
      </trkpt>
      <trkpt lat="-21.710813641548157" lon="166.159747838974">
        <ele>13.0</ele>
        <time>2026-08-09T12:29:24Z</time>
        <extensions>
          <gpxtpx:TrackPointExtension>
            <gpxtpx:hr>115</gpxtpx:hr>
          </gpxtpx:TrackPointExtension>
        </extensions>
      </trkpt>
      <trkpt lat="-21.71110063791275" lon="166.15975856781006">
        <ele>13.0</ele>
        <time>2026-08-09T12:29:29Z</time>
        <extensions>
          <gpxtpx:TrackPointExtension>
            <gpxtpx:hr>112</gpxtpx:hr>
          </gpxtpx:TrackPointExtension>
        </extensions>
      </trkpt>
      <trkpt lat="-21.711371541023254" lon="166.15975856781006">
        <ele>13.0</ele>
        <time>2026-08-09T12:29:34Z</time>
        <extensions>
          <gpxtpx:TrackPointExtension>
            <gpxtpx:hr>109</gpxtpx:hr>
          </gpxtpx:TrackPointExtension>
        </extensions>
      </trkpt>
      <trkpt lat="-21.711671948432922" lon="166.15975856781006">
        <ele>13.0</ele>
        <time>2026-08-09T12:29:39Z</time>
        <extensions>
          <gpxtpx:TrackPointExtension>
            <gpxtpx:hr>112</gpxtpx:hr>
          </gpxtpx:TrackPointExtension>
        </extensions>
      </trkpt>
      <trkpt lat="-21.712005883455276" lon="166.15975856781006">
        <ele>13.0</ele>
        <time>2026-08-09T12:29:44Z</time>
        <extensions>
          <gpxtpx:TrackPointExtension>
            <gpxtpx:hr>116</gpxtpx:hr>
          </gpxtpx:TrackPointExtension>
        </extensions>
      </trkpt>
      <trkpt lat="-21.71236127614975" lon="166.15975856781006">
        <ele>13.0</ele>
        <time>2026-08-09T12:29:49Z</time>
        <extensions>
          <gpxtpx:TrackPointExtension>
            <gpxtpx:hr>116</gpxtpx:hr>
          </gpxtpx:TrackPointExtension>
        </extensions>
      </trkpt>
      <trkpt lat="-21.71273410320282" lon="166.159747838974">
        <ele>13.0</ele>
        <time>2026-08-09T12:29:54Z</time>
        <extensions>
          <gpxtpx:TrackPointExtension>
            <gpxtpx:hr>116</gpxtpx:hr>
          </gpxtpx:TrackPointExtension>
        </extensions>
      </trkpt>
      <trkpt lat="-21.71304926276207" lon="166.15955471992493">
        <ele>13.0</ele>
        <time>2026-08-09T12:29:59Z</time>
        <extensions>
          <gpxtpx:TrackPointExtension>
            <gpxtpx:hr>114</gpxtpx:hr>
          </gpxtpx:TrackPointExtension>
        </extensions>
      </trkpt>
      <trkpt lat="-21.713239699602127" lon="166.15920066833496">
        <ele>13.0</ele>
        <time>2026-08-09T12:30:04Z</time>
        <extensions>
          <gpxtpx:TrackPointExtension>
            <gpxtpx:hr>113</gpxtpx:hr>
          </gpxtpx:TrackPointExtension>
        </extensions>
      </trkpt>
      <trkpt lat="-21.71340599656105" lon="166.15887880325317">
        <ele>13.0</ele>
        <time>2026-08-09T12:30:09Z</time>
        <extensions>
          <gpxtpx:TrackPointExtension>
            <gpxtpx:hr>115</gpxtpx:hr>
          </gpxtpx:TrackPointExtension>
        </extensions>
      </trkpt>
      <trkpt lat="-21.71352669596672" lon="166.1585783958435">
        <ele>13.0</ele>
        <time>2026-08-09T12:30:14Z</time>
        <extensions>
          <gpxtpx:TrackPointExtension>
            <gpxtpx:hr>109</gpxtpx:hr>
          </gpxtpx:TrackPointExtension>
        </extensions>
      </trkpt>
      <trkpt lat="-21.71365812420845" lon="166.15829944610596">
        <ele>13.0</ele>
        <time>2026-08-09T12:30:19Z</time>
        <extensions>
          <gpxtpx:TrackPointExtension>
            <gpxtpx:hr>104</gpxtpx:hr>
          </gpxtpx:TrackPointExtension>
        </extensions>
      </trkpt>
      <trkpt lat="-21.713790893554688" lon="166.15804195404053">
        <ele>13.0</ele>
        <time>2026-08-09T12:30:24Z</time>
        <extensions>
          <gpxtpx:TrackPointExtension>
            <gpxtpx:hr>99</gpxtpx:hr>
          </gpxtpx:TrackPointExtension>
        </extensions>
      </trkpt>
      <trkpt lat="-21.713985353708267" lon="166.1578917503357">
        <ele>13.0</ele>
        <time>2026-08-09T12:30:29Z</time>
        <extensions>
          <gpxtpx:TrackPointExtension>
            <gpxtpx:hr>101</gpxtpx:hr>
          </gpxtpx:TrackPointExtension>
        </extensions>
      </trkpt>
      <trkpt lat="-21.71423614025116" lon="166.15780591964722">
        <ele>13.0</ele>
        <time>2026-08-09T12:30:34Z</time>
        <extensions>
          <gpxtpx:TrackPointExtension>
            <gpxtpx:hr>96</gpxtpx:hr>
          </gpxtpx:TrackPointExtension>
        </extensions>
      </trkpt>
      <trkpt lat="-21.71443462371826" lon="166.15761280059814">
        <ele>13.0</ele>
        <time>2026-08-09T12:30:39Z</time>
        <extensions>
          <gpxtpx:TrackPointExtension>
            <gpxtpx:hr>99</gpxtpx:hr>
          </gpxtpx:TrackPointExtension>
        </extensions>
      </trkpt>
      <trkpt lat="-21.71456202864647" lon="166.1573874950409">
        <ele>13.0</ele>
        <time>2026-08-09T12:30:44Z</time>
        <extensions>
          <gpxtpx:TrackPointExtension>
            <gpxtpx:hr>102</gpxtpx:hr>
          </gpxtpx:TrackPointExtension>
        </extensions>
      </trkpt>
      <trkpt lat="-21.714610308408737" lon="166.15710854530334">
        <ele>13.0</ele>
        <time>2026-08-09T12:30:49Z</time>
        <extensions>
          <gpxtpx:TrackPointExtension>
            <gpxtpx:hr>99</gpxtpx:hr>
          </gpxtpx:TrackPointExtension>
        </extensions>
      </trkpt>
      <trkpt lat="-21.714584827423096" lon="166.15681886672974">
        <ele>13.0</ele>
        <time>2026-08-09T12:30:54Z</time>
        <extensions>
          <gpxtpx:TrackPointExtension>
            <gpxtpx:hr>93</gpxtpx:hr>
          </gpxtpx:TrackPointExtension>
        </extensions>
      </trkpt>
      <trkpt lat="-21.714549958705902" lon="166.15651845932007">
        <ele>13.0</ele>
        <time>2026-08-09T12:30:59Z</time>
        <extensions>
          <gpxtpx:TrackPointExtension>
            <gpxtpx:hr>89</gpxtpx:hr>
          </gpxtpx:TrackPointExtension>
        </extensions>
      </trkpt>
      <trkpt lat="-21.714438647031784" lon="166.15623950958252">
        <ele>13.199999809265137</ele>
        <time>2026-08-09T12:31:04Z</time>
        <extensions>
          <gpxtpx:TrackPointExtension>
            <gpxtpx:hr>93</gpxtpx:hr>
          </gpxtpx:TrackPointExtension>
        </extensions>
      </trkpt>
      <trkpt lat="-21.714303195476532" lon="166.15599274635315">
        <ele>13.0</ele>
        <time>2026-08-09T12:31:09Z</time>
        <extensions>
          <gpxtpx:TrackPointExtension>
            <gpxtpx:hr>96</gpxtpx:hr>
          </gpxtpx:TrackPointExtension>
        </extensions>
      </trkpt>
      <trkpt lat="-21.71418383717537" lon="166.15570306777954">
        <ele>11.800000190734863</ele>
        <time>2026-08-09T12:31:14Z</time>
        <extensions>
          <gpxtpx:TrackPointExtension>
            <gpxtpx:hr>96</gpxtpx:hr>
          </gpxtpx:TrackPointExtension>
        </extensions>
      </trkpt>
      <trkpt lat="-21.714043021202087" lon="166.15538120269775">
        <ele>10.600000381469727</ele>
        <time>2026-08-09T12:31:19Z</time>
        <extensions>
          <gpxtpx:TrackPointExtension>
            <gpxtpx:hr>96</gpxtpx:hr>
          </gpxtpx:TrackPointExtension>
        </extensions>
      </trkpt>
      <trkpt lat="-21.714028269052505" lon="166.15501642227173">
        <ele>10.600000381469727</ele>
        <time>2026-08-09T12:31:24Z</time>
        <extensions>
          <gpxtpx:TrackPointExtension>
            <gpxtpx:hr>95</gpxtpx:hr>
          </gpxtpx:TrackPointExtension>
        </extensions>
      </trkpt>
      <trkpt lat="-21.714132875204086" lon="166.15471601486206">
        <ele>11.0</ele>
        <time>2026-08-09T12:31:29Z</time>
        <extensions>
          <gpxtpx:TrackPointExtension>
            <gpxtpx:hr>95</gpxtpx:hr>
          </gpxtpx:TrackPointExtension>
        </extensions>
      </trkpt>
      <trkpt lat="-21.71433135867119" lon="166.15451216697693">
        <ele>11.199999809265137</ele>
        <time>2026-08-09T12:31:34Z</time>
        <extensions>
          <gpxtpx:TrackPointExtension>
            <gpxtpx:hr>92</gpxtpx:hr>
          </gpxtpx:TrackPointExtension>
        </extensions>
      </trkpt>
      <trkpt lat="-21.71446144580841" lon="166.15442633628845">
        <ele>11.199999809265137</ele>
        <time>2026-08-09T12:31:39Z</time>
        <extensions>
          <gpxtpx:TrackPointExtension>
            <gpxtpx:hr>84</gpxtpx:hr>
          </gpxtpx:TrackPointExtension>
        </extensions>
      </trkpt>
      <trkpt lat="-21.7144775390625" lon="166.15440487861633">
        <ele>11.399999618530273</ele>
        <time>2026-08-09T12:32:00Z</time>
        <extensions>
          <gpxtpx:TrackPointExtension>
            <gpxtpx:hr>82</gpxtpx:hr>
          </gpxtpx:TrackPointExtension>
        </extensions>
      </trkpt>
      <trkpt lat="-21.714507043361664" lon="166.15437269210815">
        <ele>11.399999618530273</ele>
        <time>2026-08-09T12:32:05Z</time>
        <extensions>
          <gpxtpx:TrackPointExtension>
            <gpxtpx:hr>82</gpxtpx:hr>
          </gpxtpx:TrackPointExtension>
        </extensions>
      </trkpt>
      <trkpt lat="-21.714547276496887" lon="166.1543619632721">
        <ele>11.399999618530273</ele>
        <time>2026-08-09T12:32:10Z</time>
        <extensions>
          <gpxtpx:TrackPointExtension>
            <gpxtpx:hr>86</gpxtpx:hr>
          </gpxtpx:TrackPointExtension>
        </extensions>
      </trkpt>
      <trkpt lat="-21.714599579572678" lon="166.15431904792786">
        <ele>11.600000381469727</ele>
        <time>2026-08-09T12:32:15Z</time>
        <extensions>
          <gpxtpx:TrackPointExtension>
            <gpxtpx:hr>87</gpxtpx:hr>
          </gpxtpx:TrackPointExtension>
        </extensions>
      </trkpt>
      <trkpt lat="-21.714653223752975" lon="166.15428686141968">
        <ele>11.600000381469727</ele>
        <time>2026-08-09T12:32:20Z</time>
        <extensions>
          <gpxtpx:TrackPointExtension>
            <gpxtpx:hr>91</gpxtpx:hr>
          </gpxtpx:TrackPointExtension>
        </extensions>
      </trkpt>
      <trkpt lat="-21.7146934568882" lon="166.1542546749115">
        <ele>11.800000190734863</ele>
        <time>2026-08-09T12:32:25Z</time>
        <extensions>
          <gpxtpx:TrackPointExtension>
            <gpxtpx:hr>92</gpxtpx:hr>
          </gpxtpx:TrackPointExtension>
        </extensions>
      </trkpt>
      <trkpt lat="-21.714706867933273" lon="166.1542546749115">
        <ele>11.800000190734863</ele>
        <time>2026-08-09T12:32:30Z</time>
        <extensions>
          <gpxtpx:TrackPointExtension>
            <gpxtpx:hr>92</gpxtpx:hr>
          </gpxtpx:TrackPointExtension>
        </extensions>
      </trkpt>
      <trkpt lat="-21.7147658765316" lon="166.15422248840332">
        <ele>12.0</ele>
        <time>2026-08-09T12:32:35Z</time>
        <extensions>
          <gpxtpx:TrackPointExtension>
            <gpxtpx:hr>91</gpxtpx:hr>
          </gpxtpx:TrackPointExtension>
        </extensions>
      </trkpt>
      <trkpt lat="-21.714836955070496" lon="166.15419030189514">
        <ele>12.0</ele>
        <time>2026-08-09T12:32:40Z</time>
        <extensions>
          <gpxtpx:TrackPointExtension>
            <gpxtpx:hr>91</gpxtpx:hr>
          </gpxtpx:TrackPointExtension>
        </extensions>
      </trkpt>
      <trkpt lat="-21.714869141578674" lon="166.15419030189514">
        <ele>12.199999809265137</ele>
        <time>2026-08-09T12:32:45Z</time>
        <extensions>
          <gpxtpx:TrackPointExtension>
            <gpxtpx:hr>86</gpxtpx:hr>
          </gpxtpx:TrackPointExtension>
        </extensions>
      </trkpt>
      <trkpt lat="-21.714941561222076" lon="166.15417957305908">
        <ele>12.199999809265137</ele>
        <time>2026-08-09T12:32:50Z</time>
        <extensions>
          <gpxtpx:TrackPointExtension>
            <gpxtpx:hr>86</gpxtpx:hr>
          </gpxtpx:TrackPointExtension>
        </extensions>
      </trkpt>
      <trkpt lat="-21.715031415224075" lon="166.15416884422302">
        <ele>12.399999618530273</ele>
        <time>2026-08-09T12:32:55Z</time>
        <extensions>
          <gpxtpx:TrackPointExtension>
            <gpxtpx:hr>86</gpxtpx:hr>
          </gpxtpx:TrackPointExtension>
        </extensions>
      </trkpt>
      <trkpt lat="-21.715136021375656" lon="166.15416884422302">
        <ele>12.600000381469727</ele>
        <time>2026-08-09T12:33:00Z</time>
        <extensions>
          <gpxtpx:TrackPointExtension>
            <gpxtpx:hr>82</gpxtpx:hr>
          </gpxtpx:TrackPointExtension>
        </extensions>
      </trkpt>
      <trkpt lat="-21.715216487646103" lon="166.15417957305908">
        <ele>12.800000190734863</ele>
        <time>2026-08-09T12:33:05Z</time>
        <extensions>
          <gpxtpx:TrackPointExtension>
            <gpxtpx:hr>81</gpxtpx:hr>
          </gpxtpx:TrackPointExtension>
        </extensions>
      </trkpt>
      <trkpt lat="-21.715299636125565" lon="166.15421175956726">
        <ele>12.800000190734863</ele>
        <time>2026-08-09T12:33:10Z</time>
        <extensions>
          <gpxtpx:TrackPointExtension>
            <gpxtpx:hr>77</gpxtpx:hr>
          </gpxtpx:TrackPointExtension>
        </extensions>
      </trkpt>
      <trkpt lat="-21.71541228890419" lon="166.15424394607544">
        <ele>13.0</ele>
        <time>2026-08-09T12:33:15Z</time>
        <extensions>
          <gpxtpx:TrackPointExtension>
            <gpxtpx:hr>77</gpxtpx:hr>
          </gpxtpx:TrackPointExtension>
        </extensions>
      </trkpt>
      <trkpt lat="-21.715478003025055" lon="166.15428686141968">
        <ele>13.0</ele>
        <time>2026-08-09T12:33:20Z</time>
        <extensions>
          <gpxtpx:TrackPointExtension>
            <gpxtpx:hr>74</gpxtpx:hr>
          </gpxtpx:TrackPointExtension>
        </extensions>
      </trkpt>
      <trkpt lat="-21.71549141407013" lon="166.15428686141968">
        <ele>13.0</ele>
        <time>2026-08-09T12:33:25Z</time>
        <extensions>
          <gpxtpx:TrackPointExtension>
            <gpxtpx:hr>72</gpxtpx:hr>
          </gpxtpx:TrackPointExtension>
        </extensions>
      </trkpt>
      <trkpt lat="-21.71556383371353" lon="166.15432977676392">
        <ele>13.0</ele>
        <time>2026-08-09T12:33:30Z</time>
        <extensions>
          <gpxtpx:TrackPointExtension>
            <gpxtpx:hr>72</gpxtpx:hr>
          </gpxtpx:TrackPointExtension>
        </extensions>
      </trkpt>
      <trkpt lat="-21.715660393238068" lon="166.15437269210815">
        <ele>13.0</ele>
        <time>2026-08-09T12:33:35Z</time>
        <extensions>
          <gpxtpx:TrackPointExtension>
            <gpxtpx:hr>72</gpxtpx:hr>
          </gpxtpx:TrackPointExtension>
        </extensions>
      </trkpt>
      <trkpt lat="-21.7157381772995" lon="166.15442633628845">
        <ele>13.0</ele>
        <time>2026-08-09T12:33:40Z</time>
        <extensions>
          <gpxtpx:TrackPointExtension>
            <gpxtpx:hr>72</gpxtpx:hr>
          </gpxtpx:TrackPointExtension>
        </extensions>
      </trkpt>
      <trkpt lat="-21.715854853391647" lon="166.1544692516327">
        <ele>13.0</ele>
        <time>2026-08-09T12:33:45Z</time>
        <extensions>
          <gpxtpx:TrackPointExtension>
            <gpxtpx:hr>72</gpxtpx:hr>
          </gpxtpx:TrackPointExtension>
        </extensions>
      </trkpt>
      <trkpt lat="-21.716002374887466" lon="166.15451216697693">
        <ele>13.0</ele>
        <time>2026-08-09T12:33:50Z</time>
        <extensions>
          <gpxtpx:TrackPointExtension>
            <gpxtpx:hr>72</gpxtpx:hr>
          </gpxtpx:TrackPointExtension>
        </extensions>
      </trkpt>
      <trkpt lat="-21.716139167547226" lon="166.1545443534851">
        <ele>13.0</ele>
        <time>2026-08-09T12:33:55Z</time>
        <extensions>
          <gpxtpx:TrackPointExtension>
            <gpxtpx:hr>72</gpxtpx:hr>
          </gpxtpx:TrackPointExtension>
        </extensions>
      </trkpt>
      <trkpt lat="-21.716274619102478" lon="166.15455508232117">
        <ele>13.0</ele>
        <time>2026-08-09T12:34:00Z</time>
        <extensions>
          <gpxtpx:TrackPointExtension>
            <gpxtpx:hr>71</gpxtpx:hr>
          </gpxtpx:TrackPointExtension>
        </extensions>
      </trkpt>
      <trkpt lat="-21.716428846120834" lon="166.1545765399933">
        <ele>13.0</ele>
        <time>2026-08-09T12:34:05Z</time>
        <extensions>
          <gpxtpx:TrackPointExtension>
            <gpxtpx:hr>71</gpxtpx:hr>
          </gpxtpx:TrackPointExtension>
        </extensions>
      </trkpt>
      <trkpt lat="-21.716487854719162" lon="166.1545765399933">
        <ele>13.0</ele>
        <time>2026-08-09T12:34:10Z</time>
        <extensions>
          <gpxtpx:TrackPointExtension>
            <gpxtpx:hr>69</gpxtpx:hr>
          </gpxtpx:TrackPointExtension>
        </extensions>
      </trkpt>
      <trkpt lat="-21.71656295657158" lon="166.1545765399933">
        <ele>13.0</ele>
        <time>2026-08-09T12:34:15Z</time>
        <extensions>
          <gpxtpx:TrackPointExtension>
            <gpxtpx:hr>69</gpxtpx:hr>
          </gpxtpx:TrackPointExtension>
        </extensions>
      </trkpt>
      <trkpt lat="-21.716684997081757" lon="166.15455508232117">
        <ele>13.0</ele>
        <time>2026-08-09T12:34:20Z</time>
        <extensions>
          <gpxtpx:TrackPointExtension>
            <gpxtpx:hr>69</gpxtpx:hr>
          </gpxtpx:TrackPointExtension>
        </extensions>
      </trkpt>
      <trkpt lat="-21.716839224100113" lon="166.1545443534851">
        <ele>13.0</ele>
        <time>2026-08-09T12:34:25Z</time>
        <extensions>
          <gpxtpx:TrackPointExtension>
            <gpxtpx:hr>67</gpxtpx:hr>
          </gpxtpx:TrackPointExtension>
        </extensions>
      </trkpt>
      <trkpt lat="-21.717010885477066" lon="166.15447998046875">
        <ele>13.0</ele>
        <time>2026-08-09T12:34:30Z</time>
        <extensions>
          <gpxtpx:TrackPointExtension>
            <gpxtpx:hr>64</gpxtpx:hr>
          </gpxtpx:TrackPointExtension>
        </extensions>
      </trkpt>
      <trkpt lat="-21.717132925987244" lon="166.15440487861633">
        <ele>13.0</ele>
        <time>2026-08-09T12:34:35Z</time>
        <extensions>
          <gpxtpx:TrackPointExtension>
            <gpxtpx:hr>64</gpxtpx:hr>
          </gpxtpx:TrackPointExtension>
        </extensions>
      </trkpt>
      <trkpt lat="-21.71726703643799" lon="166.15431904792786">
        <ele>13.0</ele>
        <time>2026-08-09T12:34:40Z</time>
        <extensions>
          <gpxtpx:TrackPointExtension>
            <gpxtpx:hr>61</gpxtpx:hr>
          </gpxtpx:TrackPointExtension>
        </extensions>
      </trkpt>
      <trkpt lat="-21.717426627874374" lon="166.15421175956726">
        <ele>13.0</ele>
        <time>2026-08-09T12:34:45Z</time>
        <extensions>
          <gpxtpx:TrackPointExtension>
            <gpxtpx:hr>61</gpxtpx:hr>
          </gpxtpx:TrackPointExtension>
        </extensions>
      </trkpt>
      <trkpt lat="-21.717587560415268" lon="166.15406155586243">
        <ele>13.0</ele>
        <time>2026-08-09T12:34:50Z</time>
        <extensions>
          <gpxtpx:TrackPointExtension>
            <gpxtpx:hr>61</gpxtpx:hr>
          </gpxtpx:TrackPointExtension>
        </extensions>
      </trkpt>
      <trkpt lat="-21.7177015542984" lon="166.15384697914124">
        <ele>13.199999809265137</ele>
        <time>2026-08-09T12:34:55Z</time>
        <extensions>
          <gpxtpx:TrackPointExtension>
            <gpxtpx:hr>57</gpxtpx:hr>
          </gpxtpx:TrackPointExtension>
        </extensions>
      </trkpt>
      <trkpt lat="-21.717777997255325" lon="166.1536431312561">
        <ele>13.600000381469727</ele>
        <time>2026-08-09T12:35:00Z</time>
        <extensions>
          <gpxtpx:TrackPointExtension>
            <gpxtpx:hr>57</gpxtpx:hr>
          </gpxtpx:TrackPointExtension>
        </extensions>
      </trkpt>
      <trkpt lat="-21.71785444021225" lon="166.1534607410431">
        <ele>14.0</ele>
        <time>2026-08-09T12:35:05Z</time>
        <extensions>
          <gpxtpx:TrackPointExtension>
            <gpxtpx:hr>57</gpxtpx:hr>
          </gpxtpx:TrackPointExtension>
        </extensions>
      </trkpt>
      <trkpt lat="-21.717968434095383" lon="166.15328907966614">
        <ele>14.199999809265137</ele>
        <time>2026-08-09T12:35:10Z</time>
        <extensions>
          <gpxtpx:TrackPointExtension>
            <gpxtpx:hr>57</gpxtpx:hr>
          </gpxtpx:TrackPointExtension>
        </extensions>
      </trkpt>
      <trkpt lat="-21.71811193227768" lon="166.1531388759613">
        <ele>14.199999809265137</ele>
        <time>2026-08-09T12:35:15Z</time>
        <extensions>
          <gpxtpx:TrackPointExtension>
            <gpxtpx:hr>57</gpxtpx:hr>
          </gpxtpx:TrackPointExtension>
        </extensions>
      </trkpt>
      <trkpt lat="-21.718244701623917" lon="166.15302085876465">
        <ele>14.199999809265137</ele>
        <time>2026-08-09T12:35:20Z</time>
        <extensions>
          <gpxtpx:TrackPointExtension>
            <gpxtpx:hr>54</gpxtpx:hr>
          </gpxtpx:TrackPointExtension>
        </extensions>
      </trkpt>
      <trkpt lat="-21.718356013298035" lon="166.1529242992401">
        <ele>13.800000190734863</ele>
        <time>2026-08-09T12:35:25Z</time>
        <extensions>
          <gpxtpx:TrackPointExtension>
            <gpxtpx:hr>49</gpxtpx:hr>
          </gpxtpx:TrackPointExtension>
        </extensions>
      </trkpt>
      <trkpt lat="-21.718534380197525" lon="166.15276336669922">
        <ele>13.0</ele>
        <time>2026-08-09T12:35:30Z</time>
        <extensions>
          <gpxtpx:TrackPointExtension>
            <gpxtpx:hr>44</gpxtpx:hr>
          </gpxtpx:TrackPointExtension>
        </extensions>
      </trkpt>
      <trkpt lat="-21.718653738498688" lon="166.1525273323059">
        <ele>13.800000190734863</ele>
        <time>2026-08-09T12:35:35Z</time>
        <extensions>
          <gpxtpx:TrackPointExtension>
            <gpxtpx:hr>44</gpxtpx:hr>
          </gpxtpx:TrackPointExtension>
        </extensions>
      </trkpt>
      <trkpt lat="-21.71874225139618" lon="166.15236639976501">
        <ele>14.399999618530273</ele>
        <time>2026-08-09T12:35:40Z</time>
        <extensions>
          <gpxtpx:TrackPointExtension>
            <gpxtpx:hr>44</gpxtpx:hr>
          </gpxtpx:TrackPointExtension>
        </extensions>
      </trkpt>
      <trkpt lat="-21.71876236796379" lon="166.15233421325684">
        <ele>14.600000381469727</ele>
        <time>2026-08-09T12:35:46Z</time>
        <extensions>
          <gpxtpx:TrackPointExtension>
            <gpxtpx:hr>40</gpxtpx:hr>
          </gpxtpx:TrackPointExtension>
        </extensions>
      </trkpt>
      <trkpt lat="-21.718782484531403" lon="166.15231275558472">
        <ele>14.600000381469727</ele>
        <time>2026-08-09T12:35:51Z</time>
        <extensions>
          <gpxtpx:TrackPointExtension>
            <gpxtpx:hr>40</gpxtpx:hr>
          </gpxtpx:TrackPointExtension>
        </extensions>
      </trkpt>
      <trkpt lat="-21.718849539756775" lon="166.15225911140442">
        <ele>14.600000381469727</ele>
        <time>2026-08-09T12:35:56Z</time>
        <extensions>
          <gpxtpx:TrackPointExtension>
            <gpxtpx:hr>40</gpxtpx:hr>
          </gpxtpx:TrackPointExtension>
        </extensions>
      </trkpt>
      <trkpt lat="-21.718954145908356" lon="166.152184009552">
        <ele>14.800000190734863</ele>
        <time>2026-08-09T12:36:01Z</time>
        <extensions>
          <gpxtpx:TrackPointExtension>
            <gpxtpx:hr>35</gpxtpx:hr>
          </gpxtpx:TrackPointExtension>
        </extensions>
      </trkpt>
      <trkpt lat="-21.719089597463608" lon="166.15210890769958">
        <ele>14.600000381469727</ele>
        <time>2026-08-09T12:36:06Z</time>
        <extensions>
          <gpxtpx:TrackPointExtension>
            <gpxtpx:hr>35</gpxtpx:hr>
          </gpxtpx:TrackPointExtension>
        </extensions>
      </trkpt>
      <trkpt lat="-21.719184815883636" lon="166.152001619339">
        <ele>14.600000381469727</ele>
        <time>2026-08-09T12:36:11Z</time>
        <extensions>
          <gpxtpx:TrackPointExtension>
            <gpxtpx:hr>35</gpxtpx:hr>
          </gpxtpx:TrackPointExtension>
        </extensions>
      </trkpt>
      <trkpt lat="-21.71930953860283" lon="166.15182995796204">
        <ele>14.199999809265137</ele>
        <time>2026-08-09T12:36:16Z</time>
        <extensions>
          <gpxtpx:TrackPointExtension>
            <gpxtpx:hr>32</gpxtpx:hr>
          </gpxtpx:TrackPointExtension>
        </extensions>
      </trkpt>
      <trkpt lat="-21.719490587711334" lon="166.15164756774902">
        <ele>13.600000381469727</ele>
        <time>2026-08-09T12:36:21Z</time>
        <extensions>
          <gpxtpx:TrackPointExtension>
            <gpxtpx:hr>32</gpxtpx:hr>
          </gpxtpx:TrackPointExtension>
        </extensions>
      </trkpt>
      <trkpt lat="-21.71972393989563" lon="166.151465177536">
        <ele>13.0</ele>
        <time>2026-08-09T12:36:26Z</time>
        <extensions>
          <gpxtpx:TrackPointExtension>
            <gpxtpx:hr>32</gpxtpx:hr>
          </gpxtpx:TrackPointExtension>
        </extensions>
      </trkpt>
      <trkpt lat="-21.720014959573746" lon="166.15135788917542">
        <ele>12.800000190734863</ele>
        <time>2026-08-09T12:36:31Z</time>
        <extensions>
          <gpxtpx:TrackPointExtension>
            <gpxtpx:hr>32</gpxtpx:hr>
          </gpxtpx:TrackPointExtension>
        </extensions>
      </trkpt>
      <trkpt lat="-21.72031804919243" lon="166.1513900756836">
        <ele>13.0</ele>
        <time>2026-08-09T12:36:36Z</time>
        <extensions>
          <gpxtpx:TrackPointExtension>
            <gpxtpx:hr>29</gpxtpx:hr>
          </gpxtpx:TrackPointExtension>
        </extensions>
      </trkpt>
      <trkpt lat="-21.720587611198425" lon="166.1514973640442">
        <ele>13.0</ele>
        <time>2026-08-09T12:36:41Z</time>
        <extensions>
          <gpxtpx:TrackPointExtension>
            <gpxtpx:hr>29</gpxtpx:hr>
          </gpxtpx:TrackPointExtension>
        </extensions>
      </trkpt>
      <trkpt lat="-21.72081023454666" lon="166.15164756774902">
        <ele>13.0</ele>
        <time>2026-08-09T12:36:46Z</time>
        <extensions>
          <gpxtpx:TrackPointExtension>
            <gpxtpx:hr>28</gpxtpx:hr>
          </gpxtpx:TrackPointExtension>
        </extensions>
      </trkpt>
      <trkpt lat="-21.721066385507584" lon="166.15172266960144">
        <ele>13.0</ele>
        <time>2026-08-09T12:36:51Z</time>
        <extensions>
          <gpxtpx:TrackPointExtension>
            <gpxtpx:hr>28</gpxtpx:hr>
          </gpxtpx:TrackPointExtension>
        </extensions>
      </trkpt>
      <trkpt lat="-21.72133058309555" lon="166.15176558494568">
        <ele>13.0</ele>
        <time>2026-08-09T12:36:56Z</time>
        <extensions>
          <gpxtpx:TrackPointExtension>
            <gpxtpx:hr>28</gpxtpx:hr>
          </gpxtpx:TrackPointExtension>
        </extensions>
      </trkpt>
      <trkpt lat="-21.721594780683517" lon="166.15180850028992">
        <ele>13.199999809265137</ele>
        <time>2026-08-09T12:37:01Z</time>
        <extensions>
          <gpxtpx:TrackPointExtension>
            <gpxtpx:hr>28</gpxtpx:hr>
          </gpxtpx:TrackPointExtension>
        </extensions>
      </trkpt>
      <trkpt lat="-21.721852272748947" lon="166.15186214447021">
        <ele>13.399999618530273</ele>
        <time>2026-08-09T12:37:06Z</time>
        <extensions>
          <gpxtpx:TrackPointExtension>
            <gpxtpx:hr>28</gpxtpx:hr>
          </gpxtpx:TrackPointExtension>
        </extensions>
      </trkpt>
      <trkpt lat="-21.722109764814377" lon="166.1518943309784">
        <ele>13.399999618530273</ele>
        <time>2026-08-09T12:37:11Z</time>
        <extensions>
          <gpxtpx:TrackPointExtension>
            <gpxtpx:hr>28</gpxtpx:hr>
          </gpxtpx:TrackPointExtension>
        </extensions>
      </trkpt>
      <trkpt lat="-21.72237128019333" lon="166.15179777145386">
        <ele>12.800000190734863</ele>
        <time>2026-08-09T12:37:16Z</time>
        <extensions>
          <gpxtpx:TrackPointExtension>
            <gpxtpx:hr>28</gpxtpx:hr>
          </gpxtpx:TrackPointExtension>
        </extensions>
      </trkpt>
      <trkpt lat="-21.722662299871445" lon="166.15182995796204">
        <ele>13.0</ele>
        <time>2026-08-09T12:37:21Z</time>
        <extensions>
          <gpxtpx:TrackPointExtension>
            <gpxtpx:hr>28</gpxtpx:hr>
          </gpxtpx:TrackPointExtension>
        </extensions>
      </trkpt>
      <trkpt lat="-21.722910404205322" lon="166.1518943309784">
        <ele>13.399999618530273</ele>
        <time>2026-08-09T12:37:26Z</time>
        <extensions>
          <gpxtpx:TrackPointExtension>
            <gpxtpx:hr>28</gpxtpx:hr>
          </gpxtpx:TrackPointExtension>
        </extensions>
      </trkpt>
      <trkpt lat="-21.723009645938873" lon="166.1519157886505">
        <ele>13.600000381469727</ele>
        <time>2026-08-09T12:37:31Z</time>
        <extensions>
          <gpxtpx:TrackPointExtension>
            <gpxtpx:hr>28</gpxtpx:hr>
          </gpxtpx:TrackPointExtension>
        </extensions>
      </trkpt>
      <trkpt lat="-21.72301098704338" lon="166.1519157886505">
        <ele>13.600000381469727</ele>
        <time>2026-08-09T12:37:41Z</time>
      </trkpt>
      <trkpt lat="-21.723045855760574" lon="166.1519157886505">
        <ele>13.600000381469727</ele>
        <time>2026-08-09T12:37:46Z</time>
      </trkpt>
      <trkpt lat="-21.72313168644905" lon="166.1519479751587">
        <ele>13.800000190734863</ele>
        <time>2026-08-09T12:37:51Z</time>
      </trkpt>
      <trkpt lat="-21.72324299812317" lon="166.152001619339">
        <ele>13.800000190734863</ele>
        <time>2026-08-09T12:37:56Z</time>
      </trkpt>
      <trkpt lat="-21.723276525735855" lon="166.152001619339">
        <ele>13.800000190734863</ele>
        <time>2026-08-09T12:38:14Z</time>
      </trkpt>
      <trkpt lat="-21.72331541776657" lon="166.15201234817505">
        <ele>14.0</ele>
        <time>2026-08-09T12:38:19Z</time>
      </trkpt>
      <trkpt lat="-21.7234106361866" lon="166.1520552635193">
        <ele>14.0</ele>
        <time>2026-08-09T12:38:24Z</time>
      </trkpt>
      <trkpt lat="-21.72355279326439" lon="166.15211963653564">
        <ele>13.800000190734863</ele>
        <time>2026-08-09T12:38:29Z</time>
      </trkpt>
      <trkpt lat="-21.72374591231346" lon="166.15222692489624">
        <ele>13.199999809265137</ele>
        <time>2026-08-09T12:38:34Z</time>
      </trkpt>
      <trkpt lat="-21.723981946706772" lon="166.15236639976501">
        <ele>12.399999618530273</ele>
        <time>2026-08-09T12:38:39Z</time>
      </trkpt>
      <trkpt lat="-21.724252849817276" lon="166.15248441696167">
        <ele>12.0</ele>
        <time>2026-08-09T12:38:44Z</time>
      </trkpt>
      <trkpt lat="-21.724531799554825" lon="166.1525595188141">
        <ele>12.199999809265137</ele>
        <time>2026-08-09T12:38:49Z</time>
      </trkpt>
      <trkpt lat="-21.724777221679688" lon="166.15262389183044">
        <ele>12.800000190734863</ele>
        <time>2026-08-09T12:38:54Z</time>
      </trkpt>
      <trkpt lat="-21.724989116191864" lon="166.15266680717468">
        <ele>13.199999809265137</ele>
        <time>2026-08-09T12:38:59Z</time>
        <extensions>
          <gpxtpx:TrackPointExtension>
            <gpxtpx:hr>28</gpxtpx:hr>
          </gpxtpx:TrackPointExtension>
        </extensions>
      </trkpt>
      <trkpt lat="-21.725167483091354" lon="166.15273118019104">
        <ele>13.800000190734863</ele>
        <time>2026-08-09T12:39:04Z</time>
        <extensions>
          <gpxtpx:TrackPointExtension>
            <gpxtpx:hr>28</gpxtpx:hr>
          </gpxtpx:TrackPointExtension>
        </extensions>
      </trkpt>
      <trkpt lat="-21.725304275751114" lon="166.1527955532074">
        <ele>14.199999809265137</ele>
        <time>2026-08-09T12:39:09Z</time>
        <extensions>
          <gpxtpx:TrackPointExtension>
            <gpxtpx:hr>28</gpxtpx:hr>
          </gpxtpx:TrackPointExtension>
        </extensions>
      </trkpt>
      <trkpt lat="-21.725391447544098" lon="166.15281701087952">
        <ele>14.399999618530273</ele>
        <time>2026-08-09T12:39:14Z</time>
        <extensions>
          <gpxtpx:TrackPointExtension>
            <gpxtpx:hr>28</gpxtpx:hr>
          </gpxtpx:TrackPointExtension>
        </extensions>
      </trkpt>
    </trkseg>
  </trk>
</gpx>