<?xml version="1.0" encoding="UTF-8"?>
<gpx xmlns="http://www.topografix.com/GPX/1/1" xmlns:gpxtpx="http://www.garmin.com/xmlschemas/TrackPointExtension/v1" xmlns:xsi="http://www.w3.org/2001/XMLSchema-instance" xsi:schemaLocation="http://www.topografix.com/GPX/1/1 http://www.topografix.com/GPX/1/1/gpx.xsd" version="1.1" creator="gpx.py -- https://github.com/tkrajina/gpxpy">
  <trk>
    <name>gpx from keep</name>
    <type>Ride</type>
    <trkseg>
      <trkpt lat="34.32831767340944" lon="108.98024554072563">
        <ele>399.079553604126</ele>
        <time>2022-04-18T21:31:50Z</time>
      </trkpt>
      <trkpt lat="34.32832153962407" lon="108.9805243809687">
        <ele>398.6237144470215</ele>
        <time>2022-04-18T21:34:13Z</time>
      </trkpt>
      <trkpt lat="34.32870968057425" lon="108.98046845975537">
        <ele>398.6235523223877</ele>
        <time>2022-04-18T21:34:56Z</time>
      </trkpt>
      <trkpt lat="34.32875739379933" lon="108.98038271942806">
        <ele>397.3231010437012</ele>
        <time>2022-04-18T21:35:04Z</time>
      </trkpt>
      <trkpt lat="34.32879485923869" lon="108.98016950110623">
        <ele>397.3480167388916</ele>
        <time>2022-04-18T21:35:09Z</time>
      </trkpt>
      <trkpt lat="34.32889425027534" lon="108.98000384475178">
        <ele>397.23236656188965</ele>
        <time>2022-04-18T21:35:15Z</time>
      </trkpt>
      <trkpt lat="34.329175270463715" lon="108.98030076251798">
        <ele>395.9233330655843</ele>
        <time>2022-04-18T21:35:19Z</time>
      </trkpt>
      <trkpt lat="34.329139111710795" lon="108.98042159288285">
        <ele>395.82467851322144</ele>
        <time>2022-04-18T21:35:21Z</time>
      </trkpt>
      <trkpt lat="34.32920205642492" lon="108.98030247552497">
        <ele>395.7061983747408</ele>
        <time>2022-04-18T21:35:25Z</time>
      </trkpt>
      <trkpt lat="34.32915543172761" lon="108.98021932336331">
        <ele>395.8473034268245</ele>
        <time>2022-04-18T21:35:32Z</time>
      </trkpt>
      <trkpt lat="34.329161182133056" lon="108.9800962744202">
        <ele>396.12118793465197</ele>
        <time>2022-04-18T21:35:36Z</time>
      </trkpt>
      <trkpt lat="34.329069704630065" lon="108.9803116964699">
        <ele>396.02402110770345</ele>
        <time>2022-04-18T21:35:40Z</time>
      </trkpt>
      <trkpt lat="34.328966843080934" lon="108.98040407753948">
        <ele>395.901903106831</ele>
        <time>2022-04-18T21:35:41Z</time>
      </trkpt>
      <trkpt lat="34.32894558281961" lon="108.98059263307628">
        <ele>395.904878474772</ele>
        <time>2022-04-18T21:35:44Z</time>
      </trkpt>
      <trkpt lat="34.32892575700147" lon="108.98047915851875">
        <ele>395.90340364445</ele>
        <time>2022-04-18T21:35:55Z</time>
      </trkpt>
      <trkpt lat="34.329004680990295" lon="108.9804508964563">
        <ele>395.7698161508888</ele>
        <time>2022-04-18T21:35:57Z</time>
      </trkpt>
      <trkpt lat="34.32914458243166" lon="108.98034724503964">
        <ele>396.4072754913941</ele>
        <time>2022-04-18T21:36:02Z</time>
      </trkpt>
      <trkpt lat="34.32923034159924" lon="108.98040946249245">
        <ele>396.57417255919427</ele>
        <time>2022-04-18T21:36:07Z</time>
      </trkpt>
      <trkpt lat="34.329418710812526" lon="108.9803862491617">
        <ele>397.28510080836713</ele>
        <time>2022-04-18T21:36:12Z</time>
      </trkpt>
      <trkpt lat="34.32947001319598" lon="108.98028595653139">
        <ele>395.9349198490381</ele>
        <time>2022-04-18T21:36:14Z</time>
      </trkpt>
      <trkpt lat="34.329618453691836" lon="108.98015753326686">
        <ele>395.62841478642076</ele>
        <time>2022-04-18T21:36:18Z</time>
      </trkpt>
      <trkpt lat="34.32965301409276" lon="108.98003969292859">
        <ele>394.8794213915244</ele>
        <time>2022-04-18T21:36:21Z</time>
      </trkpt>
      <trkpt lat="34.329694832155" lon="108.97997256291352">
        <ele>395.4128992026672</ele>
        <time>2022-04-18T21:36:32Z</time>
      </trkpt>
      <trkpt lat="34.32978834363894" lon="108.9799124701479">
        <ele>396.5237210234627</ele>
        <time>2022-04-18T21:36:41Z</time>
      </trkpt>
      <trkpt lat="34.329817218073494" lon="108.97982663883167">
        <ele>395.5991421043873</ele>
        <time>2022-04-18T21:36:44Z</time>
      </trkpt>
      <trkpt lat="34.32981838370498" lon="108.97971020421689">
        <ele>395.8896391848102</ele>
        <time>2022-04-18T21:36:47Z</time>
      </trkpt>
      <trkpt lat="34.329626690179126" lon="108.97964629143986">
        <ele>395.2385801319033</ele>
        <time>2022-04-18T21:36:54Z</time>
      </trkpt>
      <trkpt lat="34.329121634770424" lon="108.97959316042656">
        <ele>394.9878124697134</ele>
        <time>2022-04-18T21:37:08Z</time>
      </trkpt>
      <trkpt lat="34.328687007072055" lon="108.9795802817648">
        <ele>395.6443962492049</ele>
        <time>2022-04-18T21:37:18Z</time>
      </trkpt>
      <trkpt lat="34.32852439051639" lon="108.97959130318408">
        <ele>395.54437970463187</ele>
        <time>2022-04-18T21:37:22Z</time>
      </trkpt>
      <trkpt lat="34.328416155515654" lon="108.9795772827268">
        <ele>395.6000629346818</ele>
        <time>2022-04-18T21:37:25Z</time>
      </trkpt>
      <trkpt lat="34.32832541072036" lon="108.97959839457991">
        <ele>395.4841688796878</ele>
        <time>2022-04-18T21:37:28Z</time>
      </trkpt>
      <trkpt lat="34.32821845230857" lon="108.97956887358502">
        <ele>395.721874599345</ele>
        <time>2022-04-18T21:37:32Z</time>
      </trkpt>
      <trkpt lat="34.32825039754925" lon="108.97951318217972">
        <ele>395.22999478690326</ele>
        <time>2022-04-18T21:37:42Z</time>
      </trkpt>
      <trkpt lat="34.32840069708777" lon="108.97953034317524">
        <ele>395.8085037237033</ele>
        <time>2022-04-18T21:41:29Z</time>
      </trkpt>
      <trkpt lat="34.328895636653456" lon="108.9795366571755">
        <ele>395.8388122394681</ele>
        <time>2022-04-18T21:41:42Z</time>
      </trkpt>
      <trkpt lat="34.32898222075149" lon="108.97954046394398">
        <ele>396.4536036904901</ele>
        <time>2022-04-18T21:41:44Z</time>
      </trkpt>
      <trkpt lat="34.3294707350863" lon="108.97950383606819">
        <ele>395.69340223725885</ele>
        <time>2022-04-18T21:41:56Z</time>
      </trkpt>
      <trkpt lat="34.329730284526356" lon="108.97957007870224">
        <ele>395.9158992972225</ele>
        <time>2022-04-18T21:42:02Z</time>
      </trkpt>
      <trkpt lat="34.329813106651656" lon="108.9796106470667">
        <ele>396.4997962489724</ele>
        <time>2022-04-18T21:42:04Z</time>
      </trkpt>
      <trkpt lat="34.330167808475146" lon="108.97969485833822">
        <ele>395.5193133400753</ele>
        <time>2022-04-18T21:42:12Z</time>
      </trkpt>
      <trkpt lat="34.33065253550045" lon="108.9797027535484">
        <ele>395.70022336766124</ele>
        <time>2022-04-18T21:42:22Z</time>
      </trkpt>
      <trkpt lat="34.330746054342555" lon="108.97973137653553">
        <ele>395.9907514695078</ele>
        <time>2022-04-18T21:42:24Z</time>
      </trkpt>
      <trkpt lat="34.33078970739608" lon="108.97983510420708">
        <ele>395.697735786438</ele>
        <time>2022-04-18T21:42:26Z</time>
      </trkpt>
      <trkpt lat="34.33081194183634" lon="108.97995331086086">
        <ele>395.6292845271528</ele>
        <time>2022-04-18T21:42:28Z</time>
      </trkpt>
      <trkpt lat="34.330794936460784" lon="108.9805728711884">
        <ele>395.0258321464062</ele>
        <time>2022-04-18T21:42:38Z</time>
      </trkpt>
      <trkpt lat="34.33078747990148" lon="108.98112220199589">
        <ele>394.88769411016256</ele>
        <time>2022-04-18T21:42:46Z</time>
      </trkpt>
      <trkpt lat="34.330777959233245" lon="108.98166709731402">
        <ele>395.05887994822115</ele>
        <time>2022-04-18T21:42:54Z</time>
      </trkpt>
      <trkpt lat="34.33074087758767" lon="108.98231706319544">
        <ele>394.68677974212915</ele>
        <time>2022-04-18T21:43:04Z</time>
      </trkpt>
      <trkpt lat="34.33071721654926" lon="108.98283701020762">
        <ele>394.8985867649317</ele>
        <time>2022-04-18T21:43:12Z</time>
      </trkpt>
      <trkpt lat="34.33070158821771" lon="108.98340878468464">
        <ele>394.7352823121473</ele>
        <time>2022-04-18T21:43:21Z</time>
      </trkpt>
      <trkpt lat="34.33068828913599" lon="108.98387114291003">
        <ele>395.0984209366143</ele>
        <time>2022-04-18T21:43:29Z</time>
      </trkpt>
      <trkpt lat="34.330662853842185" lon="108.98398489888432">
        <ele>395.84847745765</ele>
        <time>2022-04-18T21:43:31Z</time>
      </trkpt>
      <trkpt lat="34.33057474429437" lon="108.98404905263526">
        <ele>395.0484191151336</ele>
        <time>2022-04-18T21:43:33Z</time>
      </trkpt>
      <trkpt lat="34.33007321698303" lon="108.98406338309128">
        <ele>394.0218890849501</ele>
        <time>2022-04-18T21:43:43Z</time>
      </trkpt>
      <trkpt lat="34.32961354189092" lon="108.98405918702241">
        <ele>394.7393169850111</ele>
        <time>2022-04-18T21:43:52Z</time>
      </trkpt>
      <trkpt lat="34.329105014050015" lon="108.98405556265287">
        <ele>394.41855246108025</ele>
        <time>2022-04-18T21:44:02Z</time>
      </trkpt>
      <trkpt lat="34.32879460459129" lon="108.98405958865114">
        <ele>394.0643156794831</ele>
        <time>2022-04-18T21:44:08Z</time>
      </trkpt>
      <trkpt lat="34.32827196547764" lon="108.98402602300857">
        <ele>392.256662145257</ele>
        <time>2022-04-18T21:44:18Z</time>
      </trkpt>
      <trkpt lat="34.32816523283028" lon="108.98400550182652">
        <ele>392.49346944130957</ele>
        <time>2022-04-18T21:44:20Z</time>
      </trkpt>
      <trkpt lat="34.32809365596211" lon="108.98393118818025">
        <ele>392.7928371168673</ele>
        <time>2022-04-18T21:44:22Z</time>
      </trkpt>
      <trkpt lat="34.32804281164817" lon="108.98382762209165">
        <ele>392.15853025671095</ele>
        <time>2022-04-18T21:44:24Z</time>
      </trkpt>
      <trkpt lat="34.32801958106786" lon="108.98360445026283">
        <ele>392.58596889674664</ele>
        <time>2022-04-18T21:44:28Z</time>
      </trkpt>
      <trkpt lat="34.32801330277167" lon="108.98298074984261">
        <ele>393.32941975444555</ele>
        <time>2022-04-18T21:44:40Z</time>
      </trkpt>
      <trkpt lat="34.3280084083549" lon="108.98241223880035">
        <ele>393.9526141220704</ele>
        <time>2022-04-18T21:44:50Z</time>
      </trkpt>
      <trkpt lat="34.32798935355897" lon="108.98185146132725">
        <ele>394.82071873918176</ele>
        <time>2022-04-18T21:45:00Z</time>
      </trkpt>
      <trkpt lat="34.32800802179209" lon="108.98128178855806">
        <ele>394.8421589238569</ele>
        <time>2022-04-18T21:45:10Z</time>
      </trkpt>
      <trkpt lat="34.32798688971206" lon="108.98081874081502">
        <ele>395.98297175206244</ele>
        <time>2022-04-18T21:45:18Z</time>
      </trkpt>
      <trkpt lat="34.3280154019503" lon="108.98026490004933">
        <ele>395.82722067367285</ele>
        <time>2022-04-18T21:45:28Z</time>
      </trkpt>
      <trkpt lat="34.328025990080135" lon="108.97981099822937">
        <ele>395.75751305837184</ele>
        <time>2022-04-18T21:45:38Z</time>
      </trkpt>
      <trkpt lat="34.32807939621872" lon="108.97967272639482">
        <ele>395.95584035571665</ele>
        <time>2022-04-18T21:45:42Z</time>
      </trkpt>
      <trkpt lat="34.32828983733484" lon="108.97951535790702">
        <ele>395.8140573268756</ele>
        <time>2022-04-18T21:45:50Z</time>
      </trkpt>
      <trkpt lat="34.32873767836782" lon="108.979517765614">
        <ele>395.98502609692514</ele>
        <time>2022-04-18T21:46:00Z</time>
      </trkpt>
      <trkpt lat="34.32910854933918" lon="108.97953587767597">
        <ele>395.86772864032537</ele>
        <time>2022-04-18T21:46:08Z</time>
      </trkpt>
      <trkpt lat="34.32939901817968" lon="108.97951796362094">
        <ele>395.2985384343192</ele>
        <time>2022-04-18T21:46:14Z</time>
      </trkpt>
      <trkpt lat="34.329679719439476" lon="108.9795547583799">
        <ele>395.63965621218085</ele>
        <time>2022-04-18T21:46:20Z</time>
      </trkpt>
      <trkpt lat="34.32976430280142" lon="108.97952674701892">
        <ele>395.5187346478924</ele>
        <time>2022-04-18T21:46:22Z</time>
      </trkpt>
      <trkpt lat="34.32976844559679" lon="108.97943026492531">
        <ele>396.1588039724156</ele>
        <time>2022-04-18T21:46:24Z</time>
      </trkpt>
      <trkpt lat="34.32968179829384" lon="108.9793503002927">
        <ele>395.38547580409795</ele>
        <time>2022-04-18T21:46:26Z</time>
      </trkpt>
      <trkpt lat="34.329241634857915" lon="108.97938054216905">
        <ele>395.7199058989063</ele>
        <time>2022-04-18T21:46:36Z</time>
      </trkpt>
      <trkpt lat="34.328800837636464" lon="108.97937198449188">
        <ele>395.6512163551524</ele>
        <time>2022-04-18T21:46:46Z</time>
      </trkpt>
      <trkpt lat="34.32862108520551" lon="108.97936958560547">
        <ele>396.2071986608207</ele>
        <time>2022-04-18T21:46:50Z</time>
      </trkpt>
      <trkpt lat="34.32845646301333" lon="108.97932180454909">
        <ele>395.9471335997805</ele>
        <time>2022-04-18T21:46:54Z</time>
      </trkpt>
      <trkpt lat="34.328248616319534" lon="108.97934575423088">
        <ele>396.00206268485636</ele>
        <time>2022-04-18T21:47:00Z</time>
      </trkpt>
      <trkpt lat="34.328228377317195" lon="108.97947566182137">
        <ele>396.0561280287802</ele>
        <time>2022-04-18T21:47:04Z</time>
      </trkpt>
      <trkpt lat="34.3283762772393" lon="108.97950860790655">
        <ele>396.0454687848687</ele>
        <time>2022-04-18T21:47:08Z</time>
      </trkpt>
      <trkpt lat="34.32881279355535" lon="108.97949269410682">
        <ele>395.846505950205</ele>
        <time>2022-04-18T21:47:18Z</time>
      </trkpt>
      <trkpt lat="34.32917356149191" lon="108.97951468561189">
        <ele>396.00705894548446</ele>
        <time>2022-04-18T21:47:26Z</time>
      </trkpt>
      <trkpt lat="34.32927070340968" lon="108.97949230170056">
        <ele>396.20909645501524</ele>
        <time>2022-04-18T21:47:28Z</time>
      </trkpt>
      <trkpt lat="34.32945549380958" lon="108.97949173949947">
        <ele>396.2719869874418</ele>
        <time>2022-04-18T21:47:32Z</time>
      </trkpt>
      <trkpt lat="34.329633505060336" lon="108.97955214940978">
        <ele>396.0858853571117</ele>
        <time>2022-04-18T21:47:36Z</time>
      </trkpt>
      <trkpt lat="34.32971411047151" lon="108.9795303150879">
        <ele>395.8386541856453</ele>
        <time>2022-04-18T21:47:38Z</time>
      </trkpt>
      <trkpt lat="34.32975510402632" lon="108.97944433489182">
        <ele>396.1388113228604</ele>
        <time>2022-04-18T21:47:40Z</time>
      </trkpt>
      <trkpt lat="34.32969613370272" lon="108.97937385757417">
        <ele>396.6388729615137</ele>
        <time>2022-04-18T21:47:42Z</time>
      </trkpt>
      <trkpt lat="34.329194134310505" lon="108.97938778971964">
        <ele>396.12241811305285</ele>
        <time>2022-04-18T21:47:54Z</time>
      </trkpt>
      <trkpt lat="34.32875021796444" lon="108.97935491935053">
        <ele>396.42404205258936</ele>
        <time>2022-04-18T21:48:04Z</time>
      </trkpt>
      <trkpt lat="34.3286776434315" lon="108.97937367243534">
        <ele>396.12114774342626</ele>
        <time>2022-04-18T21:48:06Z</time>
      </trkpt>
      <trkpt lat="34.32844224678964" lon="108.97932065290094">
        <ele>396.1158649055287</ele>
        <time>2022-04-18T21:48:12Z</time>
      </trkpt>
      <trkpt lat="34.328312767651916" lon="108.97934388688542">
        <ele>396.0076715182513</ele>
        <time>2022-04-18T21:48:16Z</time>
      </trkpt>
      <trkpt lat="34.3282225089582" lon="108.97942848106592">
        <ele>396.00462867692113</ele>
        <time>2022-04-18T21:48:20Z</time>
      </trkpt>
      <trkpt lat="34.32820241003762" lon="108.97957766214556">
        <ele>395.67584854830056</ele>
        <time>2022-04-18T21:48:24Z</time>
      </trkpt>
      <trkpt lat="34.328235762130255" lon="108.97957532343877">
        <ele>395.66238681133837</ele>
        <time>2022-04-18T21:48:40Z</time>
      </trkpt>
      <trkpt lat="34.328362095776306" lon="108.97947669926114">
        <ele>395.78339832276106</ele>
        <time>2022-04-18T21:48:59Z</time>
      </trkpt>
      <trkpt lat="34.3284469165282" lon="108.97949596232726">
        <ele>395.7046828698367</ele>
        <time>2022-04-18T21:49:01Z</time>
      </trkpt>
      <trkpt lat="34.32899987441709" lon="108.97950216890234">
        <ele>395.3474015435204</ele>
        <time>2022-04-18T21:49:11Z</time>
      </trkpt>
      <trkpt lat="34.32939572289936" lon="108.97950370683043">
        <ele>395.9145410209894</ele>
        <time>2022-04-18T21:49:17Z</time>
      </trkpt>
      <trkpt lat="34.32995106541219" lon="108.979640877">
        <ele>395.9918470233679</ele>
        <time>2022-04-18T21:49:25Z</time>
      </trkpt>
      <trkpt lat="34.330387352971634" lon="108.97967500861674">
        <ele>395.94805528316647</ele>
        <time>2022-04-18T21:49:31Z</time>
      </trkpt>
      <trkpt lat="34.330662372800134" lon="108.97970815633045">
        <ele>395.80393518228084</ele>
        <time>2022-04-18T21:49:35Z</time>
      </trkpt>
      <trkpt lat="34.330760326984446" lon="108.97982693375825">
        <ele>395.9223386142403</ele>
        <time>2022-04-18T21:49:37Z</time>
      </trkpt>
      <trkpt lat="34.33079668095309" lon="108.97997665834703">
        <ele>395.494344198145</ele>
        <time>2022-04-18T21:49:39Z</time>
      </trkpt>
      <trkpt lat="34.330781464583126" lon="108.98062929268336">
        <ele>395.36513008363545</ele>
        <time>2022-04-18T21:49:47Z</time>
      </trkpt>
      <trkpt lat="34.33077854387376" lon="108.9813074772882">
        <ele>394.8755334764719</ele>
        <time>2022-04-18T21:49:55Z</time>
      </trkpt>
      <trkpt lat="34.3307585550287" lon="108.9818322298966">
        <ele>395.91851104144007</ele>
        <time>2022-04-18T21:50:01Z</time>
      </trkpt>
      <trkpt lat="34.33072334052681" lon="108.98244504195533">
        <ele>394.3138910746202</ele>
        <time>2022-04-18T21:50:08Z</time>
      </trkpt>
      <trkpt lat="34.330723655083666" lon="108.98299708425918">
        <ele>394.8716639941558</ele>
        <time>2022-04-18T21:50:14Z</time>
      </trkpt>
      <trkpt lat="34.33070806303579" lon="108.98353667406575">
        <ele>394.3778023449704</ele>
        <time>2022-04-18T21:50:20Z</time>
      </trkpt>
      <trkpt lat="34.33071249814113" lon="108.98409017134084">
        <ele>394.4264812078327</ele>
        <time>2022-04-18T21:50:26Z</time>
      </trkpt>
      <trkpt lat="34.330703712561785" lon="108.98462339213148">
        <ele>393.6669053416699</ele>
        <time>2022-04-18T21:50:32Z</time>
      </trkpt>
      <trkpt lat="34.33071026981195" lon="108.98516151101005">
        <ele>393.70485774520785</ele>
        <time>2022-04-18T21:50:38Z</time>
      </trkpt>
      <trkpt lat="34.33071198369598" lon="108.98565647505329">
        <ele>393.2924974774942</ele>
        <time>2022-04-18T21:50:44Z</time>
      </trkpt>
      <trkpt lat="34.33074000886094" lon="108.98578903158548">
        <ele>393.28825880400836</ele>
        <time>2022-04-18T21:50:46Z</time>
      </trkpt>
      <trkpt lat="34.330745134884445" lon="108.9859311558857">
        <ele>393.12453458923846</ele>
        <time>2022-04-18T21:50:50Z</time>
      </trkpt>
      <trkpt lat="34.33086470172064" lon="108.98600471946452">
        <ele>391.75504695624113</ele>
        <time>2022-04-18T21:50:59Z</time>
      </trkpt>
      <trkpt lat="34.33098099869879" lon="108.98604916906282">
        <ele>394.0203998107463</ele>
        <time>2022-04-18T21:51:04Z</time>
      </trkpt>
      <trkpt lat="34.33094396576029" lon="108.98630490538147">
        <ele>393.80071275960654</ele>
        <time>2022-04-18T21:51:06Z</time>
      </trkpt>
      <trkpt lat="34.33072631819466" lon="108.9885567965892">
        <ele>392.24561288487166</ele>
        <time>2022-04-18T21:51:14Z</time>
      </trkpt>
      <trkpt lat="34.33068173066306" lon="108.98876717575986">
        <ele>391.58922473713756</ele>
        <time>2022-04-18T21:51:16Z</time>
      </trkpt>
      <trkpt lat="34.33060552808627" lon="108.98934556822257">
        <ele>390.35656414180994</ele>
        <time>2022-04-18T21:51:22Z</time>
      </trkpt>
      <trkpt lat="34.330625767257416" lon="108.98951325185831">
        <ele>391.20578510221094</ele>
        <time>2022-04-18T21:51:24Z</time>
      </trkpt>
      <trkpt lat="34.33061774165405" lon="108.99006687975593">
        <ele>391.4933183696121</ele>
        <time>2022-04-18T21:51:30Z</time>
      </trkpt>
      <trkpt lat="34.33053180202415" lon="108.99057236071114">
        <ele>391.09007961209863</ele>
        <time>2022-04-18T21:51:38Z</time>
      </trkpt>
      <trkpt lat="34.33054260024123" lon="108.99076566710131">
        <ele>390.5204623211175</ele>
        <time>2022-04-18T21:51:44Z</time>
      </trkpt>
      <trkpt lat="34.330573578919584" lon="108.9908449894271">
        <ele>390.601743911393</ele>
        <time>2022-04-18T21:51:56Z</time>
      </trkpt>
      <trkpt lat="34.3306422767488" lon="108.99108698807109">
        <ele>391.7798699196428</ele>
        <time>2022-04-18T21:52:07Z</time>
      </trkpt>
      <trkpt lat="34.33067135745496" lon="108.99118440275583">
        <ele>392.3068209346384</ele>
        <time>2022-04-18T21:52:09Z</time>
      </trkpt>
      <trkpt lat="34.330646646653115" lon="108.99160157244255">
        <ele>391.6474424870685</ele>
        <time>2022-04-18T21:52:16Z</time>
      </trkpt>
      <trkpt lat="34.33062121042561" lon="108.99173510720065">
        <ele>391.51784359756857</ele>
        <time>2022-04-18T21:52:18Z</time>
      </trkpt>
      <trkpt lat="34.33058637666773" lon="108.99238572439336">
        <ele>392.95559426397085</ele>
        <time>2022-04-18T21:52:26Z</time>
      </trkpt>
      <trkpt lat="34.3305955016975" lon="108.99255153575373">
        <ele>392.5182510120794</ele>
        <time>2022-04-18T21:52:28Z</time>
      </trkpt>
      <trkpt lat="34.33056486410655" lon="108.99276766128608">
        <ele>392.99347653146833</ele>
        <time>2022-04-18T21:52:30Z</time>
      </trkpt>
      <trkpt lat="34.33053877719573" lon="108.99328891662347">
        <ele>393.34315205551684</ele>
        <time>2022-04-18T21:52:36Z</time>
      </trkpt>
      <trkpt lat="34.33052418776725" lon="108.9934776721">
        <ele>393.945543512702</ele>
        <time>2022-04-18T21:52:38Z</time>
      </trkpt>
      <trkpt lat="34.33055299221182" lon="108.99364863386823">
        <ele>393.5575837874785</ele>
        <time>2022-04-18T21:52:40Z</time>
      </trkpt>
      <trkpt lat="34.330608893386234" lon="108.99433627992757">
        <ele>393.8919250573963</ele>
        <time>2022-04-18T21:52:48Z</time>
      </trkpt>
      <trkpt lat="34.3306525025596" lon="108.99450032283205">
        <ele>394.0728207938373</ele>
        <time>2022-04-18T21:52:50Z</time>
      </trkpt>
      <trkpt lat="34.330707748966695" lon="108.99461105971675">
        <ele>393.3252389393747</ele>
        <time>2022-04-18T21:52:52Z</time>
      </trkpt>
      <trkpt lat="34.330812037917774" lon="108.99507819464007">
        <ele>393.1512965578586</ele>
        <time>2022-04-18T21:52:58Z</time>
      </trkpt>
      <trkpt lat="34.330856730311865" lon="108.99534830539201">
        <ele>392.74641072098166</ele>
        <time>2022-04-18T21:53:02Z</time>
      </trkpt>
      <trkpt lat="34.33129344327965" lon="108.99541660266827">
        <ele>392.5995191875845</ele>
        <time>2022-04-18T21:53:04Z</time>
      </trkpt>
      <trkpt lat="34.33144421206686" lon="108.99577960188671">
        <ele>392.754820022732</ele>
        <time>2022-04-18T21:53:06Z</time>
      </trkpt>
      <trkpt lat="34.33147942914805" lon="108.99618632019657">
        <ele>392.7750035021454</ele>
        <time>2022-04-18T21:53:08Z</time>
      </trkpt>
      <trkpt lat="34.331339006101025" lon="108.99637343588921">
        <ele>392.93866437114775</ele>
        <time>2022-04-18T21:53:10Z</time>
      </trkpt>
      <trkpt lat="34.33123757078901" lon="108.9964749917359">
        <ele>392.60828656703234</ele>
        <time>2022-04-18T21:53:12Z</time>
      </trkpt>
      <trkpt lat="34.33108594607865" lon="108.9969082157233">
        <ele>392.252345870249</ele>
        <time>2022-04-18T21:53:16Z</time>
      </trkpt>
      <trkpt lat="34.33110526065091" lon="108.99712874697498">
        <ele>392.5047889268026</ele>
        <time>2022-04-18T21:53:18Z</time>
      </trkpt>
      <trkpt lat="34.3312460999551" lon="108.99767441933105">
        <ele>391.7647521998733</ele>
        <time>2022-04-18T21:53:24Z</time>
      </trkpt>
      <trkpt lat="34.33137033241153" lon="108.99823612090654">
        <ele>391.699653217569</ele>
        <time>2022-04-18T21:53:30Z</time>
      </trkpt>
      <trkpt lat="34.331457044680846" lon="108.99881418868874">
        <ele>392.1091194143519</ele>
        <time>2022-04-18T21:53:36Z</time>
      </trkpt>
      <trkpt lat="34.331491628799455" lon="108.99942261487672">
        <ele>391.2321083685383</ele>
        <time>2022-04-18T21:53:42Z</time>
      </trkpt>
      <trkpt lat="34.33154920006083" lon="109.0000227770151">
        <ele>391.51332919485867</ele>
        <time>2022-04-18T21:53:48Z</time>
      </trkpt>
      <trkpt lat="34.33156601053623" lon="109.0004263245991">
        <ele>390.7746763424948</ele>
        <time>2022-04-18T21:53:52Z</time>
      </trkpt>
      <trkpt lat="34.3315488551724" lon="109.00063064891205">
        <ele>390.52172846440226</ele>
        <time>2022-04-18T21:53:54Z</time>
      </trkpt>
      <trkpt lat="34.33154674219578" lon="109.00123335461443">
        <ele>391.125321444124</ele>
        <time>2022-04-18T21:54:00Z</time>
      </trkpt>
      <trkpt lat="34.33152179114243" lon="109.00181540331138">
        <ele>389.7787148403004</ele>
        <time>2022-04-18T21:54:06Z</time>
      </trkpt>
      <trkpt lat="34.331515278469126" lon="109.00238086404599">
        <ele>389.5927710365504</ele>
        <time>2022-04-18T21:54:12Z</time>
      </trkpt>
      <trkpt lat="34.33149245518885" lon="109.00303681372561">
        <ele>388.83624088484794</ele>
        <time>2022-04-18T21:54:20Z</time>
      </trkpt>
      <trkpt lat="34.33147757215093" lon="109.00359456455416">
        <ele>388.77041015122086</ele>
        <time>2022-04-18T21:54:28Z</time>
      </trkpt>
      <trkpt lat="34.331478274482635" lon="109.00412415299796">
        <ele>388.4233289314434</ele>
        <time>2022-04-18T21:54:36Z</time>
      </trkpt>
      <trkpt lat="34.33146739182316" lon="109.00461641354845">
        <ele>387.38210699893534</ele>
        <time>2022-04-18T21:54:42Z</time>
      </trkpt>
      <trkpt lat="34.33144836599631" lon="109.00477886489683">
        <ele>386.85055684205145</ele>
        <time>2022-04-18T21:54:44Z</time>
      </trkpt>
      <trkpt lat="34.33147928931227" lon="109.00531183874371">
        <ele>387.2320058885962</ele>
        <time>2022-04-18T21:54:50Z</time>
      </trkpt>
      <trkpt lat="34.3314946246679" lon="109.00587370189798">
        <ele>387.30319260340184</ele>
        <time>2022-04-18T21:54:56Z</time>
      </trkpt>
      <trkpt lat="34.33148275270825" lon="109.00644064555983">
        <ele>387.0187002196908</ele>
        <time>2022-04-18T21:55:02Z</time>
      </trkpt>
      <trkpt lat="34.331482705463195" lon="109.0070230778334">
        <ele>387.20545132271945</ele>
        <time>2022-04-18T21:55:08Z</time>
      </trkpt>
      <trkpt lat="34.33146196238425" lon="109.00761006106211">
        <ele>386.55164075270295</ele>
        <time>2022-04-18T21:55:14Z</time>
      </trkpt>
      <trkpt lat="34.331462157770275" lon="109.00818821832071">
        <ele>386.01566577889025</ele>
        <time>2022-04-18T21:55:20Z</time>
      </trkpt>
      <trkpt lat="34.331442540713105" lon="109.00857021643554">
        <ele>386.45278415828943</ele>
        <time>2022-04-18T21:55:24Z</time>
      </trkpt>
      <trkpt lat="34.33144847026659" lon="109.00893388219485">
        <ele>386.20992713980377</ele>
        <time>2022-04-18T21:55:28Z</time>
      </trkpt>
      <trkpt lat="34.33142714843724" lon="109.00929962552654">
        <ele>386.40076996199787</ele>
        <time>2022-04-18T21:55:32Z</time>
      </trkpt>
      <trkpt lat="34.33146277677651" lon="109.00949453224052">
        <ele>386.4293218301609</ele>
        <time>2022-04-18T21:55:34Z</time>
      </trkpt>
      <trkpt lat="34.331459603418004" lon="109.00987570584479">
        <ele>387.22241460252553</ele>
        <time>2022-04-18T21:55:38Z</time>
      </trkpt>
      <trkpt lat="34.33152396252851" lon="109.01042606139293">
        <ele>387.42898823414</ele>
        <time>2022-04-18T21:55:44Z</time>
      </trkpt>
      <trkpt lat="34.3316316717743" lon="109.01095818768412">
        <ele>388.05734219029546</ele>
        <time>2022-04-18T21:55:50Z</time>
      </trkpt>
      <trkpt lat="34.33179801832833" lon="109.01150854960424">
        <ele>388.6415031030774</ele>
        <time>2022-04-18T21:55:56Z</time>
      </trkpt>
      <trkpt lat="34.33197700362843" lon="109.01201714551041">
        <ele>387.3971325615421</ele>
        <time>2022-04-18T21:56:02Z</time>
      </trkpt>
      <trkpt lat="34.332183505873964" lon="109.01253808609694">
        <ele>387.49280882719904</ele>
        <time>2022-04-18T21:56:08Z</time>
      </trkpt>
      <trkpt lat="34.33232648820431" lon="109.01287397269516">
        <ele>388.2960935095325</ele>
        <time>2022-04-18T21:56:12Z</time>
      </trkpt>
      <trkpt lat="34.33230972709944" lon="109.01305742519745">
        <ele>389.4472620971501</ele>
        <time>2022-04-18T21:56:14Z</time>
      </trkpt>
      <trkpt lat="34.332259822097974" lon="109.01317080183101">
        <ele>388.23031658120453</ele>
        <time>2022-04-18T21:56:16Z</time>
      </trkpt>
      <trkpt lat="34.33219015884124" lon="109.01326783651442">
        <ele>389.69948410149664</ele>
        <time>2022-04-18T21:56:18Z</time>
      </trkpt>
      <trkpt lat="34.33171122910041" lon="109.01362687290127">
        <ele>388.44041991978884</ele>
        <time>2022-04-18T21:56:26Z</time>
      </trkpt>
      <trkpt lat="34.331326657874676" lon="109.0139037500479">
        <ele>387.5212866002694</ele>
        <time>2022-04-18T21:56:32Z</time>
      </trkpt>
      <trkpt lat="34.330959046106145" lon="109.014188507977">
        <ele>387.4398154327646</ele>
        <time>2022-04-18T21:56:38Z</time>
      </trkpt>
      <trkpt lat="34.33049339318722" lon="109.0145148848237">
        <ele>388.1428059488535</ele>
        <time>2022-04-18T21:56:46Z</time>
      </trkpt>
      <trkpt lat="34.33013311043285" lon="109.01478721262202">
        <ele>387.3762778323144</ele>
        <time>2022-04-18T21:56:52Z</time>
      </trkpt>
      <trkpt lat="34.32972306054794" lon="109.01520499794826">
        <ele>387.8949590930715</ele>
        <time>2022-04-18T21:56:58Z</time>
      </trkpt>
      <trkpt lat="34.32934045665079" lon="109.01569294796698">
        <ele>388.87245027069</ele>
        <time>2022-04-18T21:57:04Z</time>
      </trkpt>
      <trkpt lat="34.32898841543254" lon="109.01621122123161">
        <ele>387.9698824044317</ele>
        <time>2022-04-18T21:57:10Z</time>
      </trkpt>
      <trkpt lat="34.328646378999" lon="109.0167834940545">
        <ele>387.9581503132358</ele>
        <time>2022-04-18T21:57:16Z</time>
      </trkpt>
      <trkpt lat="34.32830261762187" lon="109.01733743643337">
        <ele>386.70355611573905</ele>
        <time>2022-04-18T21:57:22Z</time>
      </trkpt>
      <trkpt lat="34.3279647127909" lon="109.01787974201827">
        <ele>388.9917538193986</ele>
        <time>2022-04-18T21:57:28Z</time>
      </trkpt>
      <trkpt lat="34.327646079936244" lon="109.0184275274725">
        <ele>389.0244840551168</ele>
        <time>2022-04-18T21:57:34Z</time>
      </trkpt>
      <trkpt lat="34.32733512463885" lon="109.01899087431457">
        <ele>389.42670640256256</ele>
        <time>2022-04-18T21:57:40Z</time>
      </trkpt>
      <trkpt lat="34.327111137888814" lon="109.01935254600868">
        <ele>390.1380735617131</ele>
        <time>2022-04-18T21:57:44Z</time>
      </trkpt>
      <trkpt lat="34.32685701421155" lon="109.01968873061006">
        <ele>389.46199110522866</ele>
        <time>2022-04-18T21:57:48Z</time>
      </trkpt>
      <trkpt lat="34.326616676984436" lon="109.02003765977952">
        <ele>389.51249245461076</ele>
        <time>2022-04-18T21:57:52Z</time>
      </trkpt>
      <trkpt lat="34.32622335068166" lon="109.02052039658213">
        <ele>388.8803591337055</ele>
        <time>2022-04-18T21:57:58Z</time>
      </trkpt>
      <trkpt lat="34.32575702695131" lon="109.020912609761">
        <ele>388.37429666053504</ele>
        <time>2022-04-18T21:58:04Z</time>
      </trkpt>
      <trkpt lat="34.32542801563951" lon="109.02112858772085">
        <ele>387.68069428764284</ele>
        <time>2022-04-18T21:58:08Z</time>
      </trkpt>
      <trkpt lat="34.325349167722266" lon="109.02119941720986">
        <ele>388.42363287042826</ele>
        <time>2022-04-18T21:58:09Z</time>
      </trkpt>
      <trkpt lat="34.32483228889774" lon="109.02145782241926">
        <ele>387.97933267615736</ele>
        <time>2022-04-18T21:58:15Z</time>
      </trkpt>
      <trkpt lat="34.324300015909884" lon="109.02167044040358">
        <ele>389.03345836885273</ele>
        <time>2022-04-18T21:58:21Z</time>
      </trkpt>
      <trkpt lat="34.323744288378585" lon="109.02175236068422">
        <ele>388.6582669550553</ele>
        <time>2022-04-18T21:58:27Z</time>
      </trkpt>
      <trkpt lat="34.32327555887707" lon="109.02178005602464">
        <ele>389.8465015729889</ele>
        <time>2022-04-18T21:58:32Z</time>
      </trkpt>
      <trkpt lat="34.322897186367285" lon="109.02180421351581">
        <ele>390.5980369085446</ele>
        <time>2022-04-18T21:58:36Z</time>
      </trkpt>
      <trkpt lat="34.322343289661596" lon="109.02177749503504">
        <ele>390.4484347784892</ele>
        <time>2022-04-18T21:58:42Z</time>
      </trkpt>
      <trkpt lat="34.322156948351164" lon="109.02179779079268">
        <ele>390.6463841078803</ele>
        <time>2022-04-18T21:58:44Z</time>
      </trkpt>
      <trkpt lat="34.32160922912526" lon="109.02170639173438">
        <ele>389.92174848821014</ele>
        <time>2022-04-18T21:58:50Z</time>
      </trkpt>
      <trkpt lat="34.321054403424846" lon="109.02160904163217">
        <ele>390.2093853186816</ele>
        <time>2022-04-18T21:58:56Z</time>
      </trkpt>
      <trkpt lat="34.320499144250924" lon="109.02151902252558">
        <ele>390.3364972723648</ele>
        <time>2022-04-18T21:59:02Z</time>
      </trkpt>
      <trkpt lat="34.31994926062344" lon="109.0214293670756">
        <ele>390.22151981294155</ele>
        <time>2022-04-18T21:59:08Z</time>
      </trkpt>
      <trkpt lat="34.319397219101326" lon="109.02140687284043">
        <ele>390.8254462843761</ele>
        <time>2022-04-18T21:59:14Z</time>
      </trkpt>
      <trkpt lat="34.31885248551038" lon="109.02143047375993">
        <ele>391.2586266407743</ele>
        <time>2022-04-18T21:59:20Z</time>
      </trkpt>
      <trkpt lat="34.31828629924023" lon="109.02147439943019">
        <ele>392.03700489737093</ele>
        <time>2022-04-18T21:59:26Z</time>
      </trkpt>
      <trkpt lat="34.318098031989656" lon="109.02148911923993">
        <ele>391.3021660614759</ele>
        <time>2022-04-18T21:59:28Z</time>
      </trkpt>
      <trkpt lat="34.31754079485455" lon="109.02157284923928">
        <ele>390.89433543849736</ele>
        <time>2022-04-18T21:59:34Z</time>
      </trkpt>
      <trkpt lat="34.31700280295935" lon="109.02164072190237">
        <ele>391.4182369764894</ele>
        <time>2022-04-18T21:59:40Z</time>
      </trkpt>
      <trkpt lat="34.31655607512933" lon="109.02172609773208">
        <ele>391.6403549676761</ele>
        <time>2022-04-18T21:59:46Z</time>
      </trkpt>
      <trkpt lat="34.31610878818709" lon="109.02186633896942">
        <ele>391.2231081966311</ele>
        <time>2022-04-18T21:59:54Z</time>
      </trkpt>
      <trkpt lat="34.31602176634175" lon="109.02192877649053">
        <ele>391.4564707390964</ele>
        <time>2022-04-18T21:59:58Z</time>
      </trkpt>
      <trkpt lat="34.31599247733614" lon="109.02198781023473">
        <ele>391.1758276624605</ele>
        <time>2022-04-18T22:00:06Z</time>
      </trkpt>
      <trkpt lat="34.315744619396185" lon="109.022098295671">
        <ele>391.44884266518056</ele>
        <time>2022-04-18T22:00:23Z</time>
      </trkpt>
      <trkpt lat="34.315324841232155" lon="109.02246187115448">
        <ele>391.4903508182615</ele>
        <time>2022-04-18T22:00:31Z</time>
      </trkpt>
      <trkpt lat="34.31490287746254" lon="109.02282921303586">
        <ele>391.1693331580609</ele>
        <time>2022-04-18T22:00:38Z</time>
      </trkpt>
      <trkpt lat="34.314538840527305" lon="109.02312954512307">
        <ele>391.6705472972244</ele>
        <time>2022-04-18T22:00:44Z</time>
      </trkpt>
      <trkpt lat="34.31415265409717" lon="109.02345552032011">
        <ele>391.5290970476344</ele>
        <time>2022-04-18T22:00:50Z</time>
      </trkpt>
      <trkpt lat="34.31374925315465" lon="109.02376584777136">
        <ele>391.5250455616042</ele>
        <time>2022-04-18T22:00:56Z</time>
      </trkpt>
      <trkpt lat="34.313299230745365" lon="109.02407349278877">
        <ele>390.712527946569</ele>
        <time>2022-04-18T22:01:02Z</time>
      </trkpt>
      <trkpt lat="34.31282984662663" lon="109.02439385516577">
        <ele>391.40846447926015</ele>
        <time>2022-04-18T22:01:08Z</time>
      </trkpt>
      <trkpt lat="34.312507815217366" lon="109.02460484935453">
        <ele>391.2796967662871</ele>
        <time>2022-04-18T22:01:12Z</time>
      </trkpt>
      <trkpt lat="34.31203271452716" lon="109.02495526526799">
        <ele>392.133602344431</ele>
        <time>2022-04-18T22:01:18Z</time>
      </trkpt>
      <trkpt lat="34.31155632196437" lon="109.02523460975458">
        <ele>391.9516967693344</ele>
        <time>2022-04-18T22:01:24Z</time>
      </trkpt>
      <trkpt lat="34.3113962034809" lon="109.02529635846535">
        <ele>392.10616955999285</ele>
        <time>2022-04-18T22:01:26Z</time>
      </trkpt>
      <trkpt lat="34.31104846148169" lon="109.0253391548796">
        <ele>392.035502564162</ele>
        <time>2022-04-18T22:01:30Z</time>
      </trkpt>
      <trkpt lat="34.31070100316061" lon="109.0252531565016">
        <ele>392.0746338311583</ele>
        <time>2022-04-18T22:01:34Z</time>
      </trkpt>
      <trkpt lat="34.310531379216755" lon="109.02516787190504">
        <ele>391.60637465212494</ele>
        <time>2022-04-18T22:01:36Z</time>
      </trkpt>
      <trkpt lat="34.31037557838022" lon="109.02505598003988">
        <ele>391.54369910340756</ele>
        <time>2022-04-18T22:01:38Z</time>
      </trkpt>
      <trkpt lat="34.31009095452589" lon="109.02478167867747">
        <ele>391.66789924446493</ele>
        <time>2022-04-18T22:01:42Z</time>
      </trkpt>
      <trkpt lat="34.30983287611386" lon="109.0244743698601">
        <ele>390.9880929971114</ele>
        <time>2022-04-18T22:01:46Z</time>
      </trkpt>
      <trkpt lat="34.309550539287166" lon="109.02421443245606">
        <ele>391.27371995151043</ele>
        <time>2022-04-18T22:01:50Z</time>
      </trkpt>
      <trkpt lat="34.30926605459436" lon="109.02401979732159">
        <ele>391.0621712356806</ele>
        <time>2022-04-18T22:01:54Z</time>
      </trkpt>
      <trkpt lat="34.30912958775696" lon="109.02394616191249">
        <ele>391.45772971305996</ele>
        <time>2022-04-18T22:01:56Z</time>
      </trkpt>
      <trkpt lat="34.30885904971805" lon="109.0238679785284">
        <ele>391.51407391484827</ele>
        <time>2022-04-18T22:02:00Z</time>
      </trkpt>
      <trkpt lat="34.30829005584126" lon="109.02383516267867">
        <ele>389.96570634655654</ele>
        <time>2022-04-18T22:02:08Z</time>
      </trkpt>
      <trkpt lat="34.30781789713515" lon="109.02382829057419">
        <ele>390.6265868106857</ele>
        <time>2022-04-18T22:02:14Z</time>
      </trkpt>
      <trkpt lat="34.30730642733202" lon="109.02381748617222">
        <ele>390.95039158314466</ele>
        <time>2022-04-18T22:02:20Z</time>
      </trkpt>
      <trkpt lat="34.30679849402648" lon="109.02380831067374">
        <ele>391.5999069325626</ele>
        <time>2022-04-18T22:02:26Z</time>
      </trkpt>
      <trkpt lat="34.3062779692141" lon="109.02380892437644">
        <ele>392.37493366841227</ele>
        <time>2022-04-18T22:02:32Z</time>
      </trkpt>
      <trkpt lat="34.30575088613599" lon="109.02379425588174">
        <ele>392.9573508473113</ele>
        <time>2022-04-18T22:02:38Z</time>
      </trkpt>
      <trkpt lat="34.30539612528434" lon="109.02380413152162">
        <ele>393.84576726239175</ele>
        <time>2022-04-18T22:02:42Z</time>
      </trkpt>
      <trkpt lat="34.3052226751181" lon="109.02382756956631">
        <ele>394.0869938451797</ele>
        <time>2022-04-18T22:02:44Z</time>
      </trkpt>
      <trkpt lat="34.30487674266536" lon="109.02395282782031">
        <ele>393.59326573926955</ele>
        <time>2022-04-18T22:02:48Z</time>
      </trkpt>
      <trkpt lat="34.30454786062657" lon="109.02413866926007">
        <ele>393.6912132371217</ele>
        <time>2022-04-18T22:02:52Z</time>
      </trkpt>
      <trkpt lat="34.304246030269404" lon="109.02438068691433">
        <ele>394.1365765212104</ele>
        <time>2022-04-18T22:02:56Z</time>
      </trkpt>
      <trkpt lat="34.303983411041976" lon="109.0246583039932">
        <ele>393.87193332705647</ele>
        <time>2022-04-18T22:03:00Z</time>
      </trkpt>
      <trkpt lat="34.30367615614033" lon="109.0251765607032">
        <ele>393.75929152127355</ele>
        <time>2022-04-18T22:03:06Z</time>
      </trkpt>
      <trkpt lat="34.303415412530256" lon="109.02571911610039">
        <ele>392.99898849613965</ele>
        <time>2022-04-18T22:03:12Z</time>
      </trkpt>
      <trkpt lat="34.30323167230221" lon="109.02607754661449">
        <ele>393.5646139951423</ele>
        <time>2022-04-18T22:03:16Z</time>
      </trkpt>
      <trkpt lat="34.303005490081816" lon="109.0264253418784">
        <ele>393.98507404886186</ele>
        <time>2022-04-18T22:03:20Z</time>
      </trkpt>
      <trkpt lat="34.30262594366436" lon="109.02686428824994">
        <ele>393.02330730017275</ele>
        <time>2022-04-18T22:03:26Z</time>
      </trkpt>
      <trkpt lat="34.302366728563214" lon="109.02714866574063">
        <ele>392.7046937169507</ele>
        <time>2022-04-18T22:03:30Z</time>
      </trkpt>
      <trkpt lat="34.30191908267874" lon="109.02751431132894">
        <ele>392.44144815579057</ele>
        <time>2022-04-18T22:03:36Z</time>
      </trkpt>
      <trkpt lat="34.301604278789306" lon="109.02772099860049">
        <ele>393.1189537178725</ele>
        <time>2022-04-18T22:03:40Z</time>
      </trkpt>
      <trkpt lat="34.30110305649202" lon="109.0279458425174">
        <ele>393.5598902683705</ele>
        <time>2022-04-18T22:03:46Z</time>
      </trkpt>
      <trkpt lat="34.30055917996996" lon="109.0280576100394">
        <ele>393.4275046652183</ele>
        <time>2022-04-18T22:03:52Z</time>
      </trkpt>
      <trkpt lat="34.30002896092718" lon="109.02816364443579">
        <ele>393.5802835356444</ele>
        <time>2022-04-18T22:03:58Z</time>
      </trkpt>
      <trkpt lat="34.29967229980823" lon="109.02820959823718">
        <ele>393.6561890328303</ele>
        <time>2022-04-18T22:04:02Z</time>
      </trkpt>
      <trkpt lat="34.29950038368554" lon="109.02828240912717">
        <ele>393.75449971761554</ele>
        <time>2022-04-18T22:04:04Z</time>
      </trkpt>
      <trkpt lat="34.29899003631134" lon="109.02836404688635">
        <ele>395.32493151165545</ele>
        <time>2022-04-18T22:04:10Z</time>
      </trkpt>
      <trkpt lat="34.29847308209292" lon="109.02839009380295">
        <ele>395.96440941281617</ele>
        <time>2022-04-18T22:04:16Z</time>
      </trkpt>
      <trkpt lat="34.29830229808469" lon="109.02838673250052">
        <ele>396.94756664149463</ele>
        <time>2022-04-18T22:04:18Z</time>
      </trkpt>
      <trkpt lat="34.29813255578453" lon="109.02834854723257">
        <ele>396.9982437733561</ele>
        <time>2022-04-18T22:04:20Z</time>
      </trkpt>
      <trkpt lat="34.297802990017786" lon="109.0283259904333">
        <ele>396.63497352413833</ele>
        <time>2022-04-18T22:04:24Z</time>
      </trkpt>
      <trkpt lat="34.29729517494151" lon="109.02834327387289">
        <ele>397.2549122646451</ele>
        <time>2022-04-18T22:04:30Z</time>
      </trkpt>
      <trkpt lat="34.2967962482379" lon="109.02839522837134">
        <ele>397.1915082670748</ele>
        <time>2022-04-18T22:04:36Z</time>
      </trkpt>
      <trkpt lat="34.29663643653089" lon="109.02844190175523">
        <ele>397.7196215959266</ele>
        <time>2022-04-18T22:04:38Z</time>
      </trkpt>
      <trkpt lat="34.296304955426514" lon="109.02847404142439">
        <ele>398.1057078046724</ele>
        <time>2022-04-18T22:04:42Z</time>
      </trkpt>
      <trkpt lat="34.29599386699073" lon="109.0285435614904">
        <ele>398.88004494458437</ele>
        <time>2022-04-18T22:04:46Z</time>
      </trkpt>
      <trkpt lat="34.29584497901082" lon="109.02859342395331">
        <ele>399.11205215845257</ele>
        <time>2022-04-18T22:04:48Z</time>
      </trkpt>
      <trkpt lat="34.29538441040632" lon="109.02869679906694">
        <ele>398.6920749275014</ele>
        <time>2022-04-18T22:04:54Z</time>
      </trkpt>
      <trkpt lat="34.294900102224915" lon="109.02883715234904">
        <ele>398.81766626331955</ele>
        <time>2022-04-18T22:05:00Z</time>
      </trkpt>
      <trkpt lat="34.294596068188966" lon="109.02891756756301">
        <ele>397.9273298960179</ele>
        <time>2022-04-18T22:05:04Z</time>
      </trkpt>
      <trkpt lat="34.29405321965316" lon="109.02898140441467">
        <ele>398.4619589569047</ele>
        <time>2022-04-18T22:05:12Z</time>
      </trkpt>
      <trkpt lat="34.29375921570073" lon="109.02899111888492">
        <ele>399.3722595749423</ele>
        <time>2022-04-18T22:05:22Z</time>
      </trkpt>
      <trkpt lat="34.293426371028985" lon="109.029160400841">
        <ele>398.53574197366834</ele>
        <time>2022-04-18T22:05:28Z</time>
      </trkpt>
      <trkpt lat="34.29294483839315" lon="109.02926073583916">
        <ele>399.279806535691</ele>
        <time>2022-04-18T22:05:34Z</time>
      </trkpt>
      <trkpt lat="34.29244904171763" lon="109.02939102763348">
        <ele>398.7069773254916</ele>
        <time>2022-04-18T22:05:40Z</time>
      </trkpt>
      <trkpt lat="34.29193367711005" lon="109.02948151697778">
        <ele>397.29687734134495</ele>
        <time>2022-04-18T22:05:46Z</time>
      </trkpt>
      <trkpt lat="34.29138879597177" lon="109.02950462787956">
        <ele>397.15281729307026</ele>
        <time>2022-04-18T22:05:52Z</time>
      </trkpt>
      <trkpt lat="34.29081786085078" lon="109.02950543095028">
        <ele>397.82499440480024</ele>
        <time>2022-04-18T22:05:58Z</time>
      </trkpt>
      <trkpt lat="34.29063783315157" lon="109.02953025987698">
        <ele>397.6150784678757</ele>
        <time>2022-04-18T22:06:00Z</time>
      </trkpt>
      <trkpt lat="34.289923185732576" lon="109.0295465844832">
        <ele>399.9807828711346</ele>
        <time>2022-04-18T22:06:08Z</time>
      </trkpt>
      <trkpt lat="34.28973238530552" lon="109.02952970448773">
        <ele>399.2257448527962</ele>
        <time>2022-04-18T22:06:10Z</time>
      </trkpt>
      <trkpt lat="34.289219914750525" lon="109.02961129036461">
        <ele>400.1980572734028</ele>
        <time>2022-04-18T22:06:16Z</time>
      </trkpt>
      <trkpt lat="34.288725760906374" lon="109.02975220189025">
        <ele>400.0734213562682</ele>
        <time>2022-04-18T22:06:22Z</time>
      </trkpt>
      <trkpt lat="34.288407150567934" lon="109.029874664557">
        <ele>400.74958797730505</ele>
        <time>2022-04-18T22:06:26Z</time>
      </trkpt>
      <trkpt lat="34.28824565790527" lon="109.0299600982733">
        <ele>400.3084554038942</ele>
        <time>2022-04-18T22:06:28Z</time>
      </trkpt>
      <trkpt lat="34.28791765342559" lon="109.030086007103">
        <ele>401.92051250487566</ele>
        <time>2022-04-18T22:06:32Z</time>
      </trkpt>
      <trkpt lat="34.287751047324385" lon="109.03013247853029">
        <ele>400.72698241565377</ele>
        <time>2022-04-18T22:06:34Z</time>
      </trkpt>
      <trkpt lat="34.2873051439254" lon="109.03029885327166">
        <ele>401.50215817056596</ele>
        <time>2022-04-18T22:06:40Z</time>
      </trkpt>
      <trkpt lat="34.28683090100829" lon="109.03045748450876">
        <ele>401.1599254915491</ele>
        <time>2022-04-18T22:06:46Z</time>
      </trkpt>
      <trkpt lat="34.28632735638648" lon="109.03065340914371">
        <ele>401.5806794716045</ele>
        <time>2022-04-18T22:06:52Z</time>
      </trkpt>
      <trkpt lat="34.285982832858515" lon="109.03077938848897">
        <ele>401.93410461302847</ele>
        <time>2022-04-18T22:06:56Z</time>
      </trkpt>
      <trkpt lat="34.28549722782956" lon="109.03104895533824">
        <ele>400.741571623832</ele>
        <time>2022-04-18T22:07:02Z</time>
      </trkpt>
      <trkpt lat="34.28504195014727" lon="109.03136983410994">
        <ele>400.8020905246958</ele>
        <time>2022-04-18T22:07:08Z</time>
      </trkpt>
      <trkpt lat="34.2846346976979" lon="109.03173294601616">
        <ele>400.2055161828175</ele>
        <time>2022-04-18T22:07:14Z</time>
      </trkpt>
      <trkpt lat="34.28420952009253" lon="109.03210305445137">
        <ele>399.64553083479404</ele>
        <time>2022-04-18T22:07:20Z</time>
      </trkpt>
      <trkpt lat="34.284060412266406" lon="109.03223294979101">
        <ele>399.85581678245217</ele>
        <time>2022-04-18T22:07:22Z</time>
      </trkpt>
      <trkpt lat="34.283619779147415" lon="109.03261687937062">
        <ele>400.4723739270121</ele>
        <time>2022-04-18T22:07:28Z</time>
      </trkpt>
      <trkpt lat="34.28317627158659" lon="109.03298770512413">
        <ele>400.78839483391494</ele>
        <time>2022-04-18T22:07:34Z</time>
      </trkpt>
      <trkpt lat="34.282753998590174" lon="109.03334511283215">
        <ele>401.55295942816883</ele>
        <time>2022-04-18T22:07:40Z</time>
      </trkpt>
      <trkpt lat="34.28234560997905" lon="109.03369417416668">
        <ele>401.38987406902015</ele>
        <time>2022-04-18T22:07:46Z</time>
      </trkpt>
      <trkpt lat="34.28192428076815" lon="109.03402731170013">
        <ele>401.13616998679936</ele>
        <time>2022-04-18T22:07:52Z</time>
      </trkpt>
      <trkpt lat="34.281474736490885" lon="109.03434698162947">
        <ele>402.4142533130944</ele>
        <time>2022-04-18T22:07:58Z</time>
      </trkpt>
      <trkpt lat="34.281017227759506" lon="109.03457252586689">
        <ele>401.7517320839688</ele>
        <time>2022-04-18T22:08:04Z</time>
      </trkpt>
      <trkpt lat="34.28055547223869" lon="109.03472633215215">
        <ele>400.93787252064794</ele>
        <time>2022-04-18T22:08:10Z</time>
      </trkpt>
      <trkpt lat="34.28022857669528" lon="109.0348052516131">
        <ele>401.4495236342773</ele>
        <time>2022-04-18T22:08:14Z</time>
      </trkpt>
      <trkpt lat="34.27973101569647" lon="109.03487878851381">
        <ele>401.56661693006754</ele>
        <time>2022-04-18T22:08:20Z</time>
      </trkpt>
      <trkpt lat="34.2792261832937" lon="109.034933003384">
        <ele>403.1802968205884</ele>
        <time>2022-04-18T22:08:26Z</time>
      </trkpt>
      <trkpt lat="34.27872613377243" lon="109.03498931487218">
        <ele>403.3756217965856</ele>
        <time>2022-04-18T22:08:32Z</time>
      </trkpt>
      <trkpt lat="34.27822462637821" lon="109.03504810874989">
        <ele>404.08528943918645</ele>
        <time>2022-04-18T22:08:38Z</time>
      </trkpt>
      <trkpt lat="34.27773419629594" lon="109.03509018666131">
        <ele>403.8816597685218</ele>
        <time>2022-04-18T22:08:44Z</time>
      </trkpt>
      <trkpt lat="34.27722862154045" lon="109.03515403090876">
        <ele>404.17440659180284</ele>
        <time>2022-04-18T22:08:50Z</time>
      </trkpt>
      <trkpt lat="34.27705947657048" lon="109.03518581723782">
        <ele>404.4298649094999</ele>
        <time>2022-04-18T22:08:52Z</time>
      </trkpt>
      <trkpt lat="34.27672729996337" lon="109.03520416749139">
        <ele>404.5789606673643</ele>
        <time>2022-04-18T22:08:56Z</time>
      </trkpt>
      <trkpt lat="34.27625388939198" lon="109.03525391543022">
        <ele>404.2113184602931</ele>
        <time>2022-04-18T22:09:02Z</time>
      </trkpt>
      <trkpt lat="34.275788508971694" lon="109.03530445472552">
        <ele>404.2508330224082</ele>
        <time>2022-04-18T22:09:08Z</time>
      </trkpt>
      <trkpt lat="34.27564391349763" lon="109.03536656719261">
        <ele>404.18024997226894</ele>
        <time>2022-04-18T22:09:10Z</time>
      </trkpt>
      <trkpt lat="34.275495997041325" lon="109.03539564933259">
        <ele>404.06639063358307</ele>
        <time>2022-04-18T22:09:12Z</time>
      </trkpt>
      <trkpt lat="34.275065489014416" lon="109.03561898671217">
        <ele>404.13550523202866</ele>
        <time>2022-04-18T22:09:18Z</time>
      </trkpt>
      <trkpt lat="34.27458277130119" lon="109.035734834727">
        <ele>403.03257988393307</ele>
        <time>2022-04-18T22:09:24Z</time>
      </trkpt>
      <trkpt lat="34.27442237383349" lon="109.03578951538823">
        <ele>403.11974401492625</ele>
        <time>2022-04-18T22:09:26Z</time>
      </trkpt>
      <trkpt lat="34.27392014699891" lon="109.03588556016282">
        <ele>403.2216597395018</ele>
        <time>2022-04-18T22:09:32Z</time>
      </trkpt>
      <trkpt lat="34.27375919155192" lon="109.03591014378244">
        <ele>402.8386077489704</ele>
        <time>2022-04-18T22:09:34Z</time>
      </trkpt>
      <trkpt lat="34.273418121177855" lon="109.03601709008929">
        <ele>401.09371322765946</ele>
        <time>2022-04-18T22:09:38Z</time>
      </trkpt>
      <trkpt lat="34.27295022464603" lon="109.03609705252863">
        <ele>404.1094477493316</ele>
        <time>2022-04-18T22:09:44Z</time>
      </trkpt>
      <trkpt lat="34.27244547488507" lon="109.03615318980204">
        <ele>403.63852143939584</ele>
        <time>2022-04-18T22:09:50Z</time>
      </trkpt>
      <trkpt lat="34.27193407794034" lon="109.03622964641407">
        <ele>404.4153863545507</ele>
        <time>2022-04-18T22:09:56Z</time>
      </trkpt>
      <trkpt lat="34.27142668927235" lon="109.03625553975958">
        <ele>405.12470053043216</ele>
        <time>2022-04-18T22:10:02Z</time>
      </trkpt>
      <trkpt lat="34.27126832359065" lon="109.03627596164456">
        <ele>404.85353035852313</ele>
        <time>2022-04-18T22:10:04Z</time>
      </trkpt>
      <trkpt lat="34.27110148184526" lon="109.03627044947508">
        <ele>404.1312787756324</ele>
        <time>2022-04-18T22:10:06Z</time>
      </trkpt>
      <trkpt lat="34.270946918279314" lon="109.0362985516234">
        <ele>404.5610472718254</ele>
        <time>2022-04-18T22:10:08Z</time>
      </trkpt>
      <trkpt lat="34.270777699210264" lon="109.03627334913698">
        <ele>404.3310072105378</ele>
        <time>2022-04-18T22:10:10Z</time>
      </trkpt>
      <trkpt lat="34.27025285781399" lon="109.03623060966054">
        <ele>404.44068498164415</ele>
        <time>2022-04-18T22:10:16Z</time>
      </trkpt>
      <trkpt lat="34.26976333345251" lon="109.03621635645457">
        <ele>404.8856715466827</ele>
        <time>2022-04-18T22:10:22Z</time>
      </trkpt>
      <trkpt lat="34.26928639235783" lon="109.0361985897478">
        <ele>405.25328013673425</ele>
        <time>2022-04-18T22:10:28Z</time>
      </trkpt>
      <trkpt lat="34.26895889915165" lon="109.03623644465357">
        <ele>405.02909958269447</ele>
        <time>2022-04-18T22:10:32Z</time>
      </trkpt>
      <trkpt lat="34.268460788232886" lon="109.03639800041286">
        <ele>405.52096432447433</ele>
        <time>2022-04-18T22:10:38Z</time>
      </trkpt>
      <trkpt lat="34.26796608923954" lon="109.03655368659864">
        <ele>404.023061462678</ele>
        <time>2022-04-18T22:10:44Z</time>
      </trkpt>
      <trkpt lat="34.2676365802079" lon="109.03665267739618">
        <ele>404.67403014935553</ele>
        <time>2022-04-18T22:10:48Z</time>
      </trkpt>
      <trkpt lat="34.26747420058701" lon="109.03667919125725">
        <ele>405.36650258116424</ele>
        <time>2022-04-18T22:10:50Z</time>
      </trkpt>
      <trkpt lat="34.26699154918042" lon="109.0368257903181">
        <ele>405.58474586345255</ele>
        <time>2022-04-18T22:10:56Z</time>
      </trkpt>
      <trkpt lat="34.26650648881563" lon="109.03695691764185">
        <ele>405.23737925849855</ele>
        <time>2022-04-18T22:11:02Z</time>
      </trkpt>
      <trkpt lat="34.26601063720178" lon="109.03707914609514">
        <ele>404.77236268576235</ele>
        <time>2022-04-18T22:11:08Z</time>
      </trkpt>
      <trkpt lat="34.265504267749336" lon="109.03720464577759">
        <ele>405.40975223109126</ele>
        <time>2022-04-18T22:11:14Z</time>
      </trkpt>
      <trkpt lat="34.26517270236573" lon="109.03727125006321">
        <ele>405.24700597301126</ele>
        <time>2022-04-18T22:11:18Z</time>
      </trkpt>
      <trkpt lat="34.26485888112318" lon="109.03739173756098">
        <ele>404.7238983195275</ele>
        <time>2022-04-18T22:11:22Z</time>
      </trkpt>
      <trkpt lat="34.26434309982344" lon="109.03755451454981">
        <ele>406.0368538014591</ele>
        <time>2022-04-18T22:11:28Z</time>
      </trkpt>
      <trkpt lat="34.26385448780883" lon="109.03769280293564">
        <ele>407.59275374095887</ele>
        <time>2022-04-18T22:11:34Z</time>
      </trkpt>
      <trkpt lat="34.26336761437201" lon="109.03784086806094">
        <ele>409.1246241237968</ele>
        <time>2022-04-18T22:11:40Z</time>
      </trkpt>
      <trkpt lat="34.26321339467033" lon="109.03788028683279">
        <ele>408.0044468957931</ele>
        <time>2022-04-18T22:11:42Z</time>
      </trkpt>
      <trkpt lat="34.263060779433786" lon="109.03794719425683">
        <ele>408.96467731241137</ele>
        <time>2022-04-18T22:11:44Z</time>
      </trkpt>
      <trkpt lat="34.26291233076874" lon="109.03798598396217">
        <ele>408.2486319988966</ele>
        <time>2022-04-18T22:11:46Z</time>
      </trkpt>
      <trkpt lat="34.262486866108965" lon="109.0381770105544">
        <ele>408.1694869827479</ele>
        <time>2022-04-18T22:11:52Z</time>
      </trkpt>
      <trkpt lat="34.26216989261478" lon="109.03830208439277">
        <ele>409.3551225475967</ele>
        <time>2022-04-18T22:11:56Z</time>
      </trkpt>
      <trkpt lat="34.26199991603882" lon="109.0383419987781">
        <ele>408.2716477056965</ele>
        <time>2022-04-18T22:11:58Z</time>
      </trkpt>
      <trkpt lat="34.26167997990717" lon="109.03846204118612">
        <ele>407.93862984422594</ele>
        <time>2022-04-18T22:12:02Z</time>
      </trkpt>
      <trkpt lat="34.26121514822301" lon="109.03858500206991">
        <ele>408.56064662802964</ele>
        <time>2022-04-18T22:12:08Z</time>
      </trkpt>
      <trkpt lat="34.26094656956178" lon="109.0387344578236">
        <ele>408.1562049910426</ele>
        <time>2022-04-18T22:12:12Z</time>
      </trkpt>
      <trkpt lat="34.260785437881864" lon="109.03879334141693">
        <ele>408.31553821917623</ele>
        <time>2022-04-18T22:12:14Z</time>
      </trkpt>
      <trkpt lat="34.26024082771911" lon="109.03885749975048">
        <ele>407.1160621205345</ele>
        <time>2022-04-18T22:12:20Z</time>
      </trkpt>
      <trkpt lat="34.26008354069121" lon="109.03891981291568">
        <ele>407.6579385958612</ele>
        <time>2022-04-18T22:12:22Z</time>
      </trkpt>
      <trkpt lat="34.25957625905217" lon="109.03902326876826">
        <ele>407.17208369635046</ele>
        <time>2022-04-18T22:12:28Z</time>
      </trkpt>
      <trkpt lat="34.25904920355085" lon="109.0391215490766">
        <ele>408.0248581301421</ele>
        <time>2022-04-18T22:12:34Z</time>
      </trkpt>
      <trkpt lat="34.25888128951083" lon="109.03915951485551">
        <ele>407.81442675273865</ele>
        <time>2022-04-18T22:12:36Z</time>
      </trkpt>
      <trkpt lat="34.25841238788706" lon="109.0392535021897">
        <ele>408.1799866007641</ele>
        <time>2022-04-18T22:12:42Z</time>
      </trkpt>
      <trkpt lat="34.25827853353753" lon="109.03928246865235">
        <ele>407.85510138235986</ele>
        <time>2022-04-18T22:12:44Z</time>
      </trkpt>
      <trkpt lat="34.25813473766576" lon="109.03928962900068">
        <ele>408.81445679813623</ele>
        <time>2022-04-18T22:12:46Z</time>
      </trkpt>
      <trkpt lat="34.257861217315465" lon="109.03937665135383">
        <ele>408.8547849971801</ele>
        <time>2022-04-18T22:12:50Z</time>
      </trkpt>
      <trkpt lat="34.25756902340545" lon="109.03942773419847">
        <ele>408.6478013182059</ele>
        <time>2022-04-18T22:12:54Z</time>
      </trkpt>
      <trkpt lat="34.25731288467728" lon="109.03952820664217">
        <ele>407.7877346696332</ele>
        <time>2022-04-18T22:12:58Z</time>
      </trkpt>
      <trkpt lat="34.257195098475016" lon="109.03959755987691">
        <ele>406.5844939192757</ele>
        <time>2022-04-18T22:13:00Z</time>
      </trkpt>
      <trkpt lat="34.25706335768758" lon="109.03964744015029">
        <ele>408.2929320251569</ele>
        <time>2022-04-18T22:13:02Z</time>
      </trkpt>
      <trkpt lat="34.25677290073061" lon="109.03971092325364">
        <ele>409.915634887293</ele>
        <time>2022-04-18T22:13:06Z</time>
      </trkpt>
      <trkpt lat="34.25664043571134" lon="109.0397563370086">
        <ele>409.0060707470402</ele>
        <time>2022-04-18T22:13:08Z</time>
      </trkpt>
      <trkpt lat="34.2565048732741" lon="109.03977555689087">
        <ele>407.8735537715256</ele>
        <time>2022-04-18T22:13:10Z</time>
      </trkpt>
      <trkpt lat="34.25598554346306" lon="109.03992248569529">
        <ele>409.05827909428626</ele>
        <time>2022-04-18T22:13:18Z</time>
      </trkpt>
      <trkpt lat="34.255728201098485" lon="109.03999923751705">
        <ele>409.52082000579685</ele>
        <time>2022-04-18T22:13:22Z</time>
      </trkpt>
      <trkpt lat="34.255411379805075" lon="109.04019044018774">
        <ele>409.95405900944024</ele>
        <time>2022-04-18T22:13:28Z</time>
      </trkpt>
      <trkpt lat="34.25507072201791" lon="109.04019529734289">
        <ele>410.85635791439563</ele>
        <time>2022-04-18T22:13:34Z</time>
      </trkpt>
      <trkpt lat="34.254852645851" lon="109.04024543736527">
        <ele>410.79623420815915</ele>
        <time>2022-04-18T22:13:38Z</time>
      </trkpt>
      <trkpt lat="34.25456978216681" lon="109.04035649684153">
        <ele>410.6518362527713</ele>
        <time>2022-04-18T22:13:44Z</time>
      </trkpt>
      <trkpt lat="34.25448020865784" lon="109.04042006229213">
        <ele>412.4772298168391</ele>
        <time>2022-04-18T22:13:46Z</time>
      </trkpt>
      <trkpt lat="34.25439840211974" lon="109.04045158015708">
        <ele>411.77913978137076</ele>
        <time>2022-04-18T22:13:48Z</time>
      </trkpt>
      <trkpt lat="34.254292258996564" lon="109.04052348434264">
        <ele>412.6742103230208</ele>
        <time>2022-04-18T22:13:50Z</time>
      </trkpt>
      <trkpt lat="34.25383059651424" lon="109.0407629148733">
        <ele>411.92274446971714</ele>
        <time>2022-04-18T22:14:00Z</time>
      </trkpt>
      <trkpt lat="34.25366855676692" lon="109.04086700131224">
        <ele>412.4329524859786</ele>
        <time>2022-04-18T22:14:04Z</time>
      </trkpt>
      <trkpt lat="34.25357098960958" lon="109.04090122971535">
        <ele>412.4356062784791</ele>
        <time>2022-04-18T22:14:06Z</time>
      </trkpt>
      <trkpt lat="34.25338865372725" lon="109.0410304899816">
        <ele>412.9655489809811</ele>
        <time>2022-04-18T22:14:10Z</time>
      </trkpt>
      <trkpt lat="34.25288098376335" lon="109.04126243813536">
        <ele>413.67216383852065</ele>
        <time>2022-04-18T22:14:24Z</time>
      </trkpt>
      <trkpt lat="34.25277013333583" lon="109.04129703987428">
        <ele>412.91419155616313</ele>
        <time>2022-04-18T22:14:28Z</time>
      </trkpt>
      <trkpt lat="34.252781269502435" lon="109.04131791363434">
        <ele>413.13239396642894</ele>
        <time>2022-04-18T22:14:36Z</time>
      </trkpt>
      <trkpt lat="34.252629435602934" lon="109.04138338695284">
        <ele>414.40677163470536</ele>
        <time>2022-04-18T22:15:29Z</time>
      </trkpt>
      <trkpt lat="34.25243448111017" lon="109.04148807018109">
        <ele>414.0958877177909</ele>
        <time>2022-04-18T22:15:34Z</time>
      </trkpt>
      <trkpt lat="34.25235410614452" lon="109.04158595221408">
        <ele>413.6872194092721</ele>
        <time>2022-04-18T22:15:36Z</time>
      </trkpt>
      <trkpt lat="34.252260697899224" lon="109.0416625597073">
        <ele>413.61480631958693</ele>
        <time>2022-04-18T22:15:38Z</time>
      </trkpt>
      <trkpt lat="34.251780740585964" lon="109.04196405173153">
        <ele>412.7213582051918</ele>
        <time>2022-04-18T22:15:46Z</time>
      </trkpt>
      <trkpt lat="34.25134926960097" lon="109.04219900234358">
        <ele>412.93737892154604</ele>
        <time>2022-04-18T22:15:52Z</time>
      </trkpt>
      <trkpt lat="34.25106644743112" lon="109.04237159452713">
        <ele>414.67057844251394</ele>
        <time>2022-04-18T22:15:56Z</time>
      </trkpt>
      <trkpt lat="34.25094386737539" lon="109.04246662290137">
        <ele>413.2349986284971</ele>
        <time>2022-04-18T22:15:58Z</time>
      </trkpt>
      <trkpt lat="34.250505134505495" lon="109.04271241993226">
        <ele>414.61774173378944</ele>
        <time>2022-04-18T22:16:04Z</time>
      </trkpt>
      <trkpt lat="34.25007836671343" lon="109.04294936545215">
        <ele>414.06065643485636</ele>
        <time>2022-04-18T22:16:10Z</time>
      </trkpt>
      <trkpt lat="34.24978770050553" lon="109.0430946010153">
        <ele>414.5323872799054</ele>
        <time>2022-04-18T22:16:14Z</time>
      </trkpt>
      <trkpt lat="34.249488583027805" lon="109.04317566264103">
        <ele>413.6663629729301</ele>
        <time>2022-04-18T22:16:18Z</time>
      </trkpt>
      <trkpt lat="34.2490535025407" lon="109.04323591200932">
        <ele>413.3713421933353</ele>
        <time>2022-04-18T22:16:24Z</time>
      </trkpt>
      <trkpt lat="34.248508251780706" lon="109.04332640164259">
        <ele>413.5572643922642</ele>
        <time>2022-04-18T22:16:32Z</time>
      </trkpt>
      <trkpt lat="34.247961724599634" lon="109.04340140255488">
        <ele>412.8301945710555</ele>
        <time>2022-04-18T22:16:40Z</time>
      </trkpt>
      <trkpt lat="34.24741877240358" lon="109.0435275633181">
        <ele>412.8196509135887</ele>
        <time>2022-04-18T22:16:48Z</time>
      </trkpt>
      <trkpt lat="34.24727288226766" lon="109.04352764649391">
        <ele>413.0770422928035</ele>
        <time>2022-04-18T22:16:50Z</time>
      </trkpt>
      <trkpt lat="34.24684197400807" lon="109.0436168197961">
        <ele>413.4709774600342</ele>
        <time>2022-04-18T22:16:56Z</time>
      </trkpt>
      <trkpt lat="34.2462874551629" lon="109.04373282111304">
        <ele>413.5263121332973</ele>
        <time>2022-04-18T22:17:04Z</time>
      </trkpt>
      <trkpt lat="34.24577486429594" lon="109.04382428086971">
        <ele>414.0068136425689</ele>
        <time>2022-04-18T22:17:12Z</time>
      </trkpt>
      <trkpt lat="34.24525390820035" lon="109.04380926826605">
        <ele>414.5831369915977</ele>
        <time>2022-04-18T22:17:20Z</time>
      </trkpt>
      <trkpt lat="34.244749372733324" lon="109.0438494525796">
        <ele>415.418846109882</ele>
        <time>2022-04-18T22:17:28Z</time>
      </trkpt>
      <trkpt lat="34.24431043645009" lon="109.04388031185333">
        <ele>416.0640331627801</ele>
        <time>2022-04-18T22:17:36Z</time>
      </trkpt>
      <trkpt lat="34.24385907499207" lon="109.04384938602566">
        <ele>415.2302687028423</ele>
        <time>2022-04-18T22:17:44Z</time>
      </trkpt>
      <trkpt lat="34.24339774574563" lon="109.04387826041459">
        <ele>416.2028639353812</ele>
        <time>2022-04-18T22:17:52Z</time>
      </trkpt>
      <trkpt lat="34.24294218200918" lon="109.0439257373659">
        <ele>415.29388939682394</ele>
        <time>2022-04-18T22:18:00Z</time>
      </trkpt>
      <trkpt lat="34.24248632327869" lon="109.04396686377463">
        <ele>416.4945801338181</ele>
        <time>2022-04-18T22:18:08Z</time>
      </trkpt>
      <trkpt lat="34.24225030387191" lon="109.04398873876504">
        <ele>416.3199167586863</ele>
        <time>2022-04-18T22:18:12Z</time>
      </trkpt>
      <trkpt lat="34.24177435947953" lon="109.04408119804633">
        <ele>416.5871450500563</ele>
        <time>2022-04-18T22:18:20Z</time>
      </trkpt>
      <trkpt lat="34.24132084762124" lon="109.04420805006917">
        <ele>417.75547680351883</ele>
        <time>2022-04-18T22:18:28Z</time>
      </trkpt>
      <trkpt lat="34.240876883930206" lon="109.04434000304106">
        <ele>417.6999871330336</ele>
        <time>2022-04-18T22:18:36Z</time>
      </trkpt>
      <trkpt lat="34.24042208379635" lon="109.04445272953203">
        <ele>417.61657443922013</ele>
        <time>2022-04-18T22:18:44Z</time>
      </trkpt>
      <trkpt lat="34.23995371895052" lon="109.04457455363092">
        <ele>416.76255304925144</ele>
        <time>2022-04-18T22:18:52Z</time>
      </trkpt>
      <trkpt lat="34.23949081005687" lon="109.04470701362777">
        <ele>417.0162611892447</ele>
        <time>2022-04-18T22:19:00Z</time>
      </trkpt>
      <trkpt lat="34.23926358289794" lon="109.04475928428916">
        <ele>416.13245557714254</ele>
        <time>2022-04-18T22:19:04Z</time>
      </trkpt>
      <trkpt lat="34.2387896047917" lon="109.04480700578544">
        <ele>416.52886416297406</ele>
        <time>2022-04-18T22:19:12Z</time>
      </trkpt>
      <trkpt lat="34.23831250563662" lon="109.04482678381513">
        <ele>417.54101861361414</ele>
        <time>2022-04-18T22:19:20Z</time>
      </trkpt>
      <trkpt lat="34.2378245989142" lon="109.04477609531078">
        <ele>418.63233835157007</ele>
        <time>2022-04-18T22:19:28Z</time>
      </trkpt>
      <trkpt lat="34.237343203605455" lon="109.04472720339798">
        <ele>418.801170126535</ele>
        <time>2022-04-18T22:19:36Z</time>
      </trkpt>
      <trkpt lat="34.23685081543639" lon="109.04465600858659">
        <ele>418.69930558558553</ele>
        <time>2022-04-18T22:19:44Z</time>
      </trkpt>
      <trkpt lat="34.23635346651135" lon="109.04460871406718">
        <ele>419.6023899214342</ele>
        <time>2022-04-18T22:19:52Z</time>
      </trkpt>
      <trkpt lat="34.23587048677303" lon="109.0445467609727">
        <ele>418.9492035917938</ele>
        <time>2022-04-18T22:20:00Z</time>
      </trkpt>
      <trkpt lat="34.235435356666734" lon="109.04449808147685">
        <ele>419.0952381975949</ele>
        <time>2022-04-18T22:20:08Z</time>
      </trkpt>
      <trkpt lat="34.23527101868907" lon="109.04444759810858">
        <ele>419.0900817560032</ele>
        <time>2022-04-18T22:20:12Z</time>
      </trkpt>
      <trkpt lat="34.235266848550424" lon="109.04438464092199">
        <ele>419.10795995313674</ele>
        <time>2022-04-18T22:20:26Z</time>
      </trkpt>
      <trkpt lat="34.23528018832876" lon="109.04456962335746">
        <ele>418.978414692916</ele>
        <time>2022-04-18T22:21:39Z</time>
      </trkpt>
      <trkpt lat="34.23525615580074" lon="109.0448797923811">
        <ele>419.27083691582084</ele>
        <time>2022-04-18T22:21:46Z</time>
      </trkpt>
      <trkpt lat="34.23527669810834" lon="109.04546709441357">
        <ele>418.26976015698165</ele>
        <time>2022-04-18T22:21:56Z</time>
      </trkpt>
      <trkpt lat="34.23526418856768" lon="109.04580894858287">
        <ele>418.318465818651</ele>
        <time>2022-04-18T22:22:02Z</time>
      </trkpt>
      <trkpt lat="34.235309805117225" lon="109.04587601379637">
        <ele>418.0947272647172</ele>
        <time>2022-04-18T22:22:04Z</time>
      </trkpt>
      <trkpt lat="34.23541949070267" lon="109.04591798283407">
        <ele>418.15896328072995</ele>
        <time>2022-04-18T22:22:06Z</time>
      </trkpt>
      <trkpt lat="34.235858105197146" lon="109.04597460486161">
        <ele>417.5526532847434</ele>
        <time>2022-04-18T22:22:12Z</time>
      </trkpt>
      <trkpt lat="34.23635505216452" lon="109.04602896208497">
        <ele>417.805522993207</ele>
        <time>2022-04-18T22:22:18Z</time>
      </trkpt>
      <trkpt lat="34.236860830100596" lon="109.04609861171896">
        <ele>416.88378259819</ele>
        <time>2022-04-18T22:22:24Z</time>
      </trkpt>
      <trkpt lat="34.23736627610953" lon="109.04614772375287">
        <ele>416.1573292091489</ele>
        <time>2022-04-18T22:22:30Z</time>
      </trkpt>
      <trkpt lat="34.237872089488846" lon="109.04620896042871">
        <ele>416.18924706988037</ele>
        <time>2022-04-18T22:22:36Z</time>
      </trkpt>
      <trkpt lat="34.23821625531116" lon="109.04623480814003">
        <ele>416.6554654184729</ele>
        <time>2022-04-18T22:22:40Z</time>
      </trkpt>
      <trkpt lat="34.2387305246784" lon="109.04630929278879">
        <ele>416.5062043722719</ele>
        <time>2022-04-18T22:22:46Z</time>
      </trkpt>
      <trkpt lat="34.23907433713692" lon="109.04632252364736">
        <ele>416.4999382002279</ele>
        <time>2022-04-18T22:22:50Z</time>
      </trkpt>
      <trkpt lat="34.239409869145874" lon="109.04626991593031">
        <ele>414.09660112299025</ele>
        <time>2022-04-18T22:22:54Z</time>
      </trkpt>
      <trkpt lat="34.23957832413824" lon="109.04621820341413">
        <ele>414.1607969328761</ele>
        <time>2022-04-18T22:22:56Z</time>
      </trkpt>
      <trkpt lat="34.23975540228422" lon="109.04620461431972">
        <ele>413.8981600701809</ele>
        <time>2022-04-18T22:22:58Z</time>
      </trkpt>
      <trkpt lat="34.240270635275486" lon="109.04605733381533">
        <ele>414.37912698835135</ele>
        <time>2022-04-18T22:23:04Z</time>
      </trkpt>
      <trkpt lat="34.2407868516595" lon="109.0459102759697">
        <ele>414.9120841091499</ele>
        <time>2022-04-18T22:23:10Z</time>
      </trkpt>
      <trkpt lat="34.24129911052719" lon="109.04574836614277">
        <ele>415.066795934923</ele>
        <time>2022-04-18T22:23:16Z</time>
      </trkpt>
      <trkpt lat="34.24181922535137" lon="109.04559861173331">
        <ele>415.150547998026</ele>
        <time>2022-04-18T22:23:22Z</time>
      </trkpt>
      <trkpt lat="34.24199289516885" lon="109.0455511642632">
        <ele>414.8986905729398</ele>
        <time>2022-04-18T22:23:24Z</time>
      </trkpt>
      <trkpt lat="34.24252174799218" lon="109.04547998562603">
        <ele>414.7555101318285</ele>
        <time>2022-04-18T22:23:30Z</time>
      </trkpt>
      <trkpt lat="34.242861316414356" lon="109.0454456653754">
        <ele>413.92348026297987</ele>
        <time>2022-04-18T22:23:34Z</time>
      </trkpt>
      <trkpt lat="34.243384516950755" lon="109.04546571855622">
        <ele>415.1110716005787</ele>
        <time>2022-04-18T22:23:40Z</time>
      </trkpt>
      <trkpt lat="34.243565364824356" lon="109.04547551659066">
        <ele>415.25471594184637</ele>
        <time>2022-04-18T22:23:42Z</time>
      </trkpt>
      <trkpt lat="34.243909210615435" lon="109.04546321335243">
        <ele>412.32253671996295</ele>
        <time>2022-04-18T22:23:46Z</time>
      </trkpt>
      <trkpt lat="34.24408348174604" lon="109.04542854128313">
        <ele>412.86238443944603</ele>
        <time>2022-04-18T22:23:48Z</time>
      </trkpt>
      <trkpt lat="34.24443119993539" lon="109.04542473482289">
        <ele>412.966623948887</ele>
        <time>2022-04-18T22:23:52Z</time>
      </trkpt>
      <trkpt lat="34.244602859725205" lon="109.04540074682974">
        <ele>413.1219904907048</ele>
        <time>2022-04-18T22:23:54Z</time>
      </trkpt>
      <trkpt lat="34.24478741893287" lon="109.04541652314282">
        <ele>412.61615642532706</ele>
        <time>2022-04-18T22:23:56Z</time>
      </trkpt>
      <trkpt lat="34.24531760741939" lon="109.04537874507395">
        <ele>413.5548997884616</ele>
        <time>2022-04-18T22:24:02Z</time>
      </trkpt>
      <trkpt lat="34.24564384128693" lon="109.04537571132511">
        <ele>413.67366738896817</ele>
        <time>2022-04-18T22:24:06Z</time>
      </trkpt>
      <trkpt lat="34.24614617689088" lon="109.0452902461493">
        <ele>413.9398198798299</ele>
        <time>2022-04-18T22:24:12Z</time>
      </trkpt>
      <trkpt lat="34.24665926015019" lon="109.04522561350778">
        <ele>414.00756365433335</ele>
        <time>2022-04-18T22:24:18Z</time>
      </trkpt>
      <trkpt lat="34.24718351843914" lon="109.04514437252283">
        <ele>413.908194726333</ele>
        <time>2022-04-18T22:24:24Z</time>
      </trkpt>
      <trkpt lat="34.24770634787065" lon="109.04507989051906">
        <ele>412.5685096876696</ele>
        <time>2022-04-18T22:24:30Z</time>
      </trkpt>
      <trkpt lat="34.24822308325827" lon="109.04498596585293">
        <ele>412.5371776530519</ele>
        <time>2022-04-18T22:24:36Z</time>
      </trkpt>
      <trkpt lat="34.24875382742297" lon="109.04488762699269">
        <ele>411.97405570559204</ele>
        <time>2022-04-18T22:24:42Z</time>
      </trkpt>
      <trkpt lat="34.24927246141004" lon="109.04476488103045">
        <ele>412.68427960481495</ele>
        <time>2022-04-18T22:24:48Z</time>
      </trkpt>
      <trkpt lat="34.24977441886507" lon="109.04463024769143">
        <ele>412.2826091321185</ele>
        <time>2022-04-18T22:24:54Z</time>
      </trkpt>
      <trkpt lat="34.25027367018472" lon="109.0444680951523">
        <ele>411.6429187944159</ele>
        <time>2022-04-18T22:25:00Z</time>
      </trkpt>
      <trkpt lat="34.250774204206365" lon="109.04434349679632">
        <ele>411.52116948273033</ele>
        <time>2022-04-18T22:25:06Z</time>
      </trkpt>
      <trkpt lat="34.251277538261384" lon="109.0442042717186">
        <ele>411.4689110321924</ele>
        <time>2022-04-18T22:25:12Z</time>
      </trkpt>
      <trkpt lat="34.25176615315401" lon="109.04406493190142">
        <ele>411.5738490857184</ele>
        <time>2022-04-18T22:25:18Z</time>
      </trkpt>
      <trkpt lat="34.25218722324276" lon="109.04393371738269">
        <ele>412.0482598170638</ele>
        <time>2022-04-18T22:25:24Z</time>
      </trkpt>
      <trkpt lat="34.252435434480404" lon="109.04384767436753">
        <ele>411.7100402889773</ele>
        <time>2022-04-18T22:25:28Z</time>
      </trkpt>
      <trkpt lat="34.2525628991538" lon="109.04382604184681">
        <ele>411.28065137099475</ele>
        <time>2022-04-18T22:25:30Z</time>
      </trkpt>
      <trkpt lat="34.25266310468753" lon="109.04354386306386">
        <ele>412.99217364937067</ele>
        <time>2022-04-18T22:25:34Z</time>
      </trkpt>
      <trkpt lat="34.25265898143331" lon="109.042848468627">
        <ele>411.73732444271445</ele>
        <time>2022-04-18T22:25:42Z</time>
      </trkpt>
      <trkpt lat="34.25266095997217" lon="109.04228742648719">
        <ele>410.49478069040924</ele>
        <time>2022-04-18T22:25:48Z</time>
      </trkpt>
      <trkpt lat="34.25265686493298" lon="109.04178685406355">
        <ele>411.58417809475213</ele>
        <time>2022-04-18T22:25:54Z</time>
      </trkpt>
      <trkpt lat="34.252667662839436" lon="109.04163381314847">
        <ele>411.85727377794683</ele>
        <time>2022-04-18T22:25:56Z</time>
      </trkpt>
      <trkpt lat="34.2527190708994" lon="109.04149703840672">
        <ele>412.4291139980778</ele>
        <time>2022-04-18T22:25:58Z</time>
      </trkpt>
      <trkpt lat="34.252830808067216" lon="109.04140662957097">
        <ele>412.89869129564613</ele>
        <time>2022-04-18T22:26:00Z</time>
      </trkpt>
      <trkpt lat="34.25325607839647" lon="109.04121147992448">
        <ele>412.6859234161675</ele>
        <time>2022-04-18T22:26:06Z</time>
      </trkpt>
      <trkpt lat="34.25372135338466" lon="109.04096387755307">
        <ele>413.1370231816545</ele>
        <time>2022-04-18T22:26:12Z</time>
      </trkpt>
      <trkpt lat="34.254183216379246" lon="109.04069067488336">
        <ele>413.0676777334884</ele>
        <time>2022-04-18T22:26:18Z</time>
      </trkpt>
      <trkpt lat="34.25466951014188" lon="109.04043989551677">
        <ele>412.571067485027</ele>
        <time>2022-04-18T22:26:24Z</time>
      </trkpt>
      <trkpt lat="34.254975709190255" lon="109.04030247386083">
        <ele>412.1004782700911</ele>
        <time>2022-04-18T22:26:28Z</time>
      </trkpt>
      <trkpt lat="34.25540151019276" lon="109.04020166630167">
        <ele>411.3505654996261</ele>
        <time>2022-04-18T22:26:34Z</time>
      </trkpt>
      <trkpt lat="34.25565954097101" lon="109.04004190769733">
        <ele>411.1675430107862</ele>
        <time>2022-04-18T22:26:38Z</time>
      </trkpt>
      <trkpt lat="34.256075834345125" lon="109.03992820153404">
        <ele>410.42670375388116</ele>
        <time>2022-04-18T22:26:44Z</time>
      </trkpt>
      <trkpt lat="34.25622537347842" lon="109.03994448889343">
        <ele>410.28595039620996</ele>
        <time>2022-04-18T22:26:46Z</time>
      </trkpt>
      <trkpt lat="34.25652424198502" lon="109.03986018755215">
        <ele>409.8949114866555</ele>
        <time>2022-04-18T22:26:50Z</time>
      </trkpt>
      <trkpt lat="34.25666671385363" lon="109.03977980065613">
        <ele>408.98609098419547</ele>
        <time>2022-04-18T22:26:52Z</time>
      </trkpt>
      <trkpt lat="34.25712281870182" lon="109.03966473885359">
        <ele>406.5738976569846</ele>
        <time>2022-04-18T22:26:58Z</time>
      </trkpt>
      <trkpt lat="34.257535928261134" lon="109.03952741233664">
        <ele>406.73286913428456</ele>
        <time>2022-04-18T22:27:04Z</time>
      </trkpt>
      <trkpt lat="34.257996758616784" lon="109.03941150923148">
        <ele>407.84709534142166</ele>
        <time>2022-04-18T22:27:10Z</time>
      </trkpt>
      <trkpt lat="34.25815248906045" lon="109.03939625859731">
        <ele>407.982194846496</ele>
        <time>2022-04-18T22:27:12Z</time>
      </trkpt>
      <trkpt lat="34.258306271204006" lon="109.0393488553322">
        <ele>407.91080060973763</ele>
        <time>2022-04-18T22:27:14Z</time>
      </trkpt>
      <trkpt lat="34.25846158220883" lon="109.0393256594927">
        <ele>407.94144230522215</ele>
        <time>2022-04-18T22:27:16Z</time>
      </trkpt>
      <trkpt lat="34.258773846169134" lon="109.03922342923512">
        <ele>407.09570122510195</ele>
        <time>2022-04-18T22:27:20Z</time>
      </trkpt>
      <trkpt lat="34.25911182454227" lon="109.03917486298919">
        <ele>407.6348698595539</ele>
        <time>2022-04-18T22:27:24Z</time>
      </trkpt>
      <trkpt lat="34.259601187219886" lon="109.03906236246331">
        <ele>407.3291763002053</ele>
        <time>2022-04-18T22:27:30Z</time>
      </trkpt>
      <trkpt lat="34.25975498551566" lon="109.03902625721159">
        <ele>407.19630383420736</ele>
        <time>2022-04-18T22:27:32Z</time>
      </trkpt>
      <trkpt lat="34.25991510277027" lon="109.03902523745508">
        <ele>406.7729557538405</ele>
        <time>2022-04-18T22:27:34Z</time>
      </trkpt>
      <trkpt lat="34.26045714611078" lon="109.0389212655478">
        <ele>406.2086605615914</ele>
        <time>2022-04-18T22:27:42Z</time>
      </trkpt>
      <trkpt lat="34.260891757967286" lon="109.03882080671433">
        <ele>407.2155815884471</ele>
        <time>2022-04-18T22:27:50Z</time>
      </trkpt>
      <trkpt lat="34.261052911096954" lon="109.03874879743938">
        <ele>407.84508169442415</ele>
        <time>2022-04-18T22:27:54Z</time>
      </trkpt>
      <trkpt lat="34.261153116004984" lon="109.03874614910947">
        <ele>407.9198083644733</ele>
        <time>2022-04-18T22:27:56Z</time>
      </trkpt>
      <trkpt lat="34.26137067590768" lon="109.03862134756461">
        <ele>408.05663986410946</ele>
        <time>2022-04-18T22:28:00Z</time>
      </trkpt>
      <trkpt lat="34.261800152030645" lon="109.03847048139292">
        <ele>407.3760733064264</ele>
        <time>2022-04-18T22:28:06Z</time>
      </trkpt>
      <trkpt lat="34.26226103020411" lon="109.038300102804">
        <ele>406.73202422913164</ele>
        <time>2022-04-18T22:28:12Z</time>
      </trkpt>
      <trkpt lat="34.26274042222809" lon="109.03810828825878">
        <ele>408.276161368005</ele>
        <time>2022-04-18T22:28:18Z</time>
      </trkpt>
      <trkpt lat="34.2630599583803" lon="109.03797515281006">
        <ele>408.5722969919443</ele>
        <time>2022-04-18T22:28:22Z</time>
      </trkpt>
      <trkpt lat="34.26357339142767" lon="109.03782745928518">
        <ele>408.2757172640413</ele>
        <time>2022-04-18T22:28:28Z</time>
      </trkpt>
      <trkpt lat="34.26391084784445" lon="109.03772321393417">
        <ele>408.9607186280191</ele>
        <time>2022-04-18T22:28:32Z</time>
      </trkpt>
      <trkpt lat="34.264093690716024" lon="109.03772744369165">
        <ele>408.28766040317714</ele>
        <time>2022-04-18T22:28:34Z</time>
      </trkpt>
      <trkpt lat="34.26426451196416" lon="109.03767573134365">
        <ele>407.1792914001271</ele>
        <time>2022-04-18T22:28:36Z</time>
      </trkpt>
      <trkpt lat="34.264789177139754" lon="109.03750156676331">
        <ele>407.1063516344875</ele>
        <time>2022-04-18T22:28:42Z</time>
      </trkpt>
      <trkpt lat="34.265137081245754" lon="109.03742453970172">
        <ele>406.69687641691417</ele>
        <time>2022-04-18T22:28:46Z</time>
      </trkpt>
      <trkpt lat="34.26562961346253" lon="109.03729129835517">
        <ele>405.61851100157946</ele>
        <time>2022-04-18T22:28:52Z</time>
      </trkpt>
      <trkpt lat="34.26613315918012" lon="109.03714840637912">
        <ele>405.0661843540147</ele>
        <time>2022-04-18T22:28:58Z</time>
      </trkpt>
      <trkpt lat="34.266644952924544" lon="109.03700346971297">
        <ele>404.69886234682053</ele>
        <time>2022-04-18T22:29:04Z</time>
      </trkpt>
      <trkpt lat="34.267158034398" lon="109.03686434835366">
        <ele>405.24098366498947</ele>
        <time>2022-04-18T22:29:10Z</time>
      </trkpt>
      <trkpt lat="34.267659422912445" lon="109.03671519094802">
        <ele>405.5491891382262</ele>
        <time>2022-04-18T22:29:16Z</time>
      </trkpt>
      <trkpt lat="34.26808089306426" lon="109.03655556079727">
        <ele>405.03062944021076</ele>
        <time>2022-04-18T22:29:21Z</time>
      </trkpt>
      <trkpt lat="34.2686054697928" lon="109.03641118643924">
        <ele>404.92545290570706</ele>
        <time>2022-04-18T22:29:27Z</time>
      </trkpt>
      <trkpt lat="34.269134541684885" lon="109.03630356947906">
        <ele>405.2001928407699</ele>
        <time>2022-04-18T22:29:33Z</time>
      </trkpt>
      <trkpt lat="34.26932015377469" lon="109.0362871023237">
        <ele>405.41596789099276</ele>
        <time>2022-04-18T22:29:35Z</time>
      </trkpt>
      <trkpt lat="34.26988044548965" lon="109.03631035298837">
        <ele>403.6256682118401</ele>
        <time>2022-04-18T22:29:41Z</time>
      </trkpt>
      <trkpt lat="34.27045376631582" lon="109.03633476731684">
        <ele>404.0057743797079</ele>
        <time>2022-04-18T22:29:47Z</time>
      </trkpt>
      <trkpt lat="34.27101736566114" lon="109.03637076869295">
        <ele>404.26508698333055</ele>
        <time>2022-04-18T22:29:53Z</time>
      </trkpt>
      <trkpt lat="34.27147403277251" lon="109.03634000090194">
        <ele>404.1621309360489</ele>
        <time>2022-04-18T22:29:58Z</time>
      </trkpt>
      <trkpt lat="34.272024299295175" lon="109.0362860435642">
        <ele>404.0290521476418</ele>
        <time>2022-04-18T22:30:04Z</time>
      </trkpt>
      <trkpt lat="34.27254705448364" lon="109.0362480750804">
        <ele>404.64323349297047</ele>
        <time>2022-04-18T22:30:10Z</time>
      </trkpt>
      <trkpt lat="34.273026172419726" lon="109.0361847104866">
        <ele>404.05571003910154</ele>
        <time>2022-04-18T22:30:16Z</time>
      </trkpt>
      <trkpt lat="34.27348954618786" lon="109.0360689103377">
        <ele>404.2753366716206</ele>
        <time>2022-04-18T22:30:22Z</time>
      </trkpt>
      <trkpt lat="34.27391772785519" lon="109.03598733091708">
        <ele>404.6139211691916</ele>
        <time>2022-04-18T22:30:28Z</time>
      </trkpt>
      <trkpt lat="34.274070139700214" lon="109.03596352973237">
        <ele>404.04045948013663</ele>
        <time>2022-04-18T22:30:30Z</time>
      </trkpt>
      <trkpt lat="34.27454006894128" lon="109.03584539011044">
        <ele>404.09940527006984</ele>
        <time>2022-04-18T22:30:36Z</time>
      </trkpt>
      <trkpt lat="34.27504443871039" lon="109.0357324833322">
        <ele>404.16729070432484</ele>
        <time>2022-04-18T22:30:44Z</time>
      </trkpt>
      <trkpt lat="34.27512255285185" lon="109.03571686834792">
        <ele>404.0399503130466</ele>
        <time>2022-04-18T22:30:46Z</time>
      </trkpt>
      <trkpt lat="34.27514500605531" lon="109.03569549365938">
        <ele>404.28093012515455</ele>
        <time>2022-04-18T22:30:56Z</time>
      </trkpt>
      <trkpt lat="34.27533293528369" lon="109.03558732871426">
        <ele>404.6385653782636</ele>
        <time>2022-04-18T22:31:21Z</time>
      </trkpt>
      <trkpt lat="34.27540281228916" lon="109.03553788078305">
        <ele>404.06128335930407</ele>
        <time>2022-04-18T22:31:23Z</time>
      </trkpt>
      <trkpt lat="34.27574113284694" lon="109.03545799230285">
        <ele>404.8019973728806</ele>
        <time>2022-04-18T22:31:29Z</time>
      </trkpt>
      <trkpt lat="34.27607484740924" lon="109.03543151790642">
        <ele>403.4229748568983</ele>
        <time>2022-04-18T22:31:33Z</time>
      </trkpt>
      <trkpt lat="34.276309043904334" lon="109.03537204196043">
        <ele>404.02184209693223</ele>
        <time>2022-04-18T22:31:35Z</time>
      </trkpt>
      <trkpt lat="34.276934110517104" lon="109.0353143211176">
        <ele>403.14517902210355</ele>
        <time>2022-04-18T22:31:41Z</time>
      </trkpt>
      <trkpt lat="34.2775564729327" lon="109.03525113911847">
        <ele>404.08125554863364</ele>
        <time>2022-04-18T22:31:47Z</time>
      </trkpt>
      <trkpt lat="34.27818199619548" lon="109.03518986234259">
        <ele>404.3795633362606</ele>
        <time>2022-04-18T22:31:53Z</time>
      </trkpt>
      <trkpt lat="34.27881096412657" lon="109.03515851034014">
        <ele>404.1172444494441</ele>
        <time>2022-04-18T22:31:59Z</time>
      </trkpt>
      <trkpt lat="34.27933558829992" lon="109.0351047197714">
        <ele>404.24129608273506</ele>
        <time>2022-04-18T22:32:04Z</time>
      </trkpt>
      <trkpt lat="34.27996887719206" lon="109.0350384600192">
        <ele>402.6141701499</ele>
        <time>2022-04-18T22:32:10Z</time>
      </trkpt>
      <trkpt lat="34.280583706611914" lon="109.03491021070556">
        <ele>401.44305528420955</ele>
        <time>2022-04-18T22:32:16Z</time>
      </trkpt>
      <trkpt lat="34.28097431112919" lon="109.03478129500931">
        <ele>401.04918059147894</ele>
        <time>2022-04-18T22:32:20Z</time>
      </trkpt>
      <trkpt lat="34.28136234420711" lon="109.03460825200986">
        <ele>400.8738441411406</ele>
        <time>2022-04-18T22:32:24Z</time>
      </trkpt>
      <trkpt lat="34.2819215693967" lon="109.03426080570664">
        <ele>401.34917902201414</ele>
        <time>2022-04-18T22:32:30Z</time>
      </trkpt>
      <trkpt lat="34.2824316374275" lon="109.03384271425402">
        <ele>400.94868653733283</ele>
        <time>2022-04-18T22:32:36Z</time>
      </trkpt>
      <trkpt lat="34.282934990503925" lon="109.03339086665684">
        <ele>400.34611655399203</ele>
        <time>2022-04-18T22:32:42Z</time>
      </trkpt>
      <trkpt lat="34.28343853258898" lon="109.0329476236172">
        <ele>399.7823856314644</ele>
        <time>2022-04-18T22:32:48Z</time>
      </trkpt>
      <trkpt lat="34.28394073972238" lon="109.03252381203679">
        <ele>400.2134955720976</ele>
        <time>2022-04-18T22:32:54Z</time>
      </trkpt>
      <trkpt lat="34.28443664951367" lon="109.03208468488968">
        <ele>400.4859444722533</ele>
        <time>2022-04-18T22:33:00Z</time>
      </trkpt>
      <trkpt lat="34.28494865562361" lon="109.0316543771982">
        <ele>399.5528864171356</ele>
        <time>2022-04-18T22:33:06Z</time>
      </trkpt>
      <trkpt lat="34.285297059049824" lon="109.03137121636662">
        <ele>399.8677769564092</ele>
        <time>2022-04-18T22:33:10Z</time>
      </trkpt>
      <trkpt lat="34.28585244012564" lon="109.03099487003627">
        <ele>400.81769695784897</ele>
        <time>2022-04-18T22:33:16Z</time>
      </trkpt>
      <trkpt lat="34.28642296643885" lon="109.03073077798885">
        <ele>401.5880434513092</ele>
        <time>2022-04-18T22:33:22Z</time>
      </trkpt>
      <trkpt lat="34.28701261815091" lon="109.03051417010704">
        <ele>401.6292031900957</ele>
        <time>2022-04-18T22:33:28Z</time>
      </trkpt>
      <trkpt lat="34.28761394862146" lon="109.0303214039781">
        <ele>400.7177068442106</ele>
        <time>2022-04-18T22:33:34Z</time>
      </trkpt>
      <trkpt lat="34.288170457215905" lon="109.03010825570031">
        <ele>400.26899908017367</ele>
        <time>2022-04-18T22:33:40Z</time>
      </trkpt>
      <trkpt lat="34.288709108195945" lon="109.02988362356477">
        <ele>399.1812198450789</ele>
        <time>2022-04-18T22:33:46Z</time>
      </trkpt>
      <trkpt lat="34.28926236447785" lon="109.02974069573014">
        <ele>397.8775679077953</ele>
        <time>2022-04-18T22:33:52Z</time>
      </trkpt>
      <trkpt lat="34.2896765955516" lon="109.02967903621426">
        <ele>397.8031812319532</ele>
        <time>2022-04-18T22:33:56Z</time>
      </trkpt>
      <trkpt lat="34.29030692399307" lon="109.02968681155609">
        <ele>399.1019131280482</ele>
        <time>2022-04-18T22:34:02Z</time>
      </trkpt>
      <trkpt lat="34.290890280243744" lon="109.02972119751865">
        <ele>400.4421724062413</ele>
        <time>2022-04-18T22:34:08Z</time>
      </trkpt>
      <trkpt lat="34.2911253385731" lon="109.02967280484829">
        <ele>399.93239974882454</ele>
        <time>2022-04-18T22:34:10Z</time>
      </trkpt>
      <trkpt lat="34.29149885537775" lon="109.02965580617482">
        <ele>400.2275438159704</ele>
        <time>2022-04-18T22:34:14Z</time>
      </trkpt>
      <trkpt lat="34.29167839892756" lon="109.02966829301758">
        <ele>399.12104812823236</ele>
        <time>2022-04-18T22:34:16Z</time>
      </trkpt>
      <trkpt lat="34.29211855250648" lon="109.02962026378833">
        <ele>398.70238851290196</ele>
        <time>2022-04-18T22:34:22Z</time>
      </trkpt>
      <trkpt lat="34.29261827359878" lon="109.02952399870684">
        <ele>397.95277123432606</ele>
        <time>2022-04-18T22:34:30Z</time>
      </trkpt>
      <trkpt lat="34.293108479748625" lon="109.02940032392672">
        <ele>398.3132648402825</ele>
        <time>2022-04-18T22:34:40Z</time>
      </trkpt>
      <trkpt lat="34.29339773936879" lon="109.02931425038284">
        <ele>398.7351125199348</ele>
        <time>2022-04-18T22:34:48Z</time>
      </trkpt>
      <trkpt lat="34.29352280205082" lon="109.02930342710444">
        <ele>398.5897495634854</ele>
        <time>2022-04-18T22:35:04Z</time>
      </trkpt>
      <trkpt lat="34.293631016726664" lon="109.0293031829831">
        <ele>398.7225352153182</ele>
        <time>2022-04-18T22:35:23Z</time>
      </trkpt>
      <trkpt lat="34.2937764681235" lon="109.02927917883754">
        <ele>398.61916138604283</ele>
        <time>2022-04-18T22:35:27Z</time>
      </trkpt>
      <trkpt lat="34.29423057596799" lon="109.02912328439452">
        <ele>398.0682455552742</ele>
        <time>2022-04-18T22:35:35Z</time>
      </trkpt>
      <trkpt lat="34.29468741937869" lon="109.0290093355497">
        <ele>397.70706260949373</ele>
        <time>2022-04-18T22:35:41Z</time>
      </trkpt>
      <trkpt lat="34.29518382561664" lon="109.02885270553328">
        <ele>397.7339924387634</ele>
        <time>2022-04-18T22:35:47Z</time>
      </trkpt>
      <trkpt lat="34.2957250742642" lon="109.02873752542348">
        <ele>397.4109114203602</ele>
        <time>2022-04-18T22:35:53Z</time>
      </trkpt>
      <trkpt lat="34.29590695864845" lon="109.02873085401475">
        <ele>398.3782990183681</ele>
        <time>2022-04-18T22:35:55Z</time>
      </trkpt>
      <trkpt lat="34.296093450268" lon="109.02868214079686">
        <ele>397.721376651898</ele>
        <time>2022-04-18T22:35:57Z</time>
      </trkpt>
      <trkpt lat="34.29668019999066" lon="109.02860189987611">
        <ele>398.4769785422832</ele>
        <time>2022-04-18T22:36:03Z</time>
      </trkpt>
      <trkpt lat="34.29726423886274" lon="109.02849501506991">
        <ele>397.63673126883805</ele>
        <time>2022-04-18T22:36:09Z</time>
      </trkpt>
      <trkpt lat="34.29785523304432" lon="109.02848619937677">
        <ele>396.19275200832635</ele>
        <time>2022-04-18T22:36:15Z</time>
      </trkpt>
      <trkpt lat="34.29836473316902" lon="109.02847021283803">
        <ele>396.2065616613254</ele>
        <time>2022-04-18T22:36:20Z</time>
      </trkpt>
      <trkpt lat="34.29856915083237" lon="109.02849359679297">
        <ele>396.4081401079893</ele>
        <time>2022-04-18T22:36:22Z</time>
      </trkpt>
      <trkpt lat="34.29917662217427" lon="109.02845054378697">
        <ele>396.1347591765225</ele>
        <time>2022-04-18T22:36:28Z</time>
      </trkpt>
      <trkpt lat="34.29960830731132" lon="109.0283542901575">
        <ele>392.9769749622792</ele>
        <time>2022-04-18T22:36:32Z</time>
      </trkpt>
      <trkpt lat="34.29983113334706" lon="109.02832985137029">
        <ele>394.00033507402986</ele>
        <time>2022-04-18T22:36:34Z</time>
      </trkpt>
      <trkpt lat="34.30004700394276" lon="109.02827496777675">
        <ele>392.7570579703897</ele>
        <time>2022-04-18T22:36:36Z</time>
      </trkpt>
      <trkpt lat="34.30048109913968" lon="109.02821787955597">
        <ele>392.3724146531895</ele>
        <time>2022-04-18T22:36:40Z</time>
      </trkpt>
      <trkpt lat="34.300909669532665" lon="109.02810975335694">
        <ele>392.3676274083555</ele>
        <time>2022-04-18T22:36:44Z</time>
      </trkpt>
      <trkpt lat="34.30112364894912" lon="109.02804485850615">
        <ele>391.6147186383605</ele>
        <time>2022-04-18T22:36:46Z</time>
      </trkpt>
      <trkpt lat="34.30133033526072" lon="109.02798229623862">
        <ele>392.7451840257272</ele>
        <time>2022-04-18T22:36:48Z</time>
      </trkpt>
      <trkpt lat="34.301536930465836" lon="109.02789313843907">
        <ele>393.0856103412807</ele>
        <time>2022-04-18T22:36:50Z</time>
      </trkpt>
      <trkpt lat="34.30191725981381" lon="109.02765248866979">
        <ele>393.00110610667616</ele>
        <time>2022-04-18T22:36:54Z</time>
      </trkpt>
      <trkpt lat="34.30227445924694" lon="109.02736233014635">
        <ele>392.1970746042207</ele>
        <time>2022-04-18T22:36:58Z</time>
      </trkpt>
      <trkpt lat="34.302761276261705" lon="109.0268760303832">
        <ele>392.0772733408958</ele>
        <time>2022-04-18T22:37:04Z</time>
      </trkpt>
      <trkpt lat="34.30319326002675" lon="109.02630965814306">
        <ele>392.2414008351043</ele>
        <time>2022-04-18T22:37:10Z</time>
      </trkpt>
      <trkpt lat="34.3035182743584" lon="109.02569119008037">
        <ele>393.2488838052377</ele>
        <time>2022-04-18T22:37:16Z</time>
      </trkpt>
      <trkpt lat="34.30380754709379" lon="109.02505945345678">
        <ele>392.7418585475534</ele>
        <time>2022-04-18T22:37:22Z</time>
      </trkpt>
      <trkpt lat="34.30405293565068" lon="109.02467037799066">
        <ele>392.6435312740505</ele>
        <time>2022-04-18T22:37:26Z</time>
      </trkpt>
      <trkpt lat="34.30438135092656" lon="109.02436365547788">
        <ele>392.5570960370824</ele>
        <time>2022-04-18T22:37:30Z</time>
      </trkpt>
      <trkpt lat="34.30454996007135" lon="109.02424523778222">
        <ele>392.72832858748734</ele>
        <time>2022-04-18T22:37:32Z</time>
      </trkpt>
      <trkpt lat="34.304926430343635" lon="109.02404986021989">
        <ele>394.1217288104817</ele>
        <time>2022-04-18T22:37:36Z</time>
      </trkpt>
      <trkpt lat="34.30512290142078" lon="109.02397327775475">
        <ele>393.73556082416326</ele>
        <time>2022-04-18T22:37:38Z</time>
      </trkpt>
      <trkpt lat="34.30532406586261" lon="109.02393362395225">
        <ele>394.55676071718335</ele>
        <time>2022-04-18T22:37:40Z</time>
      </trkpt>
      <trkpt lat="34.30573622900602" lon="109.02390889691671">
        <ele>393.8980545112863</ele>
        <time>2022-04-18T22:37:44Z</time>
      </trkpt>
      <trkpt lat="34.306361773842205" lon="109.02390325403546">
        <ele>393.77851278707385</ele>
        <time>2022-04-18T22:37:50Z</time>
      </trkpt>
      <trkpt lat="34.306976553240375" lon="109.02393845568058">
        <ele>390.41263199970126</ele>
        <time>2022-04-18T22:37:56Z</time>
      </trkpt>
      <trkpt lat="34.30759375178463" lon="109.02395477474646">
        <ele>390.9289604499936</ele>
        <time>2022-04-18T22:38:02Z</time>
      </trkpt>
      <trkpt lat="34.30800809588828" lon="109.02396040394956">
        <ele>389.7051778389141</ele>
        <time>2022-04-18T22:38:06Z</time>
      </trkpt>
      <trkpt lat="34.30857471371269" lon="109.0240011226931">
        <ele>390.08123936131597</ele>
        <time>2022-04-18T22:38:12Z</time>
      </trkpt>
      <trkpt lat="34.308749401257366" lon="109.02402693141569">
        <ele>389.8638783041388</ele>
        <time>2022-04-18T22:38:14Z</time>
      </trkpt>
      <trkpt lat="34.30909097100748" lon="109.024140708985">
        <ele>390.38406700547785</ele>
        <time>2022-04-18T22:38:18Z</time>
      </trkpt>
      <trkpt lat="34.30940990974354" lon="109.02431045965697">
        <ele>390.8886590199545</ele>
        <time>2022-04-18T22:38:22Z</time>
      </trkpt>
      <trkpt lat="34.30970824699245" lon="109.0245440880013">
        <ele>391.55033195298165</ele>
        <time>2022-04-18T22:38:26Z</time>
      </trkpt>
      <trkpt lat="34.31000959916893" lon="109.02483601937247">
        <ele>390.89727328158915</ele>
        <time>2022-04-18T22:38:30Z</time>
      </trkpt>
      <trkpt lat="34.31013603164406" lon="109.0250035909097">
        <ele>391.12066167220473</ele>
        <time>2022-04-18T22:38:32Z</time>
      </trkpt>
      <trkpt lat="34.31027947914363" lon="109.02515445011173">
        <ele>391.20748374518007</ele>
        <time>2022-04-18T22:38:34Z</time>
      </trkpt>
      <trkpt lat="34.310455372468276" lon="109.0252564743749">
        <ele>391.6559323994443</ele>
        <time>2022-04-18T22:38:36Z</time>
      </trkpt>
      <trkpt lat="34.31081352903634" lon="109.02539742151635">
        <ele>392.2293084068224</ele>
        <time>2022-04-18T22:38:40Z</time>
      </trkpt>
      <trkpt lat="34.31100126015923" lon="109.02543396017009">
        <ele>392.84018183033913</ele>
        <time>2022-04-18T22:38:42Z</time>
      </trkpt>
      <trkpt lat="34.31119449057397" lon="109.02544498050739">
        <ele>392.39726101607084</ele>
        <time>2022-04-18T22:38:44Z</time>
      </trkpt>
      <trkpt lat="34.31139314193672" lon="109.02541648050266">
        <ele>391.80373503267765</ele>
        <time>2022-04-18T22:38:46Z</time>
      </trkpt>
      <trkpt lat="34.31159006762168" lon="109.02534762985479">
        <ele>391.33503939025104</ele>
        <time>2022-04-18T22:38:48Z</time>
      </trkpt>
      <trkpt lat="34.31213234368649" lon="109.024996775942">
        <ele>391.91443581227213</ele>
        <time>2022-04-18T22:38:54Z</time>
      </trkpt>
      <trkpt lat="34.31269008928175" lon="109.02462211586979">
        <ele>392.4367956602946</ele>
        <time>2022-04-18T22:39:00Z</time>
      </trkpt>
      <trkpt lat="34.313220605745585" lon="109.02424027261401">
        <ele>391.4285750538111</ele>
        <time>2022-04-18T22:39:06Z</time>
      </trkpt>
      <trkpt lat="34.31371877741083" lon="109.02386474428658">
        <ele>391.73062418960035</ele>
        <time>2022-04-18T22:39:12Z</time>
      </trkpt>
      <trkpt lat="34.3141455024594" lon="109.02354787244732">
        <ele>391.2389147207141</ele>
        <time>2022-04-18T22:39:18Z</time>
      </trkpt>
      <trkpt lat="34.3145668853298" lon="109.02323353988587">
        <ele>391.4515332560986</ele>
        <time>2022-04-18T22:39:24Z</time>
      </trkpt>
      <trkpt lat="34.314935441957864" lon="109.02292207592923">
        <ele>391.3051552148536</ele>
        <time>2022-04-18T22:39:30Z</time>
      </trkpt>
      <trkpt lat="34.315382734825505" lon="109.0225543865596">
        <ele>391.59970461111516</ele>
        <time>2022-04-18T22:39:38Z</time>
      </trkpt>
      <trkpt lat="34.315542121747605" lon="109.02242650654988">
        <ele>390.9743098812178</ele>
        <time>2022-04-18T22:39:52Z</time>
      </trkpt>
      <trkpt lat="34.315622219891175" lon="109.02234629972354">
        <ele>391.2604026431218</ele>
        <time>2022-04-18T22:39:59Z</time>
      </trkpt>
      <trkpt lat="34.31592103574603" lon="109.02211688946855">
        <ele>392.01076642237604</ele>
        <time>2022-04-18T22:40:07Z</time>
      </trkpt>
      <trkpt lat="34.31642631354265" lon="109.0218894538193">
        <ele>391.03067136742175</ele>
        <time>2022-04-18T22:40:15Z</time>
      </trkpt>
      <trkpt lat="34.316582564492585" lon="109.02183891755237">
        <ele>391.2648873059079</ele>
        <time>2022-04-18T22:40:17Z</time>
      </trkpt>
      <trkpt lat="34.31708083362861" lon="109.02176945824209">
        <ele>390.5587903484702</ele>
        <time>2022-04-18T22:40:23Z</time>
      </trkpt>
      <trkpt lat="34.3176760485966" lon="109.02169996673828">
        <ele>389.66947805602103</ele>
        <time>2022-04-18T22:40:30Z</time>
      </trkpt>
      <trkpt lat="34.318237736230486" lon="109.02161624390448">
        <ele>390.30204465053976</ele>
        <time>2022-04-18T22:40:36Z</time>
      </trkpt>
      <trkpt lat="34.31881095064912" lon="109.02155150231162">
        <ele>390.3952285638079</ele>
        <time>2022-04-18T22:40:42Z</time>
      </trkpt>
      <trkpt lat="34.31939562672084" lon="109.0215405109191">
        <ele>390.3333211168647</ele>
        <time>2022-04-18T22:40:48Z</time>
      </trkpt>
      <trkpt lat="34.31959075837014" lon="109.0215439528467">
        <ele>389.9773167045787</ele>
        <time>2022-04-18T22:40:50Z</time>
      </trkpt>
      <trkpt lat="34.32015888151577" lon="109.02161443344143">
        <ele>390.42251741699874</ele>
        <time>2022-04-18T22:40:56Z</time>
      </trkpt>
      <trkpt lat="34.32073365995664" lon="109.0216890156197">
        <ele>389.9909603865817</ele>
        <time>2022-04-18T22:41:02Z</time>
      </trkpt>
      <trkpt lat="34.32129176412115" lon="109.02178452307504">
        <ele>389.2633496457711</ele>
        <time>2022-04-18T22:41:08Z</time>
      </trkpt>
      <trkpt lat="34.321845339403" lon="109.02187297941634">
        <ele>389.3676483761519</ele>
        <time>2022-04-18T22:41:14Z</time>
      </trkpt>
      <trkpt lat="34.32240122838814" lon="109.0219241430904">
        <ele>390.2523938762024</ele>
        <time>2022-04-18T22:41:20Z</time>
      </trkpt>
      <trkpt lat="34.322951951468504" lon="109.02193855037336">
        <ele>389.5005424208939</ele>
        <time>2022-04-18T22:41:26Z</time>
      </trkpt>
      <trkpt lat="34.32350661707846" lon="109.02192405216329">
        <ele>388.9976763743907</ele>
        <time>2022-04-18T22:41:32Z</time>
      </trkpt>
      <trkpt lat="34.323886642666736" lon="109.02189153762092">
        <ele>388.42904966138303</ele>
        <time>2022-04-18T22:41:36Z</time>
      </trkpt>
      <trkpt lat="34.32445500138959" lon="109.0217603398096">
        <ele>387.77519826591015</ele>
        <time>2022-04-18T22:41:42Z</time>
      </trkpt>
      <trkpt lat="34.325000686118784" lon="109.02154856506226">
        <ele>388.285720446147</ele>
        <time>2022-04-18T22:41:48Z</time>
      </trkpt>
      <trkpt lat="34.325531261639135" lon="109.02124210880822">
        <ele>387.91704170871526</ele>
        <time>2022-04-18T22:41:54Z</time>
      </trkpt>
      <trkpt lat="34.32603574528936" lon="109.02085287764501">
        <ele>387.9097179546952</ele>
        <time>2022-04-18T22:42:00Z</time>
      </trkpt>
      <trkpt lat="34.32647607599017" lon="109.02039735601267">
        <ele>388.73959126416594</ele>
        <time>2022-04-18T22:42:06Z</time>
      </trkpt>
      <trkpt lat="34.32685463145023" lon="109.01990804399074">
        <ele>388.29085703380406</ele>
        <time>2022-04-18T22:42:12Z</time>
      </trkpt>
      <trkpt lat="34.32716717329151" lon="109.01939993108846">
        <ele>389.10966410208493</ele>
        <time>2022-04-18T22:42:18Z</time>
      </trkpt>
      <trkpt lat="34.327484169314175" lon="109.01890060112648">
        <ele>388.9201516043395</ele>
        <time>2022-04-18T22:42:24Z</time>
      </trkpt>
      <trkpt lat="34.327798442086625" lon="109.01837276001764">
        <ele>388.22119166050106</ele>
        <time>2022-04-18T22:42:30Z</time>
      </trkpt>
      <trkpt lat="34.32812041441448" lon="109.01784085224129">
        <ele>388.28713240660727</ele>
        <time>2022-04-18T22:42:36Z</time>
      </trkpt>
      <trkpt lat="34.328437649310125" lon="109.0172877700784">
        <ele>388.27761066611856</ele>
        <time>2022-04-18T22:42:42Z</time>
      </trkpt>
      <trkpt lat="34.32878608666687" lon="109.01675193398988">
        <ele>388.62592584919184</ele>
        <time>2022-04-18T22:42:48Z</time>
      </trkpt>
      <trkpt lat="34.32912020358152" lon="109.01618610871851">
        <ele>388.2182312849909</ele>
        <time>2022-04-18T22:42:54Z</time>
      </trkpt>
      <trkpt lat="34.32923036780364" lon="109.01597888493943">
        <ele>388.29109429288656</ele>
        <time>2022-04-18T22:42:56Z</time>
      </trkpt>
      <trkpt lat="34.32935829603161" lon="109.0157878981898">
        <ele>388.06784901209176</ele>
        <time>2022-04-18T22:42:58Z</time>
      </trkpt>
      <trkpt lat="34.32966357164254" lon="109.01541697717359">
        <ele>388.1627008067444</ele>
        <time>2022-04-18T22:43:02Z</time>
      </trkpt>
      <trkpt lat="34.33001880195105" lon="109.01501846785456">
        <ele>388.4576160348952</ele>
        <time>2022-04-18T22:43:06Z</time>
      </trkpt>
      <trkpt lat="34.3304645529701" lon="109.0146525732379">
        <ele>387.4709376199171</ele>
        <time>2022-04-18T22:43:10Z</time>
      </trkpt>
      <trkpt lat="34.33088558241227" lon="109.0143666900892">
        <ele>388.0422860486433</ele>
        <time>2022-04-18T22:43:14Z</time>
      </trkpt>
      <trkpt lat="34.33125885941345" lon="109.01410079893132">
        <ele>387.62011248152703</ele>
        <time>2022-04-18T22:43:18Z</time>
      </trkpt>
      <trkpt lat="34.3317742145374" lon="109.01378518151766">
        <ele>386.2031724322587</ele>
        <time>2022-04-18T22:43:24Z</time>
      </trkpt>
      <trkpt lat="34.33219001768101" lon="109.01345549277524">
        <ele>387.84000782854855</ele>
        <time>2022-04-18T22:43:30Z</time>
      </trkpt>
      <trkpt lat="34.33263533051333" lon="109.01311011506701">
        <ele>387.68585179839283</ele>
        <time>2022-04-18T22:43:38Z</time>
      </trkpt>
      <trkpt lat="34.33268099398514" lon="109.01300012907048">
        <ele>387.6472950326279</ele>
        <time>2022-04-18T22:43:40Z</time>
      </trkpt>
      <trkpt lat="34.332592292536184" lon="109.0129082199405">
        <ele>387.809276859276</ele>
        <time>2022-04-18T22:43:42Z</time>
      </trkpt>
      <trkpt lat="34.33256302832273" lon="109.01275761116999">
        <ele>387.93134011887014</ele>
        <time>2022-04-18T22:43:44Z</time>
      </trkpt>
      <trkpt lat="34.332566969668704" lon="109.0126286425296">
        <ele>387.8557226443663</ele>
        <time>2022-04-18T22:43:46Z</time>
      </trkpt>
      <trkpt lat="34.332400806867874" lon="109.01230046995099">
        <ele>387.75818677898496</ele>
        <time>2022-04-18T22:43:52Z</time>
      </trkpt>
      <trkpt lat="34.332200862574695" lon="109.01178952141538">
        <ele>386.9831890333444</ele>
        <time>2022-04-18T22:44:00Z</time>
      </trkpt>
      <trkpt lat="34.33200185915093" lon="109.01132683345372">
        <ele>386.9018577709794</ele>
        <time>2022-04-18T22:44:06Z</time>
      </trkpt>
      <trkpt lat="34.33188804077058" lon="109.01081398271047">
        <ele>386.0371844684705</ele>
        <time>2022-04-18T22:44:12Z</time>
      </trkpt>
      <trkpt lat="34.331844384076184" lon="109.0106451795588">
        <ele>385.92582473903894</ele>
        <time>2022-04-18T22:44:14Z</time>
      </trkpt>
      <trkpt lat="34.331758695389354" lon="109.01011842153144">
        <ele>386.68129868991673</ele>
        <time>2022-04-18T22:44:20Z</time>
      </trkpt>
      <trkpt lat="34.3316921432606" lon="109.00945384178513">
        <ele>387.16506909858435</ele>
        <time>2022-04-18T22:44:28Z</time>
      </trkpt>
      <trkpt lat="34.33167362876309" lon="109.00878448661626">
        <ele>385.9498633518815</ele>
        <time>2022-04-18T22:44:36Z</time>
      </trkpt>
      <trkpt lat="34.33170392554931" lon="109.00825523935457">
        <ele>384.95353415235877</ele>
        <time>2022-04-18T22:44:42Z</time>
      </trkpt>
      <trkpt lat="34.33170757729931" lon="109.0075637128638">
        <ele>386.5269120205194</ele>
        <time>2022-04-18T22:44:50Z</time>
      </trkpt>
      <trkpt lat="34.331717639741406" lon="109.00721244461981">
        <ele>385.44707843195647</ele>
        <time>2022-04-18T22:44:54Z</time>
      </trkpt>
      <trkpt lat="34.33171882234524" lon="109.0066966972111">
        <ele>386.25199340842664</ele>
        <time>2022-04-18T22:45:00Z</time>
      </trkpt>
      <trkpt lat="34.33174934313087" lon="109.006048173817">
        <ele>386.592684389092</ele>
        <time>2022-04-18T22:45:08Z</time>
      </trkpt>
      <trkpt lat="34.33175147990565" lon="109.00552722363045">
        <ele>386.41354670003057</ele>
        <time>2022-04-18T22:45:16Z</time>
      </trkpt>
      <trkpt lat="34.331782304170204" lon="109.00492169833096">
        <ele>386.90668083075434</ele>
        <time>2022-04-18T22:45:26Z</time>
      </trkpt>
      <trkpt lat="34.33177771083545" lon="109.00474535649799">
        <ele>386.9123066337779</ele>
        <time>2022-04-18T22:45:40Z</time>
      </trkpt>
      <trkpt lat="34.331785810677324" lon="109.00453342381178">
        <ele>386.9876663098112</ele>
        <time>2022-04-18T22:45:53Z</time>
      </trkpt>
      <trkpt lat="34.33176022152923" lon="109.00394360248961">
        <ele>387.28800746425986</ele>
        <time>2022-04-18T22:46:01Z</time>
      </trkpt>
      <trkpt lat="34.33178734525634" lon="109.00331533768902">
        <ele>388.1974804615602</ele>
        <time>2022-04-18T22:46:09Z</time>
      </trkpt>
      <trkpt lat="34.33182522989876" lon="109.00274196873089">
        <ele>388.92057381756604</ele>
        <time>2022-04-18T22:46:17Z</time>
      </trkpt>
      <trkpt lat="34.331824772934894" lon="109.00229536229313">
        <ele>388.7778530009091</ele>
        <time>2022-04-18T22:46:23Z</time>
      </trkpt>
      <trkpt lat="34.331820364292255" lon="109.00161490940671">
        <ele>389.6134821539745</ele>
        <time>2022-04-18T22:46:31Z</time>
      </trkpt>
      <trkpt lat="34.33181315957183" lon="109.0010650424647">
        <ele>390.09710801113397</ele>
        <time>2022-04-18T22:46:37Z</time>
      </trkpt>
      <trkpt lat="34.33182993120017" lon="109.00056943342031">
        <ele>390.49454672820866</ele>
        <time>2022-04-18T22:46:43Z</time>
      </trkpt>
      <trkpt lat="34.33184683593833" lon="109.00001160740719">
        <ele>391.6743943570182</ele>
        <time>2022-04-18T22:46:50Z</time>
      </trkpt>
      <trkpt lat="34.33186051749887" lon="108.999414690039">
        <ele>391.80814937129617</ele>
        <time>2022-04-18T22:46:58Z</time>
      </trkpt>
      <trkpt lat="34.33180975833154" lon="108.99883424432919">
        <ele>390.7845144746825</ele>
        <time>2022-04-18T22:47:06Z</time>
      </trkpt>
      <trkpt lat="34.331793709192695" lon="108.99868459780065">
        <ele>391.49644958693534</ele>
        <time>2022-04-18T22:47:08Z</time>
      </trkpt>
      <trkpt lat="34.33163457701754" lon="108.99808431793707">
        <ele>392.46064448263496</ele>
        <time>2022-04-18T22:47:16Z</time>
      </trkpt>
      <trkpt lat="34.33159461321966" lon="108.99793495828479">
        <ele>392.2094805482775</ele>
        <time>2022-04-18T22:47:18Z</time>
      </trkpt>
      <trkpt lat="34.331433392119585" lon="108.99733411721866">
        <ele>392.81543121952564</ele>
        <time>2022-04-18T22:47:26Z</time>
      </trkpt>
      <trkpt lat="34.33125533161998" lon="108.99673331803817">
        <ele>391.7573322150856</ele>
        <time>2022-04-18T22:47:34Z</time>
      </trkpt>
      <trkpt lat="34.33107143583845" lon="108.99612003865347">
        <ele>392.312137292698</ele>
        <time>2022-04-18T22:47:42Z</time>
      </trkpt>
      <trkpt lat="34.33098322141508" lon="108.99581242594793">
        <ele>393.4737532399595</ele>
        <time>2022-04-18T22:47:46Z</time>
      </trkpt>
      <trkpt lat="34.33093012654529" lon="108.99533675548643">
        <ele>392.38596350420266</ele>
        <time>2022-04-18T22:47:52Z</time>
      </trkpt>
      <trkpt lat="34.33094511318941" lon="108.99517497806235">
        <ele>393.176415652968</ele>
        <time>2022-04-18T22:47:54Z</time>
      </trkpt>
      <trkpt lat="34.33083780435655" lon="108.99458210824305">
        <ele>392.7182516865432</ele>
        <time>2022-04-18T22:48:02Z</time>
      </trkpt>
      <trkpt lat="34.330805573355576" lon="108.99429507618319">
        <ele>392.8815388744697</ele>
        <time>2022-04-18T22:48:06Z</time>
      </trkpt>
      <trkpt lat="34.33084718983515" lon="108.993889694361">
        <ele>393.0856476863846</ele>
        <time>2022-04-18T22:48:12Z</time>
      </trkpt>
      <trkpt lat="34.330701227809975" lon="108.9937756216853">
        <ele>393.2617528438568</ele>
        <time>2022-04-18T22:48:14Z</time>
      </trkpt>
      <trkpt lat="34.330601323880096" lon="108.99354919780976">
        <ele>393.94181946851313</ele>
        <time>2022-04-18T22:48:16Z</time>
      </trkpt>
      <trkpt lat="34.33070687958532" lon="108.99334091845247">
        <ele>393.35077673662454</ele>
        <time>2022-04-18T22:48:18Z</time>
      </trkpt>
      <trkpt lat="34.33071427273347" lon="108.99314717329989">
        <ele>392.67401835601777</ele>
        <time>2022-04-18T22:48:20Z</time>
      </trkpt>
      <trkpt lat="34.33082894612926" lon="108.99294166883806">
        <ele>393.5839121332392</ele>
        <time>2022-04-18T22:48:22Z</time>
      </trkpt>
      <trkpt lat="34.33084245666129" lon="108.99245846062321">
        <ele>392.31748805753887</ele>
        <time>2022-04-18T22:48:28Z</time>
      </trkpt>
      <trkpt lat="34.33082779444399" lon="108.99214879584088">
        <ele>392.53131911717355</ele>
        <time>2022-04-18T22:48:32Z</time>
      </trkpt>
      <trkpt lat="34.330861223723694" lon="108.99198192833748">
        <ele>392.29672909062356</ele>
        <time>2022-04-18T22:48:34Z</time>
      </trkpt>
      <trkpt lat="34.33087665370187" lon="108.99167215409582">
        <ele>392.2471489068121</ele>
        <time>2022-04-18T22:48:38Z</time>
      </trkpt>
      <trkpt lat="34.330857827044284" lon="108.9915421678277">
        <ele>391.6448311135173</ele>
        <time>2022-04-18T22:48:40Z</time>
      </trkpt>
      <trkpt lat="34.33086318855855" lon="108.99125936056949">
        <ele>391.5450375704095</ele>
        <time>2022-04-18T22:48:56Z</time>
      </trkpt>
      <trkpt lat="34.330831942374346" lon="108.99111302883094">
        <ele>392.53621404990554</ele>
        <time>2022-04-18T22:50:01Z</time>
      </trkpt>
      <trkpt lat="34.33086472944695" lon="108.9907323963294">
        <ele>391.2729718387127</ele>
        <time>2022-04-18T22:50:11Z</time>
      </trkpt>
      <trkpt lat="34.33083436588508" lon="108.99020330578298">
        <ele>391.22750496771187</ele>
        <time>2022-04-18T22:50:23Z</time>
      </trkpt>
      <trkpt lat="34.33084701696611" lon="108.99011067015688">
        <ele>391.17174992803484</ele>
        <time>2022-04-18T22:50:25Z</time>
      </trkpt>
      <trkpt lat="34.33083991128887" lon="108.99000319222051">
        <ele>391.51450677309185</ele>
        <time>2022-04-18T22:50:27Z</time>
      </trkpt>
      <trkpt lat="34.330855320659296" lon="108.98989295749362">
        <ele>392.23592360597104</ele>
        <time>2022-04-18T22:50:29Z</time>
      </trkpt>
      <trkpt lat="34.33083913017665" lon="108.98966977038528">
        <ele>391.618130187504</ele>
        <time>2022-04-18T22:50:33Z</time>
      </trkpt>
      <trkpt lat="34.33086335324904" lon="108.98955154028117">
        <ele>392.1992735117674</ele>
        <time>2022-04-18T22:50:35Z</time>
      </trkpt>
      <trkpt lat="34.33085231547402" lon="108.989196909818">
        <ele>392.62177228555083</ele>
        <time>2022-04-18T22:50:41Z</time>
      </trkpt>
      <trkpt lat="34.330875132530835" lon="108.98907717054809">
        <ele>392.65448848716915</ele>
        <time>2022-04-18T22:50:43Z</time>
      </trkpt>
      <trkpt lat="34.33086246440626" lon="108.98894163793452">
        <ele>392.94059423264116</ele>
        <time>2022-04-18T22:50:45Z</time>
      </trkpt>
      <trkpt lat="34.33089475382374" lon="108.98863021733818">
        <ele>392.7960043307394</ele>
        <time>2022-04-18T22:50:49Z</time>
      </trkpt>
      <trkpt lat="34.33088955220269" lon="108.98850841494696">
        <ele>393.29574896954</ele>
        <time>2022-04-18T22:50:51Z</time>
      </trkpt>
      <trkpt lat="34.33093681139474" lon="108.98822865745572">
        <ele>392.8949938947335</ele>
        <time>2022-04-18T22:50:55Z</time>
      </trkpt>
      <trkpt lat="34.330920463847356" lon="108.98777714110102">
        <ele>393.2312247911468</ele>
        <time>2022-04-18T22:51:02Z</time>
      </trkpt>
      <trkpt lat="34.3308563573818" lon="108.9875674956614">
        <ele>392.86767749488354</ele>
        <time>2022-04-18T22:51:06Z</time>
      </trkpt>
      <trkpt lat="34.33085033468924" lon="108.9873895098113">
        <ele>392.7889665244147</ele>
        <time>2022-04-18T22:51:08Z</time>
      </trkpt>
      <trkpt lat="34.33082034850173" lon="108.98722186640062">
        <ele>393.7549632107839</ele>
        <time>2022-04-18T22:51:10Z</time>
      </trkpt>
      <trkpt lat="34.330825239601936" lon="108.9870772872552">
        <ele>392.92293681949377</ele>
        <time>2022-04-18T22:51:12Z</time>
      </trkpt>
      <trkpt lat="34.33087729453428" lon="108.98679624842838">
        <ele>393.1486308183521</ele>
        <time>2022-04-18T22:51:16Z</time>
      </trkpt>
      <trkpt lat="34.33086783881245" lon="108.98662468679875">
        <ele>393.11810461618006</ele>
        <time>2022-04-18T22:51:18Z</time>
      </trkpt>
      <trkpt lat="34.3309396131021" lon="108.98637256503199">
        <ele>392.92936051636934</ele>
        <time>2022-04-18T22:51:22Z</time>
      </trkpt>
      <trkpt lat="34.331033222854984" lon="108.98624117933538">
        <ele>393.1850121226162</ele>
        <time>2022-04-18T22:51:24Z</time>
      </trkpt>
      <trkpt lat="34.331077140904235" lon="108.98595729686654">
        <ele>394.00132598821074</ele>
        <time>2022-04-18T22:51:28Z</time>
      </trkpt>
      <trkpt lat="34.33107660317862" lon="108.98567423026257">
        <ele>393.35823299363256</ele>
        <time>2022-04-18T22:51:32Z</time>
      </trkpt>
      <trkpt lat="34.33114987572514" lon="108.98554155918629">
        <ele>393.5893905032426</ele>
        <time>2022-04-18T22:51:34Z</time>
      </trkpt>
      <trkpt lat="34.33107171261997" lon="108.98538873448767">
        <ele>394.16880443599075</ele>
        <time>2022-04-18T22:51:36Z</time>
      </trkpt>
      <trkpt lat="34.330857923240025" lon="108.98521036222354">
        <ele>394.24959861766547</ele>
        <time>2022-04-18T22:51:38Z</time>
      </trkpt>
      <trkpt lat="34.33096579883941" lon="108.98475389912164">
        <ele>393.8003503168002</ele>
        <time>2022-04-18T22:51:44Z</time>
      </trkpt>
      <trkpt lat="34.33099347428837" lon="108.98444583008599">
        <ele>393.48388356529176</ele>
        <time>2022-04-18T22:51:48Z</time>
      </trkpt>
      <trkpt lat="34.330997163653265" lon="108.98384605839455">
        <ele>394.57467357162386</ele>
        <time>2022-04-18T22:51:56Z</time>
      </trkpt>
      <trkpt lat="34.33100387131161" lon="108.98323281970346">
        <ele>395.1991216922179</ele>
        <time>2022-04-18T22:52:04Z</time>
      </trkpt>
      <trkpt lat="34.33102333114707" lon="108.98261922584331">
        <ele>395.2196383951232</ele>
        <time>2022-04-18T22:52:12Z</time>
      </trkpt>
      <trkpt lat="34.331036897197656" lon="108.98202693014986">
        <ele>395.4843251518905</ele>
        <time>2022-04-18T22:52:20Z</time>
      </trkpt>
      <trkpt lat="34.33105140900325" lon="108.98145148848154">
        <ele>395.2933909744024</ele>
        <time>2022-04-18T22:52:28Z</time>
      </trkpt>
      <trkpt lat="34.33105154875517" lon="108.98088075132668">
        <ele>395.65836015250534</ele>
        <time>2022-04-18T22:52:36Z</time>
      </trkpt>
      <trkpt lat="34.33104550658683" lon="108.98034408591276">
        <ele>395.118392188102</ele>
        <time>2022-04-18T22:52:44Z</time>
      </trkpt>
      <trkpt lat="34.331048711462486" lon="108.9798558679548">
        <ele>395.87576232105494</ele>
        <time>2022-04-18T22:53:06Z</time>
      </trkpt>
      <trkpt lat="34.33101847846655" lon="108.97970007676791">
        <ele>395.7348008202389</ele>
        <time>2022-04-18T22:53:29Z</time>
      </trkpt>
      <trkpt lat="34.33087062986988" lon="108.97965231472956">
        <ele>396.1146601885557</ele>
        <time>2022-04-18T22:53:33Z</time>
      </trkpt>
      <trkpt lat="34.33041838099859" lon="108.97961602515616">
        <ele>395.4522942015901</ele>
        <time>2022-04-18T22:53:41Z</time>
      </trkpt>
      <trkpt lat="34.32994357681461" lon="108.9795850210115">
        <ele>395.43298085592687</ele>
        <time>2022-04-18T22:53:49Z</time>
      </trkpt>
      <trkpt lat="34.329865560899" lon="108.97956838662526">
        <ele>394.24886764306575</ele>
        <time>2022-04-18T22:53:51Z</time>
      </trkpt>
      <trkpt lat="34.329801413801526" lon="108.97961147233713">
        <ele>395.0479415189475</ele>
        <time>2022-04-18T22:53:53Z</time>
      </trkpt>
      <trkpt lat="34.329556664723306" lon="108.97959721196992">
        <ele>396.2503137839958</ele>
        <time>2022-04-18T22:53:59Z</time>
      </trkpt>
      <trkpt lat="34.32926650314982" lon="108.9796518802204">
        <ele>396.21592493820935</ele>
        <time>2022-04-18T22:54:05Z</time>
      </trkpt>
      <trkpt lat="34.329184125620515" lon="108.97962587990035">
        <ele>395.88023249804974</ele>
        <time>2022-04-18T22:54:07Z</time>
      </trkpt>
      <trkpt lat="34.32910321332354" lon="108.97964821617256">
        <ele>395.8063772395253</ele>
        <time>2022-04-18T22:54:09Z</time>
      </trkpt>
      <trkpt lat="34.32907081246" lon="108.9797318928668">
        <ele>395.58500825520605</ele>
        <time>2022-04-18T22:54:11Z</time>
      </trkpt>
      <trkpt lat="34.32907040302511" lon="108.97969748766637">
        <ele>395.5140552120283</ele>
        <time>2022-04-18T22:54:27Z</time>
      </trkpt>
      <trkpt lat="34.329039715523635" lon="108.9800088572599">
        <ele>393.2052423246205</ele>
        <time>2022-04-18T22:55:15Z</time>
      </trkpt>
      <trkpt lat="34.328995264696545" lon="108.97969709092884">
        <ele>395.85775010846555</ele>
        <time>2022-04-18T22:55:18Z</time>
      </trkpt>
      <trkpt lat="34.32862683297778" lon="108.98020512122608">
        <ele>387.685546875</ele>
        <time>2022-04-18T22:56:20Z</time>
      </trkpt>
      <trkpt lat="34.32866754892403" lon="108.98031092208636">
        <ele>387.685546875</ele>
        <time>2022-04-18T22:56:37Z</time>
      </trkpt>
      <trkpt lat="34.328540419722" lon="108.9804011121444">
        <ele>443.7235412597656</ele>
        <time>2022-04-18T22:58:14Z</time>
      </trkpt>
      <trkpt lat="34.32845486489145" lon="108.98006001361759">
        <ele>443.8553466796875</ele>
        <time>2022-04-18T22:58:21Z</time>
      </trkpt>
      <trkpt lat="34.32832778823178" lon="108.9803982239988">
        <ele>478.01898193359375</ele>
        <time>2022-04-18T22:58:51Z</time>
      </trkpt>
      <trkpt lat="34.3282359598129" lon="108.9802076852467">
        <ele>480.31427001953125</ele>
        <time>2022-04-18T22:59:02Z</time>
      </trkpt>
      <trkpt lat="34.32845486489145" lon="108.98006001361759">
        <ele>480.3355407714844</ele>
        <time>2022-04-18T22:59:15Z</time>
      </trkpt>
      <trkpt lat="34.328270949367415" lon="108.98021880717023">
        <ele>481.3355407714844</ele>
        <time>2022-04-18T22:59:34Z</time>
      </trkpt>
      <trkpt lat="34.32845486489145" lon="108.98006001361759">
        <ele>481.3355407714844</ele>
        <time>2022-04-18T22:59:40Z</time>
      </trkpt>
      <trkpt lat="34.3282462076338" lon="108.98020900343826">
        <ele>481.3355407714844</ele>
        <time>2022-04-18T22:59:42Z</time>
      </trkpt>
      <trkpt lat="34.328302359776316" lon="108.98026575370639">
        <ele>481.3355407714844</ele>
        <time>2022-04-18T23:00:00Z</time>
      </trkpt>
      <trkpt lat="34.32845486489145" lon="108.98006001361759">
        <ele>481.3355407714844</ele>
        <time>2022-04-18T23:07:37Z</time>
      </trkpt>
      <trkpt lat="34.328301642295095" lon="108.98026357838357">
        <ele>481.3355407714844</ele>
        <time>2022-04-18T23:07:43Z</time>
      </trkpt>
      <trkpt lat="34.32845486489145" lon="108.98006001361759">
        <ele>481.3355407714844</ele>
        <time>2022-04-18T23:11:03Z</time>
      </trkpt>
      <trkpt lat="34.32828575863399" lon="108.98025788227511">
        <ele>481.3355407714844</ele>
        <time>2022-04-18T23:13:45Z</time>
      </trkpt>
      <trkpt lat="34.32845486489145" lon="108.98006001361759">
        <ele>481.3355407714844</ele>
        <time>2022-04-18T23:13:56Z</time>
      </trkpt>
      <trkpt lat="34.32827560799369" lon="108.98025108374978">
        <ele>408.38838476501405</ele>
        <time>2022-04-18T23:14:06Z</time>
      </trkpt>
      <trkpt lat="34.328448814390924" lon="108.980361015381">
        <ele>344.026031922549</ele>
        <time>2022-04-18T23:30:28Z</time>
      </trkpt>
      <trkpt lat="34.32875460464768" lon="108.98059117226377">
        <ele>394.5580749511719</ele>
        <time>2022-04-18T23:30:59Z</time>
      </trkpt>
      <trkpt lat="34.32880076064302" lon="108.98051955583152">
        <ele>394.78033447265625</ele>
        <time>2022-04-18T23:31:05Z</time>
      </trkpt>
      <trkpt lat="34.32866962443952" lon="108.98024847190155">
        <ele>394.7854309082031</ele>
        <time>2022-04-18T23:31:11Z</time>
      </trkpt>
      <trkpt lat="34.32863776527678" lon="108.98044381415554">
        <ele>349.94131826329976</ele>
        <time>2022-04-18T23:31:19Z</time>
      </trkpt>
      <trkpt lat="34.32873176510238" lon="108.98053580622572">
        <ele>356.2724444223568</ele>
        <time>2022-04-18T23:31:20Z</time>
      </trkpt>
      <trkpt lat="34.32864777072709" lon="108.9804661153388">
        <ele>389.7592117385939</ele>
        <time>2022-04-18T23:31:22Z</time>
      </trkpt>
      <trkpt lat="34.328649584737086" lon="108.98056991795639">
        <ele>396.2799646295607</ele>
        <time>2022-04-18T23:31:30Z</time>
      </trkpt>
      <trkpt lat="34.3287250506356" lon="108.98062210005328">
        <ele>395.9664980042726</ele>
        <time>2022-04-18T23:31:34Z</time>
      </trkpt>
      <trkpt lat="34.32897741041891" lon="108.9805933041562">
        <ele>395.4230455448851</ele>
        <time>2022-04-18T23:31:55Z</time>
      </trkpt>
      <trkpt lat="34.3291139040542" lon="108.98035707827387">
        <ele>395.7335570156574</ele>
        <time>2022-04-18T23:32:15Z</time>
      </trkpt>
      <trkpt lat="34.32919334741698" lon="108.98035162303783">
        <ele>395.8909465735778</ele>
        <time>2022-04-18T23:32:21Z</time>
      </trkpt>
      <trkpt lat="34.329270612789415" lon="108.98038458445609">
        <ele>396.1476869145408</ele>
        <time>2022-04-18T23:32:27Z</time>
      </trkpt>
      <trkpt lat="34.32946395003613" lon="108.98037166921252">
        <ele>395.7405127454549</ele>
        <time>2022-04-18T23:32:39Z</time>
      </trkpt>
      <trkpt lat="34.32963661789498" lon="108.98027812256862">
        <ele>394.833816989325</ele>
        <time>2022-04-18T23:32:49Z</time>
      </trkpt>
      <trkpt lat="34.32972814818694" lon="108.98018828725624">
        <ele>395.91335370671004</ele>
        <time>2022-04-18T23:32:59Z</time>
      </trkpt>
      <trkpt lat="34.3297514467977" lon="108.98010272661246">
        <ele>395.55278160143644</ele>
        <time>2022-04-18T23:33:03Z</time>
      </trkpt>
      <trkpt lat="34.32979510080963" lon="108.97982880530428">
        <ele>395.1641831593588</ele>
        <time>2022-04-18T23:33:36Z</time>
      </trkpt>
      <trkpt lat="34.32993867949818" lon="108.9797942195952">
        <ele>395.98887072410434</ele>
        <time>2022-04-18T23:33:47Z</time>
      </trkpt>
      <trkpt lat="34.33008072335311" lon="108.97975124392669">
        <ele>395.62067061290145</ele>
        <time>2022-04-18T23:33:57Z</time>
      </trkpt>
      <trkpt lat="34.330266292648275" lon="108.97973060882958">
        <ele>395.4037712365389</ele>
        <time>2022-04-18T23:34:09Z</time>
      </trkpt>
      <trkpt lat="34.33035886238894" lon="108.9797466539915">
        <ele>395.5164930233732</ele>
        <time>2022-04-18T23:34:15Z</time>
      </trkpt>
      <trkpt lat="34.33043404080243" lon="108.97980299485272">
        <ele>394.51493347994983</ele>
        <time>2022-04-18T23:34:21Z</time>
      </trkpt>
      <trkpt lat="34.33049414837761" lon="108.97987989751977">
        <ele>394.87461594026536</ele>
        <time>2022-04-18T23:34:25Z</time>
      </trkpt>
      <trkpt lat="34.33053432606044" lon="108.98011593585328">
        <ele>394.29509648960084</ele>
        <time>2022-04-18T23:34:37Z</time>
      </trkpt>
      <trkpt lat="34.330506679773876" lon="108.98035306779688">
        <ele>393.32592385355383</ele>
        <time>2022-04-18T23:34:45Z</time>
      </trkpt>
      <trkpt lat="34.330473120389954" lon="108.98044389086498">
        <ele>394.36140170227736</ele>
        <time>2022-04-18T23:34:49Z</time>
      </trkpt>
      <trkpt lat="34.33047476114161" lon="108.98062485253898">
        <ele>394.97102872654796</ele>
        <time>2022-04-18T23:34:57Z</time>
      </trkpt>
      <trkpt lat="34.33058555207068" lon="108.9806688998329">
        <ele>394.5540673136711</ele>
        <time>2022-04-18T23:35:05Z</time>
      </trkpt>
      <trkpt lat="34.33063479745419" lon="108.98073438511098">
        <ele>394.5388422431424</ele>
        <time>2022-04-18T23:35:15Z</time>
      </trkpt>
      <trkpt lat="34.33063864613027" lon="108.98098003774376">
        <ele>394.3725928850472</ele>
        <time>2022-04-18T23:35:35Z</time>
      </trkpt>
      <trkpt lat="34.33067729931672" lon="108.98130182328511">
        <ele>395.5495605310425</ele>
        <time>2022-04-18T23:35:42Z</time>
      </trkpt>
      <trkpt lat="34.33070566846634" lon="108.98140375419119">
        <ele>394.94687521643937</ele>
        <time>2022-04-18T23:35:46Z</time>
      </trkpt>
      <trkpt lat="34.33070363627818" lon="108.9815044196558">
        <ele>395.2722486369312</ele>
        <time>2022-04-18T23:35:48Z</time>
      </trkpt>
      <trkpt lat="34.330785585650496" lon="108.98161184254174">
        <ele>394.6197337284684</ele>
        <time>2022-04-18T23:35:54Z</time>
      </trkpt>
      <trkpt lat="34.33079256035929" lon="108.98189735800162">
        <ele>396.0130268363282</ele>
        <time>2022-04-18T23:36:00Z</time>
      </trkpt>
      <trkpt lat="34.33065528957395" lon="108.98224059455777">
        <ele>395.1600279789418</ele>
        <time>2022-04-18T23:36:02Z</time>
      </trkpt>
      <trkpt lat="34.33068585308383" lon="108.98237630151881">
        <ele>394.89597803913057</ele>
        <time>2022-04-18T23:36:06Z</time>
      </trkpt>
      <trkpt lat="34.3306514231979" lon="108.98300321130552">
        <ele>394.43865503091365</ele>
        <time>2022-04-18T23:36:16Z</time>
      </trkpt>
      <trkpt lat="34.33064758959457" lon="108.9831305741628">
        <ele>394.68999967258424</ele>
        <time>2022-04-18T23:36:18Z</time>
      </trkpt>
      <trkpt lat="34.33067695166062" lon="108.98334295335478">
        <ele>394.33924573194236</ele>
        <time>2022-04-18T23:36:20Z</time>
      </trkpt>
      <trkpt lat="34.33066850585149" lon="108.98375160216496">
        <ele>393.98021209519356</ele>
        <time>2022-04-18T23:36:28Z</time>
      </trkpt>
      <trkpt lat="34.33069003071558" lon="108.98427232334684">
        <ele>394.78565213270485</ele>
        <time>2022-04-18T23:36:37Z</time>
      </trkpt>
      <trkpt lat="34.330687316554624" lon="108.98463305097738">
        <ele>394.64146688673645</ele>
        <time>2022-04-18T23:36:43Z</time>
      </trkpt>
      <trkpt lat="34.33067284577556" lon="108.98475792993521">
        <ele>394.2328010732308</ele>
        <time>2022-04-18T23:36:45Z</time>
      </trkpt>
      <trkpt lat="34.330686366503365" lon="108.98486007448747">
        <ele>394.2886248920113</ele>
        <time>2022-04-18T23:36:47Z</time>
      </trkpt>
      <trkpt lat="34.330652933224364" lon="108.98535814360771">
        <ele>394.1238093236461</ele>
        <time>2022-04-18T23:36:55Z</time>
      </trkpt>
      <trkpt lat="34.33067016207679" lon="108.9855685371073">
        <ele>394.0494937328622</ele>
        <time>2022-04-18T23:36:59Z</time>
      </trkpt>
      <trkpt lat="34.33064680440557" lon="108.98565280594472">
        <ele>393.2349656531587</ele>
        <time>2022-04-18T23:37:01Z</time>
      </trkpt>
      <trkpt lat="34.33067030487283" lon="108.98596616387259">
        <ele>393.4516526563093</ele>
        <time>2022-04-18T23:37:07Z</time>
      </trkpt>
      <trkpt lat="34.33065385411125" lon="108.98610596052578">
        <ele>393.74727765191346</ele>
        <time>2022-04-18T23:37:09Z</time>
      </trkpt>
      <trkpt lat="34.330673173773086" lon="108.98637547664698">
        <ele>393.39872401207685</ele>
        <time>2022-04-18T23:37:13Z</time>
      </trkpt>
      <trkpt lat="34.33067084049218" lon="108.98658370109302">
        <ele>393.07505508419126</ele>
        <time>2022-04-18T23:37:16Z</time>
      </trkpt>
      <trkpt lat="34.330595255479075" lon="108.98717388616437">
        <ele>392.67501374240965</ele>
        <time>2022-04-18T23:37:24Z</time>
      </trkpt>
      <trkpt lat="34.33061034627515" lon="108.98746586677305">
        <ele>392.83056046348065</ele>
        <time>2022-04-18T23:37:28Z</time>
      </trkpt>
      <trkpt lat="34.33066657842628" lon="108.98752710787879">
        <ele>392.9209299907088</ele>
        <time>2022-04-18T23:37:29Z</time>
      </trkpt>
      <trkpt lat="34.33070298938022" lon="108.98765235670494">
        <ele>392.8639130303636</ele>
        <time>2022-04-18T23:37:31Z</time>
      </trkpt>
      <trkpt lat="34.330716672062195" lon="108.98777236861905">
        <ele>393.14028983656317</ele>
        <time>2022-04-18T23:37:33Z</time>
      </trkpt>
      <trkpt lat="34.330721956462234" lon="108.98813306273227">
        <ele>392.88644376397133</ele>
        <time>2022-04-18T23:37:38Z</time>
      </trkpt>
      <trkpt lat="34.33069381441184" lon="108.98823708400731">
        <ele>393.32272029016167</ele>
        <time>2022-04-18T23:37:40Z</time>
      </trkpt>
      <trkpt lat="34.330707327266495" lon="108.9883281048883">
        <ele>392.8336750417948</ele>
        <time>2022-04-18T23:37:42Z</time>
      </trkpt>
      <trkpt lat="34.33061832470219" lon="108.98871767437161">
        <ele>392.7405386865139</ele>
        <time>2022-04-18T23:37:48Z</time>
      </trkpt>
      <trkpt lat="34.33054819912607" lon="108.98886576338137">
        <ele>392.72732026688755</ele>
        <time>2022-04-18T23:37:52Z</time>
      </trkpt>
      <trkpt lat="34.33052332990408" lon="108.98899447426895">
        <ele>392.2089955676347</ele>
        <time>2022-04-18T23:37:54Z</time>
      </trkpt>
      <trkpt lat="34.33055872972067" lon="108.98954641829991">
        <ele>391.80957768205553</ele>
        <time>2022-04-18T23:38:04Z</time>
      </trkpt>
      <trkpt lat="34.33059223396215" lon="108.98964066920065">
        <ele>391.9110174421221</ele>
        <time>2022-04-18T23:38:06Z</time>
      </trkpt>
      <trkpt lat="34.33058391361755" lon="108.98975889662046">
        <ele>392.2110950285569</ele>
        <time>2022-04-18T23:38:08Z</time>
      </trkpt>
      <trkpt lat="34.33061052540057" lon="108.98984109238563">
        <ele>392.13850740529597</ele>
        <time>2022-04-18T23:38:10Z</time>
      </trkpt>
      <trkpt lat="34.33058544013861" lon="108.99014611753203">
        <ele>392.1937126312405</ele>
        <time>2022-04-18T23:38:16Z</time>
      </trkpt>
      <trkpt lat="34.33061816271153" lon="108.99031774911862">
        <ele>391.47186169587076</ele>
        <time>2022-04-18T23:38:20Z</time>
      </trkpt>
      <trkpt lat="34.330604980677336" lon="108.99045639802173">
        <ele>391.5925582256168</ele>
        <time>2022-04-18T23:38:22Z</time>
      </trkpt>
      <trkpt lat="34.33066849212094" lon="108.99088933384499">
        <ele>390.8644421491772</ele>
        <time>2022-04-18T23:38:30Z</time>
      </trkpt>
      <trkpt lat="34.330691342757454" lon="108.99126632087724">
        <ele>391.46342017222196</ele>
        <time>2022-04-18T23:38:38Z</time>
      </trkpt>
      <trkpt lat="34.330709773997775" lon="108.99137302832598">
        <ele>391.65016426704824</ele>
        <time>2022-04-18T23:38:40Z</time>
      </trkpt>
      <trkpt lat="34.33066052881861" lon="108.99144927479976">
        <ele>392.9813166074455</ele>
        <time>2022-04-18T23:38:46Z</time>
      </trkpt>
      <trkpt lat="34.330631243135784" lon="108.99153387983093">
        <ele>393.3727507647127</ele>
        <time>2022-04-18T23:38:48Z</time>
      </trkpt>
      <trkpt lat="34.33061497981373" lon="108.99188792522722">
        <ele>394.776992903091</ele>
        <time>2022-04-18T23:38:56Z</time>
      </trkpt>
      <trkpt lat="34.33058485235083" lon="108.99214048649247">
        <ele>394.78829312045127</ele>
        <time>2022-04-18T23:39:02Z</time>
      </trkpt>
      <trkpt lat="34.33059219943713" lon="108.99230584575197">
        <ele>395.25829052645713</ele>
        <time>2022-04-18T23:39:06Z</time>
      </trkpt>
      <trkpt lat="34.33061576923893" lon="108.99244820136354">
        <ele>394.95103595778346</ele>
        <time>2022-04-18T23:39:10Z</time>
      </trkpt>
      <trkpt lat="34.330613550282706" lon="108.99263028934583">
        <ele>394.4063568348065</ele>
        <time>2022-04-18T23:39:14Z</time>
      </trkpt>
      <trkpt lat="34.33063922687792" lon="108.99279388885377">
        <ele>394.4734573289752</ele>
        <time>2022-04-18T23:39:18Z</time>
      </trkpt>
      <trkpt lat="34.33063019116556" lon="108.99289318518382">
        <ele>394.64009584579617</ele>
        <time>2022-04-18T23:39:20Z</time>
      </trkpt>
      <trkpt lat="34.33066170604447" lon="108.99314895709688">
        <ele>395.30684109032154</ele>
        <time>2022-04-18T23:39:26Z</time>
      </trkpt>
      <trkpt lat="34.33064368170254" lon="108.99323390523074">
        <ele>394.1937457853928</ele>
        <time>2022-04-18T23:39:28Z</time>
      </trkpt>
      <trkpt lat="34.33063215455585" lon="108.99345416444393">
        <ele>394.4581911470741</ele>
        <time>2022-04-18T23:39:38Z</time>
      </trkpt>
      <trkpt lat="34.33066219251547" lon="108.99367936079439">
        <ele>395.15225569345057</ele>
        <time>2022-04-18T23:39:46Z</time>
      </trkpt>
      <trkpt lat="34.330692687999715" lon="108.99378402407798">
        <ele>395.6140580009669</ele>
        <time>2022-04-18T23:39:50Z</time>
      </trkpt>
      <trkpt lat="34.33069044203511" lon="108.99402230165018">
        <ele>394.2640372700989</ele>
        <time>2022-04-18T23:39:56Z</time>
      </trkpt>
      <trkpt lat="34.330607739467794" lon="108.99450146249225">
        <ele>394.63853185996413</ele>
        <time>2022-04-18T23:40:06Z</time>
      </trkpt>
      <trkpt lat="34.3306090962029" lon="108.99463543216538">
        <ele>395.27610614709556</ele>
        <time>2022-04-18T23:40:10Z</time>
      </trkpt>
      <trkpt lat="34.3308695110181" lon="108.99593912250296">
        <ele>395.40479765832424</ele>
        <time>2022-04-18T23:40:12Z</time>
      </trkpt>
      <trkpt lat="34.33090516292916" lon="108.99618500711439">
        <ele>395.2424377538264</ele>
        <time>2022-04-18T23:40:16Z</time>
      </trkpt>
      <trkpt lat="34.33089776183523" lon="108.996362542344">
        <ele>394.6788993626833</ele>
        <time>2022-04-18T23:40:20Z</time>
      </trkpt>
      <trkpt lat="34.330965961031964" lon="108.99660715083166">
        <ele>394.2566041080281</ele>
        <time>2022-04-18T23:40:24Z</time>
      </trkpt>
      <trkpt lat="34.33110052082663" lon="108.99723892659486">
        <ele>393.5098229739815</ele>
        <time>2022-04-18T23:40:30Z</time>
      </trkpt>
      <trkpt lat="34.33123875912874" lon="108.99779491665237">
        <ele>393.6699010571465</ele>
        <time>2022-04-18T23:40:40Z</time>
      </trkpt>
      <trkpt lat="34.33134289049217" lon="108.99833908554533">
        <ele>393.8130759494379</ele>
        <time>2022-04-18T23:40:48Z</time>
      </trkpt>
      <trkpt lat="34.331410147227835" lon="108.99885772308873">
        <ele>391.9690760448575</ele>
        <time>2022-04-18T23:40:56Z</time>
      </trkpt>
      <trkpt lat="34.33145768079712" lon="108.99908873915597">
        <ele>392.3967780182138</ele>
        <time>2022-04-18T23:41:00Z</time>
      </trkpt>
      <trkpt lat="34.331451233222005" lon="108.99923212353863">
        <ele>393.0669667907059</ele>
        <time>2022-04-18T23:41:02Z</time>
      </trkpt>
      <trkpt lat="34.33150026243715" lon="108.99987929648913">
        <ele>392.36874019913375</ele>
        <time>2022-04-18T23:41:12Z</time>
      </trkpt>
      <trkpt lat="34.33149020179765" lon="109.00001365666166">
        <ele>392.0571607425809</ele>
        <time>2022-04-18T23:41:14Z</time>
      </trkpt>
      <trkpt lat="34.331516949373636" lon="109.00037038291934">
        <ele>391.6827772827819</ele>
        <time>2022-04-18T23:41:20Z</time>
      </trkpt>
      <trkpt lat="34.331508209224125" lon="109.00092351882823">
        <ele>392.2568817026913</ele>
        <time>2022-04-18T23:41:30Z</time>
      </trkpt>
      <trkpt lat="34.33148360836214" lon="109.00151943852893">
        <ele>392.029038419947</ele>
        <time>2022-04-18T23:41:40Z</time>
      </trkpt>
      <trkpt lat="34.33149433453275" lon="109.00162980469813">
        <ele>393.06893822643906</ele>
        <time>2022-04-18T23:41:42Z</time>
      </trkpt>
      <trkpt lat="34.33147545696348" lon="109.0022528013696">
        <ele>391.663692724891</ele>
        <time>2022-04-18T23:41:52Z</time>
      </trkpt>
      <trkpt lat="34.33146111926355" lon="109.00237097148481">
        <ele>391.41646263655275</ele>
        <time>2022-04-18T23:41:54Z</time>
      </trkpt>
      <trkpt lat="34.33147970317491" lon="109.00248857939523">
        <ele>391.074692892842</ele>
        <time>2022-04-18T23:41:56Z</time>
      </trkpt>
      <trkpt lat="34.33146278817956" lon="109.00260444918362">
        <ele>391.4301545377821</ele>
        <time>2022-04-18T23:41:58Z</time>
      </trkpt>
      <trkpt lat="34.33147024001096" lon="109.00308379479567">
        <ele>390.2660655649379</ele>
        <time>2022-04-18T23:42:06Z</time>
      </trkpt>
      <trkpt lat="34.33144758276691" lon="109.00342843947791">
        <ele>389.7781766122207</ele>
        <time>2022-04-18T23:42:12Z</time>
      </trkpt>
      <trkpt lat="34.33144934914245" lon="109.00366297898344">
        <ele>389.7819275520742</ele>
        <time>2022-04-18T23:42:16Z</time>
      </trkpt>
      <trkpt lat="34.331466041435505" lon="109.00377559903006">
        <ele>390.3213476417586</ele>
        <time>2022-04-18T23:42:18Z</time>
      </trkpt>
      <trkpt lat="34.331464940555804" lon="109.0040323302849">
        <ele>389.09302160330117</ele>
        <time>2022-04-18T23:42:22Z</time>
      </trkpt>
      <trkpt lat="34.331431614092644" lon="109.00440253900724">
        <ele>388.49287918023765</ele>
        <time>2022-04-18T23:42:28Z</time>
      </trkpt>
      <trkpt lat="34.331427422910934" lon="109.00503327589094">
        <ele>387.1333987005055</ele>
        <time>2022-04-18T23:42:38Z</time>
      </trkpt>
      <trkpt lat="34.331414303143774" lon="109.00515937807491">
        <ele>386.14056293014437</ele>
        <time>2022-04-18T23:42:40Z</time>
      </trkpt>
      <trkpt lat="34.33142636728297" lon="109.00524759559569">
        <ele>387.2657949095592</ele>
        <time>2022-04-18T23:42:42Z</time>
      </trkpt>
      <trkpt lat="34.33140686121193" lon="109.00536667937838">
        <ele>387.084963273257</ele>
        <time>2022-04-18T23:42:44Z</time>
      </trkpt>
      <trkpt lat="34.33143904309082" lon="109.0058324494683">
        <ele>387.3852646937594</ele>
        <time>2022-04-18T23:42:52Z</time>
      </trkpt>
      <trkpt lat="34.33142679128702" lon="109.00594990412755">
        <ele>388.0992642091587</ele>
        <time>2022-04-18T23:42:54Z</time>
      </trkpt>
      <trkpt lat="34.331436480011504" lon="109.00629482870691">
        <ele>387.42306239157915</ele>
        <time>2022-04-18T23:43:00Z</time>
      </trkpt>
      <trkpt lat="34.33136653548678" lon="109.00686895749662">
        <ele>387.59608784597367</ele>
        <time>2022-04-18T23:43:08Z</time>
      </trkpt>
      <trkpt lat="34.3313771811979" lon="109.00727342498344">
        <ele>386.77359837293625</ele>
        <time>2022-04-18T23:43:14Z</time>
      </trkpt>
      <trkpt lat="34.331344948304924" lon="109.00741755855255">
        <ele>387.15639688260853</ele>
        <time>2022-04-18T23:43:16Z</time>
      </trkpt>
      <trkpt lat="34.331350802581426" lon="109.00776607016162">
        <ele>386.98848234675825</ele>
        <time>2022-04-18T23:43:22Z</time>
      </trkpt>
      <trkpt lat="34.33133650812983" lon="109.00790961000625">
        <ele>386.34145983401686</ele>
        <time>2022-04-18T23:43:24Z</time>
      </trkpt>
      <trkpt lat="34.33136052583444" lon="109.008023921872">
        <ele>386.8101141769439</ele>
        <time>2022-04-18T23:43:26Z</time>
      </trkpt>
      <trkpt lat="34.33136807766214" lon="109.0086246019432">
        <ele>386.84044220950454</ele>
        <time>2022-04-18T23:43:36Z</time>
      </trkpt>
      <trkpt lat="34.33132846256935" lon="109.00898306838324">
        <ele>386.16581649985164</ele>
        <time>2022-04-18T23:43:42Z</time>
      </trkpt>
      <trkpt lat="34.33127681162491" lon="109.00909479218724">
        <ele>385.9016268225387</ele>
        <time>2022-04-18T23:43:44Z</time>
      </trkpt>
      <trkpt lat="34.33126678066756" lon="109.00918556166825">
        <ele>386.0713064353913</ele>
        <time>2022-04-18T23:43:46Z</time>
      </trkpt>
      <trkpt lat="34.33135565658243" lon="109.00933825935728">
        <ele>387.44202126935124</ele>
        <time>2022-04-18T23:43:50Z</time>
      </trkpt>
      <trkpt lat="34.33136773120642" lon="109.00948487466835">
        <ele>387.5397992655635</ele>
        <time>2022-04-18T23:43:52Z</time>
      </trkpt>
      <trkpt lat="34.331347036455846" lon="109.00972828793738">
        <ele>386.8729041684419</ele>
        <time>2022-04-18T23:43:56Z</time>
      </trkpt>
      <trkpt lat="34.33139918068236" lon="109.0100404709331">
        <ele>387.65291283652186</ele>
        <time>2022-04-18T23:44:02Z</time>
      </trkpt>
      <trkpt lat="34.33142194828882" lon="109.01038868778238">
        <ele>386.9909246247262</ele>
        <time>2022-04-18T23:44:08Z</time>
      </trkpt>
      <trkpt lat="34.33153510859066" lon="109.01093505011785">
        <ele>388.08221160341054</ele>
        <time>2022-04-18T23:44:18Z</time>
      </trkpt>
      <trkpt lat="34.33161767035144" lon="109.01124572762876">
        <ele>387.86348508950323</ele>
        <time>2022-04-18T23:44:24Z</time>
      </trkpt>
      <trkpt lat="34.33167971440474" lon="109.01153724946907">
        <ele>387.86928751319647</ele>
        <time>2022-04-18T23:44:30Z</time>
      </trkpt>
      <trkpt lat="34.331882581722724" lon="109.01207504629534">
        <ele>388.35289016831666</ele>
        <time>2022-04-18T23:44:42Z</time>
      </trkpt>
      <trkpt lat="34.33206116412727" lon="109.0124633959579">
        <ele>388.4117270531133</ele>
        <time>2022-04-18T23:44:50Z</time>
      </trkpt>
      <trkpt lat="34.33212868121515" lon="109.01252286616246">
        <ele>388.0229508206248</ele>
        <time>2022-04-18T23:44:52Z</time>
      </trkpt>
      <trkpt lat="34.33228008098172" lon="109.01276956320018">
        <ele>388.49253962002695</ele>
        <time>2022-04-18T23:44:58Z</time>
      </trkpt>
      <trkpt lat="34.33230207734586" lon="109.01287550122746">
        <ele>388.107133584097</ele>
        <time>2022-04-18T23:45:00Z</time>
      </trkpt>
      <trkpt lat="34.332281071312124" lon="109.01301431607754">
        <ele>388.7500483933836</ele>
        <time>2022-04-18T23:45:02Z</time>
      </trkpt>
      <trkpt lat="34.332238637978534" lon="109.0131220212934">
        <ele>389.05821818858385</ele>
        <time>2022-04-18T23:45:04Z</time>
      </trkpt>
      <trkpt lat="34.33190640432563" lon="109.01342695997563">
        <ele>388.7646894585341</ele>
        <time>2022-04-18T23:45:12Z</time>
      </trkpt>
      <trkpt lat="34.331502972362685" lon="109.01375575618444">
        <ele>387.9329199139029</ele>
        <time>2022-04-18T23:45:22Z</time>
      </trkpt>
      <trkpt lat="34.33109231157739" lon="109.01408750589967">
        <ele>388.4200654430315</ele>
        <time>2022-04-18T23:45:32Z</time>
      </trkpt>
      <trkpt lat="34.33067603479483" lon="109.01440431152369">
        <ele>388.2460338464007</ele>
        <time>2022-04-18T23:45:42Z</time>
      </trkpt>
      <trkpt lat="34.33025892053676" lon="109.01473318132395">
        <ele>388.38062294758856</ele>
        <time>2022-04-18T23:45:52Z</time>
      </trkpt>
      <trkpt lat="34.32999445874135" lon="109.01500378819365">
        <ele>389.3679961413145</ele>
        <time>2022-04-18T23:46:00Z</time>
      </trkpt>
      <trkpt lat="34.329826057964475" lon="109.01515098555265">
        <ele>388.91341969091445</ele>
        <time>2022-04-18T23:46:04Z</time>
      </trkpt>
      <trkpt lat="34.329548175205815" lon="109.01544216754185">
        <ele>389.43734935484827</ele>
        <time>2022-04-18T23:46:12Z</time>
      </trkpt>
      <trkpt lat="34.32924857340953" lon="109.01586610411388">
        <ele>389.0187651878223</ele>
        <time>2022-04-18T23:46:22Z</time>
      </trkpt>
      <trkpt lat="34.329036106220485" lon="109.0162347444733">
        <ele>388.4523897571489</ele>
        <time>2022-04-18T23:46:30Z</time>
      </trkpt>
      <trkpt lat="34.328910058200414" lon="109.01641143432252">
        <ele>388.4598078969866</ele>
        <time>2022-04-18T23:46:34Z</time>
      </trkpt>
      <trkpt lat="34.32864306011235" lon="109.01689559434404">
        <ele>388.5432582292706</ele>
        <time>2022-04-18T23:46:44Z</time>
      </trkpt>
      <trkpt lat="34.32853709157015" lon="109.01708837324193">
        <ele>388.5257738074288</ele>
        <time>2022-04-18T23:46:48Z</time>
      </trkpt>
      <trkpt lat="34.32826346824599" lon="109.0174685629768">
        <ele>388.64834115374833</ele>
        <time>2022-04-18T23:46:56Z</time>
      </trkpt>
      <trkpt lat="34.32821846557934" lon="109.01756220192304">
        <ele>388.96904614847153</ele>
        <time>2022-04-18T23:46:58Z</time>
      </trkpt>
      <trkpt lat="34.328133247102215" lon="109.01765670264388">
        <ele>389.181049965322</ele>
        <time>2022-04-18T23:47:00Z</time>
      </trkpt>
      <trkpt lat="34.32786019377214" lon="109.01811223018366">
        <ele>389.0079584699124</ele>
        <time>2022-04-18T23:47:10Z</time>
      </trkpt>
      <trkpt lat="34.327737656839716" lon="109.01826610545058">
        <ele>388.5610618852079</ele>
        <time>2022-04-18T23:47:14Z</time>
      </trkpt>
      <trkpt lat="34.327419791754814" lon="109.0188436424606">
        <ele>389.20451689884067</ele>
        <time>2022-04-18T23:47:28Z</time>
      </trkpt>
      <trkpt lat="34.32722372038267" lon="109.0191441413538">
        <ele>389.1510029807687</ele>
        <time>2022-04-18T23:47:36Z</time>
      </trkpt>
      <trkpt lat="34.32718431069453" lon="109.01923203398648">
        <ele>389.213569175452</ele>
        <time>2022-04-18T23:47:38Z</time>
      </trkpt>
      <trkpt lat="34.32711688450564" lon="109.0193075426134">
        <ele>388.94268941599876</ele>
        <time>2022-04-18T23:47:40Z</time>
      </trkpt>
      <trkpt lat="34.327084087112055" lon="109.01938801892743">
        <ele>389.3398675490171</ele>
        <time>2022-04-18T23:47:42Z</time>
      </trkpt>
      <trkpt lat="34.32675662097678" lon="109.01987202784562">
        <ele>388.6643135705963</ele>
        <time>2022-04-18T23:47:54Z</time>
      </trkpt>
      <trkpt lat="34.326449460124735" lon="109.02026090829774">
        <ele>388.74884543940425</ele>
        <time>2022-04-18T23:48:04Z</time>
      </trkpt>
      <trkpt lat="34.326106161416924" lon="109.02061747684171">
        <ele>388.54160890728235</ele>
        <time>2022-04-18T23:48:14Z</time>
      </trkpt>
      <trkpt lat="34.325699653948945" lon="109.02099764957923">
        <ele>388.492893374525</ele>
        <time>2022-04-18T23:48:26Z</time>
      </trkpt>
      <trkpt lat="34.325613975492125" lon="109.02103854723877">
        <ele>388.66268726810813</ele>
        <time>2022-04-18T23:48:28Z</time>
      </trkpt>
      <trkpt lat="34.32522640339138" lon="109.02129563150223">
        <ele>387.9888518648222</ele>
        <time>2022-04-18T23:48:38Z</time>
      </trkpt>
      <trkpt lat="34.32498979676752" lon="109.02141663696577">
        <ele>388.1479840213433</ele>
        <time>2022-04-18T23:48:44Z</time>
      </trkpt>
      <trkpt lat="34.32455477637322" lon="109.0215764801018">
        <ele>388.91870915330946</ele>
        <time>2022-04-18T23:48:54Z</time>
      </trkpt>
      <trkpt lat="34.32405762152183" lon="109.02172790576995">
        <ele>387.5546851102263</ele>
        <time>2022-04-18T23:49:06Z</time>
      </trkpt>
      <trkpt lat="34.32361240004688" lon="109.02179710160529">
        <ele>389.2758735688403</ele>
        <time>2022-04-18T23:49:16Z</time>
      </trkpt>
      <trkpt lat="34.32311413322898" lon="109.02183383250296">
        <ele>389.9232869716361</ele>
        <time>2022-04-18T23:49:28Z</time>
      </trkpt>
      <trkpt lat="34.32285976521117" lon="109.021846068136">
        <ele>390.41067363042384</ele>
        <time>2022-04-18T23:49:34Z</time>
      </trkpt>
      <trkpt lat="34.322352133092465" lon="109.02179643674933">
        <ele>390.05870524793863</ele>
        <time>2022-04-18T23:49:48Z</time>
      </trkpt>
      <trkpt lat="34.322196371622624" lon="109.02177494258852">
        <ele>390.24720392469317</ele>
        <time>2022-04-18T23:49:52Z</time>
      </trkpt>
      <trkpt lat="34.32211681519931" lon="109.02174305637615">
        <ele>389.478380410932</ele>
        <time>2022-04-18T23:49:54Z</time>
      </trkpt>
      <trkpt lat="34.32196793631292" lon="109.02175435858875">
        <ele>389.554302780889</ele>
        <time>2022-04-18T23:49:58Z</time>
      </trkpt>
      <trkpt lat="34.32182029144079" lon="109.02172804324795">
        <ele>389.66945302300155</ele>
        <time>2022-04-18T23:50:02Z</time>
      </trkpt>
      <trkpt lat="34.32143356880507" lon="109.02169881026627">
        <ele>390.1534697609022</ele>
        <time>2022-04-18T23:50:12Z</time>
      </trkpt>
      <trkpt lat="34.321277493070816" lon="109.02170484298304">
        <ele>390.9452520478517</ele>
        <time>2022-04-18T23:50:16Z</time>
      </trkpt>
      <trkpt lat="34.32095607224909" lon="109.02166550723877">
        <ele>391.5415831115097</ele>
        <time>2022-04-18T23:50:24Z</time>
      </trkpt>
      <trkpt lat="34.32087739907224" lon="109.02163897269668">
        <ele>390.46711107343435</ele>
        <time>2022-04-18T23:50:26Z</time>
      </trkpt>
      <trkpt lat="34.32078801163181" lon="109.02164305689743">
        <ele>391.5372856799513</ele>
        <time>2022-04-18T23:50:28Z</time>
      </trkpt>
      <trkpt lat="34.320301685105974" lon="109.02153611377159">
        <ele>390.6699226582423</ele>
        <time>2022-04-18T23:50:40Z</time>
      </trkpt>
      <trkpt lat="34.32014174993166" lon="109.02151782598229">
        <ele>390.7462155222893</ele>
        <time>2022-04-18T23:50:44Z</time>
      </trkpt>
      <trkpt lat="34.320058795483135" lon="109.02148902971578">
        <ele>389.61349921673536</ele>
        <time>2022-04-18T23:50:46Z</time>
      </trkpt>
      <trkpt lat="34.3195619628848" lon="109.02145256709468">
        <ele>390.912393652834</ele>
        <time>2022-04-18T23:50:58Z</time>
      </trkpt>
      <trkpt lat="34.31908262215202" lon="109.02146882802747">
        <ele>391.4842297779396</ele>
        <time>2022-04-18T23:51:10Z</time>
      </trkpt>
      <trkpt lat="34.318621563247845" lon="109.02147397067566">
        <ele>390.46072421967983</ele>
        <time>2022-04-18T23:51:22Z</time>
      </trkpt>
      <trkpt lat="34.31813343872711" lon="109.02153848336023">
        <ele>391.55257824715227</ele>
        <time>2022-04-18T23:51:40Z</time>
      </trkpt>
      <trkpt lat="34.3177016402364" lon="109.0215723833682">
        <ele>391.7543720724061</ele>
        <time>2022-04-18T23:51:54Z</time>
      </trkpt>
      <trkpt lat="34.31758011313196" lon="109.02159156057121">
        <ele>391.62840307317674</ele>
        <time>2022-04-18T23:51:58Z</time>
      </trkpt>
      <trkpt lat="34.31711075458645" lon="109.02163032123634">
        <ele>391.205534578301</ele>
        <time>2022-04-18T23:52:14Z</time>
      </trkpt>
      <trkpt lat="34.31673734514426" lon="109.02176510579959">
        <ele>391.2226624423638</ele>
        <time>2022-04-18T23:52:26Z</time>
      </trkpt>
      <trkpt lat="34.31639133688867" lon="109.0219350825846">
        <ele>391.0379012590274</ele>
        <time>2022-04-18T23:52:36Z</time>
      </trkpt>
      <trkpt lat="34.316162859948456" lon="109.02208207166167">
        <ele>390.3083736002445</ele>
        <time>2022-04-18T23:52:44Z</time>
      </trkpt>
      <trkpt lat="34.31608018061676" lon="109.02218122382287">
        <ele>390.6429846994579</ele>
        <time>2022-04-18T23:52:48Z</time>
      </trkpt>
      <trkpt lat="34.31601041582501" lon="109.02218243901856">
        <ele>390.390694482252</ele>
        <time>2022-04-18T23:52:56Z</time>
      </trkpt>
      <trkpt lat="34.3157398879104" lon="109.02236605674791">
        <ele>391.16762375831604</ele>
        <time>2022-04-18T23:53:07Z</time>
      </trkpt>
      <trkpt lat="34.31581477503624" lon="109.0225023115266">
        <ele>390.1196669880301</ele>
        <time>2022-04-18T23:53:11Z</time>
      </trkpt>
      <trkpt lat="34.31595886968723" lon="109.02302507445171">
        <ele>387.797267136164</ele>
        <time>2022-04-18T23:53:21Z</time>
      </trkpt>
      <trkpt lat="34.316155868102484" lon="109.02355372428401">
        <ele>387.92826404143125</ele>
        <time>2022-04-18T23:53:31Z</time>
      </trkpt>
      <trkpt lat="34.31618705472963" lon="109.02364389424561">
        <ele>387.8434410998598</ele>
        <time>2022-04-18T23:53:33Z</time>
      </trkpt>
      <trkpt lat="34.31610100842462" lon="109.02379522449992">
        <ele>389.05448467005044</ele>
        <time>2022-04-18T23:53:37Z</time>
      </trkpt>
      <trkpt lat="34.315993798901395" lon="109.02391244302713">
        <ele>388.8940907139331</ele>
        <time>2022-04-18T23:53:41Z</time>
      </trkpt>
      <trkpt lat="34.31554416572507" lon="109.02417774572645">
        <ele>390.29040491580963</ele>
        <time>2022-04-18T23:53:53Z</time>
      </trkpt>
      <trkpt lat="34.31529316327218" lon="109.02439587292493">
        <ele>390.3766412772238</ele>
        <time>2022-04-18T23:54:01Z</time>
      </trkpt>
      <trkpt lat="34.315043044779905" lon="109.02455010514537">
        <ele>390.34008100256324</ele>
        <time>2022-04-18T23:54:07Z</time>
      </trkpt>
      <trkpt lat="34.314636128660034" lon="109.02480914455016">
        <ele>390.76952912658453</ele>
        <time>2022-04-18T23:54:17Z</time>
      </trkpt>
      <trkpt lat="34.3143939459265" lon="109.02496307121402">
        <ele>390.36689914856106</ele>
        <time>2022-04-18T23:54:23Z</time>
      </trkpt>
      <trkpt lat="34.31431254952713" lon="109.02505707151519">
        <ele>390.38397179264575</ele>
        <time>2022-04-18T23:54:26Z</time>
      </trkpt>
      <trkpt lat="34.31406396388152" lon="109.02521274686639">
        <ele>390.96011600550264</ele>
        <time>2022-04-18T23:54:32Z</time>
      </trkpt>
      <trkpt lat="34.31357259096812" lon="109.02540471360408">
        <ele>390.3643031809479</ele>
        <time>2022-04-18T23:54:42Z</time>
      </trkpt>
      <trkpt lat="34.3131212132563" lon="109.02564271829839">
        <ele>391.06502995081246</ele>
        <time>2022-04-18T23:54:52Z</time>
      </trkpt>
      <trkpt lat="34.31291947027568" lon="109.02581540700082">
        <ele>391.51851715147495</ele>
        <time>2022-04-18T23:54:58Z</time>
      </trkpt>
      <trkpt lat="34.312465317380486" lon="109.02605049610057">
        <ele>392.1844726530835</ele>
        <time>2022-04-18T23:55:08Z</time>
      </trkpt>
      <trkpt lat="34.31227707043066" lon="109.02613710232134">
        <ele>392.64726293459535</ele>
        <time>2022-04-18T23:55:12Z</time>
      </trkpt>
      <trkpt lat="34.31220841717613" lon="109.02626928921393">
        <ele>393.16770968958735</ele>
        <time>2022-04-18T23:55:14Z</time>
      </trkpt>
      <trkpt lat="34.312121948206126" lon="109.02630928091999">
        <ele>392.96984290424734</ele>
        <time>2022-04-18T23:55:16Z</time>
      </trkpt>
      <trkpt lat="34.31222363485503" lon="109.02634224224292">
        <ele>392.0868217367679</ele>
        <time>2022-04-18T23:55:18Z</time>
      </trkpt>
      <trkpt lat="34.312154579508125" lon="109.02647207864668">
        <ele>393.0496773943305</ele>
        <time>2022-04-18T23:55:22Z</time>
      </trkpt>
      <trkpt lat="34.31191109085693" lon="109.02670835766766">
        <ele>393.3317830488086</ele>
        <time>2022-04-18T23:55:28Z</time>
      </trkpt>
      <trkpt lat="34.3116073636595" lon="109.02713098365453">
        <ele>392.3116273051128</ele>
        <time>2022-04-18T23:55:42Z</time>
      </trkpt>
      <trkpt lat="34.31154142277004" lon="109.02723671579125">
        <ele>392.30352524109185</ele>
        <time>2022-04-18T23:55:46Z</time>
      </trkpt>
      <trkpt lat="34.31150403244436" lon="109.02736262346987">
        <ele>392.30526857543737</ele>
        <time>2022-04-18T23:55:50Z</time>
      </trkpt>
      <trkpt lat="34.311310301700814" lon="109.02773582602754">
        <ele>393.15536137949675</ele>
        <time>2022-04-18T23:56:06Z</time>
      </trkpt>
      <trkpt lat="34.31128137319585" lon="109.02781751982545">
        <ele>392.67618841771036</ele>
        <time>2022-04-18T23:56:08Z</time>
      </trkpt>
      <trkpt lat="34.31129088802907" lon="109.02818705843872">
        <ele>393.7471276083961</ele>
        <time>2022-04-18T23:56:16Z</time>
      </trkpt>
      <trkpt lat="34.311326664559076" lon="109.02833391288607">
        <ele>392.97138928063214</ele>
        <time>2022-04-18T23:56:20Z</time>
      </trkpt>
      <trkpt lat="34.31147721838117" lon="109.02864086085985">
        <ele>392.6962448367849</ele>
        <time>2022-04-18T23:56:28Z</time>
      </trkpt>
      <trkpt lat="34.311499258055434" lon="109.02888921159085">
        <ele>392.93230132292956</ele>
        <time>2022-04-18T23:56:36Z</time>
      </trkpt>
      <trkpt lat="34.31144480061403" lon="109.02900385591255">
        <ele>393.04028462432325</ele>
        <time>2022-04-18T23:56:40Z</time>
      </trkpt>
      <trkpt lat="34.311380140864394" lon="109.02922193986917">
        <ele>392.4466396002099</ele>
        <time>2022-04-18T23:56:48Z</time>
      </trkpt>
      <trkpt lat="34.31127361032055" lon="109.02930800152208">
        <ele>392.2053578719497</ele>
        <time>2022-04-18T23:56:52Z</time>
      </trkpt>
      <trkpt lat="34.311179361113815" lon="109.02941397422418">
        <ele>392.78459108341485</ele>
        <time>2022-04-18T23:56:56Z</time>
      </trkpt>
      <trkpt lat="34.31103780777247" lon="109.0294828998047">
        <ele>392.5665837554261</ele>
        <time>2022-04-18T23:57:00Z</time>
      </trkpt>
      <trkpt lat="34.310710788826235" lon="109.02970820782978">
        <ele>392.5079580564052</ele>
        <time>2022-04-18T23:57:10Z</time>
      </trkpt>
      <trkpt lat="34.310555435904824" lon="109.02977985767563">
        <ele>392.86932624690235</ele>
        <time>2022-04-18T23:57:14Z</time>
      </trkpt>
      <trkpt lat="34.31042350203403" lon="109.02986554318016">
        <ele>392.9087152061984</ele>
        <time>2022-04-18T23:57:18Z</time>
      </trkpt>
      <trkpt lat="34.310159301454455" lon="109.02998740158436">
        <ele>392.59719716385007</ele>
        <time>2022-04-18T23:57:24Z</time>
      </trkpt>
      <trkpt lat="34.30989979544535" lon="109.03005890916803">
        <ele>393.1782640796155</ele>
        <time>2022-04-18T23:57:30Z</time>
      </trkpt>
      <trkpt lat="34.309638927165565" lon="109.03008015373523">
        <ele>393.98010364267975</ele>
        <time>2022-04-18T23:57:36Z</time>
      </trkpt>
      <trkpt lat="34.30926497024902" lon="109.03019290056947">
        <ele>393.7666910616681</ele>
        <time>2022-04-18T23:57:44Z</time>
      </trkpt>
      <trkpt lat="34.30909160826319" lon="109.03029845690476">
        <ele>394.30294105038047</ele>
        <time>2022-04-18T23:57:48Z</time>
      </trkpt>
      <trkpt lat="34.30858150003464" lon="109.03046027759005">
        <ele>395.63056242465973</ele>
        <time>2022-04-18T23:58:00Z</time>
      </trkpt>
      <trkpt lat="34.30848905736113" lon="109.03046427957939">
        <ele>395.2063028169796</ele>
        <time>2022-04-18T23:58:02Z</time>
      </trkpt>
      <trkpt lat="34.30839756988499" lon="109.03043929659675">
        <ele>395.7210922706872</ele>
        <time>2022-04-18T23:58:04Z</time>
      </trkpt>
      <trkpt lat="34.3083006964032" lon="109.03045534649615">
        <ele>396.33754171431065</ele>
        <time>2022-04-18T23:58:06Z</time>
      </trkpt>
      <trkpt lat="34.30809776224294" lon="109.03055439666737">
        <ele>395.9487996669486</ele>
        <time>2022-04-18T23:58:12Z</time>
      </trkpt>
      <trkpt lat="34.307992240649135" lon="109.03076927932027">
        <ele>394.6826554592699</ele>
        <time>2022-04-18T23:58:18Z</time>
      </trkpt>
      <trkpt lat="34.30788102539431" lon="109.0308453858671">
        <ele>394.4168489482254</ele>
        <time>2022-04-18T23:58:22Z</time>
      </trkpt>
      <trkpt lat="34.30781646148022" lon="109.03091303875378">
        <ele>394.810832221061</ele>
        <time>2022-04-18T23:58:24Z</time>
      </trkpt>
      <trkpt lat="34.307733112029624" lon="109.0310450520207">
        <ele>394.45839885622263</ele>
        <time>2022-04-18T23:58:28Z</time>
      </trkpt>
      <trkpt lat="34.307650275071126" lon="109.03127617459586">
        <ele>394.13975323643535</ele>
        <time>2022-04-18T23:58:34Z</time>
      </trkpt>
      <trkpt lat="34.307614723876085" lon="109.0314378980187">
        <ele>393.615342579782</ele>
        <time>2022-04-18T23:58:38Z</time>
      </trkpt>
      <trkpt lat="34.30655750746612" lon="109.03212888516933">
        <ele>392.9069018885493</ele>
        <time>2022-04-18T23:58:40Z</time>
      </trkpt>
      <trkpt lat="34.30649689928933" lon="109.03234114749702">
        <ele>392.4122418044135</ele>
        <time>2022-04-18T23:58:44Z</time>
      </trkpt>
      <trkpt lat="34.306437644966636" lon="109.03262332692452">
        <ele>392.40360393282026</ele>
        <time>2022-04-18T23:58:50Z</time>
      </trkpt>
      <trkpt lat="34.30644821332296" lon="109.03290953493317">
        <ele>392.32188813760877</ele>
        <time>2022-04-18T23:58:56Z</time>
      </trkpt>
      <trkpt lat="34.306425349373335" lon="109.03314505946958">
        <ele>392.7834846852347</ele>
        <time>2022-04-18T23:59:02Z</time>
      </trkpt>
      <trkpt lat="34.306451034134035" lon="109.0329441777949">
        <ele>392.57956826593727</ele>
        <time>2022-04-18T23:59:04Z</time>
      </trkpt>
      <trkpt lat="34.30647347488367" lon="109.03353050670263">
        <ele>392.78053267206997</ele>
        <time>2022-04-18T23:59:18Z</time>
      </trkpt>
      <trkpt lat="34.3064573561467" lon="109.03363291694957">
        <ele>393.2919156877324</ele>
        <time>2022-04-18T23:59:20Z</time>
      </trkpt>
      <trkpt lat="34.30647802273854" lon="109.03424243556479">
        <ele>391.89631478022784</ele>
        <time>2022-04-18T23:59:34Z</time>
      </trkpt>
      <trkpt lat="34.30636291232632" lon="109.03437197969598">
        <ele>391.6817944580689</ele>
        <time>2022-04-18T23:59:38Z</time>
      </trkpt>
      <trkpt lat="34.30642275851524" lon="109.03446138915085">
        <ele>391.8419410260394</ele>
        <time>2022-04-18T23:59:42Z</time>
      </trkpt>
      <trkpt lat="34.30644131418084" lon="109.0346067284853">
        <ele>391.69853010214865</ele>
        <time>2022-04-18T23:59:44Z</time>
      </trkpt>
      <trkpt lat="34.30646055118653" lon="109.03505534228033">
        <ele>392.6625847890973</ele>
        <time>2022-04-18T23:59:53Z</time>
      </trkpt>
      <trkpt lat="34.30643593246453" lon="109.03525443301065">
        <ele>392.3534065121785</ele>
        <time>2022-04-18T23:59:57Z</time>
      </trkpt>
      <trkpt lat="34.30647125617383" lon="109.03561922265911">
        <ele>392.69246454164386</ele>
        <time>2022-04-19T00:00:05Z</time>
      </trkpt>
      <trkpt lat="34.30646950131704" lon="109.03572841909025">
        <ele>392.3355886824429</ele>
        <time>2022-04-19T00:00:07Z</time>
      </trkpt>
      <trkpt lat="34.30659253311437" lon="109.03625213237018">
        <ele>392.5804362874478</ele>
        <time>2022-04-19T00:00:21Z</time>
      </trkpt>
      <trkpt lat="34.30659095295525" lon="109.03660979832985">
        <ele>391.195085413754</ele>
        <time>2022-04-19T00:00:39Z</time>
      </trkpt>
      <trkpt lat="34.30662518303677" lon="109.03670747792663">
        <ele>390.9754832647741</ele>
        <time>2022-04-19T00:00:44Z</time>
      </trkpt>
      <trkpt lat="34.306610835431485" lon="109.03691148064901">
        <ele>391.8830870585516</ele>
        <time>2022-04-19T00:00:56Z</time>
      </trkpt>
      <trkpt lat="34.306582551164816" lon="109.03701433085752">
        <ele>391.86455430369824</ele>
        <time>2022-04-19T00:01:04Z</time>
      </trkpt>
      <trkpt lat="34.30653201787697" lon="109.03704982459286">
        <ele>391.93052288051695</ele>
        <time>2022-04-19T00:01:16Z</time>
      </trkpt>
      <trkpt lat="34.30636765112751" lon="109.0371135872467">
        <ele>391.15640315040946</ele>
        <time>2022-04-19T00:01:29Z</time>
      </trkpt>
      <trkpt lat="34.30641033054142" lon="109.03715239316611">
        <ele>391.42503696493804</ele>
        <time>2022-04-19T00:01:37Z</time>
      </trkpt>
    </trkseg>
  </trk>
</gpx>