<?xml version="1.0" encoding="UTF-8"?>
<gpx xmlns="http://www.topografix.com/GPX/1/1" xmlns:gpxtpx="http://www.garmin.com/xmlschemas/TrackPointExtension/v1" xmlns:xsi="http://www.w3.org/2001/XMLSchema-instance" xsi:schemaLocation="http://www.topografix.com/GPX/1/1 http://www.topografix.com/GPX/1/1/gpx.xsd" version="1.1" creator="gpx.py -- https://github.com/tkrajina/gpxpy">
  <trk>
    <name>gpx from keep</name>
    <type>Ride</type>
    <trkseg>
      <trkpt lat="34.32826343114669" lon="108.98020937033995">
        <ele>465.2370910644531</ele>
        <time>2022-03-14T21:38:44Z</time>
      </trkpt>
      <trkpt lat="34.328197364842836" lon="108.98016019605738">
        <ele>465.2370910644531</ele>
        <time>2022-03-14T21:39:56Z</time>
      </trkpt>
      <trkpt lat="34.328399338807905" lon="108.98003525010604">
        <ele>465.2370910644531</ele>
        <time>2022-03-14T21:40:02Z</time>
      </trkpt>
      <trkpt lat="34.32833494129433" lon="108.98019582695224">
        <ele>465.2370910644531</ele>
        <time>2022-03-14T21:40:08Z</time>
      </trkpt>
      <trkpt lat="34.328217648668975" lon="108.98019524100947">
        <ele>465.2370910644531</ele>
        <time>2022-03-14T21:40:14Z</time>
      </trkpt>
      <trkpt lat="34.32832144106069" lon="108.98025901492562">
        <ele>465.2370910644531</ele>
        <time>2022-03-14T21:40:38Z</time>
      </trkpt>
      <trkpt lat="34.32824374915016" lon="108.98022004497071">
        <ele>465.2370910644531</ele>
        <time>2022-03-14T21:41:32Z</time>
      </trkpt>
      <trkpt lat="34.32836607696304" lon="108.98046201007489">
        <ele>465.2370910644531</ele>
        <time>2022-03-14T21:42:14Z</time>
      </trkpt>
      <trkpt lat="34.32813179516632" lon="108.9804883855133">
        <ele>412.84600830078125</ele>
        <time>2022-03-14T21:43:10Z</time>
      </trkpt>
      <trkpt lat="34.328492507800554" lon="108.9805662167615">
        <ele>393.84918212890625</ele>
        <time>2022-03-14T21:43:17Z</time>
      </trkpt>
      <trkpt lat="34.328719323666505" lon="108.9804827617431">
        <ele>387.0882263183594</ele>
        <time>2022-03-14T21:43:19Z</time>
      </trkpt>
      <trkpt lat="34.32876304679918" lon="108.98058092305696">
        <ele>381.28826904296875</ele>
        <time>2022-03-14T21:43:25Z</time>
      </trkpt>
      <trkpt lat="34.32872363557649" lon="108.98048203452709">
        <ele>379.1764831542969</ele>
        <time>2022-03-14T21:43:26Z</time>
      </trkpt>
      <trkpt lat="34.3288256106794" lon="108.98038136093255">
        <ele>378.0343322753906</ele>
        <time>2022-03-14T21:43:41Z</time>
      </trkpt>
      <trkpt lat="34.32886581376077" lon="108.98009108033058">
        <ele>377.9774475097656</ele>
        <time>2022-03-14T21:43:46Z</time>
      </trkpt>
      <trkpt lat="34.32874887936259" lon="108.98026930200639">
        <ele>377.953857421875</ele>
        <time>2022-03-14T21:43:52Z</time>
      </trkpt>
      <trkpt lat="34.328678087369745" lon="108.9802958944657">
        <ele>377.4321594238281</ele>
        <time>2022-03-14T21:43:58Z</time>
      </trkpt>
      <trkpt lat="34.32870198779046" lon="108.98012975488302">
        <ele>377.174560546875</ele>
        <time>2022-03-14T21:44:04Z</time>
      </trkpt>
      <trkpt lat="34.32869885221924" lon="108.97983292609972">
        <ele>377.1149597167969</ele>
        <time>2022-03-14T21:44:10Z</time>
      </trkpt>
      <trkpt lat="34.328632527663416" lon="108.98015467018347">
        <ele>377.10003662109375</ele>
        <time>2022-03-14T21:44:16Z</time>
      </trkpt>
      <trkpt lat="34.32866333104242" lon="108.98034308860473">
        <ele>395.8693153792992</ele>
        <time>2022-03-14T21:44:19Z</time>
      </trkpt>
      <trkpt lat="34.32863005055578" lon="108.98057483256349">
        <ele>395.91985796485096</ele>
        <time>2022-03-14T21:44:21Z</time>
      </trkpt>
      <trkpt lat="34.32859529236415" lon="108.98065458581907">
        <ele>395.97791417595</ele>
        <time>2022-03-14T21:44:23Z</time>
      </trkpt>
      <trkpt lat="34.32853073224908" lon="108.98071647926663">
        <ele>395.9026830866933</ele>
        <time>2022-03-14T21:44:27Z</time>
      </trkpt>
      <trkpt lat="34.32836375146877" lon="108.9807885503135">
        <ele>395.3402273077518</ele>
        <time>2022-03-14T21:44:36Z</time>
      </trkpt>
      <trkpt lat="34.3281150797165" lon="108.98083617744528">
        <ele>394.65855700708926</ele>
        <time>2022-03-14T21:44:47Z</time>
      </trkpt>
      <trkpt lat="34.32806455521863" lon="108.98075378233045">
        <ele>395.54873450659215</ele>
        <time>2022-03-14T21:44:49Z</time>
      </trkpt>
      <trkpt lat="34.32806851830505" lon="108.98061852409157">
        <ele>395.7862828532234</ele>
        <time>2022-03-14T21:44:52Z</time>
      </trkpt>
      <trkpt lat="34.32805249311642" lon="108.98053329042969">
        <ele>395.88534945156425</ele>
        <time>2022-03-14T21:44:54Z</time>
      </trkpt>
      <trkpt lat="34.32806030826405" lon="108.98042642365559">
        <ele>396.3998804576695</ele>
        <time>2022-03-14T21:44:56Z</time>
      </trkpt>
      <trkpt lat="34.328017164477785" lon="108.97994172031763">
        <ele>395.8664607638493</ele>
        <time>2022-03-14T21:45:04Z</time>
      </trkpt>
      <trkpt lat="34.328050115192674" lon="108.97968892341532">
        <ele>395.7712099822238</ele>
        <time>2022-03-14T21:45:08Z</time>
      </trkpt>
      <trkpt lat="34.32812420523888" lon="108.97958318954632">
        <ele>395.66525929793715</ele>
        <time>2022-03-14T21:45:10Z</time>
      </trkpt>
      <trkpt lat="34.328219247870976" lon="108.97952952908736">
        <ele>395.54265649430454</ele>
        <time>2022-03-14T21:45:12Z</time>
      </trkpt>
      <trkpt lat="34.32842890289149" lon="108.97948306886691">
        <ele>395.74010831397027</ele>
        <time>2022-03-14T21:45:16Z</time>
      </trkpt>
      <trkpt lat="34.3288677553565" lon="108.97946464095544">
        <ele>395.78952914848924</ele>
        <time>2022-03-14T21:45:24Z</time>
      </trkpt>
      <trkpt lat="34.32909691838058" lon="108.97945099610821">
        <ele>396.19179309811443</ele>
        <time>2022-03-14T21:45:28Z</time>
      </trkpt>
      <trkpt lat="34.3295235394295" lon="108.97944557648461">
        <ele>395.3685740865767</ele>
        <time>2022-03-14T21:45:36Z</time>
      </trkpt>
      <trkpt lat="34.32996980187137" lon="108.97959444746081">
        <ele>394.8010052824393</ele>
        <time>2022-03-14T21:45:45Z</time>
      </trkpt>
      <trkpt lat="34.33005602892042" lon="108.97962967652414">
        <ele>395.17148023471236</ele>
        <time>2022-03-14T21:45:47Z</time>
      </trkpt>
      <trkpt lat="34.33053140220314" lon="108.97965704491776">
        <ele>394.4934982927516</ele>
        <time>2022-03-14T21:45:56Z</time>
      </trkpt>
      <trkpt lat="34.33063243370455" lon="108.9796721036503">
        <ele>394.80969200190157</ele>
        <time>2022-03-14T21:45:58Z</time>
      </trkpt>
      <trkpt lat="34.33072623611816" lon="108.97974824245316">
        <ele>394.6640301467851</ele>
        <time>2022-03-14T21:46:00Z</time>
      </trkpt>
      <trkpt lat="34.33080988816854" lon="108.97992349724169">
        <ele>394.8175221728161</ele>
        <time>2022-03-14T21:46:03Z</time>
      </trkpt>
      <trkpt lat="34.33081814383607" lon="108.98005203892532">
        <ele>395.41977135650814</ele>
        <time>2022-03-14T21:46:05Z</time>
      </trkpt>
      <trkpt lat="34.33080129947264" lon="108.9801808669215">
        <ele>395.09526607301086</ele>
        <time>2022-03-14T21:46:07Z</time>
      </trkpt>
      <trkpt lat="34.33078964646962" lon="108.98080317654394">
        <ele>394.4094696380198</ele>
        <time>2022-03-14T21:46:17Z</time>
      </trkpt>
      <trkpt lat="34.33082033464682" lon="108.9813880430692">
        <ele>394.3187524136156</ele>
        <time>2022-03-14T21:46:25Z</time>
      </trkpt>
      <trkpt lat="34.330838315504565" lon="108.98172483970419">
        <ele>395.81749038770795</ele>
        <time>2022-03-14T21:46:29Z</time>
      </trkpt>
      <trkpt lat="34.33083970964182" lon="108.98224792467047">
        <ele>394.8816277459264</ele>
        <time>2022-03-14T21:46:35Z</time>
      </trkpt>
      <trkpt lat="34.330814469757605" lon="108.98278372864804">
        <ele>394.76962266117334</ele>
        <time>2022-03-14T21:46:41Z</time>
      </trkpt>
      <trkpt lat="34.33080255816055" lon="108.98341831036583">
        <ele>395.78335975296795</ele>
        <time>2022-03-14T21:46:49Z</time>
      </trkpt>
      <trkpt lat="34.33078339505262" lon="108.98405173390421">
        <ele>395.86629392951727</ele>
        <time>2022-03-14T21:46:59Z</time>
      </trkpt>
      <trkpt lat="34.33075391025829" lon="108.98465653506182">
        <ele>395.2889044210315</ele>
        <time>2022-03-14T21:47:09Z</time>
      </trkpt>
      <trkpt lat="34.3307369339488" lon="108.98530760578186">
        <ele>394.93212724197656</ele>
        <time>2022-03-14T21:47:19Z</time>
      </trkpt>
      <trkpt lat="34.33071939715915" lon="108.98584818182607">
        <ele>394.4467669315636</ele>
        <time>2022-03-14T21:47:27Z</time>
      </trkpt>
      <trkpt lat="34.330705283317066" lon="108.98643864209104">
        <ele>393.6651393827051</ele>
        <time>2022-03-14T21:47:35Z</time>
      </trkpt>
      <trkpt lat="34.330703422770874" lon="108.98705200737095">
        <ele>393.22490954212844</ele>
        <time>2022-03-14T21:47:43Z</time>
      </trkpt>
      <trkpt lat="34.33069146694948" lon="108.98737098644166">
        <ele>392.69979238603264</ele>
        <time>2022-03-14T21:47:47Z</time>
      </trkpt>
      <trkpt lat="34.330701909513095" lon="108.98802115252361">
        <ele>392.91674379911274</ele>
        <time>2022-03-14T21:47:55Z</time>
      </trkpt>
      <trkpt lat="34.33068713067684" lon="108.98867010386415">
        <ele>392.59366570971906</ele>
        <time>2022-03-14T21:48:03Z</time>
      </trkpt>
      <trkpt lat="34.33068148286851" lon="108.98934687435519">
        <ele>392.44457533955574</ele>
        <time>2022-03-14T21:48:11Z</time>
      </trkpt>
      <trkpt lat="34.33067330545296" lon="108.99000936181922">
        <ele>392.32047428097576</ele>
        <time>2022-03-14T21:48:19Z</time>
      </trkpt>
      <trkpt lat="34.330671488900784" lon="108.99035331737429">
        <ele>392.2419188283384</ele>
        <time>2022-03-14T21:48:23Z</time>
      </trkpt>
      <trkpt lat="34.33064928123039" lon="108.99090329137734">
        <ele>391.3436875725165</ele>
        <time>2022-03-14T21:48:29Z</time>
      </trkpt>
      <trkpt lat="34.3306270119189" lon="108.99153981145611">
        <ele>391.90396106801927</ele>
        <time>2022-03-14T21:48:37Z</time>
      </trkpt>
      <trkpt lat="34.33060888926816" lon="108.99201123863666">
        <ele>392.65963899903</ele>
        <time>2022-03-14T21:48:43Z</time>
      </trkpt>
      <trkpt lat="34.33062119430748" lon="108.9926411638193">
        <ele>393.41363955661654</ele>
        <time>2022-03-14T21:48:51Z</time>
      </trkpt>
      <trkpt lat="34.3306224403678" lon="108.99326991640689">
        <ele>394.2925819242373</ele>
        <time>2022-03-14T21:48:59Z</time>
      </trkpt>
      <trkpt lat="34.330619997198006" lon="108.9939068243702">
        <ele>393.9626361457631</ele>
        <time>2022-03-14T21:49:07Z</time>
      </trkpt>
      <trkpt lat="34.33065803111263" lon="108.99458093405964">
        <ele>394.35821646265686</ele>
        <time>2022-03-14T21:49:15Z</time>
      </trkpt>
      <trkpt lat="34.330682798742025" lon="108.99525148438894">
        <ele>394.1681127520278</ele>
        <time>2022-03-14T21:49:23Z</time>
      </trkpt>
      <trkpt lat="34.33079211553989" lon="108.99590808844111">
        <ele>393.4459466934204</ele>
        <time>2022-03-14T21:49:31Z</time>
      </trkpt>
      <trkpt lat="34.33090755405141" lon="108.99639721750027">
        <ele>392.5299206264317</ele>
        <time>2022-03-14T21:49:37Z</time>
      </trkpt>
      <trkpt lat="34.33107267239528" lon="108.99689875523315">
        <ele>392.34684485848993</ele>
        <time>2022-03-14T21:49:43Z</time>
      </trkpt>
      <trkpt lat="34.331230760661185" lon="108.99746009135592">
        <ele>391.3343857061118</ele>
        <time>2022-03-14T21:49:49Z</time>
      </trkpt>
      <trkpt lat="34.33134309669806" lon="108.99787257442942">
        <ele>391.50993818975985</ele>
        <time>2022-03-14T21:49:53Z</time>
      </trkpt>
      <trkpt lat="34.33143854614586" lon="108.99831497719346">
        <ele>389.7115758480504</ele>
        <time>2022-03-14T21:49:57Z</time>
      </trkpt>
      <trkpt lat="34.33152926821715" lon="108.99896695333445">
        <ele>390.1022224454209</ele>
        <time>2022-03-14T21:50:03Z</time>
      </trkpt>
      <trkpt lat="34.33156915020174" lon="108.99938979413815">
        <ele>389.9751342367381</ele>
        <time>2022-03-14T21:50:07Z</time>
      </trkpt>
      <trkpt lat="34.33157320122826" lon="108.99979424288829">
        <ele>389.8779675597325</ele>
        <time>2022-03-14T21:50:11Z</time>
      </trkpt>
      <trkpt lat="34.331557190243835" lon="109.00000063747487">
        <ele>389.4586947131902</ele>
        <time>2022-03-14T21:50:13Z</time>
      </trkpt>
      <trkpt lat="34.331549099176044" lon="109.00058185306804">
        <ele>389.80911873839796</ele>
        <time>2022-03-14T21:50:19Z</time>
      </trkpt>
      <trkpt lat="34.33153323794086" lon="109.00114505334437">
        <ele>390.56484889891</ele>
        <time>2022-03-14T21:50:25Z</time>
      </trkpt>
      <trkpt lat="34.33151724814502" lon="109.0017160657197">
        <ele>390.1414766609669</ele>
        <time>2022-03-14T21:50:31Z</time>
      </trkpt>
      <trkpt lat="34.331521995669874" lon="109.00228158239027">
        <ele>390.8075962010771</ele>
        <time>2022-03-14T21:50:37Z</time>
      </trkpt>
      <trkpt lat="34.33151852354081" lon="109.0028568267966">
        <ele>389.6881191469729</ele>
        <time>2022-03-14T21:50:43Z</time>
      </trkpt>
      <trkpt lat="34.33152505101782" lon="109.00342980932759">
        <ele>389.6504364479333</ele>
        <time>2022-03-14T21:50:49Z</time>
      </trkpt>
      <trkpt lat="34.331491315356246" lon="109.00401430452541">
        <ele>388.52603560034186</ele>
        <time>2022-03-14T21:50:55Z</time>
      </trkpt>
      <trkpt lat="34.331486322165425" lon="109.00456114983179">
        <ele>387.0595899177715</ele>
        <time>2022-03-14T21:51:01Z</time>
      </trkpt>
      <trkpt lat="34.33147824280276" lon="109.00512170946142">
        <ele>386.0052331648767</ele>
        <time>2022-03-14T21:51:07Z</time>
      </trkpt>
      <trkpt lat="34.33145885536431" lon="109.0052998933145">
        <ele>386.1873152051121</ele>
        <time>2022-03-14T21:51:09Z</time>
      </trkpt>
      <trkpt lat="34.331456564983014" lon="109.00584450107979">
        <ele>387.35709580406547</ele>
        <time>2022-03-14T21:51:15Z</time>
      </trkpt>
      <trkpt lat="34.33143897633426" lon="109.00638921696901">
        <ele>386.7965596355498</ele>
        <time>2022-03-14T21:51:21Z</time>
      </trkpt>
      <trkpt lat="34.33143083718787" lon="109.0070282081686">
        <ele>386.58934971131384</ele>
        <time>2022-03-14T21:51:29Z</time>
      </trkpt>
      <trkpt lat="34.331420233632024" lon="109.00716235688468">
        <ele>386.11612523999065</ele>
        <time>2022-03-14T21:51:31Z</time>
      </trkpt>
      <trkpt lat="34.331432165129826" lon="109.00729060478986">
        <ele>386.25360380113125</ele>
        <time>2022-03-14T21:51:33Z</time>
      </trkpt>
      <trkpt lat="34.33146861264061" lon="109.0074410039569">
        <ele>386.65753481537104</ele>
        <time>2022-03-14T21:51:35Z</time>
      </trkpt>
      <trkpt lat="34.3314554262163" lon="109.00777386705701">
        <ele>386.7163128228858</ele>
        <time>2022-03-14T21:51:39Z</time>
      </trkpt>
      <trkpt lat="34.33145062983003" lon="109.00831342800207">
        <ele>386.21104323118925</ele>
        <time>2022-03-14T21:51:45Z</time>
      </trkpt>
      <trkpt lat="34.331470189115855" lon="109.00886369099631">
        <ele>386.0659704692662</ele>
        <time>2022-03-14T21:51:51Z</time>
      </trkpt>
      <trkpt lat="34.331469868208295" lon="109.00939335579619">
        <ele>386.31507383845747</ele>
        <time>2022-03-14T21:51:57Z</time>
      </trkpt>
      <trkpt lat="34.331483494148806" lon="109.00991488299461">
        <ele>387.026658564806</ele>
        <time>2022-03-14T21:52:03Z</time>
      </trkpt>
      <trkpt lat="34.331549128071245" lon="109.01059589063414">
        <ele>387.3919312618673</ele>
        <time>2022-03-14T21:52:11Z</time>
      </trkpt>
      <trkpt lat="34.33168449324217" lon="109.01109441375135">
        <ele>386.8964454540983</ele>
        <time>2022-03-14T21:52:17Z</time>
      </trkpt>
      <trkpt lat="34.331896663006965" lon="109.01172292775827">
        <ele>387.4815728040412</ele>
        <time>2022-03-14T21:52:25Z</time>
      </trkpt>
      <trkpt lat="34.332123946914884" lon="109.01230583556986">
        <ele>387.6470681093633</ele>
        <time>2022-03-14T21:52:33Z</time>
      </trkpt>
      <trkpt lat="34.3321866806578" lon="109.01242737221338">
        <ele>387.145619276911</ele>
        <time>2022-03-14T21:52:35Z</time>
      </trkpt>
      <trkpt lat="34.33255646956793" lon="109.01295020321065">
        <ele>387.88619992509484</ele>
        <time>2022-03-14T21:52:43Z</time>
      </trkpt>
      <trkpt lat="34.33275902897363" lon="109.01336989840912">
        <ele>387.8345333551988</ele>
        <time>2022-03-14T21:52:49Z</time>
      </trkpt>
      <trkpt lat="34.33300562566116" lon="109.01390839816457">
        <ele>386.7399227498099</ele>
        <time>2022-03-14T21:52:57Z</time>
      </trkpt>
      <trkpt lat="34.333296008794484" lon="109.01448264332254">
        <ele>386.6773626636714</ele>
        <time>2022-03-14T21:53:05Z</time>
      </trkpt>
      <trkpt lat="34.33353517603785" lon="109.01494151235428">
        <ele>386.25860405899584</ele>
        <time>2022-03-14T21:53:11Z</time>
      </trkpt>
      <trkpt lat="34.33381213524563" lon="109.01539903846472">
        <ele>385.5912838112563</ele>
        <time>2022-03-14T21:53:17Z</time>
      </trkpt>
      <trkpt lat="34.33411661012437" lon="109.0158392077369">
        <ele>385.54913517460227</ele>
        <time>2022-03-14T21:53:23Z</time>
      </trkpt>
      <trkpt lat="34.33443197175771" lon="109.01624453335802">
        <ele>386.3055833140388</ele>
        <time>2022-03-14T21:53:29Z</time>
      </trkpt>
      <trkpt lat="34.334628202549176" lon="109.01651601621194">
        <ele>385.4864127365872</ele>
        <time>2022-03-14T21:53:33Z</time>
      </trkpt>
      <trkpt lat="34.33493515963837" lon="109.01688374056445">
        <ele>384.90650630835444</ele>
        <time>2022-03-14T21:53:39Z</time>
      </trkpt>
      <trkpt lat="34.33532722952782" lon="109.0173847547608">
        <ele>387.12519657891244</ele>
        <time>2022-03-14T21:53:47Z</time>
      </trkpt>
      <trkpt lat="34.335718971942526" lon="109.01785694846777">
        <ele>387.34248711075634</ele>
        <time>2022-03-14T21:53:55Z</time>
      </trkpt>
      <trkpt lat="34.33613361607964" lon="109.01827798937973">
        <ele>384.2011633673683</ele>
        <time>2022-03-14T21:54:03Z</time>
      </trkpt>
      <trkpt lat="34.33652707803309" lon="109.01869501899631">
        <ele>381.6962381443009</ele>
        <time>2022-03-14T21:54:11Z</time>
      </trkpt>
      <trkpt lat="34.33695421003409" lon="109.01911615204307">
        <ele>381.0375089114532</ele>
        <time>2022-03-14T21:54:19Z</time>
      </trkpt>
      <trkpt lat="34.337391701731406" lon="109.01956629307061">
        <ele>380.81429636571556</ele>
        <time>2022-03-14T21:54:27Z</time>
      </trkpt>
      <trkpt lat="34.33782453119804" lon="109.02000885215375">
        <ele>380.74607825279236</ele>
        <time>2022-03-14T21:54:35Z</time>
      </trkpt>
      <trkpt lat="34.338272792567636" lon="109.02044858728422">
        <ele>382.9547648821026</ele>
        <time>2022-03-14T21:54:43Z</time>
      </trkpt>
      <trkpt lat="34.33861627809091" lon="109.0207801729253">
        <ele>382.81690728478134</ele>
        <time>2022-03-14T21:54:49Z</time>
      </trkpt>
      <trkpt lat="34.33895487701845" lon="109.02113595892723">
        <ele>382.23073246795684</ele>
        <time>2022-03-14T21:54:55Z</time>
      </trkpt>
      <trkpt lat="34.33930585755774" lon="109.02150063233202">
        <ele>382.6373673332855</ele>
        <time>2022-03-14T21:55:01Z</time>
      </trkpt>
      <trkpt lat="34.33965148900861" lon="109.0218578305288">
        <ele>384.469149406068</ele>
        <time>2022-03-14T21:55:07Z</time>
      </trkpt>
      <trkpt lat="34.33997849565715" lon="109.02220797392032">
        <ele>384.3943392718211</ele>
        <time>2022-03-14T21:55:13Z</time>
      </trkpt>
      <trkpt lat="34.34031075511579" lon="109.02254002998092">
        <ele>383.9133738707751</ele>
        <time>2022-03-14T21:55:19Z</time>
      </trkpt>
      <trkpt lat="34.34068177834738" lon="109.0229168588383">
        <ele>382.56240706983954</ele>
        <time>2022-03-14T21:55:25Z</time>
      </trkpt>
      <trkpt lat="34.34107064311271" lon="109.02332267904771">
        <ele>383.66994536854327</ele>
        <time>2022-03-14T21:55:31Z</time>
      </trkpt>
      <trkpt lat="34.341450031673794" lon="109.02371631936758">
        <ele>384.21237582340837</ele>
        <time>2022-03-14T21:55:37Z</time>
      </trkpt>
      <trkpt lat="34.34153641194833" lon="109.02388467460366">
        <ele>384.946659152396</ele>
        <time>2022-03-14T21:55:39Z</time>
      </trkpt>
      <trkpt lat="34.341528481054276" lon="109.02408300674963">
        <ele>384.79939315188676</ele>
        <time>2022-03-14T21:55:41Z</time>
      </trkpt>
      <trkpt lat="34.341458531039635" lon="109.02425616781763">
        <ele>384.9119106410071</ele>
        <time>2022-03-14T21:55:43Z</time>
      </trkpt>
      <trkpt lat="34.341136385737165" lon="109.02465781311652">
        <ele>384.70845273695886</ele>
        <time>2022-03-14T21:55:49Z</time>
      </trkpt>
      <trkpt lat="34.34082834886163" lon="109.02507016952555">
        <ele>384.69606161117554</ele>
        <time>2022-03-14T21:55:55Z</time>
      </trkpt>
      <trkpt lat="34.34053415292528" lon="109.02548030544233">
        <ele>385.31539750192314</ele>
        <time>2022-03-14T21:56:01Z</time>
      </trkpt>
      <trkpt lat="34.34024426022445" lon="109.02587480117599">
        <ele>385.4710051892325</ele>
        <time>2022-03-14T21:56:07Z</time>
      </trkpt>
      <trkpt lat="34.34016122688848" lon="109.02602465928764">
        <ele>385.61721409112215</ele>
        <time>2022-03-14T21:56:09Z</time>
      </trkpt>
      <trkpt lat="34.33986954844402" lon="109.02641093004755">
        <ele>385.83708599954844</ele>
        <time>2022-03-14T21:56:15Z</time>
      </trkpt>
      <trkpt lat="34.339496910496614" lon="109.02693189589486">
        <ele>385.7938161129132</ele>
        <time>2022-03-14T21:56:23Z</time>
      </trkpt>
      <trkpt lat="34.33914892011074" lon="109.02748451291151">
        <ele>386.14892387297004</ele>
        <time>2022-03-14T21:56:31Z</time>
      </trkpt>
      <trkpt lat="34.33896400056231" lon="109.0277516593372">
        <ele>385.9465765543282</ele>
        <time>2022-03-14T21:56:35Z</time>
      </trkpt>
      <trkpt lat="34.33872016141857" lon="109.0281955396968">
        <ele>386.1893884744495</ele>
        <time>2022-03-14T21:56:41Z</time>
      </trkpt>
      <trkpt lat="34.33846795869796" lon="109.02863769984315">
        <ele>386.8914250815287</ele>
        <time>2022-03-14T21:56:47Z</time>
      </trkpt>
      <trkpt lat="34.33831771539739" lon="109.02892930281695">
        <ele>387.16296565067023</ele>
        <time>2022-03-14T21:56:51Z</time>
      </trkpt>
      <trkpt lat="34.33812971520056" lon="109.0292089877463">
        <ele>386.16980549599975</ele>
        <time>2022-03-14T21:56:55Z</time>
      </trkpt>
      <trkpt lat="34.337882192935176" lon="109.02965255239675">
        <ele>386.0214029699564</ele>
        <time>2022-03-14T21:57:01Z</time>
      </trkpt>
      <trkpt lat="34.33770834405395" lon="109.02994275752536">
        <ele>385.71326374821365</ele>
        <time>2022-03-14T21:57:05Z</time>
      </trkpt>
      <trkpt lat="34.337474626271806" lon="109.03040457922394">
        <ele>386.85479701310396</ele>
        <time>2022-03-14T21:57:11Z</time>
      </trkpt>
      <trkpt lat="34.33722984332827" lon="109.03086483796764">
        <ele>386.6769173890352</ele>
        <time>2022-03-14T21:57:17Z</time>
      </trkpt>
      <trkpt lat="34.33696818438607" lon="109.03129774995766">
        <ele>387.3200264731422</ele>
        <time>2022-03-14T21:57:23Z</time>
      </trkpt>
      <trkpt lat="34.33672476452926" lon="109.03173042876054">
        <ele>386.98509893007576</ele>
        <time>2022-03-14T21:57:29Z</time>
      </trkpt>
      <trkpt lat="34.336409021208496" lon="109.03230784914471">
        <ele>386.7673175111413</ele>
        <time>2022-03-14T21:57:37Z</time>
      </trkpt>
      <trkpt lat="34.33616021904457" lon="109.03273630125712">
        <ele>386.809925718233</ele>
        <time>2022-03-14T21:57:43Z</time>
      </trkpt>
      <trkpt lat="34.335831058628024" lon="109.0332983525781">
        <ele>387.0552399586886</ele>
        <time>2022-03-14T21:57:51Z</time>
      </trkpt>
      <trkpt lat="34.33566243930999" lon="109.03357871301104">
        <ele>387.53812966216356</ele>
        <time>2022-03-14T21:57:55Z</time>
      </trkpt>
      <trkpt lat="34.33559652422088" lon="109.03372066218861">
        <ele>386.89301508758217</ele>
        <time>2022-03-14T21:57:57Z</time>
      </trkpt>
      <trkpt lat="34.33529024991545" lon="109.03426519771155">
        <ele>387.29467980377376</ele>
        <time>2022-03-14T21:58:05Z</time>
      </trkpt>
      <trkpt lat="34.334980235384826" lon="109.03480717361872">
        <ele>387.3423906704411</ele>
        <time>2022-03-14T21:58:13Z</time>
      </trkpt>
      <trkpt lat="34.33467871496045" lon="109.03535504195932">
        <ele>387.437000002712</ele>
        <time>2022-03-14T21:58:21Z</time>
      </trkpt>
      <trkpt lat="34.334358100597036" lon="109.03589126631883">
        <ele>387.59001867100596</ele>
        <time>2022-03-14T21:58:29Z</time>
      </trkpt>
      <trkpt lat="34.334046399936284" lon="109.03644682231024">
        <ele>387.7348085939884</ele>
        <time>2022-03-14T21:58:37Z</time>
      </trkpt>
      <trkpt lat="34.33372333602488" lon="109.03701038361503">
        <ele>388.45748708117753</ele>
        <time>2022-03-14T21:58:45Z</time>
      </trkpt>
      <trkpt lat="34.33355395748719" lon="109.03729593385853">
        <ele>388.22110905405134</ele>
        <time>2022-03-14T21:58:49Z</time>
      </trkpt>
      <trkpt lat="34.33331534166747" lon="109.03774296320194">
        <ele>388.7173580657691</ele>
        <time>2022-03-14T21:58:55Z</time>
      </trkpt>
      <trkpt lat="34.33299651916401" lon="109.03831803317469">
        <ele>388.82413280475885</ele>
        <time>2022-03-14T21:59:03Z</time>
      </trkpt>
      <trkpt lat="34.332675177732725" lon="109.03888170500073">
        <ele>388.8790618898347</ele>
        <time>2022-03-14T21:59:11Z</time>
      </trkpt>
      <trkpt lat="34.33242506050733" lon="109.03929100190746">
        <ele>388.79736025910825</ele>
        <time>2022-03-14T21:59:17Z</time>
      </trkpt>
      <trkpt lat="34.33210596920914" lon="109.0398515220918">
        <ele>389.2753352187574</ele>
        <time>2022-03-14T21:59:25Z</time>
      </trkpt>
      <trkpt lat="34.3320413653129" lon="109.03999862533813">
        <ele>389.48604643624276</ele>
        <time>2022-03-14T21:59:27Z</time>
      </trkpt>
      <trkpt lat="34.33171446845651" lon="109.04055468005619">
        <ele>389.9413399538025</ele>
        <time>2022-03-14T21:59:35Z</time>
      </trkpt>
      <trkpt lat="34.331390331091804" lon="109.04113402845675">
        <ele>389.15024793799967</ele>
        <time>2022-03-14T21:59:43Z</time>
      </trkpt>
      <trkpt lat="34.331233167976265" lon="109.04144250155171">
        <ele>388.70113955345005</ele>
        <time>2022-03-14T21:59:47Z</time>
      </trkpt>
      <trkpt lat="34.331033443764014" lon="109.04192611529386">
        <ele>389.35695356689394</ele>
        <time>2022-03-14T21:59:53Z</time>
      </trkpt>
      <trkpt lat="34.33078615198643" lon="109.04236232182973">
        <ele>389.1118740160018</ele>
        <time>2022-03-14T21:59:59Z</time>
      </trkpt>
      <trkpt lat="34.33053309438515" lon="109.04280542711427">
        <ele>389.2728981906548</ele>
        <time>2022-03-14T22:00:05Z</time>
      </trkpt>
      <trkpt lat="34.33027528806835" lon="109.04322712882589">
        <ele>388.69872061535716</ele>
        <time>2022-03-14T22:00:11Z</time>
      </trkpt>
      <trkpt lat="34.329960511299355" lon="109.04378916391168">
        <ele>388.7386116879061</ele>
        <time>2022-03-14T22:00:19Z</time>
      </trkpt>
      <trkpt lat="34.3296407801071" lon="109.04433548599262">
        <ele>389.19060125947</ele>
        <time>2022-03-14T22:00:27Z</time>
      </trkpt>
      <trkpt lat="34.3293165560467" lon="109.04485805069397">
        <ele>383.8523502815515</ele>
        <time>2022-03-14T22:00:35Z</time>
      </trkpt>
      <trkpt lat="34.329029462841" lon="109.04534882690758">
        <ele>389.16917875781655</ele>
        <time>2022-03-14T22:00:45Z</time>
      </trkpt>
      <trkpt lat="34.32892211159292" lon="109.04551323952143">
        <ele>389.49618632066995</ele>
        <time>2022-03-14T22:00:49Z</time>
      </trkpt>
      <trkpt lat="34.328904612775354" lon="109.04560305455095">
        <ele>389.2717964639887</ele>
        <time>2022-03-14T22:00:51Z</time>
      </trkpt>
      <trkpt lat="34.3289673792474" lon="109.04568066671179">
        <ele>388.98608658090234</ele>
        <time>2022-03-14T22:00:53Z</time>
      </trkpt>
      <trkpt lat="34.3290633215972" lon="109.04562280161288">
        <ele>389.6775536844507</ele>
        <time>2022-03-14T22:00:55Z</time>
      </trkpt>
      <trkpt lat="34.329078219516724" lon="109.04551446731315">
        <ele>390.5922468965873</ele>
        <time>2022-03-14T22:00:57Z</time>
      </trkpt>
      <trkpt lat="34.32914127020344" lon="109.04541944837604">
        <ele>391.1087911268696</ele>
        <time>2022-03-14T22:00:59Z</time>
      </trkpt>
      <trkpt lat="34.329364760351936" lon="109.04518257692524">
        <ele>389.9412171365693</ele>
        <time>2022-03-14T22:01:05Z</time>
      </trkpt>
      <trkpt lat="34.329551574171845" lon="109.0447228416893">
        <ele>386.8758575748652</ele>
        <time>2022-03-14T22:01:13Z</time>
      </trkpt>
      <trkpt lat="34.32986178066214" lon="109.04421838708741">
        <ele>386.68711912818253</ele>
        <time>2022-03-14T22:01:21Z</time>
      </trkpt>
      <trkpt lat="34.33014346995198" lon="109.04371798314419">
        <ele>388.0536332670599</ele>
        <time>2022-03-14T22:01:29Z</time>
      </trkpt>
      <trkpt lat="34.33026562930145" lon="109.0434381310985">
        <ele>388.4722723662853</ele>
        <time>2022-03-14T22:01:33Z</time>
      </trkpt>
      <trkpt lat="34.33058118289879" lon="109.0429061166098">
        <ele>389.117621704936</ele>
        <time>2022-03-14T22:01:41Z</time>
      </trkpt>
      <trkpt lat="34.330917036833426" lon="109.04237542627439">
        <ele>390.0386999761686</ele>
        <time>2022-03-14T22:01:49Z</time>
      </trkpt>
      <trkpt lat="34.3312316798151" lon="109.0418054632485">
        <ele>389.5117489127442</ele>
        <time>2022-03-14T22:01:57Z</time>
      </trkpt>
      <trkpt lat="34.33144296272568" lon="109.04143901597938">
        <ele>390.5435581766069</ele>
        <time>2022-03-14T22:02:03Z</time>
      </trkpt>
      <trkpt lat="34.3317001939504" lon="109.04104957363343">
        <ele>389.2836581515148</ele>
        <time>2022-03-14T22:02:11Z</time>
      </trkpt>
      <trkpt lat="34.33196587466266" lon="109.04058718973158">
        <ele>389.3868075283244</ele>
        <time>2022-03-14T22:02:21Z</time>
      </trkpt>
      <trkpt lat="34.33224964383569" lon="109.04008253207823">
        <ele>390.09418214391917</ele>
        <time>2022-03-14T22:02:31Z</time>
      </trkpt>
      <trkpt lat="34.33246200003528" lon="109.03968092817672">
        <ele>389.65440802369267</ele>
        <time>2022-03-14T22:02:39Z</time>
      </trkpt>
      <trkpt lat="34.332720967453845" lon="109.03922891865737">
        <ele>389.6662526857108</ele>
        <time>2022-03-14T22:02:49Z</time>
      </trkpt>
      <trkpt lat="34.332825838504924" lon="109.03902356000862">
        <ele>389.80788842216134</ele>
        <time>2022-03-14T22:02:53Z</time>
      </trkpt>
      <trkpt lat="34.333139955971596" lon="109.03853038088239">
        <ele>389.3117459733039</ele>
        <time>2022-03-14T22:03:03Z</time>
      </trkpt>
      <trkpt lat="34.33341047985322" lon="109.03803507691742">
        <ele>390.1831491449848</ele>
        <time>2022-03-14T22:03:13Z</time>
      </trkpt>
      <trkpt lat="34.333689800931474" lon="109.03751917397683">
        <ele>389.1471660360694</ele>
        <time>2022-03-14T22:03:21Z</time>
      </trkpt>
      <trkpt lat="34.33400772133012" lon="109.03696732344872">
        <ele>388.94826446659863</ele>
        <time>2022-03-14T22:03:29Z</time>
      </trkpt>
      <trkpt lat="34.33425827061184" lon="109.03651617807112">
        <ele>388.0981936370954</ele>
        <time>2022-03-14T22:03:35Z</time>
      </trkpt>
      <trkpt lat="34.33451643159035" lon="109.03605270112133">
        <ele>387.53473761305213</ele>
        <time>2022-03-14T22:03:41Z</time>
      </trkpt>
      <trkpt lat="34.33478515488982" lon="109.03559286129448">
        <ele>387.4430504357442</ele>
        <time>2022-03-14T22:03:47Z</time>
      </trkpt>
      <trkpt lat="34.33504358497243" lon="109.03510398125123">
        <ele>388.43130162451416</ele>
        <time>2022-03-14T22:03:53Z</time>
      </trkpt>
      <trkpt lat="34.335316014707296" lon="109.03462716892778">
        <ele>387.65540103055537</ele>
        <time>2022-03-14T22:03:59Z</time>
      </trkpt>
      <trkpt lat="34.335581650240634" lon="109.03414831096947">
        <ele>387.4247764516622</ele>
        <time>2022-03-14T22:04:05Z</time>
      </trkpt>
      <trkpt lat="34.335855135693535" lon="109.03367234408971">
        <ele>387.5959700830281</ele>
        <time>2022-03-14T22:04:11Z</time>
      </trkpt>
      <trkpt lat="34.33613388387734" lon="109.03320185196198">
        <ele>387.1890122182667</ele>
        <time>2022-03-14T22:04:17Z</time>
      </trkpt>
      <trkpt lat="34.33640566066137" lon="109.03271455106837">
        <ele>387.4484071927145</ele>
        <time>2022-03-14T22:04:23Z</time>
      </trkpt>
      <trkpt lat="34.336674320474664" lon="109.03222680689615">
        <ele>386.37524570152164</ele>
        <time>2022-03-14T22:04:29Z</time>
      </trkpt>
      <trkpt lat="34.33694981756378" lon="109.03174560409785">
        <ele>386.41166241746396</ele>
        <time>2022-03-14T22:04:35Z</time>
      </trkpt>
      <trkpt lat="34.33721110884486" lon="109.0312414938972">
        <ele>386.9078732095659</ele>
        <time>2022-03-14T22:04:41Z</time>
      </trkpt>
      <trkpt lat="34.3374878526169" lon="109.03076736612162">
        <ele>386.6243309043348</ele>
        <time>2022-03-14T22:04:47Z</time>
      </trkpt>
      <trkpt lat="34.33776440154364" lon="109.03030215024896">
        <ele>386.5709206275642</ele>
        <time>2022-03-14T22:04:53Z</time>
      </trkpt>
      <trkpt lat="34.33803319670368" lon="109.02983403235041">
        <ele>386.4162054937333</ele>
        <time>2022-03-14T22:04:59Z</time>
      </trkpt>
      <trkpt lat="34.338298926736144" lon="109.0293690243725">
        <ele>387.1165613895282</ele>
        <time>2022-03-14T22:05:05Z</time>
      </trkpt>
      <trkpt lat="34.33855223699266" lon="109.0288870921437">
        <ele>387.14011774770916</ele>
        <time>2022-03-14T22:05:11Z</time>
      </trkpt>
      <trkpt lat="34.33880231079942" lon="109.02840811366562">
        <ele>387.0937117282301</ele>
        <time>2022-03-14T22:05:17Z</time>
      </trkpt>
      <trkpt lat="34.33902572108914" lon="109.02791539798993">
        <ele>387.27982298471034</ele>
        <time>2022-03-14T22:05:23Z</time>
      </trkpt>
      <trkpt lat="34.33929358814988" lon="109.02748344524117">
        <ele>386.3023178698495</ele>
        <time>2022-03-14T22:05:29Z</time>
      </trkpt>
      <trkpt lat="34.33960869391507" lon="109.02707664577993">
        <ele>385.6327467383817</ele>
        <time>2022-03-14T22:05:35Z</time>
      </trkpt>
      <trkpt lat="34.33985194562895" lon="109.02683788987576">
        <ele>385.29036874882877</ele>
        <time>2022-03-14T22:05:39Z</time>
      </trkpt>
      <trkpt lat="34.34005783934843" lon="109.02661204768135">
        <ele>385.1879500737414</ele>
        <time>2022-03-14T22:05:43Z</time>
      </trkpt>
      <trkpt lat="34.340128757238084" lon="109.02646747246256">
        <ele>385.40491361450404</ele>
        <time>2022-03-14T22:05:47Z</time>
      </trkpt>
      <trkpt lat="34.340201678140005" lon="109.0262406951199">
        <ele>384.8739165691659</ele>
        <time>2022-03-14T22:05:51Z</time>
      </trkpt>
      <trkpt lat="34.340491625688855" lon="109.02581358023318">
        <ele>384.696068206802</ele>
        <time>2022-03-14T22:05:57Z</time>
      </trkpt>
      <trkpt lat="34.340797243254336" lon="109.02537221128378">
        <ele>385.14128969050944</ele>
        <time>2022-03-14T22:06:03Z</time>
      </trkpt>
      <trkpt lat="34.34110675766133" lon="109.02493908042193">
        <ele>385.2195909479633</ele>
        <time>2022-03-14T22:06:09Z</time>
      </trkpt>
      <trkpt lat="34.34129919977015" lon="109.02465811261062">
        <ele>385.80507512111217</ele>
        <time>2022-03-14T22:06:13Z</time>
      </trkpt>
      <trkpt lat="34.3414937728797" lon="109.02443544544903">
        <ele>385.36264298297465</ele>
        <time>2022-03-14T22:06:17Z</time>
      </trkpt>
      <trkpt lat="34.34156321682648" lon="109.02430336572753">
        <ele>385.3206524280831</ele>
        <time>2022-03-14T22:06:19Z</time>
      </trkpt>
      <trkpt lat="34.34151623547146" lon="109.02417032585417">
        <ele>385.95806431304663</ele>
        <time>2022-03-14T22:06:21Z</time>
      </trkpt>
      <trkpt lat="34.34139048976695" lon="109.02418379553453">
        <ele>385.58446693606675</ele>
        <time>2022-03-14T22:06:23Z</time>
      </trkpt>
      <trkpt lat="34.341086273353" lon="109.02469104521809">
        <ele>384.5751513140276</ele>
        <time>2022-03-14T22:06:31Z</time>
      </trkpt>
      <trkpt lat="34.34100076192" lon="109.02482976582203">
        <ele>384.5058011477813</ele>
        <time>2022-03-14T22:06:33Z</time>
      </trkpt>
      <trkpt lat="34.34071154197785" lon="109.02519908202905">
        <ele>384.7116268295795</ele>
        <time>2022-03-14T22:06:39Z</time>
      </trkpt>
      <trkpt lat="34.34037165091941" lon="109.02571180355974">
        <ele>385.26286805514246</ele>
        <time>2022-03-14T22:06:47Z</time>
      </trkpt>
      <trkpt lat="34.34002007413412" lon="109.02617966145614">
        <ele>385.06010385323316</ele>
        <time>2022-03-14T22:06:55Z</time>
      </trkpt>
      <trkpt lat="34.339682874382014" lon="109.02666933327879">
        <ele>385.9054722003639</ele>
        <time>2022-03-14T22:07:03Z</time>
      </trkpt>
      <trkpt lat="34.33936263115207" lon="109.02712253890543">
        <ele>385.8154410906136</ele>
        <time>2022-03-14T22:07:11Z</time>
      </trkpt>
      <trkpt lat="34.339115813164746" lon="109.02747565938357">
        <ele>385.92138719931245</ele>
        <time>2022-03-14T22:07:17Z</time>
      </trkpt>
      <trkpt lat="34.3388000882796" lon="109.02802670909763">
        <ele>386.1988693708554</ele>
        <time>2022-03-14T22:07:25Z</time>
      </trkpt>
      <trkpt lat="34.33849452435275" lon="109.02858220200098">
        <ele>386.46926873829216</ele>
        <time>2022-03-14T22:07:33Z</time>
      </trkpt>
      <trkpt lat="34.338202236736336" lon="109.02912760492205">
        <ele>386.6263323528692</ele>
        <time>2022-03-14T22:07:41Z</time>
      </trkpt>
      <trkpt lat="34.33789265096202" lon="109.0296787246724">
        <ele>386.38835518900305</ele>
        <time>2022-03-14T22:07:49Z</time>
      </trkpt>
      <trkpt lat="34.337569681033045" lon="109.03023040094357">
        <ele>385.82869161106646</ele>
        <time>2022-03-14T22:07:57Z</time>
      </trkpt>
      <trkpt lat="34.337252573875936" lon="109.03080408667844">
        <ele>386.0522253420204</ele>
        <time>2022-03-14T22:08:05Z</time>
      </trkpt>
      <trkpt lat="34.336925216524214" lon="109.03136808629124">
        <ele>386.6351925181225</ele>
        <time>2022-03-14T22:08:13Z</time>
      </trkpt>
      <trkpt lat="34.33661012491447" lon="109.03192881955219">
        <ele>386.7694831378758</ele>
        <time>2022-03-14T22:08:21Z</time>
      </trkpt>
      <trkpt lat="34.336283147080984" lon="109.03246594725483">
        <ele>386.592451216653</ele>
        <time>2022-03-14T22:08:29Z</time>
      </trkpt>
      <trkpt lat="34.335977266750206" lon="109.0330236212363">
        <ele>387.27701566927135</ele>
        <time>2022-03-14T22:08:37Z</time>
      </trkpt>
      <trkpt lat="34.33566347209073" lon="109.03357715192115">
        <ele>387.2553107244894</ele>
        <time>2022-03-14T22:08:45Z</time>
      </trkpt>
      <trkpt lat="34.33535907414933" lon="109.03411892390216">
        <ele>387.8016980951652</ele>
        <time>2022-03-14T22:08:53Z</time>
      </trkpt>
      <trkpt lat="34.33505643743383" lon="109.03466062804085">
        <ele>387.5339781977236</ele>
        <time>2022-03-14T22:09:01Z</time>
      </trkpt>
      <trkpt lat="34.3347512589081" lon="109.03520465093698">
        <ele>387.7166436165571</ele>
        <time>2022-03-14T22:09:09Z</time>
      </trkpt>
      <trkpt lat="34.33444911750602" lon="109.03572554524119">
        <ele>388.09121554531157</ele>
        <time>2022-03-14T22:09:17Z</time>
      </trkpt>
      <trkpt lat="34.334162655636824" lon="109.03622886316568">
        <ele>387.1556689282879</ele>
        <time>2022-03-14T22:09:25Z</time>
      </trkpt>
      <trkpt lat="34.33386336545123" lon="109.03674346018956">
        <ele>387.1970219090581</ele>
        <time>2022-03-14T22:09:33Z</time>
      </trkpt>
      <trkpt lat="34.33356632097215" lon="109.03729240093611">
        <ele>387.4556149048731</ele>
        <time>2022-03-14T22:09:41Z</time>
      </trkpt>
      <trkpt lat="34.333254170226304" lon="109.03785115525488">
        <ele>389.2287849523127</ele>
        <time>2022-03-14T22:09:49Z</time>
      </trkpt>
      <trkpt lat="34.332938289734244" lon="109.03840852204618">
        <ele>389.2022226555273</ele>
        <time>2022-03-14T22:09:57Z</time>
      </trkpt>
      <trkpt lat="34.33262237333118" lon="109.03895064772539">
        <ele>388.6323811309412</ele>
        <time>2022-03-14T22:10:05Z</time>
      </trkpt>
      <trkpt lat="34.332311474107655" lon="109.03951719367359">
        <ele>389.86829546187073</ele>
        <time>2022-03-14T22:10:13Z</time>
      </trkpt>
      <trkpt lat="34.33198870737335" lon="109.0400867384098">
        <ele>389.85305565129966</ele>
        <time>2022-03-14T22:10:21Z</time>
      </trkpt>
      <trkpt lat="34.33173788544932" lon="109.04053856930274">
        <ele>389.7283569229767</ele>
        <time>2022-03-14T22:10:27Z</time>
      </trkpt>
      <trkpt lat="34.331473153218425" lon="109.04099396003534">
        <ele>388.9830913953483</ele>
        <time>2022-03-14T22:10:33Z</time>
      </trkpt>
      <trkpt lat="34.331223986498735" lon="109.04145405282611">
        <ele>389.23875664081424</ele>
        <time>2022-03-14T22:10:39Z</time>
      </trkpt>
      <trkpt lat="34.33102495397856" lon="109.04192237539318">
        <ele>388.6730475500226</ele>
        <time>2022-03-14T22:10:45Z</time>
      </trkpt>
      <trkpt lat="34.33077121461482" lon="109.04238192945304">
        <ele>388.32301451452076</ele>
        <time>2022-03-14T22:10:55Z</time>
      </trkpt>
      <trkpt lat="34.33050748495935" lon="109.04283925650857">
        <ele>388.8857053639367</ele>
        <time>2022-03-14T22:11:05Z</time>
      </trkpt>
      <trkpt lat="34.33023877377769" lon="109.04332019811103">
        <ele>389.43956127204</ele>
        <time>2022-03-14T22:11:13Z</time>
      </trkpt>
      <trkpt lat="34.32995612494153" lon="109.04380129657153">
        <ele>389.6532413912937</ele>
        <time>2022-03-14T22:11:21Z</time>
      </trkpt>
      <trkpt lat="34.32967475189191" lon="109.04427933208108">
        <ele>389.93528210837394</ele>
        <time>2022-03-14T22:11:29Z</time>
      </trkpt>
      <trkpt lat="34.32937985566058" lon="109.04476933853752">
        <ele>385.4532881109044</ele>
        <time>2022-03-14T22:11:37Z</time>
      </trkpt>
      <trkpt lat="34.32909482627707" lon="109.04526808636645">
        <ele>386.85337444301695</ele>
        <time>2022-03-14T22:11:45Z</time>
      </trkpt>
      <trkpt lat="34.32889728265898" lon="109.04557542483303">
        <ele>388.78160839434713</ele>
        <time>2022-03-14T22:11:51Z</time>
      </trkpt>
      <trkpt lat="34.328926868516405" lon="109.04567761517129">
        <ele>388.5054465252906</ele>
        <time>2022-03-14T22:11:53Z</time>
      </trkpt>
      <trkpt lat="34.32902739190068" lon="109.04565147693633">
        <ele>388.9531138520688</ele>
        <time>2022-03-14T22:11:55Z</time>
      </trkpt>
      <trkpt lat="34.329090852334524" lon="109.04554266203888">
        <ele>389.7589207421988</ele>
        <time>2022-03-14T22:11:57Z</time>
      </trkpt>
      <trkpt lat="34.32934506270124" lon="109.0451982016408">
        <ele>390.9283772064373</ele>
        <time>2022-03-14T22:12:05Z</time>
      </trkpt>
      <trkpt lat="34.32957660219942" lon="109.04473990278954">
        <ele>387.9549036938697</ele>
        <time>2022-03-14T22:12:13Z</time>
      </trkpt>
      <trkpt lat="34.32986897320458" lon="109.04423366827997">
        <ele>388.0891767023131</ele>
        <time>2022-03-14T22:12:21Z</time>
      </trkpt>
      <trkpt lat="34.330153082561225" lon="109.04369470423923">
        <ele>389.97200059331954</ele>
        <time>2022-03-14T22:12:29Z</time>
      </trkpt>
      <trkpt lat="34.33034757147938" lon="109.04338645909749">
        <ele>389.59693887550384</ele>
        <time>2022-03-14T22:12:37Z</time>
      </trkpt>
      <trkpt lat="34.330454150689874" lon="109.04314947088574">
        <ele>389.586957029067</ele>
        <time>2022-03-14T22:12:43Z</time>
      </trkpt>
      <trkpt lat="34.33066531608798" lon="109.0428270451604">
        <ele>389.7932262076065</ele>
        <time>2022-03-14T22:12:49Z</time>
      </trkpt>
      <trkpt lat="34.33097984586465" lon="109.04228433902783">
        <ele>389.7641445985064</ele>
        <time>2022-03-14T22:12:57Z</time>
      </trkpt>
      <trkpt lat="34.33129444466563" lon="109.04172711546025">
        <ele>389.44244034588337</ele>
        <time>2022-03-14T22:13:05Z</time>
      </trkpt>
      <trkpt lat="34.331402064448945" lon="109.04161258412293">
        <ele>389.17131757643074</ele>
        <time>2022-03-14T22:13:07Z</time>
      </trkpt>
      <trkpt lat="34.33170626967971" lon="109.04103907282976">
        <ele>390.4910230478272</ele>
        <time>2022-03-14T22:13:15Z</time>
      </trkpt>
      <trkpt lat="34.332005758893956" lon="109.04047529959298">
        <ele>389.63174085505307</ele>
        <time>2022-03-14T22:13:23Z</time>
      </trkpt>
      <trkpt lat="34.33215302505906" lon="109.04017608960407">
        <ele>389.6439066687599</ele>
        <time>2022-03-14T22:13:27Z</time>
      </trkpt>
      <trkpt lat="34.33240838834254" lon="109.03974604993682">
        <ele>390.19246876519173</ele>
        <time>2022-03-14T22:13:33Z</time>
      </trkpt>
      <trkpt lat="34.33266123512971" lon="109.03931121602594">
        <ele>390.04607031773776</ele>
        <time>2022-03-14T22:13:39Z</time>
      </trkpt>
      <trkpt lat="34.33289149994004" lon="109.03884743906583">
        <ele>389.6312243277207</ele>
        <time>2022-03-14T22:13:45Z</time>
      </trkpt>
      <trkpt lat="34.333055449632454" lon="109.03855099399819">
        <ele>389.67835794202983</ele>
        <time>2022-03-14T22:13:49Z</time>
      </trkpt>
      <trkpt lat="34.33332832748637" lon="109.03812688816235">
        <ele>390.0064619947225</ele>
        <time>2022-03-14T22:13:55Z</time>
      </trkpt>
      <trkpt lat="34.33359639984333" lon="109.03768265814159">
        <ele>389.69919705204666</ele>
        <time>2022-03-14T22:14:01Z</time>
      </trkpt>
      <trkpt lat="34.333861172870726" lon="109.03721994287041">
        <ele>389.43506433907896</ele>
        <time>2022-03-14T22:14:07Z</time>
      </trkpt>
      <trkpt lat="34.3341262261446" lon="109.03676744478345">
        <ele>388.48730795644224</ele>
        <time>2022-03-14T22:14:13Z</time>
      </trkpt>
      <trkpt lat="34.334377859140844" lon="109.03630369895853">
        <ele>388.3149772817269</ele>
        <time>2022-03-14T22:14:19Z</time>
      </trkpt>
      <trkpt lat="34.33463729474241" lon="109.03583022542782">
        <ele>387.8132271422073</ele>
        <time>2022-03-14T22:14:25Z</time>
      </trkpt>
      <trkpt lat="34.33489959892762" lon="109.03534655790307">
        <ele>388.7166320551187</ele>
        <time>2022-03-14T22:14:31Z</time>
      </trkpt>
      <trkpt lat="34.335163854047806" lon="109.03488252093136">
        <ele>388.256142353639</ele>
        <time>2022-03-14T22:14:37Z</time>
      </trkpt>
      <trkpt lat="34.33543134826307" lon="109.03441890396779">
        <ele>388.07895968761295</ele>
        <time>2022-03-14T22:14:43Z</time>
      </trkpt>
      <trkpt lat="34.33570049761992" lon="109.03395766465391">
        <ele>387.93941095937043</ele>
        <time>2022-03-14T22:14:49Z</time>
      </trkpt>
      <trkpt lat="34.33597490832752" lon="109.03350319525718">
        <ele>387.746804359369</ele>
        <time>2022-03-14T22:14:55Z</time>
      </trkpt>
      <trkpt lat="34.33622062822237" lon="109.03303330533484">
        <ele>387.4582127640024</ele>
        <time>2022-03-14T22:15:01Z</time>
      </trkpt>
      <trkpt lat="34.336487314945536" lon="109.0325838230151">
        <ele>387.51104770228267</ele>
        <time>2022-03-14T22:15:07Z</time>
      </trkpt>
      <trkpt lat="34.33673972113005" lon="109.0321225445849">
        <ele>387.3146691750735</ele>
        <time>2022-03-14T22:15:13Z</time>
      </trkpt>
      <trkpt lat="34.33698909694398" lon="109.03165089432542">
        <ele>386.720719255507</ele>
        <time>2022-03-14T22:15:19Z</time>
      </trkpt>
      <trkpt lat="34.3372413036128" lon="109.03117606253487">
        <ele>387.339587431401</ele>
        <time>2022-03-14T22:15:25Z</time>
      </trkpt>
      <trkpt lat="34.33750083801184" lon="109.03073059686864">
        <ele>386.7311244532466</ele>
        <time>2022-03-14T22:15:31Z</time>
      </trkpt>
      <trkpt lat="34.33775975301194" lon="109.0302948571665">
        <ele>386.8261671522632</ele>
        <time>2022-03-14T22:15:37Z</time>
      </trkpt>
      <trkpt lat="34.33801657882637" lon="109.02985368645673">
        <ele>387.30902977474034</ele>
        <time>2022-03-14T22:15:43Z</time>
      </trkpt>
      <trkpt lat="34.338258347605766" lon="109.02940307861772">
        <ele>387.50545459613204</ele>
        <time>2022-03-14T22:15:49Z</time>
      </trkpt>
      <trkpt lat="34.33858548138656" lon="109.02882111325515">
        <ele>387.50208169594407</ele>
        <time>2022-03-14T22:15:57Z</time>
      </trkpt>
      <trkpt lat="34.33882770242905" lon="109.02836849541431">
        <ele>387.44316824898124</ele>
        <time>2022-03-14T22:16:03Z</time>
      </trkpt>
      <trkpt lat="34.33904801096937" lon="109.0278934998967">
        <ele>386.67554602678865</ele>
        <time>2022-03-14T22:16:09Z</time>
      </trkpt>
      <trkpt lat="34.33931675880012" lon="109.02745637882934">
        <ele>386.3332807421684</ele>
        <time>2022-03-14T22:16:15Z</time>
      </trkpt>
      <trkpt lat="34.33948642568253" lon="109.02738554126879">
        <ele>386.15370927285403</ele>
        <time>2022-03-14T22:16:17Z</time>
      </trkpt>
      <trkpt lat="34.33951807476198" lon="109.02717582133343">
        <ele>385.98910814896226</ele>
        <time>2022-03-14T22:16:19Z</time>
      </trkpt>
      <trkpt lat="34.339723923222245" lon="109.02689025627798">
        <ele>385.6934214355424</ele>
        <time>2022-03-14T22:16:23Z</time>
      </trkpt>
      <trkpt lat="34.34000383077038" lon="109.02653025502771">
        <ele>385.0423089619726</ele>
        <time>2022-03-14T22:16:29Z</time>
      </trkpt>
      <trkpt lat="34.34029860121019" lon="109.02607724911353">
        <ele>385.68447015061975</ele>
        <time>2022-03-14T22:16:41Z</time>
      </trkpt>
      <trkpt lat="34.34064649436808" lon="109.02559548711953">
        <ele>385.1529696844518</ele>
        <time>2022-03-14T22:16:49Z</time>
      </trkpt>
      <trkpt lat="34.340926343673054" lon="109.02518709078556">
        <ele>385.5108119947836</ele>
        <time>2022-03-14T22:16:55Z</time>
      </trkpt>
      <trkpt lat="34.34122117534254" lon="109.02477585453083">
        <ele>385.82178039848804</ele>
        <time>2022-03-14T22:17:01Z</time>
      </trkpt>
      <trkpt lat="34.34150808574058" lon="109.02442116098676">
        <ele>385.52585575915873</ele>
        <time>2022-03-14T22:17:07Z</time>
      </trkpt>
      <trkpt lat="34.341553892011156" lon="109.02427721308514">
        <ele>385.8324353173375</ele>
        <time>2022-03-14T22:17:09Z</time>
      </trkpt>
      <trkpt lat="34.34149722111367" lon="109.02416585086063">
        <ele>385.4842860046774</ele>
        <time>2022-03-14T22:17:11Z</time>
      </trkpt>
      <trkpt lat="34.341379729566604" lon="109.02417883155395">
        <ele>385.68718245625496</ele>
        <time>2022-03-14T22:17:13Z</time>
      </trkpt>
      <trkpt lat="34.34108609998943" lon="109.02469842605588">
        <ele>384.9605817012489</ele>
        <time>2022-03-14T22:17:21Z</time>
      </trkpt>
      <trkpt lat="34.340720136497964" lon="109.02522384176761">
        <ele>385.0883091511205</ele>
        <time>2022-03-14T22:17:29Z</time>
      </trkpt>
      <trkpt lat="34.34036263386342" lon="109.02571903155285">
        <ele>385.763205030933</ele>
        <time>2022-03-14T22:17:37Z</time>
      </trkpt>
      <trkpt lat="34.340023575391314" lon="109.0262069037104">
        <ele>385.42538318037987</ele>
        <time>2022-03-14T22:17:45Z</time>
      </trkpt>
      <trkpt lat="34.33968970173029" lon="109.02667638150953">
        <ele>385.7857298189774</ele>
        <time>2022-03-14T22:17:53Z</time>
      </trkpt>
      <trkpt lat="34.33936471879478" lon="109.0271508140131">
        <ele>386.1175781702623</ele>
        <time>2022-03-14T22:18:01Z</time>
      </trkpt>
      <trkpt lat="34.339033121777994" lon="109.02762291840489">
        <ele>385.76932594832033</ele>
        <time>2022-03-14T22:18:09Z</time>
      </trkpt>
      <trkpt lat="34.33873498562314" lon="109.02816504832822">
        <ele>386.2047364525497</ele>
        <time>2022-03-14T22:18:17Z</time>
      </trkpt>
      <trkpt lat="34.338438819423864" lon="109.02869817919185">
        <ele>387.30047369841486</ele>
        <time>2022-03-14T22:18:25Z</time>
      </trkpt>
      <trkpt lat="34.3381461836662" lon="109.02921694404012">
        <ele>386.6944922590628</ele>
        <time>2022-03-14T22:18:33Z</time>
      </trkpt>
      <trkpt lat="34.3378439772742" lon="109.02976257661341">
        <ele>386.58780488651246</ele>
        <time>2022-03-14T22:18:41Z</time>
      </trkpt>
      <trkpt lat="34.33751608586844" lon="109.03031763287566">
        <ele>386.0038125049323</ele>
        <time>2022-03-14T22:18:49Z</time>
      </trkpt>
      <trkpt lat="34.33721003355148" lon="109.03088851868394">
        <ele>386.1984057817608</ele>
        <time>2022-03-14T22:18:57Z</time>
      </trkpt>
      <trkpt lat="34.33705183276255" lon="109.03117810635004">
        <ele>386.6013402445242</ele>
        <time>2022-03-14T22:19:01Z</time>
      </trkpt>
      <trkpt lat="34.33696343058634" lon="109.03130853576873">
        <ele>386.48185701482</ele>
        <time>2022-03-14T22:19:03Z</time>
      </trkpt>
      <trkpt lat="34.336646906643175" lon="109.03186239279808">
        <ele>387.65511717740446</ele>
        <time>2022-03-14T22:19:11Z</time>
      </trkpt>
      <trkpt lat="34.336368058648745" lon="109.03233931971758">
        <ele>387.2622665250674</ele>
        <time>2022-03-14T22:19:18Z</time>
      </trkpt>
      <trkpt lat="34.33606596362745" lon="109.03288266768247">
        <ele>387.1149527998641</ele>
        <time>2022-03-14T22:19:26Z</time>
      </trkpt>
      <trkpt lat="34.33575760461132" lon="109.03341897734083">
        <ele>387.4852727483958</ele>
        <time>2022-03-14T22:19:34Z</time>
      </trkpt>
      <trkpt lat="34.33545432742905" lon="109.03394497979471">
        <ele>387.61772301699966</ele>
        <time>2022-03-14T22:19:42Z</time>
      </trkpt>
      <trkpt lat="34.335159137295925" lon="109.03447651345725">
        <ele>387.4985952284187</ele>
        <time>2022-03-14T22:19:50Z</time>
      </trkpt>
      <trkpt lat="34.33486199104077" lon="109.0349979250449">
        <ele>387.6496148528531</ele>
        <time>2022-03-14T22:19:58Z</time>
      </trkpt>
      <trkpt lat="34.33461092499646" lon="109.03545438818848">
        <ele>387.4885422894731</ele>
        <time>2022-03-14T22:20:05Z</time>
      </trkpt>
      <trkpt lat="34.334305640465125" lon="109.03599540208249">
        <ele>387.5560946194455</ele>
        <time>2022-03-14T22:20:13Z</time>
      </trkpt>
      <trkpt lat="34.33401234712796" lon="109.03652313843347">
        <ele>387.1890069395304</ele>
        <time>2022-03-14T22:20:21Z</time>
      </trkpt>
      <trkpt lat="34.33370825493953" lon="109.03702216743469">
        <ele>387.3591855848208</ele>
        <time>2022-03-14T22:20:29Z</time>
      </trkpt>
      <trkpt lat="34.33342769027073" lon="109.03753629272465">
        <ele>388.17400653567165</ele>
        <time>2022-03-14T22:20:37Z</time>
      </trkpt>
      <trkpt lat="34.33313873660041" lon="109.03805268236292">
        <ele>388.82299133203924</ele>
        <time>2022-03-14T22:20:45Z</time>
      </trkpt>
      <trkpt lat="34.33284448931577" lon="109.03856395048805">
        <ele>388.42043658625335</ele>
        <time>2022-03-14T22:20:53Z</time>
      </trkpt>
      <trkpt lat="34.33253420227123" lon="109.03909099996675">
        <ele>389.10271297581494</ele>
        <time>2022-03-14T22:21:01Z</time>
      </trkpt>
      <trkpt lat="34.332243358629846" lon="109.03962233350437">
        <ele>388.80184413772076</ele>
        <time>2022-03-14T22:21:09Z</time>
      </trkpt>
      <trkpt lat="34.331960705332676" lon="109.0401351258426">
        <ele>389.1774435285479</ele>
        <time>2022-03-14T22:21:17Z</time>
      </trkpt>
      <trkpt lat="34.331663791975444" lon="109.04064588746283">
        <ele>389.1478915903717</ele>
        <time>2022-03-14T22:21:25Z</time>
      </trkpt>
      <trkpt lat="34.33136209778047" lon="109.04117974091723">
        <ele>389.36119789723307</ele>
        <time>2022-03-14T22:21:33Z</time>
      </trkpt>
      <trkpt lat="34.331097684332626" lon="109.04176239511506">
        <ele>388.7839913396165</ele>
        <time>2022-03-14T22:21:41Z</time>
      </trkpt>
      <trkpt lat="34.33096811957349" lon="109.04205239748369">
        <ele>389.22548791300505</ele>
        <time>2022-03-14T22:21:45Z</time>
      </trkpt>
      <trkpt lat="34.33068908566971" lon="109.04251299566039">
        <ele>387.7067682798952</ele>
        <time>2022-03-14T22:21:53Z</time>
      </trkpt>
      <trkpt lat="34.33041792940523" lon="109.04298536208987">
        <ele>387.8535418640822</ele>
        <time>2022-03-14T22:22:01Z</time>
      </trkpt>
      <trkpt lat="34.330127426015935" lon="109.0434799665307">
        <ele>389.0673151500523</ele>
        <time>2022-03-14T22:22:09Z</time>
      </trkpt>
      <trkpt lat="34.32981782145112" lon="109.04401715755459">
        <ele>388.94310071039945</ele>
        <time>2022-03-14T22:22:17Z</time>
      </trkpt>
      <trkpt lat="34.32953575509203" lon="109.04453083036788">
        <ele>386.8077861070633</ele>
        <time>2022-03-14T22:22:25Z</time>
      </trkpt>
      <trkpt lat="34.329229105068904" lon="109.04504650210778">
        <ele>385.16999419406056</ele>
        <time>2022-03-14T22:22:33Z</time>
      </trkpt>
      <trkpt lat="34.32902507124362" lon="109.04541592291467">
        <ele>387.93242351617664</ele>
        <time>2022-03-14T22:22:39Z</time>
      </trkpt>
      <trkpt lat="34.3289464190767" lon="109.04550253084169">
        <ele>388.42227618861943</ele>
        <time>2022-03-14T22:22:41Z</time>
      </trkpt>
      <trkpt lat="34.3289082332474" lon="109.04561063385079">
        <ele>388.5488974666223</ele>
        <time>2022-03-14T22:22:43Z</time>
      </trkpt>
      <trkpt lat="34.32895925241875" lon="109.04569930732677">
        <ele>389.0108989421278</ele>
        <time>2022-03-14T22:22:45Z</time>
      </trkpt>
      <trkpt lat="34.32905955325168" lon="109.045640993337">
        <ele>389.74445594102144</ele>
        <time>2022-03-14T22:22:47Z</time>
      </trkpt>
      <trkpt lat="34.32909557813907" lon="109.0455245434187">
        <ele>389.99388846289366</ele>
        <time>2022-03-14T22:22:49Z</time>
      </trkpt>
      <trkpt lat="34.32922210778066" lon="109.04528954497191">
        <ele>391.16742823366076</ele>
        <time>2022-03-14T22:22:53Z</time>
      </trkpt>
      <trkpt lat="34.32931077883284" lon="109.04521256879333">
        <ele>390.75285204220563</ele>
        <time>2022-03-14T22:22:55Z</time>
      </trkpt>
      <trkpt lat="34.32936899774035" lon="109.04513071000542">
        <ele>390.3567071799189</ele>
        <time>2022-03-14T22:22:57Z</time>
      </trkpt>
      <trkpt lat="34.32947615167312" lon="109.04490477657009">
        <ele>389.45124487765133</ele>
        <time>2022-03-14T22:23:01Z</time>
      </trkpt>
      <trkpt lat="34.329558928244396" lon="109.0448015073135">
        <ele>388.10326251666993</ele>
        <time>2022-03-14T22:23:03Z</time>
      </trkpt>
      <trkpt lat="34.32985238745505" lon="109.04426606755374">
        <ele>387.2465876219794</ele>
        <time>2022-03-14T22:23:11Z</time>
      </trkpt>
      <trkpt lat="34.33017524128542" lon="109.04372491626717">
        <ele>388.88844658248127</ele>
        <time>2022-03-14T22:23:19Z</time>
      </trkpt>
      <trkpt lat="34.3303527396687" lon="109.04346651647091">
        <ele>389.0010772179812</ele>
        <time>2022-03-14T22:23:23Z</time>
      </trkpt>
      <trkpt lat="34.330645955004414" lon="109.04287290498935">
        <ele>389.42751939129084</ele>
        <time>2022-03-14T22:23:31Z</time>
      </trkpt>
      <trkpt lat="34.33097910276456" lon="109.04230882730516">
        <ele>389.5628527170047</ele>
        <time>2022-03-14T22:23:39Z</time>
      </trkpt>
      <trkpt lat="34.33130813041176" lon="109.04174590494999">
        <ele>389.51828476786613</ele>
        <time>2022-03-14T22:23:47Z</time>
      </trkpt>
      <trkpt lat="34.33162603749141" lon="109.04120157127217">
        <ele>389.7969419118017</ele>
        <time>2022-03-14T22:23:55Z</time>
      </trkpt>
      <trkpt lat="34.331922326116036" lon="109.04064173474605">
        <ele>389.95109026599675</ele>
        <time>2022-03-14T22:24:03Z</time>
      </trkpt>
      <trkpt lat="34.33199558786253" lon="109.04049745247848">
        <ele>389.82854864094406</ele>
        <time>2022-03-14T22:24:05Z</time>
      </trkpt>
      <trkpt lat="34.332325632723425" lon="109.03993483825765">
        <ele>389.86942044086754</ele>
        <time>2022-03-14T22:24:13Z</time>
      </trkpt>
      <trkpt lat="34.332582837414535" lon="109.03950078975035">
        <ele>389.8342425422743</ele>
        <time>2022-03-14T22:24:19Z</time>
      </trkpt>
      <trkpt lat="34.332831024332684" lon="109.03905177892662">
        <ele>389.74558284971863</ele>
        <time>2022-03-14T22:24:25Z</time>
      </trkpt>
      <trkpt lat="34.33308074919296" lon="109.03860462667168">
        <ele>389.0476116826758</ele>
        <time>2022-03-14T22:24:31Z</time>
      </trkpt>
      <trkpt lat="34.33324913253287" lon="109.03831149555991">
        <ele>389.2157891066745</ele>
        <time>2022-03-14T22:24:35Z</time>
      </trkpt>
      <trkpt lat="34.33349214790498" lon="109.03787429972324">
        <ele>388.9720915555954</ele>
        <time>2022-03-14T22:24:41Z</time>
      </trkpt>
      <trkpt lat="34.33374785944489" lon="109.03742440584881">
        <ele>388.9807313643396</ele>
        <time>2022-03-14T22:24:47Z</time>
      </trkpt>
      <trkpt lat="34.334005787017674" lon="109.03696673463261">
        <ele>388.23746142722666</ele>
        <time>2022-03-14T22:24:53Z</time>
      </trkpt>
      <trkpt lat="34.33427716874149" lon="109.03650645132012">
        <ele>388.183630598709</ele>
        <time>2022-03-14T22:24:59Z</time>
      </trkpt>
      <trkpt lat="34.33453657477808" lon="109.0360480417329">
        <ele>388.07141618803144</ele>
        <time>2022-03-14T22:25:05Z</time>
      </trkpt>
      <trkpt lat="34.334795643283265" lon="109.03558912460959">
        <ele>388.19865607097745</ele>
        <time>2022-03-14T22:25:11Z</time>
      </trkpt>
      <trkpt lat="34.33505217581799" lon="109.03513227886508">
        <ele>387.89567831903696</ele>
        <time>2022-03-14T22:25:17Z</time>
      </trkpt>
      <trkpt lat="34.33530858556111" lon="109.03468354671837">
        <ele>387.2065536528826</ele>
        <time>2022-03-14T22:25:23Z</time>
      </trkpt>
      <trkpt lat="34.33556730098903" lon="109.03422091507134">
        <ele>387.81367163546383</ele>
        <time>2022-03-14T22:25:29Z</time>
      </trkpt>
      <trkpt lat="34.33582517954786" lon="109.03375967335244">
        <ele>387.58126662299037</ele>
        <time>2022-03-14T22:25:35Z</time>
      </trkpt>
      <trkpt lat="34.336088891279736" lon="109.03329756665272">
        <ele>387.16088281199336</ele>
        <time>2022-03-14T22:25:41Z</time>
      </trkpt>
      <trkpt lat="34.33634881355655" lon="109.0328404930875">
        <ele>386.83968547172844</ele>
        <time>2022-03-14T22:25:47Z</time>
      </trkpt>
      <trkpt lat="34.336602848881384" lon="109.03239179623392">
        <ele>387.1663942821324</ele>
        <time>2022-03-14T22:25:53Z</time>
      </trkpt>
      <trkpt lat="34.33684228809478" lon="109.03193406249865">
        <ele>387.01094709616154</ele>
        <time>2022-03-14T22:25:59Z</time>
      </trkpt>
      <trkpt lat="34.33708646821257" lon="109.03146477394532">
        <ele>386.722345629707</ele>
        <time>2022-03-14T22:26:05Z</time>
      </trkpt>
      <trkpt lat="34.3373442253765" lon="109.03101834549621">
        <ele>386.88892747089267</ele>
        <time>2022-03-14T22:26:11Z</time>
      </trkpt>
      <trkpt lat="34.33760621011493" lon="109.03057390585846">
        <ele>386.74690587539226</ele>
        <time>2022-03-14T22:26:17Z</time>
      </trkpt>
      <trkpt lat="34.337869768400004" lon="109.03015578913609">
        <ele>386.73693176638335</ele>
        <time>2022-03-14T22:26:23Z</time>
      </trkpt>
      <trkpt lat="34.338118714155826" lon="109.02971890772723">
        <ele>387.18285114504397</ele>
        <time>2022-03-14T22:26:29Z</time>
      </trkpt>
      <trkpt lat="34.338367039061076" lon="109.02929085069019">
        <ele>387.53351590409875</ele>
        <time>2022-03-14T22:26:35Z</time>
      </trkpt>
      <trkpt lat="34.33860290280903" lon="109.02884481548698">
        <ele>387.38353085611016</ele>
        <time>2022-03-14T22:26:41Z</time>
      </trkpt>
      <trkpt lat="34.33882364300708" lon="109.02839529618706">
        <ele>388.03304452169687</ele>
        <time>2022-03-14T22:26:47Z</time>
      </trkpt>
      <trkpt lat="34.3390242251961" lon="109.02794144991576">
        <ele>387.20874667167664</ele>
        <time>2022-03-14T22:26:53Z</time>
      </trkpt>
      <trkpt lat="34.33928749325516" lon="109.02752379890829">
        <ele>386.3610588051379</ele>
        <time>2022-03-14T22:26:59Z</time>
      </trkpt>
      <trkpt lat="34.33957368597486" lon="109.02710875857723">
        <ele>386.27418078575283</ele>
        <time>2022-03-14T22:27:05Z</time>
      </trkpt>
      <trkpt lat="34.33986252336286" lon="109.02670967574423">
        <ele>385.72163095511496</ele>
        <time>2022-03-14T22:27:11Z</time>
      </trkpt>
      <trkpt lat="34.340170260090424" lon="109.02627372240754">
        <ele>385.7055462785065</ele>
        <time>2022-03-14T22:27:21Z</time>
      </trkpt>
      <trkpt lat="34.34047935155445" lon="109.02583833888826">
        <ele>385.28646454866976</ele>
        <time>2022-03-14T22:27:29Z</time>
      </trkpt>
      <trkpt lat="34.340828541756565" lon="109.02534009875599">
        <ele>385.1908587142825</ele>
        <time>2022-03-14T22:27:37Z</time>
      </trkpt>
      <trkpt lat="34.341183348510945" lon="109.0248422086826">
        <ele>385.5959432972595</ele>
        <time>2022-03-14T22:27:45Z</time>
      </trkpt>
      <trkpt lat="34.34151025415751" lon="109.0244156819013">
        <ele>385.2106338823214</ele>
        <time>2022-03-14T22:27:53Z</time>
      </trkpt>
      <trkpt lat="34.34155780788839" lon="109.02429942816404">
        <ele>385.0658183246851</ele>
        <time>2022-03-14T22:27:55Z</time>
      </trkpt>
      <trkpt lat="34.34151265408629" lon="109.02418795694551">
        <ele>384.8530470961705</ele>
        <time>2022-03-14T22:27:57Z</time>
      </trkpt>
      <trkpt lat="34.34139897521741" lon="109.02419781204138">
        <ele>385.2501775966957</ele>
        <time>2022-03-14T22:27:59Z</time>
      </trkpt>
      <trkpt lat="34.34125193554461" lon="109.02442434386563">
        <ele>385.12327153701335</ele>
        <time>2022-03-14T22:28:03Z</time>
      </trkpt>
      <trkpt lat="34.34110639112263" lon="109.02470695365051">
        <ele>384.59417076036334</ele>
        <time>2022-03-14T22:28:07Z</time>
      </trkpt>
      <trkpt lat="34.340733067595245" lon="109.02521372114305">
        <ele>384.951697695069</ele>
        <time>2022-03-14T22:28:15Z</time>
      </trkpt>
      <trkpt lat="34.34036448593498" lon="109.02571883698927">
        <ele>385.81332551222295</ele>
        <time>2022-03-14T22:28:23Z</time>
      </trkpt>
      <trkpt lat="34.34001372962" lon="109.02621345405207">
        <ele>385.2086415179074</ele>
        <time>2022-03-14T22:28:31Z</time>
      </trkpt>
      <trkpt lat="34.339654855925545" lon="109.02669769571122">
        <ele>385.8356173513457</ele>
        <time>2022-03-14T22:28:39Z</time>
      </trkpt>
      <trkpt lat="34.339320518350476" lon="109.02718715594733">
        <ele>385.9539101719856</ele>
        <time>2022-03-14T22:28:47Z</time>
      </trkpt>
      <trkpt lat="34.33897858668791" lon="109.02770784681289">
        <ele>385.56416105106473</ele>
        <time>2022-03-14T22:28:55Z</time>
      </trkpt>
      <trkpt lat="34.33866306263309" lon="109.02826669186182">
        <ele>385.42109348997474</ele>
        <time>2022-03-14T22:29:03Z</time>
      </trkpt>
      <trkpt lat="34.33834908597593" lon="109.02882442818667">
        <ele>387.1230513257906</ele>
        <time>2022-03-14T22:29:11Z</time>
      </trkpt>
      <trkpt lat="34.338130432846434" lon="109.02925164806425">
        <ele>386.30121454410255</ele>
        <time>2022-03-14T22:29:17Z</time>
      </trkpt>
      <trkpt lat="34.337820404847115" lon="109.02980027906794">
        <ele>385.9934693640098</ele>
        <time>2022-03-14T22:29:25Z</time>
      </trkpt>
      <trkpt lat="34.33749255003891" lon="109.03034415853232">
        <ele>386.1931009106338</ele>
        <time>2022-03-14T22:29:33Z</time>
      </trkpt>
      <trkpt lat="34.33718659525583" lon="109.03090534534934">
        <ele>386.35356885008514</ele>
        <time>2022-03-14T22:29:41Z</time>
      </trkpt>
      <trkpt lat="34.337102016968274" lon="109.0310242485819">
        <ele>386.27389648836106</ele>
        <time>2022-03-14T22:29:43Z</time>
      </trkpt>
      <trkpt lat="34.336823560913736" lon="109.03155148670871">
        <ele>387.27787935361266</ele>
        <time>2022-03-14T22:29:51Z</time>
      </trkpt>
      <trkpt lat="34.33655078383644" lon="109.0320491073258">
        <ele>387.82182466611266</ele>
        <time>2022-03-14T22:29:59Z</time>
      </trkpt>
      <trkpt lat="34.33625241588795" lon="109.03257065803177">
        <ele>388.03871943894774</ele>
        <time>2022-03-14T22:30:07Z</time>
      </trkpt>
      <trkpt lat="34.3359605815275" lon="109.0330850664678">
        <ele>387.24553063791245</ele>
        <time>2022-03-14T22:30:15Z</time>
      </trkpt>
      <trkpt lat="34.33567358739226" lon="109.03358724156121">
        <ele>388.20504903420806</ele>
        <time>2022-03-14T22:30:23Z</time>
      </trkpt>
      <trkpt lat="34.335377344244826" lon="109.03410469011398">
        <ele>387.85662554204464</ele>
        <time>2022-03-14T22:30:31Z</time>
      </trkpt>
      <trkpt lat="34.335098463905446" lon="109.03460285871031">
        <ele>388.1649004360661</ele>
        <time>2022-03-14T22:30:39Z</time>
      </trkpt>
      <trkpt lat="34.33481138117541" lon="109.03508260231942">
        <ele>387.7081329431385</ele>
        <time>2022-03-14T22:30:47Z</time>
      </trkpt>
      <trkpt lat="34.33452316505505" lon="109.03559691386566">
        <ele>387.64839844964445</ele>
        <time>2022-03-14T22:30:55Z</time>
      </trkpt>
      <trkpt lat="34.334236466599236" lon="109.03611984838325">
        <ele>387.73831211496145</ele>
        <time>2022-03-14T22:31:03Z</time>
      </trkpt>
      <trkpt lat="34.333928270885394" lon="109.03663733030358">
        <ele>387.73158945236355</ele>
        <time>2022-03-14T22:31:11Z</time>
      </trkpt>
      <trkpt lat="34.333628798527684" lon="109.03716993878984">
        <ele>387.95432498306036</ele>
        <time>2022-03-14T22:31:19Z</time>
      </trkpt>
      <trkpt lat="34.333323074374434" lon="109.03770725151256">
        <ele>388.2138510849327</ele>
        <time>2022-03-14T22:31:27Z</time>
      </trkpt>
      <trkpt lat="34.33325117356069" lon="109.0378468409884">
        <ele>388.94295402802527</ele>
        <time>2022-03-14T22:31:29Z</time>
      </trkpt>
      <trkpt lat="34.3331700960874" lon="109.03796267687702">
        <ele>388.92297189310193</ele>
        <time>2022-03-14T22:31:31Z</time>
      </trkpt>
      <trkpt lat="34.33288060098062" lon="109.03852260214975">
        <ele>388.6217050552368</ele>
        <time>2022-03-14T22:31:39Z</time>
      </trkpt>
      <trkpt lat="34.33257020702305" lon="109.03905772745703">
        <ele>388.95763915684074</ele>
        <time>2022-03-14T22:31:47Z</time>
      </trkpt>
      <trkpt lat="34.332267252371025" lon="109.03959152574195">
        <ele>390.19353464990854</ele>
        <time>2022-03-14T22:31:55Z</time>
      </trkpt>
      <trkpt lat="34.33197444626986" lon="109.04013700033062">
        <ele>390.06159017328173</ele>
        <time>2022-03-14T22:32:03Z</time>
      </trkpt>
      <trkpt lat="34.331751399510864" lon="109.04053765654845">
        <ele>390.9999525723979</ele>
        <time>2022-03-14T22:32:09Z</time>
      </trkpt>
      <trkpt lat="34.33150589693189" lon="109.04093630098771">
        <ele>389.5940737808123</ele>
        <time>2022-03-14T22:32:15Z</time>
      </trkpt>
      <trkpt lat="34.33128070720317" lon="109.04138343592334">
        <ele>388.8715366208926</ele>
        <time>2022-03-14T22:32:21Z</time>
      </trkpt>
      <trkpt lat="34.33115390658505" lon="109.04169429165309">
        <ele>389.0293741878122</ele>
        <time>2022-03-14T22:32:25Z</time>
      </trkpt>
      <trkpt lat="34.33092571026203" lon="109.04212468332106">
        <ele>388.80570615362376</ele>
        <time>2022-03-14T22:32:31Z</time>
      </trkpt>
      <trkpt lat="34.33076470428862" lon="109.04236125536437">
        <ele>388.74319518823177</ele>
        <time>2022-03-14T22:32:35Z</time>
      </trkpt>
      <trkpt lat="34.33048222898179" lon="109.04290529820177">
        <ele>388.30758431740105</ele>
        <time>2022-03-14T22:32:43Z</time>
      </trkpt>
      <trkpt lat="34.3301573386578" lon="109.0434426412923">
        <ele>389.0460479669273</ele>
        <time>2022-03-14T22:32:51Z</time>
      </trkpt>
      <trkpt lat="34.32983709480713" lon="109.04397129360571">
        <ele>389.6143646398559</ele>
        <time>2022-03-14T22:32:59Z</time>
      </trkpt>
      <trkpt lat="34.32953969961559" lon="109.04450382566111">
        <ele>387.9192713294178</ele>
        <time>2022-03-14T22:33:07Z</time>
      </trkpt>
      <trkpt lat="34.3292383366298" lon="109.0450178885079">
        <ele>384.67649963032454</ele>
        <time>2022-03-14T22:33:15Z</time>
      </trkpt>
      <trkpt lat="34.329026792507776" lon="109.04537124924255">
        <ele>388.49394140485674</ele>
        <time>2022-03-14T22:33:21Z</time>
      </trkpt>
      <trkpt lat="34.32895283437176" lon="109.04546858498485">
        <ele>389.10821888409555</ele>
        <time>2022-03-14T22:33:23Z</time>
      </trkpt>
      <trkpt lat="34.328909676152875" lon="109.04556597429944">
        <ele>389.03353657294065</ele>
        <time>2022-03-14T22:33:25Z</time>
      </trkpt>
      <trkpt lat="34.32894792787606" lon="109.04567229720737">
        <ele>389.34336599987</ele>
        <time>2022-03-14T22:33:27Z</time>
      </trkpt>
      <trkpt lat="34.32904697030343" lon="109.04564775069237">
        <ele>389.9188640974462</ele>
        <time>2022-03-14T22:33:29Z</time>
      </trkpt>
      <trkpt lat="34.329143054802245" lon="109.04541922899395">
        <ele>391.4665154302493</ele>
        <time>2022-03-14T22:33:33Z</time>
      </trkpt>
      <trkpt lat="34.329305966533084" lon="109.04520795620992">
        <ele>391.6367802545428</ele>
        <time>2022-03-14T22:33:37Z</time>
      </trkpt>
      <trkpt lat="34.3295845751544" lon="109.04472207381752">
        <ele>387.5983396843076</ele>
        <time>2022-03-14T22:33:45Z</time>
      </trkpt>
      <trkpt lat="34.329751611125076" lon="109.04447305843466">
        <ele>386.10365258995444</ele>
        <time>2022-03-14T22:33:49Z</time>
      </trkpt>
      <trkpt lat="34.32989366315694" lon="109.0441868935475">
        <ele>387.8506151018664</ele>
        <time>2022-03-14T22:33:53Z</time>
      </trkpt>
      <trkpt lat="34.33020908161713" lon="109.04363995443717">
        <ele>390.0492266668007</ele>
        <time>2022-03-14T22:34:01Z</time>
      </trkpt>
      <trkpt lat="34.33036720255324" lon="109.04339104449377">
        <ele>390.04241426102817</ele>
        <time>2022-03-14T22:34:05Z</time>
      </trkpt>
      <trkpt lat="34.33058853148322" lon="109.04295810789218">
        <ele>390.0923302108422</ele>
        <time>2022-03-14T22:34:11Z</time>
      </trkpt>
      <trkpt lat="34.33091752925983" lon="109.04240348016216">
        <ele>390.0146399755031</ele>
        <time>2022-03-14T22:34:19Z</time>
      </trkpt>
      <trkpt lat="34.33122543137488" lon="109.04182404027658">
        <ele>389.7336008809507</ele>
        <time>2022-03-14T22:34:27Z</time>
      </trkpt>
      <trkpt lat="34.331561683410634" lon="109.04126952683309">
        <ele>389.9437154242769</ele>
        <time>2022-03-14T22:34:35Z</time>
      </trkpt>
      <trkpt lat="34.331892073357984" lon="109.04070634363394">
        <ele>390.08900062646717</ele>
        <time>2022-03-14T22:34:43Z</time>
      </trkpt>
      <trkpt lat="34.33221986931764" lon="109.04013080918482">
        <ele>390.1403252175078</ele>
        <time>2022-03-14T22:34:51Z</time>
      </trkpt>
      <trkpt lat="34.33246389855901" lon="109.03968529777164">
        <ele>390.6227687560022</ele>
        <time>2022-03-14T22:34:57Z</time>
      </trkpt>
      <trkpt lat="34.33270983864806" lon="109.03924715255135">
        <ele>390.05848823301494</ele>
        <time>2022-03-14T22:35:03Z</time>
      </trkpt>
      <trkpt lat="34.332937046260376" lon="109.03877197104354">
        <ele>389.28246133215725</ele>
        <time>2022-03-14T22:35:09Z</time>
      </trkpt>
      <trkpt lat="34.333214672132236" lon="109.03836078772449">
        <ele>388.99009559396654</ele>
        <time>2022-03-14T22:35:15Z</time>
      </trkpt>
      <trkpt lat="34.33346721753053" lon="109.03793389087845">
        <ele>389.1650643358007</ele>
        <time>2022-03-14T22:35:21Z</time>
      </trkpt>
      <trkpt lat="34.33371883214852" lon="109.037494998191">
        <ele>389.36034389119595</ele>
        <time>2022-03-14T22:35:27Z</time>
      </trkpt>
      <trkpt lat="34.333967708330626" lon="109.03706032873686">
        <ele>388.63029531016946</ele>
        <time>2022-03-14T22:35:33Z</time>
      </trkpt>
      <trkpt lat="34.33421958062121" lon="109.03662727734384">
        <ele>388.30974855739623</ele>
        <time>2022-03-14T22:35:39Z</time>
      </trkpt>
      <trkpt lat="34.33446382591391" lon="109.03618675475902">
        <ele>388.24228959251195</ele>
        <time>2022-03-14T22:35:45Z</time>
      </trkpt>
      <trkpt lat="34.33471761189207" lon="109.03573803813735">
        <ele>388.3318313602358</ele>
        <time>2022-03-14T22:35:51Z</time>
      </trkpt>
      <trkpt lat="34.33497555705985" lon="109.03528125621519">
        <ele>388.2651217067614</ele>
        <time>2022-03-14T22:35:57Z</time>
      </trkpt>
      <trkpt lat="34.33523226736661" lon="109.03483518324978">
        <ele>387.7201404608786</ele>
        <time>2022-03-14T22:36:03Z</time>
      </trkpt>
      <trkpt lat="34.335481356270954" lon="109.03438392895389">
        <ele>387.8985821902752</ele>
        <time>2022-03-14T22:36:09Z</time>
      </trkpt>
      <trkpt lat="34.33574161984587" lon="109.03392940232852">
        <ele>387.76584564335644</ele>
        <time>2022-03-14T22:36:15Z</time>
      </trkpt>
      <trkpt lat="34.33600045506831" lon="109.03346727637597">
        <ele>387.8639112608507</ele>
        <time>2022-03-14T22:36:21Z</time>
      </trkpt>
      <trkpt lat="34.33626471520407" lon="109.03301475283025">
        <ele>387.5386292748153</ele>
        <time>2022-03-14T22:36:27Z</time>
      </trkpt>
      <trkpt lat="34.33652074055705" lon="109.03256391807739">
        <ele>387.31236385926604</ele>
        <time>2022-03-14T22:36:33Z</time>
      </trkpt>
      <trkpt lat="34.33677585755525" lon="109.03210474302851">
        <ele>387.10203325748444</ele>
        <time>2022-03-14T22:36:39Z</time>
      </trkpt>
      <trkpt lat="34.337026621715005" lon="109.03163405945016">
        <ele>386.5500800590962</ele>
        <time>2022-03-14T22:36:45Z</time>
      </trkpt>
      <trkpt lat="34.33717682647387" lon="109.03130525279009">
        <ele>387.3495462303981</ele>
        <time>2022-03-14T22:36:49Z</time>
      </trkpt>
      <trkpt lat="34.33745231190951" lon="109.03087326603436">
        <ele>387.0187737205997</ele>
        <time>2022-03-14T22:36:55Z</time>
      </trkpt>
      <trkpt lat="34.33772644382371" lon="109.03044264225265">
        <ele>386.48445611447096</ele>
        <time>2022-03-14T22:37:01Z</time>
      </trkpt>
      <trkpt lat="34.33780638460313" lon="109.03028876423788">
        <ele>386.5950135756284</ele>
        <time>2022-03-14T22:37:03Z</time>
      </trkpt>
      <trkpt lat="34.33813168902851" lon="109.02971577336376">
        <ele>387.0966492528096</ele>
        <time>2022-03-14T22:37:11Z</time>
      </trkpt>
      <trkpt lat="34.338365961102426" lon="109.02927348809571">
        <ele>387.28067610692233</ele>
        <time>2022-03-14T22:37:17Z</time>
      </trkpt>
      <trkpt lat="34.33863102425881" lon="109.0288237096481">
        <ele>387.7558910092339</ele>
        <time>2022-03-14T22:37:23Z</time>
      </trkpt>
      <trkpt lat="34.33885189391018" lon="109.02835190000711">
        <ele>387.4094342486933</ele>
        <time>2022-03-14T22:37:29Z</time>
      </trkpt>
      <trkpt lat="34.33898286693295" lon="109.0280318804865">
        <ele>387.2589479582384</ele>
        <time>2022-03-14T22:37:33Z</time>
      </trkpt>
      <trkpt lat="34.339233071552684" lon="109.02760667641519">
        <ele>386.60061891004443</ele>
        <time>2022-03-14T22:37:39Z</time>
      </trkpt>
      <trkpt lat="34.33951296216148" lon="109.02719978624287">
        <ele>386.0141387563199</ele>
        <time>2022-03-14T22:37:45Z</time>
      </trkpt>
      <trkpt lat="34.33980844114329" lon="109.02679667620623">
        <ele>385.5846105106175</ele>
        <time>2022-03-14T22:37:51Z</time>
      </trkpt>
      <trkpt lat="34.34011146962027" lon="109.0263670488407">
        <ele>385.48227562662214</ele>
        <time>2022-03-14T22:38:03Z</time>
      </trkpt>
      <trkpt lat="34.34045720680671" lon="109.02586915546">
        <ele>385.5417835628614</ele>
        <time>2022-03-14T22:38:13Z</time>
      </trkpt>
      <trkpt lat="34.34073923859786" lon="109.02546151198982">
        <ele>385.1281391987577</ele>
        <time>2022-03-14T22:38:19Z</time>
      </trkpt>
      <trkpt lat="34.3411164653233" lon="109.02493839044604">
        <ele>385.16026709228754</ele>
        <time>2022-03-14T22:38:27Z</time>
      </trkpt>
      <trkpt lat="34.34145710870203" lon="109.02446862038836">
        <ele>385.5531188240275</ele>
        <time>2022-03-14T22:38:35Z</time>
      </trkpt>
      <trkpt lat="34.34153283008036" lon="109.02435237738165">
        <ele>385.42472147755325</ele>
        <time>2022-03-14T22:38:37Z</time>
      </trkpt>
      <trkpt lat="34.341590260308664" lon="109.02421959206957">
        <ele>385.3608456887305</ele>
        <time>2022-03-14T22:38:39Z</time>
      </trkpt>
      <trkpt lat="34.34162692248641" lon="109.02407789278934">
        <ele>385.40715462714434</ele>
        <time>2022-03-14T22:38:41Z</time>
      </trkpt>
      <trkpt lat="34.34164238825264" lon="109.02392858872362">
        <ele>385.4781522862613</ele>
        <time>2022-03-14T22:38:43Z</time>
      </trkpt>
      <trkpt lat="34.34162766713729" lon="109.0237806370228">
        <ele>385.75011513382196</ele>
        <time>2022-03-14T22:38:45Z</time>
      </trkpt>
      <trkpt lat="34.34157204619334" lon="109.02365150182332">
        <ele>385.7286585755646</ele>
        <time>2022-03-14T22:38:47Z</time>
      </trkpt>
      <trkpt lat="34.3412192931264" lon="109.02327546141998">
        <ele>385.420099590905</ele>
        <time>2022-03-14T22:38:55Z</time>
      </trkpt>
      <trkpt lat="34.340864681440245" lon="109.02289702886786">
        <ele>386.07599109970033</ele>
        <time>2022-03-14T22:39:03Z</time>
      </trkpt>
      <trkpt lat="34.34050790633534" lon="109.0225341944925">
        <ele>385.4303131569177</ele>
        <time>2022-03-14T22:39:11Z</time>
      </trkpt>
      <trkpt lat="34.3401126862727" lon="109.02211393242422">
        <ele>382.71959394868463</ele>
        <time>2022-03-14T22:39:21Z</time>
      </trkpt>
      <trkpt lat="34.339733173141184" lon="109.02171907218418">
        <ele>381.803822892718</ele>
        <time>2022-03-14T22:39:29Z</time>
      </trkpt>
      <trkpt lat="34.3393196827285" lon="109.02131142805906">
        <ele>385.0399878192693</ele>
        <time>2022-03-14T22:39:37Z</time>
      </trkpt>
      <trkpt lat="34.33894317112048" lon="109.02092117057572">
        <ele>385.6773706357926</ele>
        <time>2022-03-14T22:39:45Z</time>
      </trkpt>
      <trkpt lat="34.33855950652718" lon="109.0205134541503">
        <ele>383.00306915771216</ele>
        <time>2022-03-14T22:39:54Z</time>
      </trkpt>
      <trkpt lat="34.33821197267693" lon="109.02015531031358">
        <ele>380.4831869676709</ele>
        <time>2022-03-14T22:40:02Z</time>
      </trkpt>
      <trkpt lat="34.337850276604044" lon="109.01978112329932">
        <ele>379.93967320304364</ele>
        <time>2022-03-14T22:40:10Z</time>
      </trkpt>
      <trkpt lat="34.337472247177196" lon="109.01939729499193">
        <ele>379.9602441918105</ele>
        <time>2022-03-14T22:40:18Z</time>
      </trkpt>
      <trkpt lat="34.33707449257247" lon="109.0189885107527">
        <ele>379.56438134331256</ele>
        <time>2022-03-14T22:40:26Z</time>
      </trkpt>
      <trkpt lat="34.336671117767715" lon="109.01857671091169">
        <ele>379.4943848187104</ele>
        <time>2022-03-14T22:40:34Z</time>
      </trkpt>
      <trkpt lat="34.3362622718771" lon="109.01815959857902">
        <ele>379.68111831508577</ele>
        <time>2022-03-14T22:40:42Z</time>
      </trkpt>
      <trkpt lat="34.33584546231916" lon="109.0177496164644">
        <ele>381.20688124746084</ele>
        <time>2022-03-14T22:40:50Z</time>
      </trkpt>
      <trkpt lat="34.33574100234225" lon="109.01764235675277">
        <ele>381.5141026871279</ele>
        <time>2022-03-14T22:40:52Z</time>
      </trkpt>
      <trkpt lat="34.33535104161105" lon="109.01720388456351">
        <ele>384.4246778888628</ele>
        <time>2022-03-14T22:41:00Z</time>
      </trkpt>
      <trkpt lat="34.33500689479758" lon="109.01675970526637">
        <ele>385.4447572231293</ele>
        <time>2022-03-14T22:41:07Z</time>
      </trkpt>
      <trkpt lat="34.33460684681982" lon="109.01626886449871">
        <ele>385.3078036205843</ele>
        <time>2022-03-14T22:41:15Z</time>
      </trkpt>
      <trkpt lat="34.334212285332065" lon="109.01577655601713">
        <ele>385.40487130731344</ele>
        <time>2022-03-14T22:41:23Z</time>
      </trkpt>
      <trkpt lat="34.33405352975736" lon="109.0155133219198">
        <ele>385.4204861531034</ele>
        <time>2022-03-14T22:41:27Z</time>
      </trkpt>
      <trkpt lat="34.33386091531432" lon="109.01528812104289">
        <ele>386.0636399220675</ele>
        <time>2022-03-14T22:41:31Z</time>
      </trkpt>
      <trkpt lat="34.333538486289086" lon="109.01477391793901">
        <ele>386.12822550162673</ele>
        <time>2022-03-14T22:41:39Z</time>
      </trkpt>
      <trkpt lat="34.333257944451724" lon="109.0142239080925">
        <ele>387.53332056477666</ele>
        <time>2022-03-14T22:41:47Z</time>
      </trkpt>
      <trkpt lat="34.33298298937366" lon="109.01370861472863">
        <ele>387.3360967859626</ele>
        <time>2022-03-14T22:41:55Z</time>
      </trkpt>
      <trkpt lat="34.332736988896414" lon="109.01319158047181">
        <ele>386.54862079769373</ele>
        <time>2022-03-14T22:42:05Z</time>
      </trkpt>
      <trkpt lat="34.332728659577356" lon="109.01307264091297">
        <ele>386.3265388580039</ele>
        <time>2022-03-14T22:42:09Z</time>
      </trkpt>
      <trkpt lat="34.33270519564781" lon="109.01308562444831">
        <ele>386.8522601192817</ele>
        <time>2022-03-14T22:42:23Z</time>
      </trkpt>
      <trkpt lat="34.3326166678123" lon="109.01282206283751">
        <ele>387.0833194293082</ele>
        <time>2022-03-14T22:42:54Z</time>
      </trkpt>
      <trkpt lat="34.33241088125998" lon="109.01234726644174">
        <ele>386.90386321861297</ele>
        <time>2022-03-14T22:43:02Z</time>
      </trkpt>
      <trkpt lat="34.33231960491873" lon="109.01209629975568">
        <ele>386.9506046427414</ele>
        <time>2022-03-14T22:43:06Z</time>
      </trkpt>
      <trkpt lat="34.33229085328792" lon="109.01195953268126">
        <ele>386.6357930023223</ele>
        <time>2022-03-14T22:43:08Z</time>
      </trkpt>
      <trkpt lat="34.33207634596357" lon="109.01135360726049">
        <ele>386.0387303866446</ele>
        <time>2022-03-14T22:43:17Z</time>
      </trkpt>
      <trkpt lat="34.331897278698726" lon="109.01082345949776">
        <ele>385.23806911334395</ele>
        <time>2022-03-14T22:43:25Z</time>
      </trkpt>
      <trkpt lat="34.33180592733231" lon="109.01052883316551">
        <ele>386.0820680418983</ele>
        <time>2022-03-14T22:43:29Z</time>
      </trkpt>
      <trkpt lat="34.33174148938547" lon="109.0099440072538">
        <ele>386.26169882994145</ele>
        <time>2022-03-14T22:43:37Z</time>
      </trkpt>
      <trkpt lat="34.331701727536846" lon="109.00933615310677">
        <ele>386.5354604544118</ele>
        <time>2022-03-14T22:43:45Z</time>
      </trkpt>
      <trkpt lat="34.33167475547002" lon="109.00901119226856">
        <ele>386.3515172228217</ele>
        <time>2022-03-14T22:43:49Z</time>
      </trkpt>
      <trkpt lat="34.33168774229469" lon="109.00866090700508">
        <ele>385.82591486535966</ele>
        <time>2022-03-14T22:43:53Z</time>
      </trkpt>
      <trkpt lat="34.33170836550069" lon="109.00848040112224">
        <ele>384.71864710748196</ele>
        <time>2022-03-14T22:43:55Z</time>
      </trkpt>
      <trkpt lat="34.331712685883936" lon="109.00795507367559">
        <ele>386.405683811754</ele>
        <time>2022-03-14T22:44:01Z</time>
      </trkpt>
      <trkpt lat="34.33174593453347" lon="109.00727095130446">
        <ele>387.1212904499844</ele>
        <time>2022-03-14T22:44:09Z</time>
      </trkpt>
      <trkpt lat="34.33175463036771" lon="109.00661055337733">
        <ele>385.96347848605365</ele>
        <time>2022-03-14T22:44:17Z</time>
      </trkpt>
      <trkpt lat="34.331739264835804" lon="109.00644806704425">
        <ele>386.75840878114104</ele>
        <time>2022-03-14T22:44:19Z</time>
      </trkpt>
      <trkpt lat="34.331753069048816" lon="109.00614893075087">
        <ele>386.10845186188817</ele>
        <time>2022-03-14T22:44:23Z</time>
      </trkpt>
      <trkpt lat="34.33174757475938" lon="109.00583867138528">
        <ele>387.3122242735699</ele>
        <time>2022-03-14T22:44:27Z</time>
      </trkpt>
      <trkpt lat="34.331761934846845" lon="109.00520621247342">
        <ele>387.0317855020985</ele>
        <time>2022-03-14T22:44:35Z</time>
      </trkpt>
      <trkpt lat="34.3317793839607" lon="109.00476220130943">
        <ele>386.8016607258469</ele>
        <time>2022-03-14T22:44:41Z</time>
      </trkpt>
      <trkpt lat="34.331807991773246" lon="109.00463983523184">
        <ele>386.50119287800044</ele>
        <time>2022-03-14T22:44:43Z</time>
      </trkpt>
      <trkpt lat="34.33191377480278" lon="109.00445187408056">
        <ele>386.7234546560794</ele>
        <time>2022-03-14T22:44:57Z</time>
      </trkpt>
      <trkpt lat="34.331875958877525" lon="109.00425406814492">
        <ele>386.88415800314397</ele>
        <time>2022-03-14T22:45:52Z</time>
      </trkpt>
      <trkpt lat="34.33179540214307" lon="109.003892514667">
        <ele>387.27768440078944</ele>
        <time>2022-03-14T22:45:58Z</time>
      </trkpt>
      <trkpt lat="34.331775781690766" lon="109.00342201888847">
        <ele>387.98041696380824</ele>
        <time>2022-03-14T22:46:04Z</time>
      </trkpt>
      <trkpt lat="34.33181115164644" lon="109.0028015907018">
        <ele>387.9741167528555</ele>
        <time>2022-03-14T22:46:12Z</time>
      </trkpt>
      <trkpt lat="34.33181310745095" lon="109.00217649048922">
        <ele>388.9352117450908</ele>
        <time>2022-03-14T22:46:20Z</time>
      </trkpt>
      <trkpt lat="34.33182078400791" lon="109.00154499043184">
        <ele>389.6928965281695</ele>
        <time>2022-03-14T22:46:28Z</time>
      </trkpt>
      <trkpt lat="34.33184082323759" lon="109.00089499073108">
        <ele>390.2970587052405</ele>
        <time>2022-03-14T22:46:36Z</time>
      </trkpt>
      <trkpt lat="34.33185427299528" lon="109.00023936691575">
        <ele>390.59346444532275</ele>
        <time>2022-03-14T22:46:44Z</time>
      </trkpt>
      <trkpt lat="34.331875926021574" lon="108.99960682057561">
        <ele>390.7831659382209</ele>
        <time>2022-03-14T22:46:52Z</time>
      </trkpt>
      <trkpt lat="34.33182581487934" lon="108.99894974882126">
        <ele>391.3980346703902</ele>
        <time>2022-03-14T22:47:00Z</time>
      </trkpt>
      <trkpt lat="34.33173683523865" lon="108.99845732573802">
        <ele>391.43851293437183</ele>
        <time>2022-03-14T22:47:06Z</time>
      </trkpt>
      <trkpt lat="34.331689018213716" lon="108.99830531294087">
        <ele>391.8562821149826</ele>
        <time>2022-03-14T22:47:08Z</time>
      </trkpt>
      <trkpt lat="34.33154468143484" lon="108.99768038301332">
        <ele>391.82113812770694</ele>
        <time>2022-03-14T22:47:16Z</time>
      </trkpt>
      <trkpt lat="34.331407431811684" lon="108.9971492868363">
        <ele>391.6665166746825</ele>
        <time>2022-03-14T22:47:23Z</time>
      </trkpt>
      <trkpt lat="34.33122743871637" lon="108.99652041136707">
        <ele>392.35665634367615</ele>
        <time>2022-03-14T22:47:31Z</time>
      </trkpt>
      <trkpt lat="34.331031463797096" lon="108.99588230583021">
        <ele>392.06180221028626</ele>
        <time>2022-03-14T22:47:39Z</time>
      </trkpt>
      <trkpt lat="34.330955744033986" lon="108.99522412043608">
        <ele>392.8635135171935</ele>
        <time>2022-03-14T22:47:47Z</time>
      </trkpt>
      <trkpt lat="34.33087010592038" lon="108.99462884812756">
        <ele>393.18246564734727</ele>
        <time>2022-03-14T22:47:55Z</time>
      </trkpt>
      <trkpt lat="34.33080425186205" lon="108.9939501902846">
        <ele>392.8957668384537</ele>
        <time>2022-03-14T22:48:03Z</time>
      </trkpt>
      <trkpt lat="34.330802436563495" lon="108.99341347371778">
        <ele>392.8563814647496</ele>
        <time>2022-03-14T22:48:09Z</time>
      </trkpt>
      <trkpt lat="34.33083728086095" lon="108.99321823669672">
        <ele>392.59595425147563</ele>
        <time>2022-03-14T22:48:11Z</time>
      </trkpt>
      <trkpt lat="34.330855001654115" lon="108.99269159303252">
        <ele>392.40822165831923</ele>
        <time>2022-03-14T22:48:17Z</time>
      </trkpt>
      <trkpt lat="34.33087216336705" lon="108.99202965969472">
        <ele>392.6822571856901</ele>
        <time>2022-03-14T22:48:25Z</time>
      </trkpt>
      <trkpt lat="34.330883984124526" lon="108.99142284160033">
        <ele>392.3027962734923</ele>
        <time>2022-03-14T22:48:33Z</time>
      </trkpt>
      <trkpt lat="34.33092064332885" lon="108.99133717271718">
        <ele>391.7953745983541</ele>
        <time>2022-03-14T22:48:35Z</time>
      </trkpt>
      <trkpt lat="34.33090620056108" lon="108.99080283072398">
        <ele>391.842116096057</ele>
        <time>2022-03-14T22:48:53Z</time>
      </trkpt>
      <trkpt lat="34.33090955427077" lon="108.9906763029334">
        <ele>391.85646512452513</ele>
        <time>2022-03-14T22:48:55Z</time>
      </trkpt>
      <trkpt lat="34.33085709721288" lon="108.99014216097464">
        <ele>391.6725943684578</ele>
        <time>2022-03-14T22:49:07Z</time>
      </trkpt>
      <trkpt lat="34.3308465518306" lon="108.99001412574012">
        <ele>392.10191763099283</ele>
        <time>2022-03-14T22:49:09Z</time>
      </trkpt>
      <trkpt lat="34.330860738303414" lon="108.9898770409555">
        <ele>392.2867323346436</ele>
        <time>2022-03-14T22:49:11Z</time>
      </trkpt>
      <trkpt lat="34.33084016521341" lon="108.98970366832702">
        <ele>392.1495757782832</ele>
        <time>2022-03-14T22:49:13Z</time>
      </trkpt>
      <trkpt lat="34.33087179030731" lon="108.98908388343249">
        <ele>392.8262952789664</ele>
        <time>2022-03-14T22:49:21Z</time>
      </trkpt>
      <trkpt lat="34.3308768307568" lon="108.98877466561595">
        <ele>393.3374917851761</ele>
        <time>2022-03-14T22:49:25Z</time>
      </trkpt>
      <trkpt lat="34.330907922282634" lon="108.98859911015482">
        <ele>393.12283433787525</ele>
        <time>2022-03-14T22:49:27Z</time>
      </trkpt>
      <trkpt lat="34.33088542018523" lon="108.98792150864102">
        <ele>392.76334960758686</ele>
        <time>2022-03-14T22:49:35Z</time>
      </trkpt>
      <trkpt lat="34.33087541000166" lon="108.98776092044272">
        <ele>393.13340098503977</ele>
        <time>2022-03-14T22:49:37Z</time>
      </trkpt>
      <trkpt lat="34.330841643118916" lon="108.9875781293815">
        <ele>393.105742408894</ele>
        <time>2022-03-14T22:49:39Z</time>
      </trkpt>
      <trkpt lat="34.33083442931225" lon="108.98709551548701">
        <ele>393.6022153524682</ele>
        <time>2022-03-14T22:49:45Z</time>
      </trkpt>
      <trkpt lat="34.33086591380057" lon="108.98641577158891">
        <ele>393.2619541026652</ele>
        <time>2022-03-14T22:49:53Z</time>
      </trkpt>
      <trkpt lat="34.33090049657718" lon="108.98625579816678">
        <ele>393.16359158884734</ele>
        <time>2022-03-14T22:49:55Z</time>
      </trkpt>
      <trkpt lat="34.330902631747" lon="108.98591586487142">
        <ele>393.8665529228747</ele>
        <time>2022-03-14T22:49:59Z</time>
      </trkpt>
      <trkpt lat="34.3309206165479" lon="108.98569848672551">
        <ele>393.82215420063585</ele>
        <time>2022-03-14T22:50:01Z</time>
      </trkpt>
      <trkpt lat="34.33091414096424" lon="108.98553068502179">
        <ele>393.9690094953403</ele>
        <time>2022-03-14T22:50:03Z</time>
      </trkpt>
      <trkpt lat="34.330966180172965" lon="108.98534361162112">
        <ele>394.32229413371533</ele>
        <time>2022-03-14T22:50:05Z</time>
      </trkpt>
      <trkpt lat="34.33097679780357" lon="108.98500918269066">
        <ele>393.9402953553945</ele>
        <time>2022-03-14T22:50:09Z</time>
      </trkpt>
      <trkpt lat="34.33101554748693" lon="108.98484690527799">
        <ele>393.9500680398196</ele>
        <time>2022-03-14T22:50:11Z</time>
      </trkpt>
      <trkpt lat="34.33102308056204" lon="108.98418332250583">
        <ele>394.8690252844244</ele>
        <time>2022-03-14T22:50:19Z</time>
      </trkpt>
      <trkpt lat="34.331013277716615" lon="108.9835293932642">
        <ele>395.05410101730376</ele>
        <time>2022-03-14T22:50:27Z</time>
      </trkpt>
      <trkpt lat="34.33103484836318" lon="108.98285409072665">
        <ele>395.5830137813464</ele>
        <time>2022-03-14T22:50:35Z</time>
      </trkpt>
      <trkpt lat="34.33104387332923" lon="108.9821747600091">
        <ele>395.4277973026037</ele>
        <time>2022-03-14T22:50:43Z</time>
      </trkpt>
      <trkpt lat="34.33106243524095" lon="108.98150978784093">
        <ele>395.7224552137777</ele>
        <time>2022-03-14T22:50:51Z</time>
      </trkpt>
      <trkpt lat="34.3310675270783" lon="108.98086067818345">
        <ele>395.2236164966598</ele>
        <time>2022-03-14T22:50:59Z</time>
      </trkpt>
      <trkpt lat="34.33106508959328" lon="108.9807002356509">
        <ele>395.73465544357896</ele>
        <time>2022-03-14T22:51:01Z</time>
      </trkpt>
      <trkpt lat="34.33108324819656" lon="108.98053991304971">
        <ele>396.0852815890685</ele>
        <time>2022-03-14T22:51:03Z</time>
      </trkpt>
      <trkpt lat="34.33107882899709" lon="108.97991593382817">
        <ele>396.3715591514483</ele>
        <time>2022-03-14T22:51:11Z</time>
      </trkpt>
      <trkpt lat="34.33099813621525" lon="108.97947277403463">
        <ele>396.31687791273</ele>
        <time>2022-03-14T22:51:17Z</time>
      </trkpt>
      <trkpt lat="34.331008259556114" lon="108.97892738553425">
        <ele>395.78436001203954</ele>
        <time>2022-03-14T22:51:25Z</time>
      </trkpt>
      <trkpt lat="34.33104982259725" lon="108.97847211209135">
        <ele>395.1240938100964</ele>
        <time>2022-03-14T22:51:31Z</time>
      </trkpt>
      <trkpt lat="34.33106205394815" lon="108.97779643835656">
        <ele>394.2307072915137</ele>
        <time>2022-03-14T22:51:39Z</time>
      </trkpt>
      <trkpt lat="34.33105951984601" lon="108.97722454389029">
        <ele>393.9698448712006</ele>
        <time>2022-03-14T22:51:45Z</time>
      </trkpt>
      <trkpt lat="34.33107697883434" lon="108.97665346293267">
        <ele>394.17198955081403</ele>
        <time>2022-03-14T22:51:51Z</time>
      </trkpt>
      <trkpt lat="34.33109123025852" lon="108.97629710607004">
        <ele>394.0132658435032</ele>
        <time>2022-03-14T22:51:55Z</time>
      </trkpt>
      <trkpt lat="34.33104205287605" lon="108.97613167411724">
        <ele>393.6889129765332</ele>
        <time>2022-03-14T22:51:57Z</time>
      </trkpt>
      <trkpt lat="34.33105537237036" lon="108.97556729218587">
        <ele>395.29920299351215</ele>
        <time>2022-03-14T22:52:03Z</time>
      </trkpt>
      <trkpt lat="34.33105992777082" lon="108.97536848591237">
        <ele>394.39896892849356</ele>
        <time>2022-03-14T22:52:05Z</time>
      </trkpt>
      <trkpt lat="34.33106426680035" lon="108.97517914348082">
        <ele>393.76453270204365</ele>
        <time>2022-03-14T22:52:07Z</time>
      </trkpt>
      <trkpt lat="34.331119476979886" lon="108.9749989323272">
        <ele>393.9624965265393</ele>
        <time>2022-03-14T22:52:09Z</time>
      </trkpt>
      <trkpt lat="34.331096810612124" lon="108.97467631988366">
        <ele>394.0329697718844</ele>
        <time>2022-03-14T22:52:13Z</time>
      </trkpt>
      <trkpt lat="34.331103475573336" lon="108.97410595209296">
        <ele>394.7811989178881</ele>
        <time>2022-03-14T22:52:21Z</time>
      </trkpt>
      <trkpt lat="34.33111202520259" lon="108.9737138260266">
        <ele>394.53130757808685</ele>
        <time>2022-03-14T22:52:27Z</time>
      </trkpt>
      <trkpt lat="34.33113565737145" lon="108.97352349657497">
        <ele>394.42298663780093</ele>
        <time>2022-03-14T22:52:30Z</time>
      </trkpt>
      <trkpt lat="34.33110550312362" lon="108.97331726676312">
        <ele>394.73261971678585</ele>
        <time>2022-03-14T22:52:34Z</time>
      </trkpt>
      <trkpt lat="34.330995523519434" lon="108.97331855404748">
        <ele>394.1854354981333</ele>
        <time>2022-03-14T22:52:38Z</time>
      </trkpt>
      <trkpt lat="34.33093723227218" lon="108.97355207066373">
        <ele>393.96905427146703</ele>
        <time>2022-03-14T22:52:42Z</time>
      </trkpt>
      <trkpt lat="34.33090437976993" lon="108.97399991511831">
        <ele>393.74765643291175</ele>
        <time>2022-03-14T22:52:48Z</time>
      </trkpt>
      <trkpt lat="34.33091072714637" lon="108.97466234934646">
        <ele>392.97245443891734</ele>
        <time>2022-03-14T22:52:56Z</time>
      </trkpt>
      <trkpt lat="34.33090532294887" lon="108.9750147246299">
        <ele>392.72580716200173</ele>
        <time>2022-03-14T22:53:00Z</time>
      </trkpt>
      <trkpt lat="34.33091851836823" lon="108.97520357685787">
        <ele>392.63301735091954</ele>
        <time>2022-03-14T22:53:02Z</time>
      </trkpt>
      <trkpt lat="34.3309003891022" lon="108.9757539596985">
        <ele>392.6893595550209</ele>
        <time>2022-03-14T22:53:08Z</time>
      </trkpt>
      <trkpt lat="34.33089396729838" lon="108.97621972955221">
        <ele>394.1098877945915</ele>
        <time>2022-03-14T22:53:14Z</time>
      </trkpt>
      <trkpt lat="34.330874206935846" lon="108.97645795239221">
        <ele>394.13019744399935</ele>
        <time>2022-03-14T22:53:18Z</time>
      </trkpt>
      <trkpt lat="34.33093555505628" lon="108.97672509760378">
        <ele>393.836134406738</ele>
        <time>2022-03-14T22:53:20Z</time>
      </trkpt>
      <trkpt lat="34.33088356665177" lon="108.97699066500778">
        <ele>393.8473367681727</ele>
        <time>2022-03-14T22:53:22Z</time>
      </trkpt>
      <trkpt lat="34.330847742123694" lon="108.97749057090297">
        <ele>394.4131194408983</ele>
        <time>2022-03-14T22:53:28Z</time>
      </trkpt>
      <trkpt lat="34.33085349494118" lon="108.97764558452269">
        <ele>394.9703795025125</ele>
        <time>2022-03-14T22:53:30Z</time>
      </trkpt>
      <trkpt lat="34.33083022641873" lon="108.97792226173385">
        <ele>395.082402783446</ele>
        <time>2022-03-14T22:53:34Z</time>
      </trkpt>
      <trkpt lat="34.3308409698157" lon="108.97820030516158">
        <ele>395.1775082834065</ele>
        <time>2022-03-14T22:53:38Z</time>
      </trkpt>
      <trkpt lat="34.33082595271952" lon="108.97839367855732">
        <ele>395.0868087876588</ele>
        <time>2022-03-14T22:53:41Z</time>
      </trkpt>
      <trkpt lat="34.33084830129338" lon="108.97899317762112">
        <ele>395.18708630651236</ele>
        <time>2022-03-14T22:53:51Z</time>
      </trkpt>
      <trkpt lat="34.33086273682631" lon="108.97953409002287">
        <ele>395.20703176036477</ele>
        <time>2022-03-14T22:54:03Z</time>
      </trkpt>
      <trkpt lat="34.33081644082422" lon="108.97967862443804">
        <ele>395.15987880621105</ele>
        <time>2022-03-14T22:54:07Z</time>
      </trkpt>
      <trkpt lat="34.33069774249647" lon="108.97976992062448">
        <ele>395.32287929579616</ele>
        <time>2022-03-14T22:54:11Z</time>
      </trkpt>
      <trkpt lat="34.3304623982465" lon="108.9797394456636">
        <ele>395.0296568516642</ele>
        <time>2022-03-14T22:54:17Z</time>
      </trkpt>
      <trkpt lat="34.329965156467175" lon="108.97971395575313">
        <ele>394.5836677765474</ele>
        <time>2022-03-14T22:54:29Z</time>
      </trkpt>
      <trkpt lat="34.32987759711097" lon="108.97971407974873">
        <ele>394.72777774650604</ele>
        <time>2022-03-14T22:54:31Z</time>
      </trkpt>
      <trkpt lat="34.32979388952684" lon="108.9796574766993">
        <ele>393.6847814572975</ele>
        <time>2022-03-14T22:54:35Z</time>
      </trkpt>
      <trkpt lat="34.32971817480228" lon="108.9795753941642">
        <ele>394.8502806946635</ele>
        <time>2022-03-14T22:54:41Z</time>
      </trkpt>
      <trkpt lat="34.32932868662979" lon="108.97958695594356">
        <ele>395.61912176571786</ele>
        <time>2022-03-14T22:54:51Z</time>
      </trkpt>
      <trkpt lat="34.32925242736556" lon="108.97957112695626">
        <ele>395.66456299088895</ele>
        <time>2022-03-14T22:54:53Z</time>
      </trkpt>
      <trkpt lat="34.32913058483751" lon="108.97959385343826">
        <ele>395.4141187882051</ele>
        <time>2022-03-14T22:54:57Z</time>
      </trkpt>
      <trkpt lat="34.32909805911858" lon="108.9797027307863">
        <ele>395.71368741989136</ele>
        <time>2022-03-14T22:55:01Z</time>
      </trkpt>
      <trkpt lat="34.32905892250366" lon="108.97966969406737">
        <ele>395.5301789501682</ele>
        <time>2022-03-14T22:55:19Z</time>
      </trkpt>
    </trkseg>
  </trk>
</gpx>