<?xml version="1.0" encoding="UTF-8"?>
<gpx xmlns="http://www.topografix.com/GPX/1/1" xmlns:gpxtpx="http://www.garmin.com/xmlschemas/TrackPointExtension/v1" xmlns:xsi="http://www.w3.org/2001/XMLSchema-instance" xsi:schemaLocation="http://www.topografix.com/GPX/1/1 http://www.topografix.com/GPX/1/1/gpx.xsd" version="1.1" creator="gpx.py -- https://github.com/tkrajina/gpxpy">
  <trk>
    <name>gpx from keep</name>
    <type>Ride</type>
    <trkseg>
      <trkpt lat="34.32822116842849" lon="108.98042389133788">
        <ele>397.95964431762695</ele>
        <time>2022-03-10T21:44:57Z</time>
      </trkpt>
      <trkpt lat="34.32820770127765" lon="108.98019940475851">
        <ele>397.9614772796631</ele>
        <time>2022-03-10T21:44:59Z</time>
      </trkpt>
      <trkpt lat="34.32822116842849" lon="108.98042389133788">
        <ele>397.9624824523926</ele>
        <time>2022-03-10T21:45:04Z</time>
      </trkpt>
      <trkpt lat="34.32821276773205" lon="108.98020388171415">
        <ele>397.9595241546631</ele>
        <time>2022-03-10T21:45:11Z</time>
      </trkpt>
      <trkpt lat="34.32822116842849" lon="108.98042389133788">
        <ele>397.9577217102051</ele>
        <time>2022-03-10T21:45:16Z</time>
      </trkpt>
      <trkpt lat="34.32798942965757" lon="108.98006712727258">
        <ele>402.0954189300537</ele>
        <time>2022-03-10T21:46:20Z</time>
      </trkpt>
      <trkpt lat="34.32838270527767" lon="108.98055312602042">
        <ele>400.856294631958</ele>
        <time>2022-03-10T21:46:36Z</time>
      </trkpt>
      <trkpt lat="34.32846052076962" lon="108.98044923645155">
        <ele>397.58700942993164</ele>
        <time>2022-03-10T21:47:11Z</time>
      </trkpt>
      <trkpt lat="34.328699917666356" lon="108.98042596971287">
        <ele>397.4588928222656</ele>
        <time>2022-03-10T21:47:19Z</time>
      </trkpt>
      <trkpt lat="34.328783240305086" lon="108.9801606204809">
        <ele>397.25475692749023</ele>
        <time>2022-03-10T21:47:31Z</time>
      </trkpt>
      <trkpt lat="34.32873095956264" lon="108.98009301852218">
        <ele>397.2353801727295</ele>
        <time>2022-03-10T21:47:37Z</time>
      </trkpt>
      <trkpt lat="34.32875855741924" lon="108.97982325233261">
        <ele>397.31943130493164</ele>
        <time>2022-03-10T21:47:43Z</time>
      </trkpt>
      <trkpt lat="34.32872563408077" lon="108.98026717142115">
        <ele>395.86013414339</ele>
        <time>2022-03-10T21:47:47Z</time>
      </trkpt>
      <trkpt lat="34.32864890172603" lon="108.9803700163825">
        <ele>395.8063957030184</ele>
        <time>2022-03-10T21:47:51Z</time>
      </trkpt>
      <trkpt lat="34.328634565553365" lon="108.98051411406566">
        <ele>395.8296950850636</ele>
        <time>2022-03-10T21:47:55Z</time>
      </trkpt>
      <trkpt lat="34.32871305309423" lon="108.98066672147554">
        <ele>395.81325756479055</ele>
        <time>2022-03-10T21:47:58Z</time>
      </trkpt>
      <trkpt lat="34.32858672808871" lon="108.98078026837544">
        <ele>395.1395901069045</ele>
        <time>2022-03-10T21:48:02Z</time>
      </trkpt>
      <trkpt lat="34.32843730045218" lon="108.98083427182776">
        <ele>394.1951649961993</ele>
        <time>2022-03-10T21:48:08Z</time>
      </trkpt>
      <trkpt lat="34.328235919486" lon="108.98080710311974">
        <ele>394.4435145603493</ele>
        <time>2022-03-10T21:48:12Z</time>
      </trkpt>
      <trkpt lat="34.32813914349934" lon="108.9808263924916">
        <ele>395.34243952762336</ele>
        <time>2022-03-10T21:48:15Z</time>
      </trkpt>
      <trkpt lat="34.32806810759917" lon="108.9807750654074">
        <ele>395.4229853991419</ele>
        <time>2022-03-10T21:48:17Z</time>
      </trkpt>
      <trkpt lat="34.32809005916864" lon="108.9806551428949">
        <ele>395.4178420351818</ele>
        <time>2022-03-10T21:48:19Z</time>
      </trkpt>
      <trkpt lat="34.32809002891717" lon="108.98056332530645">
        <ele>395.9792674155906</ele>
        <time>2022-03-10T21:48:21Z</time>
      </trkpt>
      <trkpt lat="34.328065477273235" lon="108.98045774692858">
        <ele>396.0740083027631</ele>
        <time>2022-03-10T21:48:23Z</time>
      </trkpt>
      <trkpt lat="34.32807714658751" lon="108.98022936744024">
        <ele>396.88522176258266</ele>
        <time>2022-03-10T21:48:27Z</time>
      </trkpt>
      <trkpt lat="34.32804985631579" lon="108.97978294804767">
        <ele>395.9652482215315</ele>
        <time>2022-03-10T21:48:35Z</time>
      </trkpt>
      <trkpt lat="34.32809754013057" lon="108.97966828924076">
        <ele>396.0641429601237</ele>
        <time>2022-03-10T21:48:37Z</time>
      </trkpt>
      <trkpt lat="34.32839291881162" lon="108.97953560787396">
        <ele>395.5821654489264</ele>
        <time>2022-03-10T21:48:43Z</time>
      </trkpt>
      <trkpt lat="34.32885852801912" lon="108.97950290687211">
        <ele>395.76750489510596</ele>
        <time>2022-03-10T21:48:51Z</time>
      </trkpt>
      <trkpt lat="34.32910647714613" lon="108.9794879416372">
        <ele>396.14398803096265</ele>
        <time>2022-03-10T21:48:55Z</time>
      </trkpt>
      <trkpt lat="34.3292275280733" lon="108.97950130221605">
        <ele>396.35619883425534</ele>
        <time>2022-03-10T21:48:57Z</time>
      </trkpt>
      <trkpt lat="34.32948842881604" lon="108.97949603930329">
        <ele>395.77495315950364</ele>
        <time>2022-03-10T21:49:01Z</time>
      </trkpt>
      <trkpt lat="34.32994241446459" lon="108.97960204375941">
        <ele>395.42074773833156</ele>
        <time>2022-03-10T21:49:08Z</time>
      </trkpt>
      <trkpt lat="34.330051780249136" lon="108.97963967732424">
        <ele>395.2317489730194</ele>
        <time>2022-03-10T21:49:10Z</time>
      </trkpt>
      <trkpt lat="34.330183243680594" lon="108.97965992044836">
        <ele>395.7066091252491</ele>
        <time>2022-03-10T21:49:12Z</time>
      </trkpt>
      <trkpt lat="34.33058375901858" lon="108.97966900856298">
        <ele>394.67628869973123</ele>
        <time>2022-03-10T21:49:18Z</time>
      </trkpt>
      <trkpt lat="34.33071107974161" lon="108.97971643584714">
        <ele>394.79666665941477</ele>
        <time>2022-03-10T21:49:20Z</time>
      </trkpt>
      <trkpt lat="34.33076566229305" lon="108.97978275036384">
        <ele>395.12312270514667</ele>
        <time>2022-03-10T21:49:21Z</time>
      </trkpt>
      <trkpt lat="34.33080940207349" lon="108.97993648923136">
        <ele>394.8976719453931</ele>
        <time>2022-03-10T21:49:23Z</time>
      </trkpt>
      <trkpt lat="34.330790670369474" lon="108.98008358811764">
        <ele>395.0259376745671</ele>
        <time>2022-03-10T21:49:25Z</time>
      </trkpt>
      <trkpt lat="34.33080271383844" lon="108.98063494171501">
        <ele>394.748803447932</ele>
        <time>2022-03-10T21:49:32Z</time>
      </trkpt>
      <trkpt lat="34.33080022421013" lon="108.98129312169853">
        <ele>395.1424604412168</ele>
        <time>2022-03-10T21:49:40Z</time>
      </trkpt>
      <trkpt lat="34.33079077518596" lon="108.98196876941692">
        <ele>395.1100289048627</ele>
        <time>2022-03-10T21:49:48Z</time>
      </trkpt>
      <trkpt lat="34.33080690351677" lon="108.98249698155436">
        <ele>395.29831370990723</ele>
        <time>2022-03-10T21:49:54Z</time>
      </trkpt>
      <trkpt lat="34.33077324539618" lon="108.98316759295838">
        <ele>394.99272453878075</ele>
        <time>2022-03-10T21:50:02Z</time>
      </trkpt>
      <trkpt lat="34.330762865007124" lon="108.98346859413807">
        <ele>395.5731708407402</ele>
        <time>2022-03-10T21:50:06Z</time>
      </trkpt>
      <trkpt lat="34.330777773685796" lon="108.98361076483424">
        <ele>396.12297958880663</ele>
        <time>2022-03-10T21:50:08Z</time>
      </trkpt>
      <trkpt lat="34.330757108949584" lon="108.98415639758709">
        <ele>395.93772082123905</ele>
        <time>2022-03-10T21:50:16Z</time>
      </trkpt>
      <trkpt lat="34.33073746132572" lon="108.98429254771395">
        <ele>396.99411853123456</ele>
        <time>2022-03-10T21:50:18Z</time>
      </trkpt>
      <trkpt lat="34.33074038579779" lon="108.98486074524196">
        <ele>395.68937508855015</ele>
        <time>2022-03-10T21:50:26Z</time>
      </trkpt>
      <trkpt lat="34.33072069990698" lon="108.98500340980544">
        <ele>396.12599350046366</ele>
        <time>2022-03-10T21:50:28Z</time>
      </trkpt>
      <trkpt lat="34.33071372253168" lon="108.98563189610806">
        <ele>394.8940206291154</ele>
        <time>2022-03-10T21:50:36Z</time>
      </trkpt>
      <trkpt lat="34.33071273600732" lon="108.98630530844936">
        <ele>394.0516980616376</ele>
        <time>2022-03-10T21:50:44Z</time>
      </trkpt>
      <trkpt lat="34.330693063701126" lon="108.9869959106931">
        <ele>393.23552105017006</ele>
        <time>2022-03-10T21:50:52Z</time>
      </trkpt>
      <trkpt lat="34.330681254158826" lon="108.98734249107828">
        <ele>392.8954061679542</ele>
        <time>2022-03-10T21:50:56Z</time>
      </trkpt>
      <trkpt lat="34.33068001441385" lon="108.98786967966315">
        <ele>393.46151295490563</ele>
        <time>2022-03-10T21:51:02Z</time>
      </trkpt>
      <trkpt lat="34.330672411072364" lon="108.98840543082476">
        <ele>393.5000268993899</ele>
        <time>2022-03-10T21:51:08Z</time>
      </trkpt>
      <trkpt lat="34.33066042594611" lon="108.98894119009782">
        <ele>392.64087905641645</ele>
        <time>2022-03-10T21:51:14Z</time>
      </trkpt>
      <trkpt lat="34.33066110310721" lon="108.98948459255882">
        <ele>392.61877609882504</ele>
        <time>2022-03-10T21:51:20Z</time>
      </trkpt>
      <trkpt lat="34.33065228180438" lon="108.99002078923941">
        <ele>392.0712350644171</ele>
        <time>2022-03-10T21:51:26Z</time>
      </trkpt>
      <trkpt lat="34.330617841907326" lon="108.99055325599979">
        <ele>392.35063698422164</ele>
        <time>2022-03-10T21:51:32Z</time>
      </trkpt>
      <trkpt lat="34.33058961653914" lon="108.99072468722316">
        <ele>392.0735640702769</ele>
        <time>2022-03-10T21:51:34Z</time>
      </trkpt>
      <trkpt lat="34.33060122750343" lon="108.99125784072496">
        <ele>390.98619789257646</ele>
        <time>2022-03-10T21:51:40Z</time>
      </trkpt>
      <trkpt lat="34.330598369604914" lon="108.9919412478572">
        <ele>392.67573325149715</ele>
        <time>2022-03-10T21:51:48Z</time>
      </trkpt>
      <trkpt lat="34.33059490635793" lon="108.99262419058977">
        <ele>393.1603678660467</ele>
        <time>2022-03-10T21:51:56Z</time>
      </trkpt>
      <trkpt lat="34.33059446520268" lon="108.99329425442978">
        <ele>393.8127390202135</ele>
        <time>2022-03-10T21:52:04Z</time>
      </trkpt>
      <trkpt lat="34.330580646920936" lon="108.99380462724241">
        <ele>393.63334709219635</ele>
        <time>2022-03-10T21:52:10Z</time>
      </trkpt>
      <trkpt lat="34.33061200801175" lon="108.99432754751975">
        <ele>394.3103007292375</ele>
        <time>2022-03-10T21:52:16Z</time>
      </trkpt>
      <trkpt lat="34.33064649696327" lon="108.99486286182614">
        <ele>393.9517758898437</ele>
        <time>2022-03-10T21:52:22Z</time>
      </trkpt>
      <trkpt lat="34.33064775892452" lon="108.99503585985498">
        <ele>393.70633699093014</ele>
        <time>2022-03-10T21:52:24Z</time>
      </trkpt>
      <trkpt lat="34.33072612693819" lon="108.99539727223365">
        <ele>392.8922653486952</ele>
        <time>2022-03-10T21:52:28Z</time>
      </trkpt>
      <trkpt lat="34.33078999843141" lon="108.99592108321364">
        <ele>393.004779830575</ele>
        <time>2022-03-10T21:52:34Z</time>
      </trkpt>
      <trkpt lat="34.33084526704157" lon="108.99629048758067">
        <ele>391.4394094478339</ele>
        <time>2022-03-10T21:52:38Z</time>
      </trkpt>
      <trkpt lat="34.3310411299313" lon="108.99694360998261">
        <ele>391.6539699919522</ele>
        <time>2022-03-10T21:52:45Z</time>
      </trkpt>
      <trkpt lat="34.33114604011496" lon="108.99734373299074">
        <ele>391.6321802698076</ele>
        <time>2022-03-10T21:52:49Z</time>
      </trkpt>
      <trkpt lat="34.33133562163659" lon="108.99796987201299">
        <ele>391.17255755886436</ele>
        <time>2022-03-10T21:52:55Z</time>
      </trkpt>
      <trkpt lat="34.33147765720309" lon="108.99866517531962">
        <ele>390.4025258589536</ele>
        <time>2022-03-10T21:53:01Z</time>
      </trkpt>
      <trkpt lat="34.331548053249726" lon="108.99935251666332">
        <ele>389.28527090139687</ele>
        <time>2022-03-10T21:53:07Z</time>
      </trkpt>
      <trkpt lat="34.33155722824835" lon="108.99999100459657">
        <ele>390.22823499236256</ele>
        <time>2022-03-10T21:53:13Z</time>
      </trkpt>
      <trkpt lat="34.331554388470295" lon="109.000630546554">
        <ele>390.2897200891748</ele>
        <time>2022-03-10T21:53:19Z</time>
      </trkpt>
      <trkpt lat="34.331527571172266" lon="109.00125897006494">
        <ele>390.7293557180092</ele>
        <time>2022-03-10T21:53:25Z</time>
      </trkpt>
      <trkpt lat="34.33152812749568" lon="109.00187678686584">
        <ele>390.62104336731136</ele>
        <time>2022-03-10T21:53:31Z</time>
      </trkpt>
      <trkpt lat="34.33151696260805" lon="109.00246548914397">
        <ele>390.45478207059205</ele>
        <time>2022-03-10T21:53:37Z</time>
      </trkpt>
      <trkpt lat="34.331509878187035" lon="109.00306342645557">
        <ele>389.21278526540846</ele>
        <time>2022-03-10T21:53:43Z</time>
      </trkpt>
      <trkpt lat="34.33149456402429" lon="109.00365184162857">
        <ele>388.52994687482715</ele>
        <time>2022-03-10T21:53:49Z</time>
      </trkpt>
      <trkpt lat="34.33147945733561" lon="109.00423759666675">
        <ele>388.18859105184674</ele>
        <time>2022-03-10T21:53:55Z</time>
      </trkpt>
      <trkpt lat="34.33148722610423" lon="109.00483116751433">
        <ele>387.2077021403238</ele>
        <time>2022-03-10T21:54:01Z</time>
      </trkpt>
      <trkpt lat="34.33148913438291" lon="109.00554413545478">
        <ele>387.3371380958706</ele>
        <time>2022-03-10T21:54:08Z</time>
      </trkpt>
      <trkpt lat="34.33148105019133" lon="109.00615921124448">
        <ele>386.77902952209115</ele>
        <time>2022-03-10T21:54:14Z</time>
      </trkpt>
      <trkpt lat="34.33147595016937" lon="109.0063591699467">
        <ele>386.78331190533936</ele>
        <time>2022-03-10T21:54:16Z</time>
      </trkpt>
      <trkpt lat="34.33147861516118" lon="109.00696328462337">
        <ele>388.27053031511605</ele>
        <time>2022-03-10T21:54:22Z</time>
      </trkpt>
      <trkpt lat="34.33146009007752" lon="109.00757800067535">
        <ele>387.37949637603015</ele>
        <time>2022-03-10T21:54:28Z</time>
      </trkpt>
      <trkpt lat="34.331441356267845" lon="109.00818612368741">
        <ele>387.2711080107838</ele>
        <time>2022-03-10T21:54:34Z</time>
      </trkpt>
      <trkpt lat="34.331428876649355" lon="109.00878305583021">
        <ele>387.2697553317994</ele>
        <time>2022-03-10T21:54:40Z</time>
      </trkpt>
      <trkpt lat="34.3313597582353" lon="109.0091498629927">
        <ele>385.7345276847482</ele>
        <time>2022-03-10T21:54:44Z</time>
      </trkpt>
      <trkpt lat="34.33135371507942" lon="109.00933027452419">
        <ele>386.4625730216503</ele>
        <time>2022-03-10T21:54:46Z</time>
      </trkpt>
      <trkpt lat="34.33138170539991" lon="109.00951048662132">
        <ele>386.03252966329455</ele>
        <time>2022-03-10T21:54:48Z</time>
      </trkpt>
      <trkpt lat="34.331397949150386" lon="109.0098776132077">
        <ele>386.45452134124935</ele>
        <time>2022-03-10T21:54:52Z</time>
      </trkpt>
      <trkpt lat="34.33148445918454" lon="109.01041966405133">
        <ele>386.90042884647846</ele>
        <time>2022-03-10T21:54:58Z</time>
      </trkpt>
      <trkpt lat="34.33157013072301" lon="109.01077927665057">
        <ele>387.52755611389875</ele>
        <time>2022-03-10T21:55:02Z</time>
      </trkpt>
      <trkpt lat="34.331785787847735" lon="109.01139049177338">
        <ele>388.1718912255019</ele>
        <time>2022-03-10T21:55:09Z</time>
      </trkpt>
      <trkpt lat="34.3319132268782" lon="109.0118269054552">
        <ele>388.6020598113537</ele>
        <time>2022-03-10T21:55:14Z</time>
      </trkpt>
      <trkpt lat="34.33209405243118" lon="109.01231114008408">
        <ele>387.7325217211619</ele>
        <time>2022-03-10T21:55:20Z</time>
      </trkpt>
      <trkpt lat="34.33230700824093" lon="109.01275611085646">
        <ele>387.54783681966364</ele>
        <time>2022-03-10T21:55:26Z</time>
      </trkpt>
      <trkpt lat="34.33233727621485" lon="109.01291150307846">
        <ele>387.9317552531138</ele>
        <time>2022-03-10T21:55:28Z</time>
      </trkpt>
      <trkpt lat="34.33230965008657" lon="109.01306967383762">
        <ele>388.3927622595802</ele>
        <time>2022-03-10T21:55:30Z</time>
      </trkpt>
      <trkpt lat="34.33222724235451" lon="109.0132168848935">
        <ele>389.17404037807137</ele>
        <time>2022-03-10T21:55:32Z</time>
      </trkpt>
      <trkpt lat="34.33173637499646" lon="109.01360554993668">
        <ele>388.19420413021</ele>
        <time>2022-03-10T21:55:40Z</time>
      </trkpt>
      <trkpt lat="34.33134159358893" lon="109.01390828783872">
        <ele>388.44855040311813</ele>
        <time>2022-03-10T21:55:46Z</time>
      </trkpt>
      <trkpt lat="34.33093043541526" lon="109.01419816808097">
        <ele>388.81879231799394</ele>
        <time>2022-03-10T21:55:52Z</time>
      </trkpt>
      <trkpt lat="34.33053486631965" lon="109.01449744673391">
        <ele>388.5428867386654</ele>
        <time>2022-03-10T21:55:58Z</time>
      </trkpt>
      <trkpt lat="34.33013795810239" lon="109.01481902039002">
        <ele>388.93910100962967</ele>
        <time>2022-03-10T21:56:04Z</time>
      </trkpt>
      <trkpt lat="34.32977550960781" lon="109.01516269339776">
        <ele>388.91353225149214</ele>
        <time>2022-03-10T21:56:10Z</time>
      </trkpt>
      <trkpt lat="34.32943959421224" lon="109.0155309994395">
        <ele>388.40446495078504</ele>
        <time>2022-03-10T21:56:16Z</time>
      </trkpt>
      <trkpt lat="34.32923863026161" lon="109.01580217106223">
        <ele>388.918754581362</ele>
        <time>2022-03-10T21:56:20Z</time>
      </trkpt>
      <trkpt lat="34.32896715717837" lon="109.01624771649706">
        <ele>388.62840408366174</ele>
        <time>2022-03-10T21:56:26Z</time>
      </trkpt>
      <trkpt lat="34.32869380971068" lon="109.01668814910454">
        <ele>388.3970963442698</ele>
        <time>2022-03-10T21:56:32Z</time>
      </trkpt>
      <trkpt lat="34.32842001375771" lon="109.01713528412003">
        <ele>388.0408946480602</ele>
        <time>2022-03-10T21:56:38Z</time>
      </trkpt>
      <trkpt lat="34.32813650737092" lon="109.01757927353145">
        <ele>388.1361890574917</ele>
        <time>2022-03-10T21:56:44Z</time>
      </trkpt>
      <trkpt lat="34.327862326065635" lon="109.01801788385349">
        <ele>388.46284494549036</ele>
        <time>2022-03-10T21:56:50Z</time>
      </trkpt>
      <trkpt lat="34.32760213053984" lon="109.01845238150969">
        <ele>388.6196401482448</ele>
        <time>2022-03-10T21:56:56Z</time>
      </trkpt>
      <trkpt lat="34.327336490222486" lon="109.01888832413435">
        <ele>389.23182054050267</ele>
        <time>2022-03-10T21:57:02Z</time>
      </trkpt>
      <trkpt lat="34.327068098624956" lon="109.01932657137367">
        <ele>388.1715285498649</ele>
        <time>2022-03-10T21:57:08Z</time>
      </trkpt>
      <trkpt lat="34.32677301600893" lon="109.01977717569974">
        <ele>388.2180259395391</ele>
        <time>2022-03-10T21:57:14Z</time>
      </trkpt>
      <trkpt lat="34.32645937710386" lon="109.02021436548048">
        <ele>388.47834346070886</ele>
        <time>2022-03-10T21:57:20Z</time>
      </trkpt>
      <trkpt lat="34.32610176006288" lon="109.02059252437307">
        <ele>388.4768629167229</ele>
        <time>2022-03-10T21:57:26Z</time>
      </trkpt>
      <trkpt lat="34.32571697452337" lon="109.02093891167787">
        <ele>388.39372602757066</ele>
        <time>2022-03-10T21:57:32Z</time>
      </trkpt>
      <trkpt lat="34.32530305345034" lon="109.02120718107582">
        <ele>388.4054289031774</ele>
        <time>2022-03-10T21:57:38Z</time>
      </trkpt>
      <trkpt lat="34.324875383033294" lon="109.02143310139078">
        <ele>388.1347225578502</ele>
        <time>2022-03-10T21:57:44Z</time>
      </trkpt>
      <trkpt lat="34.324424585787874" lon="109.02159907038794">
        <ele>388.10907798539847</ele>
        <time>2022-03-10T21:57:50Z</time>
      </trkpt>
      <trkpt lat="34.3241239460046" lon="109.02169429905925">
        <ele>388.1577338222414</ele>
        <time>2022-03-10T21:57:54Z</time>
      </trkpt>
      <trkpt lat="34.32365983487255" lon="109.0217431551636">
        <ele>388.6867961231619</ele>
        <time>2022-03-10T21:58:00Z</time>
      </trkpt>
      <trkpt lat="34.32319959571711" lon="109.02176310228845">
        <ele>389.71218668762594</ele>
        <time>2022-03-10T21:58:06Z</time>
      </trkpt>
      <trkpt lat="34.322762450830325" lon="109.02175991231071">
        <ele>389.243180219084</ele>
        <time>2022-03-10T21:58:12Z</time>
      </trkpt>
      <trkpt lat="34.32232746406947" lon="109.02174445779016">
        <ele>389.20877891685814</ele>
        <time>2022-03-10T21:58:18Z</time>
      </trkpt>
      <trkpt lat="34.32189196574343" lon="109.02169547442077">
        <ele>388.6918978895992</ele>
        <time>2022-03-10T21:58:24Z</time>
      </trkpt>
      <trkpt lat="34.32145341154262" lon="109.02163126476992">
        <ele>389.212293934077</ele>
        <time>2022-03-10T21:58:30Z</time>
      </trkpt>
      <trkpt lat="34.32101029757106" lon="109.02157235228965">
        <ele>389.9677680535242</ele>
        <time>2022-03-10T21:58:36Z</time>
      </trkpt>
      <trkpt lat="34.320568845080096" lon="109.02151018897892">
        <ele>390.4420529268682</ele>
        <time>2022-03-10T21:58:42Z</time>
      </trkpt>
      <trkpt lat="34.32013055945295" lon="109.02146451556504">
        <ele>389.7175058349967</ele>
        <time>2022-03-10T21:58:48Z</time>
      </trkpt>
      <trkpt lat="34.31970657132204" lon="109.02140285213092">
        <ele>389.90279022138566</ele>
        <time>2022-03-10T21:58:54Z</time>
      </trkpt>
      <trkpt lat="34.31925538340867" lon="109.02139590257167">
        <ele>389.8286873428151</ele>
        <time>2022-03-10T21:59:00Z</time>
      </trkpt>
      <trkpt lat="34.31895546117952" lon="109.02140885145312">
        <ele>390.0867192335427</ele>
        <time>2022-03-10T21:59:04Z</time>
      </trkpt>
      <trkpt lat="34.318498007518414" lon="109.02145086427664">
        <ele>390.3595362333581</ele>
        <time>2022-03-10T21:59:10Z</time>
      </trkpt>
      <trkpt lat="34.31818855467082" lon="109.02151466707025">
        <ele>390.4494623346254</ele>
        <time>2022-03-10T21:59:14Z</time>
      </trkpt>
      <trkpt lat="34.31773069371928" lon="109.02155705199824">
        <ele>391.34591889288276</ele>
        <time>2022-03-10T21:59:20Z</time>
      </trkpt>
      <trkpt lat="34.317582326154586" lon="109.02157134724499">
        <ele>390.92528737988323</ele>
        <time>2022-03-10T21:59:22Z</time>
      </trkpt>
      <trkpt lat="34.31712483142989" lon="109.02161141592526">
        <ele>391.15795741137117</ele>
        <time>2022-03-10T21:59:28Z</time>
      </trkpt>
      <trkpt lat="34.31667305321961" lon="109.02166245365541">
        <ele>390.64145559165627</ele>
        <time>2022-03-10T21:59:34Z</time>
      </trkpt>
      <trkpt lat="34.31625500113798" lon="109.02176926910127">
        <ele>390.7747366800904</ele>
        <time>2022-03-10T21:59:40Z</time>
      </trkpt>
      <trkpt lat="34.31595146345072" lon="109.02188263015776">
        <ele>390.8665370447561</ele>
        <time>2022-03-10T21:59:48Z</time>
      </trkpt>
      <trkpt lat="34.315962385124884" lon="109.02189025964914">
        <ele>391.6684941938147</ele>
        <time>2022-03-10T21:59:56Z</time>
      </trkpt>
      <trkpt lat="34.315875012613986" lon="109.02196440478188">
        <ele>391.6761571681127</ele>
        <time>2022-03-10T22:00:19Z</time>
      </trkpt>
      <trkpt lat="34.315638172242004" lon="109.02213843798539">
        <ele>391.81474440172315</ele>
        <time>2022-03-10T22:00:26Z</time>
      </trkpt>
      <trkpt lat="34.31555649870688" lon="109.0222341876943">
        <ele>392.22701483406126</ele>
        <time>2022-03-10T22:00:28Z</time>
      </trkpt>
      <trkpt lat="34.31513953936971" lon="109.02259284546156">
        <ele>392.05368357989937</ele>
        <time>2022-03-10T22:00:36Z</time>
      </trkpt>
      <trkpt lat="34.31467280119967" lon="109.0230019137741">
        <ele>392.3402756266296</ele>
        <time>2022-03-10T22:00:44Z</time>
      </trkpt>
      <trkpt lat="34.31431677810866" lon="109.02330612001563">
        <ele>392.72077755536884</ele>
        <time>2022-03-10T22:00:50Z</time>
      </trkpt>
      <trkpt lat="34.313828403362464" lon="109.02367436838992">
        <ele>392.53358285687864</ele>
        <time>2022-03-10T22:00:58Z</time>
      </trkpt>
      <trkpt lat="34.31344567827387" lon="109.02394830555914">
        <ele>391.6209599552676</ele>
        <time>2022-03-10T22:01:04Z</time>
      </trkpt>
      <trkpt lat="34.313051978410215" lon="109.02423657649327">
        <ele>391.45259408000857</ele>
        <time>2022-03-10T22:01:10Z</time>
      </trkpt>
      <trkpt lat="34.312641110567704" lon="109.02451251896767">
        <ele>391.61122608650476</ele>
        <time>2022-03-10T22:01:16Z</time>
      </trkpt>
      <trkpt lat="34.31238294332844" lon="109.02468826965087">
        <ele>392.19211345445365</ele>
        <time>2022-03-10T22:01:20Z</time>
      </trkpt>
      <trkpt lat="34.31220500432853" lon="109.02491481930416">
        <ele>391.9009585240856</ele>
        <time>2022-03-10T22:01:24Z</time>
      </trkpt>
      <trkpt lat="34.31199699046807" lon="109.02497811632587">
        <ele>391.64564206823707</ele>
        <time>2022-03-10T22:01:26Z</time>
      </trkpt>
      <trkpt lat="34.311719282272875" lon="109.0251557549536">
        <ele>392.74062414001673</ele>
        <time>2022-03-10T22:01:30Z</time>
      </trkpt>
      <trkpt lat="34.31144007366795" lon="109.02528303939914">
        <ele>392.4796849042177</ele>
        <time>2022-03-10T22:01:34Z</time>
      </trkpt>
      <trkpt lat="34.31129035735749" lon="109.02532785764048">
        <ele>392.3167284177616</ele>
        <time>2022-03-10T22:01:36Z</time>
      </trkpt>
      <trkpt lat="34.31099524274028" lon="109.02533198216837">
        <ele>392.1499708965421</ele>
        <time>2022-03-10T22:01:40Z</time>
      </trkpt>
      <trkpt lat="34.31069771349391" lon="109.02526202535938">
        <ele>391.41486999206245</ele>
        <time>2022-03-10T22:01:44Z</time>
      </trkpt>
      <trkpt lat="34.31040889105722" lon="109.0251202186549">
        <ele>391.8300230456516</ele>
        <time>2022-03-10T22:01:48Z</time>
      </trkpt>
      <trkpt lat="34.3101586633288" lon="109.02488760019149">
        <ele>391.7065421734005</ele>
        <time>2022-03-10T22:01:52Z</time>
      </trkpt>
      <trkpt lat="34.30982837264238" lon="109.02447931068465">
        <ele>391.7233116636053</ele>
        <time>2022-03-10T22:01:58Z</time>
      </trkpt>
      <trkpt lat="34.309583037117434" lon="109.02425802996937">
        <ele>391.88307696953416</ele>
        <time>2022-03-10T22:02:02Z</time>
      </trkpt>
      <trkpt lat="34.30931921816763" lon="109.02407610788615">
        <ele>391.36879921797663</ele>
        <time>2022-03-10T22:02:06Z</time>
      </trkpt>
      <trkpt lat="34.308881274043515" lon="109.0239047446322">
        <ele>391.61488245707005</ele>
        <time>2022-03-10T22:02:12Z</time>
      </trkpt>
      <trkpt lat="34.30857690188655" lon="109.02386615257187">
        <ele>391.29794781655073</ele>
        <time>2022-03-10T22:02:16Z</time>
      </trkpt>
      <trkpt lat="34.30812138243056" lon="109.02387779674666">
        <ele>390.5142016420141</ele>
        <time>2022-03-10T22:02:22Z</time>
      </trkpt>
      <trkpt lat="34.30766189527274" lon="109.02385850694967">
        <ele>390.4753007590771</ele>
        <time>2022-03-10T22:02:28Z</time>
      </trkpt>
      <trkpt lat="34.3071960798127" lon="109.02383513670256">
        <ele>391.01524218637496</ele>
        <time>2022-03-10T22:02:34Z</time>
      </trkpt>
      <trkpt lat="34.30672692491109" lon="109.02381737962101">
        <ele>391.70090882107615</ele>
        <time>2022-03-10T22:02:40Z</time>
      </trkpt>
      <trkpt lat="34.30624963612545" lon="109.02379360981682">
        <ele>391.7575335195288</ele>
        <time>2022-03-10T22:02:46Z</time>
      </trkpt>
      <trkpt lat="34.306091853617374" lon="109.0237863310015">
        <ele>392.10357653256506</ele>
        <time>2022-03-10T22:02:48Z</time>
      </trkpt>
      <trkpt lat="34.30562238845225" lon="109.02378522667858">
        <ele>393.2515057437122</ele>
        <time>2022-03-10T22:02:54Z</time>
      </trkpt>
      <trkpt lat="34.305314013357304" lon="109.02381215499126">
        <ele>393.8143326519057</ele>
        <time>2022-03-10T22:02:58Z</time>
      </trkpt>
      <trkpt lat="34.30486432499511" lon="109.02394406141185">
        <ele>393.8879466066137</ele>
        <time>2022-03-10T22:03:04Z</time>
      </trkpt>
      <trkpt lat="34.30457607963601" lon="109.02409352283807">
        <ele>393.479658649303</ele>
        <time>2022-03-10T22:03:08Z</time>
      </trkpt>
      <trkpt lat="34.30430120922287" lon="109.02430153899235">
        <ele>395.05128702055663</ele>
        <time>2022-03-10T22:03:12Z</time>
      </trkpt>
      <trkpt lat="34.30404260795206" lon="109.02455625138745">
        <ele>394.30291141197085</ele>
        <time>2022-03-10T22:03:16Z</time>
      </trkpt>
      <trkpt lat="34.303823725653864" lon="109.02483687457108">
        <ele>393.5999206295237</ele>
        <time>2022-03-10T22:03:20Z</time>
      </trkpt>
      <trkpt lat="34.3036438782085" lon="109.0251577835903">
        <ele>393.3656171904877</ele>
        <time>2022-03-10T22:03:24Z</time>
      </trkpt>
      <trkpt lat="34.303415304002804" lon="109.02566979643031">
        <ele>393.3772493507713</ele>
        <time>2022-03-10T22:03:30Z</time>
      </trkpt>
      <trkpt lat="34.303342709089364" lon="109.02583894802846">
        <ele>393.65553591400385</ele>
        <time>2022-03-10T22:03:32Z</time>
      </trkpt>
      <trkpt lat="34.30304644481791" lon="109.02632173787339">
        <ele>394.06265855859965</ele>
        <time>2022-03-10T22:03:38Z</time>
      </trkpt>
      <trkpt lat="34.302829543306906" lon="109.02662894949343">
        <ele>394.0852255318314</ele>
        <time>2022-03-10T22:03:42Z</time>
      </trkpt>
      <trkpt lat="34.3024733231527" lon="109.02704958313458">
        <ele>392.92506601288915</ele>
        <time>2022-03-10T22:03:48Z</time>
      </trkpt>
      <trkpt lat="34.30208354690648" lon="109.02739216115803">
        <ele>392.9264113418758</ele>
        <time>2022-03-10T22:03:54Z</time>
      </trkpt>
      <trkpt lat="34.301802125728486" lon="109.02759904468695">
        <ele>393.54733106680214</ele>
        <time>2022-03-10T22:03:58Z</time>
      </trkpt>
      <trkpt lat="34.301367830351985" lon="109.02781997574132">
        <ele>393.41268856357783</ele>
        <time>2022-03-10T22:04:04Z</time>
      </trkpt>
      <trkpt lat="34.30092289233477" lon="109.02799578552401">
        <ele>394.00200338102877</ele>
        <time>2022-03-10T22:04:10Z</time>
      </trkpt>
      <trkpt lat="34.300485698374224" lon="109.02806625988832">
        <ele>393.3310765158385</ele>
        <time>2022-03-10T22:04:16Z</time>
      </trkpt>
      <trkpt lat="34.30008709573435" lon="109.02815202717159">
        <ele>393.9024654068053</ele>
        <time>2022-03-10T22:04:22Z</time>
      </trkpt>
      <trkpt lat="34.29982157795454" lon="109.02818465254396">
        <ele>394.2955395253375</ele>
        <time>2022-03-10T22:04:26Z</time>
      </trkpt>
      <trkpt lat="34.299325801611765" lon="109.02826319971658">
        <ele>394.80636452604085</ele>
        <time>2022-03-10T22:04:34Z</time>
      </trkpt>
      <trkpt lat="34.29902572444169" lon="109.02832211998643">
        <ele>395.86014356277883</ele>
        <time>2022-03-10T22:04:38Z</time>
      </trkpt>
      <trkpt lat="34.298578546929264" lon="109.0283578447674">
        <ele>395.9555135127157</ele>
        <time>2022-03-10T22:04:44Z</time>
      </trkpt>
      <trkpt lat="34.29800863058285" lon="109.02834734481476">
        <ele>396.96453182864934</ele>
        <time>2022-03-10T22:04:52Z</time>
      </trkpt>
      <trkpt lat="34.29786775944992" lon="109.0283779617994">
        <ele>396.5705362856388</ele>
        <time>2022-03-10T22:04:54Z</time>
      </trkpt>
      <trkpt lat="34.29772649801653" lon="109.02837509292816">
        <ele>397.29471780732274</ele>
        <time>2022-03-10T22:04:56Z</time>
      </trkpt>
      <trkpt lat="34.29758716657557" lon="109.02833717883982">
        <ele>396.55906901694834</ele>
        <time>2022-03-10T22:04:58Z</time>
      </trkpt>
      <trkpt lat="34.2971508763073" lon="109.02834814666562">
        <ele>398.1705069821328</ele>
        <time>2022-03-10T22:05:04Z</time>
      </trkpt>
      <trkpt lat="34.29685705340619" lon="109.0283707066184">
        <ele>397.48477304913104</ele>
        <time>2022-03-10T22:05:08Z</time>
      </trkpt>
      <trkpt lat="34.29664629259718" lon="109.02845259448318">
        <ele>397.96008319221437</ele>
        <time>2022-03-10T22:05:11Z</time>
      </trkpt>
      <trkpt lat="34.29649460667752" lon="109.02844286573293">
        <ele>397.6508612399921</ele>
        <time>2022-03-10T22:05:13Z</time>
      </trkpt>
      <trkpt lat="34.29609820151658" lon="109.02855490352268">
        <ele>397.53858283068985</ele>
        <time>2022-03-10T22:05:19Z</time>
      </trkpt>
      <trkpt lat="34.29596468136384" lon="109.0285636223626">
        <ele>398.59596826229244</ele>
        <time>2022-03-10T22:05:21Z</time>
      </trkpt>
      <trkpt lat="34.295415548967874" lon="109.02872191502819">
        <ele>398.5050356835127</ele>
        <time>2022-03-10T22:05:29Z</time>
      </trkpt>
      <trkpt lat="34.294881828308554" lon="109.0288638084419">
        <ele>398.5195080647245</ele>
        <time>2022-03-10T22:05:37Z</time>
      </trkpt>
      <trkpt lat="34.294609460455725" lon="109.0289263168603">
        <ele>398.02609229646623</ele>
        <time>2022-03-10T22:05:41Z</time>
      </trkpt>
      <trkpt lat="34.294484857506944" lon="109.02897243861801">
        <ele>398.10739960800856</ele>
        <time>2022-03-10T22:05:43Z</time>
      </trkpt>
      <trkpt lat="34.29392480752805" lon="109.02907923061777">
        <ele>398.6503124758601</ele>
        <time>2022-03-10T22:05:51Z</time>
      </trkpt>
      <trkpt lat="34.29378519990519" lon="109.02912574167006">
        <ele>398.1530104279518</ele>
        <time>2022-03-10T22:05:53Z</time>
      </trkpt>
      <trkpt lat="34.29354036267923" lon="109.02925157500073">
        <ele>397.207653131336</ele>
        <time>2022-03-10T22:05:57Z</time>
      </trkpt>
      <trkpt lat="34.29326090790584" lon="109.02924959218345">
        <ele>396.87920559197664</ele>
        <time>2022-03-10T22:06:01Z</time>
      </trkpt>
      <trkpt lat="34.29281472864639" lon="109.02931860390932">
        <ele>398.11450856830925</ele>
        <time>2022-03-10T22:06:07Z</time>
      </trkpt>
      <trkpt lat="34.29266404253978" lon="109.02934267357726">
        <ele>398.1589977722615</ele>
        <time>2022-03-10T22:06:09Z</time>
      </trkpt>
      <trkpt lat="34.292215327534954" lon="109.02945616418711">
        <ele>398.13296367786825</ele>
        <time>2022-03-10T22:06:15Z</time>
      </trkpt>
      <trkpt lat="34.29190418385296" lon="109.0295243741212">
        <ele>397.4264595871791</ele>
        <time>2022-03-10T22:06:19Z</time>
      </trkpt>
      <trkpt lat="34.29138540894277" lon="109.02953942908624">
        <ele>397.938253399916</ele>
        <time>2022-03-10T22:06:25Z</time>
      </trkpt>
      <trkpt lat="34.290861355305914" lon="109.02953240328277">
        <ele>398.2297431919724</ele>
        <time>2022-03-10T22:06:31Z</time>
      </trkpt>
      <trkpt lat="34.29030546041454" lon="109.02954507138682">
        <ele>399.0909685604274</ele>
        <time>2022-03-10T22:06:37Z</time>
      </trkpt>
      <trkpt lat="34.28974190641245" lon="109.02957628676958">
        <ele>399.47292643319815</ele>
        <time>2022-03-10T22:06:44Z</time>
      </trkpt>
      <trkpt lat="34.2895872767516" lon="109.02960085595309">
        <ele>399.8618773901835</ele>
        <time>2022-03-10T22:06:46Z</time>
      </trkpt>
      <trkpt lat="34.28926090868583" lon="109.02961308251557">
        <ele>399.87148217950016</ele>
        <time>2022-03-10T22:06:50Z</time>
      </trkpt>
      <trkpt lat="34.28880413183186" lon="109.02975220211815">
        <ele>400.18253294564784</ele>
        <time>2022-03-10T22:06:56Z</time>
      </trkpt>
      <trkpt lat="34.28865376554877" lon="109.02978594325498">
        <ele>400.1383035061881</ele>
        <time>2022-03-10T22:06:58Z</time>
      </trkpt>
      <trkpt lat="34.28809897578962" lon="109.0299967214584">
        <ele>401.69705737009645</ele>
        <time>2022-03-10T22:07:06Z</time>
      </trkpt>
      <trkpt lat="34.28755165618401" lon="109.03019408921264">
        <ele>402.0504303323105</ele>
        <time>2022-03-10T22:07:14Z</time>
      </trkpt>
      <trkpt lat="34.28713099668367" lon="109.03034754956883">
        <ele>402.1418655309826</ele>
        <time>2022-03-10T22:07:20Z</time>
      </trkpt>
      <trkpt lat="34.28667798113605" lon="109.03052211970872">
        <ele>401.6670963643119</ele>
        <time>2022-03-10T22:07:26Z</time>
      </trkpt>
      <trkpt lat="34.2862200451934" lon="109.03069644010506">
        <ele>402.03723555710167</ele>
        <time>2022-03-10T22:07:32Z</time>
      </trkpt>
      <trkpt lat="34.285765055016164" lon="109.03090646444706">
        <ele>401.066663088277</ele>
        <time>2022-03-10T22:07:38Z</time>
      </trkpt>
      <trkpt lat="34.28531438854796" lon="109.03118957720682">
        <ele>401.27641922887415</ele>
        <time>2022-03-10T22:07:44Z</time>
      </trkpt>
      <trkpt lat="34.28502146342509" lon="109.03139054674364">
        <ele>401.45414419751614</ele>
        <time>2022-03-10T22:07:48Z</time>
      </trkpt>
      <trkpt lat="34.28463338536607" lon="109.03172642877458">
        <ele>401.2663954263553</ele>
        <time>2022-03-10T22:07:54Z</time>
      </trkpt>
      <trkpt lat="34.28423537526553" lon="109.03205111619137">
        <ele>400.28290622588247</ele>
        <time>2022-03-10T22:08:00Z</time>
      </trkpt>
      <trkpt lat="34.283844786070944" lon="109.03240144256205">
        <ele>400.933018501848</ele>
        <time>2022-03-10T22:08:06Z</time>
      </trkpt>
      <trkpt lat="34.283453106092715" lon="109.03274912006067">
        <ele>400.6468021320179</ele>
        <time>2022-03-10T22:08:12Z</time>
      </trkpt>
      <trkpt lat="34.28306690415709" lon="109.03309898252266">
        <ele>401.3024119967595</ele>
        <time>2022-03-10T22:08:18Z</time>
      </trkpt>
      <trkpt lat="34.28294333268424" lon="109.03321662944731">
        <ele>400.29851617105305</ele>
        <time>2022-03-10T22:08:20Z</time>
      </trkpt>
      <trkpt lat="34.28254280135774" lon="109.03353474766804">
        <ele>400.89857007097453</ele>
        <time>2022-03-10T22:08:26Z</time>
      </trkpt>
      <trkpt lat="34.28216413214808" lon="109.03387821779181">
        <ele>400.8919888054952</ele>
        <time>2022-03-10T22:08:32Z</time>
      </trkpt>
      <trkpt lat="34.281779054661136" lon="109.03416524577415">
        <ele>400.7629454443231</ele>
        <time>2022-03-10T22:08:38Z</time>
      </trkpt>
      <trkpt lat="34.281383866288614" lon="109.03439313894626">
        <ele>401.3601434081793</ele>
        <time>2022-03-10T22:08:44Z</time>
      </trkpt>
      <trkpt lat="34.2808744136081" lon="109.03465326770657">
        <ele>401.3292767852545</ele>
        <time>2022-03-10T22:08:52Z</time>
      </trkpt>
      <trkpt lat="34.280605535502076" lon="109.03475611543566">
        <ele>401.6872592801228</ele>
        <time>2022-03-10T22:08:56Z</time>
      </trkpt>
      <trkpt lat="34.28004271349711" lon="109.0348631735101">
        <ele>401.29859642963856</ele>
        <time>2022-03-10T22:09:04Z</time>
      </trkpt>
      <trkpt lat="34.27975482391469" lon="109.03490737633378">
        <ele>402.3951625674963</ele>
        <time>2022-03-10T22:09:08Z</time>
      </trkpt>
      <trkpt lat="34.27929974158035" lon="109.0349319186136">
        <ele>402.55491980165243</ele>
        <time>2022-03-10T22:09:14Z</time>
      </trkpt>
      <trkpt lat="34.27872854235882" lon="109.0349961167051">
        <ele>403.37669979874045</ele>
        <time>2022-03-10T22:09:22Z</time>
      </trkpt>
      <trkpt lat="34.27858511816614" lon="109.03501323034729">
        <ele>404.2024705754593</ele>
        <time>2022-03-10T22:09:24Z</time>
      </trkpt>
      <trkpt lat="34.27844771400055" lon="109.03506406324323">
        <ele>404.1364576285705</ele>
        <time>2022-03-10T22:09:26Z</time>
      </trkpt>
      <trkpt lat="34.27800686809643" lon="109.03508620222368">
        <ele>404.9435783373192</ele>
        <time>2022-03-10T22:09:32Z</time>
      </trkpt>
      <trkpt lat="34.27757220400951" lon="109.0351329603422">
        <ele>404.5484150070697</ele>
        <time>2022-03-10T22:09:38Z</time>
      </trkpt>
      <trkpt lat="34.27713700606857" lon="109.0351653789638">
        <ele>403.2314702235162</ele>
        <time>2022-03-10T22:09:44Z</time>
      </trkpt>
      <trkpt lat="34.276700077606186" lon="109.03521042406811">
        <ele>403.8466547401622</ele>
        <time>2022-03-10T22:09:50Z</time>
      </trkpt>
      <trkpt lat="34.27625105173576" lon="109.03524868722742">
        <ele>403.7088902918622</ele>
        <time>2022-03-10T22:09:56Z</time>
      </trkpt>
      <trkpt lat="34.27570320559275" lon="109.03531699221362">
        <ele>403.635333632119</ele>
        <time>2022-03-10T22:10:04Z</time>
      </trkpt>
      <trkpt lat="34.275603712563694" lon="109.03532101992998">
        <ele>403.8745532864705</ele>
        <time>2022-03-10T22:10:06Z</time>
      </trkpt>
      <trkpt lat="34.2755294979348" lon="109.0353879182899">
        <ele>403.5260201757774</ele>
        <time>2022-03-10T22:10:08Z</time>
      </trkpt>
      <trkpt lat="34.275466545809174" lon="109.03531768818694">
        <ele>403.6924489522353</ele>
        <time>2022-03-10T22:10:10Z</time>
      </trkpt>
      <trkpt lat="34.275457054176805" lon="109.03532387205897">
        <ele>403.93095038924366</ele>
        <time>2022-03-10T22:10:20Z</time>
      </trkpt>
      <trkpt lat="34.27536768374565" lon="109.0354184079509">
        <ele>404.4534158529714</ele>
        <time>2022-03-10T22:10:43Z</time>
      </trkpt>
      <trkpt lat="34.275177103566726" lon="109.03555261213886">
        <ele>404.1739787682891</ele>
        <time>2022-03-10T22:10:49Z</time>
      </trkpt>
      <trkpt lat="34.27481268418005" lon="109.0357010736877">
        <ele>404.26499618496746</ele>
        <time>2022-03-10T22:10:56Z</time>
      </trkpt>
      <trkpt lat="34.27427160791248" lon="109.03580421404799">
        <ele>403.65590279735625</ele>
        <time>2022-03-10T22:11:04Z</time>
      </trkpt>
      <trkpt lat="34.2740004978817" lon="109.03588403765787">
        <ele>403.3963241847232</ele>
        <time>2022-03-10T22:11:08Z</time>
      </trkpt>
      <trkpt lat="34.27385863405381" lon="109.03590224960946">
        <ele>403.79194279108196</ele>
        <time>2022-03-10T22:11:10Z</time>
      </trkpt>
      <trkpt lat="34.27372038786376" lon="109.03594649036548">
        <ele>404.08523184619844</ele>
        <time>2022-03-10T22:11:12Z</time>
      </trkpt>
      <trkpt lat="34.27314868665959" lon="109.03607860499659">
        <ele>404.4142777658999</ele>
        <time>2022-03-10T22:11:20Z</time>
      </trkpt>
      <trkpt lat="34.27270704204408" lon="109.03614627050165">
        <ele>403.7267515109852</ele>
        <time>2022-03-10T22:11:26Z</time>
      </trkpt>
      <trkpt lat="34.272558260667786" lon="109.0361690422047">
        <ele>404.26289566326886</ele>
        <time>2022-03-10T22:11:28Z</time>
      </trkpt>
      <trkpt lat="34.27240438469693" lon="109.03616411588804">
        <ele>403.2678349278867</ele>
        <time>2022-03-10T22:11:30Z</time>
      </trkpt>
      <trkpt lat="34.27193887537355" lon="109.036206323266">
        <ele>404.49257775209844</ele>
        <time>2022-03-10T22:11:36Z</time>
      </trkpt>
      <trkpt lat="34.27148200376764" lon="109.03624226644217">
        <ele>405.52989370469004</ele>
        <time>2022-03-10T22:11:42Z</time>
      </trkpt>
      <trkpt lat="34.27099972347196" lon="109.03629061990797">
        <ele>404.5213122619316</ele>
        <time>2022-03-10T22:11:48Z</time>
      </trkpt>
      <trkpt lat="34.27083875103371" lon="109.03629461616865">
        <ele>405.2741378508508</ele>
        <time>2022-03-10T22:11:50Z</time>
      </trkpt>
      <trkpt lat="34.270522489128794" lon="109.03623306629883">
        <ele>404.1243820777163</ele>
        <time>2022-03-10T22:11:54Z</time>
      </trkpt>
      <trkpt lat="34.27004770082803" lon="109.0362107378506">
        <ele>405.17658567707986</ele>
        <time>2022-03-10T22:12:00Z</time>
      </trkpt>
      <trkpt lat="34.26959443727427" lon="109.03621345329081">
        <ele>404.9982030307874</ele>
        <time>2022-03-10T22:12:06Z</time>
      </trkpt>
      <trkpt lat="34.26917941979662" lon="109.03621360477273">
        <ele>404.4773526797071</ele>
        <time>2022-03-10T22:12:12Z</time>
      </trkpt>
      <trkpt lat="34.26890251579079" lon="109.03624648608864">
        <ele>404.0609918255359</ele>
        <time>2022-03-10T22:12:16Z</time>
      </trkpt>
      <trkpt lat="34.26848375617635" lon="109.03640257872074">
        <ele>405.18555614259094</ele>
        <time>2022-03-10T22:12:22Z</time>
      </trkpt>
      <trkpt lat="34.26805003193649" lon="109.03655583521858">
        <ele>405.31345039140433</ele>
        <time>2022-03-10T22:12:28Z</time>
      </trkpt>
      <trkpt lat="34.26789503215496" lon="109.03658169652306">
        <ele>404.36932051181793</ele>
        <time>2022-03-10T22:12:30Z</time>
      </trkpt>
      <trkpt lat="34.267600401626645" lon="109.0366741721139">
        <ele>403.9141542064026</ele>
        <time>2022-03-10T22:12:34Z</time>
      </trkpt>
      <trkpt lat="34.26745243558416" lon="109.0366879931813">
        <ele>404.86916141211987</ele>
        <time>2022-03-10T22:12:36Z</time>
      </trkpt>
      <trkpt lat="34.26716606950598" lon="109.03679773955689">
        <ele>405.3169530527666</ele>
        <time>2022-03-10T22:12:40Z</time>
      </trkpt>
      <trkpt lat="34.26701394439908" lon="109.03680672809456">
        <ele>405.099844542332</ele>
        <time>2022-03-10T22:12:42Z</time>
      </trkpt>
      <trkpt lat="34.266552037009184" lon="109.03694308791006">
        <ele>405.1054228954017</ele>
        <time>2022-03-10T22:12:48Z</time>
      </trkpt>
      <trkpt lat="34.26611208534799" lon="109.03706308758909">
        <ele>405.09296550694853</ele>
        <time>2022-03-10T22:12:54Z</time>
      </trkpt>
      <trkpt lat="34.26567786954514" lon="109.03718482001584">
        <ele>406.17928159516305</ele>
        <time>2022-03-10T22:13:00Z</time>
      </trkpt>
      <trkpt lat="34.26542204535772" lon="109.03727824223716">
        <ele>405.56473339535296</ele>
        <time>2022-03-10T22:13:04Z</time>
      </trkpt>
      <trkpt lat="34.26513638617072" lon="109.03730633133829">
        <ele>407.0096034221351</ele>
        <time>2022-03-10T22:13:08Z</time>
      </trkpt>
      <trkpt lat="34.265004639477816" lon="109.03733627331508">
        <ele>406.2094129631296</ele>
        <time>2022-03-10T22:13:10Z</time>
      </trkpt>
      <trkpt lat="34.26446624678898" lon="109.03752148470048">
        <ele>405.77545966394246</ele>
        <time>2022-03-10T22:13:18Z</time>
      </trkpt>
      <trkpt lat="34.26395574915239" lon="109.03768137197817">
        <ele>407.3307601157576</ele>
        <time>2022-03-10T22:13:26Z</time>
      </trkpt>
      <trkpt lat="34.263427193236346" lon="109.03782880107975">
        <ele>408.55617710389197</ele>
        <time>2022-03-10T22:13:34Z</time>
      </trkpt>
      <trkpt lat="34.26330846802577" lon="109.03785646640034">
        <ele>407.93850356154144</ele>
        <time>2022-03-10T22:13:36Z</time>
      </trkpt>
      <trkpt lat="34.26306403848562" lon="109.0379645936734">
        <ele>408.8695006268099</ele>
        <time>2022-03-10T22:13:40Z</time>
      </trkpt>
      <trkpt lat="34.262682387408205" lon="109.03806159684785">
        <ele>407.9966889722273</ele>
        <time>2022-03-10T22:13:46Z</time>
      </trkpt>
      <trkpt lat="34.26216975638848" lon="109.03825355466755">
        <ele>407.4364453209564</ele>
        <time>2022-03-10T22:13:54Z</time>
      </trkpt>
      <trkpt lat="34.261912659895955" lon="109.03838256303304">
        <ele>408.80048292689025</ele>
        <time>2022-03-10T22:13:58Z</time>
      </trkpt>
      <trkpt lat="34.26151980553402" lon="109.03849072815838">
        <ele>408.32917260564864</ele>
        <time>2022-03-10T22:14:04Z</time>
      </trkpt>
      <trkpt lat="34.26139297135376" lon="109.03850939852093">
        <ele>408.68549680523574</ele>
        <time>2022-03-10T22:14:06Z</time>
      </trkpt>
      <trkpt lat="34.26092367446431" lon="109.0386680924952">
        <ele>408.34399744775146</ele>
        <time>2022-03-10T22:14:14Z</time>
      </trkpt>
      <trkpt lat="34.260809590645465" lon="109.03873343341238">
        <ele>408.24097531381994</ele>
        <time>2022-03-10T22:14:16Z</time>
      </trkpt>
      <trkpt lat="34.26054766927106" lon="109.03881693197651">
        <ele>406.7308163139969</ele>
        <time>2022-03-10T22:14:20Z</time>
      </trkpt>
      <trkpt lat="34.260121874842966" lon="109.03891343502606">
        <ele>407.04763221461326</ele>
        <time>2022-03-10T22:14:26Z</time>
      </trkpt>
      <trkpt lat="34.25969762873286" lon="109.03901623546122">
        <ele>407.16284984909</ele>
        <time>2022-03-10T22:14:32Z</time>
      </trkpt>
      <trkpt lat="34.25926853600594" lon="109.03910741017528">
        <ele>407.97581496462226</ele>
        <time>2022-03-10T22:14:38Z</time>
      </trkpt>
      <trkpt lat="34.25883615940822" lon="109.03919282548232">
        <ele>408.7311860648915</ele>
        <time>2022-03-10T22:14:44Z</time>
      </trkpt>
      <trkpt lat="34.258279832926696" lon="109.03932083431941">
        <ele>408.18354320991784</ele>
        <time>2022-03-10T22:14:52Z</time>
      </trkpt>
      <trkpt lat="34.258024697553715" lon="109.03934862928523">
        <ele>407.77403976675123</ele>
        <time>2022-03-10T22:14:56Z</time>
      </trkpt>
      <trkpt lat="34.25791441057279" lon="109.03939018791066">
        <ele>408.7699618311599</ele>
        <time>2022-03-10T22:14:58Z</time>
      </trkpt>
      <trkpt lat="34.257417834403185" lon="109.03952046089452">
        <ele>408.1975257033482</ele>
        <time>2022-03-10T22:15:06Z</time>
      </trkpt>
      <trkpt lat="34.25693585648982" lon="109.03967845718189">
        <ele>408.87687239423394</ele>
        <time>2022-03-10T22:15:14Z</time>
      </trkpt>
      <trkpt lat="34.25648504581291" lon="109.03979296055991">
        <ele>409.16162895411253</ele>
        <time>2022-03-10T22:15:22Z</time>
      </trkpt>
      <trkpt lat="34.25599102933622" lon="109.03993369580726">
        <ele>409.9101161202416</ele>
        <time>2022-03-10T22:15:30Z</time>
      </trkpt>
      <trkpt lat="34.25560324691711" lon="109.04005583635782">
        <ele>409.95943831373006</ele>
        <time>2022-03-10T22:15:36Z</time>
      </trkpt>
      <trkpt lat="34.25534021257314" lon="109.04021231992797">
        <ele>410.55363798793405</ele>
        <time>2022-03-10T22:15:40Z</time>
      </trkpt>
      <trkpt lat="34.255211945287414" lon="109.04022876847117">
        <ele>410.9216059157625</ele>
        <time>2022-03-10T22:15:42Z</time>
      </trkpt>
      <trkpt lat="34.25507593458631" lon="109.04020736460343">
        <ele>411.43892552144825</ele>
        <time>2022-03-10T22:15:44Z</time>
      </trkpt>
      <trkpt lat="34.25480570880742" lon="109.04026999993934">
        <ele>410.3160674870014</ele>
        <time>2022-03-10T22:15:48Z</time>
      </trkpt>
      <trkpt lat="34.254545788138834" lon="109.04041659924779">
        <ele>412.03429196123034</ele>
        <time>2022-03-10T22:15:52Z</time>
      </trkpt>
      <trkpt lat="34.25428360627684" lon="109.04054550538827">
        <ele>412.4433748424053</ele>
        <time>2022-03-10T22:15:56Z</time>
      </trkpt>
      <trkpt lat="34.25378315452756" lon="109.0408810943892">
        <ele>413.7451024381444</ele>
        <time>2022-03-10T22:16:04Z</time>
      </trkpt>
      <trkpt lat="34.253250563485516" lon="109.04111090972046">
        <ele>412.00504987873137</ele>
        <time>2022-03-10T22:16:12Z</time>
      </trkpt>
      <trkpt lat="34.252799774674386" lon="109.04132909579498">
        <ele>412.4125131815672</ele>
        <time>2022-03-10T22:16:20Z</time>
      </trkpt>
      <trkpt lat="34.2526844216968" lon="109.041331819824">
        <ele>412.8422145033255</ele>
        <time>2022-03-10T22:16:32Z</time>
      </trkpt>
      <trkpt lat="34.252503493993274" lon="109.04147429574078">
        <ele>413.31740368064493</ele>
        <time>2022-03-10T22:17:27Z</time>
      </trkpt>
      <trkpt lat="34.252104821853465" lon="109.04174480287143">
        <ele>413.07593188248575</ele>
        <time>2022-03-10T22:17:36Z</time>
      </trkpt>
      <trkpt lat="34.25200543501969" lon="109.04183366721712">
        <ele>413.8554080761969</ele>
        <time>2022-03-10T22:17:38Z</time>
      </trkpt>
      <trkpt lat="34.25161837038175" lon="109.04204784401877">
        <ele>412.8671389510855</ele>
        <time>2022-03-10T22:17:44Z</time>
      </trkpt>
      <trkpt lat="34.25135474871295" lon="109.04222670360522">
        <ele>412.95072825439274</ele>
        <time>2022-03-10T22:17:48Z</time>
      </trkpt>
      <trkpt lat="34.251218661511466" lon="109.04229354358176">
        <ele>413.7084396937862</ele>
        <time>2022-03-10T22:17:50Z</time>
      </trkpt>
      <trkpt lat="34.25081779035228" lon="109.04255736800938">
        <ele>413.48589497897774</ele>
        <time>2022-03-10T22:17:56Z</time>
      </trkpt>
      <trkpt lat="34.25042455025616" lon="109.0427843004669">
        <ele>414.0156538588926</ele>
        <time>2022-03-10T22:18:02Z</time>
      </trkpt>
      <trkpt lat="34.250019259257854" lon="109.04298920621756">
        <ele>413.889806445688</ele>
        <time>2022-03-10T22:18:08Z</time>
      </trkpt>
      <trkpt lat="34.24960688199342" lon="109.04314436595209">
        <ele>413.75801826268435</ele>
        <time>2022-03-10T22:18:14Z</time>
      </trkpt>
      <trkpt lat="34.24917526502472" lon="109.04323101572294">
        <ele>413.15601226780564</ele>
        <time>2022-03-10T22:18:20Z</time>
      </trkpt>
      <trkpt lat="34.24874538795814" lon="109.0432983169443">
        <ele>413.2912986399606</ele>
        <time>2022-03-10T22:18:26Z</time>
      </trkpt>
      <trkpt lat="34.24844721361129" lon="109.04336009330797">
        <ele>413.2427110252902</ele>
        <time>2022-03-10T22:18:30Z</time>
      </trkpt>
      <trkpt lat="34.24800978330641" lon="109.04341149858683">
        <ele>412.16821524780244</ele>
        <time>2022-03-10T22:18:36Z</time>
      </trkpt>
      <trkpt lat="34.24772345895813" lon="109.04348316011117">
        <ele>413.18681006971747</ele>
        <time>2022-03-10T22:18:40Z</time>
      </trkpt>
      <trkpt lat="34.24727907973189" lon="109.04356194951323">
        <ele>412.4237208869308</ele>
        <time>2022-03-10T22:18:46Z</time>
      </trkpt>
      <trkpt lat="34.24682126129465" lon="109.04364722873632">
        <ele>413.3478198116645</ele>
        <time>2022-03-10T22:18:52Z</time>
      </trkpt>
      <trkpt lat="34.24649992679366" lon="109.04372022899798">
        <ele>414.16723175533116</ele>
        <time>2022-03-10T22:18:56Z</time>
      </trkpt>
      <trkpt lat="34.246038909933894" lon="109.04379194795139">
        <ele>413.7521363468841</ele>
        <time>2022-03-10T22:19:02Z</time>
      </trkpt>
      <trkpt lat="34.24558104144317" lon="109.04383175678097">
        <ele>414.36450163740665</ele>
        <time>2022-03-10T22:19:08Z</time>
      </trkpt>
      <trkpt lat="34.245440970231904" lon="109.04381810400551">
        <ele>414.1776509610936</ele>
        <time>2022-03-10T22:19:10Z</time>
      </trkpt>
      <trkpt lat="34.24499140689911" lon="109.0438383183695">
        <ele>415.50703813973814</ele>
        <time>2022-03-10T22:19:16Z</time>
      </trkpt>
      <trkpt lat="34.244545469679316" lon="109.04386656009243">
        <ele>415.48289342969656</ele>
        <time>2022-03-10T22:19:22Z</time>
      </trkpt>
      <trkpt lat="34.24424514536327" lon="109.04388520756355">
        <ele>415.9020214313641</ele>
        <time>2022-03-10T22:19:26Z</time>
      </trkpt>
      <trkpt lat="34.243960204299476" lon="109.04386680748068">
        <ele>415.35215158294886</ele>
        <time>2022-03-10T22:19:30Z</time>
      </trkpt>
      <trkpt lat="34.243394165904775" lon="109.04390533270615">
        <ele>415.13871668465436</ele>
        <time>2022-03-10T22:19:38Z</time>
      </trkpt>
      <trkpt lat="34.24283204935095" lon="109.04395664223138">
        <ele>415.2787117352709</ele>
        <time>2022-03-10T22:19:46Z</time>
      </trkpt>
      <trkpt lat="34.24240029454547" lon="109.043994937975">
        <ele>415.8861653422937</ele>
        <time>2022-03-10T22:19:52Z</time>
      </trkpt>
      <trkpt lat="34.24191019233133" lon="109.04408258818914">
        <ele>416.5271820090711</ele>
        <time>2022-03-10T22:19:59Z</time>
      </trkpt>
      <trkpt lat="34.24148128076035" lon="109.04416605442242">
        <ele>417.4355081077665</ele>
        <time>2022-03-10T22:20:05Z</time>
      </trkpt>
      <trkpt lat="34.24106427420424" lon="109.0442728377396">
        <ele>416.72502772696316</ele>
        <time>2022-03-10T22:20:11Z</time>
      </trkpt>
      <trkpt lat="34.240921444951894" lon="109.04432503343082">
        <ele>417.4654734218493</ele>
        <time>2022-03-10T22:20:13Z</time>
      </trkpt>
      <trkpt lat="34.24078066029762" lon="109.0443488149317">
        <ele>417.2371074138209</ele>
        <time>2022-03-10T22:20:15Z</time>
      </trkpt>
      <trkpt lat="34.240639746791466" lon="109.0443986899315">
        <ele>417.69831357430667</ele>
        <time>2022-03-10T22:20:17Z</time>
      </trkpt>
      <trkpt lat="34.24035065865793" lon="109.04445828313796">
        <ele>417.54747336916625</ele>
        <time>2022-03-10T22:20:21Z</time>
      </trkpt>
      <trkpt lat="34.2399266529046" lon="109.04457209340798">
        <ele>416.5643094582483</ele>
        <time>2022-03-10T22:20:27Z</time>
      </trkpt>
      <trkpt lat="34.23978236533346" lon="109.04461911640246">
        <ele>415.81906337756664</ele>
        <time>2022-03-10T22:20:29Z</time>
      </trkpt>
      <trkpt lat="34.239639192594375" lon="109.04464326862256">
        <ele>415.7604239070788</ele>
        <time>2022-03-10T22:20:31Z</time>
      </trkpt>
      <trkpt lat="34.23920639240295" lon="109.04476972546777">
        <ele>416.1368878753856</ele>
        <time>2022-03-10T22:20:37Z</time>
      </trkpt>
      <trkpt lat="34.23865060354645" lon="109.04482386279875">
        <ele>417.02959193009883</ele>
        <time>2022-03-10T22:20:45Z</time>
      </trkpt>
      <trkpt lat="34.23825928879041" lon="109.04482582750971">
        <ele>417.6454939665273</ele>
        <time>2022-03-10T22:20:51Z</time>
      </trkpt>
      <trkpt lat="34.237730179598536" lon="109.04476272757815">
        <ele>418.0744313187897</ele>
        <time>2022-03-10T22:20:59Z</time>
      </trkpt>
      <trkpt lat="34.23729250183418" lon="109.04471858330874">
        <ele>418.4020016249269</ele>
        <time>2022-03-10T22:21:05Z</time>
      </trkpt>
      <trkpt lat="34.2367188866932" lon="109.04466023060503">
        <ele>419.39702275488526</ele>
        <time>2022-03-10T22:21:13Z</time>
      </trkpt>
      <trkpt lat="34.23617572732745" lon="109.04459811456397">
        <ele>419.340010185726</ele>
        <time>2022-03-10T22:21:21Z</time>
      </trkpt>
      <trkpt lat="34.23572746057736" lon="109.04455253831458">
        <ele>419.10493447072804</ele>
        <time>2022-03-10T22:21:28Z</time>
      </trkpt>
      <trkpt lat="34.23540115288993" lon="109.04451501570449">
        <ele>419.10273937508464</ele>
        <time>2022-03-10T22:21:34Z</time>
      </trkpt>
      <trkpt lat="34.23531419801769" lon="109.0444897622071">
        <ele>419.1609331863001</ele>
        <time>2022-03-10T22:21:36Z</time>
      </trkpt>
      <trkpt lat="34.23525275432703" lon="109.04443915871434">
        <ele>418.41195959225297</ele>
        <time>2022-03-10T22:21:40Z</time>
      </trkpt>
      <trkpt lat="34.2352637628719" lon="109.04442444668766">
        <ele>418.5565087534487</ele>
        <time>2022-03-10T22:21:50Z</time>
      </trkpt>
      <trkpt lat="34.235252666815555" lon="109.04453221217729">
        <ele>418.85389291588217</ele>
        <time>2022-03-10T22:22:25Z</time>
      </trkpt>
      <trkpt lat="34.23535347496609" lon="109.04460208082406">
        <ele>418.95523573458195</ele>
        <time>2022-03-10T22:22:29Z</time>
      </trkpt>
      <trkpt lat="34.235374799700324" lon="109.04459927568013">
        <ele>418.9706235015765</ele>
        <time>2022-03-10T22:22:39Z</time>
      </trkpt>
      <trkpt lat="34.23562072652909" lon="109.04460902335647">
        <ele>419.29458166193217</ele>
        <time>2022-03-10T22:24:11Z</time>
      </trkpt>
      <trkpt lat="34.23609897443233" lon="109.04465191624853">
        <ele>419.0134655404836</ele>
        <time>2022-03-10T22:24:21Z</time>
      </trkpt>
      <trkpt lat="34.236644674641354" lon="109.04471720318898">
        <ele>419.2919869469479</ele>
        <time>2022-03-10T22:24:29Z</time>
      </trkpt>
      <trkpt lat="34.23712652423" lon="109.04476841755623">
        <ele>418.99014276918024</ele>
        <time>2022-03-10T22:24:35Z</time>
      </trkpt>
      <trkpt lat="34.23764727850347" lon="109.04483140366173">
        <ele>418.2287989873439</ele>
        <time>2022-03-10T22:24:41Z</time>
      </trkpt>
      <trkpt lat="34.238173006538695" lon="109.04488703003632">
        <ele>418.19094542227685</ele>
        <time>2022-03-10T22:24:47Z</time>
      </trkpt>
      <trkpt lat="34.238710787510215" lon="109.04490668257546">
        <ele>417.714925436303</ele>
        <time>2022-03-10T22:24:53Z</time>
      </trkpt>
      <trkpt lat="34.23925240562193" lon="109.04483405159174">
        <ele>416.8226549020037</ele>
        <time>2022-03-10T22:24:59Z</time>
      </trkpt>
      <trkpt lat="34.23961712773614" lon="109.04475147888397">
        <ele>416.1110145179555</ele>
        <time>2022-03-10T22:25:03Z</time>
      </trkpt>
      <trkpt lat="34.240169625558075" lon="109.04459531050728">
        <ele>415.7659368151799</ele>
        <time>2022-03-10T22:25:09Z</time>
      </trkpt>
      <trkpt lat="34.2405358436994" lon="109.04448040872295">
        <ele>416.48366159014404</ele>
        <time>2022-03-10T22:25:13Z</time>
      </trkpt>
      <trkpt lat="34.24091117778768" lon="109.0443960230001">
        <ele>416.5980520164594</ele>
        <time>2022-03-10T22:25:17Z</time>
      </trkpt>
      <trkpt lat="34.24146443389159" lon="109.04423145693991">
        <ele>417.7717439373955</ele>
        <time>2022-03-10T22:25:23Z</time>
      </trkpt>
      <trkpt lat="34.242020624859386" lon="109.04409430284213">
        <ele>416.34459562785923</ele>
        <time>2022-03-10T22:25:29Z</time>
      </trkpt>
      <trkpt lat="34.24249007611161" lon="109.04402677058224">
        <ele>416.1894576391205</ele>
        <time>2022-03-10T22:25:34Z</time>
      </trkpt>
      <trkpt lat="34.24304047659557" lon="109.04393255426372">
        <ele>417.1133593181148</ele>
        <time>2022-03-10T22:25:40Z</time>
      </trkpt>
      <trkpt lat="34.24359681306967" lon="109.04389560344546">
        <ele>417.3879920030013</ele>
        <time>2022-03-10T22:25:46Z</time>
      </trkpt>
      <trkpt lat="34.24414682486525" lon="109.04386187571383">
        <ele>416.24065534118563</ele>
        <time>2022-03-10T22:25:52Z</time>
      </trkpt>
      <trkpt lat="34.24432788491212" lon="109.04384042246977">
        <ele>416.5759185459465</ele>
        <time>2022-03-10T22:25:54Z</time>
      </trkpt>
      <trkpt lat="34.24451076454611" lon="109.04384066720276">
        <ele>417.2998409094289</ele>
        <time>2022-03-10T22:25:56Z</time>
      </trkpt>
      <trkpt lat="34.24469037169296" lon="109.04381470251343">
        <ele>417.7218323154375</ele>
        <time>2022-03-10T22:25:58Z</time>
      </trkpt>
      <trkpt lat="34.24525041449176" lon="109.04379714722602">
        <ele>416.75336324237287</ele>
        <time>2022-03-10T22:26:04Z</time>
      </trkpt>
      <trkpt lat="34.24543887712551" lon="109.04381730668504">
        <ele>417.3638103734702</ele>
        <time>2022-03-10T22:26:06Z</time>
      </trkpt>
      <trkpt lat="34.24562430947579" lon="109.04378449646116">
        <ele>416.29870578926057</ele>
        <time>2022-03-10T22:26:08Z</time>
      </trkpt>
      <trkpt lat="34.24598940492034" lon="109.04379377092263">
        <ele>415.1281614629552</ele>
        <time>2022-03-10T22:26:14Z</time>
      </trkpt>
      <trkpt lat="34.24606770798662" lon="109.0437559583074">
        <ele>415.39740387164056</ele>
        <time>2022-03-10T22:26:16Z</time>
      </trkpt>
      <trkpt lat="34.246207702645265" lon="109.04373798414086">
        <ele>415.5757832331583</ele>
        <time>2022-03-10T22:26:18Z</time>
      </trkpt>
      <trkpt lat="34.246325175749405" lon="109.0436911751728">
        <ele>416.6273679630831</ele>
        <time>2022-03-10T22:26:20Z</time>
      </trkpt>
      <trkpt lat="34.24679910349706" lon="109.04362717380323">
        <ele>415.9440578715876</ele>
        <time>2022-03-10T22:26:26Z</time>
      </trkpt>
      <trkpt lat="34.24730853400742" lon="109.04354097008341">
        <ele>415.05892895534635</ele>
        <time>2022-03-10T22:26:32Z</time>
      </trkpt>
      <trkpt lat="34.24783605223783" lon="109.0434543412483">
        <ele>413.6804490443319</ele>
        <time>2022-03-10T22:26:38Z</time>
      </trkpt>
      <trkpt lat="34.248401215915266" lon="109.04336223634778">
        <ele>412.7077019838616</ele>
        <time>2022-03-10T22:26:44Z</time>
      </trkpt>
      <trkpt lat="34.24897534123939" lon="109.04328198592653">
        <ele>412.8540561068803</ele>
        <time>2022-03-10T22:26:50Z</time>
      </trkpt>
      <trkpt lat="34.2495315528568" lon="109.04317600548481">
        <ele>413.18999810144305</ele>
        <time>2022-03-10T22:26:56Z</time>
      </trkpt>
      <trkpt lat="34.249981959408565" lon="109.04302935148189">
        <ele>413.92356809880584</ele>
        <time>2022-03-10T22:27:01Z</time>
      </trkpt>
      <trkpt lat="34.25050526052309" lon="109.04278158465007">
        <ele>414.3095053359866</ele>
        <time>2022-03-10T22:27:07Z</time>
      </trkpt>
      <trkpt lat="34.25099313370298" lon="109.04249968252502">
        <ele>414.2125170631334</ele>
        <time>2022-03-10T22:27:13Z</time>
      </trkpt>
      <trkpt lat="34.25146099667654" lon="109.04220655013421">
        <ele>413.96394573152065</ele>
        <time>2022-03-10T22:27:19Z</time>
      </trkpt>
      <trkpt lat="34.25192569716925" lon="109.04191253011403">
        <ele>413.79870433826</ele>
        <time>2022-03-10T22:27:25Z</time>
      </trkpt>
      <trkpt lat="34.25239407223964" lon="109.0416266572208">
        <ele>413.16539550200105</ele>
        <time>2022-03-10T22:27:31Z</time>
      </trkpt>
      <trkpt lat="34.25268036397902" lon="109.04145863704935">
        <ele>412.75669682212174</ele>
        <time>2022-03-10T22:27:35Z</time>
      </trkpt>
      <trkpt lat="34.25325380107854" lon="109.04119716848831">
        <ele>412.7483738902956</ele>
        <time>2022-03-10T22:27:42Z</time>
      </trkpt>
      <trkpt lat="34.25376175789936" lon="109.0409293553467">
        <ele>413.77138860616833</ele>
        <time>2022-03-10T22:27:48Z</time>
      </trkpt>
      <trkpt lat="34.25425572801006" lon="109.04062836278429">
        <ele>413.1789973061532</ele>
        <time>2022-03-10T22:27:54Z</time>
      </trkpt>
      <trkpt lat="34.25476164439837" lon="109.04037761228943">
        <ele>412.54562381189317</ele>
        <time>2022-03-10T22:28:00Z</time>
      </trkpt>
      <trkpt lat="34.25507165079696" lon="109.04024386574771">
        <ele>411.1591876419261</ele>
        <time>2022-03-10T22:28:04Z</time>
      </trkpt>
      <trkpt lat="34.255371783187336" lon="109.04019839037694">
        <ele>411.25239078886807</ele>
        <time>2022-03-10T22:28:08Z</time>
      </trkpt>
      <trkpt lat="34.25551112410556" lon="109.04014076587863">
        <ele>410.8070719987154</ele>
        <time>2022-03-10T22:28:10Z</time>
      </trkpt>
      <trkpt lat="34.25564315006009" lon="109.04005646886375">
        <ele>411.20778016746044</ele>
        <time>2022-03-10T22:28:12Z</time>
      </trkpt>
      <trkpt lat="34.256069886750375" lon="109.03991396351122">
        <ele>410.91644051205367</ele>
        <time>2022-03-10T22:28:18Z</time>
      </trkpt>
      <trkpt lat="34.25623007400139" lon="109.03994410867435">
        <ele>410.1563328942284</ele>
        <time>2022-03-10T22:28:20Z</time>
      </trkpt>
      <trkpt lat="34.2566606913256" lon="109.03982167606634">
        <ele>410.11409878451377</ele>
        <time>2022-03-10T22:28:26Z</time>
      </trkpt>
      <trkpt lat="34.25711920088649" lon="109.03969042441699">
        <ele>406.6462617572397</ele>
        <time>2022-03-10T22:28:32Z</time>
      </trkpt>
      <trkpt lat="34.25761096864847" lon="109.03950030908902">
        <ele>407.9931106688455</ele>
        <time>2022-03-10T22:28:38Z</time>
      </trkpt>
      <trkpt lat="34.25814907332393" lon="109.0393850624792">
        <ele>408.3360341200605</ele>
        <time>2022-03-10T22:28:44Z</time>
      </trkpt>
      <trkpt lat="34.25869293042182" lon="109.03926099855563">
        <ele>409.21773040667176</ele>
        <time>2022-03-10T22:28:50Z</time>
      </trkpt>
      <trkpt lat="34.25924281493485" lon="109.03913136266738">
        <ele>407.98002702277154</ele>
        <time>2022-03-10T22:28:56Z</time>
      </trkpt>
      <trkpt lat="34.25979835614646" lon="109.03901312122422">
        <ele>408.27499544993043</ele>
        <time>2022-03-10T22:29:02Z</time>
      </trkpt>
      <trkpt lat="34.26032833306954" lon="109.03889041565785">
        <ele>407.4664664911106</ele>
        <time>2022-03-10T22:29:08Z</time>
      </trkpt>
      <trkpt lat="34.26080605000724" lon="109.03879574624347">
        <ele>407.17336666584015</ele>
        <time>2022-03-10T22:29:14Z</time>
      </trkpt>
      <trkpt lat="34.26099257257825" lon="109.03874532561788">
        <ele>407.3674920964986</ele>
        <time>2022-03-10T22:29:28Z</time>
      </trkpt>
      <trkpt lat="34.26116163558064" lon="109.03866338575789">
        <ele>407.93861100263894</ele>
        <time>2022-03-10T22:29:55Z</time>
      </trkpt>
      <trkpt lat="34.26139905904298" lon="109.03856471626284">
        <ele>408.8708445727825</ele>
        <time>2022-03-10T22:30:00Z</time>
      </trkpt>
      <trkpt lat="34.261532642799835" lon="109.03848642987882">
        <ele>408.61730440240353</ele>
        <time>2022-03-10T22:30:02Z</time>
      </trkpt>
      <trkpt lat="34.26187805257517" lon="109.03839015858757">
        <ele>408.6861851653084</ele>
        <time>2022-03-10T22:30:06Z</time>
      </trkpt>
      <trkpt lat="34.26223133347891" lon="109.03826890769992">
        <ele>408.8154552998021</ele>
        <time>2022-03-10T22:30:10Z</time>
      </trkpt>
      <trkpt lat="34.262434639025265" lon="109.03827406070049">
        <ele>408.94373843446374</ele>
        <time>2022-03-10T22:30:12Z</time>
      </trkpt>
      <trkpt lat="34.262619182912886" lon="109.03821172200519">
        <ele>408.90287405624986</ele>
        <time>2022-03-10T22:30:14Z</time>
      </trkpt>
      <trkpt lat="34.2627852035352" lon="109.03807677217176">
        <ele>408.7659766105935</ele>
        <time>2022-03-10T22:30:16Z</time>
      </trkpt>
      <trkpt lat="34.26333822542152" lon="109.03789038565313">
        <ele>408.5335472607985</ele>
        <time>2022-03-10T22:30:22Z</time>
      </trkpt>
      <trkpt lat="34.26370316673519" lon="109.0377931322857">
        <ele>407.86439781356603</ele>
        <time>2022-03-10T22:30:26Z</time>
      </trkpt>
      <trkpt lat="34.26388265922156" lon="109.03771853976143">
        <ele>408.8338635805994</ele>
        <time>2022-03-10T22:30:28Z</time>
      </trkpt>
      <trkpt lat="34.26443264275834" lon="109.03757049592234">
        <ele>407.44145622849464</ele>
        <time>2022-03-10T22:30:34Z</time>
      </trkpt>
      <trkpt lat="34.26498872597797" lon="109.03739614502513">
        <ele>405.8798439092934</ele>
        <time>2022-03-10T22:30:40Z</time>
      </trkpt>
      <trkpt lat="34.26517319636608" lon="109.03733434234772">
        <ele>406.4553801175207</ele>
        <time>2022-03-10T22:30:42Z</time>
      </trkpt>
      <trkpt lat="34.26535998105542" lon="109.03732243202295">
        <ele>406.5781514951959</ele>
        <time>2022-03-10T22:30:44Z</time>
      </trkpt>
      <trkpt lat="34.2655615503703" lon="109.03727512783003">
        <ele>406.2538190064952</ele>
        <time>2022-03-10T22:30:46Z</time>
      </trkpt>
      <trkpt lat="34.26574253222844" lon="109.03719927251795">
        <ele>405.28904099110514</ele>
        <time>2022-03-10T22:30:48Z</time>
      </trkpt>
      <trkpt lat="34.266312988700214" lon="109.0370848331192">
        <ele>405.1111932769418</ele>
        <time>2022-03-10T22:30:54Z</time>
      </trkpt>
      <trkpt lat="34.26668546702392" lon="109.03696565251691">
        <ele>405.17064906284213</ele>
        <time>2022-03-10T22:30:58Z</time>
      </trkpt>
      <trkpt lat="34.26724642406687" lon="109.0368286615076">
        <ele>405.23427735082805</ele>
        <time>2022-03-10T22:31:04Z</time>
      </trkpt>
      <trkpt lat="34.26763050136635" lon="109.0367475316444">
        <ele>405.9078542776406</ele>
        <time>2022-03-10T22:31:08Z</time>
      </trkpt>
      <trkpt lat="34.26800572939512" lon="109.03661580369393">
        <ele>405.1108589116484</ele>
        <time>2022-03-10T22:31:12Z</time>
      </trkpt>
      <trkpt lat="34.268560321031785" lon="109.03645204666205">
        <ele>404.6110322661698</ele>
        <time>2022-03-10T22:31:18Z</time>
      </trkpt>
      <trkpt lat="34.26892718450196" lon="109.03632392787566">
        <ele>404.91661841608584</ele>
        <time>2022-03-10T22:31:22Z</time>
      </trkpt>
      <trkpt lat="34.26930198325588" lon="109.03629292545253">
        <ele>404.55099325813353</ele>
        <time>2022-03-10T22:31:26Z</time>
      </trkpt>
      <trkpt lat="34.26969136958066" lon="109.03629967109327">
        <ele>404.46427699923515</ele>
        <time>2022-03-10T22:31:30Z</time>
      </trkpt>
      <trkpt lat="34.2698705164499" lon="109.03628281457466">
        <ele>404.5111905504018</ele>
        <time>2022-03-10T22:31:32Z</time>
      </trkpt>
      <trkpt lat="34.27046135820073" lon="109.03633084968256">
        <ele>404.6360867321491</ele>
        <time>2022-03-10T22:31:38Z</time>
      </trkpt>
      <trkpt lat="34.270861900663995" lon="109.03636456678761">
        <ele>404.05347601603717</ele>
        <time>2022-03-10T22:31:42Z</time>
      </trkpt>
      <trkpt lat="34.271446723703036" lon="109.03632829098677">
        <ele>403.85586505010724</ele>
        <time>2022-03-10T22:31:48Z</time>
      </trkpt>
      <trkpt lat="34.27202995970355" lon="109.03626590340508">
        <ele>404.6616512844339</ele>
        <time>2022-03-10T22:31:54Z</time>
      </trkpt>
      <trkpt lat="34.27261888470549" lon="109.0362211219185">
        <ele>404.74115632567555</ele>
        <time>2022-03-10T22:32:00Z</time>
      </trkpt>
      <trkpt lat="34.27301144174617" lon="109.03619777904738">
        <ele>403.49186893273145</ele>
        <time>2022-03-10T22:32:04Z</time>
      </trkpt>
      <trkpt lat="34.273575489318034" lon="109.03605485837761">
        <ele>404.15136594697833</ele>
        <time>2022-03-10T22:32:10Z</time>
      </trkpt>
      <trkpt lat="34.27414388337646" lon="109.03592911296973">
        <ele>403.81632759142667</ele>
        <time>2022-03-10T22:32:16Z</time>
      </trkpt>
      <trkpt lat="34.27461886487467" lon="109.03580044487751">
        <ele>403.84886486362666</ele>
        <time>2022-03-10T22:32:22Z</time>
      </trkpt>
      <trkpt lat="34.27507519095353" lon="109.0356949973209">
        <ele>403.71500577777624</ele>
        <time>2022-03-10T22:32:30Z</time>
      </trkpt>
      <trkpt lat="34.27514089352884" lon="109.03566536706194">
        <ele>404.1011612601578</ele>
        <time>2022-03-10T22:32:39Z</time>
      </trkpt>
      <trkpt lat="34.27537575427243" lon="109.0355656585489">
        <ele>404.3312880406156</ele>
        <time>2022-03-10T22:33:06Z</time>
      </trkpt>
      <trkpt lat="34.27559920107445" lon="109.03548261398976">
        <ele>403.7581745553762</ele>
        <time>2022-03-10T22:33:10Z</time>
      </trkpt>
      <trkpt lat="34.27606642955965" lon="109.0354049974591">
        <ele>404.2459551477805</ele>
        <time>2022-03-10T22:33:16Z</time>
      </trkpt>
      <trkpt lat="34.276647025047474" lon="109.03535425617484">
        <ele>403.70858480315655</ele>
        <time>2022-03-10T22:33:22Z</time>
      </trkpt>
      <trkpt lat="34.277219326932716" lon="109.03529338575193">
        <ele>404.282130391337</ele>
        <time>2022-03-10T22:33:28Z</time>
      </trkpt>
      <trkpt lat="34.27780879752653" lon="109.03523686451379">
        <ele>403.77019932866096</ele>
        <time>2022-03-10T22:33:34Z</time>
      </trkpt>
      <trkpt lat="34.278423695706756" lon="109.03516075914747">
        <ele>403.08585929870605</ele>
        <time>2022-03-10T22:33:40Z</time>
      </trkpt>
      <trkpt lat="34.27905073776065" lon="109.03511250589646">
        <ele>403.6312938965857</ele>
        <time>2022-03-10T22:33:46Z</time>
      </trkpt>
      <trkpt lat="34.27969509971767" lon="109.03504419844484">
        <ele>403.6457947380841</ele>
        <time>2022-03-10T22:33:52Z</time>
      </trkpt>
      <trkpt lat="34.28013238701795" lon="109.03500142050275">
        <ele>401.92653973028064</ele>
        <time>2022-03-10T22:33:56Z</time>
      </trkpt>
      <trkpt lat="34.28057493138458" lon="109.03491196498824">
        <ele>401.2546829022467</ele>
        <time>2022-03-10T22:34:00Z</time>
      </trkpt>
      <trkpt lat="34.28078804934643" lon="109.03485409309036">
        <ele>400.50155821722</ele>
        <time>2022-03-10T22:34:02Z</time>
      </trkpt>
      <trkpt lat="34.28120554607451" lon="109.03467727861272">
        <ele>400.3012626012787</ele>
        <time>2022-03-10T22:34:06Z</time>
      </trkpt>
      <trkpt lat="34.281605476462516" lon="109.03446665459931">
        <ele>400.6360330283642</ele>
        <time>2022-03-10T22:34:10Z</time>
      </trkpt>
      <trkpt lat="34.281975768128454" lon="109.03421101597627">
        <ele>401.2469998439774</ele>
        <time>2022-03-10T22:34:14Z</time>
      </trkpt>
      <trkpt lat="34.28233431512469" lon="109.03390109017435">
        <ele>400.32724527828395</ele>
        <time>2022-03-10T22:34:18Z</time>
      </trkpt>
      <trkpt lat="34.282850536330734" lon="109.03344033619446">
        <ele>399.9531970946118</ele>
        <time>2022-03-10T22:34:24Z</time>
      </trkpt>
      <trkpt lat="34.283218034533405" lon="109.03308747169916">
        <ele>399.3520516483113</ele>
        <time>2022-03-10T22:34:28Z</time>
      </trkpt>
      <trkpt lat="34.28360810708069" lon="109.0327795257316">
        <ele>399.0437723696232</ele>
        <time>2022-03-10T22:34:32Z</time>
      </trkpt>
      <trkpt lat="34.28407311945321" lon="109.03239216787215">
        <ele>399.7309904396534</ele>
        <time>2022-03-10T22:34:37Z</time>
      </trkpt>
      <trkpt lat="34.28443046777749" lon="109.03206219818868">
        <ele>400.45391646400094</ele>
        <time>2022-03-10T22:34:41Z</time>
      </trkpt>
      <trkpt lat="34.28461588781334" lon="109.03192447625985">
        <ele>400.0670729363337</ele>
        <time>2022-03-10T22:34:43Z</time>
      </trkpt>
      <trkpt lat="34.284982504551216" lon="109.03160560007431">
        <ele>399.75961344596</ele>
        <time>2022-03-10T22:34:47Z</time>
      </trkpt>
      <trkpt lat="34.28516702967242" lon="109.03142562639248">
        <ele>401.14778196346015</ele>
        <time>2022-03-10T22:34:49Z</time>
      </trkpt>
      <trkpt lat="34.28554952045952" lon="109.03115256594155">
        <ele>400.3945438778028</ele>
        <time>2022-03-10T22:34:53Z</time>
      </trkpt>
      <trkpt lat="34.28574440183341" lon="109.03102323626943">
        <ele>401.6343478644267</ele>
        <time>2022-03-10T22:34:55Z</time>
      </trkpt>
      <trkpt lat="34.28615766688074" lon="109.03083231134082">
        <ele>400.18932112585753</ele>
        <time>2022-03-10T22:34:59Z</time>
      </trkpt>
      <trkpt lat="34.286576836127374" lon="109.0306889632364">
        <ele>400.3011952545494</ele>
        <time>2022-03-10T22:35:03Z</time>
      </trkpt>
      <trkpt lat="34.287177856973926" lon="109.03045674701913">
        <ele>400.51355935260653</ele>
        <time>2022-03-10T22:35:09Z</time>
      </trkpt>
      <trkpt lat="34.28757259402475" lon="109.03030536502592">
        <ele>400.6852137260139</ele>
        <time>2022-03-10T22:35:13Z</time>
      </trkpt>
      <trkpt lat="34.287758035195594" lon="109.03025117419541">
        <ele>399.99362061172724</ele>
        <time>2022-03-10T22:35:15Z</time>
      </trkpt>
      <trkpt lat="34.28836984961114" lon="109.02999497141032">
        <ele>400.5176087068394</ele>
        <time>2022-03-10T22:35:21Z</time>
      </trkpt>
      <trkpt lat="34.28880619065618" lon="109.02982651728085">
        <ele>399.3064484084025</ele>
        <time>2022-03-10T22:35:25Z</time>
      </trkpt>
      <trkpt lat="34.28926343270494" lon="109.02970792440274">
        <ele>397.85005249269307</ele>
        <time>2022-03-10T22:35:29Z</time>
      </trkpt>
      <trkpt lat="34.289721581756694" lon="109.02963987427052">
        <ele>397.54615593515337</ele>
        <time>2022-03-10T22:35:33Z</time>
      </trkpt>
      <trkpt lat="34.29019149018992" lon="109.02961551727667">
        <ele>398.9356554541737</ele>
        <time>2022-03-10T22:35:37Z</time>
      </trkpt>
      <trkpt lat="34.29042245189402" lon="109.02961216049253">
        <ele>398.72223073709756</ele>
        <time>2022-03-10T22:35:39Z</time>
      </trkpt>
      <trkpt lat="34.29058805313202" lon="109.02967454935393">
        <ele>398.98038097284734</ele>
        <time>2022-03-10T22:35:41Z</time>
      </trkpt>
      <trkpt lat="34.2910999359161" lon="109.02966858167757">
        <ele>399.9657224835828</ele>
        <time>2022-03-10T22:35:45Z</time>
      </trkpt>
      <trkpt lat="34.29159087182094" lon="109.02965161499812">
        <ele>399.4114369219169</ele>
        <time>2022-03-10T22:35:49Z</time>
      </trkpt>
      <trkpt lat="34.29181383305126" lon="109.02965931673597">
        <ele>398.26368555240333</ele>
        <time>2022-03-10T22:35:51Z</time>
      </trkpt>
      <trkpt lat="34.292384972196885" lon="109.02956948942736">
        <ele>398.7383268857375</ele>
        <time>2022-03-10T22:35:57Z</time>
      </trkpt>
      <trkpt lat="34.29287847461587" lon="109.02945923981933">
        <ele>397.65745084453374</ele>
        <time>2022-03-10T22:36:03Z</time>
      </trkpt>
      <trkpt lat="34.29335927131779" lon="109.02934711002106">
        <ele>397.84650977514684</ele>
        <time>2022-03-10T22:36:10Z</time>
      </trkpt>
      <trkpt lat="34.2935166489697" lon="109.0293314055668">
        <ele>397.87492094468325</ele>
        <time>2022-03-10T22:36:26Z</time>
      </trkpt>
      <trkpt lat="34.29351512103517" lon="109.0293423768708">
        <ele>398.28348464425653</ele>
        <time>2022-03-10T22:36:34Z</time>
      </trkpt>
      <trkpt lat="34.29361762699361" lon="109.02928299537702">
        <ele>398.3480101330206</ele>
        <time>2022-03-10T22:37:21Z</time>
      </trkpt>
      <trkpt lat="34.293932724258724" lon="109.0292224901097">
        <ele>398.47068756911904</ele>
        <time>2022-03-10T22:37:29Z</time>
      </trkpt>
      <trkpt lat="34.294032831293286" lon="109.02932841632531">
        <ele>398.6094982866198</ele>
        <time>2022-03-10T22:37:33Z</time>
      </trkpt>
      <trkpt lat="34.29412993940773" lon="109.02933477129662">
        <ele>398.57570484280586</ele>
        <time>2022-03-10T22:37:35Z</time>
      </trkpt>
      <trkpt lat="34.29447116286708" lon="109.02920394686747">
        <ele>397.8611332606524</ele>
        <time>2022-03-10T22:37:41Z</time>
      </trkpt>
      <trkpt lat="34.294720322291134" lon="109.02915714377089">
        <ele>398.2326467540115</ele>
        <time>2022-03-10T22:37:45Z</time>
      </trkpt>
      <trkpt lat="34.29512013070846" lon="109.02904521347904">
        <ele>397.5434099007398</ele>
        <time>2022-03-10T22:37:51Z</time>
      </trkpt>
      <trkpt lat="34.29526216837596" lon="109.02898707356682">
        <ele>397.7029285999015</ele>
        <time>2022-03-10T22:37:53Z</time>
      </trkpt>
      <trkpt lat="34.2957008902312" lon="109.02887949269758">
        <ele>397.3044336922467</ele>
        <time>2022-03-10T22:37:59Z</time>
      </trkpt>
      <trkpt lat="34.29598540246794" lon="109.02887013736132">
        <ele>397.27229123096913</ele>
        <time>2022-03-10T22:38:03Z</time>
      </trkpt>
      <trkpt lat="34.29636615033933" lon="109.02899710221877">
        <ele>396.70113115757704</ele>
        <time>2022-03-10T22:38:09Z</time>
      </trkpt>
      <trkpt lat="34.29656517707647" lon="109.02902198435342">
        <ele>396.56428298167884</ele>
        <time>2022-03-10T22:38:12Z</time>
      </trkpt>
      <trkpt lat="34.29684073398804" lon="109.02889237222081">
        <ele>396.3208944564685</ele>
        <time>2022-03-10T22:38:16Z</time>
      </trkpt>
      <trkpt lat="34.296978352632095" lon="109.02879600798653">
        <ele>396.6370247909799</ele>
        <time>2022-03-10T22:38:18Z</time>
      </trkpt>
      <trkpt lat="34.2972645019681" lon="109.02870648220771">
        <ele>396.52183253038675</ele>
        <time>2022-03-10T22:38:22Z</time>
      </trkpt>
      <trkpt lat="34.29754112180268" lon="109.02868993317388">
        <ele>394.8388019828126</ele>
        <time>2022-03-10T22:38:26Z</time>
      </trkpt>
      <trkpt lat="34.29808407259556" lon="109.02871844572644">
        <ele>395.05462614353746</ele>
        <time>2022-03-10T22:38:34Z</time>
      </trkpt>
      <trkpt lat="34.2982992107287" lon="109.02871054102285">
        <ele>393.7541596023366</ele>
        <time>2022-03-10T22:38:38Z</time>
      </trkpt>
      <trkpt lat="34.298503684120874" lon="109.02863179106842">
        <ele>394.5249154008925</ele>
        <time>2022-03-10T22:38:46Z</time>
      </trkpt>
      <trkpt lat="34.29865611109649" lon="109.02861809668512">
        <ele>394.635327369906</ele>
        <time>2022-03-10T22:38:50Z</time>
      </trkpt>
      <trkpt lat="34.29872617682368" lon="109.0286427009505">
        <ele>394.77704488206655</ele>
        <time>2022-03-10T22:38:52Z</time>
      </trkpt>
      <trkpt lat="34.2988108268623" lon="109.02859419003688">
        <ele>394.4119083210826</ele>
        <time>2022-03-10T22:38:54Z</time>
      </trkpt>
      <trkpt lat="34.29915443501346" lon="109.02851270941267">
        <ele>394.09737032465637</ele>
        <time>2022-03-10T22:39:00Z</time>
      </trkpt>
      <trkpt lat="34.29969582243869" lon="109.02844653860227">
        <ele>392.8912153933197</ele>
        <time>2022-03-10T22:39:08Z</time>
      </trkpt>
      <trkpt lat="34.29999454833367" lon="109.02837898133907">
        <ele>392.5143737150356</ele>
        <time>2022-03-10T22:39:12Z</time>
      </trkpt>
      <trkpt lat="34.30027457650133" lon="109.02835455290514">
        <ele>391.92436567880213</ele>
        <time>2022-03-10T22:39:16Z</time>
      </trkpt>
      <trkpt lat="34.3007343311513" lon="109.02824210648338">
        <ele>392.0591683490202</ele>
        <time>2022-03-10T22:39:22Z</time>
      </trkpt>
      <trkpt lat="34.30119364526601" lon="109.02809568402961">
        <ele>392.8311197189614</ele>
        <time>2022-03-10T22:39:28Z</time>
      </trkpt>
      <trkpt lat="34.301336211294654" lon="109.02805253410546">
        <ele>393.42606319952756</ele>
        <time>2022-03-10T22:39:30Z</time>
      </trkpt>
      <trkpt lat="34.3016248329743" lon="109.02791301519858">
        <ele>393.67844830360264</ele>
        <time>2022-03-10T22:39:34Z</time>
      </trkpt>
      <trkpt lat="34.30204463131579" lon="109.0276679579733">
        <ele>392.67563474550843</ele>
        <time>2022-03-10T22:39:40Z</time>
      </trkpt>
      <trkpt lat="34.3021847270094" lon="109.02759849375163">
        <ele>392.3411265257746</ele>
        <time>2022-03-10T22:39:42Z</time>
      </trkpt>
      <trkpt lat="34.302435976865965" lon="109.02739177259423">
        <ele>392.38704085629433</ele>
        <time>2022-03-10T22:39:46Z</time>
      </trkpt>
      <trkpt lat="34.302843336247534" lon="109.02692184723907">
        <ele>391.5107357343659</ele>
        <time>2022-03-10T22:39:54Z</time>
      </trkpt>
      <trkpt lat="34.30305161449786" lon="109.02669818278409">
        <ele>390.90816146787256</ele>
        <time>2022-03-10T22:39:58Z</time>
      </trkpt>
      <trkpt lat="34.303203312998015" lon="109.02646625848391">
        <ele>391.1075385902077</ele>
        <time>2022-03-10T22:40:02Z</time>
      </trkpt>
      <trkpt lat="34.30343435230062" lon="109.02617984635026">
        <ele>391.9373881900683</ele>
        <time>2022-03-10T22:40:08Z</time>
      </trkpt>
      <trkpt lat="34.30341584053476" lon="109.02600961331923">
        <ele>391.1582316849381</ele>
        <time>2022-03-10T22:40:12Z</time>
      </trkpt>
      <trkpt lat="34.303436941248506" lon="109.02590424742053">
        <ele>391.87493748310953</ele>
        <time>2022-03-10T22:40:14Z</time>
      </trkpt>
      <trkpt lat="34.30366937276868" lon="109.02536943529287">
        <ele>393.1879247939214</ele>
        <time>2022-03-10T22:40:22Z</time>
      </trkpt>
      <trkpt lat="34.30382058002129" lon="109.02504792227661">
        <ele>392.78789031039923</ele>
        <time>2022-03-10T22:40:26Z</time>
      </trkpt>
      <trkpt lat="34.30403658313325" lon="109.02472544324407">
        <ele>392.88668762892485</ele>
        <time>2022-03-10T22:40:30Z</time>
      </trkpt>
      <trkpt lat="34.30446745417259" lon="109.0243197438457">
        <ele>392.53150691464543</ele>
        <time>2022-03-10T22:40:36Z</time>
      </trkpt>
      <trkpt lat="34.30462922964496" lon="109.02419629348576">
        <ele>393.4540129657835</ele>
        <time>2022-03-10T22:40:38Z</time>
      </trkpt>
      <trkpt lat="34.30480231046344" lon="109.02410732522331">
        <ele>393.64129923749715</ele>
        <time>2022-03-10T22:40:40Z</time>
      </trkpt>
      <trkpt lat="34.305164855976045" lon="109.02397704923358">
        <ele>393.51279143150896</ele>
        <time>2022-03-10T22:40:44Z</time>
      </trkpt>
      <trkpt lat="34.305353358608535" lon="109.02393815218187">
        <ele>394.03203647676855</ele>
        <time>2022-03-10T22:40:46Z</time>
      </trkpt>
      <trkpt lat="34.305934566375804" lon="109.02391097888865">
        <ele>393.17712151259184</ele>
        <time>2022-03-10T22:40:52Z</time>
      </trkpt>
      <trkpt lat="34.30651179420268" lon="109.0239097506433">
        <ele>393.7069839388132</ele>
        <time>2022-03-10T22:40:58Z</time>
      </trkpt>
      <trkpt lat="34.307096345523306" lon="109.02391389496981">
        <ele>392.31370546203107</ele>
        <time>2022-03-10T22:41:04Z</time>
      </trkpt>
      <trkpt lat="34.30768314261899" lon="109.02391668209788">
        <ele>392.39706870913506</ele>
        <time>2022-03-10T22:41:10Z</time>
      </trkpt>
      <trkpt lat="34.308041110814095" lon="109.02390878366599">
        <ele>391.46971932798624</ele>
        <time>2022-03-10T22:41:14Z</time>
      </trkpt>
      <trkpt lat="34.308592846029335" lon="109.02395894123252">
        <ele>391.0910240681842</ele>
        <time>2022-03-10T22:41:20Z</time>
      </trkpt>
      <trkpt lat="34.308776069148756" lon="109.0239970340683">
        <ele>390.3912088163197</ele>
        <time>2022-03-10T22:41:22Z</time>
      </trkpt>
      <trkpt lat="34.30914059303603" lon="109.02412304589983">
        <ele>390.58668862935156</ele>
        <time>2022-03-10T22:41:26Z</time>
      </trkpt>
      <trkpt lat="34.30947399469881" lon="109.02432288180037">
        <ele>391.18064674921334</ele>
        <time>2022-03-10T22:41:30Z</time>
      </trkpt>
      <trkpt lat="34.309637396143415" lon="109.02445626431835">
        <ele>391.0668284604326</ele>
        <time>2022-03-10T22:41:32Z</time>
      </trkpt>
      <trkpt lat="34.31008081631892" lon="109.02491318023942">
        <ele>390.9196693012491</ele>
        <time>2022-03-10T22:41:38Z</time>
      </trkpt>
      <trkpt lat="34.31037689316793" lon="109.02521046135766">
        <ele>391.4107119552791</ele>
        <time>2022-03-10T22:41:42Z</time>
      </trkpt>
      <trkpt lat="34.310535411872806" lon="109.02532440153233">
        <ele>391.3760961731896</ele>
        <time>2022-03-10T22:41:44Z</time>
      </trkpt>
      <trkpt lat="34.31072151784227" lon="109.02539757639748">
        <ele>391.7781106289476</ele>
        <time>2022-03-10T22:41:46Z</time>
      </trkpt>
      <trkpt lat="34.310906950303156" lon="109.02543797879004">
        <ele>391.6363136218861</ele>
        <time>2022-03-10T22:41:48Z</time>
      </trkpt>
      <trkpt lat="34.31110615736433" lon="109.02544669725891">
        <ele>391.7585512222722</ele>
        <time>2022-03-10T22:41:50Z</time>
      </trkpt>
      <trkpt lat="34.311476795740695" lon="109.02539501939798">
        <ele>391.74606483243406</ele>
        <time>2022-03-10T22:41:54Z</time>
      </trkpt>
      <trkpt lat="34.311623190642564" lon="109.0253379897869">
        <ele>391.0683844126761</ele>
        <time>2022-03-10T22:41:56Z</time>
      </trkpt>
      <trkpt lat="34.31208501908705" lon="109.02504281736705">
        <ele>391.99750304128975</ele>
        <time>2022-03-10T22:42:02Z</time>
      </trkpt>
      <trkpt lat="34.312571058145316" lon="109.02471574538704">
        <ele>391.3403700198978</ele>
        <time>2022-03-10T22:42:08Z</time>
      </trkpt>
      <trkpt lat="34.31262476769759" lon="109.02458168256821">
        <ele>390.1841507675126</ele>
        <time>2022-03-10T22:42:12Z</time>
      </trkpt>
      <trkpt lat="34.31269098184439" lon="109.02448571705872">
        <ele>391.8887416291982</ele>
        <time>2022-03-10T22:42:14Z</time>
      </trkpt>
      <trkpt lat="34.31280347827587" lon="109.02444249859947">
        <ele>391.3218948720023</ele>
        <time>2022-03-10T22:42:16Z</time>
      </trkpt>
      <trkpt lat="34.31361307970393" lon="109.02393763184715">
        <ele>391.6714480817318</ele>
        <time>2022-03-10T22:42:20Z</time>
      </trkpt>
      <trkpt lat="34.313963829512836" lon="109.02371275568181">
        <ele>391.556216920726</ele>
        <time>2022-03-10T22:42:24Z</time>
      </trkpt>
      <trkpt lat="34.31429626998729" lon="109.02344098981497">
        <ele>391.4284481611103</ele>
        <time>2022-03-10T22:42:28Z</time>
      </trkpt>
      <trkpt lat="34.31446766257995" lon="109.02332134923837">
        <ele>391.45735885668546</ele>
        <time>2022-03-10T22:42:30Z</time>
      </trkpt>
      <trkpt lat="34.31477392078641" lon="109.02305794944574">
        <ele>391.31840395834297</ele>
        <time>2022-03-10T22:42:34Z</time>
      </trkpt>
      <trkpt lat="34.31495940513739" lon="109.02286847240211">
        <ele>391.2726627504453</ele>
        <time>2022-03-10T22:42:38Z</time>
      </trkpt>
      <trkpt lat="34.31522735448263" lon="109.0226617125495">
        <ele>390.8382483534515</ele>
        <time>2022-03-10T22:42:42Z</time>
      </trkpt>
      <trkpt lat="34.315434606242995" lon="109.02245391556708">
        <ele>391.23149627260864</ele>
        <time>2022-03-10T22:42:58Z</time>
      </trkpt>
      <trkpt lat="34.315656483575125" lon="109.0223588074588">
        <ele>391.4816190795973</ele>
        <time>2022-03-10T22:43:39Z</time>
      </trkpt>
      <trkpt lat="34.31590542476401" lon="109.02215532727894">
        <ele>391.1350426925346</ele>
        <time>2022-03-10T22:43:45Z</time>
      </trkpt>
      <trkpt lat="34.31628350623177" lon="109.02194200496045">
        <ele>391.6637188429013</ele>
        <time>2022-03-10T22:43:51Z</time>
      </trkpt>
      <trkpt lat="34.31677220049771" lon="109.02179006292029">
        <ele>391.3447185745463</ele>
        <time>2022-03-10T22:43:57Z</time>
      </trkpt>
      <trkpt lat="34.31729880153052" lon="109.02171690234461">
        <ele>392.06337602064013</ele>
        <time>2022-03-10T22:44:03Z</time>
      </trkpt>
      <trkpt lat="34.31784156627357" lon="109.02165772381102">
        <ele>390.9010690608993</ele>
        <time>2022-03-10T22:44:09Z</time>
      </trkpt>
      <trkpt lat="34.31839119098774" lon="109.02160408509663">
        <ele>391.15576628316194</ele>
        <time>2022-03-10T22:44:15Z</time>
      </trkpt>
      <trkpt lat="34.31857299949693" lon="109.02156740534609">
        <ele>390.1702362401411</ele>
        <time>2022-03-10T22:44:17Z</time>
      </trkpt>
      <trkpt lat="34.31912955785711" lon="109.02153569883795">
        <ele>389.3576842704788</ele>
        <time>2022-03-10T22:44:23Z</time>
      </trkpt>
      <trkpt lat="34.31960966071279" lon="109.02155290185698">
        <ele>389.61738355085254</ele>
        <time>2022-03-10T22:44:28Z</time>
      </trkpt>
      <trkpt lat="34.32017424811456" lon="109.02161100868153">
        <ele>390.6413194248453</ele>
        <time>2022-03-10T22:44:34Z</time>
      </trkpt>
      <trkpt lat="34.32073682022819" lon="109.02168939203173">
        <ele>389.7511578220874</ele>
        <time>2022-03-10T22:44:40Z</time>
      </trkpt>
      <trkpt lat="34.32130344426293" lon="109.02175662178477">
        <ele>390.71254359092563</ele>
        <time>2022-03-10T22:44:46Z</time>
      </trkpt>
      <trkpt lat="34.32187465343714" lon="109.02183950808424">
        <ele>390.86921263020486</ele>
        <time>2022-03-10T22:44:52Z</time>
      </trkpt>
      <trkpt lat="34.32243212037847" lon="109.02192470539046">
        <ele>389.75564525462687</ele>
        <time>2022-03-10T22:44:58Z</time>
      </trkpt>
      <trkpt lat="34.32276866672276" lon="109.02197354877643">
        <ele>389.54982455447316</ele>
        <time>2022-03-10T22:45:02Z</time>
      </trkpt>
      <trkpt lat="34.32302044398009" lon="109.0219790269271">
        <ele>388.3518883353099</ele>
        <time>2022-03-10T22:45:06Z</time>
      </trkpt>
      <trkpt lat="34.323124626338306" lon="109.02195039000935">
        <ele>389.1946231080219</ele>
        <time>2022-03-10T22:45:08Z</time>
      </trkpt>
      <trkpt lat="34.323247321206786" lon="109.02194803827375">
        <ele>389.9214956201613</ele>
        <time>2022-03-10T22:45:10Z</time>
      </trkpt>
      <trkpt lat="34.323710477441814" lon="109.02188283724101">
        <ele>389.98454842623323</ele>
        <time>2022-03-10T22:45:16Z</time>
      </trkpt>
      <trkpt lat="34.32389656447591" lon="109.0218686040099">
        <ele>389.89235806278884</ele>
        <time>2022-03-10T22:45:18Z</time>
      </trkpt>
      <trkpt lat="34.32445086320416" lon="109.02174104984287">
        <ele>387.83269304875284</ele>
        <time>2022-03-10T22:45:24Z</time>
      </trkpt>
      <trkpt lat="34.324633279024944" lon="109.02169137351972">
        <ele>387.5966324787587</ele>
        <time>2022-03-10T22:45:26Z</time>
      </trkpt>
      <trkpt lat="34.32515488084814" lon="109.02146243450903">
        <ele>388.2687120642513</ele>
        <time>2022-03-10T22:45:32Z</time>
      </trkpt>
      <trkpt lat="34.3256264456947" lon="109.02113931107867">
        <ele>388.34847523178905</ele>
        <time>2022-03-10T22:45:38Z</time>
      </trkpt>
      <trkpt lat="34.32578686275072" lon="109.0210516463059">
        <ele>387.97217457182705</ele>
        <time>2022-03-10T22:45:40Z</time>
      </trkpt>
      <trkpt lat="34.32608708847064" lon="109.0208078541536">
        <ele>388.0022601829842</ele>
        <time>2022-03-10T22:45:44Z</time>
      </trkpt>
      <trkpt lat="34.32649647040011" lon="109.02034352288865">
        <ele>388.3688262272626</ele>
        <time>2022-03-10T22:45:50Z</time>
      </trkpt>
      <trkpt lat="34.326907737057084" lon="109.01983336275013">
        <ele>388.4693897832185</ele>
        <time>2022-03-10T22:45:56Z</time>
      </trkpt>
      <trkpt lat="34.32726385673698" lon="109.01927413689648">
        <ele>388.1231074118987</ele>
        <time>2022-03-10T22:46:02Z</time>
      </trkpt>
      <trkpt lat="34.32757469028511" lon="109.01876682007534">
        <ele>388.7936254022643</ele>
        <time>2022-03-10T22:46:08Z</time>
      </trkpt>
      <trkpt lat="34.32784737973667" lon="109.01829897245082">
        <ele>388.37411165237427</ele>
        <time>2022-03-10T22:46:14Z</time>
      </trkpt>
      <trkpt lat="34.32816058775438" lon="109.01776203512007">
        <ele>388.2416842440143</ele>
        <time>2022-03-10T22:46:20Z</time>
      </trkpt>
      <trkpt lat="34.32849250255016" lon="109.01720498295536">
        <ele>388.2736261533573</ele>
        <time>2022-03-10T22:46:26Z</time>
      </trkpt>
      <trkpt lat="34.328839730774085" lon="109.01663278557189">
        <ele>389.1469918116927</ele>
        <time>2022-03-10T22:46:32Z</time>
      </trkpt>
      <trkpt lat="34.329192146232145" lon="109.01605767611139">
        <ele>389.0850127870217</ele>
        <time>2022-03-10T22:46:38Z</time>
      </trkpt>
      <trkpt lat="34.32931483693351" lon="109.01586489418206">
        <ele>388.81605639122427</ele>
        <time>2022-03-10T22:46:40Z</time>
      </trkpt>
      <trkpt lat="34.329594898431836" lon="109.01551132019219">
        <ele>388.8638066900894</ele>
        <time>2022-03-10T22:46:44Z</time>
      </trkpt>
      <trkpt lat="34.33005354735375" lon="109.0150427516356">
        <ele>389.206066660583</ele>
        <time>2022-03-10T22:46:50Z</time>
      </trkpt>
      <trkpt lat="34.33052345502419" lon="109.01462872736423">
        <ele>389.2660887222737</ele>
        <time>2022-03-10T22:46:56Z</time>
      </trkpt>
      <trkpt lat="34.33099038515324" lon="109.01426903319663">
        <ele>389.24625137168914</ele>
        <time>2022-03-10T22:47:02Z</time>
      </trkpt>
      <trkpt lat="34.33114182012231" lon="109.01413289457969">
        <ele>388.5412107538432</ele>
        <time>2022-03-10T22:47:04Z</time>
      </trkpt>
      <trkpt lat="34.331586200065" lon="109.01384333324593">
        <ele>388.0458174869418</ele>
        <time>2022-03-10T22:47:10Z</time>
      </trkpt>
      <trkpt lat="34.33206003645871" lon="109.01349027048259">
        <ele>388.20195841416717</ele>
        <time>2022-03-10T22:47:18Z</time>
      </trkpt>
      <trkpt lat="34.332169531356605" lon="109.01343162492617">
        <ele>388.36664023343474</ele>
        <time>2022-03-10T22:47:20Z</time>
      </trkpt>
      <trkpt lat="34.33226044293987" lon="109.01335927373513">
        <ele>388.5928849661723</ele>
        <time>2022-03-10T22:47:22Z</time>
      </trkpt>
      <trkpt lat="34.33229960550782" lon="109.01327766796491">
        <ele>389.08970377687365</ele>
        <time>2022-03-10T22:47:24Z</time>
      </trkpt>
      <trkpt lat="34.3322275088257" lon="109.01308206774968">
        <ele>388.73870186135173</ele>
        <time>2022-03-10T22:47:28Z</time>
      </trkpt>
      <trkpt lat="34.3322282303673" lon="109.01294817067924">
        <ele>389.7460521524772</ele>
        <time>2022-03-10T22:47:40Z</time>
      </trkpt>
      <trkpt lat="34.332312147961765" lon="109.01284789574369">
        <ele>390.193047366105</ele>
        <time>2022-03-10T22:47:55Z</time>
      </trkpt>
      <trkpt lat="34.332390464750794" lon="109.01263992791255">
        <ele>389.97987954784185</ele>
        <time>2022-03-10T22:47:59Z</time>
      </trkpt>
      <trkpt lat="34.33236995159957" lon="109.01250996516697">
        <ele>389.0169812431559</ele>
        <time>2022-03-10T22:48:01Z</time>
      </trkpt>
      <trkpt lat="34.33221113193547" lon="109.01208271105727">
        <ele>387.381538153626</ele>
        <time>2022-03-10T22:48:07Z</time>
      </trkpt>
      <trkpt lat="34.332168601622044" lon="109.0119077078971">
        <ele>387.60275186412036</ele>
        <time>2022-03-10T22:48:09Z</time>
      </trkpt>
      <trkpt lat="34.33196491600175" lon="109.01138244313377">
        <ele>385.56043757963926</ele>
        <time>2022-03-10T22:48:15Z</time>
      </trkpt>
      <trkpt lat="34.33180576843337" lon="109.01080241508363">
        <ele>385.55703711882234</ele>
        <time>2022-03-10T22:48:21Z</time>
      </trkpt>
      <trkpt lat="34.33164463825112" lon="109.01020059719836">
        <ele>387.49998375121504</ele>
        <time>2022-03-10T22:48:27Z</time>
      </trkpt>
      <trkpt lat="34.33159865556246" lon="109.0095619120615">
        <ele>386.9257499082014</ele>
        <time>2022-03-10T22:48:33Z</time>
      </trkpt>
      <trkpt lat="34.33158845670459" lon="109.00892185112103">
        <ele>387.5848696222529</ele>
        <time>2022-03-10T22:48:39Z</time>
      </trkpt>
      <trkpt lat="34.33161395103703" lon="109.00838112752889">
        <ele>385.50713273789734</ele>
        <time>2022-03-10T22:48:44Z</time>
      </trkpt>
      <trkpt lat="34.33162482130373" lon="109.0077442852218">
        <ele>387.1622308343649</ele>
        <time>2022-03-10T22:48:50Z</time>
      </trkpt>
      <trkpt lat="34.331653358747694" lon="109.00712134740185">
        <ele>386.0303032975644</ele>
        <time>2022-03-10T22:48:56Z</time>
      </trkpt>
      <trkpt lat="34.33166045062161" lon="109.00651704590761">
        <ele>387.1927618375048</ele>
        <time>2022-03-10T22:49:02Z</time>
      </trkpt>
      <trkpt lat="34.331667413071365" lon="109.00593255418917">
        <ele>387.7294913576916</ele>
        <time>2022-03-10T22:49:08Z</time>
      </trkpt>
      <trkpt lat="34.33168423282344" lon="109.0054096937853">
        <ele>386.45055762212723</ele>
        <time>2022-03-10T22:49:14Z</time>
      </trkpt>
      <trkpt lat="34.33171473645925" lon="109.00487113590692">
        <ele>386.72271512728184</ele>
        <time>2022-03-10T22:49:22Z</time>
      </trkpt>
      <trkpt lat="34.33175372255919" lon="109.00472416855703">
        <ele>386.1186186335981</ele>
        <time>2022-03-10T22:49:34Z</time>
      </trkpt>
      <trkpt lat="34.33174290124203" lon="109.00450015402674">
        <ele>386.6783635625616</ele>
        <time>2022-03-10T22:49:49Z</time>
      </trkpt>
      <trkpt lat="34.331752036997855" lon="109.00427828324854">
        <ele>386.8299936102703</ele>
        <time>2022-03-10T22:49:53Z</time>
      </trkpt>
      <trkpt lat="34.331729145556196" lon="109.00383838702975">
        <ele>387.1301431618631</ele>
        <time>2022-03-10T22:49:59Z</time>
      </trkpt>
      <trkpt lat="34.33176263669094" lon="109.00367792036259">
        <ele>387.4570488948375</ele>
        <time>2022-03-10T22:50:01Z</time>
      </trkpt>
      <trkpt lat="34.33180109264826" lon="109.0029897397895">
        <ele>388.02286940347403</ele>
        <time>2022-03-10T22:50:09Z</time>
      </trkpt>
      <trkpt lat="34.331812505711916" lon="109.00245279900604">
        <ele>388.75185520015657</ele>
        <time>2022-03-10T22:50:15Z</time>
      </trkpt>
      <trkpt lat="34.33180093001513" lon="109.0019082638085">
        <ele>389.80679745040834</ele>
        <time>2022-03-10T22:50:21Z</time>
      </trkpt>
      <trkpt lat="34.33181582992061" lon="109.00135977334249">
        <ele>390.06662129983306</ele>
        <time>2022-03-10T22:50:27Z</time>
      </trkpt>
      <trkpt lat="34.331825796614986" lon="109.0008134725115">
        <ele>390.5284254485741</ele>
        <time>2022-03-10T22:50:33Z</time>
      </trkpt>
      <trkpt lat="34.331838984196885" lon="109.00027799945359">
        <ele>390.9953953223303</ele>
        <time>2022-03-10T22:50:39Z</time>
      </trkpt>
      <trkpt lat="34.33185719083179" lon="108.999515973776">
        <ele>391.50585559383035</ele>
        <time>2022-03-10T22:50:48Z</time>
      </trkpt>
      <trkpt lat="34.33180016299147" lon="108.99883636324728">
        <ele>391.8329310938716</ele>
        <time>2022-03-10T22:50:56Z</time>
      </trkpt>
      <trkpt lat="34.33174470798659" lon="108.99848922483267">
        <ele>391.0379054956138</ele>
        <time>2022-03-10T22:51:00Z</time>
      </trkpt>
      <trkpt lat="34.33164303720126" lon="108.99814940702892">
        <ele>390.9662715997547</ele>
        <time>2022-03-10T22:51:04Z</time>
      </trkpt>
      <trkpt lat="34.3315187118362" lon="108.99763332204765">
        <ele>391.62221844960004</ele>
        <time>2022-03-10T22:51:10Z</time>
      </trkpt>
      <trkpt lat="34.33138240216284" lon="108.99711916391936">
        <ele>391.95037623122334</ele>
        <time>2022-03-10T22:51:16Z</time>
      </trkpt>
      <trkpt lat="34.33123186957316" lon="108.99660044127532">
        <ele>392.12595403566957</ele>
        <time>2022-03-10T22:51:22Z</time>
      </trkpt>
      <trkpt lat="34.331170102313884" lon="108.99642891283483">
        <ele>392.3688774108887</ele>
        <time>2022-03-10T22:51:24Z</time>
      </trkpt>
      <trkpt lat="34.33107134465705" lon="108.99607383931932">
        <ele>392.6551083661616</ele>
        <time>2022-03-10T22:51:28Z</time>
      </trkpt>
      <trkpt lat="34.33101096023706" lon="108.99590750716864">
        <ele>392.50299502164125</ele>
        <time>2022-03-10T22:51:30Z</time>
      </trkpt>
      <trkpt lat="34.330920908240735" lon="108.99554154234437">
        <ele>392.46400749962777</ele>
        <time>2022-03-10T22:51:34Z</time>
      </trkpt>
      <trkpt lat="34.33089484036854" lon="108.99494312256337">
        <ele>393.2786586759612</ele>
        <time>2022-03-10T22:51:40Z</time>
      </trkpt>
      <trkpt lat="34.33084679724459" lon="108.99457702729167">
        <ele>392.92064483836293</ele>
        <time>2022-03-10T22:51:44Z</time>
      </trkpt>
      <trkpt lat="34.330853096940025" lon="108.99439835886598">
        <ele>393.1738015245646</ele>
        <time>2022-03-10T22:51:46Z</time>
      </trkpt>
      <trkpt lat="34.3308293688249" lon="108.9942441331426">
        <ele>393.1843023803085</ele>
        <time>2022-03-10T22:51:48Z</time>
      </trkpt>
      <trkpt lat="34.330776567669155" lon="108.99357677776983">
        <ele>393.5196732971817</ele>
        <time>2022-03-10T22:51:56Z</time>
      </trkpt>
      <trkpt lat="34.33083376963518" lon="108.99297040191415">
        <ele>392.5896406490356</ele>
        <time>2022-03-10T22:52:02Z</time>
      </trkpt>
      <trkpt lat="34.33081826212665" lon="108.99277655906882">
        <ele>394.17253085877746</ele>
        <time>2022-03-10T22:52:04Z</time>
      </trkpt>
      <trkpt lat="34.330830903463635" lon="108.99259304419783">
        <ele>392.4756936263293</ele>
        <time>2022-03-10T22:52:06Z</time>
      </trkpt>
      <trkpt lat="34.33082144095439" lon="108.99241959722158">
        <ele>392.20882972795516</ele>
        <time>2022-03-10T22:52:08Z</time>
      </trkpt>
      <trkpt lat="34.33086149195518" lon="108.99175190850363">
        <ele>392.3830321710557</ele>
        <time>2022-03-10T22:52:16Z</time>
      </trkpt>
      <trkpt lat="34.33087913959176" lon="108.99149049707506">
        <ele>391.14086961373687</ele>
        <time>2022-03-10T22:52:20Z</time>
      </trkpt>
      <trkpt lat="34.33090280647966" lon="108.99129894428593">
        <ele>392.0835151365027</ele>
        <time>2022-03-10T22:52:32Z</time>
      </trkpt>
      <trkpt lat="34.33090526463203" lon="108.99107159574078">
        <ele>392.42112428694963</ele>
        <time>2022-03-10T22:53:07Z</time>
      </trkpt>
      <trkpt lat="34.33091883111892" lon="108.99047418678552">
        <ele>391.860923784785</ele>
        <time>2022-03-10T22:53:16Z</time>
      </trkpt>
      <trkpt lat="34.330887618819276" lon="108.99015485915002">
        <ele>392.68155776523054</ele>
        <time>2022-03-10T22:53:20Z</time>
      </trkpt>
      <trkpt lat="34.3308782682156" lon="108.98963673745351">
        <ele>391.850507565774</ele>
        <time>2022-03-10T22:53:26Z</time>
      </trkpt>
      <trkpt lat="34.330892935318296" lon="108.98946271221446">
        <ele>391.361365375109</ele>
        <time>2022-03-10T22:53:28Z</time>
      </trkpt>
      <trkpt lat="34.33087071978714" lon="108.98931817544992">
        <ele>392.331277795136</ele>
        <time>2022-03-10T22:53:30Z</time>
      </trkpt>
      <trkpt lat="34.33088425275528" lon="108.98914772792844">
        <ele>392.5308048399165</ele>
        <time>2022-03-10T22:53:32Z</time>
      </trkpt>
      <trkpt lat="34.330883484474704" lon="108.98862239271969">
        <ele>392.1940314285457</ele>
        <time>2022-03-10T22:53:38Z</time>
      </trkpt>
      <trkpt lat="34.33088770469155" lon="108.98817548743112">
        <ele>393.33494399953634</ele>
        <time>2022-03-10T22:53:44Z</time>
      </trkpt>
      <trkpt lat="34.330922878123886" lon="108.98803702098809">
        <ele>393.0492446552962</ele>
        <time>2022-03-10T22:53:46Z</time>
      </trkpt>
      <trkpt lat="34.33091730628615" lon="108.9876245302023">
        <ele>393.33805844374</ele>
        <time>2022-03-10T22:53:50Z</time>
      </trkpt>
      <trkpt lat="34.33086166454217" lon="108.98705756202882">
        <ele>392.6401003571227</ele>
        <time>2022-03-10T22:53:56Z</time>
      </trkpt>
      <trkpt lat="34.330853634680636" lon="108.98689841479901">
        <ele>393.3137065107003</ele>
        <time>2022-03-10T22:53:58Z</time>
      </trkpt>
      <trkpt lat="34.33086067650384" lon="108.98654759219222">
        <ele>393.2182678198442</ele>
        <time>2022-03-10T22:54:02Z</time>
      </trkpt>
      <trkpt lat="34.33089066313544" lon="108.98635190511183">
        <ele>393.20000973250717</ele>
        <time>2022-03-10T22:54:04Z</time>
      </trkpt>
      <trkpt lat="34.33088840277959" lon="108.98616078137181">
        <ele>393.33150367997587</ele>
        <time>2022-03-10T22:54:06Z</time>
      </trkpt>
      <trkpt lat="34.33079194418205" lon="108.98579642626994">
        <ele>394.27265066374093</ele>
        <time>2022-03-10T22:54:10Z</time>
      </trkpt>
      <trkpt lat="34.33082970963738" lon="108.98557723878588">
        <ele>393.9619251526892</ele>
        <time>2022-03-10T22:54:12Z</time>
      </trkpt>
      <trkpt lat="34.330808992292106" lon="108.98541157334205">
        <ele>393.78917514998466</ele>
        <time>2022-03-10T22:54:14Z</time>
      </trkpt>
      <trkpt lat="34.33092126326891" lon="108.984817601043">
        <ele>394.6997134629637</ele>
        <time>2022-03-10T22:54:20Z</time>
      </trkpt>
      <trkpt lat="34.33099083066924" lon="108.98419518431497">
        <ele>394.8040592474863</ele>
        <time>2022-03-10T22:54:26Z</time>
      </trkpt>
      <trkpt lat="34.331001742087665" lon="108.98361869200755">
        <ele>394.1618011146784</ele>
        <time>2022-03-10T22:54:32Z</time>
      </trkpt>
      <trkpt lat="34.331006608399385" lon="108.98305265398064">
        <ele>395.13544852193445</ele>
        <time>2022-03-10T22:54:38Z</time>
      </trkpt>
      <trkpt lat="34.33101938033648" lon="108.98245172570441">
        <ele>395.70193192735314</ele>
        <time>2022-03-10T22:54:44Z</time>
      </trkpt>
      <trkpt lat="34.33100948816019" lon="108.98184609544798">
        <ele>395.52550195530057</ele>
        <time>2022-03-10T22:54:50Z</time>
      </trkpt>
      <trkpt lat="34.33104327436382" lon="108.98126316462879">
        <ele>395.6981623340398</ele>
        <time>2022-03-10T22:54:56Z</time>
      </trkpt>
      <trkpt lat="34.331034359981686" lon="108.98105701506552">
        <ele>396.1289958562702</ele>
        <time>2022-03-10T22:54:58Z</time>
      </trkpt>
      <trkpt lat="34.331053706229625" lon="108.98087423637227">
        <ele>396.3075695792213</ele>
        <time>2022-03-10T22:55:00Z</time>
      </trkpt>
      <trkpt lat="34.33105755267161" lon="108.9803136585147">
        <ele>395.88019515015185</ele>
        <time>2022-03-10T22:55:06Z</time>
      </trkpt>
      <trkpt lat="34.33106894716312" lon="108.97998187189759">
        <ele>395.1441285898909</ele>
        <time>2022-03-10T22:55:10Z</time>
      </trkpt>
      <trkpt lat="34.33105795169745" lon="108.97986302107633">
        <ele>395.15139973443</ele>
        <time>2022-03-10T22:55:12Z</time>
      </trkpt>
      <trkpt lat="34.331032512297256" lon="108.97981823580902">
        <ele>395.67624705377966</ele>
        <time>2022-03-10T22:55:22Z</time>
      </trkpt>
      <trkpt lat="34.33099256951452" lon="108.97969857468173">
        <ele>396.2278789887205</ele>
        <time>2022-03-10T22:55:35Z</time>
      </trkpt>
      <trkpt lat="34.33086760317068" lon="108.97963960021927">
        <ele>396.1404803348705</ele>
        <time>2022-03-10T22:55:39Z</time>
      </trkpt>
      <trkpt lat="34.33067766949008" lon="108.97963379676673">
        <ele>395.8885914674029</ele>
        <time>2022-03-10T22:55:43Z</time>
      </trkpt>
      <trkpt lat="34.33047871587309" lon="108.97961264230109">
        <ele>395.8528766715899</ele>
        <time>2022-03-10T22:55:47Z</time>
      </trkpt>
      <trkpt lat="34.33023471657882" lon="108.97963230532162">
        <ele>395.7514073308557</ele>
        <time>2022-03-10T22:55:51Z</time>
      </trkpt>
      <trkpt lat="34.32991935966041" lon="108.97958174945182">
        <ele>394.64954141527414</ele>
        <time>2022-03-10T22:55:57Z</time>
      </trkpt>
      <trkpt lat="34.329732782082765" lon="108.9795707786483">
        <ele>395.18475493695587</ele>
        <time>2022-03-10T22:56:01Z</time>
      </trkpt>
      <trkpt lat="34.32927562879863" lon="108.97960188294583">
        <ele>394.24575540423393</ele>
        <time>2022-03-10T22:56:09Z</time>
      </trkpt>
      <trkpt lat="34.329164089654185" lon="108.97960639154071">
        <ele>394.84947753790766</ele>
        <time>2022-03-10T22:56:11Z</time>
      </trkpt>
      <trkpt lat="34.32913474597991" lon="108.97971085221245">
        <ele>394.39444604422897</ele>
        <time>2022-03-10T22:56:15Z</time>
      </trkpt>
      <trkpt lat="34.32911658207388" lon="108.97966486986121">
        <ele>395.73107122816145</ele>
        <time>2022-03-10T22:56:31Z</time>
      </trkpt>
    </trkseg>
  </trk>
</gpx>