<?xml version="1.0" encoding="UTF-8"?>
<gpx xmlns="http://www.topografix.com/GPX/1/1" xmlns:gpxtpx="http://www.garmin.com/xmlschemas/TrackPointExtension/v1" xmlns:xsi="http://www.w3.org/2001/XMLSchema-instance" xsi:schemaLocation="http://www.topografix.com/GPX/1/1 http://www.topografix.com/GPX/1/1/gpx.xsd" version="1.1" creator="gpx.py -- https://github.com/tkrajina/gpxpy">
  <trk>
    <name>gpx from keep</name>
    <type>Ride</type>
    <trkseg>
      <trkpt lat="34.328239153346686" lon="108.98016522511111">
        <ele>406.87041091918945</ele>
        <time>2022-03-08T21:30:19Z</time>
      </trkpt>
      <trkpt lat="34.32822116842849" lon="108.98042389133788">
        <ele>407.1430549621582</ele>
        <time>2022-03-08T21:30:29Z</time>
      </trkpt>
      <trkpt lat="34.32822935474684" lon="108.98019545273092">
        <ele>407.9086112976074</ele>
        <time>2022-03-08T21:32:56Z</time>
      </trkpt>
      <trkpt lat="34.32822116842849" lon="108.98042389133788">
        <ele>407.90871810913086</ele>
        <time>2022-03-08T21:33:02Z</time>
      </trkpt>
      <trkpt lat="34.32837178319703" lon="108.98039838045756">
        <ele>406.24570083618164</ele>
        <time>2022-03-08T21:33:17Z</time>
      </trkpt>
      <trkpt lat="34.32814761189315" lon="108.98051463256773">
        <ele>400.78609466552734</ele>
        <time>2022-03-08T21:34:00Z</time>
      </trkpt>
      <trkpt lat="34.32804223924062" lon="108.98047548844924">
        <ele>399.04985427856445</ele>
        <time>2022-03-08T21:34:11Z</time>
      </trkpt>
      <trkpt lat="34.32832314056923" lon="108.98029083984767">
        <ele>397.8667182922363</ele>
        <time>2022-03-08T21:34:20Z</time>
      </trkpt>
      <trkpt lat="34.32859002803004" lon="108.98031749931823">
        <ele>397.4827690124512</ele>
        <time>2022-03-08T21:34:21Z</time>
      </trkpt>
      <trkpt lat="34.32876428017673" lon="108.98044399908082">
        <ele>397.339147567749</ele>
        <time>2022-03-08T21:34:28Z</time>
      </trkpt>
      <trkpt lat="34.3284365556436" lon="108.98044784337839">
        <ele>397.2193126678467</ele>
        <time>2022-03-08T21:34:35Z</time>
      </trkpt>
      <trkpt lat="34.3283900576207" lon="108.98030004917904">
        <ele>396.8923969268799</ele>
        <time>2022-03-08T21:34:41Z</time>
      </trkpt>
      <trkpt lat="34.328556731830936" lon="108.98042161485874">
        <ele>396.9367027282715</ele>
        <time>2022-03-08T21:34:47Z</time>
      </trkpt>
      <trkpt lat="34.328665883008725" lon="108.98036513674198">
        <ele>396.9641456604004</ele>
        <time>2022-03-08T21:34:53Z</time>
      </trkpt>
      <trkpt lat="34.32872739387191" lon="108.98014417659174">
        <ele>397.1167297363281</ele>
        <time>2022-03-08T21:34:59Z</time>
      </trkpt>
      <trkpt lat="34.328728711793744" lon="108.98031330524324">
        <ele>397.09113693237305</ele>
        <time>2022-03-08T21:35:05Z</time>
      </trkpt>
      <trkpt lat="34.32880732826137" lon="108.98019634920982">
        <ele>395.90667783232317</ele>
        <time>2022-03-08T21:35:11Z</time>
      </trkpt>
      <trkpt lat="34.32887713433809" lon="108.98024561136283">
        <ele>395.88021582737565</ele>
        <time>2022-03-08T21:35:16Z</time>
      </trkpt>
      <trkpt lat="34.328816255026986" lon="108.98033130021787">
        <ele>395.88479273673147</ele>
        <time>2022-03-08T21:35:20Z</time>
      </trkpt>
      <trkpt lat="34.32876089248453" lon="108.98060830459343">
        <ele>395.59916247148067</ele>
        <time>2022-03-08T21:35:25Z</time>
      </trkpt>
      <trkpt lat="34.328653540839866" lon="108.98078656137604">
        <ele>395.42225886974484</ele>
        <time>2022-03-08T21:35:29Z</time>
      </trkpt>
      <trkpt lat="34.32857251879378" lon="108.9808359446236">
        <ele>395.32258244231343</ele>
        <time>2022-03-08T21:35:31Z</time>
      </trkpt>
      <trkpt lat="34.32847475358963" lon="108.98085345040555">
        <ele>395.5264675831422</ele>
        <time>2022-03-08T21:35:38Z</time>
      </trkpt>
      <trkpt lat="34.328197356968566" lon="108.98077995543875">
        <ele>395.42288809269667</ele>
        <time>2022-03-08T21:35:44Z</time>
      </trkpt>
      <trkpt lat="34.32814988379925" lon="108.98056084793676">
        <ele>395.3251259708777</ele>
        <time>2022-03-08T21:35:49Z</time>
      </trkpt>
      <trkpt lat="34.32812748468844" lon="108.98003048303693">
        <ele>395.20504258945584</ele>
        <time>2022-03-08T21:35:59Z</time>
      </trkpt>
      <trkpt lat="34.328090273518804" lon="108.97971930587399">
        <ele>395.86706282850355</ele>
        <time>2022-03-08T21:36:05Z</time>
      </trkpt>
      <trkpt lat="34.32814828134927" lon="108.97964285181874">
        <ele>396.1038449537009</ele>
        <time>2022-03-08T21:36:07Z</time>
      </trkpt>
      <trkpt lat="34.328307792971444" lon="108.97954654016522">
        <ele>395.6411445280537</ele>
        <time>2022-03-08T21:36:11Z</time>
      </trkpt>
      <trkpt lat="34.328507278248615" lon="108.9794918727139">
        <ele>396.5057090520859</ele>
        <time>2022-03-08T21:36:15Z</time>
      </trkpt>
      <trkpt lat="34.32861115689058" lon="108.97951392414261">
        <ele>396.07821307331324</ele>
        <time>2022-03-08T21:36:17Z</time>
      </trkpt>
      <trkpt lat="34.329082419332586" lon="108.97947184080301">
        <ele>396.2567924419418</ele>
        <time>2022-03-08T21:36:25Z</time>
      </trkpt>
      <trkpt lat="34.32957896237849" lon="108.97948328039466">
        <ele>395.9642261955887</ele>
        <time>2022-03-08T21:36:33Z</time>
      </trkpt>
      <trkpt lat="34.33000858970287" lon="108.97963233236315">
        <ele>395.09097146242857</ele>
        <time>2022-03-08T21:36:40Z</time>
      </trkpt>
      <trkpt lat="34.33052125330257" lon="108.97967662259781">
        <ele>393.99597043544054</ele>
        <time>2022-03-08T21:36:48Z</time>
      </trkpt>
      <trkpt lat="34.3306453573556" lon="108.97970750871308">
        <ele>393.99331258330494</ele>
        <time>2022-03-08T21:36:50Z</time>
      </trkpt>
      <trkpt lat="34.33075404230138" lon="108.97978929223727">
        <ele>394.7247083587572</ele>
        <time>2022-03-08T21:36:52Z</time>
      </trkpt>
      <trkpt lat="34.33080326759961" lon="108.97993747529411">
        <ele>395.3110001748428</ele>
        <time>2022-03-08T21:36:54Z</time>
      </trkpt>
      <trkpt lat="34.33078916082009" lon="108.98057227233828">
        <ele>394.2589695872739</ele>
        <time>2022-03-08T21:37:02Z</time>
      </trkpt>
      <trkpt lat="34.33078237764423" lon="108.98123038137611">
        <ele>394.88223580271006</ele>
        <time>2022-03-08T21:37:10Z</time>
      </trkpt>
      <trkpt lat="34.33077931399418" lon="108.98149809751251">
        <ele>395.5019437652081</ele>
        <time>2022-03-08T21:37:13Z</time>
      </trkpt>
      <trkpt lat="34.330763208701896" lon="108.98208167605907">
        <ele>394.5411105612293</ele>
        <time>2022-03-08T21:37:20Z</time>
      </trkpt>
      <trkpt lat="34.33075714202556" lon="108.9826903159862">
        <ele>394.42195165902376</ele>
        <time>2022-03-08T21:37:27Z</time>
      </trkpt>
      <trkpt lat="34.330738763719054" lon="108.98334313784564">
        <ele>395.02585148159415</ele>
        <time>2022-03-08T21:37:35Z</time>
      </trkpt>
      <trkpt lat="34.33073963695578" lon="108.98391932541455">
        <ele>395.5947534032166</ele>
        <time>2022-03-08T21:37:43Z</time>
      </trkpt>
      <trkpt lat="34.33073942595338" lon="108.98447927530687">
        <ele>395.78103967756033</ele>
        <time>2022-03-08T21:37:51Z</time>
      </trkpt>
      <trkpt lat="34.3307253634486" lon="108.98505888918946">
        <ele>395.10429741535336</ele>
        <time>2022-03-08T21:37:59Z</time>
      </trkpt>
      <trkpt lat="34.33070509090814" lon="108.98567444245245">
        <ele>394.35795119870454</ele>
        <time>2022-03-08T21:38:07Z</time>
      </trkpt>
      <trkpt lat="34.33069224258488" lon="108.9863399305048">
        <ele>394.1482382696122</ele>
        <time>2022-03-08T21:38:15Z</time>
      </trkpt>
      <trkpt lat="34.33066287872249" lon="108.98703202948046">
        <ele>393.785457235761</ele>
        <time>2022-03-08T21:38:23Z</time>
      </trkpt>
      <trkpt lat="34.33065345605737" lon="108.98755543695255">
        <ele>392.8376303007826</ele>
        <time>2022-03-08T21:38:29Z</time>
      </trkpt>
      <trkpt lat="34.33064043067968" lon="108.98810229120242">
        <ele>392.942232622765</ele>
        <time>2022-03-08T21:38:35Z</time>
      </trkpt>
      <trkpt lat="34.33065106211182" lon="108.9882946372304">
        <ele>393.1205584295094</ele>
        <time>2022-03-08T21:38:37Z</time>
      </trkpt>
      <trkpt lat="34.33063315484254" lon="108.9884764873271">
        <ele>392.9325518999249</ele>
        <time>2022-03-08T21:38:39Z</time>
      </trkpt>
      <trkpt lat="34.33064882580555" lon="108.9890379901867">
        <ele>392.90829318761826</ele>
        <time>2022-03-08T21:38:45Z</time>
      </trkpt>
      <trkpt lat="34.330643461591585" lon="108.98960088671785">
        <ele>392.69129540398717</ele>
        <time>2022-03-08T21:38:51Z</time>
      </trkpt>
      <trkpt lat="34.330636132328884" lon="108.99015918927584">
        <ele>392.91604094114155</ele>
        <time>2022-03-08T21:38:57Z</time>
      </trkpt>
      <trkpt lat="34.330615253769416" lon="108.99070584687125">
        <ele>392.1003764234483</ele>
        <time>2022-03-08T21:39:03Z</time>
      </trkpt>
      <trkpt lat="34.33062848434641" lon="108.99123344242595">
        <ele>391.2643483923748</ele>
        <time>2022-03-08T21:39:09Z</time>
      </trkpt>
      <trkpt lat="34.330616858038624" lon="108.99175850087066">
        <ele>392.98748332448304</ele>
        <time>2022-03-08T21:39:15Z</time>
      </trkpt>
      <trkpt lat="34.33061565013501" lon="108.99228696703588">
        <ele>393.12935901619494</ele>
        <time>2022-03-08T21:39:21Z</time>
      </trkpt>
      <trkpt lat="34.330598295603934" lon="108.99295805746733">
        <ele>393.0747305890545</ele>
        <time>2022-03-08T21:39:29Z</time>
      </trkpt>
      <trkpt lat="34.330594039325604" lon="108.9936482811254">
        <ele>393.8944535339251</ele>
        <time>2022-03-08T21:39:37Z</time>
      </trkpt>
      <trkpt lat="34.33061167848081" lon="108.99417548398189">
        <ele>393.6699093095958</ele>
        <time>2022-03-08T21:39:43Z</time>
      </trkpt>
      <trkpt lat="34.330655346825246" lon="108.99471666500065">
        <ele>394.22518999967724</ele>
        <time>2022-03-08T21:39:49Z</time>
      </trkpt>
      <trkpt lat="34.330695853443615" lon="108.99526055381692">
        <ele>394.3469630610198</ele>
        <time>2022-03-08T21:39:55Z</time>
      </trkpt>
      <trkpt lat="34.330722312335176" lon="108.99544342012783">
        <ele>393.22802456468344</ele>
        <time>2022-03-08T21:39:57Z</time>
      </trkpt>
      <trkpt lat="34.33077168312561" lon="108.9959920616081">
        <ele>391.6740772565827</ele>
        <time>2022-03-08T21:40:03Z</time>
      </trkpt>
      <trkpt lat="34.33090270660263" lon="108.99652378790147">
        <ele>390.4794056881219</ele>
        <time>2022-03-08T21:40:09Z</time>
      </trkpt>
      <trkpt lat="34.331085572953256" lon="108.99710846655654">
        <ele>390.8767361026257</ele>
        <time>2022-03-08T21:40:15Z</time>
      </trkpt>
      <trkpt lat="34.331269206118506" lon="108.99775937584545">
        <ele>390.3353739846498</ele>
        <time>2022-03-08T21:40:21Z</time>
      </trkpt>
      <trkpt lat="34.33142422763776" lon="108.99845189772839">
        <ele>389.9994009109214</ele>
        <time>2022-03-08T21:40:27Z</time>
      </trkpt>
      <trkpt lat="34.33151913564551" lon="108.99915456336443">
        <ele>389.815990049392</ele>
        <time>2022-03-08T21:40:33Z</time>
      </trkpt>
      <trkpt lat="34.33153306399688" lon="108.99958391384955">
        <ele>389.2989177759737</ele>
        <time>2022-03-08T21:40:37Z</time>
      </trkpt>
      <trkpt lat="34.33153476950059" lon="109.00019514444945">
        <ele>389.09404154960066</ele>
        <time>2022-03-08T21:40:43Z</time>
      </trkpt>
      <trkpt lat="34.33152935331966" lon="109.0003962965975">
        <ele>388.51359185390174</ele>
        <time>2022-03-08T21:40:45Z</time>
      </trkpt>
      <trkpt lat="34.331517116609824" lon="109.0008277335664">
        <ele>390.11606404092163</ele>
        <time>2022-03-08T21:40:49Z</time>
      </trkpt>
      <trkpt lat="34.33152821437518" lon="109.0010487339622">
        <ele>390.27071296144277</ele>
        <time>2022-03-08T21:40:51Z</time>
      </trkpt>
      <trkpt lat="34.33150488573095" lon="109.00166827057333">
        <ele>390.7410994004458</ele>
        <time>2022-03-08T21:40:57Z</time>
      </trkpt>
      <trkpt lat="34.33147917003177" lon="109.00208431660835">
        <ele>390.1276499442756</ele>
        <time>2022-03-08T21:41:01Z</time>
      </trkpt>
      <trkpt lat="34.331487225553715" lon="109.00268371583269">
        <ele>389.83844952937216</ele>
        <time>2022-03-08T21:41:07Z</time>
      </trkpt>
      <trkpt lat="34.33147280380663" lon="109.00324754975345">
        <ele>388.5071288794279</ele>
        <time>2022-03-08T21:41:13Z</time>
      </trkpt>
      <trkpt lat="34.3314423499948" lon="109.00374664605681">
        <ele>388.0282880766317</ele>
        <time>2022-03-08T21:41:19Z</time>
      </trkpt>
      <trkpt lat="34.33141112213283" lon="109.00398889533378">
        <ele>387.65585052315146</ele>
        <time>2022-03-08T21:41:23Z</time>
      </trkpt>
      <trkpt lat="34.331368236201484" lon="109.00420596588985">
        <ele>388.28779789991677</ele>
        <time>2022-03-08T21:41:35Z</time>
      </trkpt>
      <trkpt lat="34.331361356003505" lon="109.00438924452779">
        <ele>387.9236420672387</ele>
        <time>2022-03-08T21:41:39Z</time>
      </trkpt>
      <trkpt lat="34.33142171698573" lon="109.00476740068623">
        <ele>386.7123984694481</ele>
        <time>2022-03-08T21:41:45Z</time>
      </trkpt>
      <trkpt lat="34.3314307619666" lon="109.00508710041818">
        <ele>385.4643551148474</ele>
        <time>2022-03-08T21:41:49Z</time>
      </trkpt>
      <trkpt lat="34.33144376631845" lon="109.005437564485">
        <ele>386.57581915613264</ele>
        <time>2022-03-08T21:41:53Z</time>
      </trkpt>
      <trkpt lat="34.33142992511286" lon="109.00600096369885">
        <ele>386.69041319098324</ele>
        <time>2022-03-08T21:41:59Z</time>
      </trkpt>
      <trkpt lat="34.33144709064513" lon="109.0063962096663">
        <ele>386.5244404710829</ele>
        <time>2022-03-08T21:42:03Z</time>
      </trkpt>
      <trkpt lat="34.33143674431635" lon="109.00699040206622">
        <ele>386.88642514590174</ele>
        <time>2022-03-08T21:42:09Z</time>
      </trkpt>
      <trkpt lat="34.33144143217812" lon="109.00719587371293">
        <ele>386.7657681712881</ele>
        <time>2022-03-08T21:42:11Z</time>
      </trkpt>
      <trkpt lat="34.33141572493873" lon="109.00780571050454">
        <ele>386.9064800636843</ele>
        <time>2022-03-08T21:42:17Z</time>
      </trkpt>
      <trkpt lat="34.33140963996262" lon="109.00838427770664">
        <ele>386.77794390916824</ele>
        <time>2022-03-08T21:42:23Z</time>
      </trkpt>
      <trkpt lat="34.33139277284274" lon="109.00895131219391">
        <ele>385.92935532238334</ele>
        <time>2022-03-08T21:42:29Z</time>
      </trkpt>
      <trkpt lat="34.33139086276853" lon="109.00932843390616">
        <ele>386.5353061929345</ele>
        <time>2022-03-08T21:42:33Z</time>
      </trkpt>
      <trkpt lat="34.33141488021545" lon="109.00988582401531">
        <ele>387.47766533400863</ele>
        <time>2022-03-08T21:42:39Z</time>
      </trkpt>
      <trkpt lat="34.33148714776078" lon="109.01042351667945">
        <ele>388.2866448527202</ele>
        <time>2022-03-08T21:42:45Z</time>
      </trkpt>
      <trkpt lat="34.33154937297437" lon="109.0107789733375">
        <ele>388.08340832125396</ele>
        <time>2022-03-08T21:42:49Z</time>
      </trkpt>
      <trkpt lat="34.331623464791356" lon="109.01098364397258">
        <ele>388.1915718354285</ele>
        <time>2022-03-08T21:42:51Z</time>
      </trkpt>
      <trkpt lat="34.33167164008033" lon="109.01117304390716">
        <ele>387.37929339986295</ele>
        <time>2022-03-08T21:42:53Z</time>
      </trkpt>
      <trkpt lat="34.33176797243597" lon="109.0113518588534">
        <ele>388.00247225444764</ele>
        <time>2022-03-08T21:42:55Z</time>
      </trkpt>
      <trkpt lat="34.33191320034618" lon="109.01171691755252">
        <ele>387.7217794582248</ele>
        <time>2022-03-08T21:42:59Z</time>
      </trkpt>
      <trkpt lat="34.332161184638736" lon="109.01221433379801">
        <ele>388.77593042049557</ele>
        <time>2022-03-08T21:43:05Z</time>
      </trkpt>
      <trkpt lat="34.332302468347024" lon="109.01254631516619">
        <ele>388.54919207748026</ele>
        <time>2022-03-08T21:43:09Z</time>
      </trkpt>
      <trkpt lat="34.332381637582216" lon="109.01269177702541">
        <ele>387.9439547555521</ele>
        <time>2022-03-08T21:43:11Z</time>
      </trkpt>
      <trkpt lat="34.33242139721945" lon="109.01286050828953">
        <ele>387.9174052765593</ele>
        <time>2022-03-08T21:43:13Z</time>
      </trkpt>
      <trkpt lat="34.33238906216083" lon="109.01303803610652">
        <ele>387.7689872831106</ele>
        <time>2022-03-08T21:43:15Z</time>
      </trkpt>
      <trkpt lat="34.33230120360288" lon="109.01321294186361">
        <ele>388.425408417359</ele>
        <time>2022-03-08T21:43:17Z</time>
      </trkpt>
      <trkpt lat="34.33185883047031" lon="109.01352626940334">
        <ele>387.6385983712971</ele>
        <time>2022-03-08T21:43:23Z</time>
      </trkpt>
      <trkpt lat="34.33144921675448" lon="109.01384446513661">
        <ele>387.4342227447778</ele>
        <time>2022-03-08T21:43:29Z</time>
      </trkpt>
      <trkpt lat="34.33103341765631" lon="109.01414626967797">
        <ele>387.9048546869308</ele>
        <time>2022-03-08T21:43:35Z</time>
      </trkpt>
      <trkpt lat="34.330889419906775" lon="109.01423199750106">
        <ele>387.81366923078895</ele>
        <time>2022-03-08T21:43:37Z</time>
      </trkpt>
      <trkpt lat="34.330482078239484" lon="109.01453215900399">
        <ele>388.39193913247436</ele>
        <time>2022-03-08T21:43:43Z</time>
      </trkpt>
      <trkpt lat="34.330086861595746" lon="109.01485809771125">
        <ele>388.7710801465437</ele>
        <time>2022-03-08T21:43:49Z</time>
      </trkpt>
      <trkpt lat="34.329844127118314" lon="109.01508789896434">
        <ele>388.1545055769384</ele>
        <time>2022-03-08T21:43:53Z</time>
      </trkpt>
      <trkpt lat="34.32950576555391" lon="109.01547548445009">
        <ele>389.340389627032</ele>
        <time>2022-03-08T21:43:59Z</time>
      </trkpt>
      <trkpt lat="34.32919723059635" lon="109.01587850607822">
        <ele>388.99881842173636</ele>
        <time>2022-03-08T21:44:05Z</time>
      </trkpt>
      <trkpt lat="34.32890897836614" lon="109.01632625370381">
        <ele>388.8124084044248</ele>
        <time>2022-03-08T21:44:11Z</time>
      </trkpt>
      <trkpt lat="34.328627899063754" lon="109.01678440910936">
        <ele>387.8287903284654</ele>
        <time>2022-03-08T21:44:17Z</time>
      </trkpt>
      <trkpt lat="34.328341857085206" lon="109.01724591067101">
        <ele>388.2878834726289</ele>
        <time>2022-03-08T21:44:23Z</time>
      </trkpt>
      <trkpt lat="34.328060802200916" lon="109.01771223675745">
        <ele>388.8725787885487</ele>
        <time>2022-03-08T21:44:29Z</time>
      </trkpt>
      <trkpt lat="34.32778234251581" lon="109.01816918129795">
        <ele>389.4343453273177</ele>
        <time>2022-03-08T21:44:35Z</time>
      </trkpt>
      <trkpt lat="34.32750263398616" lon="109.01862397175816">
        <ele>388.6552483215928</ele>
        <time>2022-03-08T21:44:41Z</time>
      </trkpt>
      <trkpt lat="34.327225388963555" lon="109.01907826985439">
        <ele>389.2079615322873</ele>
        <time>2022-03-08T21:44:47Z</time>
      </trkpt>
      <trkpt lat="34.32694139962485" lon="109.01954521504133">
        <ele>388.51904988102615</ele>
        <time>2022-03-08T21:44:53Z</time>
      </trkpt>
      <trkpt lat="34.32663492141203" lon="109.0199948769274">
        <ele>388.26960273087025</ele>
        <time>2022-03-08T21:44:59Z</time>
      </trkpt>
      <trkpt lat="34.32628463244099" lon="109.02040577943458">
        <ele>387.8369460273534</ele>
        <time>2022-03-08T21:45:05Z</time>
      </trkpt>
      <trkpt lat="34.32591238336242" lon="109.02077107701434">
        <ele>388.55426577758044</ele>
        <time>2022-03-08T21:45:11Z</time>
      </trkpt>
      <trkpt lat="34.32552021463396" lon="109.02108422922149">
        <ele>388.28475997503847</ele>
        <time>2022-03-08T21:45:17Z</time>
      </trkpt>
      <trkpt lat="34.32510785595129" lon="109.0213340054686">
        <ele>388.495943444781</ele>
        <time>2022-03-08T21:45:23Z</time>
      </trkpt>
      <trkpt lat="34.324680506390685" lon="109.0215286956052">
        <ele>388.46066053397954</ele>
        <time>2022-03-08T21:45:29Z</time>
      </trkpt>
      <trkpt lat="34.32424643889028" lon="109.0216693491072">
        <ele>388.6507031265646</ele>
        <time>2022-03-08T21:45:35Z</time>
      </trkpt>
      <trkpt lat="34.32378733980426" lon="109.02173455955347">
        <ele>388.99456875864416</ele>
        <time>2022-03-08T21:45:41Z</time>
      </trkpt>
      <trkpt lat="34.32333180398455" lon="109.02176341361412">
        <ele>391.0026375493035</ele>
        <time>2022-03-08T21:45:47Z</time>
      </trkpt>
      <trkpt lat="34.32285882700974" lon="109.02177890653155">
        <ele>389.9211184810847</ele>
        <time>2022-03-08T21:45:53Z</time>
      </trkpt>
      <trkpt lat="34.32237036102329" lon="109.02177356723108">
        <ele>389.6601694561541</ele>
        <time>2022-03-08T21:45:59Z</time>
      </trkpt>
      <trkpt lat="34.321876192826146" lon="109.02171898620168">
        <ele>389.2339802887291</ele>
        <time>2022-03-08T21:46:05Z</time>
      </trkpt>
      <trkpt lat="34.32139084274163" lon="109.02163536680779">
        <ele>389.52491155825555</ele>
        <time>2022-03-08T21:46:11Z</time>
      </trkpt>
      <trkpt lat="34.32106704557518" lon="109.02159843433607">
        <ele>389.91361255105585</ele>
        <time>2022-03-08T21:46:15Z</time>
      </trkpt>
      <trkpt lat="34.320587576662994" lon="109.02153022748314">
        <ele>390.28247718233615</ele>
        <time>2022-03-08T21:46:21Z</time>
      </trkpt>
      <trkpt lat="34.32011603758771" lon="109.02146155844765">
        <ele>390.5105024287477</ele>
        <time>2022-03-08T21:46:27Z</time>
      </trkpt>
      <trkpt lat="34.31980539192837" lon="109.02142574898433">
        <ele>390.68010965175927</ele>
        <time>2022-03-08T21:46:31Z</time>
      </trkpt>
      <trkpt lat="34.31933322660714" lon="109.0214105454239">
        <ele>390.65614082477987</ele>
        <time>2022-03-08T21:46:37Z</time>
      </trkpt>
      <trkpt lat="34.318858765884904" lon="109.02141812138277">
        <ele>390.71550707053393</ele>
        <time>2022-03-08T21:46:43Z</time>
      </trkpt>
      <trkpt lat="34.318400805720266" lon="109.02146861249197">
        <ele>390.5996569087729</ele>
        <time>2022-03-08T21:46:49Z</time>
      </trkpt>
      <trkpt lat="34.31794362718974" lon="109.02152622492532">
        <ele>390.4153762431815</ele>
        <time>2022-03-08T21:46:55Z</time>
      </trkpt>
      <trkpt lat="34.3174822493729" lon="109.0215830550049">
        <ele>390.4891917742789</ele>
        <time>2022-03-08T21:47:01Z</time>
      </trkpt>
      <trkpt lat="34.317019434362045" lon="109.02164299420095">
        <ele>390.72185409162194</ele>
        <time>2022-03-08T21:47:07Z</time>
      </trkpt>
      <trkpt lat="34.31656039617087" lon="109.02170967776848">
        <ele>390.62092419713736</ele>
        <time>2022-03-08T21:47:13Z</time>
      </trkpt>
      <trkpt lat="34.316121245496554" lon="109.02187720871568">
        <ele>391.26635383535177</ele>
        <time>2022-03-08T21:47:19Z</time>
      </trkpt>
      <trkpt lat="34.31570486577225" lon="109.0221096614667">
        <ele>390.94785841647536</ele>
        <time>2022-03-08T21:47:25Z</time>
      </trkpt>
      <trkpt lat="34.31545183826921" lon="109.02231422691149">
        <ele>391.1002918109298</ele>
        <time>2022-03-08T21:47:29Z</time>
      </trkpt>
      <trkpt lat="34.315095588773346" lon="109.02265356670884">
        <ele>391.5198734831065</ele>
        <time>2022-03-08T21:47:35Z</time>
      </trkpt>
      <trkpt lat="34.31472389403102" lon="109.02298524208814">
        <ele>391.23410133831203</ele>
        <time>2022-03-08T21:47:41Z</time>
      </trkpt>
      <trkpt lat="34.314341406401326" lon="109.02331531828469">
        <ele>392.42700047418475</ele>
        <time>2022-03-08T21:47:47Z</time>
      </trkpt>
      <trkpt lat="34.31420379008301" lon="109.02341289688005">
        <ele>392.0261978087947</ele>
        <time>2022-03-08T21:47:49Z</time>
      </trkpt>
      <trkpt lat="34.31407487399119" lon="109.02353155561173">
        <ele>392.6300365626812</ele>
        <time>2022-03-08T21:47:51Z</time>
      </trkpt>
      <trkpt lat="34.31363579139075" lon="109.02383834157766">
        <ele>390.98628170695156</ele>
        <time>2022-03-08T21:47:57Z</time>
      </trkpt>
      <trkpt lat="34.31321046166689" lon="109.02414492765548">
        <ele>390.61983132269233</ele>
        <time>2022-03-08T21:48:03Z</time>
      </trkpt>
      <trkpt lat="34.31281597547021" lon="109.02441010658261">
        <ele>390.63382065296173</ele>
        <time>2022-03-08T21:48:09Z</time>
      </trkpt>
      <trkpt lat="34.31235026290759" lon="109.02471504582277">
        <ele>391.91157227009535</ele>
        <time>2022-03-08T21:48:17Z</time>
      </trkpt>
      <trkpt lat="34.31215597789409" lon="109.02490593335418">
        <ele>391.82499654311687</ele>
        <time>2022-03-08T21:48:21Z</time>
      </trkpt>
      <trkpt lat="34.3120612881388" lon="109.02497068749221">
        <ele>391.6908489866182</ele>
        <time>2022-03-08T21:48:23Z</time>
      </trkpt>
      <trkpt lat="34.31183995714755" lon="109.02509177120633">
        <ele>392.07127732783556</ele>
        <time>2022-03-08T21:48:27Z</time>
      </trkpt>
      <trkpt lat="34.3115162299153" lon="109.02528275491859">
        <ele>392.1863825600594</ele>
        <time>2022-03-08T21:48:35Z</time>
      </trkpt>
      <trkpt lat="34.311232349076214" lon="109.02532604663881">
        <ele>392.07164794392884</ele>
        <time>2022-03-08T21:48:43Z</time>
      </trkpt>
      <trkpt lat="34.31098269517843" lon="109.02531761710165">
        <ele>391.3733487855643</ele>
        <time>2022-03-08T21:48:51Z</time>
      </trkpt>
      <trkpt lat="34.31074654350779" lon="109.02525948740883">
        <ele>391.3637211546302</ele>
        <time>2022-03-08T21:48:59Z</time>
      </trkpt>
      <trkpt lat="34.31043017241132" lon="109.02508585826696">
        <ele>391.6912851938978</ele>
        <time>2022-03-08T21:49:11Z</time>
      </trkpt>
      <trkpt lat="34.31016519251779" lon="109.02484139553205">
        <ele>391.1670613605529</ele>
        <time>2022-03-08T21:49:23Z</time>
      </trkpt>
      <trkpt lat="34.30994564919223" lon="109.0246134345165">
        <ele>391.77205170318484</ele>
        <time>2022-03-08T21:49:31Z</time>
      </trkpt>
      <trkpt lat="34.309884289996894" lon="109.02452887233146">
        <ele>391.4291333826259</ele>
        <time>2022-03-08T21:49:33Z</time>
      </trkpt>
      <trkpt lat="34.309639108756976" lon="109.0243061642532">
        <ele>392.57238721940666</ele>
        <time>2022-03-08T21:49:39Z</time>
      </trkpt>
      <trkpt lat="34.30914294686691" lon="109.0240144620447">
        <ele>391.9729428701103</ele>
        <time>2022-03-08T21:49:47Z</time>
      </trkpt>
      <trkpt lat="34.308863831655565" lon="109.02390951390335">
        <ele>391.10250222776085</ele>
        <time>2022-03-08T21:49:51Z</time>
      </trkpt>
      <trkpt lat="34.30829212779143" lon="109.02385173994222">
        <ele>390.6632253592834</ele>
        <time>2022-03-08T21:49:59Z</time>
      </trkpt>
      <trkpt lat="34.3077175722835" lon="109.02384386901637">
        <ele>390.9926763307303</ele>
        <time>2022-03-08T21:50:07Z</time>
      </trkpt>
      <trkpt lat="34.30757423519156" lon="109.02385520549608">
        <ele>390.9347888659686</ele>
        <time>2022-03-08T21:50:09Z</time>
      </trkpt>
      <trkpt lat="34.3071409566347" lon="109.02383879434184">
        <ele>391.7898015929386</ele>
        <time>2022-03-08T21:50:15Z</time>
      </trkpt>
      <trkpt lat="34.30670218062762" lon="109.02382796429956">
        <ele>391.5859262589365</ele>
        <time>2022-03-08T21:50:21Z</time>
      </trkpt>
      <trkpt lat="34.306247576679645" lon="109.02380272053988">
        <ele>391.61459413543344</ele>
        <time>2022-03-08T21:50:27Z</time>
      </trkpt>
      <trkpt lat="34.305769321478934" lon="109.02380482276072">
        <ele>393.2503422955051</ele>
        <time>2022-03-08T21:50:33Z</time>
      </trkpt>
      <trkpt lat="34.30530119337058" lon="109.0238274858385">
        <ele>393.8791890256107</ele>
        <time>2022-03-08T21:50:39Z</time>
      </trkpt>
      <trkpt lat="34.30514872041504" lon="109.02385504424527">
        <ele>393.43953128531575</ele>
        <time>2022-03-08T21:50:41Z</time>
      </trkpt>
      <trkpt lat="34.304700824436736" lon="109.02405785213709">
        <ele>393.6359617691487</ele>
        <time>2022-03-08T21:50:47Z</time>
      </trkpt>
      <trkpt lat="34.30441935630058" lon="109.02425092761166">
        <ele>394.206590173766</ele>
        <time>2022-03-08T21:50:51Z</time>
      </trkpt>
      <trkpt lat="34.30415154308393" lon="109.02447564993965">
        <ele>393.66146077774465</ele>
        <time>2022-03-08T21:50:55Z</time>
      </trkpt>
      <trkpt lat="34.30392005416531" lon="109.02475014979629">
        <ele>393.5879833707586</ele>
        <time>2022-03-08T21:50:59Z</time>
      </trkpt>
      <trkpt lat="34.303649719742644" lon="109.0252300480033">
        <ele>393.6122279195115</ele>
        <time>2022-03-08T21:51:05Z</time>
      </trkpt>
      <trkpt lat="34.30338850983582" lon="109.02573903162379">
        <ele>393.6715887915343</ele>
        <time>2022-03-08T21:51:11Z</time>
      </trkpt>
      <trkpt lat="34.303210457560496" lon="109.02606620597342">
        <ele>392.40977725200355</ele>
        <time>2022-03-08T21:51:15Z</time>
      </trkpt>
      <trkpt lat="34.30291688511178" lon="109.0264960293496">
        <ele>393.19078247994184</ele>
        <time>2022-03-08T21:51:21Z</time>
      </trkpt>
      <trkpt lat="34.3027030439119" lon="109.02676780763888">
        <ele>393.15498677734286</ele>
        <time>2022-03-08T21:51:25Z</time>
      </trkpt>
      <trkpt lat="34.30234456829575" lon="109.02713231193954">
        <ele>392.5829176455736</ele>
        <time>2022-03-08T21:51:31Z</time>
      </trkpt>
      <trkpt lat="34.30211228234499" lon="109.0273728014693">
        <ele>392.60060278326273</ele>
        <time>2022-03-08T21:51:35Z</time>
      </trkpt>
      <trkpt lat="34.301696541337044" lon="109.02765867453442">
        <ele>393.32130241952837</ele>
        <time>2022-03-08T21:51:41Z</time>
      </trkpt>
      <trkpt lat="34.30141913280836" lon="109.0278557642245">
        <ele>393.19552271440625</ele>
        <time>2022-03-08T21:51:45Z</time>
      </trkpt>
      <trkpt lat="34.30126583113366" lon="109.02792433486789">
        <ele>393.6391881974414</ele>
        <time>2022-03-08T21:51:47Z</time>
      </trkpt>
      <trkpt lat="34.30077908478911" lon="109.02803719522541">
        <ele>394.0449415864423</ele>
        <time>2022-03-08T21:51:53Z</time>
      </trkpt>
      <trkpt lat="34.30029553176636" lon="109.02813843989682">
        <ele>393.8453265093267</ele>
        <time>2022-03-08T21:51:59Z</time>
      </trkpt>
      <trkpt lat="34.29981344236794" lon="109.02822483096587">
        <ele>394.3321651723236</ele>
        <time>2022-03-08T21:52:05Z</time>
      </trkpt>
      <trkpt lat="34.299345783030326" lon="109.02829725182735">
        <ele>394.47539011295885</ele>
        <time>2022-03-08T21:52:11Z</time>
      </trkpt>
      <trkpt lat="34.29888952535863" lon="109.02835956789876">
        <ele>395.1860822830349</ele>
        <time>2022-03-08T21:52:17Z</time>
      </trkpt>
      <trkpt lat="34.29843644055504" lon="109.02839736857077">
        <ele>396.1413928885013</ele>
        <time>2022-03-08T21:52:23Z</time>
      </trkpt>
      <trkpt lat="34.29813310734715" lon="109.02838386899978">
        <ele>396.6298234341666</ele>
        <time>2022-03-08T21:52:27Z</time>
      </trkpt>
      <trkpt lat="34.297688121238295" lon="109.02841450929797">
        <ele>397.53814520314336</ele>
        <time>2022-03-08T21:52:33Z</time>
      </trkpt>
      <trkpt lat="34.29723099262575" lon="109.02840152078383">
        <ele>397.41565251816064</ele>
        <time>2022-03-08T21:52:39Z</time>
      </trkpt>
      <trkpt lat="34.29678719811609" lon="109.02841502795046">
        <ele>398.7289817351848</ele>
        <time>2022-03-08T21:52:45Z</time>
      </trkpt>
      <trkpt lat="34.296633565485564" lon="109.02843635251192">
        <ele>398.93014043197036</ele>
        <time>2022-03-08T21:52:47Z</time>
      </trkpt>
      <trkpt lat="34.296363554510314" lon="109.02853336088774">
        <ele>399.3328922474757</ele>
        <time>2022-03-08T21:52:51Z</time>
      </trkpt>
      <trkpt lat="34.29588885802235" lon="109.02861276503188">
        <ele>400.4639836046845</ele>
        <time>2022-03-08T21:52:57Z</time>
      </trkpt>
      <trkpt lat="34.29558711446967" lon="109.02868957585153">
        <ele>399.3608559537679</ele>
        <time>2022-03-08T21:53:01Z</time>
      </trkpt>
      <trkpt lat="34.29542727677587" lon="109.02870842978601">
        <ele>397.69884279277176</ele>
        <time>2022-03-08T21:53:03Z</time>
      </trkpt>
      <trkpt lat="34.2949810729495" lon="109.02883537239406">
        <ele>398.8565752906725</ele>
        <time>2022-03-08T21:53:09Z</time>
      </trkpt>
      <trkpt lat="34.29456267817309" lon="109.02895361924587">
        <ele>399.0702405590564</ele>
        <time>2022-03-08T21:53:15Z</time>
      </trkpt>
      <trkpt lat="34.294012584054485" lon="109.02904708618847">
        <ele>398.26780726294965</ele>
        <time>2022-03-08T21:53:23Z</time>
      </trkpt>
      <trkpt lat="34.29345969224143" lon="109.02919004365701">
        <ele>398.0297114485875</ele>
        <time>2022-03-08T21:53:31Z</time>
      </trkpt>
      <trkpt lat="34.293009020277154" lon="109.02930594809759">
        <ele>398.1923639802262</ele>
        <time>2022-03-08T21:53:37Z</time>
      </trkpt>
      <trkpt lat="34.29254783936888" lon="109.02939271430802">
        <ele>397.9927699137479</ele>
        <time>2022-03-08T21:53:43Z</time>
      </trkpt>
      <trkpt lat="34.29206969148599" lon="109.02949543775804">
        <ele>398.61523421201855</ele>
        <time>2022-03-08T21:53:49Z</time>
      </trkpt>
      <trkpt lat="34.291552473804565" lon="109.0295305518954">
        <ele>397.73968847934157</ele>
        <time>2022-03-08T21:53:55Z</time>
      </trkpt>
      <trkpt lat="34.29103010766159" lon="109.0295349404757">
        <ele>397.98877824656665</ele>
        <time>2022-03-08T21:54:01Z</time>
      </trkpt>
      <trkpt lat="34.2905241172226" lon="109.02951824114047">
        <ele>398.680082982406</ele>
        <time>2022-03-08T21:54:07Z</time>
      </trkpt>
      <trkpt lat="34.29034674785102" lon="109.02950419851108">
        <ele>399.0204739207402</ele>
        <time>2022-03-08T21:54:09Z</time>
      </trkpt>
      <trkpt lat="34.28983390946073" lon="109.02954868614816">
        <ele>399.8045685198158</ele>
        <time>2022-03-08T21:54:15Z</time>
      </trkpt>
      <trkpt lat="34.28937158236143" lon="109.02960024851293">
        <ele>400.42706576827914</ele>
        <time>2022-03-08T21:54:21Z</time>
      </trkpt>
      <trkpt lat="34.28907013998753" lon="109.02966276666054">
        <ele>400.9369743363932</ele>
        <time>2022-03-08T21:54:25Z</time>
      </trkpt>
      <trkpt lat="34.288619648159525" lon="109.02979656524715">
        <ele>401.23573531303555</ele>
        <time>2022-03-08T21:54:31Z</time>
      </trkpt>
      <trkpt lat="34.288091600567505" lon="109.02999168973025">
        <ele>401.4571413407102</ele>
        <time>2022-03-08T21:54:39Z</time>
      </trkpt>
      <trkpt lat="34.28758763730674" lon="109.03018493634603">
        <ele>402.3352432185784</ele>
        <time>2022-03-08T21:54:47Z</time>
      </trkpt>
      <trkpt lat="34.2870633042644" lon="109.03038559703612">
        <ele>402.0353963607922</ele>
        <time>2022-03-08T21:54:55Z</time>
      </trkpt>
      <trkpt lat="34.28664939523364" lon="109.03052860152383">
        <ele>401.49859077949077</ele>
        <time>2022-03-08T21:55:01Z</time>
      </trkpt>
      <trkpt lat="34.28621039143359" lon="109.03071478271715">
        <ele>401.8337785312906</ele>
        <time>2022-03-08T21:55:07Z</time>
      </trkpt>
      <trkpt lat="34.285774006769266" lon="109.03089853947039">
        <ele>401.9566203234717</ele>
        <time>2022-03-08T21:55:13Z</time>
      </trkpt>
      <trkpt lat="34.28534264818264" lon="109.03114124208786">
        <ele>401.22357606329024</ele>
        <time>2022-03-08T21:55:19Z</time>
      </trkpt>
      <trkpt lat="34.28497008685233" lon="109.03146985547748">
        <ele>400.93030124902725</ele>
        <time>2022-03-08T21:55:25Z</time>
      </trkpt>
      <trkpt lat="34.2845800506701" lon="109.03179079924955">
        <ele>400.4860864849761</ele>
        <time>2022-03-08T21:55:31Z</time>
      </trkpt>
      <trkpt lat="34.28419461887159" lon="109.03212704768428">
        <ele>401.12419096753</ele>
        <time>2022-03-08T21:55:37Z</time>
      </trkpt>
      <trkpt lat="34.28378343913157" lon="109.0324544984919">
        <ele>400.8194131925702</ele>
        <time>2022-03-08T21:55:43Z</time>
      </trkpt>
      <trkpt lat="34.28338121671833" lon="109.03280137054585">
        <ele>400.82905675284564</ele>
        <time>2022-03-08T21:55:49Z</time>
      </trkpt>
      <trkpt lat="34.28299812514061" lon="109.03316735995061">
        <ele>400.93938309140503</ele>
        <time>2022-03-08T21:55:55Z</time>
      </trkpt>
      <trkpt lat="34.28259533577595" lon="109.03347493057379">
        <ele>401.0647725723684</ele>
        <time>2022-03-08T21:56:01Z</time>
      </trkpt>
      <trkpt lat="34.28245613363964" lon="109.03356491204869">
        <ele>401.30663714092225</ele>
        <time>2022-03-08T21:56:03Z</time>
      </trkpt>
      <trkpt lat="34.28208750707348" lon="109.03391059004183">
        <ele>401.6037140181288</ele>
        <time>2022-03-08T21:56:09Z</time>
      </trkpt>
      <trkpt lat="34.28196855587976" lon="109.03403116074306">
        <ele>401.53004206810147</ele>
        <time>2022-03-08T21:56:11Z</time>
      </trkpt>
      <trkpt lat="34.281702972903936" lon="109.03422202040981">
        <ele>401.66670567635447</ele>
        <time>2022-03-08T21:56:15Z</time>
      </trkpt>
      <trkpt lat="34.28129943068087" lon="109.03446737178443">
        <ele>400.96550327632576</ele>
        <time>2022-03-08T21:56:21Z</time>
      </trkpt>
      <trkpt lat="34.280890082229895" lon="109.0346711524307">
        <ele>401.82481101714075</ele>
        <time>2022-03-08T21:56:27Z</time>
      </trkpt>
      <trkpt lat="34.280461672784014" lon="109.03479242083414">
        <ele>401.64996322616935</ele>
        <time>2022-03-08T21:56:33Z</time>
      </trkpt>
      <trkpt lat="34.280004281025015" lon="109.03488243796637">
        <ele>401.5241149859503</ele>
        <time>2022-03-08T21:56:39Z</time>
      </trkpt>
      <trkpt lat="34.27956998459872" lon="109.03492862172574">
        <ele>401.6826554806903</ele>
        <time>2022-03-08T21:56:45Z</time>
      </trkpt>
      <trkpt lat="34.27913683139855" lon="109.0349827517582">
        <ele>403.1237301118672</ele>
        <time>2022-03-08T21:56:51Z</time>
      </trkpt>
      <trkpt lat="34.27869279180877" lon="109.03502185635664">
        <ele>403.98646603152156</ele>
        <time>2022-03-08T21:56:57Z</time>
      </trkpt>
      <trkpt lat="34.27840688212314" lon="109.03504360446105">
        <ele>404.5488657122478</ele>
        <time>2022-03-08T21:57:01Z</time>
      </trkpt>
      <trkpt lat="34.27795441935949" lon="109.03509161522415">
        <ele>403.72604405507445</ele>
        <time>2022-03-08T21:57:07Z</time>
      </trkpt>
      <trkpt lat="34.27740778680526" lon="109.03515795911468">
        <ele>403.58257498126477</ele>
        <time>2022-03-08T21:57:15Z</time>
      </trkpt>
      <trkpt lat="34.27688658450595" lon="109.03519817101952">
        <ele>403.43679545633495</ele>
        <time>2022-03-08T21:57:23Z</time>
      </trkpt>
      <trkpt lat="34.2767558560376" lon="109.03519527695393">
        <ele>404.5805139821023</ele>
        <time>2022-03-08T21:57:25Z</time>
      </trkpt>
      <trkpt lat="34.27662928708997" lon="109.03524717157937">
        <ele>404.0717477519065</ele>
        <time>2022-03-08T21:57:27Z</time>
      </trkpt>
      <trkpt lat="34.2760909481838" lon="109.0352817833697">
        <ele>404.3223835201934</ele>
        <time>2022-03-08T21:57:35Z</time>
      </trkpt>
      <trkpt lat="34.27581247732134" lon="109.03532520310544">
        <ele>404.6985010113567</ele>
        <time>2022-03-08T21:57:39Z</time>
      </trkpt>
      <trkpt lat="34.275425300957934" lon="109.03542980583882">
        <ele>403.99365283641964</ele>
        <time>2022-03-08T21:57:45Z</time>
      </trkpt>
      <trkpt lat="34.2750579080143" lon="109.03563728012314">
        <ele>404.53588402923197</ele>
        <time>2022-03-08T21:57:51Z</time>
      </trkpt>
      <trkpt lat="34.27478699583968" lon="109.03571689538427">
        <ele>404.2164944363758</ele>
        <time>2022-03-08T21:57:55Z</time>
      </trkpt>
      <trkpt lat="34.274302592467734" lon="109.03581419434272">
        <ele>403.1276394231245</ele>
        <time>2022-03-08T21:58:01Z</time>
      </trkpt>
      <trkpt lat="34.27384089636089" lon="109.03592866608889">
        <ele>403.49856546893716</ele>
        <time>2022-03-08T21:58:07Z</time>
      </trkpt>
      <trkpt lat="34.27340476538784" lon="109.03604352269106">
        <ele>403.5551128163934</ele>
        <time>2022-03-08T21:58:13Z</time>
      </trkpt>
      <trkpt lat="34.272969434817576" lon="109.03612638752445">
        <ele>403.8260353701189</ele>
        <time>2022-03-08T21:58:19Z</time>
      </trkpt>
      <trkpt lat="34.272522154119294" lon="109.03617420107264">
        <ele>403.90887827053666</ele>
        <time>2022-03-08T21:58:25Z</time>
      </trkpt>
      <trkpt lat="34.272053693425256" lon="109.0362181348073">
        <ele>404.29339024052024</ele>
        <time>2022-03-08T21:58:31Z</time>
      </trkpt>
      <trkpt lat="34.271749250249705" lon="109.03625633290858">
        <ele>404.1489870660007</ele>
        <time>2022-03-08T21:58:35Z</time>
      </trkpt>
      <trkpt lat="34.27127891217382" lon="109.03628101345909">
        <ele>404.43440160527825</ele>
        <time>2022-03-08T21:58:41Z</time>
      </trkpt>
      <trkpt lat="34.270969905122364" lon="109.03629722618582">
        <ele>404.36135798413306</ele>
        <time>2022-03-08T21:58:45Z</time>
      </trkpt>
      <trkpt lat="34.27049634511465" lon="109.03625639789952">
        <ele>404.7734202425927</ele>
        <time>2022-03-08T21:58:51Z</time>
      </trkpt>
      <trkpt lat="34.27002084713478" lon="109.03623062300277">
        <ele>404.7696087639779</ele>
        <time>2022-03-08T21:58:57Z</time>
      </trkpt>
      <trkpt lat="34.269539778460015" lon="109.03622352270175">
        <ele>405.09340637084097</ele>
        <time>2022-03-08T21:59:03Z</time>
      </trkpt>
      <trkpt lat="34.269058047746974" lon="109.03624397165312">
        <ele>404.5436325157061</ele>
        <time>2022-03-08T21:59:09Z</time>
      </trkpt>
      <trkpt lat="34.26889444286542" lon="109.03627330475848">
        <ele>404.2324707005173</ele>
        <time>2022-03-08T21:59:11Z</time>
      </trkpt>
      <trkpt lat="34.268417785670565" lon="109.03644540364435">
        <ele>404.87477339152247</ele>
        <time>2022-03-08T21:59:17Z</time>
      </trkpt>
      <trkpt lat="34.267929892545204" lon="109.03659629569724">
        <ele>404.5095425089821</ele>
        <time>2022-03-08T21:59:23Z</time>
      </trkpt>
      <trkpt lat="34.26744480242457" lon="109.0366964504829">
        <ele>404.93048768956214</ele>
        <time>2022-03-08T21:59:29Z</time>
      </trkpt>
      <trkpt lat="34.267297811687854" lon="109.03676228861094">
        <ele>405.35356655716896</ele>
        <time>2022-03-08T21:59:31Z</time>
      </trkpt>
      <trkpt lat="34.266839313694746" lon="109.03688242324122">
        <ele>405.2558230282739</ele>
        <time>2022-03-08T21:59:37Z</time>
      </trkpt>
      <trkpt lat="34.266382358837674" lon="109.03700866956605">
        <ele>405.1581215457991</ele>
        <time>2022-03-08T21:59:43Z</time>
      </trkpt>
      <trkpt lat="34.265917170473855" lon="109.0371274804711">
        <ele>405.55454355478287</ele>
        <time>2022-03-08T21:59:49Z</time>
      </trkpt>
      <trkpt lat="34.265472740444366" lon="109.0372509968579">
        <ele>405.03359100501984</ele>
        <time>2022-03-08T21:59:55Z</time>
      </trkpt>
      <trkpt lat="34.265022027054194" lon="109.0373514768204">
        <ele>406.32399312313646</ele>
        <time>2022-03-08T22:00:01Z</time>
      </trkpt>
      <trkpt lat="34.26471736495188" lon="109.03744824882118">
        <ele>406.57559088710696</ele>
        <time>2022-03-08T22:00:05Z</time>
      </trkpt>
      <trkpt lat="34.26457187652799" lon="109.03747209258711">
        <ele>406.7000019066036</ele>
        <time>2022-03-08T22:00:07Z</time>
      </trkpt>
      <trkpt lat="34.26403140644939" lon="109.0376484355772">
        <ele>406.61825391836464</ele>
        <time>2022-03-08T22:00:15Z</time>
      </trkpt>
      <trkpt lat="34.263900527416524" lon="109.03770311962914">
        <ele>407.62258390989155</ele>
        <time>2022-03-08T22:00:17Z</time>
      </trkpt>
      <trkpt lat="34.26349595662147" lon="109.0377867868476">
        <ele>408.38186338264495</ele>
        <time>2022-03-08T22:00:23Z</time>
      </trkpt>
      <trkpt lat="34.26323961566017" lon="109.03787762259122">
        <ele>408.52506362460554</ele>
        <time>2022-03-08T22:00:27Z</time>
      </trkpt>
      <trkpt lat="34.26310806095511" lon="109.03788722361332">
        <ele>408.1886601904407</ele>
        <time>2022-03-08T22:00:29Z</time>
      </trkpt>
      <trkpt lat="34.2625839110458" lon="109.03810535103105">
        <ele>408.0522259986028</ele>
        <time>2022-03-08T22:00:37Z</time>
      </trkpt>
      <trkpt lat="34.26207518839473" lon="109.03831143072969">
        <ele>408.6398964142427</ele>
        <time>2022-03-08T22:00:45Z</time>
      </trkpt>
      <trkpt lat="34.26171251367726" lon="109.0384014718866">
        <ele>408.79223187919706</ele>
        <time>2022-03-08T22:00:51Z</time>
      </trkpt>
      <trkpt lat="34.261386782515736" lon="109.03847281624323">
        <ele>408.6049559554085</ele>
        <time>2022-03-08T22:00:57Z</time>
      </trkpt>
      <trkpt lat="34.261208000354344" lon="109.03854051407137">
        <ele>408.7360669095069</ele>
        <time>2022-03-08T22:01:03Z</time>
      </trkpt>
      <trkpt lat="34.261174876331616" lon="109.03852944013181">
        <ele>408.41921964101493</ele>
        <time>2022-03-08T22:01:13Z</time>
      </trkpt>
      <trkpt lat="34.261028776904666" lon="109.03858608536203">
        <ele>408.9462753906846</ele>
        <time>2022-03-08T22:01:57Z</time>
      </trkpt>
      <trkpt lat="34.26067496606037" lon="109.03880764060193">
        <ele>408.679787768051</ele>
        <time>2022-03-08T22:02:05Z</time>
      </trkpt>
      <trkpt lat="34.26038483020137" lon="109.03884481653091">
        <ele>408.03050704859197</ele>
        <time>2022-03-08T22:02:09Z</time>
      </trkpt>
      <trkpt lat="34.26002424528555" lon="109.03897717554534">
        <ele>406.160242930986</ele>
        <time>2022-03-08T22:02:15Z</time>
      </trkpt>
      <trkpt lat="34.25957209101808" lon="109.03905557060376">
        <ele>407.00135350599885</ele>
        <time>2022-03-08T22:02:21Z</time>
      </trkpt>
      <trkpt lat="34.25901151948728" lon="109.03917972844518">
        <ele>407.1693040402606</ele>
        <time>2022-03-08T22:02:29Z</time>
      </trkpt>
      <trkpt lat="34.25846108584955" lon="109.039280057038">
        <ele>407.29690943844616</ele>
        <time>2022-03-08T22:02:37Z</time>
      </trkpt>
      <trkpt lat="34.25797544023092" lon="109.03938255286657">
        <ele>408.012827266939</ele>
        <time>2022-03-08T22:02:45Z</time>
      </trkpt>
      <trkpt lat="34.25751654111804" lon="109.03948851580084">
        <ele>407.8314004857093</ele>
        <time>2022-03-08T22:02:53Z</time>
      </trkpt>
      <trkpt lat="34.257112039624296" lon="109.03965348651435">
        <ele>408.37633490469307</ele>
        <time>2022-03-08T22:03:01Z</time>
      </trkpt>
      <trkpt lat="34.25665830315662" lon="109.03973715279584">
        <ele>408.2101676473394</ele>
        <time>2022-03-08T22:03:09Z</time>
      </trkpt>
      <trkpt lat="34.25612725137573" lon="109.03990960928202">
        <ele>409.4132251748815</ele>
        <time>2022-03-08T22:03:19Z</time>
      </trkpt>
      <trkpt lat="34.25576079314816" lon="109.04002010012601">
        <ele>409.2307060463354</ele>
        <time>2022-03-08T22:03:25Z</time>
      </trkpt>
      <trkpt lat="34.25541186431261" lon="109.04019399730268">
        <ele>409.7239449201152</ele>
        <time>2022-03-08T22:03:31Z</time>
      </trkpt>
      <trkpt lat="34.25507923984425" lon="109.04020033198428">
        <ele>410.22485778387636</ele>
        <time>2022-03-08T22:03:37Z</time>
      </trkpt>
      <trkpt lat="34.25495956056739" lon="109.0402195573159">
        <ele>410.1398117020726</ele>
        <time>2022-03-08T22:03:39Z</time>
      </trkpt>
      <trkpt lat="34.2546301197472" lon="109.04036826698628">
        <ele>411.79153220914304</ele>
        <time>2022-03-08T22:03:45Z</time>
      </trkpt>
      <trkpt lat="34.25421194453467" lon="109.0406140507544">
        <ele>412.1090092053637</ele>
        <time>2022-03-08T22:03:53Z</time>
      </trkpt>
      <trkpt lat="34.25399169252695" lon="109.04071083087631">
        <ele>412.4223749442026</ele>
        <time>2022-03-08T22:03:57Z</time>
      </trkpt>
      <trkpt lat="34.253659576645994" lon="109.04090270108627">
        <ele>412.9074976053089</ele>
        <time>2022-03-08T22:04:03Z</time>
      </trkpt>
      <trkpt lat="34.253543046389424" lon="109.040953452339">
        <ele>413.34671358484775</ele>
        <time>2022-03-08T22:04:05Z</time>
      </trkpt>
      <trkpt lat="34.25343081602446" lon="109.04104198059927">
        <ele>413.6470372872427</ele>
        <time>2022-03-08T22:04:07Z</time>
      </trkpt>
      <trkpt lat="34.253210255672144" lon="109.0411380273087">
        <ele>412.81908404733986</ele>
        <time>2022-03-08T22:04:11Z</time>
      </trkpt>
      <trkpt lat="34.25283586454499" lon="109.04131758812835">
        <ele>412.9964260570705</ele>
        <time>2022-03-08T22:04:19Z</time>
      </trkpt>
      <trkpt lat="34.2527341903409" lon="109.04134643950825">
        <ele>412.7661777921021</ele>
        <time>2022-03-08T22:04:23Z</time>
      </trkpt>
      <trkpt lat="34.25271164542926" lon="109.04133354112707">
        <ele>413.48804023396224</ele>
        <time>2022-03-08T22:04:37Z</time>
      </trkpt>
      <trkpt lat="34.252595324059854" lon="109.04140856271708">
        <ele>413.5188900567591</ele>
        <time>2022-03-08T22:05:34Z</time>
      </trkpt>
      <trkpt lat="34.25221723500092" lon="109.04167723640535">
        <ele>413.5070520648733</ele>
        <time>2022-03-08T22:05:44Z</time>
      </trkpt>
      <trkpt lat="34.25178082827009" lon="109.04197196086362">
        <ele>412.95874864514917</ele>
        <time>2022-03-08T22:05:52Z</time>
      </trkpt>
      <trkpt lat="34.25130377316938" lon="109.04227833706062">
        <ele>413.21354539040476</ele>
        <time>2022-03-08T22:06:00Z</time>
      </trkpt>
      <trkpt lat="34.2507962098231" lon="109.04258338417748">
        <ele>414.44579532183707</ele>
        <time>2022-03-08T22:06:08Z</time>
      </trkpt>
      <trkpt lat="34.250274690523106" lon="109.0428798759436">
        <ele>414.4516456797719</ele>
        <time>2022-03-08T22:06:16Z</time>
      </trkpt>
      <trkpt lat="34.250006037008475" lon="109.04302335230132">
        <ele>414.6784172002226</ele>
        <time>2022-03-08T22:06:20Z</time>
      </trkpt>
      <trkpt lat="34.24973080303211" lon="109.04312594941338">
        <ele>414.8378843180835</ele>
        <time>2022-03-08T22:06:24Z</time>
      </trkpt>
      <trkpt lat="34.249303875303724" lon="109.04321864903466">
        <ele>414.53572215512395</ele>
        <time>2022-03-08T22:06:30Z</time>
      </trkpt>
      <trkpt lat="34.24874365043247" lon="109.04329910318509">
        <ele>413.18581002485007</ele>
        <time>2022-03-08T22:06:38Z</time>
      </trkpt>
      <trkpt lat="34.24846740056358" lon="109.0433481162514">
        <ele>412.5240482157096</ele>
        <time>2022-03-08T22:06:42Z</time>
      </trkpt>
      <trkpt lat="34.24833285274716" lon="109.04338904909827">
        <ele>413.83153744693846</ele>
        <time>2022-03-08T22:06:44Z</time>
      </trkpt>
      <trkpt lat="34.24798981755965" lon="109.04343888384962">
        <ele>412.93025848455727</ele>
        <time>2022-03-08T22:06:49Z</time>
      </trkpt>
      <trkpt lat="34.24771717012178" lon="109.04350466984805">
        <ele>412.3693019570783</ele>
        <time>2022-03-08T22:06:53Z</time>
      </trkpt>
      <trkpt lat="34.247293764985706" lon="109.04355015212803">
        <ele>412.18424193840474</ele>
        <time>2022-03-08T22:06:59Z</time>
      </trkpt>
      <trkpt lat="34.246844060926385" lon="109.04365973177198">
        <ele>413.4204752976075</ele>
        <time>2022-03-08T22:07:05Z</time>
      </trkpt>
      <trkpt lat="34.24627893086292" lon="109.04376424372867">
        <ele>413.9916420802474</ele>
        <time>2022-03-08T22:07:13Z</time>
      </trkpt>
      <trkpt lat="34.24584672867323" lon="109.04381132975038">
        <ele>414.0079851420596</ele>
        <time>2022-03-08T22:07:19Z</time>
      </trkpt>
      <trkpt lat="34.245565050636856" lon="109.04384002047263">
        <ele>414.36220566462725</ele>
        <time>2022-03-08T22:07:23Z</time>
      </trkpt>
      <trkpt lat="34.24499062856184" lon="109.0438497434953">
        <ele>415.35596255771816</ele>
        <time>2022-03-08T22:07:31Z</time>
      </trkpt>
      <trkpt lat="34.24442602406626" lon="109.04386371277889">
        <ele>415.8322837995365</ele>
        <time>2022-03-08T22:07:39Z</time>
      </trkpt>
      <trkpt lat="34.24387242803999" lon="109.04388504210519">
        <ele>416.1261872379109</ele>
        <time>2022-03-08T22:07:47Z</time>
      </trkpt>
      <trkpt lat="34.24331550814706" lon="109.04390369956667">
        <ele>415.92189262714237</ele>
        <time>2022-03-08T22:07:55Z</time>
      </trkpt>
      <trkpt lat="34.242752984924984" lon="109.04397369605535">
        <ele>415.82036507036537</ele>
        <time>2022-03-08T22:08:03Z</time>
      </trkpt>
      <trkpt lat="34.242215071755936" lon="109.04401913364698">
        <ele>416.2868302296847</ele>
        <time>2022-03-08T22:08:11Z</time>
      </trkpt>
      <trkpt lat="34.24169865260633" lon="109.044122263939">
        <ele>417.4241547593847</ele>
        <time>2022-03-08T22:08:19Z</time>
      </trkpt>
      <trkpt lat="34.241190977671025" lon="109.04425732056967">
        <ele>417.48069912195206</ele>
        <time>2022-03-08T22:08:27Z</time>
      </trkpt>
      <trkpt lat="34.24067311986349" lon="109.0443928501625">
        <ele>417.2156559927389</ele>
        <time>2022-03-08T22:08:35Z</time>
      </trkpt>
      <trkpt lat="34.24014371495007" lon="109.04454305916127">
        <ele>417.84799537528306</ele>
        <time>2022-03-08T22:08:43Z</time>
      </trkpt>
      <trkpt lat="34.239668090727115" lon="109.04467033137146">
        <ele>416.5252622589469</ele>
        <time>2022-03-08T22:08:53Z</time>
      </trkpt>
      <trkpt lat="34.23926109030454" lon="109.04477879387244">
        <ele>416.0594949191436</ele>
        <time>2022-03-08T22:09:03Z</time>
      </trkpt>
      <trkpt lat="34.23869182657842" lon="109.0448534456753">
        <ele>416.48225977644324</ele>
        <time>2022-03-08T22:09:19Z</time>
      </trkpt>
      <trkpt lat="34.238612295371944" lon="109.04485828264258">
        <ele>416.1646572658792</ele>
        <time>2022-03-08T22:09:21Z</time>
      </trkpt>
      <trkpt lat="34.2381524048095" lon="109.04482704509692">
        <ele>417.77675140928477</ele>
        <time>2022-03-08T22:09:33Z</time>
      </trkpt>
      <trkpt lat="34.237626805327366" lon="109.04476204329599">
        <ele>417.8775651436299</ele>
        <time>2022-03-08T22:09:47Z</time>
      </trkpt>
      <trkpt lat="34.23715933291801" lon="109.04470671361128">
        <ele>418.4093239028007</ele>
        <time>2022-03-08T22:09:59Z</time>
      </trkpt>
      <trkpt lat="34.236684335310684" lon="109.044645127879">
        <ele>418.5760303242132</ele>
        <time>2022-03-08T22:10:11Z</time>
      </trkpt>
      <trkpt lat="34.23616925701655" lon="109.04458329518576">
        <ele>419.2792740846053</ele>
        <time>2022-03-08T22:10:23Z</time>
      </trkpt>
      <trkpt lat="34.23571831803438" lon="109.04454292629892">
        <ele>419.17717278189957</ele>
        <time>2022-03-08T22:10:33Z</time>
      </trkpt>
      <trkpt lat="34.23561385881282" lon="109.04454128666436">
        <ele>419.14345693029463</ele>
        <time>2022-03-08T22:10:35Z</time>
      </trkpt>
      <trkpt lat="34.23537358192737" lon="109.04450438721983">
        <ele>419.0953921377659</ele>
        <time>2022-03-08T22:10:41Z</time>
      </trkpt>
      <trkpt lat="34.235257010616586" lon="109.04443433638315">
        <ele>419.14278754312545</ele>
        <time>2022-03-08T22:10:53Z</time>
      </trkpt>
      <trkpt lat="34.23531877949292" lon="109.04453920938016">
        <ele>418.8114376440644</ele>
        <time>2022-03-08T22:19:56Z</time>
      </trkpt>
      <trkpt lat="34.23543250289158" lon="109.04460141493978">
        <ele>418.8811426535249</ele>
        <time>2022-03-08T22:20:00Z</time>
      </trkpt>
      <trkpt lat="34.235873044315674" lon="109.04464055781047">
        <ele>418.7534341244027</ele>
        <time>2022-03-08T22:20:10Z</time>
      </trkpt>
      <trkpt lat="34.23639077028293" lon="109.04470521909471">
        <ele>418.63797823060304</ele>
        <time>2022-03-08T22:20:20Z</time>
      </trkpt>
      <trkpt lat="34.236856299802014" lon="109.04474182665652">
        <ele>419.28135899826884</ele>
        <time>2022-03-08T22:20:28Z</time>
      </trkpt>
      <trkpt lat="34.23732729652395" lon="109.0448213281162">
        <ele>417.5821549575776</ele>
        <time>2022-03-08T22:20:36Z</time>
      </trkpt>
      <trkpt lat="34.237795565040706" lon="109.04486823828414">
        <ele>418.5276486836374</ele>
        <time>2022-03-08T22:20:44Z</time>
      </trkpt>
      <trkpt lat="34.23827671109147" lon="109.04490928663397">
        <ele>418.845809455961</ele>
        <time>2022-03-08T22:20:52Z</time>
      </trkpt>
      <trkpt lat="34.23878301670909" lon="109.04491331689698">
        <ele>417.3089817715809</ele>
        <time>2022-03-08T22:21:02Z</time>
      </trkpt>
      <trkpt lat="34.23923178913376" lon="109.04486254797924">
        <ele>416.43480013962835</ele>
        <time>2022-03-08T22:21:12Z</time>
      </trkpt>
      <trkpt lat="34.23971066740334" lon="109.04473803406005">
        <ele>415.9642554037273</ele>
        <time>2022-03-08T22:21:26Z</time>
      </trkpt>
      <trkpt lat="34.240161264657495" lon="109.044624359644">
        <ele>415.96997735183686</ele>
        <time>2022-03-08T22:21:37Z</time>
      </trkpt>
      <trkpt lat="34.24064484804463" lon="109.04448864663564">
        <ele>416.0561436181888</ele>
        <time>2022-03-08T22:21:47Z</time>
      </trkpt>
      <trkpt lat="34.24114297174108" lon="109.044349299787">
        <ele>416.1031532334164</ele>
        <time>2022-03-08T22:21:55Z</time>
      </trkpt>
      <trkpt lat="34.24169832370093" lon="109.04418832334164">
        <ele>416.51489370223135</ele>
        <time>2022-03-08T22:22:03Z</time>
      </trkpt>
      <trkpt lat="34.24213307405464" lon="109.0440920394259">
        <ele>416.08020371198654</ele>
        <time>2022-03-08T22:22:09Z</time>
      </trkpt>
      <trkpt lat="34.24258074913401" lon="109.04402778598886">
        <ele>416.47200260683894</ele>
        <time>2022-03-08T22:22:15Z</time>
      </trkpt>
      <trkpt lat="34.2430287048899" lon="109.043977899954">
        <ele>415.7510488796979</ele>
        <time>2022-03-08T22:22:21Z</time>
      </trkpt>
      <trkpt lat="34.243486588135944" lon="109.04392462163074">
        <ele>416.6926298867911</ele>
        <time>2022-03-08T22:22:27Z</time>
      </trkpt>
      <trkpt lat="34.24378357458862" lon="109.04391596360847">
        <ele>415.43904084712267</ele>
        <time>2022-03-08T22:22:31Z</time>
      </trkpt>
      <trkpt lat="34.24423193223085" lon="109.04387762993615">
        <ele>416.57515278086066</ele>
        <time>2022-03-08T22:22:37Z</time>
      </trkpt>
      <trkpt lat="34.244678760889826" lon="109.04385781742265">
        <ele>416.1059874892235</ele>
        <time>2022-03-08T22:22:43Z</time>
      </trkpt>
      <trkpt lat="34.24512125095178" lon="109.04383183285374">
        <ele>416.4661006713286</ele>
        <time>2022-03-08T22:22:49Z</time>
      </trkpt>
      <trkpt lat="34.24527435049615" lon="109.04384653082882">
        <ele>416.1235080426559</ele>
        <time>2022-03-08T22:22:51Z</time>
      </trkpt>
      <trkpt lat="34.24556350548356" lon="109.04380280016211">
        <ele>416.0901262629777</ele>
        <time>2022-03-08T22:22:55Z</time>
      </trkpt>
      <trkpt lat="34.24570814515686" lon="109.04381221517083">
        <ele>415.4766523046419</ele>
        <time>2022-03-08T22:22:57Z</time>
      </trkpt>
      <trkpt lat="34.246228339991234" lon="109.04376608177587">
        <ele>414.8313757777214</ele>
        <time>2022-03-08T22:23:05Z</time>
      </trkpt>
      <trkpt lat="34.246674863838265" lon="109.04369514694785">
        <ele>413.8377710301429</ele>
        <time>2022-03-08T22:23:11Z</time>
      </trkpt>
      <trkpt lat="34.247112509471535" lon="109.04360083284516">
        <ele>414.0979196773842</ele>
        <time>2022-03-08T22:23:17Z</time>
      </trkpt>
      <trkpt lat="34.247265678193116" lon="109.0436367818681">
        <ele>413.60171699896455</ele>
        <time>2022-03-08T22:23:19Z</time>
      </trkpt>
      <trkpt lat="34.24740311217729" lon="109.04357439286233">
        <ele>413.94580066855997</ele>
        <time>2022-03-08T22:23:21Z</time>
      </trkpt>
      <trkpt lat="34.24785953075262" lon="109.04349177986317">
        <ele>412.77375092357397</ele>
        <time>2022-03-08T22:23:27Z</time>
      </trkpt>
      <trkpt lat="34.248168424413336" lon="109.04346558193146">
        <ele>411.2903430731967</ele>
        <time>2022-03-08T22:23:31Z</time>
      </trkpt>
      <trkpt lat="34.24863093868421" lon="109.04336999210682">
        <ele>412.10224217828363</ele>
        <time>2022-03-08T22:23:37Z</time>
      </trkpt>
      <trkpt lat="34.24879084834398" lon="109.04335536897634">
        <ele>411.63172627892345</ele>
        <time>2022-03-08T22:23:39Z</time>
      </trkpt>
      <trkpt lat="34.249250191746555" lon="109.04326146834312">
        <ele>412.36926333699375</ele>
        <time>2022-03-08T22:23:45Z</time>
      </trkpt>
      <trkpt lat="34.2497156167859" lon="109.04314383669039">
        <ele>413.21670001372695</ele>
        <time>2022-03-08T22:23:51Z</time>
      </trkpt>
      <trkpt lat="34.25017304771455" lon="109.0429610143745">
        <ele>413.3852050770074</ele>
        <time>2022-03-08T22:23:57Z</time>
      </trkpt>
      <trkpt lat="34.250615992063246" lon="109.04271368304045">
        <ele>414.24457020219415</ele>
        <time>2022-03-08T22:24:03Z</time>
      </trkpt>
      <trkpt lat="34.25105893007067" lon="109.0424563882956">
        <ele>413.72970797959715</ele>
        <time>2022-03-08T22:24:09Z</time>
      </trkpt>
      <trkpt lat="34.25148411497019" lon="109.04219599973035">
        <ele>413.88676520902663</ele>
        <time>2022-03-08T22:24:15Z</time>
      </trkpt>
      <trkpt lat="34.25190514954593" lon="109.04195948458947">
        <ele>413.03668804559857</ele>
        <time>2022-03-08T22:24:21Z</time>
      </trkpt>
      <trkpt lat="34.25215367892233" lon="109.04182981170476">
        <ele>412.27595905587077</ele>
        <time>2022-03-08T22:24:25Z</time>
      </trkpt>
      <trkpt lat="34.25223813947859" lon="109.04174782803659">
        <ele>412.0022473987192</ele>
        <time>2022-03-08T22:24:27Z</time>
      </trkpt>
      <trkpt lat="34.25233437738536" lon="109.04172207708872">
        <ele>411.92743925284594</ele>
        <time>2022-03-08T22:24:31Z</time>
      </trkpt>
      <trkpt lat="34.25236561690641" lon="109.04169817157359">
        <ele>412.4607285792008</ele>
        <time>2022-03-08T22:24:41Z</time>
      </trkpt>
      <trkpt lat="34.25249731436834" lon="109.04159878699022">
        <ele>413.142687109299</ele>
        <time>2022-03-08T22:25:32Z</time>
      </trkpt>
      <trkpt lat="34.252641801571215" lon="109.04148091911887">
        <ele>413.22585703153163</ele>
        <time>2022-03-08T22:25:36Z</time>
      </trkpt>
      <trkpt lat="34.253053406682774" lon="109.04127744863062">
        <ele>413.3693752521649</ele>
        <time>2022-03-08T22:25:43Z</time>
      </trkpt>
      <trkpt lat="34.253474318348395" lon="109.04106954270745">
        <ele>413.0338879702613</ele>
        <time>2022-03-08T22:25:49Z</time>
      </trkpt>
      <trkpt lat="34.25390020168617" lon="109.04084684947568">
        <ele>413.0587259400636</ele>
        <time>2022-03-08T22:25:55Z</time>
      </trkpt>
      <trkpt lat="34.25431790377994" lon="109.04060737636057">
        <ele>412.46725817397237</ele>
        <time>2022-03-08T22:26:01Z</time>
      </trkpt>
      <trkpt lat="34.25474001735511" lon="109.04040334663438">
        <ele>412.70558915194124</ele>
        <time>2022-03-08T22:26:07Z</time>
      </trkpt>
      <trkpt lat="34.25512187102079" lon="109.04025502306287">
        <ele>410.65041358582675</ele>
        <time>2022-03-08T22:26:13Z</time>
      </trkpt>
      <trkpt lat="34.25538621920713" lon="109.04021006183827">
        <ele>411.0226501310244</ele>
        <time>2022-03-08T22:26:17Z</time>
      </trkpt>
      <trkpt lat="34.255609354069094" lon="109.04006811722664">
        <ele>410.9480233984068</ele>
        <time>2022-03-08T22:26:21Z</time>
      </trkpt>
      <trkpt lat="34.25587001704729" lon="109.03996933338173">
        <ele>409.73163046501577</ele>
        <time>2022-03-08T22:26:25Z</time>
      </trkpt>
      <trkpt lat="34.25630319888316" lon="109.03987639906639">
        <ele>409.7827864428982</ele>
        <time>2022-03-08T22:26:31Z</time>
      </trkpt>
      <trkpt lat="34.256595973565034" lon="109.03979036560854">
        <ele>409.48821128346026</ele>
        <time>2022-03-08T22:26:35Z</time>
      </trkpt>
      <trkpt lat="34.25672527336526" lon="109.03976839371275">
        <ele>408.0434263823554</ele>
        <time>2022-03-08T22:26:37Z</time>
      </trkpt>
      <trkpt lat="34.257199551583554" lon="109.03962718905049">
        <ele>408.1729573253542</ele>
        <time>2022-03-08T22:26:43Z</time>
      </trkpt>
      <trkpt lat="34.25749455595814" lon="109.03950548065878">
        <ele>407.7466201316565</ele>
        <time>2022-03-08T22:26:47Z</time>
      </trkpt>
      <trkpt lat="34.25796825346667" lon="109.039396974856">
        <ele>408.01727508567274</ele>
        <time>2022-03-08T22:26:53Z</time>
      </trkpt>
      <trkpt lat="34.25843696103679" lon="109.03929470645888">
        <ele>408.67797548417</ele>
        <time>2022-03-08T22:26:59Z</time>
      </trkpt>
      <trkpt lat="34.25890930972719" lon="109.03919502437262">
        <ele>408.3124879319221</ele>
        <time>2022-03-08T22:27:05Z</time>
      </trkpt>
      <trkpt lat="34.25937988172179" lon="109.03911425192054">
        <ele>407.9282237291336</ele>
        <time>2022-03-08T22:27:11Z</time>
      </trkpt>
      <trkpt lat="34.25986815767148" lon="109.03898791324194">
        <ele>406.95417289901525</ele>
        <time>2022-03-08T22:27:17Z</time>
      </trkpt>
      <trkpt lat="34.26031454726982" lon="109.03889331363722">
        <ele>407.06738663837314</ele>
        <time>2022-03-08T22:27:23Z</time>
      </trkpt>
      <trkpt lat="34.26074538696923" lon="109.0388177122931">
        <ele>407.0995596991852</ele>
        <time>2022-03-08T22:27:29Z</time>
      </trkpt>
      <trkpt lat="34.260949065575744" lon="109.03874929731215">
        <ele>407.0901727164164</ele>
        <time>2022-03-08T22:27:43Z</time>
      </trkpt>
      <trkpt lat="34.26106564152509" lon="109.0386893634621">
        <ele>407.8087670067325</ele>
        <time>2022-03-08T22:27:54Z</time>
      </trkpt>
      <trkpt lat="34.261175877290185" lon="109.03866276188401">
        <ele>408.0107733262703</ele>
        <time>2022-03-08T22:27:57Z</time>
      </trkpt>
      <trkpt lat="34.26136531398208" lon="109.0385394408687">
        <ele>408.3574779490009</ele>
        <time>2022-03-08T22:28:01Z</time>
      </trkpt>
      <trkpt lat="34.2615080697975" lon="109.03858563507805">
        <ele>408.045168960467</ele>
        <time>2022-03-08T22:28:03Z</time>
      </trkpt>
      <trkpt lat="34.26180075241103" lon="109.03848765473681">
        <ele>407.6465006386861</ele>
        <time>2022-03-08T22:28:07Z</time>
      </trkpt>
      <trkpt lat="34.26193428234582" lon="109.0383511780295">
        <ele>407.75552645511925</ele>
        <time>2022-03-08T22:28:09Z</time>
      </trkpt>
      <trkpt lat="34.262370551019735" lon="109.03820255923438">
        <ele>408.9044585740194</ele>
        <time>2022-03-08T22:28:15Z</time>
      </trkpt>
      <trkpt lat="34.26281841597247" lon="109.03805233157354">
        <ele>408.8969564922154</ele>
        <time>2022-03-08T22:28:21Z</time>
      </trkpt>
      <trkpt lat="34.26297025605859" lon="109.03798235971325">
        <ele>409.0243381690234</ele>
        <time>2022-03-08T22:28:23Z</time>
      </trkpt>
      <trkpt lat="34.263437117242894" lon="109.03784679855903">
        <ele>408.47850565239787</ele>
        <time>2022-03-08T22:28:29Z</time>
      </trkpt>
      <trkpt lat="34.263896501578" lon="109.03773109084845">
        <ele>408.6094998540357</ele>
        <time>2022-03-08T22:28:35Z</time>
      </trkpt>
      <trkpt lat="34.2642169649181" lon="109.03762394834308">
        <ele>408.2398067563772</ele>
        <time>2022-03-08T22:28:39Z</time>
      </trkpt>
      <trkpt lat="34.26470751814375" lon="109.0374999962558">
        <ele>406.3476639036089</ele>
        <time>2022-03-08T22:28:45Z</time>
      </trkpt>
      <trkpt lat="34.26520266168596" lon="109.03735320540709">
        <ele>406.68347785342485</ele>
        <time>2022-03-08T22:28:51Z</time>
      </trkpt>
      <trkpt lat="34.26552350297363" lon="109.03729142549534">
        <ele>405.5026457654312</ele>
        <time>2022-03-08T22:28:55Z</time>
      </trkpt>
      <trkpt lat="34.26585957692796" lon="109.03718076579513">
        <ele>405.45059781707823</ele>
        <time>2022-03-08T22:28:59Z</time>
      </trkpt>
      <trkpt lat="34.26635845638524" lon="109.03706268026613">
        <ele>405.1981139173731</ele>
        <time>2022-03-08T22:29:05Z</time>
      </trkpt>
      <trkpt lat="34.2668649016264" lon="109.03692284981528">
        <ele>405.2539408393204</ele>
        <time>2022-03-08T22:29:11Z</time>
      </trkpt>
      <trkpt lat="34.267368190201665" lon="109.03679240090644">
        <ele>405.228465160355</ele>
        <time>2022-03-08T22:29:17Z</time>
      </trkpt>
      <trkpt lat="34.26786597225415" lon="109.03664845024676">
        <ele>405.38572763931006</ele>
        <time>2022-03-08T22:29:23Z</time>
      </trkpt>
      <trkpt lat="34.26834930265297" lon="109.03651390498474">
        <ele>404.7879638550803</ele>
        <time>2022-03-08T22:29:29Z</time>
      </trkpt>
      <trkpt lat="34.268829443910164" lon="109.03636756027657">
        <ele>405.2144764456898</ele>
        <time>2022-03-08T22:29:35Z</time>
      </trkpt>
      <trkpt lat="34.269157826524285" lon="109.03629734030642">
        <ele>404.88081782497466</ele>
        <time>2022-03-08T22:29:39Z</time>
      </trkpt>
      <trkpt lat="34.26964806972694" lon="109.03629496773802">
        <ele>404.50618868134916</ele>
        <time>2022-03-08T22:29:45Z</time>
      </trkpt>
      <trkpt lat="34.270154264284216" lon="109.03630019339845">
        <ele>404.4102633902803</ele>
        <time>2022-03-08T22:29:51Z</time>
      </trkpt>
      <trkpt lat="34.27067053225789" lon="109.036331644803">
        <ele>403.98722845781595</ele>
        <time>2022-03-08T22:29:57Z</time>
      </trkpt>
      <trkpt lat="34.27101990029909" lon="109.03635639731317">
        <ele>404.25455403514206</ele>
        <time>2022-03-08T22:30:01Z</time>
      </trkpt>
      <trkpt lat="34.27152963980196" lon="109.0363129042552">
        <ele>404.2655156031251</ele>
        <time>2022-03-08T22:30:07Z</time>
      </trkpt>
      <trkpt lat="34.27186209442738" lon="109.03627390484763">
        <ele>404.98489914275706</ele>
        <time>2022-03-08T22:30:11Z</time>
      </trkpt>
      <trkpt lat="34.272210366644124" lon="109.03625156515935">
        <ele>404.4108840711415</ele>
        <time>2022-03-08T22:30:15Z</time>
      </trkpt>
      <trkpt lat="34.27269957653877" lon="109.03620830899918">
        <ele>404.32935478538275</ele>
        <time>2022-03-08T22:30:21Z</time>
      </trkpt>
      <trkpt lat="34.27302245214391" lon="109.03618327054454">
        <ele>403.90369777660817</ele>
        <time>2022-03-08T22:30:25Z</time>
      </trkpt>
      <trkpt lat="34.27351942055863" lon="109.03606599729164">
        <ele>403.43516649026424</ele>
        <time>2022-03-08T22:30:31Z</time>
      </trkpt>
      <trkpt lat="34.27400722248509" lon="109.03593243438576">
        <ele>403.46804085187614</ele>
        <time>2022-03-08T22:30:37Z</time>
      </trkpt>
      <trkpt lat="34.27446268824802" lon="109.03583707167996">
        <ele>403.9514786079526</ele>
        <time>2022-03-08T22:30:43Z</time>
      </trkpt>
      <trkpt lat="34.2749357964111" lon="109.03572147090651">
        <ele>404.356835719198</ele>
        <time>2022-03-08T22:30:51Z</time>
      </trkpt>
      <trkpt lat="34.27512722893889" lon="109.03568391224654">
        <ele>403.81854120548815</ele>
        <time>2022-03-08T22:30:57Z</time>
      </trkpt>
      <trkpt lat="34.27512824601896" lon="109.03569553826192">
        <ele>404.05397217255086</ele>
        <time>2022-03-08T22:31:09Z</time>
      </trkpt>
      <trkpt lat="34.275261135220084" lon="109.03564352548246">
        <ele>404.216945101507</ele>
        <time>2022-03-08T22:31:16Z</time>
      </trkpt>
      <trkpt lat="34.27551386474381" lon="109.03551793170881">
        <ele>404.30446054786444</ele>
        <time>2022-03-08T22:31:22Z</time>
      </trkpt>
      <trkpt lat="34.275770002575875" lon="109.03546601304286">
        <ele>404.1138885905966</ele>
        <time>2022-03-08T22:31:26Z</time>
      </trkpt>
      <trkpt lat="34.27621508036991" lon="109.03542680705357">
        <ele>403.34240689501166</ele>
        <time>2022-03-08T22:31:32Z</time>
      </trkpt>
      <trkpt lat="34.27666612835179" lon="109.03537768530677">
        <ele>403.25179069675505</ele>
        <time>2022-03-08T22:31:38Z</time>
      </trkpt>
      <trkpt lat="34.276984410591204" lon="109.03534617197238">
        <ele>402.9968162840232</ele>
        <time>2022-03-08T22:31:42Z</time>
      </trkpt>
      <trkpt lat="34.277474814503314" lon="109.03529993821985">
        <ele>403.01535275019705</ele>
        <time>2022-03-08T22:31:48Z</time>
      </trkpt>
      <trkpt lat="34.27795942573687" lon="109.03523083721494">
        <ele>403.48518944345415</ele>
        <time>2022-03-08T22:31:54Z</time>
      </trkpt>
      <trkpt lat="34.2783965692657" lon="109.03519076934099">
        <ele>403.6930353809148</ele>
        <time>2022-03-08T22:31:59Z</time>
      </trkpt>
      <trkpt lat="34.278900489671955" lon="109.0351425829769">
        <ele>403.59734791889787</ele>
        <time>2022-03-08T22:32:05Z</time>
      </trkpt>
      <trkpt lat="34.27906555584675" lon="109.03511087020955">
        <ele>404.269670763053</ele>
        <time>2022-03-08T22:32:07Z</time>
      </trkpt>
      <trkpt lat="34.2795875298555" lon="109.0350638567779">
        <ele>403.5867073126137</ele>
        <time>2022-03-08T22:32:13Z</time>
      </trkpt>
      <trkpt lat="34.279939588461694" lon="109.03503970645497">
        <ele>403.09743799455464</ele>
        <time>2022-03-08T22:32:17Z</time>
      </trkpt>
      <trkpt lat="34.28045040644721" lon="109.03495132590534">
        <ele>401.37396416813135</ele>
        <time>2022-03-08T22:32:23Z</time>
      </trkpt>
      <trkpt lat="34.2809573960669" lon="109.03480112828966">
        <ele>400.82086448930204</ele>
        <time>2022-03-08T22:32:29Z</time>
      </trkpt>
      <trkpt lat="34.2812847081412" lon="109.03465531706867">
        <ele>400.73666794318706</ele>
        <time>2022-03-08T22:32:33Z</time>
      </trkpt>
      <trkpt lat="34.281751577963604" lon="109.03436845671253">
        <ele>401.3666838509962</ele>
        <time>2022-03-08T22:32:39Z</time>
      </trkpt>
      <trkpt lat="34.28212577608446" lon="109.03408754862286">
        <ele>400.7716375524178</ele>
        <time>2022-03-08T22:32:44Z</time>
      </trkpt>
      <trkpt lat="34.28253735870824" lon="109.0337207976976">
        <ele>400.301264048554</ele>
        <time>2022-03-08T22:32:50Z</time>
      </trkpt>
      <trkpt lat="34.28296303656562" lon="109.03334409777547">
        <ele>400.7865531286225</ele>
        <time>2022-03-08T22:32:56Z</time>
      </trkpt>
      <trkpt lat="34.28339050771528" lon="109.03297227858634">
        <ele>400.40404263790697</ele>
        <time>2022-03-08T22:33:02Z</time>
      </trkpt>
      <trkpt lat="34.283797571837454" lon="109.03262125451688">
        <ele>400.3170358464122</ele>
        <time>2022-03-08T22:33:08Z</time>
      </trkpt>
      <trkpt lat="34.28420538457397" lon="109.03226227135741">
        <ele>400.40232921764255</ele>
        <time>2022-03-08T22:33:14Z</time>
      </trkpt>
      <trkpt lat="34.28459849719911" lon="109.03192514637522">
        <ele>399.69939257390797</ele>
        <time>2022-03-08T22:33:20Z</time>
      </trkpt>
      <trkpt lat="34.284968421011364" lon="109.03159722981438">
        <ele>400.0505190342665</ele>
        <time>2022-03-08T22:33:26Z</time>
      </trkpt>
      <trkpt lat="34.28535419294266" lon="109.0312747083761">
        <ele>400.7311270739883</ele>
        <time>2022-03-08T22:33:32Z</time>
      </trkpt>
      <trkpt lat="34.28577713128262" lon="109.03101349975752">
        <ele>400.6157276276499</ele>
        <time>2022-03-08T22:33:38Z</time>
      </trkpt>
      <trkpt lat="34.286215812331164" lon="109.0307993696587">
        <ele>401.57058475073427</ele>
        <time>2022-03-08T22:33:44Z</time>
      </trkpt>
      <trkpt lat="34.286657608349614" lon="109.03062734182858">
        <ele>401.868821750395</ele>
        <time>2022-03-08T22:33:50Z</time>
      </trkpt>
      <trkpt lat="34.287114458226775" lon="109.03045995262302">
        <ele>402.32650162559</ele>
        <time>2022-03-08T22:33:56Z</time>
      </trkpt>
      <trkpt lat="34.2875975864437" lon="109.03028218306005">
        <ele>401.94547558017075</ele>
        <time>2022-03-08T22:34:02Z</time>
      </trkpt>
      <trkpt lat="34.288156380658464" lon="109.03006676786362">
        <ele>400.73515370395035</ele>
        <time>2022-03-08T22:34:09Z</time>
      </trkpt>
      <trkpt lat="34.288677505040106" lon="109.02987874434928">
        <ele>399.7035128669813</ele>
        <time>2022-03-08T22:34:15Z</time>
      </trkpt>
      <trkpt lat="34.28885370258941" lon="109.0298142289192">
        <ele>400.2781828409061</ele>
        <time>2022-03-08T22:34:17Z</time>
      </trkpt>
      <trkpt lat="34.28942059118397" lon="109.02969257320606">
        <ele>398.3574690762907</ele>
        <time>2022-03-08T22:34:23Z</time>
      </trkpt>
      <trkpt lat="34.28999515216899" lon="109.02965827643965">
        <ele>397.71201819367707</ele>
        <time>2022-03-08T22:34:29Z</time>
      </trkpt>
      <trkpt lat="34.2901840078661" lon="109.02965215397441">
        <ele>398.2023709593341</ele>
        <time>2022-03-08T22:34:31Z</time>
      </trkpt>
      <trkpt lat="34.290569846206125" lon="109.0296953307585">
        <ele>399.28110510017723</ele>
        <time>2022-03-08T22:34:37Z</time>
      </trkpt>
      <trkpt lat="34.29080937535044" lon="109.0296593429899">
        <ele>399.4025037596002</ele>
        <time>2022-03-08T22:34:39Z</time>
      </trkpt>
      <trkpt lat="34.29142143170673" lon="109.02966343122485">
        <ele>400.22335467487574</ele>
        <time>2022-03-08T22:34:45Z</time>
      </trkpt>
      <trkpt lat="34.291990891813974" lon="109.02963589991421">
        <ele>398.9501478644088</ele>
        <time>2022-03-08T22:34:51Z</time>
      </trkpt>
      <trkpt lat="34.29217144098814" lon="109.02963621464248">
        <ele>398.7878557611257</ele>
        <time>2022-03-08T22:34:53Z</time>
      </trkpt>
      <trkpt lat="34.29264579650801" lon="109.02951152910204">
        <ele>397.89986197836697</ele>
        <time>2022-03-08T22:35:02Z</time>
      </trkpt>
      <trkpt lat="34.29307309838984" lon="109.02939573829832">
        <ele>397.6109460182488</ele>
        <time>2022-03-08T22:35:12Z</time>
      </trkpt>
      <trkpt lat="34.2933420292916" lon="109.02932734880886">
        <ele>398.31276029441506</ele>
        <time>2022-03-08T22:35:18Z</time>
      </trkpt>
      <trkpt lat="34.293519888125076" lon="109.0293106549733">
        <ele>398.26484739780426</ele>
        <time>2022-03-08T22:35:22Z</time>
      </trkpt>
      <trkpt lat="34.293787430292696" lon="109.02923696320325">
        <ele>398.71033134683967</ele>
        <time>2022-03-08T22:35:28Z</time>
      </trkpt>
      <trkpt lat="34.2939188581104" lon="109.0292301008232">
        <ele>398.61901654303074</ele>
        <time>2022-03-08T22:35:30Z</time>
      </trkpt>
      <trkpt lat="34.29416323020681" lon="109.02915291665383">
        <ele>398.7065302040428</ele>
        <time>2022-03-08T22:35:34Z</time>
      </trkpt>
      <trkpt lat="34.29447984364239" lon="109.0291123654533">
        <ele>398.2049633022398</ele>
        <time>2022-03-08T22:35:38Z</time>
      </trkpt>
      <trkpt lat="34.29493322004093" lon="109.02896339101048">
        <ele>397.8426593244076</ele>
        <time>2022-03-08T22:35:44Z</time>
      </trkpt>
      <trkpt lat="34.29508582291452" lon="109.02893429479592">
        <ele>396.79181534890085</ele>
        <time>2022-03-08T22:35:46Z</time>
      </trkpt>
      <trkpt lat="34.29538415840606" lon="109.02882666873653">
        <ele>397.24893727339804</ele>
        <time>2022-03-08T22:35:50Z</time>
      </trkpt>
      <trkpt lat="34.29585906884639" lon="109.02873895993818">
        <ele>398.0458097793162</ele>
        <time>2022-03-08T22:35:56Z</time>
      </trkpt>
      <trkpt lat="34.296019141295226" lon="109.02869677892892">
        <ele>397.30874668061733</ele>
        <time>2022-03-08T22:35:58Z</time>
      </trkpt>
      <trkpt lat="34.29653890127691" lon="109.0286344516631">
        <ele>396.87486200314015</ele>
        <time>2022-03-08T22:36:04Z</time>
      </trkpt>
      <trkpt lat="34.296938859534556" lon="109.02852563822549">
        <ele>397.1571562271565</ele>
        <time>2022-03-08T22:36:09Z</time>
      </trkpt>
      <trkpt lat="34.297471421731444" lon="109.02847202040131">
        <ele>396.8514537354931</ele>
        <time>2022-03-08T22:36:15Z</time>
      </trkpt>
      <trkpt lat="34.29799557474942" lon="109.02845752292026">
        <ele>397.2201875085011</ele>
        <time>2022-03-08T22:36:21Z</time>
      </trkpt>
      <trkpt lat="34.298293761046" lon="109.02849376840943">
        <ele>395.30580976977944</ele>
        <time>2022-03-08T22:36:25Z</time>
      </trkpt>
      <trkpt lat="34.29838871750346" lon="109.02859143194256">
        <ele>395.38882051501423</ele>
        <time>2022-03-08T22:36:49Z</time>
      </trkpt>
      <trkpt lat="34.29860981750933" lon="109.02857520031914">
        <ele>395.5524544501677</ele>
        <time>2022-03-08T22:37:16Z</time>
      </trkpt>
      <trkpt lat="34.29890679868833" lon="109.02848000046737">
        <ele>395.70931921247393</ele>
        <time>2022-03-08T22:37:22Z</time>
      </trkpt>
      <trkpt lat="34.29933731870162" lon="109.02842143675296">
        <ele>394.8093717964366</ele>
        <time>2022-03-08T22:37:28Z</time>
      </trkpt>
      <trkpt lat="34.29965140563149" lon="109.0283837615884">
        <ele>392.6544231036678</ele>
        <time>2022-03-08T22:37:32Z</time>
      </trkpt>
      <trkpt lat="34.300132978673275" lon="109.02829070322443">
        <ele>392.2512403149158</ele>
        <time>2022-03-08T22:37:38Z</time>
      </trkpt>
      <trkpt lat="34.30028601278346" lon="109.0282533896802">
        <ele>392.1895943004638</ele>
        <time>2022-03-08T22:37:40Z</time>
      </trkpt>
      <trkpt lat="34.300770234048684" lon="109.02813838988878">
        <ele>392.23770699836314</ele>
        <time>2022-03-08T22:37:46Z</time>
      </trkpt>
      <trkpt lat="34.301093583197634" lon="109.02806019292483">
        <ele>392.06121472641826</ele>
        <time>2022-03-08T22:37:50Z</time>
      </trkpt>
      <trkpt lat="34.301570729088965" lon="109.02786572485924">
        <ele>393.1775515889749</ele>
        <time>2022-03-08T22:37:56Z</time>
      </trkpt>
      <trkpt lat="34.30200363879657" lon="109.02760048232247">
        <ele>392.5812197998166</ele>
        <time>2022-03-08T22:38:02Z</time>
      </trkpt>
      <trkpt lat="34.30239290937573" lon="109.0272595806934">
        <ele>391.9303651647642</ele>
        <time>2022-03-08T22:38:08Z</time>
      </trkpt>
      <trkpt lat="34.302756246997376" lon="109.0268701113196">
        <ele>392.412789744325</ele>
        <time>2022-03-08T22:38:14Z</time>
      </trkpt>
      <trkpt lat="34.30314458975999" lon="109.02637988316695">
        <ele>392.47184909228235</ele>
        <time>2022-03-08T22:38:21Z</time>
      </trkpt>
      <trkpt lat="34.30333273839872" lon="109.02606331427198">
        <ele>392.6944246850908</ele>
        <time>2022-03-08T22:38:25Z</time>
      </trkpt>
      <trkpt lat="34.303567825258135" lon="109.02555548974576">
        <ele>393.01995741110295</ele>
        <time>2022-03-08T22:38:31Z</time>
      </trkpt>
      <trkpt lat="34.30383862956211" lon="109.02506211032959">
        <ele>392.75679030735046</ele>
        <time>2022-03-08T22:38:37Z</time>
      </trkpt>
      <trkpt lat="34.304046492495885" lon="109.02475468082699">
        <ele>392.7550168149173</ele>
        <time>2022-03-08T22:38:41Z</time>
      </trkpt>
      <trkpt lat="34.30429160589026" lon="109.02449423631329">
        <ele>392.38866615947336</ele>
        <time>2022-03-08T22:38:45Z</time>
      </trkpt>
      <trkpt lat="34.30442463169177" lon="109.02437583766134">
        <ele>392.6991218617186</ele>
        <time>2022-03-08T22:38:47Z</time>
      </trkpt>
      <trkpt lat="34.30470480148931" lon="109.02417866835793">
        <ele>393.51447411533445</ele>
        <time>2022-03-08T22:38:51Z</time>
      </trkpt>
      <trkpt lat="34.3050035667121" lon="109.02403706430431">
        <ele>393.5209129480645</ele>
        <time>2022-03-08T22:38:55Z</time>
      </trkpt>
      <trkpt lat="34.305314518690054" lon="109.02394417578508">
        <ele>394.3047388838604</ele>
        <time>2022-03-08T22:38:59Z</time>
      </trkpt>
      <trkpt lat="34.30580513104634" lon="109.02391383456626">
        <ele>394.22087095864117</ele>
        <time>2022-03-08T22:39:05Z</time>
      </trkpt>
      <trkpt lat="34.30630062467088" lon="109.02393690002877">
        <ele>392.7813698183745</ele>
        <time>2022-03-08T22:39:11Z</time>
      </trkpt>
      <trkpt lat="34.30680446746672" lon="109.02393264117931">
        <ele>391.88304720725864</ele>
        <time>2022-03-08T22:39:17Z</time>
      </trkpt>
      <trkpt lat="34.30731106549452" lon="109.02393652239712">
        <ele>391.86286435555667</ele>
        <time>2022-03-08T22:39:23Z</time>
      </trkpt>
      <trkpt lat="34.30782325605226" lon="109.02395542496704">
        <ele>391.0128114456311</ele>
        <time>2022-03-08T22:39:29Z</time>
      </trkpt>
      <trkpt lat="34.30834169539329" lon="109.02395323736637">
        <ele>390.5256735710427</ele>
        <time>2022-03-08T22:39:35Z</time>
      </trkpt>
      <trkpt lat="34.30884960981583" lon="109.02404394821338">
        <ele>389.95319920778275</ele>
        <time>2022-03-08T22:39:41Z</time>
      </trkpt>
      <trkpt lat="34.309174099795584" lon="109.02416656342201">
        <ele>390.48824854474515</ele>
        <time>2022-03-08T22:39:45Z</time>
      </trkpt>
      <trkpt lat="34.309477468029236" lon="109.02434717576695">
        <ele>390.77032848540694</ele>
        <time>2022-03-08T22:39:49Z</time>
      </trkpt>
      <trkpt lat="34.30974491935024" lon="109.0245762784804">
        <ele>391.33541470672935</ele>
        <time>2022-03-08T22:39:53Z</time>
      </trkpt>
      <trkpt lat="34.31007056551092" lon="109.02493569705877">
        <ele>391.1467526964843</ele>
        <time>2022-03-08T22:39:59Z</time>
      </trkpt>
      <trkpt lat="34.31032052126645" lon="109.02521438144754">
        <ele>391.51947262883186</ele>
        <time>2022-03-08T22:40:05Z</time>
      </trkpt>
      <trkpt lat="34.31061661573155" lon="109.02537691773243">
        <ele>391.4838831461966</ele>
        <time>2022-03-08T22:40:11Z</time>
      </trkpt>
      <trkpt lat="34.310976725180126" lon="109.02546362437373">
        <ele>391.7228914499283</ele>
        <time>2022-03-08T22:40:19Z</time>
      </trkpt>
      <trkpt lat="34.311248170227095" lon="109.02545608748083">
        <ele>391.57320066262037</ele>
        <time>2022-03-08T22:40:25Z</time>
      </trkpt>
      <trkpt lat="34.31140996729415" lon="109.02540515550552">
        <ele>391.84771603159606</ele>
        <time>2022-03-08T22:40:29Z</time>
      </trkpt>
      <trkpt lat="34.31148969628997" lon="109.02546087559351">
        <ele>391.6228225082159</ele>
        <time>2022-03-08T22:40:35Z</time>
      </trkpt>
      <trkpt lat="34.311708039201214" lon="109.02535957625754">
        <ele>391.0419051758945</ele>
        <time>2022-03-08T22:40:41Z</time>
      </trkpt>
      <trkpt lat="34.312178411018024" lon="109.02504480037568">
        <ele>391.3867372982204</ele>
        <time>2022-03-08T22:40:51Z</time>
      </trkpt>
      <trkpt lat="34.31226252583206" lon="109.024975482111">
        <ele>391.9158558091149</ele>
        <time>2022-03-08T22:40:53Z</time>
      </trkpt>
      <trkpt lat="34.31236386570846" lon="109.02492567530064">
        <ele>391.29983135219663</ele>
        <time>2022-03-08T22:40:55Z</time>
      </trkpt>
      <trkpt lat="34.31251941269457" lon="109.02476224328318">
        <ele>391.436716333963</ele>
        <time>2022-03-08T22:40:59Z</time>
      </trkpt>
      <trkpt lat="34.313018719321676" lon="109.02447224528272">
        <ele>391.2855039378628</ele>
        <time>2022-03-08T22:41:07Z</time>
      </trkpt>
      <trkpt lat="34.313423743185346" lon="109.02418704437538">
        <ele>391.2108321338892</ele>
        <time>2022-03-08T22:41:15Z</time>
      </trkpt>
      <trkpt lat="34.31373506521276" lon="109.02403142655886">
        <ele>390.5065745553002</ele>
        <time>2022-03-08T22:41:21Z</time>
      </trkpt>
      <trkpt lat="34.314076055371295" lon="109.0238093940942">
        <ele>391.15936208795756</ele>
        <time>2022-03-08T22:41:29Z</time>
      </trkpt>
      <trkpt lat="34.314306901873586" lon="109.02355946904918">
        <ele>390.26711569260806</ele>
        <time>2022-03-08T22:41:35Z</time>
      </trkpt>
      <trkpt lat="34.31467325485265" lon="109.02326688375636">
        <ele>390.62951741274446</ele>
        <time>2022-03-08T22:41:43Z</time>
      </trkpt>
      <trkpt lat="34.31486767255711" lon="109.02313249479404">
        <ele>390.1644546929747</ele>
        <time>2022-03-08T22:41:47Z</time>
      </trkpt>
      <trkpt lat="34.314954820605884" lon="109.02304231194125">
        <ele>390.30462116841227</ele>
        <time>2022-03-08T22:41:49Z</time>
      </trkpt>
      <trkpt lat="34.31502310434754" lon="109.02293241163544">
        <ele>390.62476582080126</ele>
        <time>2022-03-08T22:41:51Z</time>
      </trkpt>
      <trkpt lat="34.315429548817924" lon="109.02257889949804">
        <ele>390.7642908236012</ele>
        <time>2022-03-08T22:41:59Z</time>
      </trkpt>
      <trkpt lat="34.31552867808514" lon="109.02250097022359">
        <ele>390.4744096463546</ele>
        <time>2022-03-08T22:42:01Z</time>
      </trkpt>
      <trkpt lat="34.31563476302354" lon="109.0224622175449">
        <ele>389.72905136365443</ele>
        <time>2022-03-08T22:42:03Z</time>
      </trkpt>
      <trkpt lat="34.315719177704466" lon="109.02237564641817">
        <ele>389.83149341121316</ele>
        <time>2022-03-08T22:42:05Z</time>
      </trkpt>
      <trkpt lat="34.31578625829545" lon="109.0222340120927">
        <ele>390.4947406798601</ele>
        <time>2022-03-08T22:42:07Z</time>
      </trkpt>
      <trkpt lat="34.3158817310449" lon="109.02213571382981">
        <ele>390.61939487978816</ele>
        <time>2022-03-08T22:42:09Z</time>
      </trkpt>
      <trkpt lat="34.31626918345338" lon="109.021952885689">
        <ele>390.55451091285795</ele>
        <time>2022-03-08T22:42:15Z</time>
      </trkpt>
      <trkpt lat="34.31658043086152" lon="109.02184872239724">
        <ele>391.0373323019594</ele>
        <time>2022-03-08T22:42:19Z</time>
      </trkpt>
      <trkpt lat="34.317070803098126" lon="109.02177707785393">
        <ele>390.3029973441735</ele>
        <time>2022-03-08T22:42:25Z</time>
      </trkpt>
      <trkpt lat="34.317566460073415" lon="109.02170699253801">
        <ele>390.40995167195797</ele>
        <time>2022-03-08T22:42:31Z</time>
      </trkpt>
      <trkpt lat="34.318086040458034" lon="109.02165156100452">
        <ele>390.45208286400884</ele>
        <time>2022-03-08T22:42:37Z</time>
      </trkpt>
      <trkpt lat="34.31861604348577" lon="109.02159097499532">
        <ele>390.1948987757787</ele>
        <time>2022-03-08T22:42:43Z</time>
      </trkpt>
      <trkpt lat="34.31897358592445" lon="109.02154898117733">
        <ele>390.00810321141034</ele>
        <time>2022-03-08T22:42:47Z</time>
      </trkpt>
      <trkpt lat="34.3195205589593" lon="109.02156331560204">
        <ele>389.75221587810665</ele>
        <time>2022-03-08T22:42:53Z</time>
      </trkpt>
      <trkpt lat="34.32007132446845" lon="109.02161123429124">
        <ele>389.77719871420413</ele>
        <time>2022-03-08T22:42:59Z</time>
      </trkpt>
      <trkpt lat="34.32062563198329" lon="109.02168927807166">
        <ele>390.02351774834096</ele>
        <time>2022-03-08T22:43:05Z</time>
      </trkpt>
      <trkpt lat="34.32118787449887" lon="109.02175930972851">
        <ele>390.0119679411873</ele>
        <time>2022-03-08T22:43:11Z</time>
      </trkpt>
      <trkpt lat="34.32175767066555" lon="109.02184959728704">
        <ele>389.48939634952694</ele>
        <time>2022-03-08T22:43:17Z</time>
      </trkpt>
      <trkpt lat="34.322273377041455" lon="109.02191615972485">
        <ele>389.32193714380264</ele>
        <time>2022-03-08T22:43:23Z</time>
      </trkpt>
      <trkpt lat="34.3227346218584" lon="109.02196680941984">
        <ele>389.2314230846241</ele>
        <time>2022-03-08T22:43:29Z</time>
      </trkpt>
      <trkpt lat="34.32318655844933" lon="109.02192111439567">
        <ele>389.6518193176016</ele>
        <time>2022-03-08T22:43:35Z</time>
      </trkpt>
      <trkpt lat="34.32370684537514" lon="109.02190466604019">
        <ele>389.31184665858746</ele>
        <time>2022-03-08T22:43:41Z</time>
      </trkpt>
      <trkpt lat="34.324068969472" lon="109.02185017068676">
        <ele>388.23508440796286</ele>
        <time>2022-03-08T22:43:45Z</time>
      </trkpt>
      <trkpt lat="34.3245857153695" lon="109.02169936419595">
        <ele>387.5268530510366</ele>
        <time>2022-03-08T22:43:51Z</time>
      </trkpt>
      <trkpt lat="34.32508713060869" lon="109.02147551142228">
        <ele>388.2622975166887</ele>
        <time>2022-03-08T22:43:57Z</time>
      </trkpt>
      <trkpt lat="34.32557767953225" lon="109.02118400695795">
        <ele>387.8833413766697</ele>
        <time>2022-03-08T22:44:03Z</time>
      </trkpt>
      <trkpt lat="34.32589377332256" lon="109.02095218839736">
        <ele>388.12593626603484</ele>
        <time>2022-03-08T22:44:07Z</time>
      </trkpt>
      <trkpt lat="34.326320369850514" lon="109.02053479058175">
        <ele>388.67638188041747</ele>
        <time>2022-03-08T22:44:13Z</time>
      </trkpt>
      <trkpt lat="34.32671681880527" lon="109.02005591047265">
        <ele>389.4778938489035</ele>
        <time>2022-03-08T22:44:19Z</time>
      </trkpt>
      <trkpt lat="34.32684508883711" lon="109.01990169949029">
        <ele>388.8844179995358</ele>
        <time>2022-03-08T22:44:21Z</time>
      </trkpt>
      <trkpt lat="34.327152523209726" lon="109.01940199749677">
        <ele>388.3269568104297</ele>
        <time>2022-03-08T22:44:27Z</time>
      </trkpt>
      <trkpt lat="34.32742217835629" lon="109.01899406264229">
        <ele>388.3939534574747</ele>
        <time>2022-03-08T22:44:33Z</time>
      </trkpt>
      <trkpt lat="34.32761817145478" lon="109.01868880872368">
        <ele>389.1223389711231</ele>
        <time>2022-03-08T22:44:39Z</time>
      </trkpt>
      <trkpt lat="34.327697674121076" lon="109.01861517797481">
        <ele>388.54830155614763</ele>
        <time>2022-03-08T22:44:43Z</time>
      </trkpt>
      <trkpt lat="34.32771814290004" lon="109.01861403582056">
        <ele>388.29989780299366</ele>
        <time>2022-03-08T22:44:51Z</time>
      </trkpt>
      <trkpt lat="34.327838822632366" lon="109.01836088741183">
        <ele>388.34035386983305</ele>
        <time>2022-03-08T22:45:06Z</time>
      </trkpt>
      <trkpt lat="34.32801878624186" lon="109.01799366094073">
        <ele>388.95648916158825</ele>
        <time>2022-03-08T22:45:12Z</time>
      </trkpt>
      <trkpt lat="34.32831462127885" lon="109.01749930797624">
        <ele>389.3868483165279</ele>
        <time>2022-03-08T22:45:18Z</time>
      </trkpt>
      <trkpt lat="34.32865042369912" lon="109.01694322994295">
        <ele>388.5692572519183</ele>
        <time>2022-03-08T22:45:24Z</time>
      </trkpt>
      <trkpt lat="34.328981851839444" lon="109.01638106643168">
        <ele>387.87862296868116</ele>
        <time>2022-03-08T22:45:30Z</time>
      </trkpt>
      <trkpt lat="34.32932387083439" lon="109.01584382068492">
        <ele>388.5500019043684</ele>
        <time>2022-03-08T22:45:36Z</time>
      </trkpt>
      <trkpt lat="34.32973530479585" lon="109.01536851319949">
        <ele>388.40384561475366</ele>
        <time>2022-03-08T22:45:42Z</time>
      </trkpt>
      <trkpt lat="34.33016504042124" lon="109.01489860742558">
        <ele>389.68487242702395</ele>
        <time>2022-03-08T22:45:48Z</time>
      </trkpt>
      <trkpt lat="34.330529540060276" lon="109.01460798691451">
        <ele>388.749171866104</ele>
        <time>2022-03-08T22:45:52Z</time>
      </trkpt>
      <trkpt lat="34.33092966204413" lon="109.01430885801628">
        <ele>386.9576089018956</ele>
        <time>2022-03-08T22:45:56Z</time>
      </trkpt>
      <trkpt lat="34.331131800090965" lon="109.01418046804878">
        <ele>386.48438888788223</ele>
        <time>2022-03-08T22:45:58Z</time>
      </trkpt>
      <trkpt lat="34.33133166561966" lon="109.01401095951282">
        <ele>386.0107392705977</ele>
        <time>2022-03-08T22:46:00Z</time>
      </trkpt>
      <trkpt lat="34.33152653467498" lon="109.01388543167893">
        <ele>386.4431548938155</ele>
        <time>2022-03-08T22:46:02Z</time>
      </trkpt>
      <trkpt lat="34.33168955801219" lon="109.01374074482855">
        <ele>387.546113406308</ele>
        <time>2022-03-08T22:46:04Z</time>
      </trkpt>
      <trkpt lat="34.33184939328293" lon="109.01356694785794">
        <ele>388.23674011509866</ele>
        <time>2022-03-08T22:46:06Z</time>
      </trkpt>
      <trkpt lat="34.33224424727632" lon="109.01324814647718">
        <ele>388.45547898393124</ele>
        <time>2022-03-08T22:46:12Z</time>
      </trkpt>
      <trkpt lat="34.33230831294189" lon="109.01317213363517">
        <ele>388.5148800164461</ele>
        <time>2022-03-08T22:46:14Z</time>
      </trkpt>
      <trkpt lat="34.33229271645875" lon="109.01307518877336">
        <ele>388.5477703390643</ele>
        <time>2022-03-08T22:46:16Z</time>
      </trkpt>
      <trkpt lat="34.332255816997915" lon="109.01299677382467">
        <ele>388.73635765817016</ele>
        <time>2022-03-08T22:46:18Z</time>
      </trkpt>
      <trkpt lat="34.33221784257427" lon="109.01295505269744">
        <ele>389.44675884768367</ele>
        <time>2022-03-08T22:46:28Z</time>
      </trkpt>
      <trkpt lat="34.33230026698564" lon="109.01281663985702">
        <ele>388.86117423325777</ele>
        <time>2022-03-08T22:46:46Z</time>
      </trkpt>
      <trkpt lat="34.33239922060038" lon="109.01269047010116">
        <ele>388.0255123106763</ele>
        <time>2022-03-08T22:46:49Z</time>
      </trkpt>
      <trkpt lat="34.33241428952958" lon="109.01256090641664">
        <ele>387.77749968133867</ele>
        <time>2022-03-08T22:46:51Z</time>
      </trkpt>
      <trkpt lat="34.33235073136929" lon="109.01244004721657">
        <ele>388.32249038945884</ele>
        <time>2022-03-08T22:46:53Z</time>
      </trkpt>
      <trkpt lat="34.33226653343559" lon="109.01217727665029">
        <ele>386.45118825044483</ele>
        <time>2022-03-08T22:46:57Z</time>
      </trkpt>
      <trkpt lat="34.33206504366619" lon="109.01174784951606">
        <ele>386.5376366712153</ele>
        <time>2022-03-08T22:47:03Z</time>
      </trkpt>
      <trkpt lat="34.3319094697389" lon="109.01122984227699">
        <ele>386.35807079356164</ele>
        <time>2022-03-08T22:47:09Z</time>
      </trkpt>
      <trkpt lat="34.331772071462034" lon="109.01066002182422">
        <ele>386.61583846621215</ele>
        <time>2022-03-08T22:47:15Z</time>
      </trkpt>
      <trkpt lat="34.33169793260433" lon="109.0102620678451">
        <ele>386.73281826637685</ele>
        <time>2022-03-08T22:47:19Z</time>
      </trkpt>
      <trkpt lat="34.33165403429086" lon="109.00967558166982">
        <ele>386.0226526353508</ele>
        <time>2022-03-08T22:47:25Z</time>
      </trkpt>
      <trkpt lat="34.33165226698689" lon="109.00923576388543">
        <ele>386.63840645365417</ele>
        <time>2022-03-08T22:47:31Z</time>
      </trkpt>
      <trkpt lat="34.331698889863304" lon="109.0085569282751">
        <ele>384.75170342065394</ele>
        <time>2022-03-08T22:47:39Z</time>
      </trkpt>
      <trkpt lat="34.3317067997739" lon="109.00799765199268">
        <ele>385.5793490353972</ele>
        <time>2022-03-08T22:47:45Z</time>
      </trkpt>
      <trkpt lat="34.331707588119045" lon="109.00744873376247">
        <ele>386.21788436640054</ele>
        <time>2022-03-08T22:47:51Z</time>
      </trkpt>
      <trkpt lat="34.33172269408514" lon="109.00688246987741">
        <ele>387.17781847994775</ele>
        <time>2022-03-08T22:47:57Z</time>
      </trkpt>
      <trkpt lat="34.33173523667121" lon="109.00629732855315">
        <ele>387.6722439676523</ele>
        <time>2022-03-08T22:48:03Z</time>
      </trkpt>
      <trkpt lat="34.331756870602824" lon="109.0057177951417">
        <ele>387.03672379255295</ele>
        <time>2022-03-08T22:48:09Z</time>
      </trkpt>
      <trkpt lat="34.331741204064606" lon="109.00512446345454">
        <ele>388.1334166955203</ele>
        <time>2022-03-08T22:48:15Z</time>
      </trkpt>
      <trkpt lat="34.33173093156233" lon="109.00450008417955">
        <ele>386.9759897990152</ele>
        <time>2022-03-08T22:48:21Z</time>
      </trkpt>
      <trkpt lat="34.331740318357895" lon="109.00386041672289">
        <ele>386.8852991759777</ele>
        <time>2022-03-08T22:48:27Z</time>
      </trkpt>
      <trkpt lat="34.33178803811986" lon="109.00346809974577">
        <ele>387.58891761209816</ele>
        <time>2022-03-08T22:48:31Z</time>
      </trkpt>
      <trkpt lat="34.331807625215674" lon="109.0028897507465">
        <ele>387.8200954310596</ele>
        <time>2022-03-08T22:48:37Z</time>
      </trkpt>
      <trkpt lat="34.33182011992298" lon="109.00235498412846">
        <ele>388.78855585865676</ele>
        <time>2022-03-08T22:48:43Z</time>
      </trkpt>
      <trkpt lat="34.331800105858164" lon="109.00200843898124">
        <ele>388.76345705986023</ele>
        <time>2022-03-08T22:48:47Z</time>
      </trkpt>
      <trkpt lat="34.331745814920396" lon="109.00183703446488">
        <ele>389.1881368216127</ele>
        <time>2022-03-08T22:48:49Z</time>
      </trkpt>
      <trkpt lat="34.33180867935896" lon="109.00166748611517">
        <ele>388.87573076132685</ele>
        <time>2022-03-08T22:48:51Z</time>
      </trkpt>
      <trkpt lat="34.33182239721951" lon="109.00097630421776">
        <ele>390.1242324439809</ele>
        <time>2022-03-08T22:48:59Z</time>
      </trkpt>
      <trkpt lat="34.33183815029693" lon="109.00045358532951">
        <ele>391.12871737219393</ele>
        <time>2022-03-08T22:49:05Z</time>
      </trkpt>
      <trkpt lat="34.33185865103529" lon="108.99976635357231">
        <ele>391.29901504796</ele>
        <time>2022-03-08T22:49:13Z</time>
      </trkpt>
      <trkpt lat="34.33183543356172" lon="108.9992815020065">
        <ele>391.83692974131554</ele>
        <time>2022-03-08T22:49:19Z</time>
      </trkpt>
      <trkpt lat="34.331762774804204" lon="108.99862322269688">
        <ele>392.30367982480675</ele>
        <time>2022-03-08T22:49:27Z</time>
      </trkpt>
      <trkpt lat="34.33166651849936" lon="108.99814784609524">
        <ele>392.8206223966554</ele>
        <time>2022-03-08T22:49:33Z</time>
      </trkpt>
      <trkpt lat="34.3314674153519" lon="108.99750391160929">
        <ele>391.89872877299786</ele>
        <time>2022-03-08T22:49:41Z</time>
      </trkpt>
      <trkpt lat="34.3313297412241" lon="108.99699184106055">
        <ele>392.2344327336177</ele>
        <time>2022-03-08T22:49:47Z</time>
      </trkpt>
      <trkpt lat="34.33117578185367" lon="108.99646277714706">
        <ele>392.309413976036</ele>
        <time>2022-03-08T22:49:53Z</time>
      </trkpt>
      <trkpt lat="34.330993789622845" lon="108.99578899112787">
        <ele>392.62848835624754</ele>
        <time>2022-03-08T22:50:01Z</time>
      </trkpt>
      <trkpt lat="34.33090058637227" lon="108.99541431119324">
        <ele>393.3665053062141</ele>
        <time>2022-03-08T22:50:05Z</time>
      </trkpt>
      <trkpt lat="34.33086613542911" lon="108.99521678119936">
        <ele>393.34132328722626</ele>
        <time>2022-03-08T22:50:07Z</time>
      </trkpt>
      <trkpt lat="34.33085061353432" lon="108.99468209044036">
        <ele>393.01937344577163</ele>
        <time>2022-03-08T22:50:13Z</time>
      </trkpt>
      <trkpt lat="34.330828518670984" lon="108.99417006918998">
        <ele>393.6089742677286</ele>
        <time>2022-03-08T22:50:19Z</time>
      </trkpt>
      <trkpt lat="34.33084105112499" lon="108.99399519127546">
        <ele>393.23227076232433</ele>
        <time>2022-03-08T22:50:21Z</time>
      </trkpt>
      <trkpt lat="34.33076001941614" lon="108.993338948713">
        <ele>393.19319924432784</ele>
        <time>2022-03-08T22:50:27Z</time>
      </trkpt>
      <trkpt lat="34.33075953533701" lon="108.99297694833986">
        <ele>393.03155730105937</ele>
        <time>2022-03-08T22:50:31Z</time>
      </trkpt>
      <trkpt lat="34.33078916488653" lon="108.99281746849064">
        <ele>392.7278999174014</ele>
        <time>2022-03-08T22:50:33Z</time>
      </trkpt>
      <trkpt lat="34.330819115380926" lon="108.99214068284368">
        <ele>393.05850517656654</ele>
        <time>2022-03-08T22:50:41Z</time>
      </trkpt>
      <trkpt lat="34.33084575106289" lon="108.9918083500294">
        <ele>392.0139850759879</ele>
        <time>2022-03-08T22:50:45Z</time>
      </trkpt>
      <trkpt lat="34.33085314079231" lon="108.99151309516225">
        <ele>391.7413792889565</ele>
        <time>2022-03-08T22:50:49Z</time>
      </trkpt>
      <trkpt lat="34.33087724306084" lon="108.99140529414892">
        <ele>391.64429384097457</ele>
        <time>2022-03-08T22:50:51Z</time>
      </trkpt>
      <trkpt lat="34.33095248886919" lon="108.99131955008656">
        <ele>391.8810592023656</ele>
        <time>2022-03-08T22:50:55Z</time>
      </trkpt>
      <trkpt lat="34.33127926660062" lon="108.99127877571088">
        <ele>391.80769697390497</ele>
        <time>2022-03-08T22:51:03Z</time>
      </trkpt>
      <trkpt lat="34.331749632827496" lon="108.9912811178187">
        <ele>392.1154649220407</ele>
        <time>2022-03-08T22:51:11Z</time>
      </trkpt>
      <trkpt lat="34.332250288116505" lon="108.99120899352856">
        <ele>393.06466103252023</ele>
        <time>2022-03-08T22:51:19Z</time>
      </trkpt>
      <trkpt lat="34.332518799951636" lon="108.99119893573273">
        <ele>393.19778378866613</ele>
        <time>2022-03-08T22:51:23Z</time>
      </trkpt>
      <trkpt lat="34.33264805249524" lon="108.99117149946653">
        <ele>394.47221303824335</ele>
        <time>2022-03-08T22:51:25Z</time>
      </trkpt>
      <trkpt lat="34.33319096769805" lon="108.99115864833303">
        <ele>393.48748773988336</ele>
        <time>2022-03-08T22:51:33Z</time>
      </trkpt>
      <trkpt lat="34.33374073200282" lon="108.99112007416407">
        <ele>393.54035026580095</ele>
        <time>2022-03-08T22:51:41Z</time>
      </trkpt>
      <trkpt lat="34.33417821256357" lon="108.99112812190525">
        <ele>394.814530829899</ele>
        <time>2022-03-08T22:51:47Z</time>
      </trkpt>
      <trkpt lat="34.33448780000444" lon="108.991107478252">
        <ele>395.1551453890279</ele>
        <time>2022-03-08T22:51:51Z</time>
      </trkpt>
      <trkpt lat="34.33463983527787" lon="108.99108081695304">
        <ele>395.72805195860565</ele>
        <time>2022-03-08T22:51:53Z</time>
      </trkpt>
      <trkpt lat="34.33509413300993" lon="108.99104407705869">
        <ele>395.44389561377466</ele>
        <time>2022-03-08T22:51:59Z</time>
      </trkpt>
      <trkpt lat="34.33554332990689" lon="108.99102284466412">
        <ele>396.05240879859775</ele>
        <time>2022-03-08T22:52:05Z</time>
      </trkpt>
      <trkpt lat="34.33611231891888" lon="108.9910198136399">
        <ele>394.63349430821836</ele>
        <time>2022-03-08T22:52:13Z</time>
      </trkpt>
      <trkpt lat="34.33668662287839" lon="108.99101822326327">
        <ele>393.1022760383785</ele>
        <time>2022-03-08T22:52:21Z</time>
      </trkpt>
      <trkpt lat="34.337034826974865" lon="108.99104173689608">
        <ele>393.4355236608535</ele>
        <time>2022-03-08T22:52:27Z</time>
      </trkpt>
      <trkpt lat="34.33709044013667" lon="108.99095940651115">
        <ele>393.1629104362801</ele>
        <time>2022-03-08T22:52:31Z</time>
      </trkpt>
      <trkpt lat="34.337025890098644" lon="108.99050260750205">
        <ele>392.9490391109139</ele>
        <time>2022-03-08T22:52:43Z</time>
      </trkpt>
      <trkpt lat="34.33694793441683" lon="108.99043826147478">
        <ele>393.90276853367686</ele>
        <time>2022-03-08T22:52:45Z</time>
      </trkpt>
      <trkpt lat="34.336568988141416" lon="108.99048662112537">
        <ele>394.40357988048345</ele>
        <time>2022-03-08T22:52:51Z</time>
      </trkpt>
      <trkpt lat="34.33599132458821" lon="108.99050261822707">
        <ele>393.5515595674515</ele>
        <time>2022-03-08T22:52:59Z</time>
      </trkpt>
      <trkpt lat="34.335529434390565" lon="108.99050631634826">
        <ele>394.47303435299546</ele>
        <time>2022-03-08T22:53:05Z</time>
      </trkpt>
      <trkpt lat="34.33506645777438" lon="108.99050914346387">
        <ele>393.37068381905556</ele>
        <time>2022-03-08T22:53:11Z</time>
      </trkpt>
      <trkpt lat="34.33458985108333" lon="108.99049195019471">
        <ele>393.52731982339174</ele>
        <time>2022-03-08T22:53:17Z</time>
      </trkpt>
      <trkpt lat="34.33411285628502" lon="108.99049486770676">
        <ele>394.63362661283463</ele>
        <time>2022-03-08T22:53:23Z</time>
      </trkpt>
      <trkpt lat="34.33363841816939" lon="108.99049327525603">
        <ele>394.20321183186024</ele>
        <time>2022-03-08T22:53:29Z</time>
      </trkpt>
      <trkpt lat="34.333333060587165" lon="108.99050266914175">
        <ele>394.34060252830386</ele>
        <time>2022-03-08T22:53:33Z</time>
      </trkpt>
      <trkpt lat="34.33300621011195" lon="108.99044582720234">
        <ele>394.89215350244194</ele>
        <time>2022-03-08T22:53:39Z</time>
      </trkpt>
      <trkpt lat="34.33282327953614" lon="108.99043299391083">
        <ele>392.53408442717046</ele>
        <time>2022-03-08T22:53:43Z</time>
      </trkpt>
      <trkpt lat="34.332646754427316" lon="108.9904432040004">
        <ele>392.84903746750206</ele>
        <time>2022-03-08T22:53:45Z</time>
      </trkpt>
      <trkpt lat="34.33235013854886" lon="108.99040728754147">
        <ele>391.62352988589555</ele>
        <time>2022-03-08T22:53:49Z</time>
      </trkpt>
      <trkpt lat="34.332191728002556" lon="108.99043111010505">
        <ele>392.46814974118024</ele>
        <time>2022-03-08T22:53:51Z</time>
      </trkpt>
      <trkpt lat="34.33187630315695" lon="108.9903991727637">
        <ele>392.05712913163006</ele>
        <time>2022-03-08T22:53:55Z</time>
      </trkpt>
      <trkpt lat="34.33141060848254" lon="108.99039934989389">
        <ele>391.7712774211541</ele>
        <time>2022-03-08T22:54:01Z</time>
      </trkpt>
      <trkpt lat="34.331280889242436" lon="108.99038436076745">
        <ele>391.7726018689573</ele>
        <time>2022-03-08T22:54:03Z</time>
      </trkpt>
      <trkpt lat="34.331137746832916" lon="108.9903933142627">
        <ele>391.52040555421263</ele>
        <time>2022-03-08T22:54:05Z</time>
      </trkpt>
      <trkpt lat="34.331007595352" lon="108.99038007135816">
        <ele>391.13425975851715</ele>
        <time>2022-03-08T22:54:07Z</time>
      </trkpt>
      <trkpt lat="34.330936099245726" lon="108.99031124867612">
        <ele>390.7730162041262</ele>
        <time>2022-03-08T22:54:09Z</time>
      </trkpt>
      <trkpt lat="34.33092562230733" lon="108.99016378330084">
        <ele>391.4089417429641</ele>
        <time>2022-03-08T22:54:11Z</time>
      </trkpt>
      <trkpt lat="34.3309490451288" lon="108.9895509698753">
        <ele>392.0949349058792</ele>
        <time>2022-03-08T22:54:19Z</time>
      </trkpt>
      <trkpt lat="34.33093972387809" lon="108.9892035263266">
        <ele>393.84395624138415</ele>
        <time>2022-03-08T22:54:23Z</time>
      </trkpt>
      <trkpt lat="34.33096345323354" lon="108.98868343855574">
        <ele>391.8212120840326</ele>
        <time>2022-03-08T22:54:29Z</time>
      </trkpt>
      <trkpt lat="34.330944151504575" lon="108.9885026199049">
        <ele>392.486414543353</ele>
        <time>2022-03-08T22:54:31Z</time>
      </trkpt>
      <trkpt lat="34.33097005014887" lon="108.98815085453982">
        <ele>392.8954107798636</ele>
        <time>2022-03-08T22:54:35Z</time>
      </trkpt>
      <trkpt lat="34.33096564908181" lon="108.98795987885403">
        <ele>392.9959360975772</ele>
        <time>2022-03-08T22:54:37Z</time>
      </trkpt>
      <trkpt lat="34.3309837794942" lon="108.98760421419739">
        <ele>393.2580985566601</ele>
        <time>2022-03-08T22:54:41Z</time>
      </trkpt>
      <trkpt lat="34.331016684090685" lon="108.9874435585712">
        <ele>393.53293697722256</ele>
        <time>2022-03-08T22:54:43Z</time>
      </trkpt>
      <trkpt lat="34.33100369955338" lon="108.98728986649623">
        <ele>392.55805357918143</ele>
        <time>2022-03-08T22:54:45Z</time>
      </trkpt>
      <trkpt lat="34.33093682853633" lon="108.98696737064967">
        <ele>392.80613561253995</ele>
        <time>2022-03-08T22:54:49Z</time>
      </trkpt>
      <trkpt lat="34.330937622952355" lon="108.98679343636435">
        <ele>392.66401860583574</ele>
        <time>2022-03-08T22:54:51Z</time>
      </trkpt>
      <trkpt lat="34.33096634690018" lon="108.98662841204283">
        <ele>392.4470082130283</ele>
        <time>2022-03-08T22:54:53Z</time>
      </trkpt>
      <trkpt lat="34.330955226264116" lon="108.98646215206583">
        <ele>393.70724345743656</ele>
        <time>2022-03-08T22:54:55Z</time>
      </trkpt>
      <trkpt lat="34.330996801593685" lon="108.98591256353508">
        <ele>394.2283047949895</ele>
        <time>2022-03-08T22:55:01Z</time>
      </trkpt>
      <trkpt lat="34.330984801069654" lon="108.98557363219923">
        <ele>393.1392235374078</ele>
        <time>2022-03-08T22:55:05Z</time>
      </trkpt>
      <trkpt lat="34.33103197220586" lon="108.98505935424237">
        <ele>393.833173872903</ele>
        <time>2022-03-08T22:55:11Z</time>
      </trkpt>
      <trkpt lat="34.33104329327393" lon="108.98473494164256">
        <ele>393.91352509893477</ele>
        <time>2022-03-08T22:55:15Z</time>
      </trkpt>
      <trkpt lat="34.331026541334644" lon="108.98421596206668">
        <ele>394.5457884417847</ele>
        <time>2022-03-08T22:55:21Z</time>
      </trkpt>
      <trkpt lat="34.331031391252196" lon="108.98368228668517">
        <ele>395.6663924837485</ele>
        <time>2022-03-08T22:55:27Z</time>
      </trkpt>
      <trkpt lat="34.33104591263176" lon="108.98316036626122">
        <ele>395.27982596028596</ele>
        <time>2022-03-08T22:55:33Z</time>
      </trkpt>
      <trkpt lat="34.33106964023286" lon="108.98263540704097">
        <ele>395.23531468212605</ele>
        <time>2022-03-08T22:55:39Z</time>
      </trkpt>
      <trkpt lat="34.331096676330276" lon="108.9819451120488">
        <ele>396.0277991229668</ele>
        <time>2022-03-08T22:55:47Z</time>
      </trkpt>
      <trkpt lat="34.33108803838187" lon="108.98140527453677">
        <ele>396.0819643102586</ele>
        <time>2022-03-08T22:55:53Z</time>
      </trkpt>
      <trkpt lat="34.33109429347752" lon="108.98088185995992">
        <ele>396.0047575440258</ele>
        <time>2022-03-08T22:55:59Z</time>
      </trkpt>
      <trkpt lat="34.331107887470054" lon="108.98071289705732">
        <ele>396.4530334677547</ele>
        <time>2022-03-08T22:56:01Z</time>
      </trkpt>
      <trkpt lat="34.331111399895626" lon="108.98008664046556">
        <ele>396.0487125813961</ele>
        <time>2022-03-08T22:56:09Z</time>
      </trkpt>
      <trkpt lat="34.33112290205873" lon="108.97994860953189">
        <ele>395.75793413072824</ele>
        <time>2022-03-08T22:56:11Z</time>
      </trkpt>
      <trkpt lat="34.33111277841744" lon="108.97984029610438">
        <ele>395.71004385035485</ele>
        <time>2022-03-08T22:56:13Z</time>
      </trkpt>
      <trkpt lat="34.33102879555425" lon="108.97975967415587">
        <ele>395.81489677447826</ele>
        <time>2022-03-08T22:56:17Z</time>
      </trkpt>
      <trkpt lat="34.33058161930874" lon="108.9797152918781">
        <ele>395.6374445250258</ele>
        <time>2022-03-08T22:56:25Z</time>
      </trkpt>
      <trkpt lat="34.33048156590919" lon="108.97969730059222">
        <ele>395.0490279411897</ele>
        <time>2022-03-08T22:56:27Z</time>
      </trkpt>
      <trkpt lat="34.33035251912014" lon="108.97970095761247">
        <ele>394.80129708349705</ele>
        <time>2022-03-08T22:56:29Z</time>
      </trkpt>
      <trkpt lat="34.33023597525675" lon="108.97973737047712">
        <ele>394.7862847065553</ele>
        <time>2022-03-08T22:56:31Z</time>
      </trkpt>
      <trkpt lat="34.32985898781737" lon="108.97973209108542">
        <ele>394.48693304974586</ele>
        <time>2022-03-08T22:56:39Z</time>
      </trkpt>
      <trkpt lat="34.32978554410349" lon="108.9797116496023">
        <ele>394.792769882828</ele>
        <time>2022-03-08T22:56:41Z</time>
      </trkpt>
      <trkpt lat="34.32972035085533" lon="108.97960168621893">
        <ele>394.69339849054813</ele>
        <time>2022-03-08T22:56:45Z</time>
      </trkpt>
      <trkpt lat="34.32952489464299" lon="108.97956842559664">
        <ele>395.1820686394349</ele>
        <time>2022-03-08T22:56:51Z</time>
      </trkpt>
      <trkpt lat="34.329110844953185" lon="108.97961336211726">
        <ele>395.2921227281913</ele>
        <time>2022-03-08T22:57:01Z</time>
      </trkpt>
      <trkpt lat="34.32907318371803" lon="108.97971251870287">
        <ele>395.7553107505664</ele>
        <time>2022-03-08T22:57:05Z</time>
      </trkpt>
      <trkpt lat="34.32905830324018" lon="108.97969440224934">
        <ele>395.7618980333209</ele>
        <time>2022-03-08T22:57:15Z</time>
      </trkpt>
    </trkseg>
  </trk>
</gpx>