<?xml version="1.0" encoding="UTF-8"?>
<gpx xmlns="http://www.topografix.com/GPX/1/1" xmlns:gpxtpx="http://www.garmin.com/xmlschemas/TrackPointExtension/v1" xmlns:xsi="http://www.w3.org/2001/XMLSchema-instance" xsi:schemaLocation="http://www.topografix.com/GPX/1/1 http://www.topografix.com/GPX/1/1/gpx.xsd" version="1.1" creator="gpx.py -- https://github.com/tkrajina/gpxpy">
  <trk>
    <name>gpx from keep</name>
    <type>Ride</type>
    <trkseg>
      <trkpt lat="34.32837432217408" lon="108.98033680909636">
        <ele>402.50096702575684</ele>
        <time>2022-03-18T10:46:14Z</time>
      </trkpt>
      <trkpt lat="34.328453707986085" lon="108.98031004380192">
        <ele>403.90811347961426</ele>
        <time>2022-03-18T10:46:26Z</time>
      </trkpt>
      <trkpt lat="34.32830989611473" lon="108.98040156104518">
        <ele>399.3301811218262</ele>
        <time>2022-03-18T10:46:45Z</time>
      </trkpt>
      <trkpt lat="34.32824685097834" lon="108.98035432215019">
        <ele>399.9573554992676</ele>
        <time>2022-03-18T10:46:52Z</time>
      </trkpt>
      <trkpt lat="34.32805454570505" lon="108.98043190152431">
        <ele>397.13868713378906</ele>
        <time>2022-03-18T10:47:29Z</time>
      </trkpt>
      <trkpt lat="34.32835081649595" lon="108.98041463483746">
        <ele>396.74542236328125</ele>
        <time>2022-03-18T10:47:35Z</time>
      </trkpt>
      <trkpt lat="34.32872810124905" lon="108.9805288675125">
        <ele>397.028076171875</ele>
        <time>2022-03-18T10:47:44Z</time>
      </trkpt>
      <trkpt lat="34.32877765567886" lon="108.9802903444804">
        <ele>397.0935859680176</ele>
        <time>2022-03-18T10:47:57Z</time>
      </trkpt>
      <trkpt lat="34.32877770214784" lon="108.98013491868085">
        <ele>397.1371383666992</ele>
        <time>2022-03-18T10:48:03Z</time>
      </trkpt>
      <trkpt lat="34.32875870716573" lon="108.98026132331402">
        <ele>395.89289813755585</ele>
        <time>2022-03-18T10:48:04Z</time>
      </trkpt>
      <trkpt lat="34.3287292304372" lon="108.98034873563402">
        <ele>395.9266638197005</ele>
        <time>2022-03-18T10:48:18Z</time>
      </trkpt>
      <trkpt lat="34.328720324669334" lon="108.98046362192368">
        <ele>395.8142180610448</ele>
        <time>2022-03-18T10:48:24Z</time>
      </trkpt>
      <trkpt lat="34.3288626551135" lon="108.98050606158556">
        <ele>395.87738694250584</ele>
        <time>2022-03-18T10:48:27Z</time>
      </trkpt>
      <trkpt lat="34.32846585637419" lon="108.98080318339424">
        <ele>395.23248786572367</ele>
        <time>2022-03-18T10:48:35Z</time>
      </trkpt>
      <trkpt lat="34.32837848885468" lon="108.9808396082691">
        <ele>395.19706628937274</ele>
        <time>2022-03-18T10:48:39Z</time>
      </trkpt>
      <trkpt lat="34.328084679899796" lon="108.98072831342938">
        <ele>395.1079945117235</ele>
        <time>2022-03-18T10:48:49Z</time>
      </trkpt>
      <trkpt lat="34.32810025538929" lon="108.9805245517981">
        <ele>395.4175933683291</ele>
        <time>2022-03-18T10:48:53Z</time>
      </trkpt>
      <trkpt lat="34.32810058776135" lon="108.97996650684632">
        <ele>395.98103480786085</ele>
        <time>2022-03-18T10:49:03Z</time>
      </trkpt>
      <trkpt lat="34.32808676463015" lon="108.97973564987444">
        <ele>395.46504073310643</ele>
        <time>2022-03-18T10:49:07Z</time>
      </trkpt>
      <trkpt lat="34.328125275945276" lon="108.9796279559678">
        <ele>395.6889502676204</ele>
        <time>2022-03-18T10:49:09Z</time>
      </trkpt>
      <trkpt lat="34.32818866066804" lon="108.97954898369359">
        <ele>395.4390727141872</ele>
        <time>2022-03-18T10:49:11Z</time>
      </trkpt>
      <trkpt lat="34.32828520451476" lon="108.97948635758851">
        <ele>396.23857975564897</ele>
        <time>2022-03-18T10:49:13Z</time>
      </trkpt>
      <trkpt lat="34.328839446737284" lon="108.97949556660079">
        <ele>396.4429065072909</ele>
        <time>2022-03-18T10:49:23Z</time>
      </trkpt>
      <trkpt lat="34.328967897329136" lon="108.9794864961538">
        <ele>396.6865831511095</ele>
        <time>2022-03-18T10:49:25Z</time>
      </trkpt>
      <trkpt lat="34.329102225876" lon="108.97950173956436">
        <ele>396.3055128566921</ele>
        <time>2022-03-18T10:49:27Z</time>
      </trkpt>
      <trkpt lat="34.329532698272445" lon="108.9794954335978">
        <ele>396.3727639289573</ele>
        <time>2022-03-18T10:49:33Z</time>
      </trkpt>
      <trkpt lat="34.3300914235949" lon="108.97966361973288">
        <ele>395.82960426062346</ele>
        <time>2022-03-18T10:49:41Z</time>
      </trkpt>
      <trkpt lat="34.330549708339134" lon="108.97968697855711">
        <ele>395.95521777588874</ele>
        <time>2022-03-18T10:49:47Z</time>
      </trkpt>
      <trkpt lat="34.33070105817602" lon="108.97970877158387">
        <ele>396.16533511225134</ele>
        <time>2022-03-18T10:49:49Z</time>
      </trkpt>
      <trkpt lat="34.33081012057146" lon="108.97980296166772">
        <ele>396.01638295874</ele>
        <time>2022-03-18T10:49:51Z</time>
      </trkpt>
      <trkpt lat="34.33083915261533" lon="108.97996829718944">
        <ele>396.19061564374715</ele>
        <time>2022-03-18T10:49:53Z</time>
      </trkpt>
      <trkpt lat="34.33080785539832" lon="108.9804784731769">
        <ele>393.8017936591059</ele>
        <time>2022-03-18T10:49:59Z</time>
      </trkpt>
      <trkpt lat="34.330822002162485" lon="108.98103906967036">
        <ele>394.1199971297756</ele>
        <time>2022-03-18T10:50:05Z</time>
      </trkpt>
      <trkpt lat="34.33078441927893" lon="108.98161154703436">
        <ele>394.30317728128284</ele>
        <time>2022-03-18T10:50:11Z</time>
      </trkpt>
      <trkpt lat="34.33073236314609" lon="108.98228979231814">
        <ele>394.4340220093727</ele>
        <time>2022-03-18T10:50:18Z</time>
      </trkpt>
      <trkpt lat="34.330718268713284" lon="108.98287434987284">
        <ele>393.68196116015315</ele>
        <time>2022-03-18T10:50:24Z</time>
      </trkpt>
      <trkpt lat="34.33071448039833" lon="108.98347766780617">
        <ele>394.42385017778724</ele>
        <time>2022-03-18T10:50:30Z</time>
      </trkpt>
      <trkpt lat="34.330710293151895" lon="108.9840635352937">
        <ele>394.420604637824</ele>
        <time>2022-03-18T10:50:36Z</time>
      </trkpt>
      <trkpt lat="34.33071186401883" lon="108.98445880026622">
        <ele>394.5641314201057</ele>
        <time>2022-03-18T10:50:40Z</time>
      </trkpt>
      <trkpt lat="34.330679229304955" lon="108.98483828933281">
        <ele>394.6297411201522</ele>
        <time>2022-03-18T10:50:44Z</time>
      </trkpt>
      <trkpt lat="34.33067535125661" lon="108.98522550734687">
        <ele>394.33262659050524</ele>
        <time>2022-03-18T10:50:48Z</time>
      </trkpt>
      <trkpt lat="34.33068359856457" lon="108.9856022455072">
        <ele>394.3966814270243</ele>
        <time>2022-03-18T10:50:52Z</time>
      </trkpt>
      <trkpt lat="34.33070527321261" lon="108.98578233425978">
        <ele>393.8476384561509</ele>
        <time>2022-03-18T10:50:54Z</time>
      </trkpt>
      <trkpt lat="34.330703106907215" lon="108.98593863439095">
        <ele>393.79672991484404</ele>
        <time>2022-03-18T10:50:56Z</time>
      </trkpt>
      <trkpt lat="34.33066840204753" lon="108.98613290075478">
        <ele>393.4314335593954</ele>
        <time>2022-03-18T10:50:58Z</time>
      </trkpt>
      <trkpt lat="34.33066040825401" lon="108.98670181650648">
        <ele>392.9818244529888</ele>
        <time>2022-03-18T10:51:04Z</time>
      </trkpt>
      <trkpt lat="34.33069693718177" lon="108.98686551490268">
        <ele>392.74337895493954</ele>
        <time>2022-03-18T10:51:06Z</time>
      </trkpt>
      <trkpt lat="34.33075911525647" lon="108.9869510726005">
        <ele>392.69534367881715</ele>
        <time>2022-03-18T10:51:08Z</time>
      </trkpt>
      <trkpt lat="34.330733081279256" lon="108.9871177581629">
        <ele>393.54599446617067</ele>
        <time>2022-03-18T10:51:10Z</time>
      </trkpt>
      <trkpt lat="34.33065996926103" lon="108.9873583893684">
        <ele>392.64338738657534</ele>
        <time>2022-03-18T10:51:12Z</time>
      </trkpt>
      <trkpt lat="34.33060894827926" lon="108.98761983032442">
        <ele>393.01311945263296</ele>
        <time>2022-03-18T10:51:14Z</time>
      </trkpt>
      <trkpt lat="34.33055381299301" lon="108.98777334220361">
        <ele>393.08971579372883</ele>
        <time>2022-03-18T10:51:16Z</time>
      </trkpt>
      <trkpt lat="34.33047855025692" lon="108.98808051758427">
        <ele>392.25738520454615</ele>
        <time>2022-03-18T10:51:18Z</time>
      </trkpt>
      <trkpt lat="34.33044328799509" lon="108.98831011508979">
        <ele>393.0096849333495</ele>
        <time>2022-03-18T10:51:20Z</time>
      </trkpt>
      <trkpt lat="34.33052830168428" lon="108.9887282534613">
        <ele>392.6893323175609</ele>
        <time>2022-03-18T10:51:24Z</time>
      </trkpt>
      <trkpt lat="34.33055088825845" lon="108.98896300112912">
        <ele>392.54175617173314</ele>
        <time>2022-03-18T10:51:26Z</time>
      </trkpt>
      <trkpt lat="34.33051293312765" lon="108.98934383330557">
        <ele>392.1049356982112</ele>
        <time>2022-03-18T10:51:30Z</time>
      </trkpt>
      <trkpt lat="34.33059455268103" lon="108.98989496531799">
        <ele>392.12104508746415</ele>
        <time>2022-03-18T10:51:36Z</time>
      </trkpt>
      <trkpt lat="34.33059018733829" lon="108.9902250050482">
        <ele>391.42344376351684</ele>
        <time>2022-03-18T10:51:40Z</time>
      </trkpt>
      <trkpt lat="34.33062506989822" lon="108.99037203611759">
        <ele>391.6339165298268</ele>
        <time>2022-03-18T10:51:44Z</time>
      </trkpt>
      <trkpt lat="34.33055135327944" lon="108.99035145183802">
        <ele>391.2615873059258</ele>
        <time>2022-03-18T10:51:56Z</time>
      </trkpt>
      <trkpt lat="34.33068098489509" lon="108.99069280572472">
        <ele>391.4945323849097</ele>
        <time>2022-03-18T10:52:17Z</time>
      </trkpt>
      <trkpt lat="34.33067877152854" lon="108.99082540460566">
        <ele>391.5156581858173</ele>
        <time>2022-03-18T10:52:19Z</time>
      </trkpt>
      <trkpt lat="34.330706213258146" lon="108.99108728633801">
        <ele>391.71517195831984</ele>
        <time>2022-03-18T10:52:22Z</time>
      </trkpt>
      <trkpt lat="34.33062824570759" lon="108.99140765138365">
        <ele>392.0322343148291</ele>
        <time>2022-03-18T10:52:26Z</time>
      </trkpt>
      <trkpt lat="34.33058375549358" lon="108.99205135757181">
        <ele>392.514816490002</ele>
        <time>2022-03-18T10:52:32Z</time>
      </trkpt>
      <trkpt lat="34.330603149815445" lon="108.99260370903676">
        <ele>393.1797395879403</ele>
        <time>2022-03-18T10:52:38Z</time>
      </trkpt>
      <trkpt lat="34.33056626226357" lon="108.99326867583335">
        <ele>393.5474658375606</ele>
        <time>2022-03-18T10:52:44Z</time>
      </trkpt>
      <trkpt lat="34.33058006924122" lon="108.9936686832053">
        <ele>393.7423113267869</ele>
        <time>2022-03-18T10:52:48Z</time>
      </trkpt>
      <trkpt lat="34.33057580237186" lon="108.99404138912507">
        <ele>393.6275286450982</ele>
        <time>2022-03-18T10:52:52Z</time>
      </trkpt>
      <trkpt lat="34.330622250367455" lon="108.99424976805221">
        <ele>394.0887997504324</ele>
        <time>2022-03-18T10:52:54Z</time>
      </trkpt>
      <trkpt lat="34.33069402243095" lon="108.99488391289107">
        <ele>393.49655145499855</ele>
        <time>2022-03-18T10:53:00Z</time>
      </trkpt>
      <trkpt lat="34.330715146268396" lon="108.99507738865661">
        <ele>393.5011481856927</ele>
        <time>2022-03-18T10:53:02Z</time>
      </trkpt>
      <trkpt lat="34.33076963620082" lon="108.99520957369462">
        <ele>393.4275749642402</ele>
        <time>2022-03-18T10:53:04Z</time>
      </trkpt>
      <trkpt lat="34.33074490605483" lon="108.99545090680452">
        <ele>392.7800535168499</ele>
        <time>2022-03-18T10:53:06Z</time>
      </trkpt>
      <trkpt lat="34.33084346784071" lon="108.99611145045537">
        <ele>393.2270465642214</ele>
        <time>2022-03-18T10:53:12Z</time>
      </trkpt>
      <trkpt lat="34.33087196208254" lon="108.99635918423569">
        <ele>393.6271771788597</ele>
        <time>2022-03-18T10:53:14Z</time>
      </trkpt>
      <trkpt lat="34.33092800760545" lon="108.99658862780791">
        <ele>393.3092899452895</ele>
        <time>2022-03-18T10:53:16Z</time>
      </trkpt>
      <trkpt lat="34.33093002020693" lon="108.99686767453537">
        <ele>393.1482906630263</ele>
        <time>2022-03-18T10:53:18Z</time>
      </trkpt>
      <trkpt lat="34.3309860105355" lon="108.99706693540482">
        <ele>393.6124023143202</ele>
        <time>2022-03-18T10:53:20Z</time>
      </trkpt>
      <trkpt lat="34.33113604093456" lon="108.99745039977788">
        <ele>392.82218643277884</ele>
        <time>2022-03-18T10:53:24Z</time>
      </trkpt>
      <trkpt lat="34.33130314432818" lon="108.99807165446418">
        <ele>391.74516613967717</ele>
        <time>2022-03-18T10:53:30Z</time>
      </trkpt>
      <trkpt lat="34.331427190115534" lon="108.99871250515034">
        <ele>391.1208204822615</ele>
        <time>2022-03-18T10:53:36Z</time>
      </trkpt>
      <trkpt lat="34.331495517468184" lon="108.9993676907507">
        <ele>390.7493115151301</ele>
        <time>2022-03-18T10:53:42Z</time>
      </trkpt>
      <trkpt lat="34.331545340705105" lon="109.00003187546402">
        <ele>389.5047584185377</ele>
        <time>2022-03-18T10:53:48Z</time>
      </trkpt>
      <trkpt lat="34.331550820080885" lon="109.00069205887111">
        <ele>389.2394234901294</ele>
        <time>2022-03-18T10:53:54Z</time>
      </trkpt>
      <trkpt lat="34.33153052782425" lon="109.00134273447252">
        <ele>389.4962519817054</ele>
        <time>2022-03-18T10:54:00Z</time>
      </trkpt>
      <trkpt lat="34.33152569648266" lon="109.0019890119759">
        <ele>389.4021084308624</ele>
        <time>2022-03-18T10:54:06Z</time>
      </trkpt>
      <trkpt lat="34.331513979569486" lon="109.00264560562083">
        <ele>388.3451009383425</ele>
        <time>2022-03-18T10:54:12Z</time>
      </trkpt>
      <trkpt lat="34.331500672336546" lon="109.0033374274219">
        <ele>388.05531105957925</ele>
        <time>2022-03-18T10:54:18Z</time>
      </trkpt>
      <trkpt lat="34.331494325935516" lon="109.00391960709022">
        <ele>387.7521807132289</ele>
        <time>2022-03-18T10:54:23Z</time>
      </trkpt>
      <trkpt lat="34.3314768589857" lon="109.00450630032319">
        <ele>387.24669725168496</ele>
        <time>2022-03-18T10:54:28Z</time>
      </trkpt>
      <trkpt lat="34.33148219435572" lon="109.00522238989952">
        <ele>385.89438564609736</ele>
        <time>2022-03-18T10:54:34Z</time>
      </trkpt>
      <trkpt lat="34.33148644817923" lon="109.00593636561432">
        <ele>387.1671476587653</ele>
        <time>2022-03-18T10:54:40Z</time>
      </trkpt>
      <trkpt lat="34.331500407695486" lon="109.00617819848742">
        <ele>386.52469991426915</ele>
        <time>2022-03-18T10:54:42Z</time>
      </trkpt>
      <trkpt lat="34.331463833657196" lon="109.00688760035588">
        <ele>386.4240439813584</ele>
        <time>2022-03-18T10:54:48Z</time>
      </trkpt>
      <trkpt lat="34.33143610233165" lon="109.00759356041326">
        <ele>386.304163265042</ele>
        <time>2022-03-18T10:54:54Z</time>
      </trkpt>
      <trkpt lat="34.33143188572156" lon="109.00822814705006">
        <ele>385.7956214565784</ele>
        <time>2022-03-18T10:55:00Z</time>
      </trkpt>
      <trkpt lat="34.33141351463948" lon="109.00880628139629">
        <ele>384.8277677707374</ele>
        <time>2022-03-18T10:55:06Z</time>
      </trkpt>
      <trkpt lat="34.33141283358094" lon="109.00931110085138">
        <ele>385.5740634975955</ele>
        <time>2022-03-18T10:55:12Z</time>
      </trkpt>
      <trkpt lat="34.331382955297585" lon="109.00981483573779">
        <ele>386.81748430710286</ele>
        <time>2022-03-18T10:55:18Z</time>
      </trkpt>
      <trkpt lat="34.33147183317335" lon="109.01050539127822">
        <ele>387.04656041786075</ele>
        <time>2022-03-18T10:55:26Z</time>
      </trkpt>
      <trkpt lat="34.33156303891828" lon="109.01103162823871">
        <ele>387.3597760107368</ele>
        <time>2022-03-18T10:55:32Z</time>
      </trkpt>
      <trkpt lat="34.33171569488818" lon="109.01155184738222">
        <ele>387.132462750189</ele>
        <time>2022-03-18T10:55:38Z</time>
      </trkpt>
      <trkpt lat="34.331885144827126" lon="109.01203799331425">
        <ele>387.3135786736384</ele>
        <time>2022-03-18T10:55:44Z</time>
      </trkpt>
      <trkpt lat="34.332133022506504" lon="109.01258362581392">
        <ele>387.64929345529526</ele>
        <time>2022-03-18T10:55:52Z</time>
      </trkpt>
      <trkpt lat="34.332291542764786" lon="109.01290430091879">
        <ele>389.0095401434228</ele>
        <time>2022-03-18T10:55:58Z</time>
      </trkpt>
      <trkpt lat="34.33232507223134" lon="109.01294610006848">
        <ele>389.61370585951954</ele>
        <time>2022-03-18T10:56:08Z</time>
      </trkpt>
      <trkpt lat="34.332444494673034" lon="109.01303336482077">
        <ele>389.618967840448</ele>
        <time>2022-03-18T10:56:29Z</time>
      </trkpt>
      <trkpt lat="34.332658315514955" lon="109.01322629299653">
        <ele>389.6648988146335</ele>
        <time>2022-03-18T10:56:34Z</time>
      </trkpt>
      <trkpt lat="34.33274375519965" lon="109.01335656771019">
        <ele>389.6544784894213</ele>
        <time>2022-03-18T10:56:36Z</time>
      </trkpt>
      <trkpt lat="34.33298824967815" lon="109.013902905015">
        <ele>387.85592488665134</ele>
        <time>2022-03-18T10:56:44Z</time>
      </trkpt>
      <trkpt lat="34.33322410526542" lon="109.01437839038496">
        <ele>386.8090741215274</ele>
        <time>2022-03-18T10:56:50Z</time>
      </trkpt>
      <trkpt lat="34.333492679905014" lon="109.01488568210401">
        <ele>386.4736843826249</ele>
        <time>2022-03-18T10:56:56Z</time>
      </trkpt>
      <trkpt lat="34.33380605040902" lon="109.01540283822828">
        <ele>385.1308698458597</ele>
        <time>2022-03-18T10:57:02Z</time>
      </trkpt>
      <trkpt lat="34.334161551373484" lon="109.01589591308424">
        <ele>386.1212796205655</ele>
        <time>2022-03-18T10:57:08Z</time>
      </trkpt>
      <trkpt lat="34.33451956819432" lon="109.01635220156606">
        <ele>384.79305867664516</ele>
        <time>2022-03-18T10:57:14Z</time>
      </trkpt>
      <trkpt lat="34.33487047331345" lon="109.0167973394744">
        <ele>385.9741769293323</ele>
        <time>2022-03-18T10:57:20Z</time>
      </trkpt>
      <trkpt lat="34.335195619239386" lon="109.01721085241704">
        <ele>386.7729219775647</ele>
        <time>2022-03-18T10:57:26Z</time>
      </trkpt>
      <trkpt lat="34.33555572313613" lon="109.01766086406279">
        <ele>387.3756766375154</ele>
        <time>2022-03-18T10:57:34Z</time>
      </trkpt>
      <trkpt lat="34.33593250514948" lon="109.01806836535258">
        <ele>385.4248789129779</ele>
        <time>2022-03-18T10:57:42Z</time>
      </trkpt>
      <trkpt lat="34.336339950972175" lon="109.01848569307596">
        <ele>381.40781926363707</ele>
        <time>2022-03-18T10:57:50Z</time>
      </trkpt>
      <trkpt lat="34.3366788812483" lon="109.01882920116896">
        <ele>381.7369011314586</ele>
        <time>2022-03-18T10:57:56Z</time>
      </trkpt>
      <trkpt lat="34.337034300985344" lon="109.01919227990327">
        <ele>381.73293587286025</ele>
        <time>2022-03-18T10:58:02Z</time>
      </trkpt>
      <trkpt lat="34.33739273038114" lon="109.01955805279131">
        <ele>381.3089534705505</ele>
        <time>2022-03-18T10:58:08Z</time>
      </trkpt>
      <trkpt lat="34.337741197436195" lon="109.01991802139798">
        <ele>381.64032988995314</ele>
        <time>2022-03-18T10:58:14Z</time>
      </trkpt>
      <trkpt lat="34.33812142199223" lon="109.02028769382063">
        <ele>381.7623661849648</ele>
        <time>2022-03-18T10:58:20Z</time>
      </trkpt>
      <trkpt lat="34.338507712115415" lon="109.02067084828376">
        <ele>381.28325015399605</ele>
        <time>2022-03-18T10:58:26Z</time>
      </trkpt>
      <trkpt lat="34.33888956234894" lon="109.02105812993807">
        <ele>382.03518213983625</ele>
        <time>2022-03-18T10:58:32Z</time>
      </trkpt>
      <trkpt lat="34.339154076976506" lon="109.0213113283977">
        <ele>386.8972447812557</ele>
        <time>2022-03-18T10:58:46Z</time>
      </trkpt>
      <trkpt lat="34.33931331988389" lon="109.0214820161369">
        <ele>387.50119813438505</ele>
        <time>2022-03-18T10:58:55Z</time>
      </trkpt>
      <trkpt lat="34.33973179469691" lon="109.02192853439449">
        <ele>385.44744324404746</ele>
        <time>2022-03-18T10:59:04Z</time>
      </trkpt>
      <trkpt lat="34.34008607985215" lon="109.02230160654369">
        <ele>384.35202365461737</ele>
        <time>2022-03-18T10:59:10Z</time>
      </trkpt>
      <trkpt lat="34.3404588298084" lon="109.02268233577198">
        <ele>383.4902082020417</ele>
        <time>2022-03-18T10:59:16Z</time>
      </trkpt>
      <trkpt lat="34.34086014040631" lon="109.02309696375195">
        <ele>382.4488073801622</ele>
        <time>2022-03-18T10:59:22Z</time>
      </trkpt>
      <trkpt lat="34.34127811873986" lon="109.02352434023484">
        <ele>383.2511537093669</ele>
        <time>2022-03-18T10:59:28Z</time>
      </trkpt>
      <trkpt lat="34.34152730448252" lon="109.02379944792702">
        <ele>383.78406254481524</ele>
        <time>2022-03-18T10:59:32Z</time>
      </trkpt>
      <trkpt lat="34.341581039644424" lon="109.02398428224343">
        <ele>384.03057218529284</ele>
        <time>2022-03-18T10:59:34Z</time>
      </trkpt>
      <trkpt lat="34.341520703876235" lon="109.02418017738638">
        <ele>384.36100597679615</ele>
        <time>2022-03-18T10:59:36Z</time>
      </trkpt>
      <trkpt lat="34.341317682446544" lon="109.02448254006805">
        <ele>384.6763312127441</ele>
        <time>2022-03-18T10:59:40Z</time>
      </trkpt>
      <trkpt lat="34.34096191505265" lon="109.02493195991818">
        <ele>384.8744132723659</ele>
        <time>2022-03-18T10:59:46Z</time>
      </trkpt>
      <trkpt lat="34.340702225961444" lon="109.02524465071002">
        <ele>385.1678006220609</ele>
        <time>2022-03-18T10:59:50Z</time>
      </trkpt>
      <trkpt lat="34.340359964031165" lon="109.02572856287163">
        <ele>384.980961099267</ele>
        <time>2022-03-18T10:59:56Z</time>
      </trkpt>
      <trkpt lat="34.34001803664666" lon="109.02621718844836">
        <ele>384.89788752608</ele>
        <time>2022-03-18T11:00:02Z</time>
      </trkpt>
      <trkpt lat="34.339674907740026" lon="109.02669231009344">
        <ele>385.78330236207694</ele>
        <time>2022-03-18T11:00:08Z</time>
      </trkpt>
      <trkpt lat="34.33933963197407" lon="109.02717569034147">
        <ele>385.8776802159846</ele>
        <time>2022-03-18T11:00:14Z</time>
      </trkpt>
      <trkpt lat="34.33901490884472" lon="109.02766678332083">
        <ele>386.0330032110214</ele>
        <time>2022-03-18T11:00:20Z</time>
      </trkpt>
      <trkpt lat="34.33893787799588" lon="109.02785529906208">
        <ele>385.5052676098421</ele>
        <time>2022-03-18T11:00:22Z</time>
      </trkpt>
      <trkpt lat="34.33881941518881" lon="109.02801194654155">
        <ele>385.67377336509526</ele>
        <time>2022-03-18T11:00:24Z</time>
      </trkpt>
      <trkpt lat="34.33852079364621" lon="109.02853131636341">
        <ele>386.40753921307623</ele>
        <time>2022-03-18T11:00:30Z</time>
      </trkpt>
      <trkpt lat="34.33822886299159" lon="109.02906179500965">
        <ele>387.3527404461056</ele>
        <time>2022-03-18T11:00:36Z</time>
      </trkpt>
      <trkpt lat="34.33792964116588" lon="109.02958627149962">
        <ele>386.57210349012166</ele>
        <time>2022-03-18T11:00:42Z</time>
      </trkpt>
      <trkpt lat="34.337642258746854" lon="109.03008228654484">
        <ele>386.5493177389726</ele>
        <time>2022-03-18T11:00:48Z</time>
      </trkpt>
      <trkpt lat="34.337366609169216" lon="109.0305579717987">
        <ele>386.2548653315753</ele>
        <time>2022-03-18T11:00:54Z</time>
      </trkpt>
      <trkpt lat="34.33710328567709" lon="109.03104086212095">
        <ele>385.86880179308355</ele>
        <time>2022-03-18T11:01:00Z</time>
      </trkpt>
      <trkpt lat="34.33683314652511" lon="109.03153204209572">
        <ele>386.61130447126925</ele>
        <time>2022-03-18T11:01:06Z</time>
      </trkpt>
      <trkpt lat="34.33654600756198" lon="109.03203630187672">
        <ele>386.13512467220426</ele>
        <time>2022-03-18T11:01:12Z</time>
      </trkpt>
      <trkpt lat="34.33625593332093" lon="109.03254986415442">
        <ele>386.1245783055201</ele>
        <time>2022-03-18T11:01:18Z</time>
      </trkpt>
      <trkpt lat="34.33595108982578" lon="109.03307471685994">
        <ele>386.58718806225806</ele>
        <time>2022-03-18T11:01:24Z</time>
      </trkpt>
      <trkpt lat="34.33565278663633" lon="109.03361340719202">
        <ele>386.55818147026</ele>
        <time>2022-03-18T11:01:30Z</time>
      </trkpt>
      <trkpt lat="34.33535009968771" lon="109.03414669481556">
        <ele>387.6455264352262</ele>
        <time>2022-03-18T11:01:36Z</time>
      </trkpt>
      <trkpt lat="34.335047268144436" lon="109.03467206027973">
        <ele>387.44337732251734</ele>
        <time>2022-03-18T11:01:42Z</time>
      </trkpt>
      <trkpt lat="34.334746490726275" lon="109.03520038356409">
        <ele>387.71270775888115</ele>
        <time>2022-03-18T11:01:48Z</time>
      </trkpt>
      <trkpt lat="34.33445225254114" lon="109.03572937396052">
        <ele>387.73397884890437</ele>
        <time>2022-03-18T11:01:54Z</time>
      </trkpt>
      <trkpt lat="34.334242936028936" lon="109.03607631127483">
        <ele>387.9376811180264</ele>
        <time>2022-03-18T11:01:58Z</time>
      </trkpt>
      <trkpt lat="34.33394639582449" lon="109.03661368341719">
        <ele>387.7789952401072</ele>
        <time>2022-03-18T11:02:04Z</time>
      </trkpt>
      <trkpt lat="34.33364425497509" lon="109.03714032499735">
        <ele>387.7854925421998</ele>
        <time>2022-03-18T11:02:10Z</time>
      </trkpt>
      <trkpt lat="34.333348109055166" lon="109.03768344343692">
        <ele>388.43729682732373</ele>
        <time>2022-03-18T11:02:16Z</time>
      </trkpt>
      <trkpt lat="34.33304880656279" lon="109.03821701967306">
        <ele>388.75290315784514</ele>
        <time>2022-03-18T11:02:22Z</time>
      </trkpt>
      <trkpt lat="34.33274740738414" lon="109.03873389171636">
        <ele>389.02398988138884</ele>
        <time>2022-03-18T11:02:28Z</time>
      </trkpt>
      <trkpt lat="34.33244660246611" lon="109.03925648226053">
        <ele>389.050157927908</ele>
        <time>2022-03-18T11:02:34Z</time>
      </trkpt>
      <trkpt lat="34.332154419654266" lon="109.03979608403199">
        <ele>389.51178685668856</ele>
        <time>2022-03-18T11:02:40Z</time>
      </trkpt>
      <trkpt lat="34.33185071247988" lon="109.04032900030938">
        <ele>390.3693736502901</ele>
        <time>2022-03-18T11:02:46Z</time>
      </trkpt>
      <trkpt lat="34.331596836387554" lon="109.04077752814652">
        <ele>389.62927898205817</ele>
        <time>2022-03-18T11:02:51Z</time>
      </trkpt>
      <trkpt lat="34.3312889542922" lon="109.04132791557299">
        <ele>389.37409985251725</ele>
        <time>2022-03-18T11:02:57Z</time>
      </trkpt>
      <trkpt lat="34.33102345783222" lon="109.04191139325609">
        <ele>389.2903102869168</ele>
        <time>2022-03-18T11:03:03Z</time>
      </trkpt>
      <trkpt lat="34.33072357241455" lon="109.04245930995614">
        <ele>389.57975986320525</ele>
        <time>2022-03-18T11:03:09Z</time>
      </trkpt>
      <trkpt lat="34.33041235315518" lon="109.04300494219662">
        <ele>389.6726603228599</ele>
        <time>2022-03-18T11:03:15Z</time>
      </trkpt>
      <trkpt lat="34.33010296225564" lon="109.04353022310086">
        <ele>390.49970984458923</ele>
        <time>2022-03-18T11:03:21Z</time>
      </trkpt>
      <trkpt lat="34.329802295635254" lon="109.04405462898401">
        <ele>390.75777901522815</ele>
        <time>2022-03-18T11:03:27Z</time>
      </trkpt>
      <trkpt lat="34.32951426702553" lon="109.04455261453502">
        <ele>388.95014278870076</ele>
        <time>2022-03-18T11:03:33Z</time>
      </trkpt>
      <trkpt lat="34.32922566895749" lon="109.04503140822399">
        <ele>385.0271666068584</ele>
        <time>2022-03-18T11:03:39Z</time>
      </trkpt>
      <trkpt lat="34.329064858162475" lon="109.04533710886983">
        <ele>387.2608097884804</ele>
        <time>2022-03-18T11:03:43Z</time>
      </trkpt>
      <trkpt lat="34.32889499482586" lon="109.04555376088331">
        <ele>389.278367318213</ele>
        <time>2022-03-18T11:03:47Z</time>
      </trkpt>
      <trkpt lat="34.32889072838137" lon="109.04568486157692">
        <ele>389.2249113647267</ele>
        <time>2022-03-18T11:03:49Z</time>
      </trkpt>
      <trkpt lat="34.32899621312012" lon="109.04572143179327">
        <ele>389.34684150479734</ele>
        <time>2022-03-18T11:03:51Z</time>
      </trkpt>
      <trkpt lat="34.3291087227477" lon="109.04564098265814">
        <ele>390.4678578833118</ele>
        <time>2022-03-18T11:03:53Z</time>
      </trkpt>
      <trkpt lat="34.32925085563065" lon="109.04535061402952">
        <ele>390.5630281427875</ele>
        <time>2022-03-18T11:03:57Z</time>
      </trkpt>
      <trkpt lat="34.32952572768097" lon="109.04486774935283">
        <ele>390.00083870626986</ele>
        <time>2022-03-18T11:04:03Z</time>
      </trkpt>
      <trkpt lat="34.32982795522599" lon="109.04432143294291">
        <ele>387.65613510552794</ele>
        <time>2022-03-18T11:04:09Z</time>
      </trkpt>
      <trkpt lat="34.3301470261771" lon="109.04377011060572">
        <ele>388.98072512540966</ele>
        <time>2022-03-18T11:04:15Z</time>
      </trkpt>
      <trkpt lat="34.33046956507581" lon="109.04322052544205">
        <ele>389.464347589761</ele>
        <time>2022-03-18T11:04:21Z</time>
      </trkpt>
      <trkpt lat="34.330785220540214" lon="109.04266127768275">
        <ele>389.5423000501469</ele>
        <time>2022-03-18T11:04:27Z</time>
      </trkpt>
      <trkpt lat="34.33110111572826" lon="109.04211693240659">
        <ele>389.6981790633872</ele>
        <time>2022-03-18T11:04:33Z</time>
      </trkpt>
      <trkpt lat="34.33119403843639" lon="109.04193318944584">
        <ele>389.78434601519257</ele>
        <time>2022-03-18T11:04:35Z</time>
      </trkpt>
      <trkpt lat="34.33151162329969" lon="109.04141643003811">
        <ele>389.65213288739324</ele>
        <time>2022-03-18T11:04:41Z</time>
      </trkpt>
      <trkpt lat="34.331813116198376" lon="109.04085554794511">
        <ele>389.8791292319074</ele>
        <time>2022-03-18T11:04:47Z</time>
      </trkpt>
      <trkpt lat="34.332024042018396" lon="109.04048639442274">
        <ele>389.6986945886165</ele>
        <time>2022-03-18T11:04:51Z</time>
      </trkpt>
      <trkpt lat="34.33223535666411" lon="109.04011653966538">
        <ele>389.520463087596</ele>
        <time>2022-03-18T11:04:55Z</time>
      </trkpt>
      <trkpt lat="34.33245275964524" lon="109.03973605252635">
        <ele>389.54465137422085</ele>
        <time>2022-03-18T11:04:59Z</time>
      </trkpt>
      <trkpt lat="34.332668440652604" lon="109.03935861550282">
        <ele>389.64393874350935</ele>
        <time>2022-03-18T11:05:03Z</time>
      </trkpt>
      <trkpt lat="34.33288799896255" lon="109.0389980687593">
        <ele>389.9097914779559</ele>
        <time>2022-03-18T11:05:07Z</time>
      </trkpt>
      <trkpt lat="34.332982633191314" lon="109.03880877657878">
        <ele>390.11661394685507</ele>
        <time>2022-03-18T11:05:09Z</time>
      </trkpt>
      <trkpt lat="34.33310549991653" lon="109.03864395462452">
        <ele>389.5171636361629</ele>
        <time>2022-03-18T11:05:11Z</time>
      </trkpt>
      <trkpt lat="34.33340374696235" lon="109.0380904844313">
        <ele>389.62651211582124</ele>
        <time>2022-03-18T11:05:17Z</time>
      </trkpt>
      <trkpt lat="34.33370954457718" lon="109.03752550349695">
        <ele>389.27578929346055</ele>
        <time>2022-03-18T11:05:23Z</time>
      </trkpt>
      <trkpt lat="34.33403803335729" lon="109.03696940267496">
        <ele>388.4274317808449</ele>
        <time>2022-03-18T11:05:29Z</time>
      </trkpt>
      <trkpt lat="34.3343516421068" lon="109.03640282595286">
        <ele>387.83713402971625</ele>
        <time>2022-03-18T11:05:35Z</time>
      </trkpt>
      <trkpt lat="34.334672723686886" lon="109.03583129225167">
        <ele>388.1923136971891</ele>
        <time>2022-03-18T11:05:41Z</time>
      </trkpt>
      <trkpt lat="34.33500041407213" lon="109.03525061875985">
        <ele>387.98365951143205</ele>
        <time>2022-03-18T11:05:47Z</time>
      </trkpt>
      <trkpt lat="34.33534080039386" lon="109.03468610116845">
        <ele>387.18640606757253</ele>
        <time>2022-03-18T11:05:53Z</time>
      </trkpt>
      <trkpt lat="34.33566099252462" lon="109.03411463009067">
        <ele>387.4501587059349</ele>
        <time>2022-03-18T11:05:59Z</time>
      </trkpt>
      <trkpt lat="34.335983751690776" lon="109.0335280399603">
        <ele>387.7908970275894</ele>
        <time>2022-03-18T11:06:05Z</time>
      </trkpt>
      <trkpt lat="34.33630605035046" lon="109.03295692596694">
        <ele>387.16540627460927</ele>
        <time>2022-03-18T11:06:11Z</time>
      </trkpt>
      <trkpt lat="34.33663291807296" lon="109.03239018694664">
        <ele>386.9807021021843</ele>
        <time>2022-03-18T11:06:17Z</time>
      </trkpt>
      <trkpt lat="34.336935189123416" lon="109.03183250459294">
        <ele>387.00122940540314</ele>
        <time>2022-03-18T11:06:23Z</time>
      </trkpt>
      <trkpt lat="34.337205807805034" lon="109.03134526543403">
        <ele>387.066892741248</ele>
        <time>2022-03-18T11:06:29Z</time>
      </trkpt>
      <trkpt lat="34.33749648028058" lon="109.030854185785">
        <ele>387.0336124515161</ele>
        <time>2022-03-18T11:06:35Z</time>
      </trkpt>
      <trkpt lat="34.33780733502407" lon="109.03031853313342">
        <ele>386.63362939376384</ele>
        <time>2022-03-18T11:06:41Z</time>
      </trkpt>
      <trkpt lat="34.338125969899934" lon="109.02976527748537">
        <ele>386.89226141572</ele>
        <time>2022-03-18T11:06:47Z</time>
      </trkpt>
      <trkpt lat="34.33842322438272" lon="109.02921770784862">
        <ele>386.97751372493804</ele>
        <time>2022-03-18T11:06:53Z</time>
      </trkpt>
      <trkpt lat="34.33869279864418" lon="109.02872681124664">
        <ele>386.86062391195446</ele>
        <time>2022-03-18T11:06:59Z</time>
      </trkpt>
      <trkpt lat="34.33877902720236" lon="109.02858294513459">
        <ele>386.5535036800429</ele>
        <time>2022-03-18T11:07:01Z</time>
      </trkpt>
      <trkpt lat="34.33885524462566" lon="109.0284975399009">
        <ele>386.33653455693275</ele>
        <time>2022-03-18T11:07:03Z</time>
      </trkpt>
      <trkpt lat="34.33893400698148" lon="109.0284434313968">
        <ele>386.5938731385395</ele>
        <time>2022-03-18T11:07:05Z</time>
      </trkpt>
      <trkpt lat="34.33900219143573" lon="109.02836384377908">
        <ele>387.12357950769365</ele>
        <time>2022-03-18T11:07:07Z</time>
      </trkpt>
      <trkpt lat="34.33906890897888" lon="109.02806696549936">
        <ele>387.0580683108419</ele>
        <time>2022-03-18T11:07:11Z</time>
      </trkpt>
      <trkpt lat="34.33919731098803" lon="109.02772748100062">
        <ele>386.8326029544696</ele>
        <time>2022-03-18T11:07:15Z</time>
      </trkpt>
      <trkpt lat="34.339507790968035" lon="109.02724884516685">
        <ele>385.7312184004113</ele>
        <time>2022-03-18T11:07:21Z</time>
      </trkpt>
      <trkpt lat="34.339850690666005" lon="109.02677305103568">
        <ele>385.3163911122829</ele>
        <time>2022-03-18T11:07:27Z</time>
      </trkpt>
      <trkpt lat="34.340203895506136" lon="109.02627687013087">
        <ele>384.9196643522009</ele>
        <time>2022-03-18T11:07:33Z</time>
      </trkpt>
      <trkpt lat="34.34056181128677" lon="109.0257675110221">
        <ele>384.4648750089109</ele>
        <time>2022-03-18T11:07:39Z</time>
      </trkpt>
      <trkpt lat="34.340919953428966" lon="109.02527555281151">
        <ele>384.3565415870398</ele>
        <time>2022-03-18T11:07:45Z</time>
      </trkpt>
      <trkpt lat="34.34126011837945" lon="109.024793919733">
        <ele>385.5312061337754</ele>
        <time>2022-03-18T11:07:51Z</time>
      </trkpt>
      <trkpt lat="34.341563107182125" lon="109.02439793107806">
        <ele>385.31129975337535</ele>
        <time>2022-03-18T11:07:57Z</time>
      </trkpt>
      <trkpt lat="34.34164164210191" lon="109.02428251716012">
        <ele>385.0003072572872</ele>
        <time>2022-03-18T11:07:59Z</time>
      </trkpt>
      <trkpt lat="34.341620138735976" lon="109.02415588481313">
        <ele>385.07957159914076</ele>
        <time>2022-03-18T11:08:01Z</time>
      </trkpt>
      <trkpt lat="34.34151400310816" lon="109.02415015137231">
        <ele>385.4662818638608</ele>
        <time>2022-03-18T11:08:03Z</time>
      </trkpt>
      <trkpt lat="34.34146330777398" lon="109.02427819319539">
        <ele>385.3276269873604</ele>
        <time>2022-03-18T11:08:05Z</time>
      </trkpt>
      <trkpt lat="34.34110695704722" lon="109.02474250658675">
        <ele>385.3786357436329</ele>
        <time>2022-03-18T11:08:19Z</time>
      </trkpt>
      <trkpt lat="34.34103453830718" lon="109.02484135732755">
        <ele>385.30363015737385</ele>
        <time>2022-03-18T11:08:31Z</time>
      </trkpt>
      <trkpt lat="34.340872505595044" lon="109.02508269452505">
        <ele>385.31392419617623</ele>
        <time>2022-03-18T11:08:52Z</time>
      </trkpt>
      <trkpt lat="34.34055125603433" lon="109.02554072833563">
        <ele>385.15726233739406</ele>
        <time>2022-03-18T11:09:00Z</time>
      </trkpt>
      <trkpt lat="34.340446381839485" lon="109.02568242796234">
        <ele>386.08358542621136</ele>
        <time>2022-03-18T11:09:02Z</time>
      </trkpt>
      <trkpt lat="34.34032578576032" lon="109.02580611240829">
        <ele>385.26765284407884</ele>
        <time>2022-03-18T11:09:04Z</time>
      </trkpt>
      <trkpt lat="34.33994319127244" lon="109.02633434013485">
        <ele>384.9443743675947</ele>
        <time>2022-03-18T11:09:11Z</time>
      </trkpt>
      <trkpt lat="34.33960836090855" lon="109.02679367048181">
        <ele>385.09701987262815</ele>
        <time>2022-03-18T11:09:17Z</time>
      </trkpt>
      <trkpt lat="34.339270107890165" lon="109.02725410281725">
        <ele>385.22756469715387</ele>
        <time>2022-03-18T11:09:23Z</time>
      </trkpt>
      <trkpt lat="34.33896046511436" lon="109.02774717715491">
        <ele>384.82309053558856</ele>
        <time>2022-03-18T11:09:29Z</time>
      </trkpt>
      <trkpt lat="34.33885707344339" lon="109.0279203615262">
        <ele>384.96085356734693</ele>
        <time>2022-03-18T11:09:31Z</time>
      </trkpt>
      <trkpt lat="34.33877609300287" lon="109.02811079335218">
        <ele>385.87382814101875</ele>
        <time>2022-03-18T11:09:33Z</time>
      </trkpt>
      <trkpt lat="34.33866214351265" lon="109.02827308682524">
        <ele>385.95123597886413</ele>
        <time>2022-03-18T11:09:35Z</time>
      </trkpt>
      <trkpt lat="34.33837283079626" lon="109.02879701613921">
        <ele>386.80376909766346</ele>
        <time>2022-03-18T11:09:41Z</time>
      </trkpt>
      <trkpt lat="34.338081857697695" lon="109.02931933469469">
        <ele>386.0834360290319</ele>
        <time>2022-03-18T11:09:47Z</time>
      </trkpt>
      <trkpt lat="34.33787012117903" lon="109.02966521709189">
        <ele>385.4960561459884</ele>
        <time>2022-03-18T11:09:51Z</time>
      </trkpt>
      <trkpt lat="34.337581193038524" lon="109.03020420818784">
        <ele>385.23613464832306</ele>
        <time>2022-03-18T11:09:57Z</time>
      </trkpt>
      <trkpt lat="34.33727788675553" lon="109.03072561225564">
        <ele>385.2058852361515</ele>
        <time>2022-03-18T11:10:03Z</time>
      </trkpt>
      <trkpt lat="34.336989832835926" lon="109.03124624146544">
        <ele>386.6976091666147</ele>
        <time>2022-03-18T11:10:09Z</time>
      </trkpt>
      <trkpt lat="34.33670102856777" lon="109.0317664789701">
        <ele>387.34963187761605</ele>
        <time>2022-03-18T11:10:15Z</time>
      </trkpt>
      <trkpt lat="34.33641197591881" lon="109.03228807325293">
        <ele>386.9858605824411</ele>
        <time>2022-03-18T11:10:21Z</time>
      </trkpt>
      <trkpt lat="34.33611499188521" lon="109.03279764830694">
        <ele>387.22376978211105</ele>
        <time>2022-03-18T11:10:27Z</time>
      </trkpt>
      <trkpt lat="34.335828350439655" lon="109.03331874262841">
        <ele>387.1674800226465</ele>
        <time>2022-03-18T11:10:33Z</time>
      </trkpt>
      <trkpt lat="34.33553533659919" lon="109.0338286258857">
        <ele>387.34289645124227</ele>
        <time>2022-03-18T11:10:39Z</time>
      </trkpt>
      <trkpt lat="34.3352381708147" lon="109.03433287552464">
        <ele>388.18370559066534</ele>
        <time>2022-03-18T11:10:45Z</time>
      </trkpt>
      <trkpt lat="34.33495257140563" lon="109.03483416745604">
        <ele>387.80155656766146</ele>
        <time>2022-03-18T11:10:51Z</time>
      </trkpt>
      <trkpt lat="34.334658641070874" lon="109.035346552634">
        <ele>387.3590507283807</ele>
        <time>2022-03-18T11:10:57Z</time>
      </trkpt>
      <trkpt lat="34.33436417544463" lon="109.03586558179578">
        <ele>387.0963200852275</ele>
        <time>2022-03-18T11:11:03Z</time>
      </trkpt>
      <trkpt lat="34.33406682301435" lon="109.03638858144456">
        <ele>386.9501876709983</ele>
        <time>2022-03-18T11:11:09Z</time>
      </trkpt>
      <trkpt lat="34.333760386212674" lon="109.03691773482862">
        <ele>388.06186192668974</ele>
        <time>2022-03-18T11:11:15Z</time>
      </trkpt>
      <trkpt lat="34.33346221482234" lon="109.03744055065928">
        <ele>388.7517992388457</ele>
        <time>2022-03-18T11:11:21Z</time>
      </trkpt>
      <trkpt lat="34.33327602013702" lon="109.03780090476074">
        <ele>389.04816501028836</ele>
        <time>2022-03-18T11:11:25Z</time>
      </trkpt>
      <trkpt lat="34.33298004043292" lon="109.03831809479892">
        <ele>389.26176641415805</ele>
        <time>2022-03-18T11:11:31Z</time>
      </trkpt>
      <trkpt lat="34.33268630484826" lon="109.03883158633994">
        <ele>388.58291737083346</ele>
        <time>2022-03-18T11:11:37Z</time>
      </trkpt>
      <trkpt lat="34.33239584957123" lon="109.03934484035614">
        <ele>388.6916034128517</ele>
        <time>2022-03-18T11:11:43Z</time>
      </trkpt>
      <trkpt lat="34.33210660062701" lon="109.03986852075452">
        <ele>389.01235009077936</ele>
        <time>2022-03-18T11:11:49Z</time>
      </trkpt>
      <trkpt lat="34.33180986371654" lon="109.04038826972035">
        <ele>389.4070894345641</ele>
        <time>2022-03-18T11:11:55Z</time>
      </trkpt>
      <trkpt lat="34.331513245587736" lon="109.04091093641625">
        <ele>389.5202043671161</ele>
        <time>2022-03-18T11:12:01Z</time>
      </trkpt>
      <trkpt lat="34.33121528980234" lon="109.0414454210036">
        <ele>388.8295188266784</ele>
        <time>2022-03-18T11:12:07Z</time>
      </trkpt>
      <trkpt lat="34.330981483627546" lon="109.0420113390893">
        <ele>388.57024105452</ele>
        <time>2022-03-18T11:12:13Z</time>
      </trkpt>
      <trkpt lat="34.33068762838943" lon="109.04252987906638">
        <ele>388.1393778193742</ele>
        <time>2022-03-18T11:12:19Z</time>
      </trkpt>
      <trkpt lat="34.33038152699639" lon="109.04304029842653">
        <ele>388.5833460064605</ele>
        <time>2022-03-18T11:12:25Z</time>
      </trkpt>
      <trkpt lat="34.33007771130413" lon="109.04356600661201">
        <ele>389.25174598023295</ele>
        <time>2022-03-18T11:12:31Z</time>
      </trkpt>
      <trkpt lat="34.32978370736146" lon="109.04408555770011">
        <ele>389.5861863680184</ele>
        <time>2022-03-18T11:12:37Z</time>
      </trkpt>
      <trkpt lat="34.329500892217204" lon="109.04458470491585">
        <ele>387.6777161452919</ele>
        <time>2022-03-18T11:12:43Z</time>
      </trkpt>
      <trkpt lat="34.32931384377663" lon="109.04489672249102">
        <ele>385.1396313617006</ele>
        <time>2022-03-18T11:12:47Z</time>
      </trkpt>
      <trkpt lat="34.329005143903224" lon="109.04543397764556">
        <ele>388.4941293504089</ele>
        <time>2022-03-18T11:12:55Z</time>
      </trkpt>
      <trkpt lat="34.3289293117845" lon="109.0455304270902">
        <ele>388.9882224025205</ele>
        <time>2022-03-18T11:12:57Z</time>
      </trkpt>
      <trkpt lat="34.328906200796986" lon="109.04565948506163">
        <ele>389.2285557342693</ele>
        <time>2022-03-18T11:12:59Z</time>
      </trkpt>
      <trkpt lat="34.32899052414619" lon="109.04571933203246">
        <ele>389.64769312925637</ele>
        <time>2022-03-18T11:13:01Z</time>
      </trkpt>
      <trkpt lat="34.32909645171773" lon="109.04565051875336">
        <ele>390.3510568821803</ele>
        <time>2022-03-18T11:13:03Z</time>
      </trkpt>
      <trkpt lat="34.32939807261155" lon="109.04506574365364">
        <ele>390.44945395179093</ele>
        <time>2022-03-18T11:13:11Z</time>
      </trkpt>
      <trkpt lat="34.329691731098364" lon="109.04456751868575">
        <ele>387.10686984378844</ele>
        <time>2022-03-18T11:13:17Z</time>
      </trkpt>
      <trkpt lat="34.33000284791372" lon="109.0440495276881">
        <ele>388.55806982144713</ele>
        <time>2022-03-18T11:13:23Z</time>
      </trkpt>
      <trkpt lat="34.330305089396795" lon="109.04352721813372">
        <ele>388.9726193007082</ele>
        <time>2022-03-18T11:13:29Z</time>
      </trkpt>
      <trkpt lat="34.33060068251393" lon="109.0429847171225">
        <ele>388.97266376484185</ele>
        <time>2022-03-18T11:13:35Z</time>
      </trkpt>
      <trkpt lat="34.330902698369215" lon="109.04245536729968">
        <ele>389.5970644420013</ele>
        <time>2022-03-18T11:13:41Z</time>
      </trkpt>
      <trkpt lat="34.331202600175104" lon="109.04192368574883">
        <ele>389.5899441195652</ele>
        <time>2022-03-18T11:13:47Z</time>
      </trkpt>
      <trkpt lat="34.33151210429239" lon="109.04139947682071">
        <ele>389.6318612070754</ele>
        <time>2022-03-18T11:13:53Z</time>
      </trkpt>
      <trkpt lat="34.331810380156156" lon="109.04086703971542">
        <ele>389.73455375339836</ele>
        <time>2022-03-18T11:13:59Z</time>
      </trkpt>
      <trkpt lat="34.33211869475251" lon="109.04033234427982">
        <ele>389.614149145782</ele>
        <time>2022-03-18T11:14:05Z</time>
      </trkpt>
      <trkpt lat="34.332430236711815" lon="109.03979076508337">
        <ele>389.7316236793995</ele>
        <time>2022-03-18T11:14:11Z</time>
      </trkpt>
      <trkpt lat="34.332728826677005" lon="109.03923923037932">
        <ele>390.14422250073403</ele>
        <time>2022-03-18T11:14:17Z</time>
      </trkpt>
      <trkpt lat="34.333045841797144" lon="109.03869608707232">
        <ele>389.6960557671264</ele>
        <time>2022-03-18T11:14:23Z</time>
      </trkpt>
      <trkpt lat="34.33336118156295" lon="109.03817926696176">
        <ele>389.3438941044733</ele>
        <time>2022-03-18T11:14:29Z</time>
      </trkpt>
      <trkpt lat="34.33365718317175" lon="109.03764340057604">
        <ele>389.44118905998766</ele>
        <time>2022-03-18T11:14:35Z</time>
      </trkpt>
      <trkpt lat="34.33395491089626" lon="109.03712886816311">
        <ele>388.6948111522943</ele>
        <time>2022-03-18T11:14:41Z</time>
      </trkpt>
      <trkpt lat="34.334252503993156" lon="109.03661065846539">
        <ele>388.0457758968696</ele>
        <time>2022-03-18T11:14:47Z</time>
      </trkpt>
      <trkpt lat="34.334541678695615" lon="109.03607836210627">
        <ele>388.51122298743576</ele>
        <time>2022-03-18T11:14:53Z</time>
      </trkpt>
      <trkpt lat="34.33484547376401" lon="109.0355614525888">
        <ele>387.8172052297741</ele>
        <time>2022-03-18T11:14:59Z</time>
      </trkpt>
      <trkpt lat="34.335134975853606" lon="109.03503503259988">
        <ele>387.3047595573589</ele>
        <time>2022-03-18T11:15:05Z</time>
      </trkpt>
      <trkpt lat="34.33524349584033" lon="109.03486361848354">
        <ele>387.149407918565</ele>
        <time>2022-03-18T11:15:07Z</time>
      </trkpt>
      <trkpt lat="34.33553836263464" lon="109.0343152605559">
        <ele>387.41175653319806</ele>
        <time>2022-03-18T11:15:13Z</time>
      </trkpt>
      <trkpt lat="34.335847149857614" lon="109.03376584792184">
        <ele>387.71242382749915</ele>
        <time>2022-03-18T11:15:19Z</time>
      </trkpt>
      <trkpt lat="34.33616625554609" lon="109.03322521306191">
        <ele>387.4857790302485</ele>
        <time>2022-03-18T11:15:25Z</time>
      </trkpt>
      <trkpt lat="34.33648035989515" lon="109.03267115747481">
        <ele>387.3988763447851</ele>
        <time>2022-03-18T11:15:31Z</time>
      </trkpt>
      <trkpt lat="34.336793856450484" lon="109.03212004679197">
        <ele>386.68328084703535</ele>
        <time>2022-03-18T11:15:37Z</time>
      </trkpt>
      <trkpt lat="34.337089857621194" lon="109.03158649381086">
        <ele>386.3993375012651</ele>
        <time>2022-03-18T11:15:43Z</time>
      </trkpt>
      <trkpt lat="34.33735408966037" lon="109.03108830576922">
        <ele>387.34704801347107</ele>
        <time>2022-03-18T11:15:49Z</time>
      </trkpt>
      <trkpt lat="34.33765920631623" lon="109.03062559463747">
        <ele>387.1781436307356</ele>
        <time>2022-03-18T11:15:55Z</time>
      </trkpt>
      <trkpt lat="34.337949097106815" lon="109.03009153837381">
        <ele>386.89605369232595</ele>
        <time>2022-03-18T11:16:01Z</time>
      </trkpt>
      <trkpt lat="34.338244491048" lon="109.02956659866103">
        <ele>386.59716574382037</ele>
        <time>2022-03-18T11:16:07Z</time>
      </trkpt>
      <trkpt lat="34.338541677855" lon="109.02903353662387">
        <ele>386.8100819187239</ele>
        <time>2022-03-18T11:16:13Z</time>
      </trkpt>
      <trkpt lat="34.33883519531598" lon="109.02849611650147">
        <ele>386.8046108176932</ele>
        <time>2022-03-18T11:16:19Z</time>
      </trkpt>
      <trkpt lat="34.33901479190636" lon="109.02813664451985">
        <ele>385.66751419287175</ele>
        <time>2022-03-18T11:16:23Z</time>
      </trkpt>
      <trkpt lat="34.33917452507699" lon="109.02776361845963">
        <ele>386.6891614859924</ele>
        <time>2022-03-18T11:16:27Z</time>
      </trkpt>
      <trkpt lat="34.339272001132585" lon="109.02759626424772">
        <ele>386.0354043766856</ele>
        <time>2022-03-18T11:16:29Z</time>
      </trkpt>
      <trkpt lat="34.33961965780495" lon="109.02711294650871">
        <ele>384.9691756898537</ele>
        <time>2022-03-18T11:16:35Z</time>
      </trkpt>
      <trkpt lat="34.339965923842826" lon="109.02661132521607">
        <ele>385.25066523533314</ele>
        <time>2022-03-18T11:16:41Z</time>
      </trkpt>
      <trkpt lat="34.34032182834824" lon="109.02610974332522">
        <ele>384.8498250413686</ele>
        <time>2022-03-18T11:16:47Z</time>
      </trkpt>
      <trkpt lat="34.34068043023479" lon="109.02559516886534">
        <ele>385.16036192979664</ele>
        <time>2022-03-18T11:16:53Z</time>
      </trkpt>
      <trkpt lat="34.34105096105622" lon="109.02509029673841">
        <ele>385.3328806338832</ele>
        <time>2022-03-18T11:16:59Z</time>
      </trkpt>
      <trkpt lat="34.3412768644243" lon="109.02476207714953">
        <ele>385.9401868348941</ele>
        <time>2022-03-18T11:17:03Z</time>
      </trkpt>
      <trkpt lat="34.3414856576744" lon="109.02449535197634">
        <ele>386.3236075369641</ele>
        <time>2022-03-18T11:17:07Z</time>
      </trkpt>
      <trkpt lat="34.341574090182114" lon="109.02435766266615">
        <ele>385.2781037716195</ele>
        <time>2022-03-18T11:17:09Z</time>
      </trkpt>
      <trkpt lat="34.34157208080501" lon="109.02421175701076">
        <ele>385.160676012747</ele>
        <time>2022-03-18T11:17:11Z</time>
      </trkpt>
      <trkpt lat="34.341462803412306" lon="109.02417409941133">
        <ele>385.0786650609225</ele>
        <time>2022-03-18T11:17:13Z</time>
      </trkpt>
      <trkpt lat="34.34142384094952" lon="109.02433011959303">
        <ele>385.26762532722205</ele>
        <time>2022-03-18T11:17:15Z</time>
      </trkpt>
      <trkpt lat="34.34123383471363" lon="109.02457969114121">
        <ele>384.7311555594206</ele>
        <time>2022-03-18T11:17:19Z</time>
      </trkpt>
      <trkpt lat="34.34089407331644" lon="109.0250290843459">
        <ele>384.63386029563844</ele>
        <time>2022-03-18T11:17:25Z</time>
      </trkpt>
      <trkpt lat="34.3405483822343" lon="109.0255064183424">
        <ele>384.68885994516313</ele>
        <time>2022-03-18T11:17:31Z</time>
      </trkpt>
      <trkpt lat="34.34019855730239" lon="109.02598533652555">
        <ele>384.9323734557256</ele>
        <time>2022-03-18T11:17:37Z</time>
      </trkpt>
      <trkpt lat="34.33985428864408" lon="109.0264737191224">
        <ele>385.0762569224462</ele>
        <time>2022-03-18T11:17:43Z</time>
      </trkpt>
      <trkpt lat="34.33961493768676" lon="109.0267980826819">
        <ele>385.5224400702864</ele>
        <time>2022-03-18T11:17:47Z</time>
      </trkpt>
      <trkpt lat="34.3393871194814" lon="109.02711682488332">
        <ele>385.9286798238754</ele>
        <time>2022-03-18T11:17:51Z</time>
      </trkpt>
      <trkpt lat="34.339062921822475" lon="109.02763367404">
        <ele>385.54056116286665</ele>
        <time>2022-03-18T11:17:57Z</time>
      </trkpt>
      <trkpt lat="34.33873884027866" lon="109.02816914947455">
        <ele>385.930029746145</ele>
        <time>2022-03-18T11:18:03Z</time>
      </trkpt>
      <trkpt lat="34.33842538354949" lon="109.02871120776581">
        <ele>387.1124209454283</ele>
        <time>2022-03-18T11:18:09Z</time>
      </trkpt>
      <trkpt lat="34.33811386599662" lon="109.02925971111084">
        <ele>386.9638212407008</ele>
        <time>2022-03-18T11:18:15Z</time>
      </trkpt>
      <trkpt lat="34.337800820796055" lon="109.02981717358693">
        <ele>386.6086918953806</ele>
        <time>2022-03-18T11:18:21Z</time>
      </trkpt>
      <trkpt lat="34.33747950314635" lon="109.0303856728044">
        <ele>386.53325463086367</ele>
        <time>2022-03-18T11:18:27Z</time>
      </trkpt>
      <trkpt lat="34.33716364883228" lon="109.03093893187656">
        <ele>386.6410585269332</ele>
        <time>2022-03-18T11:18:33Z</time>
      </trkpt>
      <trkpt lat="34.33685866694612" lon="109.03149074395978">
        <ele>387.3651553830132</ele>
        <time>2022-03-18T11:18:39Z</time>
      </trkpt>
      <trkpt lat="34.33655854385311" lon="109.0320373198487">
        <ele>387.7892061145976</ele>
        <time>2022-03-18T11:18:45Z</time>
      </trkpt>
      <trkpt lat="34.3362525518106" lon="109.03257553759849">
        <ele>387.64368604216725</ele>
        <time>2022-03-18T11:18:51Z</time>
      </trkpt>
      <trkpt lat="34.33594668267702" lon="109.03311488408276">
        <ele>387.42320168484</ele>
        <time>2022-03-18T11:18:57Z</time>
      </trkpt>
      <trkpt lat="34.33584389849801" lon="109.03329347784769">
        <ele>387.42947639524937</ele>
        <time>2022-03-18T11:18:59Z</time>
      </trkpt>
      <trkpt lat="34.33553785972318" lon="109.03383113346301">
        <ele>387.7820772435516</ele>
        <time>2022-03-18T11:19:05Z</time>
      </trkpt>
      <trkpt lat="34.33523653085963" lon="109.0343655294644">
        <ele>387.9273917414248</ele>
        <time>2022-03-18T11:19:11Z</time>
      </trkpt>
      <trkpt lat="34.33493216181305" lon="109.03490311389416">
        <ele>387.96301611699164</ele>
        <time>2022-03-18T11:19:17Z</time>
      </trkpt>
      <trkpt lat="34.33462811080684" lon="109.03544707872874">
        <ele>387.88792788330466</ele>
        <time>2022-03-18T11:19:23Z</time>
      </trkpt>
      <trkpt lat="34.334322284999644" lon="109.03598802530054">
        <ele>388.1001292094588</ele>
        <time>2022-03-18T11:19:29Z</time>
      </trkpt>
      <trkpt lat="34.334012675558846" lon="109.03652271518851">
        <ele>388.0350162964314</ele>
        <time>2022-03-18T11:19:35Z</time>
      </trkpt>
      <trkpt lat="34.333702335205366" lon="109.0370651413229">
        <ele>388.2276443662122</ele>
        <time>2022-03-18T11:19:41Z</time>
      </trkpt>
      <trkpt lat="34.33339273280615" lon="109.03760907026407">
        <ele>388.1986431777477</ele>
        <time>2022-03-18T11:19:47Z</time>
      </trkpt>
      <trkpt lat="34.33309604308174" lon="109.0381442013078">
        <ele>388.55093030724674</ele>
        <time>2022-03-18T11:19:53Z</time>
      </trkpt>
      <trkpt lat="34.33300755707431" lon="109.03832867933843">
        <ele>388.5584885645658</ele>
        <time>2022-03-18T11:19:55Z</time>
      </trkpt>
      <trkpt lat="34.33268688994139" lon="109.03885060102918">
        <ele>388.8300886582583</ele>
        <time>2022-03-18T11:20:01Z</time>
      </trkpt>
      <trkpt lat="34.33238842417214" lon="109.03937803618186">
        <ele>388.4911208730191</ele>
        <time>2022-03-18T11:20:07Z</time>
      </trkpt>
      <trkpt lat="34.33208932001684" lon="109.0399094953029">
        <ele>389.24919744208455</ele>
        <time>2022-03-18T11:20:13Z</time>
      </trkpt>
      <trkpt lat="34.33178894703809" lon="109.04044630296062">
        <ele>389.5287659429014</ele>
        <time>2022-03-18T11:20:19Z</time>
      </trkpt>
      <trkpt lat="34.33148430688615" lon="109.04098816652525">
        <ele>389.33350623585284</ele>
        <time>2022-03-18T11:20:25Z</time>
      </trkpt>
      <trkpt lat="34.33128759259314" lon="109.04134732992638">
        <ele>387.91508444119245</ele>
        <time>2022-03-18T11:20:29Z</time>
      </trkpt>
      <trkpt lat="34.331020744714145" lon="109.04191481814745">
        <ele>389.03762644622475</ele>
        <time>2022-03-18T11:20:35Z</time>
      </trkpt>
      <trkpt lat="34.330726790323375" lon="109.04245278654653">
        <ele>389.0017537204549</ele>
        <time>2022-03-18T11:20:41Z</time>
      </trkpt>
      <trkpt lat="34.330415492088036" lon="109.04298870925227">
        <ele>389.4648486226797</ele>
        <time>2022-03-18T11:20:47Z</time>
      </trkpt>
      <trkpt lat="34.33010198640369" lon="109.04354285313664">
        <ele>390.4007198382169</ele>
        <time>2022-03-18T11:20:53Z</time>
      </trkpt>
      <trkpt lat="34.32979427292499" lon="109.04409441261963">
        <ele>390.5134724006057</ele>
        <time>2022-03-18T11:20:59Z</time>
      </trkpt>
      <trkpt lat="34.32947794793935" lon="109.04462484114447">
        <ele>388.3344125850126</ele>
        <time>2022-03-18T11:21:05Z</time>
      </trkpt>
      <trkpt lat="34.329165942559655" lon="109.0451438365143">
        <ele>386.10234653763473</ele>
        <time>2022-03-18T11:21:11Z</time>
      </trkpt>
      <trkpt lat="34.32891035696869" lon="109.04557790619921">
        <ele>389.27342168893665</ele>
        <time>2022-03-18T11:21:17Z</time>
      </trkpt>
      <trkpt lat="34.328943392130014" lon="109.0457038522803">
        <ele>389.96896000020206</ele>
        <time>2022-03-18T11:21:19Z</time>
      </trkpt>
      <trkpt lat="34.32906954081028" lon="109.04569697053861">
        <ele>390.57359476480633</ele>
        <time>2022-03-18T11:21:21Z</time>
      </trkpt>
      <trkpt lat="34.329148308235695" lon="109.0455782850802">
        <ele>391.2785394228995</ele>
        <time>2022-03-18T11:21:23Z</time>
      </trkpt>
      <trkpt lat="34.329365931479934" lon="109.04508633614951">
        <ele>391.55858683306724</ele>
        <time>2022-03-18T11:21:29Z</time>
      </trkpt>
      <trkpt lat="34.329696328539185" lon="109.04457006981443">
        <ele>387.02105743438005</ele>
        <time>2022-03-18T11:21:35Z</time>
      </trkpt>
      <trkpt lat="34.330016280096004" lon="109.04400857656022">
        <ele>388.44762438256294</ele>
        <time>2022-03-18T11:21:41Z</time>
      </trkpt>
      <trkpt lat="34.33033805244377" lon="109.04347150127293">
        <ele>389.37172780558467</ele>
        <time>2022-03-18T11:21:47Z</time>
      </trkpt>
      <trkpt lat="34.33066577148598" lon="109.04291860465177">
        <ele>389.4980526845902</ele>
        <time>2022-03-18T11:21:53Z</time>
      </trkpt>
      <trkpt lat="34.33098082726164" lon="109.04234867058467">
        <ele>390.1415637647733</ele>
        <time>2022-03-18T11:21:59Z</time>
      </trkpt>
      <trkpt lat="34.331318372353714" lon="109.04178623427943">
        <ele>389.81432459969074</ele>
        <time>2022-03-18T11:22:05Z</time>
      </trkpt>
      <trkpt lat="34.33140401360948" lon="109.04157168735755">
        <ele>389.61205300316215</ele>
        <time>2022-03-18T11:22:07Z</time>
      </trkpt>
      <trkpt lat="34.33152725143004" lon="109.04138905246944">
        <ele>389.54770296067</ele>
        <time>2022-03-18T11:22:09Z</time>
      </trkpt>
      <trkpt lat="34.33162472708" lon="109.0411853736503">
        <ele>389.59259860310704</ele>
        <time>2022-03-18T11:22:11Z</time>
      </trkpt>
      <trkpt lat="34.331745389412696" lon="109.0410060819235">
        <ele>389.8451878866181</ele>
        <time>2022-03-18T11:22:13Z</time>
      </trkpt>
      <trkpt lat="34.33206240863034" lon="109.04043480265418">
        <ele>390.3545244997367</ele>
        <time>2022-03-18T11:22:19Z</time>
      </trkpt>
      <trkpt lat="34.3324030768763" lon="109.03985435785488">
        <ele>389.7399672511965</ele>
        <time>2022-03-18T11:22:25Z</time>
      </trkpt>
      <trkpt lat="34.332734478049616" lon="109.03926168339864">
        <ele>389.60618256404996</ele>
        <time>2022-03-18T11:22:31Z</time>
      </trkpt>
      <trkpt lat="34.33306302532354" lon="109.0386678069144">
        <ele>389.22820923198014</ele>
        <time>2022-03-18T11:22:37Z</time>
      </trkpt>
      <trkpt lat="34.3333986592677" lon="109.03807284865141">
        <ele>389.87704248260707</ele>
        <time>2022-03-18T11:22:43Z</time>
      </trkpt>
      <trkpt lat="34.333733984940096" lon="109.03746954030512">
        <ele>389.3855062080547</ele>
        <time>2022-03-18T11:22:49Z</time>
      </trkpt>
      <trkpt lat="34.334080948395226" lon="109.03686927149525">
        <ele>388.5215073302388</ele>
        <time>2022-03-18T11:22:55Z</time>
      </trkpt>
      <trkpt lat="34.33442412511158" lon="109.03628235053813">
        <ele>387.9141869870946</ele>
        <time>2022-03-18T11:23:01Z</time>
      </trkpt>
      <trkpt lat="34.334757597938356" lon="109.03569496551296">
        <ele>387.62549115810543</ele>
        <time>2022-03-18T11:23:07Z</time>
      </trkpt>
      <trkpt lat="34.335097152694026" lon="109.03510125704464">
        <ele>387.74953576084226</ele>
        <time>2022-03-18T11:23:13Z</time>
      </trkpt>
      <trkpt lat="34.33520978165024" lon="109.03490055951538">
        <ele>387.76024652365595</ele>
        <time>2022-03-18T11:23:15Z</time>
      </trkpt>
      <trkpt lat="34.33530119455643" lon="109.03467864181334">
        <ele>387.6391179105267</ele>
        <time>2022-03-18T11:23:17Z</time>
      </trkpt>
      <trkpt lat="34.33565749297815" lon="109.03409393911183">
        <ele>387.8190029906109</ele>
        <time>2022-03-18T11:23:23Z</time>
      </trkpt>
      <trkpt lat="34.33599191860454" lon="109.03350500065548">
        <ele>387.71800882555544</ele>
        <time>2022-03-18T11:23:29Z</time>
      </trkpt>
      <trkpt lat="34.33631566656306" lon="109.03291027671986">
        <ele>387.332723909989</ele>
        <time>2022-03-18T11:23:35Z</time>
      </trkpt>
      <trkpt lat="34.33664616609442" lon="109.03231556489771">
        <ele>387.5027891881764</ele>
        <time>2022-03-18T11:23:41Z</time>
      </trkpt>
      <trkpt lat="34.33696876655709" lon="109.03173891967128">
        <ele>387.451277654618</ele>
        <time>2022-03-18T11:23:47Z</time>
      </trkpt>
      <trkpt lat="34.33728312504744" lon="109.03121381959268">
        <ele>388.1308078505099</ele>
        <time>2022-03-18T11:23:53Z</time>
      </trkpt>
      <trkpt lat="34.33760482399032" lon="109.03063916336265">
        <ele>387.44287658669055</ele>
        <time>2022-03-18T11:23:59Z</time>
      </trkpt>
      <trkpt lat="34.33793374407188" lon="109.03007801891802">
        <ele>387.2437667157501</ele>
        <time>2022-03-18T11:24:05Z</time>
      </trkpt>
      <trkpt lat="34.33825680286199" lon="109.02948659395919">
        <ele>387.0682975621894</ele>
        <time>2022-03-18T11:24:11Z</time>
      </trkpt>
      <trkpt lat="34.33858126090155" lon="109.02892316235291">
        <ele>387.2445672368631</ele>
        <time>2022-03-18T11:24:17Z</time>
      </trkpt>
      <trkpt lat="34.33885714435707" lon="109.02834347589022">
        <ele>387.29980170261115</ele>
        <time>2022-03-18T11:24:23Z</time>
      </trkpt>
      <trkpt lat="34.3391640859506" lon="109.02775518749402">
        <ele>386.81668234895915</ele>
        <time>2022-03-18T11:24:29Z</time>
      </trkpt>
      <trkpt lat="34.339401417483415" lon="109.02740273814342">
        <ele>385.7212270172313</ele>
        <time>2022-03-18T11:24:33Z</time>
      </trkpt>
      <trkpt lat="34.339568418536125" lon="109.02726509897647">
        <ele>385.22843347117305</ele>
        <time>2022-03-18T11:24:35Z</time>
      </trkpt>
      <trkpt lat="34.339949628309284" lon="109.02672993130281">
        <ele>384.7109259329736</ele>
        <time>2022-03-18T11:24:41Z</time>
      </trkpt>
      <trkpt lat="34.34007720150479" lon="109.0265512667111">
        <ele>384.67019320838153</ele>
        <time>2022-03-18T11:24:43Z</time>
      </trkpt>
      <trkpt lat="34.34045416230161" lon="109.0260234366585">
        <ele>384.66804377827793</ele>
        <time>2022-03-18T11:24:49Z</time>
      </trkpt>
      <trkpt lat="34.34057842715218" lon="109.02584946426802">
        <ele>384.60283068101853</ele>
        <time>2022-03-18T11:24:51Z</time>
      </trkpt>
      <trkpt lat="34.34064893490039" lon="109.02563063232863">
        <ele>384.83839280344546</ele>
        <time>2022-03-18T11:24:53Z</time>
      </trkpt>
      <trkpt lat="34.341002507315366" lon="109.02513940788053">
        <ele>385.40877218171954</ele>
        <time>2022-03-18T11:24:59Z</time>
      </trkpt>
      <trkpt lat="34.341323467086724" lon="109.02467695674977">
        <ele>385.6572564896196</ele>
        <time>2022-03-18T11:25:05Z</time>
      </trkpt>
      <trkpt lat="34.34152121751121" lon="109.02443758321064">
        <ele>385.2449636757374</ele>
        <time>2022-03-18T11:25:09Z</time>
      </trkpt>
      <trkpt lat="34.341587192715814" lon="109.02430450441005">
        <ele>385.25757885258645</ele>
        <time>2022-03-18T11:25:11Z</time>
      </trkpt>
      <trkpt lat="34.34154069082869" lon="109.02420447620352">
        <ele>385.510857607238</ele>
        <time>2022-03-18T11:25:13Z</time>
      </trkpt>
      <trkpt lat="34.341402746250836" lon="109.02423119015673">
        <ele>385.5148167591542</ele>
        <time>2022-03-18T11:25:15Z</time>
      </trkpt>
      <trkpt lat="34.341357163392345" lon="109.02441767358772">
        <ele>386.2304811887443</ele>
        <time>2022-03-18T11:25:17Z</time>
      </trkpt>
      <trkpt lat="34.34125138015169" lon="109.02455649265299">
        <ele>385.29661674797535</ele>
        <time>2022-03-18T11:25:19Z</time>
      </trkpt>
      <trkpt lat="34.34087785071193" lon="109.02506178713203">
        <ele>384.93809847626835</ele>
        <time>2022-03-18T11:25:25Z</time>
      </trkpt>
      <trkpt lat="34.34049290900856" lon="109.02558893421265">
        <ele>385.38010426424444</ele>
        <time>2022-03-18T11:25:31Z</time>
      </trkpt>
      <trkpt lat="34.34011417975768" lon="109.02611160517716">
        <ele>385.1341181239113</ele>
        <time>2022-03-18T11:25:37Z</time>
      </trkpt>
      <trkpt lat="34.33974186973084" lon="109.02662916001485">
        <ele>385.79189422447234</ele>
        <time>2022-03-18T11:25:43Z</time>
      </trkpt>
      <trkpt lat="34.33936484359935" lon="109.02714156329944">
        <ele>385.7275299113244</ele>
        <time>2022-03-18T11:25:49Z</time>
      </trkpt>
      <trkpt lat="34.33926304856135" lon="109.02734029525372">
        <ele>385.8474387573078</ele>
        <time>2022-03-18T11:25:51Z</time>
      </trkpt>
      <trkpt lat="34.33912559514025" lon="109.02750035477834">
        <ele>385.5718082971871</ele>
        <time>2022-03-18T11:25:53Z</time>
      </trkpt>
      <trkpt lat="34.33878983049846" lon="109.02805721623425">
        <ele>385.25963110104203</ele>
        <time>2022-03-18T11:25:59Z</time>
      </trkpt>
      <trkpt lat="34.338465206493744" lon="109.02863224412295">
        <ele>386.27133139409125</ele>
        <time>2022-03-18T11:26:05Z</time>
      </trkpt>
      <trkpt lat="34.33814566930258" lon="109.02920594625836">
        <ele>386.2050391128287</ele>
        <time>2022-03-18T11:26:11Z</time>
      </trkpt>
      <trkpt lat="34.337823628996986" lon="109.02978865563469">
        <ele>385.8402522429824</ele>
        <time>2022-03-18T11:26:17Z</time>
      </trkpt>
      <trkpt lat="34.337493252913184" lon="109.03037026722207">
        <ele>385.73032249044627</ele>
        <time>2022-03-18T11:26:23Z</time>
      </trkpt>
      <trkpt lat="34.337164424014475" lon="109.03093692952763">
        <ele>385.82688797824085</ele>
        <time>2022-03-18T11:26:29Z</time>
      </trkpt>
      <trkpt lat="34.33684350709529" lon="109.0315024128883">
        <ele>386.79666627477854</ele>
        <time>2022-03-18T11:26:35Z</time>
      </trkpt>
      <trkpt lat="34.33652595740537" lon="109.0320699718222">
        <ele>386.71148439869285</ele>
        <time>2022-03-18T11:26:41Z</time>
      </trkpt>
      <trkpt lat="34.3361982651775" lon="109.032624719726">
        <ele>386.4496330609545</ele>
        <time>2022-03-18T11:26:47Z</time>
      </trkpt>
      <trkpt lat="34.33588415444718" lon="109.03319081034844">
        <ele>387.06068311445415</ele>
        <time>2022-03-18T11:26:53Z</time>
      </trkpt>
      <trkpt lat="34.335561121522616" lon="109.03375636617797">
        <ele>387.4629733627662</ele>
        <time>2022-03-18T11:26:59Z</time>
      </trkpt>
      <trkpt lat="34.33524509807628" lon="109.03432585321991">
        <ele>388.0173774594441</ele>
        <time>2022-03-18T11:27:05Z</time>
      </trkpt>
      <trkpt lat="34.33492840226589" lon="109.0348880651679">
        <ele>387.911721104756</ele>
        <time>2022-03-18T11:27:11Z</time>
      </trkpt>
      <trkpt lat="34.33461288950799" lon="109.03545249287599">
        <ele>387.91805882100016</ele>
        <time>2022-03-18T11:27:17Z</time>
      </trkpt>
      <trkpt lat="34.33429074731139" lon="109.03601400948548">
        <ele>387.6270299265161</ele>
        <time>2022-03-18T11:27:23Z</time>
      </trkpt>
      <trkpt lat="34.33396675760169" lon="109.03657282403675">
        <ele>387.6361538656056</ele>
        <time>2022-03-18T11:27:29Z</time>
      </trkpt>
      <trkpt lat="34.33364975647025" lon="109.03714303818508">
        <ele>388.0711801033467</ele>
        <time>2022-03-18T11:27:35Z</time>
      </trkpt>
      <trkpt lat="34.33333544087304" lon="109.03770360577008">
        <ele>388.79378551431</ele>
        <time>2022-03-18T11:27:41Z</time>
      </trkpt>
      <trkpt lat="34.333012503334196" lon="109.03824860877913">
        <ele>389.3571849660948</ele>
        <time>2022-03-18T11:27:47Z</time>
      </trkpt>
      <trkpt lat="34.332693584095544" lon="109.03880193611026">
        <ele>388.8282666001469</ele>
        <time>2022-03-18T11:27:53Z</time>
      </trkpt>
      <trkpt lat="34.332388159404005" lon="109.0393763636405">
        <ele>389.35046301595867</ele>
        <time>2022-03-18T11:27:59Z</time>
      </trkpt>
      <trkpt lat="34.33207948218612" lon="109.03994097244764">
        <ele>390.2100219000131</ele>
        <time>2022-03-18T11:28:05Z</time>
      </trkpt>
      <trkpt lat="34.331753773938516" lon="109.04049794842263">
        <ele>390.1751886745915</ele>
        <time>2022-03-18T11:28:11Z</time>
      </trkpt>
      <trkpt lat="34.331431121625506" lon="109.04106705641232">
        <ele>389.3968820841983</ele>
        <time>2022-03-18T11:28:17Z</time>
      </trkpt>
      <trkpt lat="34.33123387378824" lon="109.04146666071621">
        <ele>389.23243184015155</ele>
        <time>2022-03-18T11:28:21Z</time>
      </trkpt>
      <trkpt lat="34.33105965817557" lon="109.04187008013314">
        <ele>389.25033449660987</ele>
        <time>2022-03-18T11:28:25Z</time>
      </trkpt>
      <trkpt lat="34.330739858751535" lon="109.04243360700625">
        <ele>388.934947588481</ele>
        <time>2022-03-18T11:28:31Z</time>
      </trkpt>
      <trkpt lat="34.33042167139197" lon="109.04298485088873">
        <ele>388.6871786965057</ele>
        <time>2022-03-18T11:28:37Z</time>
      </trkpt>
      <trkpt lat="34.33011782448185" lon="109.04351643363009">
        <ele>389.4202230134979</ele>
        <time>2022-03-18T11:28:43Z</time>
      </trkpt>
      <trkpt lat="34.32982530126004" lon="109.04401618066535">
        <ele>390.23813024535775</ele>
        <time>2022-03-18T11:28:49Z</time>
      </trkpt>
      <trkpt lat="34.32952811620825" lon="109.04452885884622">
        <ele>388.8891666084528</ele>
        <time>2022-03-18T11:28:55Z</time>
      </trkpt>
      <trkpt lat="34.32922975626562" lon="109.04503160136412">
        <ele>385.115147090517</ele>
        <time>2022-03-18T11:29:01Z</time>
      </trkpt>
      <trkpt lat="34.328979334639605" lon="109.04547990742462">
        <ele>388.629863537848</ele>
        <time>2022-03-18T11:29:07Z</time>
      </trkpt>
      <trkpt lat="34.32889484457526" lon="109.04559779046154">
        <ele>389.02791627310216</ele>
        <time>2022-03-18T11:29:09Z</time>
      </trkpt>
      <trkpt lat="34.32894177103917" lon="109.04573741054134">
        <ele>388.9973369818181</ele>
        <time>2022-03-18T11:29:11Z</time>
      </trkpt>
      <trkpt lat="34.32908732740863" lon="109.04570423244135">
        <ele>389.11333799548447</ele>
        <time>2022-03-18T11:29:13Z</time>
      </trkpt>
      <trkpt lat="34.32921349949759" lon="109.045368542886">
        <ele>390.80496946163476</ele>
        <time>2022-03-18T11:29:17Z</time>
      </trkpt>
      <trkpt lat="34.3295273797695" lon="109.04482306855192">
        <ele>389.96267583966255</ele>
        <time>2022-03-18T11:29:23Z</time>
      </trkpt>
      <trkpt lat="34.32984528178067" lon="109.0442861675849">
        <ele>387.61717488616705</ele>
        <time>2022-03-18T11:29:29Z</time>
      </trkpt>
      <trkpt lat="34.33006735413976" lon="109.04392460029018">
        <ele>388.291692587547</ele>
        <time>2022-03-18T11:29:33Z</time>
      </trkpt>
      <trkpt lat="34.33039295190088" lon="109.04335255555175">
        <ele>389.3782431194559</ele>
        <time>2022-03-18T11:29:39Z</time>
      </trkpt>
      <trkpt lat="34.330726736080315" lon="109.04277026623808">
        <ele>389.8208878878504</ele>
        <time>2022-03-18T11:29:45Z</time>
      </trkpt>
      <trkpt lat="34.33105469817891" lon="109.04218439838016">
        <ele>390.10127273667604</ele>
        <time>2022-03-18T11:29:51Z</time>
      </trkpt>
      <trkpt lat="34.33133469530439" lon="109.04163373201058">
        <ele>389.84417504630983</ele>
        <time>2022-03-18T11:29:57Z</time>
      </trkpt>
      <trkpt lat="34.33162777354797" lon="109.04116396756794">
        <ele>390.1844787662849</ele>
        <time>2022-03-18T11:30:03Z</time>
      </trkpt>
      <trkpt lat="34.331940878090904" lon="109.04062861400953">
        <ele>389.7200825130567</ele>
        <time>2022-03-18T11:30:09Z</time>
      </trkpt>
      <trkpt lat="34.33226857236325" lon="109.0400591768253">
        <ele>389.6219123415649</ele>
        <time>2022-03-18T11:30:15Z</time>
      </trkpt>
      <trkpt lat="34.332592788210896" lon="109.03947461698796">
        <ele>389.9381956225261</ele>
        <time>2022-03-18T11:30:21Z</time>
      </trkpt>
      <trkpt lat="34.332914533325614" lon="109.03889413899827">
        <ele>389.4816563334316</ele>
        <time>2022-03-18T11:30:27Z</time>
      </trkpt>
      <trkpt lat="34.333248355522365" lon="109.03831068948715">
        <ele>389.4670438757166</ele>
        <time>2022-03-18T11:30:33Z</time>
      </trkpt>
      <trkpt lat="34.333577249236875" lon="109.03774360517342">
        <ele>389.4288754956797</ele>
        <time>2022-03-18T11:30:39Z</time>
      </trkpt>
      <trkpt lat="34.33391517299716" lon="109.03714822956988">
        <ele>389.00704092439264</ele>
        <time>2022-03-18T11:30:45Z</time>
      </trkpt>
      <trkpt lat="34.33425114230602" lon="109.03655960237614">
        <ele>388.89604320470244</ele>
        <time>2022-03-18T11:30:51Z</time>
      </trkpt>
      <trkpt lat="34.33458914101975" lon="109.035966423457">
        <ele>388.0507580572739</ele>
        <time>2022-03-18T11:30:57Z</time>
      </trkpt>
      <trkpt lat="34.33493251062629" lon="109.03536781126675">
        <ele>388.0577854933217</ele>
        <time>2022-03-18T11:31:03Z</time>
      </trkpt>
      <trkpt lat="34.33526349689072" lon="109.03477075237934">
        <ele>388.2005239808932</ele>
        <time>2022-03-18T11:31:09Z</time>
      </trkpt>
      <trkpt lat="34.33559493158361" lon="109.03418577906204">
        <ele>388.2132069291547</ele>
        <time>2022-03-18T11:31:15Z</time>
      </trkpt>
      <trkpt lat="34.33591683723114" lon="109.03361253786906">
        <ele>387.89290991052985</ele>
        <time>2022-03-18T11:31:21Z</time>
      </trkpt>
      <trkpt lat="34.3362478752412" lon="109.03302941899177">
        <ele>387.9593038316816</ele>
        <time>2022-03-18T11:31:27Z</time>
      </trkpt>
      <trkpt lat="34.336590343439184" lon="109.03243688306424">
        <ele>387.4927918035537</ele>
        <time>2022-03-18T11:31:33Z</time>
      </trkpt>
      <trkpt lat="34.33692672252818" lon="109.03184897229622">
        <ele>386.9563328800723</ele>
        <time>2022-03-18T11:31:39Z</time>
      </trkpt>
      <trkpt lat="34.337248669036185" lon="109.03126381183029">
        <ele>387.118394494988</ele>
        <time>2022-03-18T11:31:45Z</time>
      </trkpt>
      <trkpt lat="34.33758580572918" lon="109.03067259603127">
        <ele>386.88842617720366</ele>
        <time>2022-03-18T11:31:51Z</time>
      </trkpt>
      <trkpt lat="34.33792014287614" lon="109.03009522306854">
        <ele>386.90129645261914</ele>
        <time>2022-03-18T11:31:57Z</time>
      </trkpt>
      <trkpt lat="34.338248498344065" lon="109.02951458333669">
        <ele>387.22323870286345</ele>
        <time>2022-03-18T11:32:03Z</time>
      </trkpt>
      <trkpt lat="34.338558739811575" lon="109.02896267340653">
        <ele>386.72392297070473</ele>
        <time>2022-03-18T11:32:09Z</time>
      </trkpt>
      <trkpt lat="34.338834693505916" lon="109.02841758594397">
        <ele>387.328832924366</ele>
        <time>2022-03-18T11:32:15Z</time>
      </trkpt>
      <trkpt lat="34.33892525286314" lon="109.02823868764621">
        <ele>387.4986169170588</ele>
        <time>2022-03-18T11:32:17Z</time>
      </trkpt>
      <trkpt lat="34.338995863514455" lon="109.02804776293058">
        <ele>386.9451233809814</ele>
        <time>2022-03-18T11:32:19Z</time>
      </trkpt>
      <trkpt lat="34.33909263440931" lon="109.0278631167696">
        <ele>387.0904220044613</ele>
        <time>2022-03-18T11:32:21Z</time>
      </trkpt>
      <trkpt lat="34.33942655143383" lon="109.0273522562721">
        <ele>386.3263264000416</ele>
        <time>2022-03-18T11:32:27Z</time>
      </trkpt>
      <trkpt lat="34.33979223981044" lon="109.02684212821954">
        <ele>385.6639478644356</ele>
        <time>2022-03-18T11:32:33Z</time>
      </trkpt>
      <trkpt lat="34.3401730289751" lon="109.02630960277868">
        <ele>385.58148833177984</ele>
        <time>2022-03-18T11:32:39Z</time>
      </trkpt>
      <trkpt lat="34.34055646864698" lon="109.02577372063094">
        <ele>385.2931425785646</ele>
        <time>2022-03-18T11:32:45Z</time>
      </trkpt>
      <trkpt lat="34.3409167416517" lon="109.02526716127767">
        <ele>385.34391126409173</ele>
        <time>2022-03-18T11:32:51Z</time>
      </trkpt>
      <trkpt lat="34.34122860026865" lon="109.02483062978416">
        <ele>385.5212945006788</ele>
        <time>2022-03-18T11:32:57Z</time>
      </trkpt>
      <trkpt lat="34.341575173197015" lon="109.02431929496707">
        <ele>385.1346447095275</ele>
        <time>2022-03-18T11:33:05Z</time>
      </trkpt>
      <trkpt lat="34.34155079077032" lon="109.02418642476142">
        <ele>385.346691259183</ele>
        <time>2022-03-18T11:33:07Z</time>
      </trkpt>
      <trkpt lat="34.341455173871246" lon="109.0241657237896">
        <ele>385.44482826069</ele>
        <time>2022-03-18T11:33:09Z</time>
      </trkpt>
      <trkpt lat="34.34141726227805" lon="109.02433871267995">
        <ele>385.62081515043974</ele>
        <time>2022-03-18T11:33:11Z</time>
      </trkpt>
      <trkpt lat="34.34132927784168" lon="109.0244542476428">
        <ele>385.3103502476588</ele>
        <time>2022-03-18T11:33:13Z</time>
      </trkpt>
      <trkpt lat="34.341117275630424" lon="109.02473273120845">
        <ele>385.1631155498326</ele>
        <time>2022-03-18T11:33:17Z</time>
      </trkpt>
      <trkpt lat="34.34097424089514" lon="109.0248779601399">
        <ele>384.90791606530547</ele>
        <time>2022-03-18T11:33:19Z</time>
      </trkpt>
      <trkpt lat="34.34086632169932" lon="109.02507098558253">
        <ele>384.99754503928125</ele>
        <time>2022-03-18T11:33:21Z</time>
      </trkpt>
      <trkpt lat="34.34050661097612" lon="109.02557282384917">
        <ele>385.2412953739986</ele>
        <time>2022-03-18T11:33:27Z</time>
      </trkpt>
      <trkpt lat="34.340146646433425" lon="109.02608141201077">
        <ele>385.1172981103882</ele>
        <time>2022-03-18T11:33:33Z</time>
      </trkpt>
      <trkpt lat="34.33978409151175" lon="109.02658110212418">
        <ele>386.494063324295</ele>
        <time>2022-03-18T11:33:39Z</time>
      </trkpt>
      <trkpt lat="34.33942257656183" lon="109.02708232891797">
        <ele>386.5361692663282</ele>
        <time>2022-03-18T11:33:45Z</time>
      </trkpt>
      <trkpt lat="34.33930054999217" lon="109.02724991769232">
        <ele>386.2877737991512</ele>
        <time>2022-03-18T11:33:47Z</time>
      </trkpt>
      <trkpt lat="34.33897705057825" lon="109.02779684565189">
        <ele>385.89842085074633</ele>
        <time>2022-03-18T11:33:53Z</time>
      </trkpt>
      <trkpt lat="34.33865240474456" lon="109.02833977586046">
        <ele>386.1534047257155</ele>
        <time>2022-03-18T11:33:59Z</time>
      </trkpt>
      <trkpt lat="34.33833693253297" lon="109.0288974704268">
        <ele>387.3567602308467</ele>
        <time>2022-03-18T11:34:05Z</time>
      </trkpt>
      <trkpt lat="34.33801807123172" lon="109.029459510618">
        <ele>386.7326576402411</ele>
        <time>2022-03-18T11:34:11Z</time>
      </trkpt>
      <trkpt lat="34.33769992383046" lon="109.03002090072638">
        <ele>386.32388582918793</ele>
        <time>2022-03-18T11:34:17Z</time>
      </trkpt>
      <trkpt lat="34.33736711478004" lon="109.03058488260044">
        <ele>386.9222862739116</ele>
        <time>2022-03-18T11:34:23Z</time>
      </trkpt>
      <trkpt lat="34.33705563309239" lon="109.0311299400213">
        <ele>386.0340197207406</ele>
        <time>2022-03-18T11:34:29Z</time>
      </trkpt>
      <trkpt lat="34.33674436033211" lon="109.03169565323054">
        <ele>386.812209318392</ele>
        <time>2022-03-18T11:34:35Z</time>
      </trkpt>
      <trkpt lat="34.33642654917504" lon="109.03224790475618">
        <ele>386.9359602909535</ele>
        <time>2022-03-18T11:34:41Z</time>
      </trkpt>
      <trkpt lat="34.33611620174547" lon="109.03279665208814">
        <ele>387.3565294025466</ele>
        <time>2022-03-18T11:34:47Z</time>
      </trkpt>
      <trkpt lat="34.3358019555422" lon="109.03334215110068">
        <ele>386.44752424024045</ele>
        <time>2022-03-18T11:34:53Z</time>
      </trkpt>
      <trkpt lat="34.33548974780889" lon="109.03389147239871">
        <ele>387.66141282301396</ele>
        <time>2022-03-18T11:34:59Z</time>
      </trkpt>
      <trkpt lat="34.335177699542555" lon="109.03444734590192">
        <ele>387.8877555401996</ele>
        <time>2022-03-18T11:35:05Z</time>
      </trkpt>
      <trkpt lat="34.334856264906065" lon="109.03500922220373">
        <ele>387.7665311694145</ele>
        <time>2022-03-18T11:35:11Z</time>
      </trkpt>
      <trkpt lat="34.33454647432712" lon="109.03557575081051">
        <ele>387.89762903470546</ele>
        <time>2022-03-18T11:35:17Z</time>
      </trkpt>
      <trkpt lat="34.33423498113096" lon="109.03613632455446">
        <ele>388.1390139628202</ele>
        <time>2022-03-18T11:35:23Z</time>
      </trkpt>
      <trkpt lat="34.33392350994127" lon="109.03669860250768">
        <ele>388.3800604091957</ele>
        <time>2022-03-18T11:35:29Z</time>
      </trkpt>
      <trkpt lat="34.333603173676245" lon="109.03725815991238">
        <ele>388.5272992160171</ele>
        <time>2022-03-18T11:35:35Z</time>
      </trkpt>
      <trkpt lat="34.33327970725751" lon="109.03781892038896">
        <ele>389.0840561846271</ele>
        <time>2022-03-18T11:35:41Z</time>
      </trkpt>
      <trkpt lat="34.33295718244916" lon="109.03837966506073">
        <ele>389.4217650722712</ele>
        <time>2022-03-18T11:35:47Z</time>
      </trkpt>
      <trkpt lat="34.33263779275969" lon="109.03894572905646">
        <ele>389.354136986658</ele>
        <time>2022-03-18T11:35:53Z</time>
      </trkpt>
      <trkpt lat="34.332322946485604" lon="109.0395114515291">
        <ele>389.63828746881336</ele>
        <time>2022-03-18T11:35:59Z</time>
      </trkpt>
      <trkpt lat="34.33200569214112" lon="109.0400777127049">
        <ele>390.0443880977109</ele>
        <time>2022-03-18T11:36:05Z</time>
      </trkpt>
      <trkpt lat="34.331675955540284" lon="109.04064223157933">
        <ele>389.8844329044223</ele>
        <time>2022-03-18T11:36:11Z</time>
      </trkpt>
      <trkpt lat="34.331357474909666" lon="109.04122190002188">
        <ele>389.27103792782873</ele>
        <time>2022-03-18T11:36:17Z</time>
      </trkpt>
      <trkpt lat="34.33118882675375" lon="109.04163804115915">
        <ele>389.37255696207285</ele>
        <time>2022-03-18T11:36:21Z</time>
      </trkpt>
      <trkpt lat="34.33086398662832" lon="109.0422173954801">
        <ele>389.13858481962234</ele>
        <time>2022-03-18T11:36:27Z</time>
      </trkpt>
      <trkpt lat="34.33054216132896" lon="109.0427903243904">
        <ele>389.1066050613299</ele>
        <time>2022-03-18T11:36:33Z</time>
      </trkpt>
      <trkpt lat="34.33022486375902" lon="109.04334367269318">
        <ele>388.8170823985711</ele>
        <time>2022-03-18T11:36:39Z</time>
      </trkpt>
      <trkpt lat="34.329906182128255" lon="109.04389638297408">
        <ele>389.4058528840542</ele>
        <time>2022-03-18T11:36:45Z</time>
      </trkpt>
      <trkpt lat="34.329589848147734" lon="109.04442822730097">
        <ele>389.3328396510333</ele>
        <time>2022-03-18T11:36:51Z</time>
      </trkpt>
      <trkpt lat="34.32927745222277" lon="109.04495836606064">
        <ele>386.5991747621447</ele>
        <time>2022-03-18T11:36:57Z</time>
      </trkpt>
      <trkpt lat="34.329003365906786" lon="109.04544131845746">
        <ele>389.1228590272367</ele>
        <time>2022-03-18T11:37:03Z</time>
      </trkpt>
      <trkpt lat="34.328913564569625" lon="109.04556421740142">
        <ele>390.0706611564383</ele>
        <time>2022-03-18T11:37:05Z</time>
      </trkpt>
      <trkpt lat="34.32894812505305" lon="109.04570860632818">
        <ele>389.86697044130415</ele>
        <time>2022-03-18T11:37:07Z</time>
      </trkpt>
      <trkpt lat="34.329060856377204" lon="109.04570810983239">
        <ele>390.4732447322458</ele>
        <time>2022-03-18T11:37:09Z</time>
      </trkpt>
      <trkpt lat="34.32914651661984" lon="109.04558003829203">
        <ele>390.927251172252</ele>
        <time>2022-03-18T11:37:11Z</time>
      </trkpt>
      <trkpt lat="34.32927738685518" lon="109.0452341358767">
        <ele>391.5807171361521</ele>
        <time>2022-03-18T11:37:15Z</time>
      </trkpt>
      <trkpt lat="34.329370590287354" lon="109.04504944250404">
        <ele>391.20158513356</ele>
        <time>2022-03-18T11:37:17Z</time>
      </trkpt>
      <trkpt lat="34.32970307452136" lon="109.04453365171791">
        <ele>386.968723859638</ele>
        <time>2022-03-18T11:37:23Z</time>
      </trkpt>
      <trkpt lat="34.33002038827155" lon="109.04396774365613">
        <ele>389.27577122393996</ele>
        <time>2022-03-18T11:37:29Z</time>
      </trkpt>
      <trkpt lat="34.33036203431354" lon="109.04338616970068">
        <ele>390.3531034467742</ele>
        <time>2022-03-18T11:37:35Z</time>
      </trkpt>
      <trkpt lat="34.33070745551369" lon="109.04278772954486">
        <ele>389.9696260979399</ele>
        <time>2022-03-18T11:37:41Z</time>
      </trkpt>
      <trkpt lat="34.33104361564731" lon="109.04220210425113">
        <ele>390.32280194107443</ele>
        <time>2022-03-18T11:37:47Z</time>
      </trkpt>
      <trkpt lat="34.331379490975586" lon="109.04161337718438">
        <ele>389.9111063973978</ele>
        <time>2022-03-18T11:37:53Z</time>
      </trkpt>
      <trkpt lat="34.331703638223296" lon="109.04102404877445">
        <ele>390.419480945915</ele>
        <time>2022-03-18T11:37:59Z</time>
      </trkpt>
      <trkpt lat="34.33203726052906" lon="109.04045044810813">
        <ele>390.2303787842393</ele>
        <time>2022-03-18T11:38:05Z</time>
      </trkpt>
      <trkpt lat="34.33237345432399" lon="109.03986403129045">
        <ele>390.1893558651209</ele>
        <time>2022-03-18T11:38:11Z</time>
      </trkpt>
      <trkpt lat="34.33271009112757" lon="109.03926380392642">
        <ele>390.1438697455451</ele>
        <time>2022-03-18T11:38:17Z</time>
      </trkpt>
      <trkpt lat="34.33305097551185" lon="109.0386637429418">
        <ele>389.7355950111523</ele>
        <time>2022-03-18T11:38:23Z</time>
      </trkpt>
      <trkpt lat="34.33340178123423" lon="109.03806039759185">
        <ele>389.6953343404457</ele>
        <time>2022-03-18T11:38:29Z</time>
      </trkpt>
      <trkpt lat="34.33374630405435" lon="109.03744141732814">
        <ele>389.5168572328985</ele>
        <time>2022-03-18T11:38:35Z</time>
      </trkpt>
      <trkpt lat="34.33410459444964" lon="109.03682655104983">
        <ele>388.4896007506177</ele>
        <time>2022-03-18T11:38:41Z</time>
      </trkpt>
      <trkpt lat="34.334459017203315" lon="109.0361872730499">
        <ele>388.85670543834567</ele>
        <time>2022-03-18T11:38:47Z</time>
      </trkpt>
      <trkpt lat="34.33480610395275" lon="109.03557095204349">
        <ele>388.31071301549673</ele>
        <time>2022-03-18T11:38:53Z</time>
      </trkpt>
      <trkpt lat="34.3351637304049" lon="109.0349448404727">
        <ele>388.8133182283491</ele>
        <time>2022-03-18T11:38:59Z</time>
      </trkpt>
      <trkpt lat="34.335520123926294" lon="109.03431714956403">
        <ele>387.41288020368665</ele>
        <time>2022-03-18T11:39:05Z</time>
      </trkpt>
      <trkpt lat="34.335863018966116" lon="109.03371273662596">
        <ele>388.2320739896968</ele>
        <time>2022-03-18T11:39:11Z</time>
      </trkpt>
      <trkpt lat="34.336206822734155" lon="109.03311835198409">
        <ele>388.14720271807164</ele>
        <time>2022-03-18T11:39:17Z</time>
      </trkpt>
      <trkpt lat="34.336421970821746" lon="109.03270227540912">
        <ele>388.0072533870116</ele>
        <time>2022-03-18T11:39:21Z</time>
      </trkpt>
      <trkpt lat="34.3367678219577" lon="109.03211022266954">
        <ele>387.2505480889231</ele>
        <time>2022-03-18T11:39:27Z</time>
      </trkpt>
      <trkpt lat="34.33710457310534" lon="109.03150610222104">
        <ele>386.66722528263927</ele>
        <time>2022-03-18T11:39:33Z</time>
      </trkpt>
      <trkpt lat="34.337437357878684" lon="109.03092616461026">
        <ele>387.6991435335949</ele>
        <time>2022-03-18T11:39:39Z</time>
      </trkpt>
      <trkpt lat="34.3377764232529" lon="109.03033734404228">
        <ele>386.3694099364802</ele>
        <time>2022-03-18T11:39:45Z</time>
      </trkpt>
      <trkpt lat="34.337993785578654" lon="109.02994667175004">
        <ele>388.9065479012206</ele>
        <time>2022-03-18T11:39:49Z</time>
      </trkpt>
      <trkpt lat="34.33834083071277" lon="109.02936701511295">
        <ele>387.1463814387098</ele>
        <time>2022-03-18T11:39:55Z</time>
      </trkpt>
      <trkpt lat="34.338669662629044" lon="109.02879429100477">
        <ele>387.7239555362612</ele>
        <time>2022-03-18T11:40:01Z</time>
      </trkpt>
      <trkpt lat="34.338766680409776" lon="109.02860837769569">
        <ele>387.7480454770848</ele>
        <time>2022-03-18T11:40:03Z</time>
      </trkpt>
      <trkpt lat="34.338927347553266" lon="109.02821485698587">
        <ele>387.5091018406674</ele>
        <time>2022-03-18T11:40:07Z</time>
      </trkpt>
      <trkpt lat="34.339233444859715" lon="109.0276602382682">
        <ele>386.8194041457027</ele>
        <time>2022-03-18T11:40:13Z</time>
      </trkpt>
      <trkpt lat="34.33959219636054" lon="109.02714397187603">
        <ele>385.85558368451893</ele>
        <time>2022-03-18T11:40:19Z</time>
      </trkpt>
      <trkpt lat="34.33975310285939" lon="109.02700509834814">
        <ele>385.61341930832714</ele>
        <time>2022-03-18T11:40:21Z</time>
      </trkpt>
      <trkpt lat="34.34000553711624" lon="109.0266515850321">
        <ele>385.4969191197306</ele>
        <time>2022-03-18T11:40:25Z</time>
      </trkpt>
      <trkpt lat="34.34039764481363" lon="109.02610258400223">
        <ele>385.3057793993503</ele>
        <time>2022-03-18T11:40:31Z</time>
      </trkpt>
      <trkpt lat="34.3405206694659" lon="109.02593031527498">
        <ele>385.1324648298323</ele>
        <time>2022-03-18T11:40:33Z</time>
      </trkpt>
      <trkpt lat="34.340643789032015" lon="109.02575788811993">
        <ele>385.10300146136433</ele>
        <time>2022-03-18T11:40:35Z</time>
      </trkpt>
      <trkpt lat="34.34087870416061" lon="109.0254289941199">
        <ele>385.3807710027322</ele>
        <time>2022-03-18T11:40:39Z</time>
      </trkpt>
      <trkpt lat="34.34099423667453" lon="109.02526723824325">
        <ele>385.6256881374866</ele>
        <time>2022-03-18T11:40:41Z</time>
      </trkpt>
      <trkpt lat="34.34106936020117" lon="109.02505771110341">
        <ele>385.74728084914386</ele>
        <time>2022-03-18T11:40:43Z</time>
      </trkpt>
      <trkpt lat="34.341399893477266" lon="109.02458673700677">
        <ele>386.1692043906078</ele>
        <time>2022-03-18T11:40:49Z</time>
      </trkpt>
      <trkpt lat="34.34158176679697" lon="109.0243283941109">
        <ele>385.4379986105487</ele>
        <time>2022-03-18T11:40:53Z</time>
      </trkpt>
      <trkpt lat="34.34154333372146" lon="109.02419560123715">
        <ele>385.50508624035865</ele>
        <time>2022-03-18T11:40:55Z</time>
      </trkpt>
      <trkpt lat="34.341427349410694" lon="109.02420754488926">
        <ele>385.88440625555813</ele>
        <time>2022-03-18T11:40:57Z</time>
      </trkpt>
      <trkpt lat="34.34137716053057" lon="109.02439142221908">
        <ele>385.76287669688463</ele>
        <time>2022-03-18T11:40:59Z</time>
      </trkpt>
      <trkpt lat="34.341016154743855" lon="109.02484244305052">
        <ele>385.98891060240567</ele>
        <time>2022-03-18T11:41:05Z</time>
      </trkpt>
      <trkpt lat="34.34063614159391" lon="109.02538815697102">
        <ele>385.5184647059068</ele>
        <time>2022-03-18T11:41:11Z</time>
      </trkpt>
      <trkpt lat="34.34025388794664" lon="109.0259151086653">
        <ele>385.7362355804071</ele>
        <time>2022-03-18T11:41:17Z</time>
      </trkpt>
      <trkpt lat="34.33986680539949" lon="109.02645767918361">
        <ele>385.7029844392091</ele>
        <time>2022-03-18T11:41:23Z</time>
      </trkpt>
      <trkpt lat="34.339475376839694" lon="109.02700747663559">
        <ele>386.58779956866056</ele>
        <time>2022-03-18T11:41:29Z</time>
      </trkpt>
      <trkpt lat="34.33934449099123" lon="109.02719259285817">
        <ele>385.6585564818233</ele>
        <time>2022-03-18T11:41:31Z</time>
      </trkpt>
      <trkpt lat="34.338984568112714" lon="109.0277802969557">
        <ele>385.96685317344964</ele>
        <time>2022-03-18T11:41:37Z</time>
      </trkpt>
      <trkpt lat="34.338657543621466" lon="109.02835176648102">
        <ele>386.1404390139505</ele>
        <time>2022-03-18T11:41:43Z</time>
      </trkpt>
      <trkpt lat="34.338341082103696" lon="109.02892491873946">
        <ele>386.82274464983493</ele>
        <time>2022-03-18T11:41:49Z</time>
      </trkpt>
      <trkpt lat="34.338021070093156" lon="109.02948850393588">
        <ele>385.5878645516932</ele>
        <time>2022-03-18T11:41:55Z</time>
      </trkpt>
      <trkpt lat="34.33769632386784" lon="109.0300526538992">
        <ele>386.0445318305865</ele>
        <time>2022-03-18T11:42:01Z</time>
      </trkpt>
      <trkpt lat="34.337370504236425" lon="109.03061899128684">
        <ele>386.5455832788721</ele>
        <time>2022-03-18T11:42:07Z</time>
      </trkpt>
      <trkpt lat="34.33705334585129" lon="109.03118438300343">
        <ele>387.03139339387417</ele>
        <time>2022-03-18T11:42:13Z</time>
      </trkpt>
      <trkpt lat="34.33673172012475" lon="109.03175030740263">
        <ele>387.34993450250477</ele>
        <time>2022-03-18T11:42:19Z</time>
      </trkpt>
      <trkpt lat="34.336413457218306" lon="109.03230766233885">
        <ele>387.2254116712138</ele>
        <time>2022-03-18T11:42:25Z</time>
      </trkpt>
      <trkpt lat="34.33610005358694" lon="109.03285894218945">
        <ele>387.2318105585873</ele>
        <time>2022-03-18T11:42:31Z</time>
      </trkpt>
      <trkpt lat="34.335777906603404" lon="109.03341967651582">
        <ele>387.2449433496222</ele>
        <time>2022-03-18T11:42:37Z</time>
      </trkpt>
      <trkpt lat="34.33545780731731" lon="109.03397684747897">
        <ele>387.4177778288722</ele>
        <time>2022-03-18T11:42:43Z</time>
      </trkpt>
      <trkpt lat="34.335146958183685" lon="109.03453250845288">
        <ele>387.60216874908656</ele>
        <time>2022-03-18T11:42:49Z</time>
      </trkpt>
      <trkpt lat="34.33483202044323" lon="109.03509680532868">
        <ele>388.1316221514717</ele>
        <time>2022-03-18T11:42:55Z</time>
      </trkpt>
      <trkpt lat="34.33452333761041" lon="109.03564633695468">
        <ele>388.16832029633224</ele>
        <time>2022-03-18T11:43:01Z</time>
      </trkpt>
      <trkpt lat="34.33422082405422" lon="109.03619289059537">
        <ele>388.2393845943734</ele>
        <time>2022-03-18T11:43:07Z</time>
      </trkpt>
      <trkpt lat="34.33390852173305" lon="109.03673554711943">
        <ele>388.1051990473643</ele>
        <time>2022-03-18T11:43:13Z</time>
      </trkpt>
      <trkpt lat="34.33359527041145" lon="109.0372942486677">
        <ele>388.2233439423144</ele>
        <time>2022-03-18T11:43:19Z</time>
      </trkpt>
      <trkpt lat="34.33327756238855" lon="109.03785662926956">
        <ele>388.864901304245</ele>
        <time>2022-03-18T11:43:25Z</time>
      </trkpt>
      <trkpt lat="34.33296661871006" lon="109.0383968281675">
        <ele>389.28257366176695</ele>
        <time>2022-03-18T11:43:31Z</time>
      </trkpt>
      <trkpt lat="34.33266249506112" lon="109.03892196873998">
        <ele>389.22101220022887</ele>
        <time>2022-03-18T11:43:37Z</time>
      </trkpt>
      <trkpt lat="34.332370659299684" lon="109.03945745199084">
        <ele>389.4275854546577</ele>
        <time>2022-03-18T11:43:43Z</time>
      </trkpt>
      <trkpt lat="34.33206578961083" lon="109.03998792108267">
        <ele>389.80989561323076</ele>
        <time>2022-03-18T11:43:49Z</time>
      </trkpt>
      <trkpt lat="34.33176774535664" lon="109.04051808881133">
        <ele>390.2889136262238</ele>
        <time>2022-03-18T11:43:55Z</time>
      </trkpt>
      <trkpt lat="34.33145928677874" lon="109.04105166218837">
        <ele>389.47111810557544</ele>
        <time>2022-03-18T11:44:01Z</time>
      </trkpt>
      <trkpt lat="34.331354305415644" lon="109.04123204986483">
        <ele>389.31447142455727</ele>
        <time>2022-03-18T11:44:03Z</time>
      </trkpt>
      <trkpt lat="34.33110194677635" lon="109.04181348750055">
        <ele>389.44112545996904</ele>
        <time>2022-03-18T11:44:09Z</time>
      </trkpt>
      <trkpt lat="34.33079563278098" lon="109.04234506339061">
        <ele>389.5541113112122</ele>
        <time>2022-03-18T11:44:15Z</time>
      </trkpt>
      <trkpt lat="34.330499841087466" lon="109.04286713891196">
        <ele>389.47020147927105</ele>
        <time>2022-03-18T11:44:21Z</time>
      </trkpt>
      <trkpt lat="34.33020241883206" lon="109.04337989432032">
        <ele>388.6159170838073</ele>
        <time>2022-03-18T11:44:27Z</time>
      </trkpt>
      <trkpt lat="34.32989499965141" lon="109.04389943284444">
        <ele>389.8187808925286</ele>
        <time>2022-03-18T11:44:33Z</time>
      </trkpt>
      <trkpt lat="34.32959471948536" lon="109.04441702903468">
        <ele>389.4599096775055</ele>
        <time>2022-03-18T11:44:39Z</time>
      </trkpt>
      <trkpt lat="34.32929021075899" lon="109.04493519355715">
        <ele>386.1566047007218</ele>
        <time>2022-03-18T11:44:45Z</time>
      </trkpt>
      <trkpt lat="34.32901881911683" lon="109.04544111711323">
        <ele>389.89105492364615</ele>
        <time>2022-03-18T11:44:51Z</time>
      </trkpt>
      <trkpt lat="34.328939697144634" lon="109.0455770884882">
        <ele>389.34174612537026</ele>
        <time>2022-03-18T11:44:53Z</time>
      </trkpt>
      <trkpt lat="34.32894454112349" lon="109.04571259801541">
        <ele>389.8200065670535</ele>
        <time>2022-03-18T11:44:55Z</time>
      </trkpt>
      <trkpt lat="34.32906807522656" lon="109.04575899694849">
        <ele>390.0843794280663</ele>
        <time>2022-03-18T11:44:57Z</time>
      </trkpt>
      <trkpt lat="34.32918291483122" lon="109.04564667441473">
        <ele>390.55963323637843</ele>
        <time>2022-03-18T11:44:59Z</time>
      </trkpt>
      <trkpt lat="34.329202826904854" lon="109.04545604050115">
        <ele>391.17289798986167</ele>
        <time>2022-03-18T11:45:01Z</time>
      </trkpt>
      <trkpt lat="34.329384973074745" lon="109.04509122896121">
        <ele>391.3766290033236</ele>
        <time>2022-03-18T11:45:05Z</time>
      </trkpt>
      <trkpt lat="34.32960625433735" lon="109.04474481300853">
        <ele>388.4687831029296</ele>
        <time>2022-03-18T11:45:09Z</time>
      </trkpt>
      <trkpt lat="34.32989999551085" lon="109.0441852681887">
        <ele>388.7549049695954</ele>
        <time>2022-03-18T11:45:15Z</time>
      </trkpt>
      <trkpt lat="34.33020424760041" lon="109.04368438770142">
        <ele>389.68251556903124</ele>
        <time>2022-03-18T11:45:21Z</time>
      </trkpt>
      <trkpt lat="34.330516928690855" lon="109.04313002038974">
        <ele>390.4716013101861</ele>
        <time>2022-03-18T11:45:27Z</time>
      </trkpt>
      <trkpt lat="34.330847489699444" lon="109.04255569338174">
        <ele>390.4672443307936</ele>
        <time>2022-03-18T11:45:33Z</time>
      </trkpt>
      <trkpt lat="34.33119596568077" lon="109.04196059566169">
        <ele>390.2009956780821</ele>
        <time>2022-03-18T11:45:39Z</time>
      </trkpt>
      <trkpt lat="34.33151740087039" lon="109.04138717581233">
        <ele>389.940374574624</ele>
        <time>2022-03-18T11:45:45Z</time>
      </trkpt>
      <trkpt lat="34.33184091713422" lon="109.04082280671624">
        <ele>390.5844293581322</ele>
        <time>2022-03-18T11:45:51Z</time>
      </trkpt>
      <trkpt lat="34.33216277291284" lon="109.04024217745814">
        <ele>390.81212084088475</ele>
        <time>2022-03-18T11:45:57Z</time>
      </trkpt>
      <trkpt lat="34.33250729324706" lon="109.03964284385299">
        <ele>390.36209667287767</ele>
        <time>2022-03-18T11:46:03Z</time>
      </trkpt>
      <trkpt lat="34.33284738766377" lon="109.03901606150771">
        <ele>390.7109459238127</ele>
        <time>2022-03-18T11:46:09Z</time>
      </trkpt>
      <trkpt lat="34.3331853236667" lon="109.0384158744152">
        <ele>389.848864486441</ele>
        <time>2022-03-18T11:46:15Z</time>
      </trkpt>
      <trkpt lat="34.33353769582617" lon="109.03781499031179">
        <ele>390.0660075014457</ele>
        <time>2022-03-18T11:46:21Z</time>
      </trkpt>
      <trkpt lat="34.33388536543444" lon="109.0372191514502">
        <ele>389.77302334364504</ele>
        <time>2022-03-18T11:46:27Z</time>
      </trkpt>
      <trkpt lat="34.33423691506131" lon="109.03660621505655">
        <ele>388.39490326307714</ele>
        <time>2022-03-18T11:46:33Z</time>
      </trkpt>
      <trkpt lat="34.33457915833785" lon="109.03599735618711">
        <ele>388.1213723011315</ele>
        <time>2022-03-18T11:46:39Z</time>
      </trkpt>
      <trkpt lat="34.33492376266083" lon="109.03537364759542">
        <ele>388.16177055984735</ele>
        <time>2022-03-18T11:46:45Z</time>
      </trkpt>
      <trkpt lat="34.33527974309421" lon="109.03473481916728">
        <ele>388.2394992746413</ele>
        <time>2022-03-18T11:46:51Z</time>
      </trkpt>
      <trkpt lat="34.33564866683086" lon="109.03409754733593">
        <ele>388.29646159149706</ele>
        <time>2022-03-18T11:46:57Z</time>
      </trkpt>
      <trkpt lat="34.33600933478782" lon="109.03348173675752">
        <ele>387.58978901430964</ele>
        <time>2022-03-18T11:47:03Z</time>
      </trkpt>
      <trkpt lat="34.336357379016206" lon="109.03285750570993">
        <ele>387.3519345521927</ele>
        <time>2022-03-18T11:47:09Z</time>
      </trkpt>
      <trkpt lat="34.336705498629904" lon="109.03224503705569">
        <ele>387.5041144127026</ele>
        <time>2022-03-18T11:47:15Z</time>
      </trkpt>
      <trkpt lat="34.33704687937926" lon="109.03163040633868">
        <ele>387.11202456709</ele>
        <time>2022-03-18T11:47:21Z</time>
      </trkpt>
      <trkpt lat="34.33738535229322" lon="109.03103549413176">
        <ele>388.14079513121396</ele>
        <time>2022-03-18T11:47:27Z</time>
      </trkpt>
      <trkpt lat="34.3374982027018" lon="109.0308408692536">
        <ele>387.77736523002386</ele>
        <time>2022-03-18T11:47:29Z</time>
      </trkpt>
      <trkpt lat="34.337843078975695" lon="109.03025189610854">
        <ele>387.46106895711273</ele>
        <time>2022-03-18T11:47:35Z</time>
      </trkpt>
      <trkpt lat="34.33817762477953" lon="109.02965723651972">
        <ele>387.7691920483485</ele>
        <time>2022-03-18T11:47:41Z</time>
      </trkpt>
      <trkpt lat="34.33849982601104" lon="109.02906778361566">
        <ele>387.50814641360193</ele>
        <time>2022-03-18T11:47:47Z</time>
      </trkpt>
      <trkpt lat="34.338814827053056" lon="109.0284932153486">
        <ele>387.9090381190181</ele>
        <time>2022-03-18T11:47:53Z</time>
      </trkpt>
      <trkpt lat="34.339097408787254" lon="109.02789750902916">
        <ele>387.8878937307745</ele>
        <time>2022-03-18T11:47:59Z</time>
      </trkpt>
      <trkpt lat="34.33946279341772" lon="109.02734034492717">
        <ele>386.7723447633907</ele>
        <time>2022-03-18T11:48:05Z</time>
      </trkpt>
      <trkpt lat="34.339855662409654" lon="109.0267684689166">
        <ele>386.16950144059956</ele>
        <time>2022-03-18T11:48:11Z</time>
      </trkpt>
      <trkpt lat="34.34024374702233" lon="109.0262219176269">
        <ele>385.95177758764476</ele>
        <time>2022-03-18T11:48:17Z</time>
      </trkpt>
      <trkpt lat="34.34062532330887" lon="109.0256702667196">
        <ele>385.3959778463468</ele>
        <time>2022-03-18T11:48:23Z</time>
      </trkpt>
      <trkpt lat="34.341004220872705" lon="109.02515094403381">
        <ele>385.87646103464067</ele>
        <time>2022-03-18T11:48:29Z</time>
      </trkpt>
      <trkpt lat="34.34133964558411" lon="109.02467060738029">
        <ele>385.86374097969383</ele>
        <time>2022-03-18T11:48:35Z</time>
      </trkpt>
      <trkpt lat="34.341545131159954" lon="109.02438882004135">
        <ele>386.29455101210624</ele>
        <time>2022-03-18T11:48:39Z</time>
      </trkpt>
      <trkpt lat="34.34160499028598" lon="109.02426784104166">
        <ele>385.8899079943076</ele>
        <time>2022-03-18T11:48:41Z</time>
      </trkpt>
      <trkpt lat="34.34154277126341" lon="109.02414938181921">
        <ele>386.95826964173466</ele>
        <time>2022-03-18T11:48:43Z</time>
      </trkpt>
      <trkpt lat="34.34140776592065" lon="109.024203994583">
        <ele>387.4252920150757</ele>
        <time>2022-03-18T11:48:45Z</time>
      </trkpt>
      <trkpt lat="34.341356554535615" lon="109.02441838587771">
        <ele>386.16606762446463</ele>
        <time>2022-03-18T11:48:47Z</time>
      </trkpt>
      <trkpt lat="34.3412363078258" lon="109.02452495359785">
        <ele>384.7558827586472</ele>
        <time>2022-03-18T11:48:49Z</time>
      </trkpt>
      <trkpt lat="34.34090162951499" lon="109.02501299966765">
        <ele>385.3346284115687</ele>
        <time>2022-03-18T11:48:55Z</time>
      </trkpt>
      <trkpt lat="34.340545634785364" lon="109.02553833338442">
        <ele>385.7187622729689</ele>
        <time>2022-03-18T11:49:01Z</time>
      </trkpt>
      <trkpt lat="34.340174383693856" lon="109.02606319548431">
        <ele>386.09381434880197</ele>
        <time>2022-03-18T11:49:07Z</time>
      </trkpt>
      <trkpt lat="34.33980870282493" lon="109.02658976220943">
        <ele>385.9468705309555</ele>
        <time>2022-03-18T11:49:13Z</time>
      </trkpt>
      <trkpt lat="34.33943907873225" lon="109.02711271989166">
        <ele>386.31157757900655</ele>
        <time>2022-03-18T11:49:19Z</time>
      </trkpt>
      <trkpt lat="34.33906624193756" lon="109.02764784861397">
        <ele>386.01754633616656</ele>
        <time>2022-03-18T11:49:25Z</time>
      </trkpt>
      <trkpt lat="34.33872999272347" lon="109.02822634654125">
        <ele>386.71435785107315</ele>
        <time>2022-03-18T11:49:31Z</time>
      </trkpt>
      <trkpt lat="34.33841029598926" lon="109.02881686867258">
        <ele>386.98839518707246</ele>
        <time>2022-03-18T11:49:37Z</time>
      </trkpt>
      <trkpt lat="34.338200492485846" lon="109.029213035159">
        <ele>387.07944645825773</ele>
        <time>2022-03-18T11:49:41Z</time>
      </trkpt>
      <trkpt lat="34.33785054894915" lon="109.02979123942309">
        <ele>386.9580041319132</ele>
        <time>2022-03-18T11:49:47Z</time>
      </trkpt>
      <trkpt lat="34.33751002572163" lon="109.03038474537821">
        <ele>386.73472542874515</ele>
        <time>2022-03-18T11:49:53Z</time>
      </trkpt>
      <trkpt lat="34.33717945038393" lon="109.03096596383267">
        <ele>387.14602743741125</ele>
        <time>2022-03-18T11:49:59Z</time>
      </trkpt>
      <trkpt lat="34.336845843804916" lon="109.03155144059453">
        <ele>387.39476613420993</ele>
        <time>2022-03-18T11:50:05Z</time>
      </trkpt>
      <trkpt lat="34.33652217581465" lon="109.03213240543464">
        <ele>387.81679199263453</ele>
        <time>2022-03-18T11:50:11Z</time>
      </trkpt>
      <trkpt lat="34.33619320252052" lon="109.03270358279578">
        <ele>387.8814205667004</ele>
        <time>2022-03-18T11:50:17Z</time>
      </trkpt>
      <trkpt lat="34.33587230619303" lon="109.03328453430986">
        <ele>387.47470091469586</ele>
        <time>2022-03-18T11:50:23Z</time>
      </trkpt>
      <trkpt lat="34.335535627823354" lon="109.03386350069503">
        <ele>388.0370388068259</ele>
        <time>2022-03-18T11:50:29Z</time>
      </trkpt>
      <trkpt lat="34.33520014650163" lon="109.03444675235015">
        <ele>387.89119716361165</ele>
        <time>2022-03-18T11:50:35Z</time>
      </trkpt>
      <trkpt lat="34.33487419594965" lon="109.03503755170155">
        <ele>388.0841536987573</ele>
        <time>2022-03-18T11:50:41Z</time>
      </trkpt>
      <trkpt lat="34.334545028290734" lon="109.035610160117">
        <ele>387.5076687382534</ele>
        <time>2022-03-18T11:50:47Z</time>
      </trkpt>
      <trkpt lat="34.33422377156887" lon="109.03617864099544">
        <ele>388.1271230932325</ele>
        <time>2022-03-18T11:50:53Z</time>
      </trkpt>
      <trkpt lat="34.33392313622726" lon="109.03675610044095">
        <ele>388.2342181587592</ele>
        <time>2022-03-18T11:50:59Z</time>
      </trkpt>
      <trkpt lat="34.33359375130215" lon="109.03733458197608">
        <ele>388.6360580381006</ele>
        <time>2022-03-18T11:51:05Z</time>
      </trkpt>
      <trkpt lat="34.33326420079457" lon="109.03791385645712">
        <ele>389.26803539600223</ele>
        <time>2022-03-18T11:51:11Z</time>
      </trkpt>
      <trkpt lat="34.33293515939356" lon="109.03848206853536">
        <ele>389.4363440275192</ele>
        <time>2022-03-18T11:51:17Z</time>
      </trkpt>
      <trkpt lat="34.332604908384745" lon="109.03904127052957">
        <ele>389.4763151947409</ele>
        <time>2022-03-18T11:51:23Z</time>
      </trkpt>
      <trkpt lat="34.33228739701077" lon="109.03961323700419">
        <ele>389.8365575764328</ele>
        <time>2022-03-18T11:51:29Z</time>
      </trkpt>
      <trkpt lat="34.3319702949676" lon="109.04017028205455">
        <ele>390.54417718574405</ele>
        <time>2022-03-18T11:51:35Z</time>
      </trkpt>
      <trkpt lat="34.33166879395815" lon="109.04070616241984">
        <ele>390.60866517946124</ele>
        <time>2022-03-18T11:51:41Z</time>
      </trkpt>
      <trkpt lat="34.331370280786494" lon="109.04123127914362">
        <ele>389.60944221448153</ele>
        <time>2022-03-18T11:51:47Z</time>
      </trkpt>
      <trkpt lat="34.33119199774568" lon="109.04159388189207">
        <ele>390.4920312361792</ele>
        <time>2022-03-18T11:51:51Z</time>
      </trkpt>
      <trkpt lat="34.331118772256005" lon="109.04177811870599">
        <ele>389.974737752229</ele>
        <time>2022-03-18T11:51:53Z</time>
      </trkpt>
      <trkpt lat="34.331044313825494" lon="109.04196548886235">
        <ele>389.8224689895287</ele>
        <time>2022-03-18T11:51:55Z</time>
      </trkpt>
      <trkpt lat="34.33075000301214" lon="109.04247529217443">
        <ele>390.1087513016537</ele>
        <time>2022-03-18T11:52:01Z</time>
      </trkpt>
      <trkpt lat="34.3304595946548" lon="109.04297106489587">
        <ele>389.81635174620897</ele>
        <time>2022-03-18T11:52:07Z</time>
      </trkpt>
      <trkpt lat="34.33017202851092" lon="109.04348066220564">
        <ele>390.56091168895364</ele>
        <time>2022-03-18T11:52:13Z</time>
      </trkpt>
      <trkpt lat="34.32988089810792" lon="109.0439861543998">
        <ele>389.70561392977834</ele>
        <time>2022-03-18T11:52:19Z</time>
      </trkpt>
      <trkpt lat="34.32958532485304" lon="109.04448387094557">
        <ele>389.59390145912766</ele>
        <time>2022-03-18T11:52:25Z</time>
      </trkpt>
      <trkpt lat="34.32930432694719" lon="109.04496852155778">
        <ele>386.68687094096094</ele>
        <time>2022-03-18T11:52:31Z</time>
      </trkpt>
      <trkpt lat="34.32912958042974" lon="109.04530229140993">
        <ele>388.109672264196</ele>
        <time>2022-03-18T11:52:35Z</time>
      </trkpt>
      <trkpt lat="34.32893608069493" lon="109.04557267342892">
        <ele>389.6728098280728</ele>
        <time>2022-03-18T11:52:39Z</time>
      </trkpt>
      <trkpt lat="34.328929202805114" lon="109.04571990392698">
        <ele>390.08607202302665</ele>
        <time>2022-03-18T11:52:41Z</time>
      </trkpt>
      <trkpt lat="34.329022278105654" lon="109.04576772107194">
        <ele>389.7742941901088</ele>
        <time>2022-03-18T11:52:43Z</time>
      </trkpt>
      <trkpt lat="34.329156350195134" lon="109.04564761913085">
        <ele>390.77471532393247</ele>
        <time>2022-03-18T11:52:45Z</time>
      </trkpt>
      <trkpt lat="34.32920681640591" lon="109.04546522234133">
        <ele>391.9255741192028</ele>
        <time>2022-03-18T11:52:47Z</time>
      </trkpt>
      <trkpt lat="34.32947544143961" lon="109.04495790533883">
        <ele>391.2609919877723</ele>
        <time>2022-03-18T11:52:53Z</time>
      </trkpt>
      <trkpt lat="34.329796669324864" lon="109.04441809310259">
        <ele>388.1424390198663</ele>
        <time>2022-03-18T11:52:59Z</time>
      </trkpt>
      <trkpt lat="34.330116073827384" lon="109.0438596344757">
        <ele>390.3998782020062</ele>
        <time>2022-03-18T11:53:05Z</time>
      </trkpt>
      <trkpt lat="34.3304349006262" lon="109.04329641298622">
        <ele>390.84685717336833</ele>
        <time>2022-03-18T11:53:11Z</time>
      </trkpt>
      <trkpt lat="34.330762429364306" lon="109.04271898180049">
        <ele>390.6568863457069</ele>
        <time>2022-03-18T11:53:17Z</time>
      </trkpt>
      <trkpt lat="34.330883036303526" lon="109.0425257468556">
        <ele>391.1546223415062</ele>
        <time>2022-03-18T11:53:19Z</time>
      </trkpt>
      <trkpt lat="34.33119975007948" lon="109.04194733226218">
        <ele>390.70647109206766</ele>
        <time>2022-03-18T11:53:25Z</time>
      </trkpt>
      <trkpt lat="34.331425327787215" lon="109.04156907943423">
        <ele>390.36588941235095</ele>
        <time>2022-03-18T11:53:29Z</time>
      </trkpt>
      <trkpt lat="34.331519470299" lon="109.04136960003305">
        <ele>390.1241904357448</ele>
        <time>2022-03-18T11:53:31Z</time>
      </trkpt>
      <trkpt lat="34.33163824918143" lon="109.0411986439288">
        <ele>390.62929648533463</ele>
        <time>2022-03-18T11:53:33Z</time>
      </trkpt>
      <trkpt lat="34.33195537224237" lon="109.04061613400013">
        <ele>391.14447258692235</ele>
        <time>2022-03-18T11:53:39Z</time>
      </trkpt>
      <trkpt lat="34.332284202096915" lon="109.04004754916838">
        <ele>391.1202863911167</ele>
        <time>2022-03-18T11:53:45Z</time>
      </trkpt>
      <trkpt lat="34.33261364635705" lon="109.0394639537757">
        <ele>391.00160214677453</ele>
        <time>2022-03-18T11:53:51Z</time>
      </trkpt>
      <trkpt lat="34.33285442851496" lon="109.03909357009243">
        <ele>391.45026078727096</ele>
        <time>2022-03-18T11:53:55Z</time>
      </trkpt>
      <trkpt lat="34.33306501238093" lon="109.03869709413041">
        <ele>390.7603921648115</ele>
        <time>2022-03-18T11:53:59Z</time>
      </trkpt>
      <trkpt lat="34.33339666813336" lon="109.03811871743729">
        <ele>390.34459895361215</ele>
        <time>2022-03-18T11:54:05Z</time>
      </trkpt>
      <trkpt lat="34.333717380124455" lon="109.03754170073887">
        <ele>389.81971132569015</ele>
        <time>2022-03-18T11:54:11Z</time>
      </trkpt>
      <trkpt lat="34.334055055666724" lon="109.03695112863346">
        <ele>388.98002850078046</ele>
        <time>2022-03-18T11:54:17Z</time>
      </trkpt>
      <trkpt lat="34.33439570594485" lon="109.03635999000964">
        <ele>388.5530593758449</ele>
        <time>2022-03-18T11:54:23Z</time>
      </trkpt>
      <trkpt lat="34.33472980920214" lon="109.03575774981596">
        <ele>388.5673400424421</ele>
        <time>2022-03-18T11:54:29Z</time>
      </trkpt>
      <trkpt lat="34.33505923050346" lon="109.0351674504857">
        <ele>388.44432677701116</ele>
        <time>2022-03-18T11:54:35Z</time>
      </trkpt>
      <trkpt lat="34.33539620593816" lon="109.03457452298164">
        <ele>389.03613062854856</ele>
        <time>2022-03-18T11:54:41Z</time>
      </trkpt>
      <trkpt lat="34.33572675062998" lon="109.03399436416798">
        <ele>388.68756309337914</ele>
        <time>2022-03-18T11:54:47Z</time>
      </trkpt>
      <trkpt lat="34.3360490703076" lon="109.0334247569393">
        <ele>388.63603722676635</ele>
        <time>2022-03-18T11:54:53Z</time>
      </trkpt>
      <trkpt lat="34.33637344156164" lon="109.03284731605811">
        <ele>388.1473012184724</ele>
        <time>2022-03-18T11:54:59Z</time>
      </trkpt>
      <trkpt lat="34.33669410927648" lon="109.03225623029175">
        <ele>387.9005239987746</ele>
        <time>2022-03-18T11:55:05Z</time>
      </trkpt>
      <trkpt lat="34.337015445132536" lon="109.03169139562945">
        <ele>387.52046670764685</ele>
        <time>2022-03-18T11:55:11Z</time>
      </trkpt>
      <trkpt lat="34.337329699279735" lon="109.03112663093398">
        <ele>387.79843562841415</ele>
        <time>2022-03-18T11:55:17Z</time>
      </trkpt>
      <trkpt lat="34.33765774917784" lon="109.03055589366951">
        <ele>387.24632068909705</ele>
        <time>2022-03-18T11:55:23Z</time>
      </trkpt>
      <trkpt lat="34.33798249625023" lon="109.03001597208447">
        <ele>386.9266961896792</ele>
        <time>2022-03-18T11:55:29Z</time>
      </trkpt>
      <trkpt lat="34.338294187063276" lon="109.02946287810795">
        <ele>387.05229625385255</ele>
        <time>2022-03-18T11:55:35Z</time>
      </trkpt>
      <trkpt lat="34.338610982471245" lon="109.02891476857877">
        <ele>387.4586713248864</ele>
        <time>2022-03-18T11:55:41Z</time>
      </trkpt>
      <trkpt lat="34.338902527451246" lon="109.02834857851545">
        <ele>387.8300927178934</ele>
        <time>2022-03-18T11:55:47Z</time>
      </trkpt>
      <trkpt lat="34.33917469512626" lon="109.02780824422648">
        <ele>387.45856679417193</ele>
        <time>2022-03-18T11:55:53Z</time>
      </trkpt>
      <trkpt lat="34.33947986833611" lon="109.02733573141666">
        <ele>386.6111181015149</ele>
        <time>2022-03-18T11:55:59Z</time>
      </trkpt>
      <trkpt lat="34.33977069250054" lon="109.02692628588535">
        <ele>385.28816719632596</ele>
        <time>2022-03-18T11:56:05Z</time>
      </trkpt>
      <trkpt lat="34.34014231590031" lon="109.02640134872732">
        <ele>385.53892680164427</ele>
        <time>2022-03-18T11:56:13Z</time>
      </trkpt>
      <trkpt lat="34.340254944778636" lon="109.02630225037824">
        <ele>385.7280191425234</ele>
        <time>2022-03-18T11:56:15Z</time>
      </trkpt>
      <trkpt lat="34.340595839826584" lon="109.02582496264095">
        <ele>385.8639401802793</ele>
        <time>2022-03-18T11:56:23Z</time>
      </trkpt>
      <trkpt lat="34.340677713812454" lon="109.02571033029882">
        <ele>385.80894385278225</ele>
        <time>2022-03-18T11:56:25Z</time>
      </trkpt>
      <trkpt lat="34.34073056286442" lon="109.02556412609512">
        <ele>385.8210097150877</ele>
        <time>2022-03-18T11:56:27Z</time>
      </trkpt>
      <trkpt lat="34.34097105173446" lon="109.02522446631215">
        <ele>386.3413917571306</ele>
        <time>2022-03-18T11:56:33Z</time>
      </trkpt>
      <trkpt lat="34.341079758013926" lon="109.0251474151195">
        <ele>386.5289861438796</ele>
        <time>2022-03-18T11:56:35Z</time>
      </trkpt>
      <trkpt lat="34.341157846859986" lon="109.02504470040883">
        <ele>386.645060419105</ele>
        <time>2022-03-18T11:56:37Z</time>
      </trkpt>
      <trkpt lat="34.341198703921435" lon="109.02491130409685">
        <ele>386.67730422876775</ele>
        <time>2022-03-18T11:56:39Z</time>
      </trkpt>
      <trkpt lat="34.341529113723375" lon="109.0244334233832">
        <ele>386.1782516222447</ele>
        <time>2022-03-18T11:56:49Z</time>
      </trkpt>
      <trkpt lat="34.34159089920013" lon="109.02434261653772">
        <ele>385.83520571608096</ele>
        <time>2022-03-18T11:56:51Z</time>
      </trkpt>
      <trkpt lat="34.34168587645472" lon="109.02431079513961">
        <ele>385.8307707756758</ele>
        <time>2022-03-18T11:56:55Z</time>
      </trkpt>
      <trkpt lat="34.341479489647085" lon="109.02406541488428">
        <ele>385.7101701796055</ele>
        <time>2022-03-18T11:56:59Z</time>
      </trkpt>
      <trkpt lat="34.34147329724182" lon="109.0239894610241">
        <ele>386.4827520083636</ele>
        <time>2022-03-18T11:57:09Z</time>
      </trkpt>
      <trkpt lat="34.34159373893384" lon="109.02380578713445">
        <ele>387.2222648439929</ele>
        <time>2022-03-18T12:02:00Z</time>
      </trkpt>
      <trkpt lat="34.34158452806275" lon="109.02363653294597">
        <ele>387.3604368651286</ele>
        <time>2022-03-18T12:02:04Z</time>
      </trkpt>
      <trkpt lat="34.34125679433233" lon="109.02327080870317">
        <ele>386.72230450809</ele>
        <time>2022-03-18T12:02:14Z</time>
      </trkpt>
      <trkpt lat="34.34088244855795" lon="109.02289177447625">
        <ele>387.4363188846037</ele>
        <time>2022-03-18T12:02:24Z</time>
      </trkpt>
      <trkpt lat="34.34052569981425" lon="109.0225210638399">
        <ele>386.5955109940842</ele>
        <time>2022-03-18T12:02:34Z</time>
      </trkpt>
      <trkpt lat="34.34017440070968" lon="109.02215657116174">
        <ele>384.98943418450654</ele>
        <time>2022-03-18T12:02:44Z</time>
      </trkpt>
      <trkpt lat="34.339841260626045" lon="109.02182062716055">
        <ele>383.45799632556736</ele>
        <time>2022-03-18T12:02:52Z</time>
      </trkpt>
      <trkpt lat="34.339511283552305" lon="109.02147548887118">
        <ele>385.4222335303202</ele>
        <time>2022-03-18T12:03:02Z</time>
      </trkpt>
      <trkpt lat="34.33917530838367" lon="109.02114303954775">
        <ele>388.1704046037048</ele>
        <time>2022-03-18T12:03:12Z</time>
      </trkpt>
      <trkpt lat="34.33882845517336" lon="109.02077258710554">
        <ele>387.761944568716</ele>
        <time>2022-03-18T12:03:22Z</time>
      </trkpt>
      <trkpt lat="34.338478820967445" lon="109.02040959150713">
        <ele>385.34191867522895</ele>
        <time>2022-03-18T12:03:32Z</time>
      </trkpt>
      <trkpt lat="34.33809915966795" lon="109.02003126204954">
        <ele>383.47940793726593</ele>
        <time>2022-03-18T12:03:42Z</time>
      </trkpt>
      <trkpt lat="34.33774580378335" lon="109.0196649549935">
        <ele>382.20824479777366</ele>
        <time>2022-03-18T12:03:51Z</time>
      </trkpt>
      <trkpt lat="34.33740301300203" lon="109.01930718848183">
        <ele>382.1868613343686</ele>
        <time>2022-03-18T12:03:59Z</time>
      </trkpt>
      <trkpt lat="34.337041455902465" lon="109.01893739226205">
        <ele>382.27309789601713</ele>
        <time>2022-03-18T12:04:07Z</time>
      </trkpt>
      <trkpt lat="34.33667413802854" lon="109.01856377460432">
        <ele>381.499698728323</ele>
        <time>2022-03-18T12:04:15Z</time>
      </trkpt>
      <trkpt lat="34.336296527341815" lon="109.01817405509136">
        <ele>381.37107392400503</ele>
        <time>2022-03-18T12:04:23Z</time>
      </trkpt>
      <trkpt lat="34.33590439225157" lon="109.01778446474292">
        <ele>382.31400379817933</ele>
        <time>2022-03-18T12:04:31Z</time>
      </trkpt>
      <trkpt lat="34.33561788863229" lon="109.01751202732373">
        <ele>384.5930191259831</ele>
        <time>2022-03-18T12:04:37Z</time>
      </trkpt>
      <trkpt lat="34.33545609834982" lon="109.01728868109853">
        <ele>385.6334012756124</ele>
        <time>2022-03-18T12:04:41Z</time>
      </trkpt>
      <trkpt lat="34.33509388102773" lon="109.01685575178709">
        <ele>386.37774237059057</ele>
        <time>2022-03-18T12:04:49Z</time>
      </trkpt>
      <trkpt lat="34.33473965913929" lon="109.01640753318237">
        <ele>387.0654118042439</ele>
        <time>2022-03-18T12:04:57Z</time>
      </trkpt>
      <trkpt lat="34.334381816367305" lon="109.01596471470488">
        <ele>387.28591473121196</ele>
        <time>2022-03-18T12:05:05Z</time>
      </trkpt>
      <trkpt lat="34.334057610860896" lon="109.0155355007482">
        <ele>386.71434365492314</ele>
        <time>2022-03-18T12:05:13Z</time>
      </trkpt>
      <trkpt lat="34.333762292556074" lon="109.01510565225625">
        <ele>387.70095405727625</ele>
        <time>2022-03-18T12:05:21Z</time>
      </trkpt>
      <trkpt lat="34.333513032533375" lon="109.0146764644777">
        <ele>388.04662891849875</ele>
        <time>2022-03-18T12:05:29Z</time>
      </trkpt>
      <trkpt lat="34.333280798654094" lon="109.01422692864165">
        <ele>388.5315164839849</ele>
        <time>2022-03-18T12:05:37Z</time>
      </trkpt>
      <trkpt lat="34.33300346681264" lon="109.01369408533277">
        <ele>388.40200203377753</ele>
        <time>2022-03-18T12:05:47Z</time>
      </trkpt>
      <trkpt lat="34.3327548313949" lon="109.01323973054299">
        <ele>388.3554019415751</ele>
        <time>2022-03-18T12:05:55Z</time>
      </trkpt>
      <trkpt lat="34.33268987430445" lon="109.01311174094218">
        <ele>387.76728202868253</ele>
        <time>2022-03-18T12:05:57Z</time>
      </trkpt>
      <trkpt lat="34.33259455749489" lon="109.01283360885023">
        <ele>387.61992574855685</ele>
        <time>2022-03-18T12:06:01Z</time>
      </trkpt>
      <trkpt lat="34.33246864158953" lon="109.01257659885091">
        <ele>387.9660233743489</ele>
        <time>2022-03-18T12:06:05Z</time>
      </trkpt>
      <trkpt lat="34.33226972095919" lon="109.01219314910738">
        <ele>388.1022449573502</ele>
        <time>2022-03-18T12:06:11Z</time>
      </trkpt>
      <trkpt lat="34.332073959380004" lon="109.01163012442521">
        <ele>387.45468585845083</ele>
        <time>2022-03-18T12:06:19Z</time>
      </trkpt>
      <trkpt lat="34.33188587340984" lon="109.0110454428968">
        <ele>386.65304670948535</ele>
        <time>2022-03-18T12:06:27Z</time>
      </trkpt>
      <trkpt lat="34.33182995504669" lon="109.01075819921557">
        <ele>386.1747554978356</ele>
        <time>2022-03-18T12:06:31Z</time>
      </trkpt>
      <trkpt lat="34.33184790149245" lon="109.01064106578166">
        <ele>385.7086482597515</ele>
        <time>2022-03-18T12:06:33Z</time>
      </trkpt>
      <trkpt lat="34.33184565449485" lon="109.0105085345823">
        <ele>385.77018060162663</ele>
        <time>2022-03-18T12:06:35Z</time>
      </trkpt>
      <trkpt lat="34.331803669078724" lon="109.01024261491644">
        <ele>385.8128730459139</ele>
        <time>2022-03-18T12:06:39Z</time>
      </trkpt>
      <trkpt lat="34.3317631727838" lon="109.00970058013677">
        <ele>387.1157896993682</ele>
        <time>2022-03-18T12:06:47Z</time>
      </trkpt>
      <trkpt lat="34.331729401297615" lon="109.00911452153517">
        <ele>386.88471008837223</ele>
        <time>2022-03-18T12:06:55Z</time>
      </trkpt>
      <trkpt lat="34.33174038716944" lon="109.00852905454049">
        <ele>385.9242430618033</ele>
        <time>2022-03-18T12:07:03Z</time>
      </trkpt>
      <trkpt lat="34.33174773568534" lon="109.00798353010285">
        <ele>386.9959910577163</ele>
        <time>2022-03-18T12:07:11Z</time>
      </trkpt>
      <trkpt lat="34.331772919798865" lon="109.00744061265004">
        <ele>387.08676919713616</ele>
        <time>2022-03-18T12:07:19Z</time>
      </trkpt>
      <trkpt lat="34.33176471122381" lon="109.00690144186653">
        <ele>387.3465355159715</ele>
        <time>2022-03-18T12:07:27Z</time>
      </trkpt>
      <trkpt lat="34.331760052132495" lon="109.0062824126715">
        <ele>386.804799281992</ele>
        <time>2022-03-18T12:07:37Z</time>
      </trkpt>
      <trkpt lat="34.331775052156075" lon="109.00570059370504">
        <ele>386.8336678929627</ele>
        <time>2022-03-18T12:07:47Z</time>
      </trkpt>
      <trkpt lat="34.33179547654596" lon="109.00509834373125">
        <ele>386.81587061751634</ele>
        <time>2022-03-18T12:07:57Z</time>
      </trkpt>
      <trkpt lat="34.331793671277254" lon="109.00452428823033">
        <ele>387.24512356426567</ele>
        <time>2022-03-18T12:08:09Z</time>
      </trkpt>
      <trkpt lat="34.33179460058102" lon="109.00392298580947">
        <ele>387.5655419556424</ele>
        <time>2022-03-18T12:08:17Z</time>
      </trkpt>
      <trkpt lat="34.331816512843076" lon="109.00334394864524">
        <ele>387.88738283514977</ele>
        <time>2022-03-18T12:08:25Z</time>
      </trkpt>
      <trkpt lat="34.33184291653866" lon="109.00275556170824">
        <ele>388.6307703424245</ele>
        <time>2022-03-18T12:08:33Z</time>
      </trkpt>
      <trkpt lat="34.33184059551774" lon="109.0021649288069">
        <ele>388.73347402736545</ele>
        <time>2022-03-18T12:08:41Z</time>
      </trkpt>
      <trkpt lat="34.331839537426156" lon="109.00156852082111">
        <ele>389.80768304597586</ele>
        <time>2022-03-18T12:08:49Z</time>
      </trkpt>
      <trkpt lat="34.331847540277884" lon="109.00096585043171">
        <ele>389.71600590087473</ele>
        <time>2022-03-18T12:08:57Z</time>
      </trkpt>
      <trkpt lat="34.331866850072096" lon="109.00038413070745">
        <ele>390.80051741190255</ele>
        <time>2022-03-18T12:09:05Z</time>
      </trkpt>
      <trkpt lat="34.331895056329664" lon="108.99983843099781">
        <ele>390.7908918084577</ele>
        <time>2022-03-18T12:09:13Z</time>
      </trkpt>
      <trkpt lat="34.33189552964895" lon="108.99932153660242">
        <ele>391.7958832131699</ele>
        <time>2022-03-18T12:09:21Z</time>
      </trkpt>
      <trkpt lat="34.33182102563196" lon="108.99870556620732">
        <ele>391.89493444375694</ele>
        <time>2022-03-18T12:09:31Z</time>
      </trkpt>
      <trkpt lat="34.33165579339653" lon="108.99810205999601">
        <ele>392.5358041189611</ele>
        <time>2022-03-18T12:09:41Z</time>
      </trkpt>
      <trkpt lat="34.331536563644796" lon="108.99760010448261">
        <ele>392.23931800946593</ele>
        <time>2022-03-18T12:09:49Z</time>
      </trkpt>
      <trkpt lat="34.33139280409101" lon="108.9970885975709">
        <ele>391.56150986626744</ele>
        <time>2022-03-18T12:09:57Z</time>
      </trkpt>
      <trkpt lat="34.331243241277654" lon="108.99657504343956">
        <ele>391.382262009196</ele>
        <time>2022-03-18T12:10:05Z</time>
      </trkpt>
      <trkpt lat="34.33108931019389" lon="108.99606725484131">
        <ele>392.1418753955513</ele>
        <time>2022-03-18T12:10:13Z</time>
      </trkpt>
      <trkpt lat="34.331040706065394" lon="108.99580841381083">
        <ele>392.82519942428917</ele>
        <time>2022-03-18T12:10:17Z</time>
      </trkpt>
      <trkpt lat="34.33101196614444" lon="108.99555458451763">
        <ele>392.87681846600026</ele>
        <time>2022-03-18T12:10:21Z</time>
      </trkpt>
      <trkpt lat="34.33104152719744" lon="108.99541548440392">
        <ele>393.3460959913209</ele>
        <time>2022-03-18T12:10:23Z</time>
      </trkpt>
      <trkpt lat="34.331045354472224" lon="108.99527935371599">
        <ele>392.85129123181105</ele>
        <time>2022-03-18T12:10:25Z</time>
      </trkpt>
      <trkpt lat="34.33115159409022" lon="108.99514606626431">
        <ele>392.79776553902775</ele>
        <time>2022-03-18T12:10:27Z</time>
      </trkpt>
      <trkpt lat="34.33121372530466" lon="108.99502258364436">
        <ele>393.16155298333615</ele>
        <time>2022-03-18T12:10:29Z</time>
      </trkpt>
      <trkpt lat="34.33112644658327" lon="108.99490463535423">
        <ele>393.1363566759974</ele>
        <time>2022-03-18T12:10:31Z</time>
      </trkpt>
      <trkpt lat="34.33105596199194" lon="108.99477623312515">
        <ele>392.2691604793072</ele>
        <time>2022-03-18T12:10:33Z</time>
      </trkpt>
      <trkpt lat="34.33094722586793" lon="108.99415568704043">
        <ele>392.9080444686115</ele>
        <time>2022-03-18T12:10:41Z</time>
      </trkpt>
      <trkpt lat="34.33087735948714" lon="108.99367822255117">
        <ele>393.30616084020585</ele>
        <time>2022-03-18T12:10:49Z</time>
      </trkpt>
      <trkpt lat="34.33088372682575" lon="108.99308865421077">
        <ele>393.09568142704666</ele>
        <time>2022-03-18T12:10:57Z</time>
      </trkpt>
      <trkpt lat="34.33089872591997" lon="108.99294308148382">
        <ele>393.5427187718451</ele>
        <time>2022-03-18T12:10:59Z</time>
      </trkpt>
      <trkpt lat="34.33088013649304" lon="108.99236995061142">
        <ele>392.7029896872118</ele>
        <time>2022-03-18T12:11:07Z</time>
      </trkpt>
      <trkpt lat="34.33088606444984" lon="108.99208311035434">
        <ele>392.57703377399594</ele>
        <time>2022-03-18T12:11:11Z</time>
      </trkpt>
      <trkpt lat="34.330873805147284" lon="108.9918255671295">
        <ele>392.7580594429746</ele>
        <time>2022-03-18T12:11:15Z</time>
      </trkpt>
      <trkpt lat="34.330896978415275" lon="108.99145686823044">
        <ele>391.883575508371</ele>
        <time>2022-03-18T12:11:21Z</time>
      </trkpt>
      <trkpt lat="34.330920783364775" lon="108.99137311486751">
        <ele>391.97858669422567</ele>
        <time>2022-03-18T12:11:33Z</time>
      </trkpt>
      <trkpt lat="34.330912963463035" lon="108.99124863472277">
        <ele>392.1606530919671</ele>
        <time>2022-03-18T12:12:12Z</time>
      </trkpt>
      <trkpt lat="34.33090931881656" lon="108.99071344190196">
        <ele>391.64450342860073</ele>
        <time>2022-03-18T12:12:23Z</time>
      </trkpt>
      <trkpt lat="34.330897593312336" lon="108.99014380366137">
        <ele>391.8883856711909</ele>
        <time>2022-03-18T12:12:33Z</time>
      </trkpt>
      <trkpt lat="34.330890350643834" lon="108.98990355522648">
        <ele>392.30963755305856</ele>
        <time>2022-03-18T12:12:37Z</time>
      </trkpt>
      <trkpt lat="34.33090355204706" lon="108.98977157041277">
        <ele>391.9497678251937</ele>
        <time>2022-03-18T12:12:39Z</time>
      </trkpt>
      <trkpt lat="34.3308913611301" lon="108.98940057543729">
        <ele>392.1684416960925</ele>
        <time>2022-03-18T12:12:45Z</time>
      </trkpt>
      <trkpt lat="34.33087392813917" lon="108.9892800612281">
        <ele>392.60836113244295</ele>
        <time>2022-03-18T12:12:47Z</time>
      </trkpt>
      <trkpt lat="34.33088750441467" lon="108.98915753350333">
        <ele>392.70987718645483</ele>
        <time>2022-03-18T12:12:49Z</time>
      </trkpt>
      <trkpt lat="34.33087845825845" lon="108.98884407355624">
        <ele>393.0697059035301</ele>
        <time>2022-03-18T12:12:55Z</time>
      </trkpt>
      <trkpt lat="34.330894516944745" lon="108.98863024692601">
        <ele>392.6790688103065</ele>
        <time>2022-03-18T12:12:59Z</time>
      </trkpt>
      <trkpt lat="34.330845630998084" lon="108.9884854638155">
        <ele>392.72225564997643</ele>
        <time>2022-03-18T12:13:01Z</time>
      </trkpt>
      <trkpt lat="34.33086950730737" lon="108.98810948353652">
        <ele>393.0122395940125</ele>
        <time>2022-03-18T12:13:07Z</time>
      </trkpt>
      <trkpt lat="34.33085662748542" lon="108.98795667171565">
        <ele>393.35186397470534</ele>
        <time>2022-03-18T12:13:09Z</time>
      </trkpt>
      <trkpt lat="34.330901882309504" lon="108.98784525893163">
        <ele>392.8142653852701</ele>
        <time>2022-03-18T12:13:11Z</time>
      </trkpt>
      <trkpt lat="34.33090270612144" lon="108.9876978125717">
        <ele>392.91922064404935</ele>
        <time>2022-03-18T12:13:13Z</time>
      </trkpt>
      <trkpt lat="34.33087874269333" lon="108.98758130969695">
        <ele>392.98607987258583</ele>
        <time>2022-03-18T12:13:15Z</time>
      </trkpt>
      <trkpt lat="34.33090583494633" lon="108.98693372517572">
        <ele>392.747738157399</ele>
        <time>2022-03-18T12:13:25Z</time>
      </trkpt>
      <trkpt lat="34.33087732235598" lon="108.986782404767">
        <ele>393.0032150875777</ele>
        <time>2022-03-18T12:13:27Z</time>
      </trkpt>
      <trkpt lat="34.33085269521423" lon="108.98624983188081">
        <ele>393.0521331746131</ele>
        <time>2022-03-18T12:13:35Z</time>
      </trkpt>
      <trkpt lat="34.330853976983626" lon="108.98612632133337">
        <ele>393.489705523476</ele>
        <time>2022-03-18T12:13:37Z</time>
      </trkpt>
      <trkpt lat="34.3308759844658" lon="108.98600456371035">
        <ele>393.42311098612845</ele>
        <time>2022-03-18T12:13:39Z</time>
      </trkpt>
      <trkpt lat="34.33087333777789" lon="108.98587220788954">
        <ele>393.4908654112369</ele>
        <time>2022-03-18T12:13:41Z</time>
      </trkpt>
      <trkpt lat="34.33090430540367" lon="108.98574163656338">
        <ele>393.7073740661144</ele>
        <time>2022-03-18T12:13:43Z</time>
      </trkpt>
      <trkpt lat="34.330960055124066" lon="108.98560493257708">
        <ele>393.49031144939363</ele>
        <time>2022-03-18T12:13:45Z</time>
      </trkpt>
      <trkpt lat="34.33096058744871" lon="108.98546574424196">
        <ele>394.3607425717637</ele>
        <time>2022-03-18T12:13:47Z</time>
      </trkpt>
      <trkpt lat="34.33092065878581" lon="108.98534075921572">
        <ele>394.09339554514736</ele>
        <time>2022-03-18T12:13:49Z</time>
      </trkpt>
      <trkpt lat="34.331036992077145" lon="108.98492183698949">
        <ele>394.452066577971</ele>
        <time>2022-03-18T12:13:55Z</time>
      </trkpt>
      <trkpt lat="34.33105364598153" lon="108.98464318729029">
        <ele>394.27826356701553</ele>
        <time>2022-03-18T12:13:59Z</time>
      </trkpt>
      <trkpt lat="34.33104503036429" lon="108.98409671371806">
        <ele>394.5238557904959</ele>
        <time>2022-03-18T12:14:07Z</time>
      </trkpt>
      <trkpt lat="34.33104804759556" lon="108.98353948492274">
        <ele>395.3306461600587</ele>
        <time>2022-03-18T12:14:15Z</time>
      </trkpt>
      <trkpt lat="34.33105299844208" lon="108.98299565788011">
        <ele>395.58617832977325</ele>
        <time>2022-03-18T12:14:23Z</time>
      </trkpt>
      <trkpt lat="34.33106498070473" lon="108.9824595219423">
        <ele>395.877334902063</ele>
        <time>2022-03-18T12:14:31Z</time>
      </trkpt>
      <trkpt lat="34.33106103088238" lon="108.98191846368995">
        <ele>396.00790282990783</ele>
        <time>2022-03-18T12:14:39Z</time>
      </trkpt>
      <trkpt lat="34.331072413416855" lon="108.98137909770026">
        <ele>395.9921132558957</ele>
        <time>2022-03-18T12:14:47Z</time>
      </trkpt>
      <trkpt lat="34.33109047120262" lon="108.98084917630491">
        <ele>395.7550347689539</ele>
        <time>2022-03-18T12:14:55Z</time>
      </trkpt>
      <trkpt lat="34.33109819292162" lon="108.98029804703363">
        <ele>396.0866686794907</ele>
        <time>2022-03-18T12:15:03Z</time>
      </trkpt>
      <trkpt lat="34.331101309454866" lon="108.97993737840272">
        <ele>395.6990515328944</ele>
        <time>2022-03-18T12:15:09Z</time>
      </trkpt>
      <trkpt lat="34.33107644661069" lon="108.97985074365883">
        <ele>395.3941147038713</ele>
        <time>2022-03-18T12:15:11Z</time>
      </trkpt>
      <trkpt lat="34.331044010734274" lon="108.97979864403622">
        <ele>395.2573318183422</ele>
        <time>2022-03-18T12:15:27Z</time>
      </trkpt>
      <trkpt lat="34.330951897079544" lon="108.97970889124048">
        <ele>395.4822590434924</ele>
        <time>2022-03-18T12:15:36Z</time>
      </trkpt>
      <trkpt lat="34.3307989743827" lon="108.97965689352344">
        <ele>396.0117067974061</ele>
        <time>2022-03-18T12:15:40Z</time>
      </trkpt>
      <trkpt lat="34.33043140613711" lon="108.97961275983145">
        <ele>395.3196289082989</ele>
        <time>2022-03-18T12:15:46Z</time>
      </trkpt>
      <trkpt lat="34.330050844173506" lon="108.97962067592152">
        <ele>395.6984460912645</ele>
        <time>2022-03-18T12:15:52Z</time>
      </trkpt>
      <trkpt lat="34.329752664029826" lon="108.97959055792356">
        <ele>395.504973446019</ele>
        <time>2022-03-18T12:15:58Z</time>
      </trkpt>
      <trkpt lat="34.32964570498503" lon="108.97963464663991">
        <ele>395.4169236132875</ele>
        <time>2022-03-18T12:16:02Z</time>
      </trkpt>
      <trkpt lat="34.32923312551174" lon="108.97964821832198">
        <ele>395.8208017349243</ele>
        <time>2022-03-18T12:16:12Z</time>
      </trkpt>
      <trkpt lat="34.32912688073665" lon="108.97969295612836">
        <ele>395.93734362442046</ele>
        <time>2022-03-18T12:16:16Z</time>
      </trkpt>
      <trkpt lat="34.32910108442316" lon="108.97977985584883">
        <ele>395.879021522589</ele>
        <time>2022-03-18T12:16:23Z</time>
      </trkpt>
      <trkpt lat="34.32908786569743" lon="108.979786587053">
        <ele>395.9573635617271</ele>
        <time>2022-03-18T12:16:33Z</time>
      </trkpt>
      <trkpt lat="34.32904978410992" lon="108.97979981397158">
        <ele>394.0696030817926</ele>
        <time>2022-03-18T12:16:52Z</time>
      </trkpt>
      <trkpt lat="34.32901393122252" lon="108.97985052811619">
        <ele>394.5014144554734</ele>
        <time>2022-03-18T12:16:56Z</time>
      </trkpt>
    </trkseg>
  </trk>
</gpx>