<?xml version="1.0" encoding="UTF-8"?>
<gpx xmlns="http://www.topografix.com/GPX/1/1" xmlns:gpxtpx="http://www.garmin.com/xmlschemas/TrackPointExtension/v1" xmlns:xsi="http://www.w3.org/2001/XMLSchema-instance" xsi:schemaLocation="http://www.topografix.com/GPX/1/1 http://www.topografix.com/GPX/1/1/gpx.xsd" version="1.1" creator="gpx.py -- https://github.com/tkrajina/gpxpy">
  <trk>
    <name>gpx from keep</name>
    <type>Ride</type>
    <trkseg>
      <trkpt lat="34.3282141578839" lon="108.98016980823668">
        <ele>401.0368175506592</ele>
        <time>2022-03-14T12:38:00Z</time>
      </trkpt>
      <trkpt lat="34.32830308156264" lon="108.98030531432475">
        <ele>404.9419689178467</ele>
        <time>2022-03-14T12:38:30Z</time>
      </trkpt>
      <trkpt lat="34.32835466791828" lon="108.98043339829664">
        <ele>406.37474822998047</ele>
        <time>2022-03-14T12:38:36Z</time>
      </trkpt>
      <trkpt lat="34.32842893177418" lon="108.98046143950924">
        <ele>403.3541946411133</ele>
        <time>2022-03-14T12:38:43Z</time>
      </trkpt>
      <trkpt lat="34.328127154707694" lon="108.98045052320315">
        <ele>403.3542289733887</ele>
        <time>2022-03-14T12:39:47Z</time>
      </trkpt>
      <trkpt lat="34.32845335580083" lon="108.98047041999934">
        <ele>397.6290168762207</ele>
        <time>2022-03-14T12:39:54Z</time>
      </trkpt>
      <trkpt lat="34.32873591677291" lon="108.9803882146366">
        <ele>397.45631217956543</ele>
        <time>2022-03-14T12:40:00Z</time>
      </trkpt>
      <trkpt lat="34.32880573074267" lon="108.98035206709702">
        <ele>397.2970447540283</ele>
        <time>2022-03-14T12:40:06Z</time>
      </trkpt>
      <trkpt lat="34.328765940861494" lon="108.98043830414318">
        <ele>395.89514465017174</ele>
        <time>2022-03-14T12:40:19Z</time>
      </trkpt>
      <trkpt lat="34.32872985891827" lon="108.98071286167284">
        <ele>395.9099780507386</ele>
        <time>2022-03-14T12:40:34Z</time>
      </trkpt>
      <trkpt lat="34.32869729755052" lon="108.98082277760916">
        <ele>395.27803068608046</ele>
        <time>2022-03-14T12:40:36Z</time>
      </trkpt>
      <trkpt lat="34.32864779209075" lon="108.98089210872529">
        <ele>394.9596646009013</ele>
        <time>2022-03-14T12:40:38Z</time>
      </trkpt>
      <trkpt lat="34.32855665327745" lon="108.9808812992913">
        <ele>394.63706224039197</ele>
        <time>2022-03-14T12:40:40Z</time>
      </trkpt>
      <trkpt lat="34.32848996134223" lon="108.98084285374887">
        <ele>394.9710445012897</ele>
        <time>2022-03-14T12:40:44Z</time>
      </trkpt>
      <trkpt lat="34.328411612213486" lon="108.98085862625351">
        <ele>395.18999926839024</ele>
        <time>2022-03-14T12:40:46Z</time>
      </trkpt>
      <trkpt lat="34.32819422935102" lon="108.98082672618548">
        <ele>395.11464594397694</ele>
        <time>2022-03-14T12:40:52Z</time>
      </trkpt>
      <trkpt lat="34.32810847637167" lon="108.98079858035624">
        <ele>394.97582549043</ele>
        <time>2022-03-14T12:40:54Z</time>
      </trkpt>
      <trkpt lat="34.328096036546384" lon="108.98016864837177">
        <ele>395.67672704719007</ele>
        <time>2022-03-14T12:41:08Z</time>
      </trkpt>
      <trkpt lat="34.32809042262889" lon="108.97977599543829">
        <ele>395.69573127664626</ele>
        <time>2022-03-14T12:41:16Z</time>
      </trkpt>
      <trkpt lat="34.328126998309635" lon="108.97967168406866">
        <ele>395.6361793829128</ele>
        <time>2022-03-14T12:41:18Z</time>
      </trkpt>
      <trkpt lat="34.32829917538652" lon="108.97956172697604">
        <ele>395.5552621409297</ele>
        <time>2022-03-14T12:41:22Z</time>
      </trkpt>
      <trkpt lat="34.32873772108352" lon="108.97952260201362">
        <ele>395.1748376134783</ele>
        <time>2022-03-14T12:41:30Z</time>
      </trkpt>
      <trkpt lat="34.32912600674703" lon="108.9795037663076">
        <ele>397.1754053235054</ele>
        <time>2022-03-14T12:41:36Z</time>
      </trkpt>
      <trkpt lat="34.329623006610554" lon="108.9795393306021">
        <ele>395.6117501799017</ele>
        <time>2022-03-14T12:41:44Z</time>
      </trkpt>
      <trkpt lat="34.33015189278483" lon="108.97968162592576">
        <ele>394.89603193476796</ele>
        <time>2022-03-14T12:41:54Z</time>
      </trkpt>
      <trkpt lat="34.3302707410228" lon="108.97970791783813">
        <ele>394.3965694010258</ele>
        <time>2022-03-14T12:41:56Z</time>
      </trkpt>
      <trkpt lat="34.330611597207465" lon="108.97970460775389">
        <ele>394.14896236918867</ele>
        <time>2022-03-14T12:42:02Z</time>
      </trkpt>
      <trkpt lat="34.33069530444342" lon="108.97973664370842">
        <ele>394.2045119330287</ele>
        <time>2022-03-14T12:42:04Z</time>
      </trkpt>
      <trkpt lat="34.330771212664835" lon="108.97981896666948">
        <ele>394.60606255196035</ele>
        <time>2022-03-14T12:42:06Z</time>
      </trkpt>
      <trkpt lat="34.33079672897998" lon="108.97994684102383">
        <ele>394.6168852057308</ele>
        <time>2022-03-14T12:42:08Z</time>
      </trkpt>
      <trkpt lat="34.3307863979965" lon="108.98022701655931">
        <ele>395.2717040264979</ele>
        <time>2022-03-14T12:42:12Z</time>
      </trkpt>
      <trkpt lat="34.33080764292154" lon="108.98055830914439">
        <ele>395.633023802191</ele>
        <time>2022-03-14T12:42:16Z</time>
      </trkpt>
      <trkpt lat="34.33079032639971" lon="108.98109588691716">
        <ele>394.64585976768285</ele>
        <time>2022-03-14T12:42:22Z</time>
      </trkpt>
      <trkpt lat="34.33079974278914" lon="108.98166242730582">
        <ele>396.04962982982397</ele>
        <time>2022-03-14T12:42:28Z</time>
      </trkpt>
      <trkpt lat="34.33080235742158" lon="108.98222104685033">
        <ele>394.20819604676217</ele>
        <time>2022-03-14T12:42:34Z</time>
      </trkpt>
      <trkpt lat="34.33078793686245" lon="108.98278991157574">
        <ele>394.27650457713753</ele>
        <time>2022-03-14T12:42:40Z</time>
      </trkpt>
      <trkpt lat="34.330783339379316" lon="108.98334259617518">
        <ele>396.04618219751865</ele>
        <time>2022-03-14T12:42:46Z</time>
      </trkpt>
      <trkpt lat="34.33077094695568" lon="108.98396648971168">
        <ele>396.47972370963544</ele>
        <time>2022-03-14T12:42:54Z</time>
      </trkpt>
      <trkpt lat="34.33078099796006" lon="108.98408382926479">
        <ele>393.90077534504235</ele>
        <time>2022-03-14T12:42:58Z</time>
      </trkpt>
      <trkpt lat="34.33082752368423" lon="108.98426451641107">
        <ele>393.35812149196863</ele>
        <time>2022-03-14T12:43:02Z</time>
      </trkpt>
      <trkpt lat="34.33083484317475" lon="108.98438151213364">
        <ele>392.6655611228198</ele>
        <time>2022-03-14T12:43:04Z</time>
      </trkpt>
      <trkpt lat="34.33075653757419" lon="108.98491256384976">
        <ele>393.9857343956828</ele>
        <time>2022-03-14T12:43:06Z</time>
      </trkpt>
      <trkpt lat="34.33075570693971" lon="108.98551338497309">
        <ele>394.4595045745373</ele>
        <time>2022-03-14T12:43:14Z</time>
      </trkpt>
      <trkpt lat="34.33074960383168" lon="108.98615749473481">
        <ele>394.3769440539181</ele>
        <time>2022-03-14T12:43:22Z</time>
      </trkpt>
      <trkpt lat="34.330719295053896" lon="108.98667265166898">
        <ele>393.82644554786384</ele>
        <time>2022-03-14T12:43:28Z</time>
      </trkpt>
      <trkpt lat="34.33071521991536" lon="108.98719916372927">
        <ele>393.5170772122219</ele>
        <time>2022-03-14T12:43:34Z</time>
      </trkpt>
      <trkpt lat="34.33070847679465" lon="108.98773287369062">
        <ele>393.5706057548523</ele>
        <time>2022-03-14T12:43:40Z</time>
      </trkpt>
      <trkpt lat="34.330697611128414" lon="108.98839931890274">
        <ele>393.4615615736693</ele>
        <time>2022-03-14T12:43:48Z</time>
      </trkpt>
      <trkpt lat="34.330684731939876" lon="108.9889296497944">
        <ele>392.0226420275867</ele>
        <time>2022-03-14T12:43:54Z</time>
      </trkpt>
      <trkpt lat="34.33068936238067" lon="108.9894961043668">
        <ele>392.65597239136696</ele>
        <time>2022-03-14T12:44:00Z</time>
      </trkpt>
      <trkpt lat="34.33068488907842" lon="108.99008034582472">
        <ele>392.9293265603483</ele>
        <time>2022-03-14T12:44:06Z</time>
      </trkpt>
      <trkpt lat="34.33066244366901" lon="108.99067510204182">
        <ele>393.21830561663955</ele>
        <time>2022-03-14T12:44:12Z</time>
      </trkpt>
      <trkpt lat="34.33064682446123" lon="108.9908730910613">
        <ele>391.64407444093376</ele>
        <time>2022-03-14T12:44:14Z</time>
      </trkpt>
      <trkpt lat="34.33064375661805" lon="108.99143760242904">
        <ele>391.20205648615956</ele>
        <time>2022-03-14T12:44:20Z</time>
      </trkpt>
      <trkpt lat="34.33064259284713" lon="108.99196790406381">
        <ele>393.5534621551633</ele>
        <time>2022-03-14T12:44:26Z</time>
      </trkpt>
      <trkpt lat="34.33062871380935" lon="108.99250448704002">
        <ele>393.54304359760135</ele>
        <time>2022-03-14T12:44:32Z</time>
      </trkpt>
      <trkpt lat="34.33063427362045" lon="108.9931967304578">
        <ele>394.1213583284989</ele>
        <time>2022-03-14T12:44:40Z</time>
      </trkpt>
      <trkpt lat="34.330628052700966" lon="108.99373399051512">
        <ele>394.4818619247526</ele>
        <time>2022-03-14T12:44:46Z</time>
      </trkpt>
      <trkpt lat="34.330644056828696" lon="108.99439870136018">
        <ele>394.21802160609514</ele>
        <time>2022-03-14T12:44:53Z</time>
      </trkpt>
      <trkpt lat="34.3306867036955" lon="108.99497405193644">
        <ele>393.8664857689291</ele>
        <time>2022-03-14T12:44:59Z</time>
      </trkpt>
      <trkpt lat="34.33077351352838" lon="108.9955596277965">
        <ele>393.96447854395956</ele>
        <time>2022-03-14T12:45:05Z</time>
      </trkpt>
      <trkpt lat="34.33087487561682" lon="108.99614328455827">
        <ele>393.2134055607021</ele>
        <time>2022-03-14T12:45:11Z</time>
      </trkpt>
      <trkpt lat="34.33093377714928" lon="108.9964951808892">
        <ele>391.97954838816077</ele>
        <time>2022-03-14T12:45:15Z</time>
      </trkpt>
      <trkpt lat="34.33110644563343" lon="108.99706052204768">
        <ele>391.34424243774265</ele>
        <time>2022-03-14T12:45:21Z</time>
      </trkpt>
      <trkpt lat="34.331297561567986" lon="108.99771288565587">
        <ele>392.0302284369245</ele>
        <time>2022-03-14T12:45:27Z</time>
      </trkpt>
      <trkpt lat="34.3314606712652" lon="108.99841761911763">
        <ele>390.96197796147317</ele>
        <time>2022-03-14T12:45:33Z</time>
      </trkpt>
      <trkpt lat="34.331557273841" lon="108.99916073493138">
        <ele>390.4292041035369</ele>
        <time>2022-03-14T12:45:39Z</time>
      </trkpt>
      <trkpt lat="34.33156981549992" lon="108.9998760037474">
        <ele>391.1393161844462</ele>
        <time>2022-03-14T12:45:45Z</time>
      </trkpt>
      <trkpt lat="34.331534576265106" lon="109.00052906782577">
        <ele>391.11027923598886</ele>
        <time>2022-03-14T12:45:51Z</time>
      </trkpt>
      <trkpt lat="34.33153781852914" lon="109.00128535430463">
        <ele>389.74479010980576</ele>
        <time>2022-03-14T12:45:57Z</time>
      </trkpt>
      <trkpt lat="34.33152509676753" lon="109.00199643568145">
        <ele>390.4344592941925</ele>
        <time>2022-03-14T12:46:03Z</time>
      </trkpt>
      <trkpt lat="34.33151416494494" lon="109.00271363287736">
        <ele>389.14800824411213</ele>
        <time>2022-03-14T12:46:09Z</time>
      </trkpt>
      <trkpt lat="34.33151221288307" lon="109.00342062488482">
        <ele>385.588668692857</ele>
        <time>2022-03-14T12:46:15Z</time>
      </trkpt>
      <trkpt lat="34.33150934681919" lon="109.00415041795479">
        <ele>386.59705673810095</ele>
        <time>2022-03-14T12:46:21Z</time>
      </trkpt>
      <trkpt lat="34.33142469138173" lon="109.00461900932216">
        <ele>385.84623974654824</ele>
        <time>2022-03-14T12:46:25Z</time>
      </trkpt>
      <trkpt lat="34.3314634494278" lon="109.00480606316252">
        <ele>384.35105787497014</ele>
        <time>2022-03-14T12:46:27Z</time>
      </trkpt>
      <trkpt lat="34.33143653135732" lon="109.00536646174521">
        <ele>387.49744504969567</ele>
        <time>2022-03-14T12:46:33Z</time>
      </trkpt>
      <trkpt lat="34.331417852271436" lon="109.0055727928731">
        <ele>387.16615647636354</ele>
        <time>2022-03-14T12:46:35Z</time>
      </trkpt>
      <trkpt lat="34.33141323140743" lon="109.00611255263487">
        <ele>386.8018255168572</ele>
        <time>2022-03-14T12:46:40Z</time>
      </trkpt>
      <trkpt lat="34.33141485424294" lon="109.00674668165028">
        <ele>388.40169543307275</ele>
        <time>2022-03-14T12:46:46Z</time>
      </trkpt>
      <trkpt lat="34.33139720264575" lon="109.00734620181538">
        <ele>387.1753727141768</ele>
        <time>2022-03-14T12:46:54Z</time>
      </trkpt>
      <trkpt lat="34.3313731672418" lon="109.0078742299313">
        <ele>386.51158260926604</ele>
        <time>2022-03-14T12:47:00Z</time>
      </trkpt>
      <trkpt lat="34.33136003590845" lon="109.00849211809599">
        <ele>386.78494555316865</ele>
        <time>2022-03-14T12:47:06Z</time>
      </trkpt>
      <trkpt lat="34.331357732015746" lon="109.00890379369861">
        <ele>386.1202674964443</ele>
        <time>2022-03-14T12:47:10Z</time>
      </trkpt>
      <trkpt lat="34.33142980153783" lon="109.00949999695291">
        <ele>385.9449219573289</ele>
        <time>2022-03-14T12:47:16Z</time>
      </trkpt>
      <trkpt lat="34.33142982778328" lon="109.00969540392019">
        <ele>385.62588556390256</ele>
        <time>2022-03-14T12:47:18Z</time>
      </trkpt>
      <trkpt lat="34.3314934942137" lon="109.01029233816689">
        <ele>386.78757533896714</ele>
        <time>2022-03-14T12:47:24Z</time>
      </trkpt>
      <trkpt lat="34.3316152042103" lon="109.01088753548105">
        <ele>387.50557955447584</ele>
        <time>2022-03-14T12:47:30Z</time>
      </trkpt>
      <trkpt lat="34.331665086216205" lon="109.0110871143002">
        <ele>388.06981045380235</ele>
        <time>2022-03-14T12:47:32Z</time>
      </trkpt>
      <trkpt lat="34.33185844304024" lon="109.01162758178849">
        <ele>388.2294180803001</ele>
        <time>2022-03-14T12:47:38Z</time>
      </trkpt>
      <trkpt lat="34.33205212483339" lon="109.01216118394994">
        <ele>388.57404442038387</ele>
        <time>2022-03-14T12:47:44Z</time>
      </trkpt>
      <trkpt lat="34.332264157715564" lon="109.012681215631">
        <ele>389.0347443530336</ele>
        <time>2022-03-14T12:47:50Z</time>
      </trkpt>
      <trkpt lat="34.33234496442853" lon="109.01288221555491">
        <ele>387.8161179199815</ele>
        <time>2022-03-14T12:47:54Z</time>
      </trkpt>
      <trkpt lat="34.33234866443039" lon="109.01299064460217">
        <ele>388.4219073802233</ele>
        <time>2022-03-14T12:48:06Z</time>
      </trkpt>
      <trkpt lat="34.33240737126817" lon="109.01307676103731">
        <ele>388.60851845145226</ele>
        <time>2022-03-14T12:48:31Z</time>
      </trkpt>
      <trkpt lat="34.332586322668114" lon="109.01326920888893">
        <ele>388.427844771184</ele>
        <time>2022-03-14T12:48:37Z</time>
      </trkpt>
      <trkpt lat="34.33289683661926" lon="109.0137871022536">
        <ele>387.3309178631753</ele>
        <time>2022-03-14T12:48:45Z</time>
      </trkpt>
      <trkpt lat="34.33319861740602" lon="109.01435354498933">
        <ele>387.30907403770834</ele>
        <time>2022-03-14T12:48:52Z</time>
      </trkpt>
      <trkpt lat="34.33346621442998" lon="109.01486958551922">
        <ele>387.4256814997643</ele>
        <time>2022-03-14T12:48:58Z</time>
      </trkpt>
      <trkpt lat="34.33377249524139" lon="109.01537346657126">
        <ele>386.3647452313453</ele>
        <time>2022-03-14T12:49:04Z</time>
      </trkpt>
      <trkpt lat="34.33411908682203" lon="109.01586050279285">
        <ele>385.3827458983287</ele>
        <time>2022-03-14T12:49:10Z</time>
      </trkpt>
      <trkpt lat="34.33447126886842" lon="109.01630634082314">
        <ele>385.8181032380089</ele>
        <time>2022-03-14T12:49:16Z</time>
      </trkpt>
      <trkpt lat="34.334823755954915" lon="109.01674419807311">
        <ele>385.632420306094</ele>
        <time>2022-03-14T12:49:22Z</time>
      </trkpt>
      <trkpt lat="34.335127415197604" lon="109.01712558329686">
        <ele>386.73343990929425</ele>
        <time>2022-03-14T12:49:28Z</time>
      </trkpt>
      <trkpt lat="34.33543997130046" lon="109.0175253429016">
        <ele>387.2466227179393</ele>
        <time>2022-03-14T12:49:36Z</time>
      </trkpt>
      <trkpt lat="34.33556722230194" lon="109.0177005584737">
        <ele>388.3354834159836</ele>
        <time>2022-03-14T12:49:40Z</time>
      </trkpt>
      <trkpt lat="34.33600630648567" lon="109.0181222939091">
        <ele>387.26604898273945</ele>
        <time>2022-03-14T12:49:48Z</time>
      </trkpt>
      <trkpt lat="34.33638662738859" lon="109.01850048917899">
        <ele>384.81858591455966</ele>
        <time>2022-03-14T12:49:54Z</time>
      </trkpt>
      <trkpt lat="34.33675599931101" lon="109.01888999000289">
        <ele>381.5461367573589</ele>
        <time>2022-03-14T12:50:00Z</time>
      </trkpt>
      <trkpt lat="34.337138873670014" lon="109.01928953182268">
        <ele>379.7523202681914</ele>
        <time>2022-03-14T12:50:06Z</time>
      </trkpt>
      <trkpt lat="34.33753671216734" lon="109.01970242380234">
        <ele>379.4681669669226</ele>
        <time>2022-03-14T12:50:12Z</time>
      </trkpt>
      <trkpt lat="34.337934834014526" lon="109.02010173617103">
        <ele>380.80105336848646</ele>
        <time>2022-03-14T12:50:18Z</time>
      </trkpt>
      <trkpt lat="34.33833126872946" lon="109.02050040075822">
        <ele>380.1067308280617</ele>
        <time>2022-03-14T12:50:24Z</time>
      </trkpt>
      <trkpt lat="34.338721559635225" lon="109.02089417792278">
        <ele>380.42455048672855</ele>
        <time>2022-03-14T12:50:30Z</time>
      </trkpt>
      <trkpt lat="34.33906631021132" lon="109.02125139283213">
        <ele>383.16727740783244</ele>
        <time>2022-03-14T12:50:36Z</time>
      </trkpt>
      <trkpt lat="34.33918582777305" lon="109.0214331979878">
        <ele>384.56723775248975</ele>
        <time>2022-03-14T12:50:40Z</time>
      </trkpt>
      <trkpt lat="34.339505879241614" lon="109.02168897900998">
        <ele>387.5662172380835</ele>
        <time>2022-03-14T12:50:46Z</time>
      </trkpt>
      <trkpt lat="34.33984706321772" lon="109.02204472715697">
        <ele>385.0713589908555</ele>
        <time>2022-03-14T12:50:52Z</time>
      </trkpt>
      <trkpt lat="34.34019501519369" lon="109.02242851288332">
        <ele>384.16411399655044</ele>
        <time>2022-03-14T12:50:58Z</time>
      </trkpt>
      <trkpt lat="34.34057059410308" lon="109.02280783599163">
        <ele>382.426959913224</ele>
        <time>2022-03-14T12:51:04Z</time>
      </trkpt>
      <trkpt lat="34.340983189285446" lon="109.02322538829132">
        <ele>383.43442637566477</ele>
        <time>2022-03-14T12:51:10Z</time>
      </trkpt>
      <trkpt lat="34.34137451423646" lon="109.02363129681439">
        <ele>384.6525929775089</ele>
        <time>2022-03-14T12:51:16Z</time>
      </trkpt>
      <trkpt lat="34.341488360432024" lon="109.02376101342217">
        <ele>384.804301103577</ele>
        <time>2022-03-14T12:51:18Z</time>
      </trkpt>
      <trkpt lat="34.34155069496738" lon="109.02392956906009">
        <ele>384.4471571184695</ele>
        <time>2022-03-14T12:51:20Z</time>
      </trkpt>
      <trkpt lat="34.341526851871265" lon="109.0241157401432">
        <ele>384.4603946050629</ele>
        <time>2022-03-14T12:51:22Z</time>
      </trkpt>
      <trkpt lat="34.34144110940415" lon="109.02427212906288">
        <ele>385.04102253261954</ele>
        <time>2022-03-14T12:51:24Z</time>
      </trkpt>
      <trkpt lat="34.34111656009147" lon="109.02471110048802">
        <ele>384.72745789866894</ele>
        <time>2022-03-14T12:51:30Z</time>
      </trkpt>
      <trkpt lat="34.34100880187607" lon="109.02486076848098">
        <ele>383.88210474699736</ele>
        <time>2022-03-14T12:51:32Z</time>
      </trkpt>
      <trkpt lat="34.340666607160124" lon="109.02533012992386">
        <ele>384.5193672114983</ele>
        <time>2022-03-14T12:51:38Z</time>
      </trkpt>
      <trkpt lat="34.340340569473625" lon="109.02581377433357">
        <ele>385.4234585110098</ele>
        <time>2022-03-14T12:51:44Z</time>
      </trkpt>
      <trkpt lat="34.33999261649928" lon="109.0262799269809">
        <ele>385.28746793884784</ele>
        <time>2022-03-14T12:51:50Z</time>
      </trkpt>
      <trkpt lat="34.33966809489633" lon="109.02675952744286">
        <ele>385.4987474549562</ele>
        <time>2022-03-14T12:51:56Z</time>
      </trkpt>
      <trkpt lat="34.339327055969676" lon="109.02722649313937">
        <ele>385.8473544763401</ele>
        <time>2022-03-14T12:52:02Z</time>
      </trkpt>
      <trkpt lat="34.33921423883766" lon="109.02737469789002">
        <ele>384.62586132250726</ele>
        <time>2022-03-14T12:52:04Z</time>
      </trkpt>
      <trkpt lat="34.33889989969294" lon="109.02789781717985">
        <ele>385.52372990269214</ele>
        <time>2022-03-14T12:52:10Z</time>
      </trkpt>
      <trkpt lat="34.33861013108142" lon="109.02844269560202">
        <ele>386.6056239400059</ele>
        <time>2022-03-14T12:52:16Z</time>
      </trkpt>
      <trkpt lat="34.33829929373636" lon="109.02895858568">
        <ele>386.48111699242145</ele>
        <time>2022-03-14T12:52:22Z</time>
      </trkpt>
      <trkpt lat="34.33800516791767" lon="109.0294947093731">
        <ele>386.15904499031603</ele>
        <time>2022-03-14T12:52:28Z</time>
      </trkpt>
      <trkpt lat="34.33770440526482" lon="109.03004016541377">
        <ele>386.0326065393165</ele>
        <time>2022-03-14T12:52:34Z</time>
      </trkpt>
      <trkpt lat="34.337405191221" lon="109.03056561379665">
        <ele>385.687860914506</ele>
        <time>2022-03-14T12:52:40Z</time>
      </trkpt>
      <trkpt lat="34.33711212566764" lon="109.031109358933">
        <ele>387.37572437990457</ele>
        <time>2022-03-14T12:52:46Z</time>
      </trkpt>
      <trkpt lat="34.33680754726348" lon="109.03162379088144">
        <ele>387.0218332670629</ele>
        <time>2022-03-14T12:52:52Z</time>
      </trkpt>
      <trkpt lat="34.33650697827976" lon="109.032147123168">
        <ele>387.29895313084126</ele>
        <time>2022-03-14T12:52:58Z</time>
      </trkpt>
      <trkpt lat="34.33620409916077" lon="109.03267079064537">
        <ele>387.19615556672215</ele>
        <time>2022-03-14T12:53:04Z</time>
      </trkpt>
      <trkpt lat="34.33589683771008" lon="109.03320190287592">
        <ele>388.2194094872102</ele>
        <time>2022-03-14T12:53:10Z</time>
      </trkpt>
      <trkpt lat="34.33559475975623" lon="109.03373371892818">
        <ele>386.8597326595336</ele>
        <time>2022-03-14T12:53:16Z</time>
      </trkpt>
      <trkpt lat="34.33528702028196" lon="109.03426121426065">
        <ele>387.1335457600653</ele>
        <time>2022-03-14T12:53:22Z</time>
      </trkpt>
      <trkpt lat="34.334996930059" lon="109.0348033093024">
        <ele>387.3106780052185</ele>
        <time>2022-03-14T12:53:28Z</time>
      </trkpt>
      <trkpt lat="34.33468267247878" lon="109.0353381021926">
        <ele>387.7223157780245</ele>
        <time>2022-03-14T12:53:34Z</time>
      </trkpt>
      <trkpt lat="34.334367593386716" lon="109.03586258243298">
        <ele>387.00638348795474</ele>
        <time>2022-03-14T12:53:40Z</time>
      </trkpt>
      <trkpt lat="34.33408402512131" lon="109.03640410624405">
        <ele>387.8102372540161</ele>
        <time>2022-03-14T12:53:46Z</time>
      </trkpt>
      <trkpt lat="34.33379007627611" lon="109.03695410690996">
        <ele>388.82767438236624</ele>
        <time>2022-03-14T12:53:52Z</time>
      </trkpt>
      <trkpt lat="34.33347739837268" lon="109.03746105681982">
        <ele>387.7883672975004</ele>
        <time>2022-03-14T12:53:58Z</time>
      </trkpt>
      <trkpt lat="34.3331822046015" lon="109.03799320242211">
        <ele>387.61166981980205</ele>
        <time>2022-03-14T12:54:04Z</time>
      </trkpt>
      <trkpt lat="34.332883373966006" lon="109.03852534235132">
        <ele>387.8454148378223</ele>
        <time>2022-03-14T12:54:10Z</time>
      </trkpt>
      <trkpt lat="34.3325758996497" lon="109.03905048454158">
        <ele>389.20001212041825</ele>
        <time>2022-03-14T12:54:16Z</time>
      </trkpt>
      <trkpt lat="34.332269561797254" lon="109.03958429110489">
        <ele>387.5004867091775</ele>
        <time>2022-03-14T12:54:22Z</time>
      </trkpt>
      <trkpt lat="34.331976379538936" lon="109.04014105166175">
        <ele>389.76406512688845</ele>
        <time>2022-03-14T12:54:28Z</time>
      </trkpt>
      <trkpt lat="34.33166753507628" lon="109.04067877290068">
        <ele>388.8066710839048</ele>
        <time>2022-03-14T12:54:34Z</time>
      </trkpt>
      <trkpt lat="34.33134669406955" lon="109.04122149409918">
        <ele>387.40938268601894</ele>
        <time>2022-03-14T12:54:40Z</time>
      </trkpt>
      <trkpt lat="34.33114062742922" lon="109.04160582168439">
        <ele>387.63723292946815</ele>
        <time>2022-03-14T12:54:44Z</time>
      </trkpt>
      <trkpt lat="34.33098162219959" lon="109.04201368693786">
        <ele>388.35403532907367</ele>
        <time>2022-03-14T12:54:48Z</time>
      </trkpt>
      <trkpt lat="34.33078303146033" lon="109.04238159994262">
        <ele>389.4199470980093</ele>
        <time>2022-03-14T12:54:52Z</time>
      </trkpt>
      <trkpt lat="34.330472919075966" lon="109.04291028645724">
        <ele>388.7041288539767</ele>
        <time>2022-03-14T12:54:58Z</time>
      </trkpt>
      <trkpt lat="34.330170168870545" lon="109.04343808831186">
        <ele>389.10750155709684</ele>
        <time>2022-03-14T12:55:04Z</time>
      </trkpt>
      <trkpt lat="34.32986701228082" lon="109.04396490060249">
        <ele>388.98402844928205</ele>
        <time>2022-03-14T12:55:10Z</time>
      </trkpt>
      <trkpt lat="34.32956335991238" lon="109.04449324241935">
        <ele>388.7562819905579</ele>
        <time>2022-03-14T12:55:16Z</time>
      </trkpt>
      <trkpt lat="34.32926467602539" lon="109.04499797975976">
        <ele>385.9274330670014</ele>
        <time>2022-03-14T12:55:22Z</time>
      </trkpt>
      <trkpt lat="34.32909008232651" lon="109.045323340633">
        <ele>387.96675376035273</ele>
        <time>2022-03-14T12:55:26Z</time>
      </trkpt>
      <trkpt lat="34.328921839106236" lon="109.04557632929787">
        <ele>390.2562317689881</ele>
        <time>2022-03-14T12:55:30Z</time>
      </trkpt>
      <trkpt lat="34.32894692546833" lon="109.04570826724667">
        <ele>389.5336322588846</ele>
        <time>2022-03-14T12:55:32Z</time>
      </trkpt>
      <trkpt lat="34.329077073659576" lon="109.04568901497029">
        <ele>390.55460082925856</ele>
        <time>2022-03-14T12:55:34Z</time>
      </trkpt>
      <trkpt lat="34.32938015437413" lon="109.04509618212424">
        <ele>389.97422020323575</ele>
        <time>2022-03-14T12:55:42Z</time>
      </trkpt>
      <trkpt lat="34.329676047945426" lon="109.04458130758725">
        <ele>385.79277062416077</ele>
        <time>2022-03-14T12:55:48Z</time>
      </trkpt>
      <trkpt lat="34.32999263659015" lon="109.04406840535911">
        <ele>387.06873022019863</ele>
        <time>2022-03-14T12:55:54Z</time>
      </trkpt>
      <trkpt lat="34.330278179734805" lon="109.04352720985237">
        <ele>388.45760814566165</ele>
        <time>2022-03-14T12:56:00Z</time>
      </trkpt>
      <trkpt lat="34.33058679114968" lon="109.0429824979562">
        <ele>388.07909815292805</ele>
        <time>2022-03-14T12:56:06Z</time>
      </trkpt>
      <trkpt lat="34.330899681987844" lon="109.04244233813034">
        <ele>389.0784808062017</ele>
        <time>2022-03-14T12:56:12Z</time>
      </trkpt>
      <trkpt lat="34.33120385277444" lon="109.04190132376335">
        <ele>388.4380704443902</ele>
        <time>2022-03-14T12:56:18Z</time>
      </trkpt>
      <trkpt lat="34.33151672642199" lon="109.0413690675316">
        <ele>388.7712359242141</ele>
        <time>2022-03-14T12:56:24Z</time>
      </trkpt>
      <trkpt lat="34.33172289179702" lon="109.0410184325688">
        <ele>388.85542618948966</ele>
        <time>2022-03-14T12:56:28Z</time>
      </trkpt>
      <trkpt lat="34.33201425760522" lon="109.04048010330044">
        <ele>389.30855765286833</ele>
        <time>2022-03-14T12:56:34Z</time>
      </trkpt>
      <trkpt lat="34.33231290503647" lon="109.0399498189433">
        <ele>388.6134079284966</ele>
        <time>2022-03-14T12:56:40Z</time>
      </trkpt>
      <trkpt lat="34.33262385789626" lon="109.03940088575112">
        <ele>388.64347676653415</ele>
        <time>2022-03-14T12:56:46Z</time>
      </trkpt>
      <trkpt lat="34.33293270021643" lon="109.0388419885402">
        <ele>388.40039509162307</ele>
        <time>2022-03-14T12:56:52Z</time>
      </trkpt>
      <trkpt lat="34.333258385621576" lon="109.03829677404924">
        <ele>387.82884133514017</ele>
        <time>2022-03-14T12:56:58Z</time>
      </trkpt>
      <trkpt lat="34.33337169251372" lon="109.03812701587297">
        <ele>388.3450661720708</ele>
        <time>2022-03-14T12:57:00Z</time>
      </trkpt>
      <trkpt lat="34.33366788399009" lon="109.03756675836762">
        <ele>388.02431775443256</ele>
        <time>2022-03-14T12:57:06Z</time>
      </trkpt>
      <trkpt lat="34.33398138390182" lon="109.03699851002064">
        <ele>386.7292648209259</ele>
        <time>2022-03-14T12:57:12Z</time>
      </trkpt>
      <trkpt lat="34.33429867962025" lon="109.03644516084456">
        <ele>388.2189276209101</ele>
        <time>2022-03-14T12:57:18Z</time>
      </trkpt>
      <trkpt lat="34.33462309740939" lon="109.03590554975226">
        <ele>386.322887792252</ele>
        <time>2022-03-14T12:57:24Z</time>
      </trkpt>
      <trkpt lat="34.33492934626574" lon="109.0353442871085">
        <ele>386.98532437719405</ele>
        <time>2022-03-14T12:57:30Z</time>
      </trkpt>
      <trkpt lat="34.33524187434957" lon="109.03478563269344">
        <ele>387.8627886278555</ele>
        <time>2022-03-14T12:57:36Z</time>
      </trkpt>
      <trkpt lat="34.335560355860174" lon="109.03423378124118">
        <ele>386.5381210381165</ele>
        <time>2022-03-14T12:57:42Z</time>
      </trkpt>
      <trkpt lat="34.33587771444675" lon="109.03367830532794">
        <ele>386.4531247932464</ele>
        <time>2022-03-14T12:57:48Z</time>
      </trkpt>
      <trkpt lat="34.336200366501494" lon="109.03310669424968">
        <ele>385.6617500754073</ele>
        <time>2022-03-14T12:57:54Z</time>
      </trkpt>
      <trkpt lat="34.33651174775406" lon="109.03255513102904">
        <ele>385.88703452795744</ele>
        <time>2022-03-14T12:58:00Z</time>
      </trkpt>
      <trkpt lat="34.3368361952008" lon="109.0320129259741">
        <ele>385.62252782005817</ele>
        <time>2022-03-14T12:58:06Z</time>
      </trkpt>
      <trkpt lat="34.33713454266842" lon="109.03143967545691">
        <ele>386.7441214825958</ele>
        <time>2022-03-14T12:58:12Z</time>
      </trkpt>
      <trkpt lat="34.33744690750569" lon="109.03088523569161">
        <ele>385.390948115848</ele>
        <time>2022-03-14T12:58:18Z</time>
      </trkpt>
      <trkpt lat="34.337773484532626" lon="109.0303240058154">
        <ele>386.17787533905357</ele>
        <time>2022-03-14T12:58:24Z</time>
      </trkpt>
      <trkpt lat="34.3380776292599" lon="109.02976373756132">
        <ele>386.05783665925264</ele>
        <time>2022-03-14T12:58:30Z</time>
      </trkpt>
      <trkpt lat="34.338394218370055" lon="109.02921390947735">
        <ele>386.90278264228255</ele>
        <time>2022-03-14T12:58:36Z</time>
      </trkpt>
      <trkpt lat="34.33869461829431" lon="109.028665857158">
        <ele>387.14735189359635</ele>
        <time>2022-03-14T12:58:42Z</time>
      </trkpt>
      <trkpt lat="34.338966724055624" lon="109.02810475963828">
        <ele>387.2609480302781</ele>
        <time>2022-03-14T12:58:48Z</time>
      </trkpt>
      <trkpt lat="34.33905487427442" lon="109.02791427856629">
        <ele>386.8050071457401</ele>
        <time>2022-03-14T12:58:50Z</time>
      </trkpt>
      <trkpt lat="34.33925107983549" lon="109.02756223666493">
        <ele>387.1703526349738</ele>
        <time>2022-03-14T12:58:54Z</time>
      </trkpt>
      <trkpt lat="34.339604711501785" lon="109.02708352117975">
        <ele>385.2916460093111</ele>
        <time>2022-03-14T12:59:00Z</time>
      </trkpt>
      <trkpt lat="34.33996498159877" lon="109.0265841269157">
        <ele>385.48485757410526</ele>
        <time>2022-03-14T12:59:06Z</time>
      </trkpt>
      <trkpt lat="34.3403206040715" lon="109.02607913158678">
        <ele>384.80218719504774</ele>
        <time>2022-03-14T12:59:12Z</time>
      </trkpt>
      <trkpt lat="34.34067847866632" lon="109.02557644860634">
        <ele>384.6369286319241</ele>
        <time>2022-03-14T12:59:18Z</time>
      </trkpt>
      <trkpt lat="34.341032815328006" lon="109.02507078990243">
        <ele>385.704599365592</ele>
        <time>2022-03-14T12:59:24Z</time>
      </trkpt>
      <trkpt lat="34.34121370435313" lon="109.02497070277414">
        <ele>385.1797536192462</ele>
        <time>2022-03-14T12:59:26Z</time>
      </trkpt>
      <trkpt lat="34.34126213589658" lon="109.02474458223779">
        <ele>386.08283754624426</ele>
        <time>2022-03-14T12:59:28Z</time>
      </trkpt>
      <trkpt lat="34.341490551643744" lon="109.02447886892512">
        <ele>385.07878684811294</ele>
        <time>2022-03-14T12:59:32Z</time>
      </trkpt>
      <trkpt lat="34.34158000868433" lon="109.0243473419317">
        <ele>385.04362902231514</ele>
        <time>2022-03-14T12:59:34Z</time>
      </trkpt>
      <trkpt lat="34.34159773213795" lon="109.02421304040507">
        <ele>384.5160511052236</ele>
        <time>2022-03-14T12:59:36Z</time>
      </trkpt>
      <trkpt lat="34.34167656025658" lon="109.02431413512747">
        <ele>384.8066697223112</ele>
        <time>2022-03-14T12:59:38Z</time>
      </trkpt>
      <trkpt lat="34.341413331066995" lon="109.02421901724651">
        <ele>385.4158570095897</ele>
        <time>2022-03-14T12:59:40Z</time>
      </trkpt>
      <trkpt lat="34.34137394788224" lon="109.02439559973068">
        <ele>385.4188959747553</ele>
        <time>2022-03-14T12:59:42Z</time>
      </trkpt>
      <trkpt lat="34.34106308154156" lon="109.0248172055039">
        <ele>385.01745398622006</ele>
        <time>2022-03-14T12:59:48Z</time>
      </trkpt>
      <trkpt lat="34.34072594849398" lon="109.02529297194346">
        <ele>384.8490123292431</ele>
        <time>2022-03-14T12:59:54Z</time>
      </trkpt>
      <trkpt lat="34.34038112269745" lon="109.02576703420337">
        <ele>385.7921689571813</ele>
        <time>2022-03-14T13:00:00Z</time>
      </trkpt>
      <trkpt lat="34.34003651522877" lon="109.02625728940166">
        <ele>385.24190928414464</ele>
        <time>2022-03-14T13:00:06Z</time>
      </trkpt>
      <trkpt lat="34.33968203126569" lon="109.0267598455306">
        <ele>386.41149727161974</ele>
        <time>2022-03-14T13:00:12Z</time>
      </trkpt>
      <trkpt lat="34.33934547239404" lon="109.02725104064079">
        <ele>386.4325378332287</ele>
        <time>2022-03-14T13:00:18Z</time>
      </trkpt>
      <trkpt lat="34.33900801847452" lon="109.02774711675988">
        <ele>386.3822543909773</ele>
        <time>2022-03-14T13:00:24Z</time>
      </trkpt>
      <trkpt lat="34.33869989034776" lon="109.02827309014829">
        <ele>386.2286859313026</ele>
        <time>2022-03-14T13:00:30Z</time>
      </trkpt>
      <trkpt lat="34.338406636980096" lon="109.0288075423612">
        <ele>387.57889379467815</ele>
        <time>2022-03-14T13:00:36Z</time>
      </trkpt>
      <trkpt lat="34.338106845562" lon="109.02935011781112">
        <ele>387.52779573295265</ele>
        <time>2022-03-14T13:00:42Z</time>
      </trkpt>
      <trkpt lat="34.337812592227955" lon="109.02988024450849">
        <ele>386.17000361531973</ele>
        <time>2022-03-14T13:00:48Z</time>
      </trkpt>
      <trkpt lat="34.33750588089039" lon="109.03040178605961">
        <ele>384.9356194483116</ele>
        <time>2022-03-14T13:00:54Z</time>
      </trkpt>
      <trkpt lat="34.337198310969654" lon="109.03094860825667">
        <ele>385.8190356772393</ele>
        <time>2022-03-14T13:01:00Z</time>
      </trkpt>
      <trkpt lat="34.3369028976358" lon="109.03148685985524">
        <ele>388.2542849900201</ele>
        <time>2022-03-14T13:01:06Z</time>
      </trkpt>
      <trkpt lat="34.33660517527747" lon="109.03200034895335">
        <ele>387.52557230647653</ele>
        <time>2022-03-14T13:01:12Z</time>
      </trkpt>
      <trkpt lat="34.336297478657904" lon="109.03251935920437">
        <ele>387.4975634813309</ele>
        <time>2022-03-14T13:01:18Z</time>
      </trkpt>
      <trkpt lat="34.33599748919789" lon="109.03305561624056">
        <ele>387.6300748642534</ele>
        <time>2022-03-14T13:01:24Z</time>
      </trkpt>
      <trkpt lat="34.33567978670037" lon="109.03359542617349">
        <ele>387.8822956196964</ele>
        <time>2022-03-14T13:01:30Z</time>
      </trkpt>
      <trkpt lat="34.335376518878114" lon="109.03413996964117">
        <ele>387.5496055409312</ele>
        <time>2022-03-14T13:01:36Z</time>
      </trkpt>
      <trkpt lat="34.335068517932434" lon="109.03468280752304">
        <ele>387.41259107366204</ele>
        <time>2022-03-14T13:01:42Z</time>
      </trkpt>
      <trkpt lat="34.33475849757778" lon="109.03521771934994">
        <ele>388.0221209032461</ele>
        <time>2022-03-14T13:01:48Z</time>
      </trkpt>
      <trkpt lat="34.334451334071616" lon="109.03573911608186">
        <ele>387.52461572922766</ele>
        <time>2022-03-14T13:01:54Z</time>
      </trkpt>
      <trkpt lat="34.33415158985411" lon="109.03628235020439">
        <ele>387.9526868574321</ele>
        <time>2022-03-14T13:02:00Z</time>
      </trkpt>
      <trkpt lat="34.33384486040634" lon="109.0368157903274">
        <ele>388.1137107145041</ele>
        <time>2022-03-14T13:02:06Z</time>
      </trkpt>
      <trkpt lat="34.33354280231368" lon="109.03735281879094">
        <ele>387.193673488684</ele>
        <time>2022-03-14T13:02:12Z</time>
      </trkpt>
      <trkpt lat="34.33325419518975" lon="109.03788476889171">
        <ele>388.36548389401287</ele>
        <time>2022-03-14T13:02:18Z</time>
      </trkpt>
      <trkpt lat="34.33294742702322" lon="109.03841761631264">
        <ele>389.35036474186927</ele>
        <time>2022-03-14T13:02:24Z</time>
      </trkpt>
      <trkpt lat="34.33264631693394" lon="109.03893832775205">
        <ele>388.994475800544</ele>
        <time>2022-03-14T13:02:30Z</time>
      </trkpt>
      <trkpt lat="34.33243445288428" lon="109.03928519880515">
        <ele>388.54304582905024</ele>
        <time>2022-03-14T13:02:34Z</time>
      </trkpt>
      <trkpt lat="34.33214290344938" lon="109.03983618505802">
        <ele>389.2143481168896</ele>
        <time>2022-03-14T13:02:40Z</time>
      </trkpt>
      <trkpt lat="34.3318340938773" lon="109.04037249210934">
        <ele>389.69211608730257</ele>
        <time>2022-03-14T13:02:46Z</time>
      </trkpt>
      <trkpt lat="34.33152701703099" lon="109.04090289074597">
        <ele>388.84636489488184</ele>
        <time>2022-03-14T13:02:52Z</time>
      </trkpt>
      <trkpt lat="34.33122198746046" lon="109.04144436542845">
        <ele>389.01283155195415</ele>
        <time>2022-03-14T13:02:58Z</time>
      </trkpt>
      <trkpt lat="34.33091754448267" lon="109.0419860168041">
        <ele>388.6251256838441</ele>
        <time>2022-03-14T13:03:04Z</time>
      </trkpt>
      <trkpt lat="34.33062214523716" lon="109.04250672446643">
        <ele>389.4612450907007</ele>
        <time>2022-03-14T13:03:10Z</time>
      </trkpt>
      <trkpt lat="34.330545062383884" lon="109.04268912554494">
        <ele>388.80215277150273</ele>
        <time>2022-03-14T13:03:12Z</time>
      </trkpt>
      <trkpt lat="34.33049330092532" lon="109.04289831871077">
        <ele>389.45111755654216</ele>
        <time>2022-03-14T13:03:14Z</time>
      </trkpt>
      <trkpt lat="34.330203916888266" lon="109.04341540127557">
        <ele>388.21818905789405</ele>
        <time>2022-03-14T13:03:20Z</time>
      </trkpt>
      <trkpt lat="34.329915458137584" lon="109.04390278549974">
        <ele>389.37519361358136</ele>
        <time>2022-03-14T13:03:26Z</time>
      </trkpt>
      <trkpt lat="34.32961911808311" lon="109.04439673666778">
        <ele>389.5093139493838</ele>
        <time>2022-03-14T13:03:32Z</time>
      </trkpt>
      <trkpt lat="34.329328365776874" lon="109.04488709938865">
        <ele>386.14263648353517</ele>
        <time>2022-03-14T13:03:38Z</time>
      </trkpt>
      <trkpt lat="34.32913013663235" lon="109.04519623698401">
        <ele>386.6585925128311</ele>
        <time>2022-03-14T13:03:42Z</time>
      </trkpt>
      <trkpt lat="34.32891225857277" lon="109.04560011986894">
        <ele>389.2274098712951</ele>
        <time>2022-03-14T13:03:48Z</time>
      </trkpt>
      <trkpt lat="34.32896468577688" lon="109.04570431445777">
        <ele>389.86957945488393</ele>
        <time>2022-03-14T13:03:50Z</time>
      </trkpt>
      <trkpt lat="34.32912366468703" lon="109.04563923195956">
        <ele>389.5798021676019</ele>
        <time>2022-03-14T13:03:52Z</time>
      </trkpt>
      <trkpt lat="34.32925592975537" lon="109.04532420981383">
        <ele>391.2728856606409</ele>
        <time>2022-03-14T13:03:56Z</time>
      </trkpt>
      <trkpt lat="34.32943271923327" lon="109.04498736840058">
        <ele>388.8862612070516</ele>
        <time>2022-03-14T13:04:00Z</time>
      </trkpt>
      <trkpt lat="34.32973972138542" lon="109.0444642927772">
        <ele>385.7165121315047</ele>
        <time>2022-03-14T13:04:06Z</time>
      </trkpt>
      <trkpt lat="34.33005070835149" lon="109.043929711543">
        <ele>389.3071852279827</ele>
        <time>2022-03-14T13:04:12Z</time>
      </trkpt>
      <trkpt lat="34.33025655363772" lon="109.04358773271855">
        <ele>388.86417804658413</ele>
        <time>2022-03-14T13:04:16Z</time>
      </trkpt>
      <trkpt lat="34.330557004941966" lon="109.04304167291481">
        <ele>389.40466890018433</ele>
        <time>2022-03-14T13:04:22Z</time>
      </trkpt>
      <trkpt lat="34.33087107547355" lon="109.04250379882644">
        <ele>389.86466854810715</ele>
        <time>2022-03-14T13:04:28Z</time>
      </trkpt>
      <trkpt lat="34.331182299501165" lon="109.04196946379331">
        <ele>389.4764776490629</ele>
        <time>2022-03-14T13:04:34Z</time>
      </trkpt>
      <trkpt lat="34.33147756601762" lon="109.04142757079794">
        <ele>388.78034830559045</ele>
        <time>2022-03-14T13:04:40Z</time>
      </trkpt>
      <trkpt lat="34.331775531400496" lon="109.04091739138207">
        <ele>390.05752292461693</ele>
        <time>2022-03-14T13:04:46Z</time>
      </trkpt>
      <trkpt lat="34.33206197397124" lon="109.04040737704047">
        <ele>389.3748760772869</ele>
        <time>2022-03-14T13:04:52Z</time>
      </trkpt>
      <trkpt lat="34.332266917338934" lon="109.04007001662521">
        <ele>388.9632348557934</ele>
        <time>2022-03-14T13:04:56Z</time>
      </trkpt>
      <trkpt lat="34.33236185713854" lon="109.03987635305707">
        <ele>390.13142306450754</ele>
        <time>2022-03-14T13:04:58Z</time>
      </trkpt>
      <trkpt lat="34.33267687620283" lon="109.0393489596712">
        <ele>390.7931188978255</ele>
        <time>2022-03-14T13:05:04Z</time>
      </trkpt>
      <trkpt lat="34.33288120008164" lon="109.03897365980866">
        <ele>389.52780002262443</ele>
        <time>2022-03-14T13:05:08Z</time>
      </trkpt>
      <trkpt lat="34.33319103931657" lon="109.0384261170406">
        <ele>388.63466512970626</ele>
        <time>2022-03-14T13:05:14Z</time>
      </trkpt>
      <trkpt lat="34.33349753792446" lon="109.03789197550817">
        <ele>388.67101398669183</ele>
        <time>2022-03-14T13:05:20Z</time>
      </trkpt>
      <trkpt lat="34.33370210246536" lon="109.03752850277922">
        <ele>388.2630988666788</ele>
        <time>2022-03-14T13:05:24Z</time>
      </trkpt>
      <trkpt lat="34.33379287704327" lon="109.03733633842018">
        <ele>389.3853974221274</ele>
        <time>2022-03-14T13:05:26Z</time>
      </trkpt>
      <trkpt lat="34.334098450292664" lon="109.03678223031692">
        <ele>388.3383061559871</ele>
        <time>2022-03-14T13:05:32Z</time>
      </trkpt>
      <trkpt lat="34.33442204132797" lon="109.03624365721787">
        <ele>387.4694540211931</ele>
        <time>2022-03-14T13:05:38Z</time>
      </trkpt>
      <trkpt lat="34.33472832265429" lon="109.03569164202949">
        <ele>387.3669031020254</ele>
        <time>2022-03-14T13:05:44Z</time>
      </trkpt>
      <trkpt lat="34.33503387807871" lon="109.03512759945185">
        <ele>388.60282811895013</ele>
        <time>2022-03-14T13:05:50Z</time>
      </trkpt>
      <trkpt lat="34.335355096313926" lon="109.03458184632264">
        <ele>387.8987718215212</ele>
        <time>2022-03-14T13:05:56Z</time>
      </trkpt>
      <trkpt lat="34.33566496824007" lon="109.03404297322624">
        <ele>387.57853090018034</ele>
        <time>2022-03-14T13:06:02Z</time>
      </trkpt>
      <trkpt lat="34.33597734435239" lon="109.03349196985322">
        <ele>387.4271956430748</ele>
        <time>2022-03-14T13:06:08Z</time>
      </trkpt>
      <trkpt lat="34.33628537116623" lon="109.03292485941343">
        <ele>387.52436133194715</ele>
        <time>2022-03-14T13:06:14Z</time>
      </trkpt>
      <trkpt lat="34.33660173990849" lon="109.03238552729184">
        <ele>387.59671715274453</ele>
        <time>2022-03-14T13:06:20Z</time>
      </trkpt>
      <trkpt lat="34.33691246135316" lon="109.0318415457201">
        <ele>386.1279089441523</ele>
        <time>2022-03-14T13:06:26Z</time>
      </trkpt>
      <trkpt lat="34.337224235827314" lon="109.03127005881147">
        <ele>385.8661143463105</ele>
        <time>2022-03-14T13:06:32Z</time>
      </trkpt>
      <trkpt lat="34.337540697001245" lon="109.03069473589211">
        <ele>386.1189764626324</ele>
        <time>2022-03-14T13:06:38Z</time>
      </trkpt>
      <trkpt lat="34.33784498242943" lon="109.03012068542922">
        <ele>386.8434538859874</ele>
        <time>2022-03-14T13:06:44Z</time>
      </trkpt>
      <trkpt lat="34.338165385638895" lon="109.02958006879483">
        <ele>387.25260996911675</ele>
        <time>2022-03-14T13:06:50Z</time>
      </trkpt>
      <trkpt lat="34.3383933242614" lon="109.02923134397014">
        <ele>387.99686320032924</ele>
        <time>2022-03-14T13:06:54Z</time>
      </trkpt>
      <trkpt lat="34.33868702404869" lon="109.02868442133621">
        <ele>388.62337833922356</ele>
        <time>2022-03-14T13:07:00Z</time>
      </trkpt>
      <trkpt lat="34.3387862181388" lon="109.02852014639305">
        <ele>388.57721478957683</ele>
        <time>2022-03-14T13:07:02Z</time>
      </trkpt>
      <trkpt lat="34.338895399460654" lon="109.0283844285346">
        <ele>387.6740011414513</ele>
        <time>2022-03-14T13:07:04Z</time>
      </trkpt>
      <trkpt lat="34.33908586796601" lon="109.02802784274938">
        <ele>386.5231261514127</ele>
        <time>2022-03-14T13:07:08Z</time>
      </trkpt>
      <trkpt lat="34.33923760619622" lon="109.02764300044463">
        <ele>386.8009469397366</ele>
        <time>2022-03-14T13:07:12Z</time>
      </trkpt>
      <trkpt lat="34.339390557777755" lon="109.02752696467586">
        <ele>387.4614271838218</ele>
        <time>2022-03-14T13:07:14Z</time>
      </trkpt>
      <trkpt lat="34.339450031853566" lon="109.02728372469988">
        <ele>386.8836900210008</ele>
        <time>2022-03-14T13:07:16Z</time>
      </trkpt>
      <trkpt lat="34.339577654104055" lon="109.02712983820672">
        <ele>386.32486546691507</ele>
        <time>2022-03-14T13:07:18Z</time>
      </trkpt>
      <trkpt lat="34.339924447152" lon="109.02662756999896">
        <ele>385.9394604507834</ele>
        <time>2022-03-14T13:07:24Z</time>
      </trkpt>
      <trkpt lat="34.340287941393456" lon="109.02611911507368">
        <ele>385.553884989582</ele>
        <time>2022-03-14T13:07:30Z</time>
      </trkpt>
      <trkpt lat="34.34065193952716" lon="109.02561253121891">
        <ele>384.7474427605048</ele>
        <time>2022-03-14T13:07:36Z</time>
      </trkpt>
      <trkpt lat="34.34101286389904" lon="109.02509613106554">
        <ele>385.978253739886</ele>
        <time>2022-03-14T13:07:42Z</time>
      </trkpt>
      <trkpt lat="34.341354706328154" lon="109.02461512596706">
        <ele>385.6174195855856</ele>
        <time>2022-03-14T13:07:48Z</time>
      </trkpt>
      <trkpt lat="34.34154788173488" lon="109.02435889326263">
        <ele>384.23120932653546</ele>
        <time>2022-03-14T13:07:52Z</time>
      </trkpt>
      <trkpt lat="34.341554393474155" lon="109.02423285159261">
        <ele>384.3482662346214</ele>
        <time>2022-03-14T13:07:54Z</time>
      </trkpt>
      <trkpt lat="34.34147635035785" lon="109.0241821813705">
        <ele>385.16584713198245</ele>
        <time>2022-03-14T13:07:56Z</time>
      </trkpt>
      <trkpt lat="34.3413664724488" lon="109.02427654117288">
        <ele>385.4996698750183</ele>
        <time>2022-03-14T13:07:58Z</time>
      </trkpt>
      <trkpt lat="34.341330254101145" lon="109.02445298835653">
        <ele>385.9161676373333</ele>
        <time>2022-03-14T13:08:00Z</time>
      </trkpt>
      <trkpt lat="34.341231216338535" lon="109.02458308314608">
        <ele>385.3705343361944</ele>
        <time>2022-03-14T13:08:02Z</time>
      </trkpt>
      <trkpt lat="34.341105448867864" lon="109.02471158165943">
        <ele>385.6401752009988</ele>
        <time>2022-03-14T13:08:04Z</time>
      </trkpt>
      <trkpt lat="34.3407816471762" lon="109.02519580447567">
        <ele>385.60760750994086</ele>
        <time>2022-03-14T13:08:10Z</time>
      </trkpt>
      <trkpt lat="34.340443120855234" lon="109.02565518139208">
        <ele>385.04090776946396</ele>
        <time>2022-03-14T13:08:16Z</time>
      </trkpt>
      <trkpt lat="34.34011893845783" lon="109.02612181337783">
        <ele>384.41853295080364</ele>
        <time>2022-03-14T13:08:22Z</time>
      </trkpt>
      <trkpt lat="34.33980116815955" lon="109.02659240158417">
        <ele>384.993323196657</ele>
        <time>2022-03-14T13:08:28Z</time>
      </trkpt>
      <trkpt lat="34.33942662805903" lon="109.02713231879211">
        <ele>384.9282891638577</ele>
        <time>2022-03-14T13:08:35Z</time>
      </trkpt>
      <trkpt lat="34.33910859467161" lon="109.02761424427865">
        <ele>386.2707562642172</ele>
        <time>2022-03-14T13:08:41Z</time>
      </trkpt>
      <trkpt lat="34.338798421806196" lon="109.02812950011206">
        <ele>386.2666428592056</ele>
        <time>2022-03-14T13:08:47Z</time>
      </trkpt>
      <trkpt lat="34.33850618085135" lon="109.02864249728913">
        <ele>387.4360263030976</ele>
        <time>2022-03-14T13:08:53Z</time>
      </trkpt>
      <trkpt lat="34.33821269236697" lon="109.0291443049582">
        <ele>387.0731758456677</ele>
        <time>2022-03-14T13:08:59Z</time>
      </trkpt>
      <trkpt lat="34.337928620696836" lon="109.02967602409221">
        <ele>386.6681807273999</ele>
        <time>2022-03-14T13:09:05Z</time>
      </trkpt>
      <trkpt lat="34.337626610904344" lon="109.0302023339455">
        <ele>386.56552588380873</ele>
        <time>2022-03-14T13:09:11Z</time>
      </trkpt>
      <trkpt lat="34.33733525690436" lon="109.03072785290082">
        <ele>386.75359450653195</ele>
        <time>2022-03-14T13:09:17Z</time>
      </trkpt>
      <trkpt lat="34.33703707448755" lon="109.03124946865002">
        <ele>387.3689238280058</ele>
        <time>2022-03-14T13:09:23Z</time>
      </trkpt>
      <trkpt lat="34.33674559308916" lon="109.03175557187551">
        <ele>388.1231306567788</ele>
        <time>2022-03-14T13:09:29Z</time>
      </trkpt>
      <trkpt lat="34.336445526957746" lon="109.03226725682536">
        <ele>387.450942219235</ele>
        <time>2022-03-14T13:09:35Z</time>
      </trkpt>
      <trkpt lat="34.336152468964336" lon="109.03280079320209">
        <ele>387.2973849819973</ele>
        <time>2022-03-14T13:09:41Z</time>
      </trkpt>
      <trkpt lat="34.3359090378661" lon="109.03323804173908">
        <ele>386.8479530941695</ele>
        <time>2022-03-14T13:09:46Z</time>
      </trkpt>
      <trkpt lat="34.33560577875361" lon="109.033765195298">
        <ele>387.7906325152144</ele>
        <time>2022-03-14T13:09:52Z</time>
      </trkpt>
      <trkpt lat="34.335315198118714" lon="109.03429217958585">
        <ele>387.78810808900744</ele>
        <time>2022-03-14T13:09:58Z</time>
      </trkpt>
      <trkpt lat="34.33500444819799" lon="109.03481455442794">
        <ele>388.0591275896877</ele>
        <time>2022-03-14T13:10:04Z</time>
      </trkpt>
      <trkpt lat="34.33470060444077" lon="109.03532849350105">
        <ele>387.7948606973514</ele>
        <time>2022-03-14T13:10:10Z</time>
      </trkpt>
      <trkpt lat="34.33439685009686" lon="109.03585010791956">
        <ele>387.7047594161704</ele>
        <time>2022-03-14T13:10:16Z</time>
      </trkpt>
      <trkpt lat="34.33409968145751" lon="109.03636976244829">
        <ele>387.5005820803344</ele>
        <time>2022-03-14T13:10:22Z</time>
      </trkpt>
      <trkpt lat="34.333910576239546" lon="109.03673500752774">
        <ele>388.61561833135784</ele>
        <time>2022-03-14T13:10:26Z</time>
      </trkpt>
      <trkpt lat="34.33380045166187" lon="109.03690252097402">
        <ele>388.58059173822403</ele>
        <time>2022-03-14T13:10:28Z</time>
      </trkpt>
      <trkpt lat="34.333608096459216" lon="109.03726023630774">
        <ele>387.9223809093237</ele>
        <time>2022-03-14T13:10:32Z</time>
      </trkpt>
      <trkpt lat="34.333497129883284" lon="109.03742340268053">
        <ele>387.29053836595267</ele>
        <time>2022-03-14T13:10:34Z</time>
      </trkpt>
      <trkpt lat="34.333312950850754" lon="109.03780065165142">
        <ele>388.0701455278322</ele>
        <time>2022-03-14T13:10:38Z</time>
      </trkpt>
      <trkpt lat="34.33300449085778" lon="109.03832946967533">
        <ele>389.2825170904398</ele>
        <time>2022-03-14T13:10:44Z</time>
      </trkpt>
      <trkpt lat="34.332697848239" lon="109.0388505749463">
        <ele>389.65968056581914</ele>
        <time>2022-03-14T13:10:50Z</time>
      </trkpt>
      <trkpt lat="34.33240179659296" lon="109.03937071488791">
        <ele>389.8130606524646</ele>
        <time>2022-03-14T13:10:56Z</time>
      </trkpt>
      <trkpt lat="34.33211224783832" lon="109.03990896949642">
        <ele>391.01280676107854</ele>
        <time>2022-03-14T13:11:02Z</time>
      </trkpt>
      <trkpt lat="34.33180927206332" lon="109.04043637841365">
        <ele>391.16364370658994</ele>
        <time>2022-03-14T13:11:08Z</time>
      </trkpt>
      <trkpt lat="34.33149169021012" lon="109.04097095167025">
        <ele>389.98595806770027</ele>
        <time>2022-03-14T13:11:14Z</time>
      </trkpt>
      <trkpt lat="34.331202306964045" lon="109.0415326153759">
        <ele>388.8226361842826</ele>
        <time>2022-03-14T13:11:20Z</time>
      </trkpt>
      <trkpt lat="34.331043521329654" lon="109.04192759636895">
        <ele>389.1053112531081</ele>
        <time>2022-03-14T13:11:24Z</time>
      </trkpt>
      <trkpt lat="34.33075045826557" lon="109.04246553677814">
        <ele>389.2761077340692</ele>
        <time>2022-03-14T13:11:30Z</time>
      </trkpt>
      <trkpt lat="34.33043759523432" lon="109.04298289959836">
        <ele>390.86839786171913</ele>
        <time>2022-03-14T13:11:36Z</time>
      </trkpt>
      <trkpt lat="34.33025811918489" lon="109.04327894678917">
        <ele>390.20283395890146</ele>
        <time>2022-03-14T13:11:40Z</time>
      </trkpt>
      <trkpt lat="34.33001743920185" lon="109.04373583468174">
        <ele>390.55398175586015</ele>
        <time>2022-03-14T13:11:46Z</time>
      </trkpt>
      <trkpt lat="34.32974042452772" lon="109.04420081890746">
        <ele>390.95969552826136</ele>
        <time>2022-03-14T13:11:52Z</time>
      </trkpt>
      <trkpt lat="34.32947277270989" lon="109.04468136306615">
        <ele>388.89695122651756</ele>
        <time>2022-03-14T13:11:58Z</time>
      </trkpt>
      <trkpt lat="34.329196140114774" lon="109.04515172790734">
        <ele>387.1188297662884</ele>
        <time>2022-03-14T13:12:04Z</time>
      </trkpt>
      <trkpt lat="34.328937079316084" lon="109.0455708238678">
        <ele>388.85171800944954</ele>
        <time>2022-03-14T13:12:10Z</time>
      </trkpt>
      <trkpt lat="34.32893539047401" lon="109.04572053830229">
        <ele>390.6012818487361</ele>
        <time>2022-03-14T13:12:12Z</time>
      </trkpt>
      <trkpt lat="34.32905064931184" lon="109.04574407200863">
        <ele>390.46444585360587</ele>
        <time>2022-03-14T13:12:14Z</time>
      </trkpt>
      <trkpt lat="34.329152300829485" lon="109.04558436329555">
        <ele>391.0011997781694</ele>
        <time>2022-03-14T13:12:16Z</time>
      </trkpt>
      <trkpt lat="34.3291988274587" lon="109.04541393295585">
        <ele>391.4455508654937</ele>
        <time>2022-03-14T13:12:18Z</time>
      </trkpt>
      <trkpt lat="34.329472649915424" lon="109.04492615335603">
        <ele>388.9573486363515</ele>
        <time>2022-03-14T13:12:24Z</time>
      </trkpt>
      <trkpt lat="34.329778651298255" lon="109.0444108948417">
        <ele>386.4579704115167</ele>
        <time>2022-03-14T13:12:30Z</time>
      </trkpt>
      <trkpt lat="34.33007418501729" lon="109.04386660377051">
        <ele>388.3514951048419</ele>
        <time>2022-03-14T13:12:36Z</time>
      </trkpt>
      <trkpt lat="34.3303782697969" lon="109.04333760724194">
        <ele>389.4817084008828</ele>
        <time>2022-03-14T13:12:42Z</time>
      </trkpt>
      <trkpt lat="34.330576392769785" lon="109.04296182672282">
        <ele>389.2420890862122</ele>
        <time>2022-03-14T13:12:46Z</time>
      </trkpt>
      <trkpt lat="34.33090187822459" lon="109.04245141417903">
        <ele>389.8529257234186</ele>
        <time>2022-03-14T13:12:52Z</time>
      </trkpt>
      <trkpt lat="34.331192095395956" lon="109.04191791434884">
        <ele>388.9638355318457</ele>
        <time>2022-03-14T13:12:58Z</time>
      </trkpt>
      <trkpt lat="34.331489455544066" lon="109.04138958119236">
        <ele>389.57865812350065</ele>
        <time>2022-03-14T13:13:04Z</time>
      </trkpt>
      <trkpt lat="34.33178737411425" lon="109.04088136997362">
        <ele>389.11401441693306</ele>
        <time>2022-03-14T13:13:10Z</time>
      </trkpt>
      <trkpt lat="34.33198033064965" lon="109.0405308232849">
        <ele>389.49926708545536</ele>
        <time>2022-03-14T13:13:14Z</time>
      </trkpt>
      <trkpt lat="34.33228778216377" lon="109.04002573837977">
        <ele>388.9633032893762</ele>
        <time>2022-03-14T13:13:20Z</time>
      </trkpt>
      <trkpt lat="34.332602720894066" lon="109.03951150646725">
        <ele>389.2091757664457</ele>
        <time>2022-03-14T13:13:26Z</time>
      </trkpt>
      <trkpt lat="34.33289974611137" lon="109.0389848995168">
        <ele>388.6793341450393</ele>
        <time>2022-03-14T13:13:32Z</time>
      </trkpt>
      <trkpt lat="34.33306618431346" lon="109.03864244860667">
        <ele>388.38763669040054</ele>
        <time>2022-03-14T13:13:36Z</time>
      </trkpt>
      <trkpt lat="34.333383370045965" lon="109.03813069979742">
        <ele>388.4367663450539</ele>
        <time>2022-03-14T13:13:42Z</time>
      </trkpt>
      <trkpt lat="34.33367733688809" lon="109.03759572825244">
        <ele>388.66470640618354</ele>
        <time>2022-03-14T13:13:48Z</time>
      </trkpt>
      <trkpt lat="34.33396575650588" lon="109.03704914081644">
        <ele>387.0264487992972</ele>
        <time>2022-03-14T13:13:54Z</time>
      </trkpt>
      <trkpt lat="34.33428208640795" lon="109.03651027793403">
        <ele>387.63447119668126</ele>
        <time>2022-03-14T13:14:00Z</time>
      </trkpt>
      <trkpt lat="34.33458730092302" lon="109.03598496296581">
        <ele>387.5341189522296</ele>
        <time>2022-03-14T13:14:06Z</time>
      </trkpt>
      <trkpt lat="34.334895257394784" lon="109.03544791139072">
        <ele>386.3157119862735</ele>
        <time>2022-03-14T13:14:12Z</time>
      </trkpt>
      <trkpt lat="34.33518628351789" lon="109.03490531360876">
        <ele>387.3142219306901</ele>
        <time>2022-03-14T13:14:18Z</time>
      </trkpt>
      <trkpt lat="34.335486787187136" lon="109.03436461871891">
        <ele>386.6120767071843</ele>
        <time>2022-03-14T13:14:24Z</time>
      </trkpt>
      <trkpt lat="34.33579711539141" lon="109.03383166284127">
        <ele>386.6136778779328</ele>
        <time>2022-03-14T13:14:30Z</time>
      </trkpt>
      <trkpt lat="34.336096093814625" lon="109.03327741260073">
        <ele>387.09865882247686</ele>
        <time>2022-03-14T13:14:36Z</time>
      </trkpt>
      <trkpt lat="34.33639799591664" lon="109.03274812080188">
        <ele>386.52383394446224</ele>
        <time>2022-03-14T13:14:42Z</time>
      </trkpt>
      <trkpt lat="34.33670753448978" lon="109.03222138412656">
        <ele>386.3522328156978</ele>
        <time>2022-03-14T13:14:48Z</time>
      </trkpt>
      <trkpt lat="34.33701526782884" lon="109.0316768881252">
        <ele>386.50247235782444</ele>
        <time>2022-03-14T13:14:54Z</time>
      </trkpt>
      <trkpt lat="34.33731035189715" lon="109.03111053549345">
        <ele>386.92916669137776</ele>
        <time>2022-03-14T13:15:00Z</time>
      </trkpt>
      <trkpt lat="34.33762962567546" lon="109.03057140123742">
        <ele>386.4830018961802</ele>
        <time>2022-03-14T13:15:06Z</time>
      </trkpt>
      <trkpt lat="34.33792648550044" lon="109.03001518465587">
        <ele>386.1244649933651</ele>
        <time>2022-03-14T13:15:12Z</time>
      </trkpt>
      <trkpt lat="34.338234965066746" lon="109.02948876221896">
        <ele>386.4796180250123</ele>
        <time>2022-03-14T13:15:18Z</time>
      </trkpt>
      <trkpt lat="34.338527524454825" lon="109.02896300971274">
        <ele>386.70892395824194</ele>
        <time>2022-03-14T13:15:24Z</time>
      </trkpt>
      <trkpt lat="34.33881210594199" lon="109.02842227967685">
        <ele>387.5349648017436</ele>
        <time>2022-03-14T13:15:30Z</time>
      </trkpt>
      <trkpt lat="34.339080319813185" lon="109.02786926646941">
        <ele>386.28998636920005</ele>
        <time>2022-03-14T13:15:36Z</time>
      </trkpt>
      <trkpt lat="34.33927071790309" lon="109.02751586447182">
        <ele>385.539283211343</ele>
        <time>2022-03-14T13:15:40Z</time>
      </trkpt>
      <trkpt lat="34.33961800664299" lon="109.02703104461567">
        <ele>386.03445874433964</ele>
        <time>2022-03-14T13:15:46Z</time>
      </trkpt>
      <trkpt lat="34.33996937206299" lon="109.02654907524638">
        <ele>385.1531140683219</ele>
        <time>2022-03-14T13:15:52Z</time>
      </trkpt>
      <trkpt lat="34.340321000868144" lon="109.0260678525359">
        <ele>384.1086947321892</ele>
        <time>2022-03-14T13:15:58Z</time>
      </trkpt>
      <trkpt lat="34.340677357639976" lon="109.02556724987734">
        <ele>383.8829612955451</ele>
        <time>2022-03-14T13:16:04Z</time>
      </trkpt>
      <trkpt lat="34.34090207017275" lon="109.02522238040883">
        <ele>386.02579871285707</ele>
        <time>2022-03-14T13:16:08Z</time>
      </trkpt>
      <trkpt lat="34.341245740635436" lon="109.02474607013485">
        <ele>386.0079826852307</ele>
        <time>2022-03-14T13:16:14Z</time>
      </trkpt>
      <trkpt lat="34.341464935839134" lon="109.0244728759881">
        <ele>385.05931545142084</ele>
        <time>2022-03-14T13:16:18Z</time>
      </trkpt>
      <trkpt lat="34.341554454845806" lon="109.02432901847762">
        <ele>385.48117147758603</ele>
        <time>2022-03-14T13:16:20Z</time>
      </trkpt>
      <trkpt lat="34.34155951339843" lon="109.02418037276165">
        <ele>384.5666754785925</ele>
        <time>2022-03-14T13:16:22Z</time>
      </trkpt>
      <trkpt lat="34.34147103056602" lon="109.02411450853212">
        <ele>385.26984932180494</ele>
        <time>2022-03-14T13:16:24Z</time>
      </trkpt>
      <trkpt lat="34.34136147136675" lon="109.0242187395854">
        <ele>384.87038038112223</ele>
        <time>2022-03-14T13:16:26Z</time>
      </trkpt>
      <trkpt lat="34.34133817775473" lon="109.02444267044743">
        <ele>384.8426607241854</ele>
        <time>2022-03-14T13:16:28Z</time>
      </trkpt>
      <trkpt lat="34.34120390249575" lon="109.0245435754622">
        <ele>384.45168960187584</ele>
        <time>2022-03-14T13:16:30Z</time>
      </trkpt>
      <trkpt lat="34.341003215403894" lon="109.02487561144292">
        <ele>384.9502605134621</ele>
        <time>2022-03-14T13:16:34Z</time>
      </trkpt>
      <trkpt lat="34.34088395795838" lon="109.02504089535483">
        <ele>383.9244622765109</ele>
        <time>2022-03-14T13:16:36Z</time>
      </trkpt>
      <trkpt lat="34.340534839026304" lon="109.02553129338781">
        <ele>385.2511051297188</ele>
        <time>2022-03-14T13:16:42Z</time>
      </trkpt>
      <trkpt lat="34.340205384975384" lon="109.0259915268741">
        <ele>385.4670115513727</ele>
        <time>2022-03-14T13:16:48Z</time>
      </trkpt>
      <trkpt lat="34.33987760929279" lon="109.02647501692564">
        <ele>385.44271700643003</ele>
        <time>2022-03-14T13:16:54Z</time>
      </trkpt>
      <trkpt lat="34.33953456102226" lon="109.0269386146874">
        <ele>385.37852724827826</ele>
        <time>2022-03-14T13:17:00Z</time>
      </trkpt>
      <trkpt lat="34.339211477872205" lon="109.02741332609685">
        <ele>386.0015976373106</ele>
        <time>2022-03-14T13:17:06Z</time>
      </trkpt>
      <trkpt lat="34.33900023865808" lon="109.02775719948959">
        <ele>386.3065051967278</ele>
        <time>2022-03-14T13:17:10Z</time>
      </trkpt>
      <trkpt lat="34.338886589583936" lon="109.02791156548132">
        <ele>385.0528197037056</ele>
        <time>2022-03-14T13:17:12Z</time>
      </trkpt>
      <trkpt lat="34.3386014840479" lon="109.02845292582603">
        <ele>387.04224204737693</ele>
        <time>2022-03-14T13:17:18Z</time>
      </trkpt>
      <trkpt lat="34.33829337160031" lon="109.02898172325025">
        <ele>387.5910890651867</ele>
        <time>2022-03-14T13:17:24Z</time>
      </trkpt>
      <trkpt lat="34.337994006032154" lon="109.02952462382359">
        <ele>386.6919377055019</ele>
        <time>2022-03-14T13:17:30Z</time>
      </trkpt>
      <trkpt lat="34.3376854107468" lon="109.03006301290877">
        <ele>386.7965218834579</ele>
        <time>2022-03-14T13:17:36Z</time>
      </trkpt>
      <trkpt lat="34.337388357328926" lon="109.03061086616232">
        <ele>386.71734034549445</ele>
        <time>2022-03-14T13:17:42Z</time>
      </trkpt>
      <trkpt lat="34.337083933559974" lon="109.03114322529467">
        <ele>386.8492783419788</ele>
        <time>2022-03-14T13:17:48Z</time>
      </trkpt>
      <trkpt lat="34.33678035555213" lon="109.0316441787616">
        <ele>387.17751137632877</ele>
        <time>2022-03-14T13:17:54Z</time>
      </trkpt>
      <trkpt lat="34.33649222505534" lon="109.03216202882876">
        <ele>386.06682002544403</ele>
        <time>2022-03-14T13:18:00Z</time>
      </trkpt>
      <trkpt lat="34.3361900841955" lon="109.0326865069173">
        <ele>386.9725854275748</ele>
        <time>2022-03-14T13:18:06Z</time>
      </trkpt>
      <trkpt lat="34.33589514417534" lon="109.0332169009416">
        <ele>386.49098709225655</ele>
        <time>2022-03-14T13:18:12Z</time>
      </trkpt>
      <trkpt lat="34.33559542113421" lon="109.03371628761923">
        <ele>387.55433958303183</ele>
        <time>2022-03-14T13:18:18Z</time>
      </trkpt>
      <trkpt lat="34.33530765816175" lon="109.0342392599788">
        <ele>387.8118159947917</ele>
        <time>2022-03-14T13:18:24Z</time>
      </trkpt>
      <trkpt lat="34.335005859091275" lon="109.03478456842929">
        <ele>387.3570671379566</ele>
        <time>2022-03-14T13:18:30Z</time>
      </trkpt>
      <trkpt lat="34.33470912082284" lon="109.03530648370409">
        <ele>387.86670178361237</ele>
        <time>2022-03-14T13:18:36Z</time>
      </trkpt>
      <trkpt lat="34.33440544628798" lon="109.03581625044454">
        <ele>389.4680020706728</ele>
        <time>2022-03-14T13:18:42Z</time>
      </trkpt>
      <trkpt lat="34.334105516944064" lon="109.03634436722815">
        <ele>388.2362513085827</ele>
        <time>2022-03-14T13:18:48Z</time>
      </trkpt>
      <trkpt lat="34.333818733812635" lon="109.03688258506007">
        <ele>388.36721941363066</ele>
        <time>2022-03-14T13:18:54Z</time>
      </trkpt>
      <trkpt lat="34.333515345439515" lon="109.03741697742838">
        <ele>387.4464889680967</ele>
        <time>2022-03-14T13:19:00Z</time>
      </trkpt>
      <trkpt lat="34.333209342736424" lon="109.03794467254706">
        <ele>388.6186074083671</ele>
        <time>2022-03-14T13:19:06Z</time>
      </trkpt>
      <trkpt lat="34.332901362284595" lon="109.03848040358295">
        <ele>388.57901264261454</ele>
        <time>2022-03-14T13:19:12Z</time>
      </trkpt>
      <trkpt lat="34.33259376080228" lon="109.0390189085702">
        <ele>388.72280289418995</ele>
        <time>2022-03-14T13:19:18Z</time>
      </trkpt>
      <trkpt lat="34.33229646098992" lon="109.03955122897766">
        <ele>389.5978229334578</ele>
        <time>2022-03-14T13:19:24Z</time>
      </trkpt>
      <trkpt lat="34.33199294186199" lon="109.0400839585123">
        <ele>389.1516478052363</ele>
        <time>2022-03-14T13:19:30Z</time>
      </trkpt>
      <trkpt lat="34.331682569892465" lon="109.04062338849917">
        <ele>389.8731469362974</ele>
        <time>2022-03-14T13:19:36Z</time>
      </trkpt>
      <trkpt lat="34.33147494052211" lon="109.04097614063353">
        <ele>389.5938098458573</ele>
        <time>2022-03-14T13:19:40Z</time>
      </trkpt>
      <trkpt lat="34.33118640262426" lon="109.04155101339184">
        <ele>388.6795744076371</ele>
        <time>2022-03-14T13:19:46Z</time>
      </trkpt>
      <trkpt lat="34.330926288828095" lon="109.04213239755065">
        <ele>387.12410691194236</ele>
        <time>2022-03-14T13:19:52Z</time>
      </trkpt>
      <trkpt lat="34.33061695905686" lon="109.04265550333727">
        <ele>386.7254311721772</ele>
        <time>2022-03-14T13:19:58Z</time>
      </trkpt>
      <trkpt lat="34.33032631544027" lon="109.04318050453263">
        <ele>389.29496106971055</ele>
        <time>2022-03-14T13:20:04Z</time>
      </trkpt>
      <trkpt lat="34.33002855770585" lon="109.04370806410017">
        <ele>390.16303814481944</ele>
        <time>2022-03-14T13:20:10Z</time>
      </trkpt>
      <trkpt lat="34.32973581857632" lon="109.04421686684113">
        <ele>389.87471870612353</ele>
        <time>2022-03-14T13:20:16Z</time>
      </trkpt>
      <trkpt lat="34.32943295288209" lon="109.04471559758684">
        <ele>387.290330465883</ele>
        <time>2022-03-14T13:20:22Z</time>
      </trkpt>
      <trkpt lat="34.32916719596383" lon="109.04519382345902">
        <ele>385.7511908626184</ele>
        <time>2022-03-14T13:20:28Z</time>
      </trkpt>
      <trkpt lat="34.32893060223116" lon="109.04558529527587">
        <ele>389.6696812417358</ele>
        <time>2022-03-14T13:20:34Z</time>
      </trkpt>
      <trkpt lat="34.328953557205196" lon="109.04571786221327">
        <ele>390.3370043411851</ele>
        <time>2022-03-14T13:20:36Z</time>
      </trkpt>
      <trkpt lat="34.32905307158875" lon="109.04571194445292">
        <ele>389.732463770546</ele>
        <time>2022-03-14T13:20:38Z</time>
      </trkpt>
      <trkpt lat="34.329158757168365" lon="109.0456023597243">
        <ele>390.89345565997064</ele>
        <time>2022-03-14T13:20:40Z</time>
      </trkpt>
      <trkpt lat="34.3292111134434" lon="109.04541144280513">
        <ele>391.39584206975996</ele>
        <time>2022-03-14T13:20:42Z</time>
      </trkpt>
      <trkpt lat="34.32936259494023" lon="109.0450782015483">
        <ele>390.39632121194154</ele>
        <time>2022-03-14T13:20:46Z</time>
      </trkpt>
      <trkpt lat="34.32947033514584" lon="109.04493049549794">
        <ele>388.842107091099</ele>
        <time>2022-03-14T13:20:48Z</time>
      </trkpt>
      <trkpt lat="34.329760325089325" lon="109.04442344665365">
        <ele>386.13179449457675</ele>
        <time>2022-03-14T13:20:54Z</time>
      </trkpt>
      <trkpt lat="34.330064358230864" lon="109.04390636015675">
        <ele>388.41446707211435</ele>
        <time>2022-03-14T13:21:00Z</time>
      </trkpt>
      <trkpt lat="34.33035716483811" lon="109.04336421763263">
        <ele>390.48357710428536</ele>
        <time>2022-03-14T13:21:06Z</time>
      </trkpt>
      <trkpt lat="34.3306647731222" lon="109.04284637684835">
        <ele>389.73032180871814</ele>
        <time>2022-03-14T13:21:12Z</time>
      </trkpt>
      <trkpt lat="34.330970499784584" lon="109.04231393893585">
        <ele>389.9339022357017</ele>
        <time>2022-03-14T13:21:18Z</time>
      </trkpt>
      <trkpt lat="34.33125989023011" lon="109.04179425411665">
        <ele>389.0985057307407</ele>
        <time>2022-03-14T13:21:24Z</time>
      </trkpt>
      <trkpt lat="34.331552497460834" lon="109.04127682761273">
        <ele>390.038754270412</ele>
        <time>2022-03-14T13:21:30Z</time>
      </trkpt>
      <trkpt lat="34.33183408233235" lon="109.04078158619299">
        <ele>389.7450707340613</ele>
        <time>2022-03-14T13:21:36Z</time>
      </trkpt>
      <trkpt lat="34.33212940356138" lon="109.04027459466134">
        <ele>388.88986151851714</ele>
        <time>2022-03-14T13:21:42Z</time>
      </trkpt>
      <trkpt lat="34.33243715443882" lon="109.03976122254178">
        <ele>389.04818413220346</ele>
        <time>2022-03-14T13:21:48Z</time>
      </trkpt>
      <trkpt lat="34.33273330266891" lon="109.03921959859723">
        <ele>388.3770055603236</ele>
        <time>2022-03-14T13:21:54Z</time>
      </trkpt>
      <trkpt lat="34.33302957529824" lon="109.03869167667678">
        <ele>388.1468089558184</ele>
        <time>2022-03-14T13:22:00Z</time>
      </trkpt>
      <trkpt lat="34.33334584676314" lon="109.03816235693935">
        <ele>389.2245062449947</ele>
        <time>2022-03-14T13:22:06Z</time>
      </trkpt>
      <trkpt lat="34.33363734122019" lon="109.03763145364871">
        <ele>389.3678766703233</ele>
        <time>2022-03-14T13:22:12Z</time>
      </trkpt>
      <trkpt lat="34.333928769755396" lon="109.03708389806945">
        <ele>388.3214250225574</ele>
        <time>2022-03-14T13:22:18Z</time>
      </trkpt>
      <trkpt lat="34.334239446319984" lon="109.03655430473732">
        <ele>388.084560636431</ele>
        <time>2022-03-14T13:22:24Z</time>
      </trkpt>
      <trkpt lat="34.334541312739056" lon="109.03602446494223">
        <ele>387.4055513488129</ele>
        <time>2022-03-14T13:22:30Z</time>
      </trkpt>
      <trkpt lat="34.33473608866129" lon="109.03566118321186">
        <ele>387.92519934661686</ele>
        <time>2022-03-14T13:22:34Z</time>
      </trkpt>
      <trkpt lat="34.335047245850234" lon="109.03512815768802">
        <ele>388.16381403803825</ele>
        <time>2022-03-14T13:22:40Z</time>
      </trkpt>
      <trkpt lat="34.33535424613534" lon="109.03459583558512">
        <ele>386.41873896773905</ele>
        <time>2022-03-14T13:22:46Z</time>
      </trkpt>
      <trkpt lat="34.33565702780712" lon="109.03406135562271">
        <ele>386.20576936379075</ele>
        <time>2022-03-14T13:22:52Z</time>
      </trkpt>
      <trkpt lat="34.33596911310389" lon="109.03351869053655">
        <ele>386.9819980347529</ele>
        <time>2022-03-14T13:22:58Z</time>
      </trkpt>
      <trkpt lat="34.33626317555184" lon="109.03297176907064">
        <ele>387.10805875621736</ele>
        <time>2022-03-14T13:23:04Z</time>
      </trkpt>
      <trkpt lat="34.33657054332798" lon="109.03244728781206">
        <ele>387.0761708393693</ele>
        <time>2022-03-14T13:23:10Z</time>
      </trkpt>
      <trkpt lat="34.33686557982127" lon="109.03191611529708">
        <ele>385.903619450517</ele>
        <time>2022-03-14T13:23:16Z</time>
      </trkpt>
      <trkpt lat="34.33717552057131" lon="109.03136984051541">
        <ele>386.28793894313276</ele>
        <time>2022-03-14T13:23:22Z</time>
      </trkpt>
      <trkpt lat="34.337480604327624" lon="109.03080842489115">
        <ele>386.8775561982766</ele>
        <time>2022-03-14T13:23:28Z</time>
      </trkpt>
      <trkpt lat="34.33768394701441" lon="109.03043091878912">
        <ele>387.35943337902427</ele>
        <time>2022-03-14T13:23:32Z</time>
      </trkpt>
      <trkpt lat="34.33799252986421" lon="109.02990931747833">
        <ele>387.2077857721597</ele>
        <time>2022-03-14T13:23:38Z</time>
      </trkpt>
      <trkpt lat="34.33828972466626" lon="109.02936895558354">
        <ele>388.07269259076566</ele>
        <time>2022-03-14T13:23:44Z</time>
      </trkpt>
      <trkpt lat="34.33859533268343" lon="109.02885162889335">
        <ele>387.0335247749463</ele>
        <time>2022-03-14T13:23:50Z</time>
      </trkpt>
      <trkpt lat="34.33886962207315" lon="109.02834934597814">
        <ele>387.07304314058274</ele>
        <time>2022-03-14T13:23:56Z</time>
      </trkpt>
      <trkpt lat="34.33911241885888" lon="109.02781758178806">
        <ele>386.3009767793119</ele>
        <time>2022-03-14T13:24:02Z</time>
      </trkpt>
      <trkpt lat="34.339417945198456" lon="109.02733479538246">
        <ele>385.49226668663323</ele>
        <time>2022-03-14T13:24:08Z</time>
      </trkpt>
      <trkpt lat="34.339763929936545" lon="109.0268633901958">
        <ele>384.9420040845871</ele>
        <time>2022-03-14T13:24:14Z</time>
      </trkpt>
      <trkpt lat="34.34012006879453" lon="109.02637389384434">
        <ele>385.3775597726926</ele>
        <time>2022-03-14T13:24:20Z</time>
      </trkpt>
      <trkpt lat="34.34046998321925" lon="109.02586290372972">
        <ele>384.8987041208893</ele>
        <time>2022-03-14T13:24:26Z</time>
      </trkpt>
      <trkpt lat="34.34082560807288" lon="109.02535568225522">
        <ele>385.8255967795849</ele>
        <time>2022-03-14T13:24:32Z</time>
      </trkpt>
      <trkpt lat="34.341176885118735" lon="109.0248594026968">
        <ele>386.0999773275107</ele>
        <time>2022-03-14T13:24:38Z</time>
      </trkpt>
      <trkpt lat="34.341502322494684" lon="109.02443130088955">
        <ele>384.65478126797825</ele>
        <time>2022-03-14T13:24:44Z</time>
      </trkpt>
      <trkpt lat="34.341569706453924" lon="109.02431385966393">
        <ele>384.50585247110575</ele>
        <time>2022-03-14T13:24:46Z</time>
      </trkpt>
      <trkpt lat="34.341569653868234" lon="109.02421434869812">
        <ele>384.3837645929307</ele>
        <time>2022-03-14T13:24:48Z</time>
      </trkpt>
      <trkpt lat="34.34147426401015" lon="109.02416021303831">
        <ele>384.5262338295579</ele>
        <time>2022-03-14T13:24:50Z</time>
      </trkpt>
      <trkpt lat="34.34137858514477" lon="109.02423342998368">
        <ele>385.57937377970666</ele>
        <time>2022-03-14T13:24:52Z</time>
      </trkpt>
      <trkpt lat="34.341288494931995" lon="109.02436170555602">
        <ele>385.6130851795897</ele>
        <time>2022-03-14T13:24:54Z</time>
      </trkpt>
      <trkpt lat="34.34112039085941" lon="109.02469371823076">
        <ele>386.114758471027</ele>
        <time>2022-03-14T13:24:58Z</time>
      </trkpt>
      <trkpt lat="34.340799597560135" lon="109.0251720979735">
        <ele>385.21474803145975</ele>
        <time>2022-03-14T13:25:04Z</time>
      </trkpt>
      <trkpt lat="34.34047802643653" lon="109.02564907704006">
        <ele>385.389527393505</ele>
        <time>2022-03-14T13:25:10Z</time>
      </trkpt>
      <trkpt lat="34.3401491589374" lon="109.0261194283783">
        <ele>385.76136345323175</ele>
        <time>2022-03-14T13:25:16Z</time>
      </trkpt>
      <trkpt lat="34.33981136137243" lon="109.02657667289871">
        <ele>386.4649441251531</ele>
        <time>2022-03-14T13:25:22Z</time>
      </trkpt>
      <trkpt lat="34.33947630226119" lon="109.02704783957162">
        <ele>385.5862958487123</ele>
        <time>2022-03-14T13:25:28Z</time>
      </trkpt>
      <trkpt lat="34.33913575014856" lon="109.02753281834666">
        <ele>385.9393512699753</ele>
        <time>2022-03-14T13:25:34Z</time>
      </trkpt>
      <trkpt lat="34.33892215991479" lon="109.02786982531974">
        <ele>384.3176337108016</ele>
        <time>2022-03-14T13:25:38Z</time>
      </trkpt>
      <trkpt lat="34.33862328591247" lon="109.02842002156275">
        <ele>385.4352167947218</ele>
        <time>2022-03-14T13:25:44Z</time>
      </trkpt>
      <trkpt lat="34.33831932420758" lon="109.02896375928731">
        <ele>386.0333078475669</ele>
        <time>2022-03-14T13:25:50Z</time>
      </trkpt>
      <trkpt lat="34.33801435588717" lon="109.02952826384804">
        <ele>386.5604773052037</ele>
        <time>2022-03-14T13:25:56Z</time>
      </trkpt>
      <trkpt lat="34.33769184772813" lon="109.03008407942811">
        <ele>386.4626611536369</ele>
        <time>2022-03-14T13:26:02Z</time>
      </trkpt>
      <trkpt lat="34.3374837368275" lon="109.03047399766285">
        <ele>386.3866874910891</ele>
        <time>2022-03-14T13:26:06Z</time>
      </trkpt>
      <trkpt lat="34.337357156388194" lon="109.03064461310316">
        <ele>386.7555789090693</ele>
        <time>2022-03-14T13:26:08Z</time>
      </trkpt>
      <trkpt lat="34.33704941900729" lon="109.03119621384363">
        <ele>387.4264321234077</ele>
        <time>2022-03-14T13:26:14Z</time>
      </trkpt>
      <trkpt lat="34.33674458151717" lon="109.03173969922703">
        <ele>386.99681015405804</ele>
        <time>2022-03-14T13:26:20Z</time>
      </trkpt>
      <trkpt lat="34.33644055323469" lon="109.03228175342328">
        <ele>387.02717833500355</ele>
        <time>2022-03-14T13:26:26Z</time>
      </trkpt>
      <trkpt lat="34.33635224364207" lon="109.03247111664994">
        <ele>387.3912102673203</ele>
        <time>2022-03-14T13:26:28Z</time>
      </trkpt>
      <trkpt lat="34.33603757826557" lon="109.03300025487543">
        <ele>387.5677941245958</ele>
        <time>2022-03-14T13:26:34Z</time>
      </trkpt>
      <trkpt lat="34.33574136749148" lon="109.03354526361137">
        <ele>387.6870826613158</ele>
        <time>2022-03-14T13:26:40Z</time>
      </trkpt>
      <trkpt lat="34.33542509145186" lon="109.03407005292608">
        <ele>387.93071085307747</ele>
        <time>2022-03-14T13:26:46Z</time>
      </trkpt>
      <trkpt lat="34.33512333527335" lon="109.03462712077189">
        <ele>387.4824247537181</ele>
        <time>2022-03-14T13:26:52Z</time>
      </trkpt>
      <trkpt lat="34.334821373304436" lon="109.03515266619301">
        <ele>387.5701503576711</ele>
        <time>2022-03-14T13:26:58Z</time>
      </trkpt>
      <trkpt lat="34.334522909674284" lon="109.03568618412729">
        <ele>387.47866075020283</ele>
        <time>2022-03-14T13:27:04Z</time>
      </trkpt>
      <trkpt lat="34.33420785208669" lon="109.03621838975526">
        <ele>388.60680104326457</ele>
        <time>2022-03-14T13:27:10Z</time>
      </trkpt>
      <trkpt lat="34.334103634039714" lon="109.03639339097857">
        <ele>388.18479157518595</ele>
        <time>2022-03-14T13:27:12Z</time>
      </trkpt>
      <trkpt lat="34.333783305454496" lon="109.03692058582402">
        <ele>387.70524704642594</ele>
        <time>2022-03-14T13:27:18Z</time>
      </trkpt>
      <trkpt lat="34.33348819903716" lon="109.03745874642063">
        <ele>387.90027308743447</ele>
        <time>2022-03-14T13:27:24Z</time>
      </trkpt>
      <trkpt lat="34.33318571603116" lon="109.03802940070499">
        <ele>390.79213055502623</ele>
        <time>2022-03-14T13:27:30Z</time>
      </trkpt>
      <trkpt lat="34.33289144330407" lon="109.0385825785277">
        <ele>388.8804112970829</ele>
        <time>2022-03-14T13:27:36Z</time>
      </trkpt>
      <trkpt lat="34.3325737186886" lon="109.03911601935265">
        <ele>388.55471647158265</ele>
        <time>2022-03-14T13:27:42Z</time>
      </trkpt>
      <trkpt lat="34.33225660213987" lon="109.03966192693781">
        <ele>389.0278238533065</ele>
        <time>2022-03-14T13:27:48Z</time>
      </trkpt>
      <trkpt lat="34.331936749849646" lon="109.04022397196331">
        <ele>390.5077089872211</ele>
        <time>2022-03-14T13:27:54Z</time>
      </trkpt>
      <trkpt lat="34.33162527738138" lon="109.04077913428416">
        <ele>389.1634423499927</ele>
        <time>2022-03-14T13:28:00Z</time>
      </trkpt>
      <trkpt lat="34.331315516658734" lon="109.04135706926407">
        <ele>388.8630464691669</ele>
        <time>2022-03-14T13:28:06Z</time>
      </trkpt>
      <trkpt lat="34.3310421975476" lon="109.04195173752791">
        <ele>389.5604458609596</ele>
        <time>2022-03-14T13:28:12Z</time>
      </trkpt>
      <trkpt lat="34.33070938031646" lon="109.04250380913732">
        <ele>389.14332955982536</ele>
        <time>2022-03-14T13:28:18Z</time>
      </trkpt>
      <trkpt lat="34.33040403921405" lon="109.0430451493241">
        <ele>387.90286325942725</ele>
        <time>2022-03-14T13:28:24Z</time>
      </trkpt>
      <trkpt lat="34.33009059007412" lon="109.04359577186834">
        <ele>389.22500318381935</ele>
        <time>2022-03-14T13:28:30Z</time>
      </trkpt>
      <trkpt lat="34.32988215230256" lon="109.04393832603279">
        <ele>390.5175994122401</ele>
        <time>2022-03-14T13:28:34Z</time>
      </trkpt>
      <trkpt lat="34.32979467113219" lon="109.04411842092524">
        <ele>391.3624433353543</ele>
        <time>2022-03-14T13:28:36Z</time>
      </trkpt>
      <trkpt lat="34.32947917795385" lon="109.04464966379099">
        <ele>387.18855769373477</ele>
        <time>2022-03-14T13:28:42Z</time>
      </trkpt>
      <trkpt lat="34.329173106206404" lon="109.0451909720546">
        <ele>385.1767776841298</ele>
        <time>2022-03-14T13:28:48Z</time>
      </trkpt>
      <trkpt lat="34.328965796217695" lon="109.04551370991334">
        <ele>387.64651723671705</ele>
        <time>2022-03-14T13:28:52Z</time>
      </trkpt>
      <trkpt lat="34.32891074859192" lon="109.04565245595813">
        <ele>388.7987601114437</ele>
        <time>2022-03-14T13:28:54Z</time>
      </trkpt>
      <trkpt lat="34.328979992906" lon="109.04576812644025">
        <ele>389.0234047463164</ele>
        <time>2022-03-14T13:28:56Z</time>
      </trkpt>
      <trkpt lat="34.32910099258074" lon="109.04569543114535">
        <ele>389.52504536509514</ele>
        <time>2022-03-14T13:28:58Z</time>
      </trkpt>
      <trkpt lat="34.32919924727612" lon="109.04553575899169">
        <ele>391.36887276079506</ele>
        <time>2022-03-14T13:29:00Z</time>
      </trkpt>
      <trkpt lat="34.32932599522188" lon="109.04519879488413">
        <ele>391.74482171423733</ele>
        <time>2022-03-14T13:29:04Z</time>
      </trkpt>
      <trkpt lat="34.329625989230166" lon="109.04468677614636">
        <ele>386.8601392880082</ele>
        <time>2022-03-14T13:29:10Z</time>
      </trkpt>
      <trkpt lat="34.329921070940614" lon="109.0441706012563">
        <ele>387.3584890346974</ele>
        <time>2022-03-14T13:29:16Z</time>
      </trkpt>
      <trkpt lat="34.330228586917684" lon="109.04364511893063">
        <ele>388.199516675435</ele>
        <time>2022-03-14T13:29:22Z</time>
      </trkpt>
      <trkpt lat="34.33054046390531" lon="109.0431169141504">
        <ele>388.91234857589006</ele>
        <time>2022-03-14T13:29:28Z</time>
      </trkpt>
      <trkpt lat="34.330837759450944" lon="109.04257777477447">
        <ele>389.26842108834535</ele>
        <time>2022-03-14T13:29:34Z</time>
      </trkpt>
      <trkpt lat="34.331131724955135" lon="109.04205163614358">
        <ele>389.2072948422283</ele>
        <time>2022-03-14T13:29:40Z</time>
      </trkpt>
      <trkpt lat="34.33134304911073" lon="109.04170559177768">
        <ele>389.2554189125076</ele>
        <time>2022-03-14T13:29:44Z</time>
      </trkpt>
      <trkpt lat="34.331649732065074" lon="109.04118837636176">
        <ele>389.7260471675545</ele>
        <time>2022-03-14T13:29:50Z</time>
      </trkpt>
      <trkpt lat="34.33192627780539" lon="109.04066056294472">
        <ele>389.4302741587162</ele>
        <time>2022-03-14T13:29:56Z</time>
      </trkpt>
      <trkpt lat="34.332229006068395" lon="109.04013203603772">
        <ele>388.8214065153152</ele>
        <time>2022-03-14T13:30:02Z</time>
      </trkpt>
      <trkpt lat="34.332533880975966" lon="109.0395967804694">
        <ele>389.9239410944283</ele>
        <time>2022-03-14T13:30:08Z</time>
      </trkpt>
      <trkpt lat="34.33283379355405" lon="109.0390676137291">
        <ele>389.0401039654389</ele>
        <time>2022-03-14T13:30:14Z</time>
      </trkpt>
      <trkpt lat="34.333125340637345" lon="109.03851601278942">
        <ele>388.593806181103</ele>
        <time>2022-03-14T13:30:20Z</time>
      </trkpt>
      <trkpt lat="34.33343468882065" lon="109.03797098731887">
        <ele>389.84895204845816</ele>
        <time>2022-03-14T13:30:26Z</time>
      </trkpt>
      <trkpt lat="34.33374342332102" lon="109.03744658119975">
        <ele>389.3424250772223</ele>
        <time>2022-03-14T13:30:32Z</time>
      </trkpt>
      <trkpt lat="34.334041580747936" lon="109.036908922897">
        <ele>388.1852128179744</ele>
        <time>2022-03-14T13:30:38Z</time>
      </trkpt>
      <trkpt lat="34.334339898869416" lon="109.03637339482995">
        <ele>388.4898232948035</ele>
        <time>2022-03-14T13:30:44Z</time>
      </trkpt>
      <trkpt lat="34.33455478381868" lon="109.03604541810529">
        <ele>387.4022890031338</ele>
        <time>2022-03-14T13:30:48Z</time>
      </trkpt>
      <trkpt lat="34.33484323324937" lon="109.03551849909807">
        <ele>386.4867478562519</ele>
        <time>2022-03-14T13:30:54Z</time>
      </trkpt>
      <trkpt lat="34.33513183170793" lon="109.03497691244513">
        <ele>386.9788748594001</ele>
        <time>2022-03-14T13:31:00Z</time>
      </trkpt>
      <trkpt lat="34.33543155449458" lon="109.03445778428707">
        <ele>386.238053756766</ele>
        <time>2022-03-14T13:31:06Z</time>
      </trkpt>
      <trkpt lat="34.335733285187054" lon="109.03391535591669">
        <ele>386.8169969767332</ele>
        <time>2022-03-14T13:31:12Z</time>
      </trkpt>
      <trkpt lat="34.33604825808274" lon="109.0333904455878">
        <ele>386.9512956375256</ele>
        <time>2022-03-14T13:31:18Z</time>
      </trkpt>
      <trkpt lat="34.336337997851125" lon="109.03285471507435">
        <ele>387.00749571528286</ele>
        <time>2022-03-14T13:31:24Z</time>
      </trkpt>
      <trkpt lat="34.33663812700252" lon="109.03232433426705">
        <ele>385.9346974575892</ele>
        <time>2022-03-14T13:31:30Z</time>
      </trkpt>
      <trkpt lat="34.33695298831852" lon="109.03176910548969">
        <ele>386.45169817470014</ele>
        <time>2022-03-14T13:31:36Z</time>
      </trkpt>
      <trkpt lat="34.33725789504144" lon="109.03121214137157">
        <ele>386.2390977162868</ele>
        <time>2022-03-14T13:31:42Z</time>
      </trkpt>
      <trkpt lat="34.337566263424236" lon="109.03065905300505">
        <ele>385.6566267814487</ele>
        <time>2022-03-14T13:31:48Z</time>
      </trkpt>
      <trkpt lat="34.337874975019716" lon="109.03012957720064">
        <ele>385.6010638605803</ele>
        <time>2022-03-14T13:31:54Z</time>
      </trkpt>
      <trkpt lat="34.33816847155451" lon="109.02958574800668">
        <ele>386.8130014427006</ele>
        <time>2022-03-14T13:32:00Z</time>
      </trkpt>
      <trkpt lat="34.33848018752575" lon="109.02906917694638">
        <ele>387.14900192804635</ele>
        <time>2022-03-14T13:32:06Z</time>
      </trkpt>
      <trkpt lat="34.33876361145709" lon="109.0285262523882">
        <ele>387.3212908972055</ele>
        <time>2022-03-14T13:32:12Z</time>
      </trkpt>
      <trkpt lat="34.3388545983655" lon="109.02835827889282">
        <ele>385.67539553064853</ele>
        <time>2022-03-14T13:32:14Z</time>
      </trkpt>
      <trkpt lat="34.339014569612694" lon="109.02797542460206">
        <ele>386.07067122031003</ele>
        <time>2022-03-14T13:32:18Z</time>
      </trkpt>
      <trkpt lat="34.33932345933564" lon="109.02747259305218">
        <ele>387.00361937657</ele>
        <time>2022-03-14T13:32:24Z</time>
      </trkpt>
      <trkpt lat="34.339678266657074" lon="109.02697305733821">
        <ele>386.44599771965295</ele>
        <time>2022-03-14T13:32:30Z</time>
      </trkpt>
      <trkpt lat="34.340036932824205" lon="109.02646908900128">
        <ele>386.40306755900383</ele>
        <time>2022-03-14T13:32:36Z</time>
      </trkpt>
      <trkpt lat="34.340395792724486" lon="109.02596566015234">
        <ele>384.7059248443693</ele>
        <time>2022-03-14T13:32:42Z</time>
      </trkpt>
      <trkpt lat="34.340636645536605" lon="109.02564257618178">
        <ele>384.8163718096912</ele>
        <time>2022-03-14T13:32:46Z</time>
      </trkpt>
      <trkpt lat="34.340744534692064" lon="109.02545794258926">
        <ele>386.4682147586718</ele>
        <time>2022-03-14T13:32:48Z</time>
      </trkpt>
      <trkpt lat="34.341108243943594" lon="109.02495596710689">
        <ele>385.3745607184246</ele>
        <time>2022-03-14T13:32:54Z</time>
      </trkpt>
      <trkpt lat="34.34143946992126" lon="109.02450109101727">
        <ele>385.52700422890484</ele>
        <time>2022-03-14T13:33:00Z</time>
      </trkpt>
      <trkpt lat="34.34154069908737" lon="109.02437572936567">
        <ele>385.33245480805635</ele>
        <time>2022-03-14T13:33:02Z</time>
      </trkpt>
      <trkpt lat="34.34157741060596" lon="109.0242482655809">
        <ele>383.6975563541055</ele>
        <time>2022-03-14T13:33:04Z</time>
      </trkpt>
      <trkpt lat="34.34150668890236" lon="109.02413959571847">
        <ele>383.9831834360957</ele>
        <time>2022-03-14T13:33:06Z</time>
      </trkpt>
      <trkpt lat="34.34139491663149" lon="109.02418688773564">
        <ele>384.91310061421245</ele>
        <time>2022-03-14T13:33:08Z</time>
      </trkpt>
      <trkpt lat="34.34136968101699" lon="109.02440130662644">
        <ele>385.22952419985086</ele>
        <time>2022-03-14T13:33:10Z</time>
      </trkpt>
      <trkpt lat="34.34113849145303" lon="109.02467573443299">
        <ele>386.1678230781108</ele>
        <time>2022-03-14T13:33:14Z</time>
      </trkpt>
      <trkpt lat="34.34079868867311" lon="109.0251937634292">
        <ele>385.77536035049707</ele>
        <time>2022-03-14T13:33:20Z</time>
      </trkpt>
      <trkpt lat="34.340427777862416" lon="109.02570756260548">
        <ele>386.3332440042868</ele>
        <time>2022-03-14T13:33:26Z</time>
      </trkpt>
      <trkpt lat="34.34005740274478" lon="109.02621388555896">
        <ele>385.775050281547</ele>
        <time>2022-03-14T13:33:32Z</time>
      </trkpt>
      <trkpt lat="34.3396947455424" lon="109.02674059046868">
        <ele>386.4585071420297</ele>
        <time>2022-03-14T13:33:38Z</time>
      </trkpt>
      <trkpt lat="34.339343238739886" lon="109.02726308940309">
        <ele>386.3647130569443</ele>
        <time>2022-03-14T13:33:44Z</time>
      </trkpt>
      <trkpt lat="34.338997353590294" lon="109.02780848330819">
        <ele>386.5960020404309</ele>
        <time>2022-03-14T13:33:50Z</time>
      </trkpt>
      <trkpt lat="34.3386690176276" lon="109.02837005839866">
        <ele>386.30489723943174</ele>
        <time>2022-03-14T13:33:56Z</time>
      </trkpt>
      <trkpt lat="34.33834843623582" lon="109.02893258995186">
        <ele>386.48379409871995</ele>
        <time>2022-03-14T13:34:02Z</time>
      </trkpt>
      <trkpt lat="34.3380219524732" lon="109.02949675727406">
        <ele>385.58136186469346</ele>
        <time>2022-03-14T13:34:08Z</time>
      </trkpt>
      <trkpt lat="34.337694289395934" lon="109.03008185846797">
        <ele>386.5484155053273</ele>
        <time>2022-03-14T13:34:14Z</time>
      </trkpt>
      <trkpt lat="34.3373675333094" lon="109.03068424899779">
        <ele>386.67012836877257</ele>
        <time>2022-03-14T13:34:20Z</time>
      </trkpt>
      <trkpt lat="34.33703464883774" lon="109.03126853822181">
        <ele>387.1669387035072</ele>
        <time>2022-03-14T13:34:26Z</time>
      </trkpt>
      <trkpt lat="34.3366992936179" lon="109.03184173548313">
        <ele>387.5628057094291</ele>
        <time>2022-03-14T13:34:32Z</time>
      </trkpt>
      <trkpt lat="34.33636091838336" lon="109.03241672014548">
        <ele>385.8151532532647</ele>
        <time>2022-03-14T13:34:38Z</time>
      </trkpt>
      <trkpt lat="34.336033132195475" lon="109.0329947114041">
        <ele>386.0873030386865</ele>
        <time>2022-03-14T13:34:44Z</time>
      </trkpt>
      <trkpt lat="34.33570360287318" lon="109.03358542107193">
        <ele>386.8028177637607</ele>
        <time>2022-03-14T13:34:50Z</time>
      </trkpt>
      <trkpt lat="34.33536468003999" lon="109.03415880085663">
        <ele>388.02326543815434</ele>
        <time>2022-03-14T13:34:56Z</time>
      </trkpt>
      <trkpt lat="34.33505900142036" lon="109.03475374968866">
        <ele>388.6759037338197</ele>
        <time>2022-03-14T13:35:02Z</time>
      </trkpt>
      <trkpt lat="34.33473495245149" lon="109.03534199182415">
        <ele>388.0961067797616</ele>
        <time>2022-03-14T13:35:08Z</time>
      </trkpt>
      <trkpt lat="34.334392875364145" lon="109.03593278138473">
        <ele>388.2099832445383</ele>
        <time>2022-03-14T13:35:14Z</time>
      </trkpt>
      <trkpt lat="34.334059987506414" lon="109.03651671065408">
        <ele>388.2427647020668</ele>
        <time>2022-03-14T13:35:20Z</time>
      </trkpt>
      <trkpt lat="34.33372699130691" lon="109.03709506069093">
        <ele>388.5623282706365</ele>
        <time>2022-03-14T13:35:26Z</time>
      </trkpt>
      <trkpt lat="34.33339748662343" lon="109.0376901907637">
        <ele>389.5183571698144</ele>
        <time>2022-03-14T13:35:32Z</time>
      </trkpt>
      <trkpt lat="34.33308713416158" lon="109.03826328590546">
        <ele>389.99342889804393</ele>
        <time>2022-03-14T13:35:38Z</time>
      </trkpt>
      <trkpt lat="34.33274993368996" lon="109.03883682562613">
        <ele>389.99142948910594</ele>
        <time>2022-03-14T13:35:44Z</time>
      </trkpt>
      <trkpt lat="34.332434029556374" lon="109.03941824743485">
        <ele>391.0087217967957</ele>
        <time>2022-03-14T13:35:50Z</time>
      </trkpt>
      <trkpt lat="34.332089953214606" lon="109.0399970440782">
        <ele>390.5263545010239</ele>
        <time>2022-03-14T13:35:56Z</time>
      </trkpt>
      <trkpt lat="34.33187446408672" lon="109.04040973008313">
        <ele>391.3583987830207</ele>
        <time>2022-03-14T13:36:00Z</time>
      </trkpt>
      <trkpt lat="34.331526389870675" lon="109.04098842317737">
        <ele>390.1692520547658</ele>
        <time>2022-03-14T13:36:06Z</time>
      </trkpt>
      <trkpt lat="34.33120105109356" lon="109.04159540448286">
        <ele>389.1552611691877</ele>
        <time>2022-03-14T13:36:12Z</time>
      </trkpt>
      <trkpt lat="34.33101412887172" lon="109.04201061831486">
        <ele>389.61401873640716</ele>
        <time>2022-03-14T13:36:16Z</time>
      </trkpt>
      <trkpt lat="34.33068049501475" lon="109.04258583354027">
        <ele>390.1351720634848</ele>
        <time>2022-03-14T13:36:22Z</time>
      </trkpt>
      <trkpt lat="34.330345327446004" lon="109.04316363629347">
        <ele>388.0450962111354</ele>
        <time>2022-03-14T13:36:28Z</time>
      </trkpt>
      <trkpt lat="34.33001930892954" lon="109.04375167882205">
        <ele>388.2384096449241</ele>
        <time>2022-03-14T13:36:34Z</time>
      </trkpt>
      <trkpt lat="34.32968992601605" lon="109.04432515212773">
        <ele>387.3082805639133</ele>
        <time>2022-03-14T13:36:40Z</time>
      </trkpt>
      <trkpt lat="34.329460405165996" lon="109.04469415043258">
        <ele>386.1278268555179</ele>
        <time>2022-03-14T13:36:44Z</time>
      </trkpt>
      <trkpt lat="34.32924342572719" lon="109.04507367289426">
        <ele>383.31514041125774</ele>
        <time>2022-03-14T13:36:48Z</time>
      </trkpt>
      <trkpt lat="34.32894092008383" lon="109.0455857275396">
        <ele>388.3312040185556</ele>
        <time>2022-03-14T13:36:54Z</time>
      </trkpt>
      <trkpt lat="34.32895129278286" lon="109.04571436618366">
        <ele>388.6512099141255</ele>
        <time>2022-03-14T13:36:56Z</time>
      </trkpt>
      <trkpt lat="34.329055395344646" lon="109.04572014437753">
        <ele>389.8680481342599</ele>
        <time>2022-03-14T13:36:58Z</time>
      </trkpt>
      <trkpt lat="34.329177996312374" lon="109.04556476847102">
        <ele>390.10233691427857</ele>
        <time>2022-03-14T13:37:00Z</time>
      </trkpt>
      <trkpt lat="34.32923320330873" lon="109.04538512498118">
        <ele>390.61245831195265</ele>
        <time>2022-03-14T13:37:02Z</time>
      </trkpt>
      <trkpt lat="34.32938369608913" lon="109.04505205376361">
        <ele>390.4458160828799</ele>
        <time>2022-03-14T13:37:06Z</time>
      </trkpt>
      <trkpt lat="34.329693867496935" lon="109.0445278707198">
        <ele>386.81075297947973</ele>
        <time>2022-03-14T13:37:12Z</time>
      </trkpt>
      <trkpt lat="34.33000355522426" lon="109.04401028325684">
        <ele>387.67975605558604</ele>
        <time>2022-03-14T13:37:18Z</time>
      </trkpt>
      <trkpt lat="34.33029338928057" lon="109.04346176210855">
        <ele>388.79696479346603</ele>
        <time>2022-03-14T13:37:24Z</time>
      </trkpt>
      <trkpt lat="34.330609939637725" lon="109.04291749662367">
        <ele>390.23062777519226</ele>
        <time>2022-03-14T13:37:30Z</time>
      </trkpt>
      <trkpt lat="34.33093552751282" lon="109.04235300505094">
        <ele>390.0558024160564</ele>
        <time>2022-03-14T13:37:36Z</time>
      </trkpt>
      <trkpt lat="34.3312522193737" lon="109.04179037318788">
        <ele>388.3427264140919</ele>
        <time>2022-03-14T13:37:42Z</time>
      </trkpt>
      <trkpt lat="34.331479155508895" lon="109.0414407838711">
        <ele>388.890216155909</ele>
        <time>2022-03-14T13:37:46Z</time>
      </trkpt>
      <trkpt lat="34.3317755238259" lon="109.04087975150613">
        <ele>389.61649963539094</ele>
        <time>2022-03-14T13:37:52Z</time>
      </trkpt>
      <trkpt lat="34.332088614195534" lon="109.04033362662118">
        <ele>389.05988966021687</ele>
        <time>2022-03-14T13:37:58Z</time>
      </trkpt>
      <trkpt lat="34.33230652940193" lon="109.03997782023838">
        <ele>388.14397182594985</ele>
        <time>2022-03-14T13:38:02Z</time>
      </trkpt>
      <trkpt lat="34.33261228655658" lon="109.0394061658377">
        <ele>390.192882549949</ele>
        <time>2022-03-14T13:38:08Z</time>
      </trkpt>
      <trkpt lat="34.332931012178925" lon="109.03884977023462">
        <ele>389.42013963032514</ele>
        <time>2022-03-14T13:38:14Z</time>
      </trkpt>
      <trkpt lat="34.333227447953504" lon="109.03833817138506">
        <ele>389.68529396597296</ele>
        <time>2022-03-14T13:38:20Z</time>
      </trkpt>
      <trkpt lat="34.33350525548446" lon="109.03786695192557">
        <ele>389.5673641487956</ele>
        <time>2022-03-14T13:38:26Z</time>
      </trkpt>
      <trkpt lat="34.333787976740034" lon="109.03736410274446">
        <ele>388.59113261289895</ele>
        <time>2022-03-14T13:38:32Z</time>
      </trkpt>
      <trkpt lat="34.33408917505268" lon="109.03682294654145">
        <ele>387.2406200291589</ele>
        <time>2022-03-14T13:38:38Z</time>
      </trkpt>
      <trkpt lat="34.33439443102195" lon="109.03627021454525">
        <ele>388.20495436061174</ele>
        <time>2022-03-14T13:38:44Z</time>
      </trkpt>
      <trkpt lat="34.33461427425329" lon="109.03593330116924">
        <ele>387.66757121123374</ele>
        <time>2022-03-14T13:38:48Z</time>
      </trkpt>
      <trkpt lat="34.334913814519126" lon="109.0353785610806">
        <ele>387.3371590031311</ele>
        <time>2022-03-14T13:38:54Z</time>
      </trkpt>
      <trkpt lat="34.3352141347406" lon="109.0348320261946">
        <ele>387.98546618875116</ele>
        <time>2022-03-14T13:39:00Z</time>
      </trkpt>
      <trkpt lat="34.335500078736075" lon="109.03430201192783">
        <ele>387.7308324985206</ele>
        <time>2022-03-14T13:39:06Z</time>
      </trkpt>
      <trkpt lat="34.33580695789567" lon="109.0337734723696">
        <ele>388.0498260082677</ele>
        <time>2022-03-14T13:39:12Z</time>
      </trkpt>
      <trkpt lat="34.33611452881949" lon="109.03324450523527">
        <ele>386.4717077491805</ele>
        <time>2022-03-14T13:39:18Z</time>
      </trkpt>
      <trkpt lat="34.33642239746539" lon="109.03270603181598">
        <ele>386.1331047071144</ele>
        <time>2022-03-14T13:39:24Z</time>
      </trkpt>
      <trkpt lat="34.33672071018403" lon="109.03215998994246">
        <ele>386.68684983998537</ele>
        <time>2022-03-14T13:39:30Z</time>
      </trkpt>
      <trkpt lat="34.3370299981935" lon="109.03161354187809">
        <ele>386.59422947466373</ele>
        <time>2022-03-14T13:39:36Z</time>
      </trkpt>
      <trkpt lat="34.33724207813765" lon="109.03126161035676">
        <ele>386.9051392534748</ele>
        <time>2022-03-14T13:39:40Z</time>
      </trkpt>
      <trkpt lat="34.33732590797601" lon="109.03107736712948">
        <ele>387.2053760671988</ele>
        <time>2022-03-14T13:39:42Z</time>
      </trkpt>
      <trkpt lat="34.337639845601345" lon="109.03055829764106">
        <ele>387.7958888541907</ele>
        <time>2022-03-14T13:39:48Z</time>
      </trkpt>
      <trkpt lat="34.337842824080674" lon="109.03023960269671">
        <ele>386.8149770302698</ele>
        <time>2022-03-14T13:39:52Z</time>
      </trkpt>
      <trkpt lat="34.33800844945859" lon="109.02989358869682">
        <ele>387.5595229184255</ele>
        <time>2022-03-14T13:39:56Z</time>
      </trkpt>
      <trkpt lat="34.33820479695068" lon="109.02956047392652">
        <ele>387.2058947617188</ele>
        <time>2022-03-14T13:40:00Z</time>
      </trkpt>
      <trkpt lat="34.33829362961613" lon="109.02937202366222">
        <ele>388.88620614260435</ele>
        <time>2022-03-14T13:40:02Z</time>
      </trkpt>
      <trkpt lat="34.338509774959434" lon="109.02901737429436">
        <ele>387.25999897997826</ele>
        <time>2022-03-14T13:40:06Z</time>
      </trkpt>
      <trkpt lat="34.33878451176538" lon="109.02849187168637">
        <ele>387.85897674411535</ele>
        <time>2022-03-14T13:40:12Z</time>
      </trkpt>
      <trkpt lat="34.33903704891169" lon="109.0279687684848">
        <ele>387.2261728271842</ele>
        <time>2022-03-14T13:40:18Z</time>
      </trkpt>
      <trkpt lat="34.339370703075865" lon="109.02740741042902">
        <ele>384.91486113797873</ele>
        <time>2022-03-14T13:40:24Z</time>
      </trkpt>
      <trkpt lat="34.33965448045959" lon="109.02700513135876">
        <ele>384.93449032027274</ele>
        <time>2022-03-14T13:40:28Z</time>
      </trkpt>
      <trkpt lat="34.34003684889024" lon="109.0264323463417">
        <ele>386.05499041825533</ele>
        <time>2022-03-14T13:40:34Z</time>
      </trkpt>
      <trkpt lat="34.34038781378858" lon="109.02593799860306">
        <ele>385.56265404168516</ele>
        <time>2022-03-14T13:40:40Z</time>
      </trkpt>
      <trkpt lat="34.34069900714718" lon="109.02549808427942">
        <ele>385.0610398314893</ele>
        <time>2022-03-14T13:40:46Z</time>
      </trkpt>
      <trkpt lat="34.34107706250191" lon="109.02499748453688">
        <ele>383.93724114540964</ele>
        <time>2022-03-14T13:40:54Z</time>
      </trkpt>
      <trkpt lat="34.34141879352012" lon="109.02452421086136">
        <ele>384.51859084516764</ele>
        <time>2022-03-14T13:41:02Z</time>
      </trkpt>
      <trkpt lat="34.341563769275226" lon="109.02431154789895">
        <ele>383.95925917476416</ele>
        <time>2022-03-14T13:41:06Z</time>
      </trkpt>
      <trkpt lat="34.34167685796359" lon="109.0240473581395">
        <ele>384.3468621429056</ele>
        <time>2022-03-14T13:41:10Z</time>
      </trkpt>
      <trkpt lat="34.341707331441036" lon="109.02389102592532">
        <ele>385.32143297884613</ele>
        <time>2022-03-14T13:41:12Z</time>
      </trkpt>
      <trkpt lat="34.341678763641994" lon="109.02374517356799">
        <ele>385.64560576342046</ele>
        <time>2022-03-14T13:41:14Z</time>
      </trkpt>
      <trkpt lat="34.34160888613488" lon="109.0236251820043">
        <ele>385.63195788115263</ele>
        <time>2022-03-14T13:41:16Z</time>
      </trkpt>
      <trkpt lat="34.341215324923525" lon="109.02321932020922">
        <ele>386.04342294856906</ele>
        <time>2022-03-14T13:41:24Z</time>
      </trkpt>
      <trkpt lat="34.34084194161391" lon="109.02283512030866">
        <ele>386.76461931411177</ele>
        <time>2022-03-14T13:41:32Z</time>
      </trkpt>
      <trkpt lat="34.34049870452757" lon="109.02248688866624">
        <ele>386.47311656549573</ele>
        <time>2022-03-14T13:41:40Z</time>
      </trkpt>
      <trkpt lat="34.34015378354623" lon="109.02213431467301">
        <ele>384.96208590455353</ele>
        <time>2022-03-14T13:41:48Z</time>
      </trkpt>
      <trkpt lat="34.33975428721164" lon="109.02171449498003">
        <ele>383.22514480818063</ele>
        <time>2022-03-14T13:41:56Z</time>
      </trkpt>
      <trkpt lat="34.33932668376983" lon="109.02128874888267">
        <ele>386.15366657357663</ele>
        <time>2022-03-14T13:42:04Z</time>
      </trkpt>
      <trkpt lat="34.33891799595641" lon="109.02087676076384">
        <ele>386.9890515813604</ele>
        <time>2022-03-14T13:42:12Z</time>
      </trkpt>
      <trkpt lat="34.3385469638285" lon="109.02048312238456">
        <ele>384.5860867956653</ele>
        <time>2022-03-14T13:42:20Z</time>
      </trkpt>
      <trkpt lat="34.33813802521795" lon="109.02008373055796">
        <ele>382.63237671460956</ele>
        <time>2022-03-14T13:42:28Z</time>
      </trkpt>
      <trkpt lat="34.33775379762586" lon="109.01967538398145">
        <ele>381.2199271051213</ele>
        <time>2022-03-14T13:42:36Z</time>
      </trkpt>
      <trkpt lat="34.3373331951735" lon="109.01923462198404">
        <ele>381.6845224574208</ele>
        <time>2022-03-14T13:42:44Z</time>
      </trkpt>
      <trkpt lat="34.33698456424722" lon="109.01887829367739">
        <ele>380.897812794894</ele>
        <time>2022-03-14T13:42:50Z</time>
      </trkpt>
      <trkpt lat="34.33662567319176" lon="109.01850325413902">
        <ele>380.6716531002894</ele>
        <time>2022-03-14T13:42:56Z</time>
      </trkpt>
      <trkpt lat="34.33626028949109" lon="109.01811742365626">
        <ele>379.58969124685973</ele>
        <time>2022-03-14T13:43:02Z</time>
      </trkpt>
      <trkpt lat="34.33586437559108" lon="109.01773275000826">
        <ele>381.6823056191206</ele>
        <time>2022-03-14T13:43:08Z</time>
      </trkpt>
      <trkpt lat="34.335597094185424" lon="109.01747478695746">
        <ele>384.6153818015009</ele>
        <time>2022-03-14T13:43:12Z</time>
      </trkpt>
      <trkpt lat="34.33524932806602" lon="109.01703255008127">
        <ele>385.0466686859727</ele>
        <time>2022-03-14T13:43:18Z</time>
      </trkpt>
      <trkpt lat="34.33487900140562" lon="109.01657113401522">
        <ele>383.534319056198</ele>
        <time>2022-03-14T13:43:24Z</time>
      </trkpt>
      <trkpt lat="34.334492741056145" lon="109.01609290392823">
        <ele>384.6677438756451</ele>
        <time>2022-03-14T13:43:30Z</time>
      </trkpt>
      <trkpt lat="34.33424229608072" lon="109.01578178940812">
        <ele>385.26662919670343</ele>
        <time>2022-03-14T13:43:34Z</time>
      </trkpt>
      <trkpt lat="34.334042053158406" lon="109.01542353600864">
        <ele>383.6041176011786</ele>
        <time>2022-03-14T13:43:38Z</time>
      </trkpt>
      <trkpt lat="34.33390884904298" lon="109.01527660011668">
        <ele>385.0132774338126</ele>
        <time>2022-03-14T13:43:40Z</time>
      </trkpt>
      <trkpt lat="34.33369110725549" lon="109.01495732186658">
        <ele>385.9583751503378</ele>
        <time>2022-03-14T13:43:44Z</time>
      </trkpt>
      <trkpt lat="34.3333958973795" lon="109.01440380783737">
        <ele>386.3889961009845</ele>
        <time>2022-03-14T13:43:50Z</time>
      </trkpt>
      <trkpt lat="34.333103566063116" lon="109.01385461790557">
        <ele>387.3662187764421</ele>
        <time>2022-03-14T13:43:56Z</time>
      </trkpt>
      <trkpt lat="34.33282402550324" lon="109.01337628183808">
        <ele>386.82534827757627</ele>
        <time>2022-03-14T13:44:02Z</time>
      </trkpt>
      <trkpt lat="34.33273856078467" lon="109.01318225298456">
        <ele>386.8084240350872</ele>
        <time>2022-03-14T13:44:06Z</time>
      </trkpt>
      <trkpt lat="34.33272609937761" lon="109.0130932865769">
        <ele>386.8798162303865</ele>
        <time>2022-03-14T13:44:08Z</time>
      </trkpt>
      <trkpt lat="34.33274258859985" lon="109.01303843988775">
        <ele>386.9527571806684</ele>
        <time>2022-03-14T13:44:18Z</time>
      </trkpt>
      <trkpt lat="34.332658778751636" lon="109.01277836401717">
        <ele>387.51297788880765</ele>
        <time>2022-03-14T13:44:31Z</time>
      </trkpt>
      <trkpt lat="34.33261201504212" lon="109.01267676336055">
        <ele>387.6556959655136</ele>
        <time>2022-03-14T13:44:33Z</time>
      </trkpt>
      <trkpt lat="34.33245426587926" lon="109.01242984980013">
        <ele>387.4851215137169</ele>
        <time>2022-03-14T13:44:37Z</time>
      </trkpt>
      <trkpt lat="34.33240251537493" lon="109.0122829304396">
        <ele>387.7254739366472</ele>
        <time>2022-03-14T13:44:39Z</time>
      </trkpt>
      <trkpt lat="34.33232947580707" lon="109.0121485149627">
        <ele>388.4791941912845</ele>
        <time>2022-03-14T13:44:41Z</time>
      </trkpt>
      <trkpt lat="34.3321106923995" lon="109.01153376774589">
        <ele>386.4703236678615</ele>
        <time>2022-03-14T13:44:49Z</time>
      </trkpt>
      <trkpt lat="34.331955308959486" lon="109.01103987320339">
        <ele>386.8690422475338</ele>
        <time>2022-03-14T13:44:55Z</time>
      </trkpt>
      <trkpt lat="34.33182949455491" lon="109.01049799384604">
        <ele>385.4081909926608</ele>
        <time>2022-03-14T13:45:01Z</time>
      </trkpt>
      <trkpt lat="34.33178380897512" lon="109.01031480566876">
        <ele>386.87190879508853</ele>
        <time>2022-03-14T13:45:03Z</time>
      </trkpt>
      <trkpt lat="34.331713501281925" lon="109.00974704643158">
        <ele>387.29841337911785</ele>
        <time>2022-03-14T13:45:09Z</time>
      </trkpt>
      <trkpt lat="34.331691308508006" lon="109.00916221333082">
        <ele>387.1928887581453</ele>
        <time>2022-03-14T13:45:15Z</time>
      </trkpt>
      <trkpt lat="34.331698291153224" lon="109.00876920778316">
        <ele>386.06552282255143</ele>
        <time>2022-03-14T13:45:19Z</time>
      </trkpt>
      <trkpt lat="34.331737453880805" lon="109.00857551451436">
        <ele>385.63407004997134</ele>
        <time>2022-03-14T13:45:21Z</time>
      </trkpt>
      <trkpt lat="34.331716911320605" lon="109.00800342533887">
        <ele>386.2345484578982</ele>
        <time>2022-03-14T13:45:27Z</time>
      </trkpt>
      <trkpt lat="34.33173706523204" lon="109.0073097021218">
        <ele>385.9636486461386</ele>
        <time>2022-03-14T13:45:34Z</time>
      </trkpt>
      <trkpt lat="34.33172960059397" lon="109.00661859989958">
        <ele>386.5788198839873</ele>
        <time>2022-03-14T13:45:40Z</time>
      </trkpt>
      <trkpt lat="34.331732648446796" lon="109.00636694087218">
        <ele>387.0824798345566</ele>
        <time>2022-03-14T13:45:42Z</time>
      </trkpt>
      <trkpt lat="34.331718557545415" lon="109.00622786246157">
        <ele>384.47781232651323</ele>
        <time>2022-03-14T13:45:46Z</time>
      </trkpt>
      <trkpt lat="34.33175943415097" lon="109.00603140235076">
        <ele>385.8322000512853</ele>
        <time>2022-03-14T13:45:50Z</time>
      </trkpt>
      <trkpt lat="34.331711384673696" lon="109.00590554873453">
        <ele>384.5635013934225</ele>
        <time>2022-03-14T13:45:52Z</time>
      </trkpt>
      <trkpt lat="34.33173733835462" lon="109.00538215840643">
        <ele>387.57087803725153</ele>
        <time>2022-03-14T13:45:56Z</time>
      </trkpt>
      <trkpt lat="34.331759854427744" lon="109.0051748069959">
        <ele>386.9932829570025</ele>
        <time>2022-03-14T13:45:58Z</time>
      </trkpt>
      <trkpt lat="34.331780109369724" lon="109.00470066853116">
        <ele>386.5560319237411</ele>
        <time>2022-03-14T13:46:02Z</time>
      </trkpt>
      <trkpt lat="34.33178282984055" lon="109.00416922480329">
        <ele>387.02260679751635</ele>
        <time>2022-03-14T13:46:06Z</time>
      </trkpt>
      <trkpt lat="34.33181253618119" lon="109.00357380357245">
        <ele>387.868164755404</ele>
        <time>2022-03-14T13:46:12Z</time>
      </trkpt>
      <trkpt lat="34.331834445877924" lon="109.00291167001194">
        <ele>387.8143643466756</ele>
        <time>2022-03-14T13:46:20Z</time>
      </trkpt>
      <trkpt lat="34.33173655897235" lon="109.00282879732852">
        <ele>387.79438055772334</ele>
        <time>2022-03-14T13:46:21Z</time>
      </trkpt>
      <trkpt lat="34.33184608620553" lon="109.00265843791297">
        <ele>387.61944217421114</ele>
        <time>2022-03-14T13:46:23Z</time>
      </trkpt>
      <trkpt lat="34.33183515103544" lon="109.00212525114958">
        <ele>387.2458760756999</ele>
        <time>2022-03-14T13:46:29Z</time>
      </trkpt>
      <trkpt lat="34.3318303847674" lon="109.00160201632714">
        <ele>388.88619743753225</ele>
        <time>2022-03-14T13:46:35Z</time>
      </trkpt>
      <trkpt lat="34.33184756530626" lon="109.00105520018634">
        <ele>390.0364323882386</ele>
        <time>2022-03-14T13:46:41Z</time>
      </trkpt>
      <trkpt lat="34.33185650851458" lon="109.000530799628">
        <ele>390.88394731562585</ele>
        <time>2022-03-14T13:46:47Z</time>
      </trkpt>
      <trkpt lat="34.331872493753735" lon="108.99998105178045">
        <ele>391.20023316983134</ele>
        <time>2022-03-14T13:46:53Z</time>
      </trkpt>
      <trkpt lat="34.331879931692185" lon="108.99961613921093">
        <ele>391.04183329828084</ele>
        <time>2022-03-14T13:46:57Z</time>
      </trkpt>
      <trkpt lat="34.33183515457335" lon="108.99908154105924">
        <ele>391.2218341017142</ele>
        <time>2022-03-14T13:47:03Z</time>
      </trkpt>
      <trkpt lat="34.33179171244439" lon="108.99871327530876">
        <ele>391.84412227384746</ele>
        <time>2022-03-14T13:47:07Z</time>
      </trkpt>
      <trkpt lat="34.33165815193749" lon="108.99818728392758">
        <ele>391.11762777063996</ele>
        <time>2022-03-14T13:47:13Z</time>
      </trkpt>
      <trkpt lat="34.33152150261888" lon="108.99763457958557">
        <ele>392.9120972305536</ele>
        <time>2022-03-14T13:47:19Z</time>
      </trkpt>
      <trkpt lat="34.3313698296534" lon="108.99711060834443">
        <ele>393.7638362515718</ele>
        <time>2022-03-14T13:47:25Z</time>
      </trkpt>
      <trkpt lat="34.33122049286394" lon="108.99658776135132">
        <ele>393.2044986737892</ele>
        <time>2022-03-14T13:47:31Z</time>
      </trkpt>
      <trkpt lat="34.33109435809916" lon="108.99613207968616">
        <ele>391.1672947574407</ele>
        <time>2022-03-14T13:47:36Z</time>
      </trkpt>
      <trkpt lat="34.33106103273463" lon="108.99595025147936">
        <ele>390.6517497776076</ele>
        <time>2022-03-14T13:47:38Z</time>
      </trkpt>
      <trkpt lat="34.331010943577326" lon="108.99577807565755">
        <ele>391.9853105088696</ele>
        <time>2022-03-14T13:47:40Z</time>
      </trkpt>
      <trkpt lat="34.330933356619084" lon="108.99525500761743">
        <ele>393.7782871918753</ele>
        <time>2022-03-14T13:47:46Z</time>
      </trkpt>
      <trkpt lat="34.330888270569595" lon="108.99509116590576">
        <ele>394.1317815091461</ele>
        <time>2022-03-14T13:47:48Z</time>
      </trkpt>
      <trkpt lat="34.33085737762212" lon="108.99461398234442">
        <ele>392.46686350833625</ele>
        <time>2022-03-14T13:47:53Z</time>
      </trkpt>
      <trkpt lat="34.33084201584439" lon="108.99400197260137">
        <ele>394.3384337145835</ele>
        <time>2022-03-14T13:47:59Z</time>
      </trkpt>
      <trkpt lat="34.33080719246478" lon="108.99379745312416">
        <ele>391.5916845118627</ele>
        <time>2022-03-14T13:48:01Z</time>
      </trkpt>
      <trkpt lat="34.33080590593219" lon="108.99319670699904">
        <ele>391.55531621724367</ele>
        <time>2022-03-14T13:48:07Z</time>
      </trkpt>
      <trkpt lat="34.33083421011883" lon="108.9928561564745">
        <ele>391.6765667209402</ele>
        <time>2022-03-14T13:48:11Z</time>
      </trkpt>
      <trkpt lat="34.33082168889298" lon="108.99264130093275">
        <ele>392.24488150049</ele>
        <time>2022-03-14T13:48:13Z</time>
      </trkpt>
      <trkpt lat="34.3308295965433" lon="108.99206363779602">
        <ele>393.16813154611737</ele>
        <time>2022-03-14T13:48:19Z</time>
      </trkpt>
      <trkpt lat="34.3308325610185" lon="108.99148864886709">
        <ele>392.61593439243734</ele>
        <time>2022-03-14T13:48:25Z</time>
      </trkpt>
      <trkpt lat="34.33084072840517" lon="108.99089951288823">
        <ele>390.7665040437132</ele>
        <time>2022-03-14T13:48:31Z</time>
      </trkpt>
      <trkpt lat="34.33084328509249" lon="108.99026459627642">
        <ele>392.26824956201017</ele>
        <time>2022-03-14T13:48:37Z</time>
      </trkpt>
      <trkpt lat="34.33086788649467" lon="108.99006509270671">
        <ele>393.87921930477023</ele>
        <time>2022-03-14T13:48:39Z</time>
      </trkpt>
      <trkpt lat="34.33085331588221" lon="108.98988612053945">
        <ele>392.3969726767391</ele>
        <time>2022-03-14T13:48:41Z</time>
      </trkpt>
      <trkpt lat="34.33088191254531" lon="108.98932425384388">
        <ele>392.85443166457117</ele>
        <time>2022-03-14T13:48:47Z</time>
      </trkpt>
      <trkpt lat="34.33087113772574" lon="108.98877799393834">
        <ele>392.84092553146183</ele>
        <time>2022-03-14T13:48:53Z</time>
      </trkpt>
      <trkpt lat="34.330877581623184" lon="108.98841460822504">
        <ele>392.63942735269666</ele>
        <time>2022-03-14T13:48:57Z</time>
      </trkpt>
      <trkpt lat="34.33092714881127" lon="108.98816753434463">
        <ele>392.9894912224263</ele>
        <time>2022-03-14T13:49:01Z</time>
      </trkpt>
      <trkpt lat="34.33091817833997" lon="108.98796612296839">
        <ele>391.69642073940486</ele>
        <time>2022-03-14T13:49:03Z</time>
      </trkpt>
      <trkpt lat="34.33087552690675" lon="108.98775118534695">
        <ele>391.3253413597122</ele>
        <time>2022-03-14T13:49:05Z</time>
      </trkpt>
      <trkpt lat="34.33087065602649" lon="108.98758155235683">
        <ele>392.1131149129942</ele>
        <time>2022-03-14T13:49:07Z</time>
      </trkpt>
      <trkpt lat="34.330933486396276" lon="108.98742401873619">
        <ele>392.2031385488808</ele>
        <time>2022-03-14T13:49:09Z</time>
      </trkpt>
      <trkpt lat="34.33099419051552" lon="108.98697612844589">
        <ele>393.3287643138319</ele>
        <time>2022-03-14T13:49:15Z</time>
      </trkpt>
      <trkpt lat="34.33103611737163" lon="108.98685453772151">
        <ele>393.69809360522777</ele>
        <time>2022-03-14T13:49:17Z</time>
      </trkpt>
      <trkpt lat="34.33105996942162" lon="108.98664764350927">
        <ele>392.82547731883824</ele>
        <time>2022-03-14T13:49:19Z</time>
      </trkpt>
      <trkpt lat="34.33105126207797" lon="108.98647296493694">
        <ele>394.41932171210647</ele>
        <time>2022-03-14T13:49:21Z</time>
      </trkpt>
      <trkpt lat="34.330731454350854" lon="108.98633517148076">
        <ele>392.4771709246561</ele>
        <time>2022-03-14T13:49:23Z</time>
      </trkpt>
      <trkpt lat="34.33070313441617" lon="108.98610514590288">
        <ele>392.1437213169411</ele>
        <time>2022-03-14T13:49:25Z</time>
      </trkpt>
      <trkpt lat="34.330498818664886" lon="108.9855653315167">
        <ele>395.0002672728151</ele>
        <time>2022-03-14T13:49:31Z</time>
      </trkpt>
      <trkpt lat="34.330636157503086" lon="108.98535998358113">
        <ele>392.3778607612476</ele>
        <time>2022-03-14T13:49:33Z</time>
      </trkpt>
      <trkpt lat="34.33072696542946" lon="108.98514951481458">
        <ele>392.85109963361174</ele>
        <time>2022-03-14T13:49:35Z</time>
      </trkpt>
      <trkpt lat="34.33084545129125" lon="108.98493046291524">
        <ele>393.6377779217437</ele>
        <time>2022-03-14T13:49:37Z</time>
      </trkpt>
      <trkpt lat="34.33096888668562" lon="108.98439572516624">
        <ele>394.12160012032837</ele>
        <time>2022-03-14T13:49:42Z</time>
      </trkpt>
      <trkpt lat="34.330985147219565" lon="108.98378884798464">
        <ele>394.1416645934805</ele>
        <time>2022-03-14T13:49:48Z</time>
      </trkpt>
      <trkpt lat="34.331009198218695" lon="108.98318379447551">
        <ele>395.5744780637324</ele>
        <time>2022-03-14T13:49:54Z</time>
      </trkpt>
      <trkpt lat="34.331030749813415" lon="108.98256377427693">
        <ele>394.0975756999105</ele>
        <time>2022-03-14T13:50:00Z</time>
      </trkpt>
      <trkpt lat="34.33101860088647" lon="108.9819597330021">
        <ele>396.7835032278672</ele>
        <time>2022-03-14T13:50:06Z</time>
      </trkpt>
      <trkpt lat="34.33102415630892" lon="108.9813770882844">
        <ele>396.0565640972927</ele>
        <time>2022-03-14T13:50:12Z</time>
      </trkpt>
      <trkpt lat="34.331035476953" lon="108.98083811815398">
        <ele>395.0377911468968</ele>
        <time>2022-03-14T13:50:18Z</time>
      </trkpt>
      <trkpt lat="34.33102894101086" lon="108.98049283867606">
        <ele>394.5112931812182</ele>
        <time>2022-03-14T13:50:22Z</time>
      </trkpt>
      <trkpt lat="34.33104454692475" lon="108.98032680712603">
        <ele>395.9462533323094</ele>
        <time>2022-03-14T13:50:24Z</time>
      </trkpt>
      <trkpt lat="34.33103398572495" lon="108.98017756262948">
        <ele>395.6499681659043</ele>
        <time>2022-03-14T13:50:26Z</time>
      </trkpt>
      <trkpt lat="34.331040202030444" lon="108.97986275890158">
        <ele>395.5949976146221</ele>
        <time>2022-03-14T13:50:30Z</time>
      </trkpt>
      <trkpt lat="34.330979495961856" lon="108.97976413322951">
        <ele>396.36275568045676</ele>
        <time>2022-03-14T13:50:32Z</time>
      </trkpt>
      <trkpt lat="34.33086522245503" lon="108.97976704260873">
        <ele>395.9636790342629</ele>
        <time>2022-03-14T13:50:34Z</time>
      </trkpt>
      <trkpt lat="34.33077643100922" lon="108.97990651170659">
        <ele>396.22950683068484</ele>
        <time>2022-03-14T13:50:36Z</time>
      </trkpt>
      <trkpt lat="34.33075092784064" lon="108.98006528923126">
        <ele>395.5029448950663</ele>
        <time>2022-03-14T13:50:38Z</time>
      </trkpt>
      <trkpt lat="34.33074739895515" lon="108.98044043174603">
        <ele>394.11839595157653</ele>
        <time>2022-03-14T13:50:42Z</time>
      </trkpt>
      <trkpt lat="34.33079140592153" lon="108.98104856179616">
        <ele>395.23184286337346</ele>
        <time>2022-03-14T13:50:48Z</time>
      </trkpt>
      <trkpt lat="34.330806050997836" lon="108.9814646204105">
        <ele>397.9134027734399</ele>
        <time>2022-03-14T13:50:52Z</time>
      </trkpt>
      <trkpt lat="34.330767666357" lon="108.98206413276851">
        <ele>397.1340835047886</ele>
        <time>2022-03-14T13:50:58Z</time>
      </trkpt>
      <trkpt lat="34.3307140343461" lon="108.98263983431352">
        <ele>394.96167145948857</ele>
        <time>2022-03-14T13:51:04Z</time>
      </trkpt>
      <trkpt lat="34.33070318300013" lon="108.98285777850913">
        <ele>394.4424925260246</ele>
        <time>2022-03-14T13:51:06Z</time>
      </trkpt>
      <trkpt lat="34.33071207785853" lon="108.98306745261337">
        <ele>395.0751475645229</ele>
        <time>2022-03-14T13:51:08Z</time>
      </trkpt>
      <trkpt lat="34.330679158627724" lon="108.98347392608122">
        <ele>391.85620089713484</ele>
        <time>2022-03-14T13:51:12Z</time>
      </trkpt>
      <trkpt lat="34.33068687082612" lon="108.98386763002217">
        <ele>394.5969726042822</ele>
        <time>2022-03-14T13:51:16Z</time>
      </trkpt>
      <trkpt lat="34.33060574201879" lon="108.98402876993853">
        <ele>393.6251543145627</ele>
        <time>2022-03-14T13:51:18Z</time>
      </trkpt>
      <trkpt lat="34.33045999956739" lon="108.98411165925742">
        <ele>394.8068912765011</ele>
        <time>2022-03-14T13:51:20Z</time>
      </trkpt>
      <trkpt lat="34.330158800082756" lon="108.98409184330119">
        <ele>392.82584419101477</ele>
        <time>2022-03-14T13:51:24Z</time>
      </trkpt>
      <trkpt lat="34.3298451948813" lon="108.98412398864478">
        <ele>392.6695407703519</ele>
        <time>2022-03-14T13:51:28Z</time>
      </trkpt>
      <trkpt lat="34.32935832082191" lon="108.98412478909842">
        <ele>394.7494398020208</ele>
        <time>2022-03-14T13:51:34Z</time>
      </trkpt>
      <trkpt lat="34.328845584022844" lon="108.9841095451936">
        <ele>395.05806437600404</ele>
        <time>2022-03-14T13:51:40Z</time>
      </trkpt>
      <trkpt lat="34.32832621481383" lon="108.98410975964559">
        <ele>393.4505081195384</ele>
        <time>2022-03-14T13:51:46Z</time>
      </trkpt>
      <trkpt lat="34.328167858852865" lon="108.98404728830864">
        <ele>391.98225367441773</ele>
        <time>2022-03-14T13:51:48Z</time>
      </trkpt>
      <trkpt lat="34.3280771018686" lon="108.98386301368464">
        <ele>391.4074195837602</ele>
        <time>2022-03-14T13:51:50Z</time>
      </trkpt>
      <trkpt lat="34.32803185950955" lon="108.98366550354997">
        <ele>392.9370632963255</ele>
        <time>2022-03-14T13:51:52Z</time>
      </trkpt>
      <trkpt lat="34.32802080619138" lon="108.98347181368929">
        <ele>392.84257305786014</ele>
        <time>2022-03-14T13:51:54Z</time>
      </trkpt>
      <trkpt lat="34.32804617422829" lon="108.98306620086561">
        <ele>393.9535682555288</ele>
        <time>2022-03-14T13:51:58Z</time>
      </trkpt>
      <trkpt lat="34.32803062450345" lon="108.98249285102989">
        <ele>393.9483347274363</ele>
        <time>2022-03-14T13:52:04Z</time>
      </trkpt>
      <trkpt lat="34.32801708067338" lon="108.98193144855077">
        <ele>395.51938251033425</ele>
        <time>2022-03-14T13:52:10Z</time>
      </trkpt>
      <trkpt lat="34.32799998137976" lon="108.98173298933548">
        <ele>395.0936546595767</ele>
        <time>2022-03-14T13:52:12Z</time>
      </trkpt>
      <trkpt lat="34.32801154623823" lon="108.98117208579896">
        <ele>394.46190233901143</ele>
        <time>2022-03-14T13:52:18Z</time>
      </trkpt>
      <trkpt lat="34.32800096358109" lon="108.98064127102911">
        <ele>393.858975796029</ele>
        <time>2022-03-14T13:52:24Z</time>
      </trkpt>
      <trkpt lat="34.328018134322285" lon="108.98011822115107">
        <ele>395.3916188850999</ele>
        <time>2022-03-14T13:52:30Z</time>
      </trkpt>
      <trkpt lat="34.32802136831914" lon="108.97979072243024">
        <ele>396.166750757955</ele>
        <time>2022-03-14T13:52:34Z</time>
      </trkpt>
      <trkpt lat="34.32805431527049" lon="108.97965176406682">
        <ele>395.07112273201346</ele>
        <time>2022-03-14T13:52:36Z</time>
      </trkpt>
      <trkpt lat="34.328154017952" lon="108.97955328066543">
        <ele>396.13547531329095</ele>
        <time>2022-03-14T13:52:38Z</time>
      </trkpt>
      <trkpt lat="34.328261612001" lon="108.97949262064273">
        <ele>395.8666725428775</ele>
        <time>2022-03-14T13:52:40Z</time>
      </trkpt>
      <trkpt lat="34.32837889873969" lon="108.9794717136052">
        <ele>396.20275404304266</ele>
        <time>2022-03-14T13:52:42Z</time>
      </trkpt>
      <trkpt lat="34.32863317887995" lon="108.97945596104523">
        <ele>393.7377970069647</ele>
        <time>2022-03-14T13:52:46Z</time>
      </trkpt>
      <trkpt lat="34.328740219786745" lon="108.97946884926523">
        <ele>394.55832773726434</ele>
        <time>2022-03-14T13:52:48Z</time>
      </trkpt>
      <trkpt lat="34.32881632905985" lon="108.97945252465742">
        <ele>394.8720632819459</ele>
        <time>2022-03-14T13:52:50Z</time>
      </trkpt>
      <trkpt lat="34.32890722131717" lon="108.97946733015574">
        <ele>395.4069280875847</ele>
        <time>2022-03-14T13:52:52Z</time>
      </trkpt>
      <trkpt lat="34.328993406003676" lon="108.97941583133797">
        <ele>395.4205423714593</ele>
        <time>2022-03-14T13:52:54Z</time>
      </trkpt>
      <trkpt lat="34.329190933898374" lon="108.97945157851885">
        <ele>396.92232088465244</ele>
        <time>2022-03-14T13:52:58Z</time>
      </trkpt>
      <trkpt lat="34.32953429571813" lon="108.97944444814942">
        <ele>395.69947271980345</ele>
        <time>2022-03-14T13:53:04Z</time>
      </trkpt>
      <trkpt lat="34.32959612459502" lon="108.97951562344926">
        <ele>396.21875165682286</ele>
        <time>2022-03-14T13:53:06Z</time>
      </trkpt>
      <trkpt lat="34.32955469210937" lon="108.97959118788535">
        <ele>395.5255043087527</ele>
        <time>2022-03-14T13:53:08Z</time>
      </trkpt>
      <trkpt lat="34.32919834794033" lon="108.97961291535877">
        <ele>395.96846213471144</ele>
        <time>2022-03-14T13:53:18Z</time>
      </trkpt>
      <trkpt lat="34.32909354206509" lon="108.97972019573314">
        <ele>395.84350235015154</ele>
        <time>2022-03-14T13:53:34Z</time>
      </trkpt>
    </trkseg>
  </trk>
</gpx>