<?xml version="1.0" encoding="UTF-8"?>
<gpx xmlns="http://www.topografix.com/GPX/1/1" xmlns:gpxtpx="http://www.garmin.com/xmlschemas/TrackPointExtension/v1" xmlns:xsi="http://www.w3.org/2001/XMLSchema-instance" xsi:schemaLocation="http://www.topografix.com/GPX/1/1 http://www.topografix.com/GPX/1/1/gpx.xsd" version="1.1" creator="gpx.py -- https://github.com/tkrajina/gpxpy">
  <trk>
    <name>gpx from keep</name>
    <type>Ride</type>
    <trkseg>
      <trkpt lat="34.32820812915435" lon="108.9807019307951">
        <ele>406.06794357299805</ele>
        <time>2022-03-04T22:16:48Z</time>
      </trkpt>
      <trkpt lat="34.328254366251876" lon="108.98020634554096">
        <ele>406.2384605407715</ele>
        <time>2022-03-04T22:17:07Z</time>
      </trkpt>
      <trkpt lat="34.328351633370275" lon="108.98025027064585">
        <ele>407.7960395812988</ele>
        <time>2022-03-04T22:17:19Z</time>
      </trkpt>
      <trkpt lat="34.32820812915435" lon="108.9807019307951">
        <ele>408.6409492492676</ele>
        <time>2022-03-04T22:17:25Z</time>
      </trkpt>
      <trkpt lat="34.3282463783115" lon="108.98017409989787">
        <ele>403.31919288635254</ele>
        <time>2022-03-04T22:17:28Z</time>
      </trkpt>
      <trkpt lat="34.32830282511915" lon="108.9802392348913">
        <ele>401.4664077758789</ele>
        <time>2022-03-04T22:18:18Z</time>
      </trkpt>
      <trkpt lat="34.328194229014365" lon="108.98018878729034">
        <ele>410.1640853881836</ele>
        <time>2022-03-04T22:19:58Z</time>
      </trkpt>
      <trkpt lat="34.32825877879942" lon="108.98022486526101">
        <ele>405.83211517333984</ele>
        <time>2022-03-04T22:20:58Z</time>
      </trkpt>
      <trkpt lat="34.328391672664004" lon="108.98025913780654">
        <ele>404.1971073150635</ele>
        <time>2022-03-04T22:21:04Z</time>
      </trkpt>
      <trkpt lat="34.32832221725462" lon="108.98030287688724">
        <ele>403.5331802368164</ele>
        <time>2022-03-04T22:21:07Z</time>
      </trkpt>
      <trkpt lat="34.328322327150644" lon="108.98039537299617">
        <ele>402.96286964416504</ele>
        <time>2022-03-04T22:21:23Z</time>
      </trkpt>
      <trkpt lat="34.32852884217018" lon="108.98030413858646">
        <ele>401.5825138092041</ele>
        <time>2022-03-04T22:21:47Z</time>
      </trkpt>
      <trkpt lat="34.32808327559867" lon="108.98059047380548">
        <ele>400.98604583740234</ele>
        <time>2022-03-04T22:22:10Z</time>
      </trkpt>
      <trkpt lat="34.327992968111175" lon="108.9805574148191">
        <ele>398.38042068481445</ele>
        <time>2022-03-04T22:22:26Z</time>
      </trkpt>
      <trkpt lat="34.32858873087054" lon="108.98040490190915">
        <ele>397.02973556518555</ele>
        <time>2022-03-04T22:22:35Z</time>
      </trkpt>
      <trkpt lat="34.328357684595666" lon="108.98031812078871">
        <ele>396.75759506225586</ele>
        <time>2022-03-04T22:22:42Z</time>
      </trkpt>
      <trkpt lat="34.328447111089346" lon="108.98032562243145">
        <ele>396.9004611968994</ele>
        <time>2022-03-04T22:22:44Z</time>
      </trkpt>
      <trkpt lat="34.32820933723074" lon="108.98025989077482">
        <ele>396.7179527282715</ele>
        <time>2022-03-04T22:22:49Z</time>
      </trkpt>
      <trkpt lat="34.32843595069442" lon="108.98032162329393">
        <ele>396.89099884033203</ele>
        <time>2022-03-04T22:22:51Z</time>
      </trkpt>
      <trkpt lat="34.32877838071537" lon="108.98006318622974">
        <ele>397.01697158813477</ele>
        <time>2022-03-04T22:22:57Z</time>
      </trkpt>
      <trkpt lat="34.32875905591206" lon="108.9801601964938">
        <ele>397.0941505432129</ele>
        <time>2022-03-04T22:23:05Z</time>
      </trkpt>
      <trkpt lat="34.32865228119893" lon="108.9796058232453">
        <ele>396.9638481140137</ele>
        <time>2022-03-04T22:23:16Z</time>
      </trkpt>
      <trkpt lat="34.32898841000231" lon="108.98017119617434">
        <ele>395.8838746966794</ele>
        <time>2022-03-04T22:23:19Z</time>
      </trkpt>
      <trkpt lat="34.32899364901535" lon="108.98027503534121">
        <ele>395.90735245589167</ele>
        <time>2022-03-04T22:23:23Z</time>
      </trkpt>
      <trkpt lat="34.32905226246448" lon="108.98041553869">
        <ele>395.82672179304063</ele>
        <time>2022-03-04T22:23:29Z</time>
      </trkpt>
      <trkpt lat="34.32909600954135" lon="108.98042988806402">
        <ele>395.826581902802</ele>
        <time>2022-03-04T22:23:35Z</time>
      </trkpt>
      <trkpt lat="34.328919772311174" lon="108.98057883316852">
        <ele>395.9473173255101</ele>
        <time>2022-03-04T22:23:48Z</time>
      </trkpt>
      <trkpt lat="34.32865403302356" lon="108.98075815480465">
        <ele>395.5258153239265</ele>
        <time>2022-03-04T22:23:52Z</time>
      </trkpt>
      <trkpt lat="34.328577903926494" lon="108.98079124602796">
        <ele>395.3201340222731</ele>
        <time>2022-03-04T22:23:53Z</time>
      </trkpt>
      <trkpt lat="34.328472618252924" lon="108.98080877000349">
        <ele>395.13657502271235</ele>
        <time>2022-03-04T22:23:55Z</time>
      </trkpt>
      <trkpt lat="34.32818778483502" lon="108.98076085120991">
        <ele>395.2650607889518</ele>
        <time>2022-03-04T22:24:06Z</time>
      </trkpt>
      <trkpt lat="34.32811277198029" lon="108.98073137045">
        <ele>395.25749633740634</ele>
        <time>2022-03-04T22:24:08Z</time>
      </trkpt>
      <trkpt lat="34.32810528089748" lon="108.9806080970263">
        <ele>395.3140462534502</ele>
        <time>2022-03-04T22:24:11Z</time>
      </trkpt>
      <trkpt lat="34.32811819387814" lon="108.98050445392224">
        <ele>396.23911050427705</ele>
        <time>2022-03-04T22:24:13Z</time>
      </trkpt>
      <trkpt lat="34.328106739269124" lon="108.97995510127798">
        <ele>396.14658294897527</ele>
        <time>2022-03-04T22:24:23Z</time>
      </trkpt>
      <trkpt lat="34.32805039799044" lon="108.97937356099031">
        <ele>395.914101626724</ele>
        <time>2022-03-04T22:24:34Z</time>
      </trkpt>
      <trkpt lat="34.328049299127876" lon="108.97918948947463">
        <ele>396.22051063831896</ele>
        <time>2022-03-04T22:24:42Z</time>
      </trkpt>
      <trkpt lat="34.32809126044607" lon="108.97901709854106">
        <ele>396.1363701429218</ele>
        <time>2022-03-04T22:24:52Z</time>
      </trkpt>
      <trkpt lat="34.328082154633194" lon="108.97848775632488">
        <ele>396.02285178005695</ele>
        <time>2022-03-04T22:25:03Z</time>
      </trkpt>
      <trkpt lat="34.32808932130011" lon="108.97835662429104">
        <ele>396.21802068687975</ele>
        <time>2022-03-04T22:25:05Z</time>
      </trkpt>
      <trkpt lat="34.32804999282927" lon="108.97822654647017">
        <ele>396.08365275803953</ele>
        <time>2022-03-04T22:25:07Z</time>
      </trkpt>
      <trkpt lat="34.328094374284575" lon="108.9780933920638">
        <ele>395.9407864511013</ele>
        <time>2022-03-04T22:25:09Z</time>
      </trkpt>
      <trkpt lat="34.328105899138805" lon="108.97760705050312">
        <ele>396.06641333177686</ele>
        <time>2022-03-04T22:25:17Z</time>
      </trkpt>
      <trkpt lat="34.328102308934184" lon="108.97699211915429">
        <ele>395.9350825557485</ele>
        <time>2022-03-04T22:25:27Z</time>
      </trkpt>
      <trkpt lat="34.32809818391872" lon="108.97644255881785">
        <ele>396.08793186582625</ele>
        <time>2022-03-04T22:25:35Z</time>
      </trkpt>
      <trkpt lat="34.32807847203793" lon="108.9758269242249">
        <ele>396.47889013774693</ele>
        <time>2022-03-04T22:25:45Z</time>
      </trkpt>
      <trkpt lat="34.328090714736895" lon="108.97530223265915">
        <ele>395.48692929092795</ele>
        <time>2022-03-04T22:25:55Z</time>
      </trkpt>
      <trkpt lat="34.32810519628783" lon="108.97472928284866">
        <ele>395.7378058889881</ele>
        <time>2022-03-04T22:26:05Z</time>
      </trkpt>
      <trkpt lat="34.32809196288888" lon="108.97416548027375">
        <ele>396.5093290777877</ele>
        <time>2022-03-04T22:26:15Z</time>
      </trkpt>
      <trkpt lat="34.32809915078252" lon="108.97356212959572">
        <ele>396.4816234484315</ele>
        <time>2022-03-04T22:26:25Z</time>
      </trkpt>
      <trkpt lat="34.32809771480795" lon="108.97302127717978">
        <ele>397.2533334977925</ele>
        <time>2022-03-04T22:26:35Z</time>
      </trkpt>
      <trkpt lat="34.328097157707035" lon="108.97241543046619">
        <ele>397.6806792160496</ele>
        <time>2022-03-04T22:26:45Z</time>
      </trkpt>
      <trkpt lat="34.32807810255697" lon="108.97189427306326">
        <ele>396.72121685463935</ele>
        <time>2022-03-04T22:26:53Z</time>
      </trkpt>
      <trkpt lat="34.32807560645116" lon="108.97151833090626">
        <ele>396.920396130532</ele>
        <time>2022-03-04T22:26:59Z</time>
      </trkpt>
      <trkpt lat="34.328038366769654" lon="108.97124907408079">
        <ele>396.6592995049432</ele>
        <time>2022-03-04T22:27:03Z</time>
      </trkpt>
      <trkpt lat="34.32804001576504" lon="108.9706857715661">
        <ele>395.9863530229777</ele>
        <time>2022-03-04T22:27:11Z</time>
      </trkpt>
      <trkpt lat="34.32804082626521" lon="108.9701156220985">
        <ele>395.84174265526235</ele>
        <time>2022-03-04T22:27:18Z</time>
      </trkpt>
      <trkpt lat="34.32803121928205" lon="108.9695869096533">
        <ele>395.9717776346952</ele>
        <time>2022-03-04T22:27:24Z</time>
      </trkpt>
      <trkpt lat="34.32803363903789" lon="108.96894029276254">
        <ele>395.81610191985965</ele>
        <time>2022-03-04T22:27:31Z</time>
      </trkpt>
      <trkpt lat="34.328038311730154" lon="108.9683696107216">
        <ele>396.6653673592955</ele>
        <time>2022-03-04T22:27:37Z</time>
      </trkpt>
      <trkpt lat="34.32804655763061" lon="108.96780368699406">
        <ele>397.0444487668574</ele>
        <time>2022-03-04T22:27:43Z</time>
      </trkpt>
      <trkpt lat="34.32800220456957" lon="108.96718813827967">
        <ele>395.74542074557394</ele>
        <time>2022-03-04T22:27:51Z</time>
      </trkpt>
      <trkpt lat="34.32799541817812" lon="108.9670977819592">
        <ele>395.85130325425416</ele>
        <time>2022-03-04T22:27:53Z</time>
      </trkpt>
      <trkpt lat="34.327907021944846" lon="108.96685735549552">
        <ele>395.16955873183906</ele>
        <time>2022-03-04T22:27:59Z</time>
      </trkpt>
      <trkpt lat="34.32784253499472" lon="108.96678486093708">
        <ele>395.0804011421278</ele>
        <time>2022-03-04T22:28:01Z</time>
      </trkpt>
      <trkpt lat="34.32774919675496" lon="108.9667307310689">
        <ele>395.52536975219846</ele>
        <time>2022-03-04T22:28:03Z</time>
      </trkpt>
      <trkpt lat="34.32762542738046" lon="108.96670155084429">
        <ele>394.82700193021446</ele>
        <time>2022-03-04T22:28:05Z</time>
      </trkpt>
      <trkpt lat="34.3271736657901" lon="108.96670386312277">
        <ele>395.32195850275457</ele>
        <time>2022-03-04T22:28:11Z</time>
      </trkpt>
      <trkpt lat="34.32667729218548" lon="108.96669370740288">
        <ele>396.2991185868159</ele>
        <time>2022-03-04T22:28:17Z</time>
      </trkpt>
      <trkpt lat="34.32616636205409" lon="108.96668641699469">
        <ele>396.6716916775331</ele>
        <time>2022-03-04T22:28:23Z</time>
      </trkpt>
      <trkpt lat="34.325666267298445" lon="108.96669988711217">
        <ele>396.66578834690154</ele>
        <time>2022-03-04T22:28:29Z</time>
      </trkpt>
      <trkpt lat="34.32516433413441" lon="108.96668098444192">
        <ele>397.75351200439036</ele>
        <time>2022-03-04T22:28:35Z</time>
      </trkpt>
      <trkpt lat="34.32466476815175" lon="108.96667261131753">
        <ele>396.8394531812519</ele>
        <time>2022-03-04T22:28:41Z</time>
      </trkpt>
      <trkpt lat="34.32418525076222" lon="108.96669210341288">
        <ele>397.13076870702207</ele>
        <time>2022-03-04T22:28:47Z</time>
      </trkpt>
      <trkpt lat="34.323712755357775" lon="108.96666050220037">
        <ele>397.08029317483306</ele>
        <time>2022-03-04T22:28:53Z</time>
      </trkpt>
      <trkpt lat="34.323479310809226" lon="108.96664153080492">
        <ele>396.7044206280261</ele>
        <time>2022-03-04T22:28:56Z</time>
      </trkpt>
      <trkpt lat="34.32300985871153" lon="108.96670423702624">
        <ele>396.0313015887514</ele>
        <time>2022-03-04T22:29:02Z</time>
      </trkpt>
      <trkpt lat="34.32250624545033" lon="108.96670728773638">
        <ele>397.11285821255296</ele>
        <time>2022-03-04T22:29:08Z</time>
      </trkpt>
      <trkpt lat="34.3220005432004" lon="108.96668742870419">
        <ele>396.780126972124</ele>
        <time>2022-03-04T22:29:14Z</time>
      </trkpt>
      <trkpt lat="34.32152724831155" lon="108.9666730344286">
        <ele>396.343634868972</ele>
        <time>2022-03-04T22:29:20Z</time>
      </trkpt>
      <trkpt lat="34.32098652000572" lon="108.96665633864166">
        <ele>396.79219138622284</ele>
        <time>2022-03-04T22:29:28Z</time>
      </trkpt>
      <trkpt lat="34.3205386086436" lon="108.96666779224324">
        <ele>397.4770289203152</ele>
        <time>2022-03-04T22:29:35Z</time>
      </trkpt>
      <trkpt lat="34.32008637302135" lon="108.96668148495903">
        <ele>398.5665973527357</ele>
        <time>2022-03-04T22:29:41Z</time>
      </trkpt>
      <trkpt lat="34.31977510303368" lon="108.96667419161322">
        <ele>399.0635377438739</ele>
        <time>2022-03-04T22:29:45Z</time>
      </trkpt>
      <trkpt lat="34.31947359696475" lon="108.96663988520424">
        <ele>399.0838934984058</ele>
        <time>2022-03-04T22:29:49Z</time>
      </trkpt>
      <trkpt lat="34.3190100413431" lon="108.96664007086376">
        <ele>398.5288253342733</ele>
        <time>2022-03-04T22:29:55Z</time>
      </trkpt>
      <trkpt lat="34.318730265087105" lon="108.96661568317366">
        <ele>398.18408689275384</ele>
        <time>2022-03-04T22:29:59Z</time>
      </trkpt>
      <trkpt lat="34.31842346652175" lon="108.96665563306314">
        <ele>397.40287589561194</ele>
        <time>2022-03-04T22:30:03Z</time>
      </trkpt>
      <trkpt lat="34.31792691517344" lon="108.96668921862494">
        <ele>397.19985644333065</ele>
        <time>2022-03-04T22:30:09Z</time>
      </trkpt>
      <trkpt lat="34.31743087090522" lon="108.96668657699243">
        <ele>397.7691386854276</ele>
        <time>2022-03-04T22:30:15Z</time>
      </trkpt>
      <trkpt lat="34.31725873050111" lon="108.96667034672149">
        <ele>397.3289081482217</ele>
        <time>2022-03-04T22:30:17Z</time>
      </trkpt>
      <trkpt lat="34.316756214614145" lon="108.96669237806549">
        <ele>397.3329858807847</ele>
        <time>2022-03-04T22:30:23Z</time>
      </trkpt>
      <trkpt lat="34.31627307895903" lon="108.96668111656432">
        <ele>397.8715526694432</ele>
        <time>2022-03-04T22:30:29Z</time>
      </trkpt>
      <trkpt lat="34.31573996464584" lon="108.96664752109348">
        <ele>397.7186656072736</ele>
        <time>2022-03-04T22:30:37Z</time>
      </trkpt>
      <trkpt lat="34.315231222409935" lon="108.96666050240871">
        <ele>397.8313310164958</ele>
        <time>2022-03-04T22:30:45Z</time>
      </trkpt>
      <trkpt lat="34.31473078389601" lon="108.96666223443495">
        <ele>397.6530478866771</ele>
        <time>2022-03-04T22:30:53Z</time>
      </trkpt>
      <trkpt lat="34.314264172955134" lon="108.96667501229028">
        <ele>397.2863531000912</ele>
        <time>2022-03-04T22:31:01Z</time>
      </trkpt>
      <trkpt lat="34.3139039467431" lon="108.96668145934726">
        <ele>397.2510544024408</ele>
        <time>2022-03-04T22:31:07Z</time>
      </trkpt>
      <trkpt lat="34.313781022563845" lon="108.96665983621857">
        <ele>397.15495830215514</ele>
        <time>2022-03-04T22:31:09Z</time>
      </trkpt>
      <trkpt lat="34.31368168943303" lon="108.96661876335666">
        <ele>397.1795846140012</ele>
        <time>2022-03-04T22:31:11Z</time>
      </trkpt>
      <trkpt lat="34.31356900889159" lon="108.96661629826926">
        <ele>397.61003883648664</ele>
        <time>2022-03-04T22:31:13Z</time>
      </trkpt>
      <trkpt lat="34.3134603895442" lon="108.96658621557417">
        <ele>396.6178642269224</ele>
        <time>2022-03-04T22:31:15Z</time>
      </trkpt>
      <trkpt lat="34.312941363584144" lon="108.96658242849948">
        <ele>397.58741688076407</ele>
        <time>2022-03-04T22:31:23Z</time>
      </trkpt>
      <trkpt lat="34.31248214549743" lon="108.96658010587765">
        <ele>396.73805585317314</ele>
        <time>2022-03-04T22:31:29Z</time>
      </trkpt>
      <trkpt lat="34.31199444026936" lon="108.96656814076592">
        <ele>396.74584101047367</ele>
        <time>2022-03-04T22:31:35Z</time>
      </trkpt>
      <trkpt lat="34.31152666783578" lon="108.96657958101629">
        <ele>397.7044524522498</ele>
        <time>2022-03-04T22:31:41Z</time>
      </trkpt>
      <trkpt lat="34.31119038592552" lon="108.96656228703412">
        <ele>397.5006779562682</ele>
        <time>2022-03-04T22:31:45Z</time>
      </trkpt>
      <trkpt lat="34.310727326378434" lon="108.9665663155173">
        <ele>397.99956683814526</ele>
        <time>2022-03-04T22:31:51Z</time>
      </trkpt>
      <trkpt lat="34.31026723486305" lon="108.96656730718227">
        <ele>398.50298898946494</ele>
        <time>2022-03-04T22:31:57Z</time>
      </trkpt>
      <trkpt lat="34.30981836069881" lon="108.96655813385753">
        <ele>398.4107537968084</ele>
        <time>2022-03-04T22:32:03Z</time>
      </trkpt>
      <trkpt lat="34.30933384136258" lon="108.96658007634674">
        <ele>398.1512628272176</ele>
        <time>2022-03-04T22:32:09Z</time>
      </trkpt>
      <trkpt lat="34.30883410032948" lon="108.96660780889125">
        <ele>398.28397659771144</ele>
        <time>2022-03-04T22:32:15Z</time>
      </trkpt>
      <trkpt lat="34.30832124432549" lon="108.96660646054778">
        <ele>398.0351497065276</ele>
        <time>2022-03-04T22:32:21Z</time>
      </trkpt>
      <trkpt lat="34.3078290506867" lon="108.96659866457523">
        <ele>398.3140002954751</ele>
        <time>2022-03-04T22:32:27Z</time>
      </trkpt>
      <trkpt lat="34.30770307114677" lon="108.96658894356139">
        <ele>397.75010268203914</ele>
        <time>2022-03-04T22:32:29Z</time>
      </trkpt>
      <trkpt lat="34.307615360713825" lon="108.96655053833246">
        <ele>397.8429277231917</ele>
        <time>2022-03-04T22:32:31Z</time>
      </trkpt>
      <trkpt lat="34.307429244909436" lon="108.96624394594701">
        <ele>398.2719084955752</ele>
        <time>2022-03-04T22:32:37Z</time>
      </trkpt>
      <trkpt lat="34.307387942669685" lon="108.96563897204973">
        <ele>398.51989815942943</ele>
        <time>2022-03-04T22:32:45Z</time>
      </trkpt>
      <trkpt lat="34.3073461844496" lon="108.96507876946166">
        <ele>397.9873926267028</ele>
        <time>2022-03-04T22:32:51Z</time>
      </trkpt>
      <trkpt lat="34.30732232875816" lon="108.96452106890091">
        <ele>397.2998623624444</ele>
        <time>2022-03-04T22:32:57Z</time>
      </trkpt>
      <trkpt lat="34.307300849840935" lon="108.96397763065646">
        <ele>397.3819389818236</ele>
        <time>2022-03-04T22:33:03Z</time>
      </trkpt>
      <trkpt lat="34.307171617010034" lon="108.96346184031758">
        <ele>397.7481515239924</ele>
        <time>2022-03-04T22:33:09Z</time>
      </trkpt>
      <trkpt lat="34.30708250220316" lon="108.96312755849713">
        <ele>398.37588062044233</ele>
        <time>2022-03-04T22:33:13Z</time>
      </trkpt>
      <trkpt lat="34.30707507665161" lon="108.96258124168013">
        <ele>398.7416368992999</ele>
        <time>2022-03-04T22:33:19Z</time>
      </trkpt>
      <trkpt lat="34.30709706160982" lon="108.96222615432944">
        <ele>399.6389353815466</ele>
        <time>2022-03-04T22:33:23Z</time>
      </trkpt>
      <trkpt lat="34.30714776905879" lon="108.96190558797058">
        <ele>399.9911067225039</ele>
        <time>2022-03-04T22:33:27Z</time>
      </trkpt>
      <trkpt lat="34.30713970618816" lon="108.96126053775988">
        <ele>399.82564343046397</ele>
        <time>2022-03-04T22:33:35Z</time>
      </trkpt>
      <trkpt lat="34.30711901731994" lon="108.96056527664223">
        <ele>400.53863818384707</ele>
        <time>2022-03-04T22:33:43Z</time>
      </trkpt>
      <trkpt lat="34.307092798203676" lon="108.95993555304824">
        <ele>400.28667554818094</ele>
        <time>2022-03-04T22:33:49Z</time>
      </trkpt>
      <trkpt lat="34.3070728198665" lon="108.95933942542048">
        <ele>399.4493517167866</ele>
        <time>2022-03-04T22:33:55Z</time>
      </trkpt>
      <trkpt lat="34.30705380641916" lon="108.95875948139917">
        <ele>399.8024661289528</ele>
        <time>2022-03-04T22:34:01Z</time>
      </trkpt>
      <trkpt lat="34.30704207107255" lon="108.95817882271977">
        <ele>400.5676715383306</ele>
        <time>2022-03-04T22:34:07Z</time>
      </trkpt>
      <trkpt lat="34.307019457825604" lon="108.95757068015953">
        <ele>400.3645427133888</ele>
        <time>2022-03-04T22:34:13Z</time>
      </trkpt>
      <trkpt lat="34.30700133160556" lon="108.95697947931524">
        <ele>401.31346162687987</ele>
        <time>2022-03-04T22:34:19Z</time>
      </trkpt>
      <trkpt lat="34.30699537848947" lon="108.95638473642667">
        <ele>401.3147211400792</ele>
        <time>2022-03-04T22:34:25Z</time>
      </trkpt>
      <trkpt lat="34.306996658129364" lon="108.95583519248312">
        <ele>401.42172511294484</ele>
        <time>2022-03-04T22:34:31Z</time>
      </trkpt>
      <trkpt lat="34.30696309252711" lon="108.95527165958867">
        <ele>400.89979551546276</ele>
        <time>2022-03-04T22:34:37Z</time>
      </trkpt>
      <trkpt lat="34.30693836599243" lon="108.95469087360165">
        <ele>400.9365876344964</ele>
        <time>2022-03-04T22:34:43Z</time>
      </trkpt>
      <trkpt lat="34.30689703562772" lon="108.95411352690768">
        <ele>400.6705210180953</ele>
        <time>2022-03-04T22:34:49Z</time>
      </trkpt>
      <trkpt lat="34.30687446799277" lon="108.95349421130346">
        <ele>401.22400265652686</ele>
        <time>2022-03-04T22:34:55Z</time>
      </trkpt>
      <trkpt lat="34.30684597426301" lon="108.95286116193684">
        <ele>400.14318692404777</ele>
        <time>2022-03-04T22:35:01Z</time>
      </trkpt>
      <trkpt lat="34.3068324109401" lon="108.95227857401007">
        <ele>399.31471343152225</ele>
        <time>2022-03-04T22:35:07Z</time>
      </trkpt>
      <trkpt lat="34.30680822971009" lon="108.95172035967595">
        <ele>399.3597767231986</ele>
        <time>2022-03-04T22:35:13Z</time>
      </trkpt>
      <trkpt lat="34.30679660366817" lon="108.95153099584735">
        <ele>399.3583746291697</ele>
        <time>2022-03-04T22:35:15Z</time>
      </trkpt>
      <trkpt lat="34.3068050242087" lon="108.95097306926573">
        <ele>399.1983941886574</ele>
        <time>2022-03-04T22:35:21Z</time>
      </trkpt>
      <trkpt lat="34.30678161913185" lon="108.95059262946319">
        <ele>399.2726089693606</ele>
        <time>2022-03-04T22:35:25Z</time>
      </trkpt>
      <trkpt lat="34.306742255815685" lon="108.95001017713626">
        <ele>399.29080975521356</ele>
        <time>2022-03-04T22:35:31Z</time>
      </trkpt>
      <trkpt lat="34.306718774755424" lon="108.94943857978862">
        <ele>398.65466251131147</ele>
        <time>2022-03-04T22:35:37Z</time>
      </trkpt>
      <trkpt lat="34.306698177138834" lon="108.94875451559719">
        <ele>398.2233730815351</ele>
        <time>2022-03-04T22:35:45Z</time>
      </trkpt>
      <trkpt lat="34.30666479086151" lon="108.948215592429">
        <ele>398.7848055595532</ele>
        <time>2022-03-04T22:35:51Z</time>
      </trkpt>
      <trkpt lat="34.306654650222235" lon="108.9476491853491">
        <ele>398.79153816681355</ele>
        <time>2022-03-04T22:35:57Z</time>
      </trkpt>
      <trkpt lat="34.30661549204073" lon="108.94705247639402">
        <ele>398.9148763353005</ele>
        <time>2022-03-04T22:36:03Z</time>
      </trkpt>
      <trkpt lat="34.306599249983286" lon="108.9464414287376">
        <ele>399.0782831441611</ele>
        <time>2022-03-04T22:36:09Z</time>
      </trkpt>
      <trkpt lat="34.30658017939911" lon="108.94588468673771">
        <ele>399.2472187913954</ele>
        <time>2022-03-04T22:36:15Z</time>
      </trkpt>
      <trkpt lat="34.306570073844036" lon="108.94537690747154">
        <ele>399.06506469938904</ele>
        <time>2022-03-04T22:36:21Z</time>
      </trkpt>
      <trkpt lat="34.306588866843086" lon="108.94504602174793">
        <ele>398.2534980252385</ele>
        <time>2022-03-04T22:36:25Z</time>
      </trkpt>
      <trkpt lat="34.30657378205141" lon="108.94472974409547">
        <ele>399.0319475820288</ele>
        <time>2022-03-04T22:36:29Z</time>
      </trkpt>
      <trkpt lat="34.306590021846525" lon="108.94457958769527">
        <ele>399.5675485879183</ele>
        <time>2022-03-04T22:36:31Z</time>
      </trkpt>
      <trkpt lat="34.306544720741684" lon="108.94416456863738">
        <ele>400.1145255425945</ele>
        <time>2022-03-04T22:36:37Z</time>
      </trkpt>
      <trkpt lat="34.30652790515653" lon="108.943552522772">
        <ele>400.1656202794984</ele>
        <time>2022-03-04T22:36:45Z</time>
      </trkpt>
      <trkpt lat="34.30651980799361" lon="108.94328798660035">
        <ele>399.00853161979467</ele>
        <time>2022-03-04T22:36:49Z</time>
      </trkpt>
      <trkpt lat="34.306449961760464" lon="108.94324188304662">
        <ele>398.8558725118637</ele>
        <time>2022-03-04T22:36:53Z</time>
      </trkpt>
      <trkpt lat="34.30644203736368" lon="108.94334275907677">
        <ele>398.91068319790065</ele>
        <time>2022-03-04T22:36:55Z</time>
      </trkpt>
      <trkpt lat="34.30648292601609" lon="108.94369662725491">
        <ele>399.2994561465457</ele>
        <time>2022-03-04T22:37:01Z</time>
      </trkpt>
      <trkpt lat="34.30649699133993" lon="108.94431506086406">
        <ele>399.92820336297154</ele>
        <time>2022-03-04T22:37:09Z</time>
      </trkpt>
      <trkpt lat="34.30651607098053" lon="108.94447307068052">
        <ele>399.43611345998943</ele>
        <time>2022-03-04T22:37:11Z</time>
      </trkpt>
      <trkpt lat="34.30650906464431" lon="108.94497085121729">
        <ele>399.2302263285965</ele>
        <time>2022-03-04T22:37:17Z</time>
      </trkpt>
      <trkpt lat="34.30646614904492" lon="108.94528464753161">
        <ele>399.0713705541566</ele>
        <time>2022-03-04T22:37:21Z</time>
      </trkpt>
      <trkpt lat="34.30640125039034" lon="108.9454055778562">
        <ele>399.0815204139799</ele>
        <time>2022-03-04T22:37:23Z</time>
      </trkpt>
      <trkpt lat="34.30629731533707" lon="108.94546861342928">
        <ele>399.51166252978146</ele>
        <time>2022-03-04T22:37:25Z</time>
      </trkpt>
      <trkpt lat="34.30580587943118" lon="108.9454781134038">
        <ele>400.38350761216134</ele>
        <time>2022-03-04T22:37:33Z</time>
      </trkpt>
      <trkpt lat="34.30531333096809" lon="108.94552425485097">
        <ele>401.3812134908512</ele>
        <time>2022-03-04T22:37:41Z</time>
      </trkpt>
      <trkpt lat="34.30481163858983" lon="108.94555379452302">
        <ele>402.16627186816186</ele>
        <time>2022-03-04T22:37:49Z</time>
      </trkpt>
      <trkpt lat="34.3042666552503" lon="108.94554279785298">
        <ele>402.41943640168756</ele>
        <time>2022-03-04T22:37:57Z</time>
      </trkpt>
      <trkpt lat="34.30399701458272" lon="108.94556213937334">
        <ele>402.80414379015565</ele>
        <time>2022-03-04T22:38:01Z</time>
      </trkpt>
      <trkpt lat="34.30388051096666" lon="108.94555115202887">
        <ele>402.4377896785736</ele>
        <time>2022-03-04T22:38:03Z</time>
      </trkpt>
      <trkpt lat="34.303833389742785" lon="108.9454543281128">
        <ele>403.0318228080869</ele>
        <time>2022-03-04T22:38:05Z</time>
      </trkpt>
      <trkpt lat="34.30380533315345" lon="108.9448953667475">
        <ele>403.47455666959286</ele>
        <time>2022-03-04T22:38:15Z</time>
      </trkpt>
      <trkpt lat="34.30382113077808" lon="108.94440502177058">
        <ele>404.0549129880965</ele>
        <time>2022-03-04T22:38:23Z</time>
      </trkpt>
      <trkpt lat="34.30378143963125" lon="108.94398634663258">
        <ele>402.9787547197193</ele>
        <time>2022-03-04T22:38:29Z</time>
      </trkpt>
      <trkpt lat="34.303792031368445" lon="108.94383888778758">
        <ele>402.5819308068603</ele>
        <time>2022-03-04T22:38:31Z</time>
      </trkpt>
      <trkpt lat="34.30376560973109" lon="108.94352745764117">
        <ele>401.87384398654103</ele>
        <time>2022-03-04T22:38:35Z</time>
      </trkpt>
      <trkpt lat="34.30375541636623" lon="108.94324079464354">
        <ele>401.50127571541816</ele>
        <time>2022-03-04T22:38:39Z</time>
      </trkpt>
      <trkpt lat="34.30368006928637" lon="108.94275916918927">
        <ele>400.659669871442</ele>
        <time>2022-03-04T22:38:47Z</time>
      </trkpt>
      <trkpt lat="34.30363932527114" lon="108.94266724273187">
        <ele>401.1539356056601</ele>
        <time>2022-03-04T22:38:49Z</time>
      </trkpt>
      <trkpt lat="34.303617064829716" lon="108.94255502344926">
        <ele>400.950432382524</ele>
        <time>2022-03-04T22:38:51Z</time>
      </trkpt>
      <trkpt lat="34.30353636690006" lon="108.94247266246187">
        <ele>401.0995367998257</ele>
        <time>2022-03-04T22:38:53Z</time>
      </trkpt>
      <trkpt lat="34.303422893634064" lon="108.94244049531078">
        <ele>401.4497990887612</ele>
        <time>2022-03-04T22:38:55Z</time>
      </trkpt>
      <trkpt lat="34.302845726332805" lon="108.94246681296704">
        <ele>401.5696192085743</ele>
        <time>2022-03-04T22:39:03Z</time>
      </trkpt>
      <trkpt lat="34.302339172511196" lon="108.94245092529283">
        <ele>400.3966015037149</ele>
        <time>2022-03-04T22:39:09Z</time>
      </trkpt>
      <trkpt lat="34.30183887143509" lon="108.94244246322646">
        <ele>399.8858692822978</ele>
        <time>2022-03-04T22:39:15Z</time>
      </trkpt>
      <trkpt lat="34.30135629026532" lon="108.94243413542652">
        <ele>400.16267898026854</ele>
        <time>2022-03-04T22:39:21Z</time>
      </trkpt>
      <trkpt lat="34.30102186995791" lon="108.94242523875293">
        <ele>400.54687429685146</ele>
        <time>2022-03-04T22:39:25Z</time>
      </trkpt>
      <trkpt lat="34.3005404890755" lon="108.94242735741105">
        <ele>402.1382926190272</ele>
        <time>2022-03-04T22:39:31Z</time>
      </trkpt>
      <trkpt lat="34.300058425873665" lon="108.94241562306298">
        <ele>402.37869050353765</ele>
        <time>2022-03-04T22:39:37Z</time>
      </trkpt>
      <trkpt lat="34.299574836181286" lon="108.9424273880061">
        <ele>403.54233045876026</ele>
        <time>2022-03-04T22:39:43Z</time>
      </trkpt>
      <trkpt lat="34.29907738551995" lon="108.94242638303484">
        <ele>404.70194121450186</ele>
        <time>2022-03-04T22:39:49Z</time>
      </trkpt>
      <trkpt lat="34.29859098522825" lon="108.9424071243336">
        <ele>405.258611548692</ele>
        <time>2022-03-04T22:39:55Z</time>
      </trkpt>
      <trkpt lat="34.298089203451575" lon="108.94243312696975">
        <ele>406.1031087823212</ele>
        <time>2022-03-04T22:40:01Z</time>
      </trkpt>
      <trkpt lat="34.297631621728144" lon="108.94242219640665">
        <ele>406.01548542734236</ele>
        <time>2022-03-04T22:40:07Z</time>
      </trkpt>
      <trkpt lat="34.29711585483904" lon="108.94241633278033">
        <ele>407.3928677979857</ele>
        <time>2022-03-04T22:40:15Z</time>
      </trkpt>
      <trkpt lat="34.296531083613914" lon="108.94240162834072">
        <ele>407.3396055093035</ele>
        <time>2022-03-04T22:40:23Z</time>
      </trkpt>
      <trkpt lat="34.296049892507405" lon="108.94238791404752">
        <ele>407.5039089480415</ele>
        <time>2022-03-04T22:40:29Z</time>
      </trkpt>
      <trkpt lat="34.29588872127542" lon="108.94237276256118">
        <ele>407.4014455527067</ele>
        <time>2022-03-04T22:40:31Z</time>
      </trkpt>
      <trkpt lat="34.295737101634685" lon="108.94238058893168">
        <ele>407.2061640853062</ele>
        <time>2022-03-04T22:40:33Z</time>
      </trkpt>
      <trkpt lat="34.29555867399087" lon="108.94235994854759">
        <ele>409.8579023722559</ele>
        <time>2022-03-04T22:40:35Z</time>
      </trkpt>
      <trkpt lat="34.295089322960735" lon="108.9423769956597">
        <ele>408.98838831298053</ele>
        <time>2022-03-04T22:40:41Z</time>
      </trkpt>
      <trkpt lat="34.29461879312148" lon="108.94236789277221">
        <ele>409.6351645756513</ele>
        <time>2022-03-04T22:40:47Z</time>
      </trkpt>
      <trkpt lat="34.2941645075519" lon="108.94238808373275">
        <ele>409.923320595175</ele>
        <time>2022-03-04T22:40:53Z</time>
      </trkpt>
      <trkpt lat="34.2937023034615" lon="108.94241166626985">
        <ele>410.18689715489745</ele>
        <time>2022-03-04T22:40:59Z</time>
      </trkpt>
      <trkpt lat="34.29339017252886" lon="108.94243685139378">
        <ele>410.86964328121394</ele>
        <time>2022-03-04T22:41:03Z</time>
      </trkpt>
      <trkpt lat="34.29306958374162" lon="108.94242846097325">
        <ele>411.47445711586624</ele>
        <time>2022-03-04T22:41:07Z</time>
      </trkpt>
      <trkpt lat="34.292900085565144" lon="108.94244258455409">
        <ele>411.94757871933496</ele>
        <time>2022-03-04T22:41:09Z</time>
      </trkpt>
      <trkpt lat="34.29245505380741" lon="108.94241871254175">
        <ele>412.7035669339821</ele>
        <time>2022-03-04T22:41:15Z</time>
      </trkpt>
      <trkpt lat="34.291966567368696" lon="108.94238965514734">
        <ele>413.1826876644045</ele>
        <time>2022-03-04T22:41:21Z</time>
      </trkpt>
      <trkpt lat="34.29178842345312" lon="108.94238367457157">
        <ele>412.83151971921325</ele>
        <time>2022-03-04T22:41:23Z</time>
      </trkpt>
      <trkpt lat="34.29162136707872" lon="108.94241010894733">
        <ele>413.20675093401223</ele>
        <time>2022-03-04T22:41:25Z</time>
      </trkpt>
      <trkpt lat="34.29145597234439" lon="108.94238940867952">
        <ele>412.80826793797314</ele>
        <time>2022-03-04T22:41:27Z</time>
      </trkpt>
      <trkpt lat="34.29112270429196" lon="108.94241398766574">
        <ele>412.6303572226316</ele>
        <time>2022-03-04T22:41:31Z</time>
      </trkpt>
      <trkpt lat="34.29059388557246" lon="108.94240896908536">
        <ele>410.5873064696789</ele>
        <time>2022-03-04T22:41:37Z</time>
      </trkpt>
      <trkpt lat="34.290420189897134" lon="108.94240314317763">
        <ele>410.472234306857</ele>
        <time>2022-03-04T22:41:39Z</time>
      </trkpt>
      <trkpt lat="34.29007293709861" lon="108.94243580375259">
        <ele>409.60555642750114</ele>
        <time>2022-03-04T22:41:43Z</time>
      </trkpt>
      <trkpt lat="34.2895075157744" lon="108.94240629972636">
        <ele>408.7821419816464</ele>
        <time>2022-03-04T22:41:49Z</time>
      </trkpt>
      <trkpt lat="34.289320582981645" lon="108.9424009541519">
        <ele>407.8285188879818</ele>
        <time>2022-03-04T22:41:51Z</time>
      </trkpt>
      <trkpt lat="34.28915225037399" lon="108.94242078949499">
        <ele>407.68598273023963</ele>
        <time>2022-03-04T22:41:53Z</time>
      </trkpt>
      <trkpt lat="34.28860851363106" lon="108.9423960159182">
        <ele>406.19889173842967</ele>
        <time>2022-03-04T22:41:59Z</time>
      </trkpt>
      <trkpt lat="34.28806070953067" lon="108.9423979050195">
        <ele>404.59000670164824</ele>
        <time>2022-03-04T22:42:05Z</time>
      </trkpt>
      <trkpt lat="34.287429585882315" lon="108.94239203804702">
        <ele>404.65995695162565</ele>
        <time>2022-03-04T22:42:11Z</time>
      </trkpt>
      <trkpt lat="34.28697018037929" lon="108.94242345732528">
        <ele>402.8067307267338</ele>
        <time>2022-03-04T22:42:15Z</time>
      </trkpt>
      <trkpt lat="34.28651042452172" lon="108.94236560258958">
        <ele>400.8586687948555</ele>
        <time>2022-03-04T22:42:19Z</time>
      </trkpt>
      <trkpt lat="34.2858659461466" lon="108.94237970439576">
        <ele>402.54588514752686</ele>
        <time>2022-03-04T22:42:25Z</time>
      </trkpt>
      <trkpt lat="34.2852302619567" lon="108.94238548252618">
        <ele>402.6877510510385</ele>
        <time>2022-03-04T22:42:31Z</time>
      </trkpt>
      <trkpt lat="34.284597791389515" lon="108.94237995122681">
        <ele>402.2981508150697</ele>
        <time>2022-03-04T22:42:37Z</time>
      </trkpt>
      <trkpt lat="34.28399586852655" lon="108.94239019936654">
        <ele>403.39731610380113</ele>
        <time>2022-03-04T22:42:43Z</time>
      </trkpt>
      <trkpt lat="34.28340601646436" lon="108.9423867132558">
        <ele>403.6510696718469</ele>
        <time>2022-03-04T22:42:49Z</time>
      </trkpt>
      <trkpt lat="34.2828977248706" lon="108.94237942000008">
        <ele>403.1777877015993</ele>
        <time>2022-03-04T22:42:55Z</time>
      </trkpt>
      <trkpt lat="34.28234111420797" lon="108.9423553905639">
        <ele>403.06026837136596</ele>
        <time>2022-03-04T22:43:03Z</time>
      </trkpt>
      <trkpt lat="34.281856225737954" lon="108.9423146757772">
        <ele>403.32875699270517</ele>
        <time>2022-03-04T22:43:15Z</time>
      </trkpt>
      <trkpt lat="34.28126748687152" lon="108.94238813856803">
        <ele>403.38372000399977</ele>
        <time>2022-03-04T22:43:23Z</time>
      </trkpt>
      <trkpt lat="34.281074208749104" lon="108.9424151284859">
        <ele>403.70376566797495</ele>
        <time>2022-03-04T22:43:25Z</time>
      </trkpt>
      <trkpt lat="34.28085476752105" lon="108.94241621049711">
        <ele>405.100622959435</ele>
        <time>2022-03-04T22:43:27Z</time>
      </trkpt>
      <trkpt lat="34.28045847624296" lon="108.94236156582252">
        <ele>403.381268305704</ele>
        <time>2022-03-04T22:43:31Z</time>
      </trkpt>
      <trkpt lat="34.27992304557173" lon="108.94235846772965">
        <ele>403.6708618924022</ele>
        <time>2022-03-04T22:43:37Z</time>
      </trkpt>
      <trkpt lat="34.27944320660995" lon="108.94236541117958">
        <ele>403.17323561385274</ele>
        <time>2022-03-04T22:43:43Z</time>
      </trkpt>
      <trkpt lat="34.279285598757596" lon="108.9423625708021">
        <ele>402.61865636333823</ele>
        <time>2022-03-04T22:43:45Z</time>
      </trkpt>
      <trkpt lat="34.27913198644218" lon="108.94235983912277">
        <ele>402.67334049846977</ele>
        <time>2022-03-04T22:43:47Z</time>
      </trkpt>
      <trkpt lat="34.278876532086585" lon="108.9422300697342">
        <ele>402.5872512208298</ele>
        <time>2022-03-04T22:43:51Z</time>
      </trkpt>
      <trkpt lat="34.278480852344984" lon="108.94195374277353">
        <ele>402.1830309731886</ele>
        <time>2022-03-04T22:43:57Z</time>
      </trkpt>
      <trkpt lat="34.2781899962905" lon="108.94179621326934">
        <ele>401.9608323452994</ele>
        <time>2022-03-04T22:44:01Z</time>
      </trkpt>
      <trkpt lat="34.27802548508906" lon="108.94175723151903">
        <ele>402.7290663830936</ele>
        <time>2022-03-04T22:44:03Z</time>
      </trkpt>
      <trkpt lat="34.27784421149609" lon="108.94173878143556">
        <ele>402.3932010931894</ele>
        <time>2022-03-04T22:44:05Z</time>
      </trkpt>
      <trkpt lat="34.27731865048102" lon="108.94171838784135">
        <ele>403.5641391389072</ele>
        <time>2022-03-04T22:44:11Z</time>
      </trkpt>
      <trkpt lat="34.27716320428531" lon="108.94181030739517">
        <ele>403.908970316872</ele>
        <time>2022-03-04T22:44:13Z</time>
      </trkpt>
      <trkpt lat="34.277014085569036" lon="108.94192348055579">
        <ele>404.0257581816986</ele>
        <time>2022-03-04T22:44:15Z</time>
      </trkpt>
      <trkpt lat="34.27676705010612" lon="108.94221034821075">
        <ele>405.27528080623597</ele>
        <time>2022-03-04T22:44:19Z</time>
      </trkpt>
      <trkpt lat="34.27663245243801" lon="108.94231025095291">
        <ele>405.0251692170277</ele>
        <time>2022-03-04T22:44:21Z</time>
      </trkpt>
      <trkpt lat="34.27648524119728" lon="108.942357630943">
        <ele>405.0253317914903</ele>
        <time>2022-03-04T22:44:23Z</time>
      </trkpt>
      <trkpt lat="34.2759713426381" lon="108.9423575612724">
        <ele>405.5155637823045</ele>
        <time>2022-03-04T22:44:31Z</time>
      </trkpt>
      <trkpt lat="34.27550827911563" lon="108.94231771462113">
        <ele>404.9212613031268</ele>
        <time>2022-03-04T22:44:49Z</time>
      </trkpt>
      <trkpt lat="34.275193250544575" lon="108.942308624399">
        <ele>405.1419390672818</ele>
        <time>2022-03-04T22:44:57Z</time>
      </trkpt>
      <trkpt lat="34.274865627753265" lon="108.94236642133453">
        <ele>404.63955193851143</ele>
        <time>2022-03-04T22:45:03Z</time>
      </trkpt>
      <trkpt lat="34.274725866647366" lon="108.94234338409564">
        <ele>405.0222448259592</ele>
        <time>2022-03-04T22:45:05Z</time>
      </trkpt>
      <trkpt lat="34.274291428113784" lon="108.94235348314133">
        <ele>404.54982887674123</ele>
        <time>2022-03-04T22:45:11Z</time>
      </trkpt>
      <trkpt lat="34.27395995244882" lon="108.94235044089102">
        <ele>404.809584595263</ele>
        <time>2022-03-04T22:45:15Z</time>
      </trkpt>
      <trkpt lat="34.27346901441192" lon="108.94232734628144">
        <ele>405.1906877607107</ele>
        <time>2022-03-04T22:45:21Z</time>
      </trkpt>
      <trkpt lat="34.272995895282996" lon="108.94233368259728">
        <ele>405.3604002036154</ele>
        <time>2022-03-04T22:45:27Z</time>
      </trkpt>
      <trkpt lat="34.27267782122754" lon="108.9423191866826">
        <ele>405.2154686814174</ele>
        <time>2022-03-04T22:45:31Z</time>
      </trkpt>
      <trkpt lat="34.272515591587464" lon="108.94227797336686">
        <ele>404.70925529208034</ele>
        <time>2022-03-04T22:45:33Z</time>
      </trkpt>
      <trkpt lat="34.272066151091046" lon="108.94227581686798">
        <ele>404.58117875177413</ele>
        <time>2022-03-04T22:45:39Z</time>
      </trkpt>
      <trkpt lat="34.27181421669431" lon="108.94228015065855">
        <ele>403.80672406964004</ele>
        <time>2022-03-04T22:45:43Z</time>
      </trkpt>
      <trkpt lat="34.27167917389999" lon="108.94224892924298">
        <ele>404.020936970599</ele>
        <time>2022-03-04T22:45:55Z</time>
      </trkpt>
      <trkpt lat="34.27147023501201" lon="108.94227706790588">
        <ele>403.5661788266152</ele>
        <time>2022-03-04T22:47:02Z</time>
      </trkpt>
      <trkpt lat="34.27136490312652" lon="108.94229891030842">
        <ele>403.773566310294</ele>
        <time>2022-03-04T22:47:04Z</time>
      </trkpt>
      <trkpt lat="34.27085127713729" lon="108.9422620044687">
        <ele>403.92249485943466</ele>
        <time>2022-03-04T22:47:12Z</time>
      </trkpt>
      <trkpt lat="34.2702889594415" lon="108.94226380277804">
        <ele>405.23500592354685</ele>
        <time>2022-03-04T22:47:20Z</time>
      </trkpt>
      <trkpt lat="34.269837099422375" lon="108.942270400753">
        <ele>406.51578870322555</ele>
        <time>2022-03-04T22:47:26Z</time>
      </trkpt>
      <trkpt lat="34.26937872172866" lon="108.94229481740796">
        <ele>407.551700248383</ele>
        <time>2022-03-04T22:47:32Z</time>
      </trkpt>
      <trkpt lat="34.26891988649082" lon="108.9422959481079">
        <ele>408.03968590218574</ele>
        <time>2022-03-04T22:47:38Z</time>
      </trkpt>
      <trkpt lat="34.2684687411775" lon="108.94228820176961">
        <ele>406.7859371304512</ele>
        <time>2022-03-04T22:47:44Z</time>
      </trkpt>
      <trkpt lat="34.26821581543675" lon="108.94231858880644">
        <ele>407.2368842009455</ele>
        <time>2022-03-04T22:47:48Z</time>
      </trkpt>
      <trkpt lat="34.267639910626045" lon="108.94227027899609">
        <ele>406.51530566532165</ele>
        <time>2022-03-04T22:47:56Z</time>
      </trkpt>
      <trkpt lat="34.26718774118576" lon="108.94225436585651">
        <ele>406.2679802970961</ele>
        <time>2022-03-04T22:48:02Z</time>
      </trkpt>
      <trkpt lat="34.26674309749973" lon="108.94221219654388">
        <ele>405.89455656241626</ele>
        <time>2022-03-04T22:48:08Z</time>
      </trkpt>
      <trkpt lat="34.26634597412139" lon="108.94219362764295">
        <ele>406.27987131569535</ele>
        <time>2022-03-04T22:48:16Z</time>
      </trkpt>
      <trkpt lat="34.26625900354614" lon="108.94220531833012">
        <ele>406.4916892936453</ele>
        <time>2022-03-04T22:48:22Z</time>
      </trkpt>
      <trkpt lat="34.266226511686924" lon="108.94223046059244">
        <ele>406.70434252824634</ele>
        <time>2022-03-04T22:48:33Z</time>
      </trkpt>
      <trkpt lat="34.26599952146892" lon="108.9421886421942">
        <ele>406.66105676535517</ele>
        <time>2022-03-04T22:50:06Z</time>
      </trkpt>
      <trkpt lat="34.26552739468813" lon="108.94218341292317">
        <ele>406.8011287562549</ele>
        <time>2022-03-04T22:50:16Z</time>
      </trkpt>
      <trkpt lat="34.26500029746102" lon="108.94218270938418">
        <ele>406.25105045270175</ele>
        <time>2022-03-04T22:50:26Z</time>
      </trkpt>
      <trkpt lat="34.26453267232164" lon="108.94217737746675">
        <ele>407.32646980136633</ele>
        <time>2022-03-04T22:50:35Z</time>
      </trkpt>
      <trkpt lat="34.26409191756673" lon="108.94216253931258">
        <ele>407.98215066548437</ele>
        <time>2022-03-04T22:50:43Z</time>
      </trkpt>
      <trkpt lat="34.26357011748715" lon="108.94210927991263">
        <ele>409.19312946870923</ele>
        <time>2022-03-04T22:50:53Z</time>
      </trkpt>
      <trkpt lat="34.263488284960445" lon="108.9421105412297">
        <ele>409.4043602608144</ele>
        <time>2022-03-04T22:50:55Z</time>
      </trkpt>
      <trkpt lat="34.26340661177898" lon="108.94207668970246">
        <ele>410.0091754393652</ele>
        <time>2022-03-04T22:50:57Z</time>
      </trkpt>
      <trkpt lat="34.262959282617786" lon="108.94205121149542">
        <ele>410.11809298209846</ele>
        <time>2022-03-04T22:51:09Z</time>
      </trkpt>
      <trkpt lat="34.26245301664486" lon="108.94206644564096">
        <ele>410.16915007308125</ele>
        <time>2022-03-04T22:51:21Z</time>
      </trkpt>
      <trkpt lat="34.262360717285304" lon="108.94210841491038">
        <ele>410.0368325365707</ele>
        <time>2022-03-04T22:51:23Z</time>
      </trkpt>
      <trkpt lat="34.2619034947738" lon="108.94211987347646">
        <ele>408.5461701825261</ele>
        <time>2022-03-04T22:51:33Z</time>
      </trkpt>
      <trkpt lat="34.26170335537674" lon="108.94210444398321">
        <ele>408.46066282782704</ele>
        <time>2022-03-04T22:51:37Z</time>
      </trkpt>
      <trkpt lat="34.261515000773386" lon="108.94199088186915">
        <ele>408.56089551653713</ele>
        <time>2022-03-04T22:51:41Z</time>
      </trkpt>
      <trkpt lat="34.261313047610855" lon="108.9418315058284">
        <ele>408.61382939014584</ele>
        <time>2022-03-04T22:51:45Z</time>
      </trkpt>
      <trkpt lat="34.2610701408772" lon="108.94172673594585">
        <ele>408.93406021781266</ele>
        <time>2022-03-04T22:51:49Z</time>
      </trkpt>
      <trkpt lat="34.2609481890801" lon="108.94171940909551">
        <ele>408.7915418241173</ele>
        <time>2022-03-04T22:51:51Z</time>
      </trkpt>
      <trkpt lat="34.26082370244059" lon="108.94177654133941">
        <ele>409.22628635913134</ele>
        <time>2022-03-04T22:51:53Z</time>
      </trkpt>
      <trkpt lat="34.26070733639555" lon="108.94186053313663">
        <ele>409.1258578617126</ele>
        <time>2022-03-04T22:51:55Z</time>
      </trkpt>
      <trkpt lat="34.26059225477212" lon="108.94191698154809">
        <ele>408.95272297412157</ele>
        <time>2022-03-04T22:51:57Z</time>
      </trkpt>
      <trkpt lat="34.26038568695209" lon="108.94207306478575">
        <ele>408.96054186392576</ele>
        <time>2022-03-04T22:52:01Z</time>
      </trkpt>
      <trkpt lat="34.26027582919722" lon="108.94212502951531">
        <ele>408.87793632782996</ele>
        <time>2022-03-04T22:52:03Z</time>
      </trkpt>
      <trkpt lat="34.25979557706864" lon="108.94213308179924">
        <ele>410.461840855889</ele>
        <time>2022-03-04T22:52:19Z</time>
      </trkpt>
      <trkpt lat="34.259798616817264" lon="108.9421416624555">
        <ele>410.49922203365713</ele>
        <time>2022-03-04T22:52:21Z</time>
      </trkpt>
      <trkpt lat="34.25967202186276" lon="108.94214441220532">
        <ele>410.7118945242837</ele>
        <time>2022-03-04T22:53:44Z</time>
      </trkpt>
      <trkpt lat="34.25923479439356" lon="108.94214218597848">
        <ele>411.50763324368745</ele>
        <time>2022-03-04T22:53:52Z</time>
      </trkpt>
      <trkpt lat="34.25875538566261" lon="108.94213999898811">
        <ele>411.6853697588667</ele>
        <time>2022-03-04T22:54:00Z</time>
      </trkpt>
      <trkpt lat="34.25831883609312" lon="108.94215298565166">
        <ele>412.3060567975044</ele>
        <time>2022-03-04T22:54:07Z</time>
      </trkpt>
      <trkpt lat="34.25782783108777" lon="108.94215200676167">
        <ele>412.00864828098565</ele>
        <time>2022-03-04T22:54:15Z</time>
      </trkpt>
      <trkpt lat="34.25733927371624" lon="108.94213174620786">
        <ele>411.1677013449371</ele>
        <time>2022-03-04T22:54:23Z</time>
      </trkpt>
      <trkpt lat="34.256808122392286" lon="108.94212825245478">
        <ele>410.38907530438155</ele>
        <time>2022-03-04T22:54:31Z</time>
      </trkpt>
      <trkpt lat="34.25630258802692" lon="108.9421480334677">
        <ele>410.6548000583425</ele>
        <time>2022-03-04T22:54:37Z</time>
      </trkpt>
      <trkpt lat="34.25568594634782" lon="108.94218770906856">
        <ele>411.38186346925795</ele>
        <time>2022-03-04T22:54:43Z</time>
      </trkpt>
      <trkpt lat="34.25507085483631" lon="108.94216009254127">
        <ele>410.0737841175869</ele>
        <time>2022-03-04T22:54:49Z</time>
      </trkpt>
      <trkpt lat="34.25468126652321" lon="108.94215655834503">
        <ele>409.632267604582</ele>
        <time>2022-03-04T22:54:53Z</time>
      </trkpt>
      <trkpt lat="34.25450492740876" lon="108.94208850113117">
        <ele>409.6018861848861</ele>
        <time>2022-03-04T22:54:55Z</time>
      </trkpt>
      <trkpt lat="34.25423535343905" lon="108.94177726915888">
        <ele>410.0321687022224</ele>
        <time>2022-03-04T22:54:59Z</time>
      </trkpt>
      <trkpt lat="34.25408874274181" lon="108.94163096750698">
        <ele>410.1315548941493</ele>
        <time>2022-03-04T22:55:01Z</time>
      </trkpt>
      <trkpt lat="34.25390809548476" lon="108.94157175624332">
        <ele>409.8541650278494</ele>
        <time>2022-03-04T22:55:03Z</time>
      </trkpt>
      <trkpt lat="34.25372134421273" lon="108.94155628127278">
        <ele>409.80701242852956</ele>
        <time>2022-03-04T22:55:05Z</time>
      </trkpt>
      <trkpt lat="34.253525407680804" lon="108.94149839316813">
        <ele>409.4643159881234</ele>
        <time>2022-03-04T22:55:07Z</time>
      </trkpt>
      <trkpt lat="34.25291464519315" lon="108.9414933844687">
        <ele>408.8705893298611</ele>
        <time>2022-03-04T22:55:13Z</time>
      </trkpt>
      <trkpt lat="34.25271015119247" lon="108.94149479166826">
        <ele>407.7267416641116</ele>
        <time>2022-03-04T22:55:15Z</time>
      </trkpt>
      <trkpt lat="34.252500934987" lon="108.9415271203168">
        <ele>408.9499158440158</ele>
        <time>2022-03-04T22:55:17Z</time>
      </trkpt>
      <trkpt lat="34.25229718381061" lon="108.94152259152783">
        <ele>407.3674443028867</ele>
        <time>2022-03-04T22:55:19Z</time>
      </trkpt>
      <trkpt lat="34.25209206663063" lon="108.94151802302086">
        <ele>406.0734691172838</ele>
        <time>2022-03-04T22:55:21Z</time>
      </trkpt>
      <trkpt lat="34.25167553401257" lon="108.94150876321764">
        <ele>405.4641384407878</ele>
        <time>2022-03-04T22:55:25Z</time>
      </trkpt>
      <trkpt lat="34.25146942255874" lon="108.9414860153039">
        <ele>405.6136340526864</ele>
        <time>2022-03-04T22:55:27Z</time>
      </trkpt>
      <trkpt lat="34.25089749374523" lon="108.9415018454628">
        <ele>405.12255543936044</ele>
        <time>2022-03-04T22:55:33Z</time>
      </trkpt>
      <trkpt lat="34.250712978374466" lon="108.9415213260068">
        <ele>405.02572848275304</ele>
        <time>2022-03-04T22:55:35Z</time>
      </trkpt>
      <trkpt lat="34.250375131973655" lon="108.94164682219186">
        <ele>405.41751783899963</ele>
        <time>2022-03-04T22:55:39Z</time>
      </trkpt>
      <trkpt lat="34.25027175463418" lon="108.94182505518452">
        <ele>405.8389757461846</ele>
        <time>2022-03-04T22:55:41Z</time>
      </trkpt>
      <trkpt lat="34.25016981180925" lon="108.94194474449277">
        <ele>405.59021937660873</ele>
        <time>2022-03-04T22:55:43Z</time>
      </trkpt>
      <trkpt lat="34.249982618516874" lon="108.9420514965751">
        <ele>405.8427089052275</ele>
        <time>2022-03-04T22:55:47Z</time>
      </trkpt>
      <trkpt lat="34.24987701474611" lon="108.94206569851816">
        <ele>406.6164315454662</ele>
        <time>2022-03-04T22:55:49Z</time>
      </trkpt>
      <trkpt lat="34.249753592673045" lon="108.94214786914272">
        <ele>407.09870385657996</ele>
        <time>2022-03-04T22:55:51Z</time>
      </trkpt>
      <trkpt lat="34.249303538918234" lon="108.94216264577807">
        <ele>406.45149238966405</ele>
        <time>2022-03-04T22:55:57Z</time>
      </trkpt>
      <trkpt lat="34.24914008989714" lon="108.94215616833748">
        <ele>406.2489504106343</ele>
        <time>2022-03-04T22:55:59Z</time>
      </trkpt>
      <trkpt lat="34.24897862681732" lon="108.94208565085955">
        <ele>406.49712545145303</ele>
        <time>2022-03-04T22:56:01Z</time>
      </trkpt>
      <trkpt lat="34.2486378238329" lon="108.9420717858325">
        <ele>407.11725499946624</ele>
        <time>2022-03-04T22:56:05Z</time>
      </trkpt>
      <trkpt lat="34.24845958743102" lon="108.94214118321716">
        <ele>408.1331523125991</ele>
        <time>2022-03-04T22:56:07Z</time>
      </trkpt>
      <trkpt lat="34.24828204184692" lon="108.94208392756337">
        <ele>407.16031031217426</ele>
        <time>2022-03-04T22:56:09Z</time>
      </trkpt>
      <trkpt lat="34.24810025100657" lon="108.94208016701612">
        <ele>406.61943574249744</ele>
        <time>2022-03-04T22:56:11Z</time>
      </trkpt>
      <trkpt lat="34.24753889241563" lon="108.94207503760693">
        <ele>407.4073876654729</ele>
        <time>2022-03-04T22:56:17Z</time>
      </trkpt>
      <trkpt lat="34.2469583990767" lon="108.94206912715894">
        <ele>408.43412414658815</ele>
        <time>2022-03-04T22:56:23Z</time>
      </trkpt>
      <trkpt lat="34.246367389238884" lon="108.94207651473367">
        <ele>409.91128609795123</ele>
        <time>2022-03-04T22:56:29Z</time>
      </trkpt>
      <trkpt lat="34.245787789159166" lon="108.9421078168078">
        <ele>409.54382661823183</ele>
        <time>2022-03-04T22:56:35Z</time>
      </trkpt>
      <trkpt lat="34.24523586234633" lon="108.94206573339385">
        <ele>409.53711317293346</ele>
        <time>2022-03-04T22:56:41Z</time>
      </trkpt>
      <trkpt lat="34.24475500010334" lon="108.94208345877618">
        <ele>410.0623853215948</ele>
        <time>2022-03-04T22:56:47Z</time>
      </trkpt>
      <trkpt lat="34.244575913189486" lon="108.94208562982728">
        <ele>409.35663655307144</ele>
        <time>2022-03-04T22:56:49Z</time>
      </trkpt>
      <trkpt lat="34.24405147331595" lon="108.94207757799784">
        <ele>409.8924073288217</ele>
        <time>2022-03-04T22:56:55Z</time>
      </trkpt>
      <trkpt lat="34.24389657397513" lon="108.94205457417308">
        <ele>409.3245705543086</ele>
        <time>2022-03-04T22:56:57Z</time>
      </trkpt>
      <trkpt lat="34.24374373982494" lon="108.94199748623606">
        <ele>408.3844859013334</ele>
        <time>2022-03-04T22:56:59Z</time>
      </trkpt>
      <trkpt lat="34.24321620094191" lon="108.94196370892365">
        <ele>408.63449681550264</ele>
        <time>2022-03-04T22:57:07Z</time>
      </trkpt>
      <trkpt lat="34.242967616353475" lon="108.9419587233082">
        <ele>409.2239443156868</ele>
        <time>2022-03-04T22:57:23Z</time>
      </trkpt>
      <trkpt lat="34.242694289024755" lon="108.94208822495219">
        <ele>408.43538750801235</ele>
        <time>2022-03-04T22:57:48Z</time>
      </trkpt>
      <trkpt lat="34.24224169993436" lon="108.94208508974003">
        <ele>408.76355446875095</ele>
        <time>2022-03-04T22:57:56Z</time>
      </trkpt>
      <trkpt lat="34.24210289548163" lon="108.94208380949412">
        <ele>408.64143886603415</ele>
        <time>2022-03-04T22:57:58Z</time>
      </trkpt>
      <trkpt lat="34.24196383536491" lon="108.94196298996809">
        <ele>408.0476046623662</ele>
        <time>2022-03-04T22:58:00Z</time>
      </trkpt>
      <trkpt lat="34.2414964115715" lon="108.94193681662804">
        <ele>408.84363211505115</ele>
        <time>2022-03-04T22:58:06Z</time>
      </trkpt>
      <trkpt lat="34.24100621809413" lon="108.9419494702674">
        <ele>409.3080379413441</ele>
        <time>2022-03-04T22:58:12Z</time>
      </trkpt>
      <trkpt lat="34.240674671244626" lon="108.94196054954762">
        <ele>409.6970480857417</ele>
        <time>2022-03-04T22:58:16Z</time>
      </trkpt>
      <trkpt lat="34.24019370096039" lon="108.94192426004484">
        <ele>410.4085060823709</ele>
        <time>2022-03-04T22:58:22Z</time>
      </trkpt>
      <trkpt lat="34.2399223399501" lon="108.94190164354127">
        <ele>410.1565801780671</ele>
        <time>2022-03-04T22:58:26Z</time>
      </trkpt>
      <trkpt lat="34.23979272616664" lon="108.94191562572513">
        <ele>410.1340558892116</ele>
        <time>2022-03-04T22:58:30Z</time>
      </trkpt>
      <trkpt lat="34.239721228970375" lon="108.94190086911338">
        <ele>410.53634600993246</ele>
        <time>2022-03-04T22:58:34Z</time>
      </trkpt>
      <trkpt lat="34.23963011802469" lon="108.94192545988739">
        <ele>410.76323707122356</ele>
        <time>2022-03-04T22:58:38Z</time>
      </trkpt>
      <trkpt lat="34.23935429433972" lon="108.94192507549006">
        <ele>410.8194211218506</ele>
        <time>2022-03-04T22:58:46Z</time>
      </trkpt>
      <trkpt lat="34.23883028073967" lon="108.94189444725274">
        <ele>412.06791235040873</ele>
        <time>2022-03-04T22:58:56Z</time>
      </trkpt>
      <trkpt lat="34.238477765117096" lon="108.94190680088995">
        <ele>412.5367996050045</ele>
        <time>2022-03-04T22:59:01Z</time>
      </trkpt>
      <trkpt lat="34.23834329104194" lon="108.94193864034877">
        <ele>412.44874349143356</ele>
        <time>2022-03-04T22:59:03Z</time>
      </trkpt>
      <trkpt lat="34.23789499698109" lon="108.94193217733206">
        <ele>413.28147973306477</ele>
        <time>2022-03-04T22:59:09Z</time>
      </trkpt>
      <trkpt lat="34.23744171484615" lon="108.941940366359">
        <ele>413.83441833779216</ele>
        <time>2022-03-04T22:59:15Z</time>
      </trkpt>
      <trkpt lat="34.23699841051931" lon="108.94193842343809">
        <ele>414.34344756789505</ele>
        <time>2022-03-04T22:59:21Z</time>
      </trkpt>
      <trkpt lat="34.23652551389204" lon="108.94191998152232">
        <ele>415.0597106786445</ele>
        <time>2022-03-04T22:59:27Z</time>
      </trkpt>
      <trkpt lat="34.23606587058441" lon="108.9419305182364">
        <ele>415.76658384874463</ele>
        <time>2022-03-04T22:59:33Z</time>
      </trkpt>
      <trkpt lat="34.235614763285476" lon="108.94192653049222">
        <ele>415.85913648456335</ele>
        <time>2022-03-04T22:59:39Z</time>
      </trkpt>
      <trkpt lat="34.23530700834115" lon="108.94195450839254">
        <ele>416.1158823007718</ele>
        <time>2022-03-04T22:59:43Z</time>
      </trkpt>
      <trkpt lat="34.235136220453235" lon="108.94191192081108">
        <ele>416.1540954746306</ele>
        <time>2022-03-04T22:59:45Z</time>
      </trkpt>
      <trkpt lat="34.23466269405618" lon="108.94188254226349">
        <ele>416.5206625284627</ele>
        <time>2022-03-04T22:59:51Z</time>
      </trkpt>
      <trkpt lat="34.234363176835195" lon="108.94188586579047">
        <ele>416.5617384100333</ele>
        <time>2022-03-04T22:59:55Z</time>
      </trkpt>
      <trkpt lat="34.23406862125604" lon="108.94193802776358">
        <ele>416.7056954652071</ele>
        <time>2022-03-04T22:59:59Z</time>
      </trkpt>
      <trkpt lat="34.23363037378394" lon="108.9419299226745">
        <ele>414.63329652138054</ele>
        <time>2022-03-04T23:00:05Z</time>
      </trkpt>
      <trkpt lat="34.23318437331469" lon="108.94195476261984">
        <ele>415.031089595519</ele>
        <time>2022-03-04T23:00:11Z</time>
      </trkpt>
      <trkpt lat="34.232742269205175" lon="108.94192609074766">
        <ele>415.4946559499949</ele>
        <time>2022-03-04T23:00:17Z</time>
      </trkpt>
      <trkpt lat="34.232202431218276" lon="108.94188178424758">
        <ele>415.0507290549576</ele>
        <time>2022-03-04T23:00:25Z</time>
      </trkpt>
      <trkpt lat="34.231696723741926" lon="108.94188519794699">
        <ele>413.70950957387686</ele>
        <time>2022-03-04T23:00:33Z</time>
      </trkpt>
      <trkpt lat="34.23115369288436" lon="108.9418883172074">
        <ele>413.70008181221783</ele>
        <time>2022-03-04T23:00:41Z</time>
      </trkpt>
      <trkpt lat="34.2306759227817" lon="108.94188518058832">
        <ele>413.29528873134404</ele>
        <time>2022-03-04T23:00:47Z</time>
      </trkpt>
      <trkpt lat="34.23018012789685" lon="108.941883778322">
        <ele>414.0132166277617</ele>
        <time>2022-03-04T23:00:53Z</time>
      </trkpt>
      <trkpt lat="34.229851453745894" lon="108.94188080989376">
        <ele>414.0984787577763</ele>
        <time>2022-03-04T23:00:57Z</time>
      </trkpt>
      <trkpt lat="34.22968194648202" lon="108.94186123052708">
        <ele>414.7430782113224</ele>
        <time>2022-03-04T23:00:59Z</time>
      </trkpt>
      <trkpt lat="34.22952679582639" lon="108.94189420993193">
        <ele>415.47906398773193</ele>
        <time>2022-03-04T23:01:01Z</time>
      </trkpt>
      <trkpt lat="34.22903334476155" lon="108.94185564998655">
        <ele>416.0853535486385</ele>
        <time>2022-03-04T23:01:07Z</time>
      </trkpt>
      <trkpt lat="34.22854872078106" lon="108.9418820301824">
        <ele>416.79010842647403</ele>
        <time>2022-03-04T23:01:13Z</time>
      </trkpt>
      <trkpt lat="34.22805828453287" lon="108.94184317003295">
        <ele>416.2377317827195</ele>
        <time>2022-03-04T23:01:19Z</time>
      </trkpt>
      <trkpt lat="34.22757319161186" lon="108.94179788585181">
        <ele>415.9873151751235</ele>
        <time>2022-03-04T23:01:25Z</time>
      </trkpt>
      <trkpt lat="34.22709215954566" lon="108.94181735950716">
        <ele>415.3412203621119</ele>
        <time>2022-03-04T23:01:31Z</time>
      </trkpt>
      <trkpt lat="34.226643459581965" lon="108.94182088011681">
        <ele>415.5243204254657</ele>
        <time>2022-03-04T23:01:37Z</time>
      </trkpt>
      <trkpt lat="34.22618857368731" lon="108.94180591247921">
        <ele>415.0742247616872</ele>
        <time>2022-03-04T23:01:43Z</time>
      </trkpt>
      <trkpt lat="34.225626585477286" lon="108.94182396053495">
        <ele>413.8595347283408</ele>
        <time>2022-03-04T23:01:51Z</time>
      </trkpt>
      <trkpt lat="34.225135328895355" lon="108.94181308138218">
        <ele>413.3585137883201</ele>
        <time>2022-03-04T23:01:59Z</time>
      </trkpt>
      <trkpt lat="34.2246072667986" lon="108.94180428407657">
        <ele>413.80448161344975</ele>
        <time>2022-03-04T23:02:07Z</time>
      </trkpt>
      <trkpt lat="34.22416511620172" lon="108.9417974653963">
        <ele>414.28469331748784</ele>
        <time>2022-03-04T23:02:13Z</time>
      </trkpt>
      <trkpt lat="34.22369927496086" lon="108.94182167649832">
        <ele>414.39023415371776</ele>
        <time>2022-03-04T23:02:19Z</time>
      </trkpt>
      <trkpt lat="34.22354846446541" lon="108.94182858363997">
        <ele>414.14426462724805</ele>
        <time>2022-03-04T23:02:21Z</time>
      </trkpt>
      <trkpt lat="34.223097709595244" lon="108.9418439963276">
        <ele>414.8341653589159</ele>
        <time>2022-03-04T23:02:27Z</time>
      </trkpt>
      <trkpt lat="34.22261411602675" lon="108.94181166967047">
        <ele>415.82610950805247</ele>
        <time>2022-03-04T23:02:33Z</time>
      </trkpt>
      <trkpt lat="34.2221323357114" lon="108.9418018986903">
        <ele>415.97639012895525</ele>
        <time>2022-03-04T23:02:39Z</time>
      </trkpt>
      <trkpt lat="34.22168133364269" lon="108.94180440844198">
        <ele>416.9501255694777</ele>
        <time>2022-03-04T23:02:45Z</time>
      </trkpt>
      <trkpt lat="34.22124702097908" lon="108.94178173389302">
        <ele>416.7931257337332</ele>
        <time>2022-03-04T23:02:51Z</time>
      </trkpt>
      <trkpt lat="34.220742978170996" lon="108.9417703614869">
        <ele>417.1885796831921</ele>
        <time>2022-03-04T23:02:59Z</time>
      </trkpt>
      <trkpt lat="34.22044113354297" lon="108.9417543957325">
        <ele>417.1905390918255</ele>
        <time>2022-03-04T23:03:05Z</time>
      </trkpt>
      <trkpt lat="34.22034710376376" lon="108.941863699389">
        <ele>417.0060783335939</ele>
        <time>2022-03-04T23:03:07Z</time>
      </trkpt>
      <trkpt lat="34.21987449289491" lon="108.94187918097772">
        <ele>416.978312975727</ele>
        <time>2022-03-04T23:03:17Z</time>
      </trkpt>
      <trkpt lat="34.21936670501365" lon="108.9418964086944">
        <ele>415.9168796790764</ele>
        <time>2022-03-04T23:03:27Z</time>
      </trkpt>
      <trkpt lat="34.219132851419424" lon="108.94190400965813">
        <ele>415.6371809374541</ele>
        <time>2022-03-04T23:03:31Z</time>
      </trkpt>
      <trkpt lat="34.219038341697456" lon="108.94176578147389">
        <ele>415.86238592118025</ele>
        <time>2022-03-04T23:03:33Z</time>
      </trkpt>
      <trkpt lat="34.2188502776565" lon="108.94174075134012">
        <ele>416.836952701211</ele>
        <time>2022-03-04T23:03:37Z</time>
      </trkpt>
      <trkpt lat="34.218346554326985" lon="108.94174078956618">
        <ele>415.94364792108536</ele>
        <time>2022-03-04T23:03:47Z</time>
      </trkpt>
      <trkpt lat="34.21782540787198" lon="108.9417294784529">
        <ele>415.8496376881376</ele>
        <time>2022-03-04T23:03:57Z</time>
      </trkpt>
      <trkpt lat="34.21771070146047" lon="108.94174424876492">
        <ele>415.86427676770836</ele>
        <time>2022-03-04T23:03:59Z</time>
      </trkpt>
      <trkpt lat="34.217352587653224" lon="108.94172307297896">
        <ele>417.3335984069854</ele>
        <time>2022-03-04T23:04:05Z</time>
      </trkpt>
      <trkpt lat="34.21722939538902" lon="108.94174784188021">
        <ele>416.86377092823386</ele>
        <time>2022-03-04T23:04:07Z</time>
      </trkpt>
      <trkpt lat="34.216711629775894" lon="108.94175647400267">
        <ele>416.50232436321676</ele>
        <time>2022-03-04T23:04:15Z</time>
      </trkpt>
      <trkpt lat="34.216247809486624" lon="108.94174764198341">
        <ele>416.72166900895536</ele>
        <time>2022-03-04T23:04:23Z</time>
      </trkpt>
      <trkpt lat="34.216126824613994" lon="108.9417631371281">
        <ele>416.65748335327953</ele>
        <time>2022-03-04T23:04:27Z</time>
      </trkpt>
      <trkpt lat="34.21600296259157" lon="108.94180890865161">
        <ele>416.71276174113154</ele>
        <time>2022-03-04T23:04:31Z</time>
      </trkpt>
      <trkpt lat="34.21547187547926" lon="108.94181191566472">
        <ele>416.1247219974175</ele>
        <time>2022-03-04T23:04:43Z</time>
      </trkpt>
      <trkpt lat="34.214959395862444" lon="108.9418293003752">
        <ele>416.32059302181005</ele>
        <time>2022-03-04T23:04:53Z</time>
      </trkpt>
      <trkpt lat="34.214634892913374" lon="108.9418416835108">
        <ele>416.89625822287053</ele>
        <time>2022-03-04T23:04:59Z</time>
      </trkpt>
      <trkpt lat="34.21434423047939" lon="108.94178767701911">
        <ele>416.97029149904847</ele>
        <time>2022-03-04T23:05:05Z</time>
      </trkpt>
      <trkpt lat="34.21422017140856" lon="108.94183749436894">
        <ele>417.0193921709433</ele>
        <time>2022-03-04T23:05:09Z</time>
      </trkpt>
      <trkpt lat="34.214131464813" lon="108.94184405705309">
        <ele>417.2200418682769</ele>
        <time>2022-03-04T23:05:11Z</time>
      </trkpt>
      <trkpt lat="34.21390842782695" lon="108.94181076287">
        <ele>417.20998912025243</ele>
        <time>2022-03-04T23:05:15Z</time>
      </trkpt>
      <trkpt lat="34.21339558387104" lon="108.94182984783303">
        <ele>416.94941673148423</ele>
        <time>2022-03-04T23:05:23Z</time>
      </trkpt>
      <trkpt lat="34.21312980748758" lon="108.94186533362992">
        <ele>417.27383577730507</ele>
        <time>2022-03-04T23:05:27Z</time>
      </trkpt>
      <trkpt lat="34.21255657195554" lon="108.9418322768051">
        <ele>417.7969497386366</ele>
        <time>2022-03-04T23:05:35Z</time>
      </trkpt>
      <trkpt lat="34.21210487883006" lon="108.94182171254755">
        <ele>418.4652362084016</ele>
        <time>2022-03-04T23:05:41Z</time>
      </trkpt>
      <trkpt lat="34.2116434457426" lon="108.94182045742853">
        <ele>419.4933138182387</ele>
        <time>2022-03-04T23:05:47Z</time>
      </trkpt>
      <trkpt lat="34.21118361033101" lon="108.94181752599211">
        <ele>420.7951804595068</ele>
        <time>2022-03-04T23:05:53Z</time>
      </trkpt>
      <trkpt lat="34.21060822719672" lon="108.94179428456196">
        <ele>419.5666501550004</ele>
        <time>2022-03-04T23:06:01Z</time>
      </trkpt>
      <trkpt lat="34.21016044538955" lon="108.94180106719051">
        <ele>419.49112521577626</ele>
        <time>2022-03-04T23:06:07Z</time>
      </trkpt>
      <trkpt lat="34.21001072939361" lon="108.94189123841093">
        <ele>420.1240210980177</ele>
        <time>2022-03-04T23:06:09Z</time>
      </trkpt>
      <trkpt lat="34.20949669414097" lon="108.94188479990801">
        <ele>420.2077647326514</ele>
        <time>2022-03-04T23:06:15Z</time>
      </trkpt>
      <trkpt lat="34.209322491654184" lon="108.94187972735406">
        <ele>420.5244289143011</ele>
        <time>2022-03-04T23:06:17Z</time>
      </trkpt>
      <trkpt lat="34.20914589533208" lon="108.94179570210609">
        <ele>421.1469681225717</ele>
        <time>2022-03-04T23:06:19Z</time>
      </trkpt>
      <trkpt lat="34.20860076964756" lon="108.94178879650354">
        <ele>421.68873788788915</ele>
        <time>2022-03-04T23:06:25Z</time>
      </trkpt>
      <trkpt lat="34.20805595999788" lon="108.94177055882882">
        <ele>423.2210805620998</ele>
        <time>2022-03-04T23:06:31Z</time>
      </trkpt>
      <trkpt lat="34.207697375127616" lon="108.9417693760178">
        <ele>423.42558160889894</ele>
        <time>2022-03-04T23:06:35Z</time>
      </trkpt>
      <trkpt lat="34.20751782710209" lon="108.94188921239942">
        <ele>423.5074300765991</ele>
        <time>2022-03-04T23:06:37Z</time>
      </trkpt>
      <trkpt lat="34.20718043921551" lon="108.94189020822606">
        <ele>423.27301448583603</ele>
        <time>2022-03-04T23:06:41Z</time>
      </trkpt>
      <trkpt lat="34.20702607256932" lon="108.94189069042528">
        <ele>423.581850733608</ele>
        <time>2022-03-04T23:06:43Z</time>
      </trkpt>
      <trkpt lat="34.206593218957316" lon="108.94189313641365">
        <ele>423.25388162303716</ele>
        <time>2022-03-04T23:06:49Z</time>
      </trkpt>
      <trkpt lat="34.20644965781829" lon="108.94178423257169">
        <ele>422.993371674791</ele>
        <time>2022-03-04T23:06:51Z</time>
      </trkpt>
      <trkpt lat="34.2063096009111" lon="108.94189023784843">
        <ele>423.1046800771728</ele>
        <time>2022-03-04T23:06:53Z</time>
      </trkpt>
      <trkpt lat="34.2060296489366" lon="108.9418873951492">
        <ele>423.4265415063128</ele>
        <time>2022-03-04T23:06:57Z</time>
      </trkpt>
      <trkpt lat="34.205590910142746" lon="108.94188224886805">
        <ele>423.51959234755486</ele>
        <time>2022-03-04T23:07:03Z</time>
      </trkpt>
      <trkpt lat="34.205446099951395" lon="108.94187825151634">
        <ele>423.7656703107059</ele>
        <time>2022-03-04T23:07:05Z</time>
      </trkpt>
      <trkpt lat="34.2053031416704" lon="108.94177421324208">
        <ele>423.5485129505396</ele>
        <time>2022-03-04T23:07:07Z</time>
      </trkpt>
      <trkpt lat="34.20485676453401" lon="108.9417962558851">
        <ele>423.471048370935</ele>
        <time>2022-03-04T23:07:13Z</time>
      </trkpt>
      <trkpt lat="34.20441428031997" lon="108.94179143709029">
        <ele>423.32667543925345</ele>
        <time>2022-03-04T23:07:19Z</time>
      </trkpt>
      <trkpt lat="34.20412184717434" lon="108.941796532445">
        <ele>423.44928466901183</ele>
        <time>2022-03-04T23:07:23Z</time>
      </trkpt>
      <trkpt lat="34.20384068791074" lon="108.94184996699988">
        <ele>423.4860548162833</ele>
        <time>2022-03-04T23:07:27Z</time>
      </trkpt>
      <trkpt lat="34.2033924513599" lon="108.94179328588464">
        <ele>423.88781304843724</ele>
        <time>2022-03-04T23:07:33Z</time>
      </trkpt>
      <trkpt lat="34.202955653023956" lon="108.94177169979507">
        <ele>425.39351309929043</ele>
        <time>2022-03-04T23:07:39Z</time>
      </trkpt>
      <trkpt lat="34.20281809163152" lon="108.94176439306017">
        <ele>426.1781772803515</ele>
        <time>2022-03-04T23:07:41Z</time>
      </trkpt>
      <trkpt lat="34.20255702939908" lon="108.94170045124372">
        <ele>427.0332910940051</ele>
        <time>2022-03-04T23:07:45Z</time>
      </trkpt>
      <trkpt lat="34.20231285153041" lon="108.94173296991153">
        <ele>427.76207381207496</ele>
        <time>2022-03-04T23:07:49Z</time>
      </trkpt>
      <trkpt lat="34.20205969034534" lon="108.94171767899185">
        <ele>427.5204018400982</ele>
        <time>2022-03-04T23:07:53Z</time>
      </trkpt>
      <trkpt lat="34.201584802800404" lon="108.94157521929961">
        <ele>428.09407152514905</ele>
        <time>2022-03-04T23:08:01Z</time>
      </trkpt>
      <trkpt lat="34.20122771661249" lon="108.9414873344443">
        <ele>428.9218444991857</ele>
        <time>2022-03-04T23:08:07Z</time>
      </trkpt>
      <trkpt lat="34.200749104255976" lon="108.94132155315218">
        <ele>428.54231805633754</ele>
        <time>2022-03-04T23:08:15Z</time>
      </trkpt>
      <trkpt lat="34.2002946451688" lon="108.9411888188708">
        <ele>429.7283168565482</ele>
        <time>2022-03-04T23:08:23Z</time>
      </trkpt>
      <trkpt lat="34.20003414516417" lon="108.94105204687915">
        <ele>429.6458917064592</ele>
        <time>2022-03-04T23:08:31Z</time>
      </trkpt>
      <trkpt lat="34.19980921169204" lon="108.94087838488042">
        <ele>429.7454698001966</ele>
        <time>2022-03-04T23:08:39Z</time>
      </trkpt>
      <trkpt lat="34.199569574775616" lon="108.94081585178375">
        <ele>430.44810840766877</ele>
        <time>2022-03-04T23:08:45Z</time>
      </trkpt>
      <trkpt lat="34.19926415188534" lon="108.94088206515696">
        <ele>432.0749521497637</ele>
        <time>2022-03-04T23:08:53Z</time>
      </trkpt>
      <trkpt lat="34.19916247281476" lon="108.94088238742312">
        <ele>431.46235092543066</ele>
        <time>2022-03-04T23:08:55Z</time>
      </trkpt>
      <trkpt lat="34.19883177479369" lon="108.94076292727279">
        <ele>432.47727682534605</ele>
        <time>2022-03-04T23:09:01Z</time>
      </trkpt>
      <trkpt lat="34.19851021399826" lon="108.94071423811725">
        <ele>432.871480204165</ele>
        <time>2022-03-04T23:09:07Z</time>
      </trkpt>
      <trkpt lat="34.19805507750565" lon="108.9406073277079">
        <ele>433.76904595736414</ele>
        <time>2022-03-04T23:09:15Z</time>
      </trkpt>
      <trkpt lat="34.19760196006319" lon="108.94057597559562">
        <ele>435.0721548842266</ele>
        <time>2022-03-04T23:09:23Z</time>
      </trkpt>
      <trkpt lat="34.19713674261954" lon="108.94058117691537">
        <ele>434.48578241001815</ele>
        <time>2022-03-04T23:09:31Z</time>
      </trkpt>
      <trkpt lat="34.19671685212404" lon="108.94067691647369">
        <ele>434.22313282173127</ele>
        <time>2022-03-04T23:09:37Z</time>
      </trkpt>
      <trkpt lat="34.19639535230594" lon="108.94072721114851">
        <ele>433.87324496451765</ele>
        <time>2022-03-04T23:09:41Z</time>
      </trkpt>
      <trkpt lat="34.19591530191699" lon="108.94085843445035">
        <ele>433.3599271615967</ele>
        <time>2022-03-04T23:09:47Z</time>
      </trkpt>
      <trkpt lat="34.19541898039701" lon="108.94099181159031">
        <ele>433.48080682195723</ele>
        <time>2022-03-04T23:09:53Z</time>
      </trkpt>
      <trkpt lat="34.19492723482891" lon="108.94112090247162">
        <ele>434.1754849618301</ele>
        <time>2022-03-04T23:09:59Z</time>
      </trkpt>
      <trkpt lat="34.19443511626665" lon="108.94120359207577">
        <ele>435.45450849458575</ele>
        <time>2022-03-04T23:10:05Z</time>
      </trkpt>
      <trkpt lat="34.1942815713912" lon="108.94123148046279">
        <ele>434.87273288797587</ele>
        <time>2022-03-04T23:10:07Z</time>
      </trkpt>
      <trkpt lat="34.193820572780986" lon="108.9413706786051">
        <ele>436.195683025755</ele>
        <time>2022-03-04T23:10:13Z</time>
      </trkpt>
      <trkpt lat="34.19350379576434" lon="108.94147293164585">
        <ele>436.53689694497734</ele>
        <time>2022-03-04T23:10:17Z</time>
      </trkpt>
      <trkpt lat="34.193226137150994" lon="108.94153234642663">
        <ele>435.8370512230322</ele>
        <time>2022-03-04T23:10:33Z</time>
      </trkpt>
      <trkpt lat="34.193004631567696" lon="108.94155918222583">
        <ele>435.6266516726464</ele>
        <time>2022-03-04T23:12:26Z</time>
      </trkpt>
      <trkpt lat="34.19275845870815" lon="108.94163572621059">
        <ele>435.7075829152018</ele>
        <time>2022-03-04T23:12:32Z</time>
      </trkpt>
      <trkpt lat="34.192645208149585" lon="108.94164041770526">
        <ele>435.31954899802804</ele>
        <time>2022-03-04T23:12:34Z</time>
      </trkpt>
      <trkpt lat="34.1921914715407" lon="108.94161275869766">
        <ele>435.9474247600883</ele>
        <time>2022-03-04T23:12:41Z</time>
      </trkpt>
      <trkpt lat="34.192036868909796" lon="108.9415665883238">
        <ele>435.84342584293336</ele>
        <time>2022-03-04T23:12:42Z</time>
      </trkpt>
      <trkpt lat="34.191901527402116" lon="108.94149338835247">
        <ele>435.64070440270007</ele>
        <time>2022-03-04T23:12:44Z</time>
      </trkpt>
      <trkpt lat="34.191800197510496" lon="108.94136104254235">
        <ele>435.2614391427487</ele>
        <time>2022-03-04T23:12:46Z</time>
      </trkpt>
      <trkpt lat="34.19166820787097" lon="108.94107535928012">
        <ele>435.3913720669225</ele>
        <time>2022-03-04T23:12:50Z</time>
      </trkpt>
      <trkpt lat="34.19156031060564" lon="108.94100635136022">
        <ele>435.6312550213188</ele>
        <time>2022-03-04T23:12:52Z</time>
      </trkpt>
      <trkpt lat="34.19128384285915" lon="108.94105333020279">
        <ele>435.46665292978287</ele>
        <time>2022-03-04T23:12:56Z</time>
      </trkpt>
      <trkpt lat="34.19107329402864" lon="108.94128095719034">
        <ele>436.05722490604967</ele>
        <time>2022-03-04T23:13:00Z</time>
      </trkpt>
      <trkpt lat="34.19094775892398" lon="108.94129637677625">
        <ele>435.71836191695184</ele>
        <time>2022-03-04T23:13:02Z</time>
      </trkpt>
      <trkpt lat="34.19039656176391" lon="108.94114080253742">
        <ele>436.7061405191198</ele>
        <time>2022-03-04T23:13:10Z</time>
      </trkpt>
      <trkpt lat="34.189913827922396" lon="108.94104460489235">
        <ele>436.6986418645829</ele>
        <time>2022-03-04T23:13:18Z</time>
      </trkpt>
      <trkpt lat="34.189436363903575" lon="108.94094664286087">
        <ele>439.79323621001095</ele>
        <time>2022-03-04T23:13:28Z</time>
      </trkpt>
      <trkpt lat="34.189159094705424" lon="108.94092253097564">
        <ele>441.09103581216186</ele>
        <time>2022-03-04T23:13:32Z</time>
      </trkpt>
      <trkpt lat="34.18905575632742" lon="108.94084937707471">
        <ele>442.0684252139181</ele>
        <time>2022-03-04T23:13:34Z</time>
      </trkpt>
      <trkpt lat="34.1889413885195" lon="108.94081254587257">
        <ele>441.87356759794056</ele>
        <time>2022-03-04T23:13:36Z</time>
      </trkpt>
      <trkpt lat="34.18850904129027" lon="108.94079634077127">
        <ele>441.2686346452683</ele>
        <time>2022-03-04T23:13:43Z</time>
      </trkpt>
      <trkpt lat="34.18798415791831" lon="108.94072586799516">
        <ele>440.9678843058646</ele>
        <time>2022-03-04T23:13:51Z</time>
      </trkpt>
      <trkpt lat="34.187430295629575" lon="108.94073073406018">
        <ele>440.6966318618506</ele>
        <time>2022-03-04T23:13:59Z</time>
      </trkpt>
      <trkpt lat="34.18698786636752" lon="108.94075410272661">
        <ele>440.95649256836623</ele>
        <time>2022-03-04T23:14:05Z</time>
      </trkpt>
      <trkpt lat="34.18653841087533" lon="108.94079119337839">
        <ele>441.3085969313979</ele>
        <time>2022-03-04T23:14:11Z</time>
      </trkpt>
      <trkpt lat="34.18608015939452" lon="108.94086253674341">
        <ele>443.3008030699566</ele>
        <time>2022-03-04T23:14:17Z</time>
      </trkpt>
      <trkpt lat="34.18554320803396" lon="108.94097909050757">
        <ele>444.0214753597975</ele>
        <time>2022-03-04T23:14:23Z</time>
      </trkpt>
      <trkpt lat="34.18493560259309" lon="108.94104920823257">
        <ele>444.69958112575114</ele>
        <time>2022-03-04T23:14:29Z</time>
      </trkpt>
      <trkpt lat="34.18461035445851" lon="108.94106551903576">
        <ele>444.9271721178666</ele>
        <time>2022-03-04T23:14:33Z</time>
      </trkpt>
      <trkpt lat="34.184093057344" lon="108.94119409516401">
        <ele>445.9550218116492</ele>
        <time>2022-03-04T23:14:39Z</time>
      </trkpt>
      <trkpt lat="34.18374116432941" lon="108.94129952720844">
        <ele>448.2835007822141</ele>
        <time>2022-03-04T23:14:43Z</time>
      </trkpt>
      <trkpt lat="34.1833722232129" lon="108.94134484605044">
        <ele>449.38516287878156</ele>
        <time>2022-03-04T23:14:47Z</time>
      </trkpt>
      <trkpt lat="34.18281661886976" lon="108.94143268817311">
        <ele>449.94732305034995</ele>
        <time>2022-03-04T23:14:53Z</time>
      </trkpt>
      <trkpt lat="34.182638726853405" lon="108.94149842882068">
        <ele>450.9669845253229</ele>
        <time>2022-03-04T23:14:55Z</time>
      </trkpt>
      <trkpt lat="34.18209547489889" lon="108.94155596587315">
        <ele>452.4107140721753</ele>
        <time>2022-03-04T23:15:01Z</time>
      </trkpt>
      <trkpt lat="34.18155660152825" lon="108.94154079082992">
        <ele>454.19983780104667</ele>
        <time>2022-03-04T23:15:07Z</time>
      </trkpt>
      <trkpt lat="34.18108285666956" lon="108.94148527714165">
        <ele>456.00626593921334</ele>
        <time>2022-03-04T23:15:13Z</time>
      </trkpt>
      <trkpt lat="34.180916720057695" lon="108.94144140108827">
        <ele>455.80594867281616</ele>
        <time>2022-03-04T23:15:15Z</time>
      </trkpt>
      <trkpt lat="34.18077711395071" lon="108.94144230197611">
        <ele>455.97427949216217</ele>
        <time>2022-03-04T23:15:17Z</time>
      </trkpt>
      <trkpt lat="34.1802639773087" lon="108.94133627153212">
        <ele>456.7892431365326</ele>
        <time>2022-03-04T23:15:25Z</time>
      </trkpt>
      <trkpt lat="34.179868812079796" lon="108.94126442933518">
        <ele>457.3324473435059</ele>
        <time>2022-03-04T23:15:33Z</time>
      </trkpt>
      <trkpt lat="34.1794007457344" lon="108.94113538016242">
        <ele>457.99725901614875</ele>
        <time>2022-03-04T23:15:43Z</time>
      </trkpt>
      <trkpt lat="34.17894710778175" lon="108.94098065750214">
        <ele>459.0324468240142</ele>
        <time>2022-03-04T23:15:53Z</time>
      </trkpt>
      <trkpt lat="34.1785039348074" lon="108.94081930413948">
        <ele>460.20781297329813</ele>
        <time>2022-03-04T23:16:03Z</time>
      </trkpt>
      <trkpt lat="34.1781965398712" lon="108.94073112410726">
        <ele>461.0061298860237</ele>
        <time>2022-03-04T23:16:09Z</time>
      </trkpt>
      <trkpt lat="34.17802175752289" lon="108.94064644737855">
        <ele>462.1989869158715</ele>
        <time>2022-03-04T23:16:13Z</time>
      </trkpt>
      <trkpt lat="34.177826893782544" lon="108.94061771498478">
        <ele>462.0408865734935</ele>
        <time>2022-03-04T23:16:17Z</time>
      </trkpt>
      <trkpt lat="34.17772899871571" lon="108.94062789026849">
        <ele>462.15584932733327</ele>
        <time>2022-03-04T23:16:19Z</time>
      </trkpt>
      <trkpt lat="34.17738752926929" lon="108.94055613439538">
        <ele>463.7697780877352</ele>
        <time>2022-03-04T23:16:25Z</time>
      </trkpt>
      <trkpt lat="34.17692871174515" lon="108.94039281989477">
        <ele>464.9206411028281</ele>
        <time>2022-03-04T23:16:33Z</time>
      </trkpt>
      <trkpt lat="34.17647550791956" lon="108.94030412475384">
        <ele>465.30192016623914</ele>
        <time>2022-03-04T23:16:41Z</time>
      </trkpt>
      <trkpt lat="34.17612523373544" lon="108.94028143448354">
        <ele>465.1243210211396</ele>
        <time>2022-03-04T23:16:47Z</time>
      </trkpt>
      <trkpt lat="34.175647546632185" lon="108.94028382932262">
        <ele>465.0169294355437</ele>
        <time>2022-03-04T23:16:55Z</time>
      </trkpt>
      <trkpt lat="34.17527115230994" lon="108.94033604455372">
        <ele>465.3801008909941</ele>
        <time>2022-03-04T23:17:01Z</time>
      </trkpt>
      <trkpt lat="34.17503887258932" lon="108.94031180611879">
        <ele>465.02014699485153</ele>
        <time>2022-03-04T23:17:05Z</time>
      </trkpt>
      <trkpt lat="34.1747847934602" lon="108.94034610732174">
        <ele>467.45449672080576</ele>
        <time>2022-03-04T23:17:19Z</time>
      </trkpt>
      <trkpt lat="34.17455387699289" lon="108.94024365291837">
        <ele>465.1823753695935</ele>
        <time>2022-03-04T23:17:25Z</time>
      </trkpt>
      <trkpt lat="34.17445708952277" lon="108.9402315153673">
        <ele>465.60811724793166</ele>
        <time>2022-03-04T23:17:39Z</time>
      </trkpt>
      <trkpt lat="34.17418219042165" lon="108.94026882795896">
        <ele>465.19130336213857</ele>
        <time>2022-03-04T23:17:50Z</time>
      </trkpt>
      <trkpt lat="34.17402004841493" lon="108.94032353115449">
        <ele>465.26757634524256</ele>
        <time>2022-03-04T23:17:53Z</time>
      </trkpt>
      <trkpt lat="34.17342890859338" lon="108.94035914759219">
        <ele>464.3376396968961</ele>
        <time>2022-03-04T23:18:01Z</time>
      </trkpt>
      <trkpt lat="34.172912289385536" lon="108.94039181966683">
        <ele>463.68534394167364</ele>
        <time>2022-03-04T23:18:07Z</time>
      </trkpt>
      <trkpt lat="34.17239079622457" lon="108.94039067833685">
        <ele>464.6850662715733</ele>
        <time>2022-03-04T23:18:13Z</time>
      </trkpt>
      <trkpt lat="34.17213681936463" lon="108.94037669585566">
        <ele>464.3231245223433</ele>
        <time>2022-03-04T23:18:17Z</time>
      </trkpt>
      <trkpt lat="34.1719995653882" lon="108.94039290529852">
        <ele>464.6845417339355</ele>
        <time>2022-03-04T23:18:21Z</time>
      </trkpt>
      <trkpt lat="34.17147625856259" lon="108.9403933419153">
        <ele>465.5780313536525</ele>
        <time>2022-03-04T23:18:31Z</time>
      </trkpt>
      <trkpt lat="34.171114626055676" lon="108.9403861570555">
        <ele>465.79404527600855</ele>
        <time>2022-03-04T23:18:37Z</time>
      </trkpt>
      <trkpt lat="34.170683813098016" lon="108.94044076998524">
        <ele>465.8703129719943</ele>
        <time>2022-03-04T23:18:43Z</time>
      </trkpt>
      <trkpt lat="34.17012586284128" lon="108.94046966229259">
        <ele>463.89201398566365</ele>
        <time>2022-03-04T23:18:49Z</time>
      </trkpt>
      <trkpt lat="34.169478910932945" lon="108.9404464068434">
        <ele>464.2456488888711</ele>
        <time>2022-03-04T23:18:55Z</time>
      </trkpt>
      <trkpt lat="34.16903168560349" lon="108.94044025123252">
        <ele>463.00859623309225</ele>
        <time>2022-03-04T23:18:59Z</time>
      </trkpt>
      <trkpt lat="34.16858010897037" lon="108.94044317272555">
        <ele>461.75823669321835</ele>
        <time>2022-03-04T23:19:03Z</time>
      </trkpt>
      <trkpt lat="34.168360612246076" lon="108.94050871235757">
        <ele>459.4553179554641</ele>
        <time>2022-03-04T23:19:05Z</time>
      </trkpt>
      <trkpt lat="34.16792935998263" lon="108.9405211682085">
        <ele>458.77486479468644</ele>
        <time>2022-03-04T23:19:09Z</time>
      </trkpt>
      <trkpt lat="34.16774372364482" lon="108.94047953625181">
        <ele>457.74306926876307</ele>
        <time>2022-03-04T23:19:11Z</time>
      </trkpt>
      <trkpt lat="34.16719255219198" lon="108.94050041374508">
        <ele>456.71991895046085</ele>
        <time>2022-03-04T23:19:17Z</time>
      </trkpt>
      <trkpt lat="34.16677073941369" lon="108.94053196169311">
        <ele>455.2326327972114</ele>
        <time>2022-03-04T23:19:21Z</time>
      </trkpt>
      <trkpt lat="34.16654691264098" lon="108.94052661517627">
        <ele>454.75078840367496</ele>
        <time>2022-03-04T23:19:23Z</time>
      </trkpt>
      <trkpt lat="34.166075946699436" lon="108.94055382779104">
        <ele>453.88934803102165</ele>
        <time>2022-03-04T23:19:27Z</time>
      </trkpt>
      <trkpt lat="34.165585913199706" lon="108.94053240222463">
        <ele>451.10606807935983</ele>
        <time>2022-03-04T23:19:31Z</time>
      </trkpt>
      <trkpt lat="34.165131806235955" lon="108.94055326770693">
        <ele>449.52406022604555</ele>
        <time>2022-03-04T23:19:35Z</time>
      </trkpt>
      <trkpt lat="34.164523969953215" lon="108.94053647355277">
        <ele>448.002091601491</ele>
        <time>2022-03-04T23:19:41Z</time>
      </trkpt>
      <trkpt lat="34.16388932542615" lon="108.94049184780202">
        <ele>443.133926124312</ele>
        <time>2022-03-04T23:19:47Z</time>
      </trkpt>
      <trkpt lat="34.163638671713315" lon="108.94048986773679">
        <ele>443.8805542578921</ele>
        <time>2022-03-04T23:19:49Z</time>
      </trkpt>
      <trkpt lat="34.16315322089263" lon="108.94037816605042">
        <ele>441.16943287756294</ele>
        <time>2022-03-04T23:19:53Z</time>
      </trkpt>
      <trkpt lat="34.16292649143279" lon="108.94031495040636">
        <ele>441.4948760326952</ele>
        <time>2022-03-04T23:19:55Z</time>
      </trkpt>
      <trkpt lat="34.162740075677206" lon="108.94028321982532">
        <ele>440.21956200897694</ele>
        <time>2022-03-04T23:19:57Z</time>
      </trkpt>
      <trkpt lat="34.16260664316289" lon="108.94023654321835">
        <ele>439.8413943098858</ele>
        <time>2022-03-04T23:19:59Z</time>
      </trkpt>
      <trkpt lat="34.16251063255331" lon="108.94029329101878">
        <ele>439.9494058964774</ele>
        <time>2022-03-04T23:20:01Z</time>
      </trkpt>
      <trkpt lat="34.16200384441668" lon="108.9402065632788">
        <ele>440.87199738714844</ele>
        <time>2022-03-04T23:20:15Z</time>
      </trkpt>
      <trkpt lat="34.16174039343747" lon="108.94015648894135">
        <ele>439.6761231739074</ele>
        <time>2022-03-04T23:20:19Z</time>
      </trkpt>
      <trkpt lat="34.161594926983774" lon="108.94015828878064">
        <ele>439.10046381130815</ele>
        <time>2022-03-04T23:20:21Z</time>
      </trkpt>
      <trkpt lat="34.161050443630224" lon="108.9400717169258">
        <ele>439.5224088728428</ele>
        <time>2022-03-04T23:20:29Z</time>
      </trkpt>
      <trkpt lat="34.160578437216095" lon="108.94001201725533">
        <ele>439.2029199646786</ele>
        <time>2022-03-04T23:20:35Z</time>
      </trkpt>
      <trkpt lat="34.160047464178476" lon="108.9399145850585">
        <ele>438.8240923732519</ele>
        <time>2022-03-04T23:20:41Z</time>
      </trkpt>
      <trkpt lat="34.15949933048677" lon="108.93986473967175">
        <ele>437.5489798784256</ele>
        <time>2022-03-04T23:20:47Z</time>
      </trkpt>
      <trkpt lat="34.159137613165534" lon="108.93981360048015">
        <ele>436.723939829506</ele>
        <time>2022-03-04T23:20:51Z</time>
      </trkpt>
      <trkpt lat="34.15896426730371" lon="108.93981986386257">
        <ele>437.2750990325585</ele>
        <time>2022-03-04T23:20:53Z</time>
      </trkpt>
      <trkpt lat="34.15842743200047" lon="108.93970857493426">
        <ele>436.738812841475</ele>
        <time>2022-03-04T23:20:59Z</time>
      </trkpt>
      <trkpt lat="34.15825281797099" lon="108.93969663340307">
        <ele>436.66075183916837</ele>
        <time>2022-03-04T23:21:01Z</time>
      </trkpt>
      <trkpt lat="34.15782417159082" lon="108.93977387872027">
        <ele>437.1271153241396</ele>
        <time>2022-03-04T23:21:07Z</time>
      </trkpt>
      <trkpt lat="34.15761337881171" lon="108.93984552024048">
        <ele>436.9366321153939</ele>
        <time>2022-03-04T23:21:13Z</time>
      </trkpt>
      <trkpt lat="34.15752724605378" lon="108.93985833499076">
        <ele>437.64576075505465</ele>
        <time>2022-03-04T23:21:19Z</time>
      </trkpt>
      <trkpt lat="34.15750132631869" lon="108.93994538185086">
        <ele>437.4444162789732</ele>
        <time>2022-03-04T23:21:21Z</time>
      </trkpt>
      <trkpt lat="34.15736006577768" lon="108.9399898796813">
        <ele>437.10306876525283</ele>
        <time>2022-03-04T23:21:25Z</time>
      </trkpt>
      <trkpt lat="34.156936611093656" lon="108.94013471949346">
        <ele>437.1407085787505</ele>
        <time>2022-03-04T23:21:33Z</time>
      </trkpt>
      <trkpt lat="34.156812063761066" lon="108.94017958406094">
        <ele>437.16051005665213</ele>
        <time>2022-03-04T23:21:35Z</time>
      </trkpt>
      <trkpt lat="34.156676066635725" lon="108.94018901254574">
        <ele>436.94929616805166</ele>
        <time>2022-03-04T23:21:37Z</time>
      </trkpt>
      <trkpt lat="34.156187781987455" lon="108.94038065107743">
        <ele>437.82785706594586</ele>
        <time>2022-03-04T23:21:45Z</time>
      </trkpt>
      <trkpt lat="34.15575273476538" lon="108.94054538090363">
        <ele>437.53117155563086</ele>
        <time>2022-03-04T23:21:53Z</time>
      </trkpt>
      <trkpt lat="34.15531556055212" lon="108.94067510398287">
        <ele>437.44092648662627</ele>
        <time>2022-03-04T23:22:01Z</time>
      </trkpt>
      <trkpt lat="34.15486186004415" lon="108.9408117834493">
        <ele>437.52444387506694</ele>
        <time>2022-03-04T23:22:09Z</time>
      </trkpt>
      <trkpt lat="34.15434713638416" lon="108.94080884300803">
        <ele>435.71676102280617</ele>
        <time>2022-03-04T23:22:17Z</time>
      </trkpt>
      <trkpt lat="34.153768966466096" lon="108.9408133926625">
        <ele>435.2401877520606</ele>
        <time>2022-03-04T23:22:25Z</time>
      </trkpt>
      <trkpt lat="34.15331711873184" lon="108.94080980608385">
        <ele>435.36127831600606</ele>
        <time>2022-03-04T23:22:31Z</time>
      </trkpt>
      <trkpt lat="34.15287450157853" lon="108.94081400966404">
        <ele>435.32324454933405</ele>
        <time>2022-03-04T23:22:37Z</time>
      </trkpt>
      <trkpt lat="34.15241214944401" lon="108.94080651012294">
        <ele>436.0299464929849</ele>
        <time>2022-03-04T23:22:43Z</time>
      </trkpt>
      <trkpt lat="34.1518386658282" lon="108.94079983410211">
        <ele>435.8564924094826</ele>
        <time>2022-03-04T23:22:51Z</time>
      </trkpt>
      <trkpt lat="34.15138578747333" lon="108.94076828030983">
        <ele>435.2129137702286</ele>
        <time>2022-03-04T23:22:57Z</time>
      </trkpt>
      <trkpt lat="34.15095802350804" lon="108.94077866678826">
        <ele>434.70564442873</ele>
        <time>2022-03-04T23:23:03Z</time>
      </trkpt>
      <trkpt lat="34.15081748617874" lon="108.94075808992581">
        <ele>434.1051150150597</ele>
        <time>2022-03-04T23:23:05Z</time>
      </trkpt>
      <trkpt lat="34.150354902862766" lon="108.94075661189048">
        <ele>433.8714546998963</ele>
        <time>2022-03-04T23:23:11Z</time>
      </trkpt>
      <trkpt lat="34.149871886414545" lon="108.94075394555875">
        <ele>433.8340005967766</ele>
        <time>2022-03-04T23:23:17Z</time>
      </trkpt>
      <trkpt lat="34.14942867838474" lon="108.94075555875035">
        <ele>434.4762522103265</ele>
        <time>2022-03-04T23:23:23Z</time>
      </trkpt>
      <trkpt lat="34.149077589960996" lon="108.9407521354049">
        <ele>435.1521177496761</ele>
        <time>2022-03-04T23:23:33Z</time>
      </trkpt>
      <trkpt lat="34.148980608287914" lon="108.94069576243638">
        <ele>435.73202423285693</ele>
        <time>2022-03-04T23:23:37Z</time>
      </trkpt>
      <trkpt lat="34.14883778003805" lon="108.9406884195876">
        <ele>435.3777182735503</ele>
        <time>2022-03-04T23:23:41Z</time>
      </trkpt>
      <trkpt lat="34.14875654063632" lon="108.94074782939776">
        <ele>435.8715976206586</ele>
        <time>2022-03-04T23:23:43Z</time>
      </trkpt>
      <trkpt lat="34.148645327279624" lon="108.94076255606747">
        <ele>436.21621719095856</ele>
        <time>2022-03-04T23:23:45Z</time>
      </trkpt>
      <trkpt lat="34.148180693635844" lon="108.94072478587097">
        <ele>435.68231547344476</ele>
        <time>2022-03-04T23:23:53Z</time>
      </trkpt>
      <trkpt lat="34.14769505085167" lon="108.94073892315099">
        <ele>435.3338776919991</ele>
        <time>2022-03-04T23:24:01Z</time>
      </trkpt>
      <trkpt lat="34.14729175162509" lon="108.94074793970206">
        <ele>435.2930165082216</ele>
        <time>2022-03-04T23:24:09Z</time>
      </trkpt>
      <trkpt lat="34.147202979415525" lon="108.94069579833284">
        <ele>434.9580146474764</ele>
        <time>2022-03-04T23:24:21Z</time>
      </trkpt>
      <trkpt lat="34.14699320529484" lon="108.94070508989209">
        <ele>434.45741593744606</ele>
        <time>2022-03-04T23:25:00Z</time>
      </trkpt>
      <trkpt lat="34.14678883517383" lon="108.94073133119595">
        <ele>433.9846015945077</ele>
        <time>2022-03-04T23:25:04Z</time>
      </trkpt>
      <trkpt lat="34.14668037636188" lon="108.94078048068106">
        <ele>434.0846903603524</ele>
        <time>2022-03-04T23:25:06Z</time>
      </trkpt>
      <trkpt lat="34.14656580314037" lon="108.94078682523703">
        <ele>434.2180672651157</ele>
        <time>2022-03-04T23:25:08Z</time>
      </trkpt>
      <trkpt lat="34.14644845979495" lon="108.9407490619219">
        <ele>433.85173154529184</ele>
        <time>2022-03-04T23:25:10Z</time>
      </trkpt>
      <trkpt lat="34.14587210940136" lon="108.94075413638421">
        <ele>434.3692334489897</ele>
        <time>2022-03-04T23:25:19Z</time>
      </trkpt>
      <trkpt lat="34.145346907881624" lon="108.940787050274">
        <ele>433.9927282156423</ele>
        <time>2022-03-04T23:25:27Z</time>
      </trkpt>
      <trkpt lat="34.14482224298096" lon="108.9407821549065">
        <ele>434.04951486643404</ele>
        <time>2022-03-04T23:25:35Z</time>
      </trkpt>
      <trkpt lat="34.144331851681564" lon="108.94077803574001">
        <ele>433.2396810371429</ele>
        <time>2022-03-04T23:25:43Z</time>
      </trkpt>
      <trkpt lat="34.14382282252236" lon="108.94071339651379">
        <ele>434.26578168477863</ele>
        <time>2022-03-04T23:25:55Z</time>
      </trkpt>
      <trkpt lat="34.14335809152873" lon="108.94067082187827">
        <ele>435.6754683898762</ele>
        <time>2022-03-04T23:26:03Z</time>
      </trkpt>
      <trkpt lat="34.14299828451595" lon="108.94062768983245">
        <ele>435.47956691496074</ele>
        <time>2022-03-04T23:26:09Z</time>
      </trkpt>
      <trkpt lat="34.14249460121361" lon="108.94049426548223">
        <ele>435.10148933157325</ele>
        <time>2022-03-04T23:26:17Z</time>
      </trkpt>
      <trkpt lat="34.14196461864779" lon="108.9404025854758">
        <ele>435.98109465744346</ele>
        <time>2022-03-04T23:26:25Z</time>
      </trkpt>
      <trkpt lat="34.14156721985376" lon="108.94032861273342">
        <ele>436.55512001458555</ele>
        <time>2022-03-04T23:26:31Z</time>
      </trkpt>
      <trkpt lat="34.141448525195365" lon="108.94028591178677">
        <ele>436.8123970935121</ele>
        <time>2022-03-04T23:26:33Z</time>
      </trkpt>
      <trkpt lat="34.14102058260409" lon="108.94004746269943">
        <ele>436.47815177589655</ele>
        <time>2022-03-04T23:26:41Z</time>
      </trkpt>
      <trkpt lat="34.14060867460025" lon="108.93980526347174">
        <ele>437.8415335593745</ele>
        <time>2022-03-04T23:26:53Z</time>
      </trkpt>
      <trkpt lat="34.14018322998315" lon="108.93957240110632">
        <ele>437.8980297287926</ele>
        <time>2022-03-04T23:27:01Z</time>
      </trkpt>
      <trkpt lat="34.13967957788314" lon="108.93933412506699">
        <ele>438.394885729067</ele>
        <time>2022-03-04T23:27:09Z</time>
      </trkpt>
      <trkpt lat="34.13913821395401" lon="108.93911905805541">
        <ele>439.0058742919937</ele>
        <time>2022-03-04T23:27:17Z</time>
      </trkpt>
      <trkpt lat="34.13873392391142" lon="108.93893414650665">
        <ele>439.13558253645897</ele>
        <time>2022-03-04T23:27:23Z</time>
      </trkpt>
      <trkpt lat="34.13820235281669" lon="108.93870262506174">
        <ele>438.25768635608256</ele>
        <time>2022-03-04T23:27:31Z</time>
      </trkpt>
      <trkpt lat="34.13772029206851" lon="108.93848758977417">
        <ele>438.40162861533463</ele>
        <time>2022-03-04T23:27:39Z</time>
      </trkpt>
      <trkpt lat="34.13755137597472" lon="108.93840081150705">
        <ele>439.13481884263456</ele>
        <time>2022-03-04T23:27:45Z</time>
      </trkpt>
      <trkpt lat="34.137520423147684" lon="108.93841212169204">
        <ele>439.71880294103175</ele>
        <time>2022-03-04T23:27:55Z</time>
      </trkpt>
      <trkpt lat="34.137395669239" lon="108.9383381210641">
        <ele>440.0168711123988</ele>
        <time>2022-03-04T23:29:10Z</time>
      </trkpt>
      <trkpt lat="34.13697306066754" lon="108.93809844765795">
        <ele>440.33044790569693</ele>
        <time>2022-03-04T23:29:22Z</time>
      </trkpt>
      <trkpt lat="34.13654385754686" lon="108.93791169820614">
        <ele>439.9517989056185</ele>
        <time>2022-03-04T23:29:32Z</time>
      </trkpt>
      <trkpt lat="34.13608142341788" lon="108.93771800202107">
        <ele>439.92873751185834</ele>
        <time>2022-03-04T23:29:44Z</time>
      </trkpt>
      <trkpt lat="34.13566122107499" lon="108.93753171021166">
        <ele>439.9481385741383</ele>
        <time>2022-03-04T23:29:56Z</time>
      </trkpt>
      <trkpt lat="34.135237928210614" lon="108.9373655764208">
        <ele>441.77759118005633</ele>
        <time>2022-03-04T23:30:08Z</time>
      </trkpt>
      <trkpt lat="34.1347574575808" lon="108.93718867876984">
        <ele>444.762990726158</ele>
        <time>2022-03-04T23:30:22Z</time>
      </trkpt>
      <trkpt lat="34.13439890251369" lon="108.93704676511337">
        <ele>447.66292371880263</ele>
        <time>2022-03-04T23:30:33Z</time>
      </trkpt>
      <trkpt lat="34.13427859512954" lon="108.9370963853873">
        <ele>448.379152469337</ele>
        <time>2022-03-04T23:30:37Z</time>
      </trkpt>
      <trkpt lat="34.133894460753" lon="108.9369255611777">
        <ele>449.77860854845494</ele>
        <time>2022-03-04T23:30:47Z</time>
      </trkpt>
      <trkpt lat="34.13369374802247" lon="108.93687082527315">
        <ele>450.605246652849</ele>
        <time>2022-03-04T23:30:53Z</time>
      </trkpt>
      <trkpt lat="34.13349110665697" lon="108.93677759597684">
        <ele>451.78304744604975</ele>
        <time>2022-03-04T23:30:59Z</time>
      </trkpt>
      <trkpt lat="34.13341572423049" lon="108.93676139381044">
        <ele>451.8753859102726</ele>
        <time>2022-03-04T23:31:01Z</time>
      </trkpt>
      <trkpt lat="34.13297052046373" lon="108.93656881064757">
        <ele>454.3652919959277</ele>
        <time>2022-03-04T23:31:13Z</time>
      </trkpt>
      <trkpt lat="34.13274444969284" lon="108.93644250523336">
        <ele>456.2438819743693</ele>
        <time>2022-03-04T23:31:31Z</time>
      </trkpt>
      <trkpt lat="34.132601028422265" lon="108.936370774988">
        <ele>457.46726543083787</ele>
        <time>2022-03-04T23:32:10Z</time>
      </trkpt>
      <trkpt lat="34.13243197209185" lon="108.93632459630766">
        <ele>458.73436255101115</ele>
        <time>2022-03-04T23:32:14Z</time>
      </trkpt>
      <trkpt lat="34.13213880525176" lon="108.93618772195954">
        <ele>459.6740856580436</ele>
        <time>2022-03-04T23:32:20Z</time>
      </trkpt>
      <trkpt lat="34.13201566355499" lon="108.93620235140433">
        <ele>460.6328582270071</ele>
        <time>2022-03-04T23:32:22Z</time>
      </trkpt>
      <trkpt lat="34.13191999806049" lon="108.93610381522764">
        <ele>460.6192723279819</ele>
        <time>2022-03-04T23:32:24Z</time>
      </trkpt>
      <trkpt lat="34.131566167978676" lon="108.93597162122508">
        <ele>461.523996964097</ele>
        <time>2022-03-04T23:32:33Z</time>
      </trkpt>
      <trkpt lat="34.13112057613525" lon="108.93580620745661">
        <ele>462.42026717215776</ele>
        <time>2022-03-04T23:32:45Z</time>
      </trkpt>
      <trkpt lat="34.13063632386796" lon="108.93563455066585">
        <ele>466.9685260048136</ele>
        <time>2022-03-04T23:32:57Z</time>
      </trkpt>
      <trkpt lat="34.130276927415196" lon="108.9355166696571">
        <ele>469.60364796500653</ele>
        <time>2022-03-04T23:33:07Z</time>
      </trkpt>
      <trkpt lat="34.12980428646283" lon="108.93539532274978">
        <ele>473.6303981281817</ele>
        <time>2022-03-04T23:33:19Z</time>
      </trkpt>
      <trkpt lat="34.12935249076641" lon="108.93524476314595">
        <ele>475.56326583679765</ele>
        <time>2022-03-04T23:33:29Z</time>
      </trkpt>
      <trkpt lat="34.12892699488307" lon="108.9351023823382">
        <ele>478.68671174999326</ele>
        <time>2022-03-04T23:33:39Z</time>
      </trkpt>
      <trkpt lat="34.12861638320029" lon="108.93500822519566">
        <ele>481.1461440268904</ele>
        <time>2022-03-04T23:33:47Z</time>
      </trkpt>
      <trkpt lat="34.12852809278047" lon="108.93499699856639">
        <ele>482.0832100091502</ele>
        <time>2022-03-04T23:33:49Z</time>
      </trkpt>
      <trkpt lat="34.128295164274945" lon="108.9349022088667">
        <ele>482.82147489488125</ele>
        <time>2022-03-04T23:33:55Z</time>
      </trkpt>
      <trkpt lat="34.1277894002811" lon="108.93473286264182">
        <ele>485.186391194351</ele>
        <time>2022-03-04T23:34:09Z</time>
      </trkpt>
      <trkpt lat="34.12774207160603" lon="108.93471923938503">
        <ele>485.3932632962242</ele>
        <time>2022-03-04T23:34:21Z</time>
      </trkpt>
      <trkpt lat="34.12763475627" lon="108.9346984176321">
        <ele>485.6317811096087</ele>
        <time>2022-03-04T23:34:30Z</time>
      </trkpt>
      <trkpt lat="34.12719575196825" lon="108.93455841409087">
        <ele>487.4621594529599</ele>
        <time>2022-03-04T23:34:41Z</time>
      </trkpt>
      <trkpt lat="34.12674760006231" lon="108.93441178354982">
        <ele>488.4813437582925</ele>
        <time>2022-03-04T23:34:51Z</time>
      </trkpt>
      <trkpt lat="34.12621535495404" lon="108.93429833363331">
        <ele>490.07207980100065</ele>
        <time>2022-03-04T23:35:01Z</time>
      </trkpt>
      <trkpt lat="34.125772388349596" lon="108.93425182275442">
        <ele>490.55377821531147</ele>
        <time>2022-03-04T23:35:09Z</time>
      </trkpt>
      <trkpt lat="34.12523532648388" lon="108.93423097992863">
        <ele>489.9780786447227</ele>
        <time>2022-03-04T23:35:19Z</time>
      </trkpt>
      <trkpt lat="34.124752038387925" lon="108.93422157465702">
        <ele>489.9792741043493</ele>
        <time>2022-03-04T23:35:27Z</time>
      </trkpt>
      <trkpt lat="34.12425515075318" lon="108.93417594444">
        <ele>490.2422984978184</ele>
        <time>2022-03-04T23:35:35Z</time>
      </trkpt>
      <trkpt lat="34.123812553215366" lon="108.93414717601685">
        <ele>489.4671139474958</ele>
        <time>2022-03-04T23:35:41Z</time>
      </trkpt>
      <trkpt lat="34.12334717595285" lon="108.93412071128357">
        <ele>489.16075654421</ele>
        <time>2022-03-04T23:35:47Z</time>
      </trkpt>
      <trkpt lat="34.12287914028212" lon="108.93410838983633">
        <ele>489.051968511194</ele>
        <time>2022-03-04T23:35:53Z</time>
      </trkpt>
      <trkpt lat="34.12245137095255" lon="108.93409399585875">
        <ele>489.7561842324212</ele>
        <time>2022-03-04T23:35:59Z</time>
      </trkpt>
      <trkpt lat="34.1222863864405" lon="108.93412093347519">
        <ele>489.537240549922</ele>
        <time>2022-03-04T23:36:01Z</time>
      </trkpt>
      <trkpt lat="34.12215610779665" lon="108.9340295168906">
        <ele>489.299769946374</ele>
        <time>2022-03-04T23:36:03Z</time>
      </trkpt>
      <trkpt lat="34.12204126453434" lon="108.93390520016123">
        <ele>489.4524637507275</ele>
        <time>2022-03-04T23:36:05Z</time>
      </trkpt>
      <trkpt lat="34.12178347256653" lon="108.9337216867517">
        <ele>489.1181268496439</ele>
        <time>2022-03-04T23:36:09Z</time>
      </trkpt>
      <trkpt lat="34.12163765573144" lon="108.93368700659056">
        <ele>488.8548440551385</ele>
        <time>2022-03-04T23:36:11Z</time>
      </trkpt>
      <trkpt lat="34.121226177936784" lon="108.93382581719803">
        <ele>489.121283701621</ele>
        <time>2022-03-04T23:36:17Z</time>
      </trkpt>
      <trkpt lat="34.121095232622224" lon="108.93390880005961">
        <ele>488.7639092532918</ele>
        <time>2022-03-04T23:36:19Z</time>
      </trkpt>
      <trkpt lat="34.12097744641139" lon="108.93402017325955">
        <ele>489.22006508894265</ele>
        <time>2022-03-04T23:36:21Z</time>
      </trkpt>
      <trkpt lat="34.120833082667424" lon="108.93404155767347">
        <ele>488.9029893036932</ele>
        <time>2022-03-04T23:36:23Z</time>
      </trkpt>
      <trkpt lat="34.12038942355908" lon="108.93401189353588">
        <ele>489.22563642449677</ele>
        <time>2022-03-04T23:36:29Z</time>
      </trkpt>
      <trkpt lat="34.119939390398265" lon="108.93398941203321">
        <ele>488.7550494130701</ele>
        <time>2022-03-04T23:36:35Z</time>
      </trkpt>
      <trkpt lat="34.11948805105955" lon="108.93396661433836">
        <ele>489.6050406275317</ele>
        <time>2022-03-04T23:36:41Z</time>
      </trkpt>
      <trkpt lat="34.11903510395447" lon="108.93395258009652">
        <ele>490.04571304284036</ele>
        <time>2022-03-04T23:36:47Z</time>
      </trkpt>
      <trkpt lat="34.11858226672629" lon="108.93394029004746">
        <ele>490.4167750449851</ele>
        <time>2022-03-04T23:36:53Z</time>
      </trkpt>
      <trkpt lat="34.11800724537986" lon="108.93392119120057">
        <ele>490.41286268737167</ele>
        <time>2022-03-04T23:37:01Z</time>
      </trkpt>
      <trkpt lat="34.11757649486562" lon="108.93394461907707">
        <ele>490.0841346466914</ele>
        <time>2022-03-04T23:37:07Z</time>
      </trkpt>
      <trkpt lat="34.11701968952123" lon="108.93386011338436">
        <ele>490.4205220229924</ele>
        <time>2022-03-04T23:37:15Z</time>
      </trkpt>
      <trkpt lat="34.116496154446565" lon="108.9338222389111">
        <ele>491.46219578105956</ele>
        <time>2022-03-04T23:37:23Z</time>
      </trkpt>
      <trkpt lat="34.1161060072566" lon="108.93380819352691">
        <ele>492.2592084752396</ele>
        <time>2022-03-04T23:37:29Z</time>
      </trkpt>
      <trkpt lat="34.11584811910273" lon="108.93373143664138">
        <ele>492.53651985619217</ele>
        <time>2022-03-04T23:37:33Z</time>
      </trkpt>
      <trkpt lat="34.1153025615674" lon="108.93370057672463">
        <ele>494.16918322164565</ele>
        <time>2022-03-04T23:37:41Z</time>
      </trkpt>
      <trkpt lat="34.11502137845814" lon="108.93369444407404">
        <ele>495.57583469338715</ele>
        <time>2022-03-04T23:37:45Z</time>
      </trkpt>
      <trkpt lat="34.11486803071599" lon="108.93372906785358">
        <ele>495.05189493484795</ele>
        <time>2022-03-04T23:37:47Z</time>
      </trkpt>
      <trkpt lat="34.11456360834364" lon="108.93388342893637">
        <ele>494.4017005767673</ele>
        <time>2022-03-04T23:37:51Z</time>
      </trkpt>
      <trkpt lat="34.11429698745038" lon="108.93404580863644">
        <ele>494.72398877423257</ele>
        <time>2022-03-04T23:37:55Z</time>
      </trkpt>
      <trkpt lat="34.114167164294756" lon="108.93408394252002">
        <ele>494.4414664134383</ele>
        <time>2022-03-04T23:37:57Z</time>
      </trkpt>
      <trkpt lat="34.11363967554374" lon="108.93405141164237">
        <ele>494.64624972548336</ele>
        <time>2022-03-04T23:38:05Z</time>
      </trkpt>
      <trkpt lat="34.11310881217459" lon="108.9340253331446">
        <ele>494.79299907013774</ele>
        <time>2022-03-04T23:38:13Z</time>
      </trkpt>
      <trkpt lat="34.11257599670178" lon="108.93401662729684">
        <ele>494.9986350527033</ele>
        <time>2022-03-04T23:38:21Z</time>
      </trkpt>
      <trkpt lat="34.11245333734596" lon="108.93399486519517">
        <ele>494.9774449802935</ele>
        <time>2022-03-04T23:38:23Z</time>
      </trkpt>
      <trkpt lat="34.1121076342816" lon="108.9338098225126">
        <ele>494.57572029158473</ele>
        <time>2022-03-04T23:38:29Z</time>
      </trkpt>
      <trkpt lat="34.11185443828205" lon="108.93374565696583">
        <ele>493.88070634473115</ele>
        <time>2022-03-04T23:38:33Z</time>
      </trkpt>
      <trkpt lat="34.11141178719258" lon="108.93374852061913">
        <ele>492.66339678224176</ele>
        <time>2022-03-04T23:38:39Z</time>
      </trkpt>
      <trkpt lat="34.110959495069345" lon="108.93380666999478">
        <ele>492.276848285459</ele>
        <time>2022-03-04T23:38:45Z</time>
      </trkpt>
      <trkpt lat="34.110659335438704" lon="108.93385627226635">
        <ele>492.1833520978689</ele>
        <time>2022-03-04T23:38:49Z</time>
      </trkpt>
      <trkpt lat="34.11034756298444" lon="108.93385306360388">
        <ele>491.3800708660856</ele>
        <time>2022-03-04T23:38:53Z</time>
      </trkpt>
      <trkpt lat="34.11019263354474" lon="108.93376190493605">
        <ele>491.1799261337146</ele>
        <time>2022-03-04T23:38:55Z</time>
      </trkpt>
      <trkpt lat="34.10969590645185" lon="108.9337407336905">
        <ele>489.8595686350018</ele>
        <time>2022-03-04T23:39:01Z</time>
      </trkpt>
      <trkpt lat="34.10919209591355" lon="108.93365470068099">
        <ele>487.36772056110203</ele>
        <time>2022-03-04T23:39:07Z</time>
      </trkpt>
      <trkpt lat="34.10872474236854" lon="108.93364213120124">
        <ele>484.0035033542663</ele>
        <time>2022-03-04T23:39:13Z</time>
      </trkpt>
      <trkpt lat="34.10845752963782" lon="108.93363344715245">
        <ele>479.31243876740336</ele>
        <time>2022-03-04T23:39:27Z</time>
      </trkpt>
      <trkpt lat="34.108304612495196" lon="108.93355623201737">
        <ele>478.186630776152</ele>
        <time>2022-03-04T23:49:18Z</time>
      </trkpt>
      <trkpt lat="34.10798839055072" lon="108.93352610093596">
        <ele>472.6499166144058</ele>
        <time>2022-03-04T23:49:25Z</time>
      </trkpt>
      <trkpt lat="34.1078656442559" lon="108.93361105975104">
        <ele>470.43143304158</ele>
        <time>2022-03-04T23:49:27Z</time>
      </trkpt>
      <trkpt lat="34.107730943864674" lon="108.93360553039001">
        <ele>470.12935362104326</ele>
        <time>2022-03-04T23:49:29Z</time>
      </trkpt>
      <trkpt lat="34.10758132086888" lon="108.93355779301638">
        <ele>470.1023089531809</ele>
        <time>2022-03-04T23:49:31Z</time>
      </trkpt>
      <trkpt lat="34.10708094943495" lon="108.93352560944801">
        <ele>470.3168176487088</ele>
        <time>2022-03-04T23:49:37Z</time>
      </trkpt>
      <trkpt lat="34.10656324460183" lon="108.93349827474941">
        <ele>460.639367477037</ele>
        <time>2022-03-04T23:49:43Z</time>
      </trkpt>
      <trkpt lat="34.10601930127803" lon="108.93347305698953">
        <ele>455.94749633967876</ele>
        <time>2022-03-04T23:49:49Z</time>
      </trkpt>
      <trkpt lat="34.105656222452076" lon="108.93344251571405">
        <ele>454.1002072477713</ele>
        <time>2022-03-04T23:49:53Z</time>
      </trkpt>
      <trkpt lat="34.10546835865766" lon="108.93348807328898">
        <ele>451.9809686271474</ele>
        <time>2022-03-04T23:49:55Z</time>
      </trkpt>
      <trkpt lat="34.104904425714466" lon="108.93343514557668">
        <ele>452.2195924660191</ele>
        <time>2022-03-04T23:50:01Z</time>
      </trkpt>
      <trkpt lat="34.10433236640434" lon="108.93336020674604">
        <ele>452.8383298413828</ele>
        <time>2022-03-04T23:50:07Z</time>
      </trkpt>
      <trkpt lat="34.10375180280827" lon="108.93326529412428">
        <ele>454.45962600503117</ele>
        <time>2022-03-04T23:50:13Z</time>
      </trkpt>
      <trkpt lat="34.10355600514249" lon="108.93322908749721">
        <ele>454.83217491954565</ele>
        <time>2022-03-04T23:50:15Z</time>
      </trkpt>
      <trkpt lat="34.102963771609225" lon="108.93310748074894">
        <ele>455.7931003542617</ele>
        <time>2022-03-04T23:50:21Z</time>
      </trkpt>
      <trkpt lat="34.10235967467845" lon="108.93296288560825">
        <ele>455.8578175213188</ele>
        <time>2022-03-04T23:50:27Z</time>
      </trkpt>
      <trkpt lat="34.101756635311844" lon="108.93279628154936">
        <ele>456.2726361323148</ele>
        <time>2022-03-04T23:50:33Z</time>
      </trkpt>
      <trkpt lat="34.10115996928574" lon="108.93262183037382">
        <ele>455.77570934034884</ele>
        <time>2022-03-04T23:50:39Z</time>
      </trkpt>
      <trkpt lat="34.100555650674714" lon="108.93245054535899">
        <ele>455.5280164042488</ele>
        <time>2022-03-04T23:50:45Z</time>
      </trkpt>
      <trkpt lat="34.09994972439827" lon="108.9322992517818">
        <ele>454.0036943834275</ele>
        <time>2022-03-04T23:50:51Z</time>
      </trkpt>
      <trkpt lat="34.09933435200037" lon="108.93216513014939">
        <ele>452.5593815119937</ele>
        <time>2022-03-04T23:50:57Z</time>
      </trkpt>
      <trkpt lat="34.098713000370445" lon="108.93204848018046">
        <ele>451.71787728369236</ele>
        <time>2022-03-04T23:51:03Z</time>
      </trkpt>
      <trkpt lat="34.09808128935365" lon="108.93195884122672">
        <ele>450.0691358689219</ele>
        <time>2022-03-04T23:51:09Z</time>
      </trkpt>
      <trkpt lat="34.097447522267366" lon="108.93188072992112">
        <ele>448.7170317666605</ele>
        <time>2022-03-04T23:51:15Z</time>
      </trkpt>
      <trkpt lat="34.0968231077121" lon="108.93182798055038">
        <ele>447.02673895005137</ele>
        <time>2022-03-04T23:51:21Z</time>
      </trkpt>
      <trkpt lat="34.09621141716397" lon="108.93179988676637">
        <ele>445.5125020733103</ele>
        <time>2022-03-04T23:51:27Z</time>
      </trkpt>
      <trkpt lat="34.09562048195653" lon="108.93179178857818">
        <ele>446.34547112323344</ele>
        <time>2022-03-04T23:51:33Z</time>
      </trkpt>
      <trkpt lat="34.09543038185256" lon="108.93179270539025">
        <ele>446.26343102101237</ele>
        <time>2022-03-04T23:51:35Z</time>
      </trkpt>
      <trkpt lat="34.09524155627514" lon="108.93179361233321">
        <ele>446.4808196183294</ele>
        <time>2022-03-04T23:51:37Z</time>
      </trkpt>
      <trkpt lat="34.094692780847645" lon="108.93180662133618">
        <ele>446.7126547032967</ele>
        <time>2022-03-04T23:51:43Z</time>
      </trkpt>
      <trkpt lat="34.09450832161976" lon="108.93175406573003">
        <ele>446.0072001153603</ele>
        <time>2022-03-04T23:51:45Z</time>
      </trkpt>
      <trkpt lat="34.093979659600556" lon="108.93178490566721">
        <ele>445.9883722187951</ele>
        <time>2022-03-04T23:51:51Z</time>
      </trkpt>
      <trkpt lat="34.09346020027103" lon="108.93181765682303">
        <ele>445.8965942328796</ele>
        <time>2022-03-04T23:51:57Z</time>
      </trkpt>
      <trkpt lat="34.092954376726695" lon="108.93184999537463">
        <ele>445.602048413828</ele>
        <time>2022-03-04T23:52:03Z</time>
      </trkpt>
      <trkpt lat="34.092467268772126" lon="108.93188381013418">
        <ele>445.7171602919698</ele>
        <time>2022-03-04T23:52:09Z</time>
      </trkpt>
      <trkpt lat="34.09199497139875" lon="108.93191511662994">
        <ele>446.4494578326121</ele>
        <time>2022-03-04T23:52:15Z</time>
      </trkpt>
      <trkpt lat="34.09153081192619" lon="108.93195145545702">
        <ele>447.07199719548225</ele>
        <time>2022-03-04T23:52:21Z</time>
      </trkpt>
      <trkpt lat="34.09100702396464" lon="108.93199145116742">
        <ele>448.4544345829636</ele>
        <time>2022-03-04T23:52:28Z</time>
      </trkpt>
      <trkpt lat="34.09057114211009" lon="108.93201318437994">
        <ele>449.1247647330165</ele>
        <time>2022-03-04T23:52:34Z</time>
      </trkpt>
      <trkpt lat="34.09001607299635" lon="108.93205369583235">
        <ele>450.3636498497799</ele>
        <time>2022-03-04T23:52:42Z</time>
      </trkpt>
      <trkpt lat="34.0897428409431" lon="108.93205674753679">
        <ele>450.75832850299776</ele>
        <time>2022-03-04T23:52:46Z</time>
      </trkpt>
      <trkpt lat="34.0891971610168" lon="108.93212055073845">
        <ele>451.1497416431084</ele>
        <time>2022-03-04T23:52:54Z</time>
      </trkpt>
      <trkpt lat="34.088637862181315" lon="108.93217237564534">
        <ele>451.0650138081983</ele>
        <time>2022-03-04T23:53:02Z</time>
      </trkpt>
      <trkpt lat="34.088089888158024" lon="108.9322473992435">
        <ele>452.4268277492374</ele>
        <time>2022-03-04T23:53:10Z</time>
      </trkpt>
      <trkpt lat="34.08757695199503" lon="108.93233091441849">
        <ele>453.73430866748095</ele>
        <time>2022-03-04T23:53:18Z</time>
      </trkpt>
      <trkpt lat="34.08707002122259" lon="108.93241923561006">
        <ele>454.2672719024122</ele>
        <time>2022-03-04T23:53:26Z</time>
      </trkpt>
      <trkpt lat="34.086497174936746" lon="108.93253705372331">
        <ele>454.96220734901726</ele>
        <time>2022-03-04T23:53:35Z</time>
      </trkpt>
      <trkpt lat="34.08597774220397" lon="108.93265093357252">
        <ele>455.3693311139941</ele>
        <time>2022-03-04T23:53:43Z</time>
      </trkpt>
      <trkpt lat="34.08546037193678" lon="108.93276992189793">
        <ele>455.97312748711556</ele>
        <time>2022-03-04T23:53:51Z</time>
      </trkpt>
      <trkpt lat="34.08496095518861" lon="108.93289094314869">
        <ele>456.3177787847817</ele>
        <time>2022-03-04T23:53:59Z</time>
      </trkpt>
      <trkpt lat="34.084457718355075" lon="108.93300807188487">
        <ele>456.24327369593084</ele>
        <time>2022-03-04T23:54:07Z</time>
      </trkpt>
      <trkpt lat="34.083916563457294" lon="108.9331409192949">
        <ele>457.93753772135824</ele>
        <time>2022-03-04T23:54:15Z</time>
      </trkpt>
      <trkpt lat="34.083368825779935" lon="108.93326001812177">
        <ele>458.39992721937597</ele>
        <time>2022-03-04T23:54:23Z</time>
      </trkpt>
      <trkpt lat="34.082829813509505" lon="108.93337833084883">
        <ele>458.33089382760227</ele>
        <time>2022-03-04T23:54:31Z</time>
      </trkpt>
      <trkpt lat="34.082299054085446" lon="108.93348478973266">
        <ele>459.07903535012156</ele>
        <time>2022-03-04T23:54:39Z</time>
      </trkpt>
      <trkpt lat="34.081774525099775" lon="108.93357334891175">
        <ele>459.5223297486082</ele>
        <time>2022-03-04T23:54:47Z</time>
      </trkpt>
      <trkpt lat="34.08123228054715" lon="108.93368840390077">
        <ele>460.3865246139467</ele>
        <time>2022-03-04T23:54:55Z</time>
      </trkpt>
      <trkpt lat="34.08068556937899" lon="108.93374907865213">
        <ele>460.3387392796576</ele>
        <time>2022-03-04T23:55:03Z</time>
      </trkpt>
      <trkpt lat="34.080132290794694" lon="108.93381279276905">
        <ele>460.6768247205764</ele>
        <time>2022-03-04T23:55:11Z</time>
      </trkpt>
      <trkpt lat="34.07958681980529" lon="108.93387274035365">
        <ele>461.2787664150819</ele>
        <time>2022-03-04T23:55:19Z</time>
      </trkpt>
      <trkpt lat="34.07903371973047" lon="108.93393177825152">
        <ele>462.6424724217504</ele>
        <time>2022-03-04T23:55:27Z</time>
      </trkpt>
      <trkpt lat="34.07848069897799" lon="108.93397638700738">
        <ele>463.5449276715517</ele>
        <time>2022-03-04T23:55:35Z</time>
      </trkpt>
      <trkpt lat="34.07793467588604" lon="108.93402748478626">
        <ele>464.6939620524645</ele>
        <time>2022-03-04T23:55:43Z</time>
      </trkpt>
      <trkpt lat="34.0773843732594" lon="108.93408105170899">
        <ele>464.8626800114289</ele>
        <time>2022-03-04T23:55:51Z</time>
      </trkpt>
      <trkpt lat="34.07684103920381" lon="108.93412864737371">
        <ele>465.15781913045794</ele>
        <time>2022-03-04T23:55:59Z</time>
      </trkpt>
      <trkpt lat="34.076309502725245" lon="108.93417570339619">
        <ele>466.3012683810666</ele>
        <time>2022-03-04T23:56:07Z</time>
      </trkpt>
      <trkpt lat="34.07576012620241" lon="108.93422175919335">
        <ele>467.15783759765327</ele>
        <time>2022-03-04T23:56:15Z</time>
      </trkpt>
      <trkpt lat="34.07522949559264" lon="108.93426713180912">
        <ele>467.1478589363396</ele>
        <time>2022-03-04T23:56:23Z</time>
      </trkpt>
      <trkpt lat="34.07470264796855" lon="108.93431522713483">
        <ele>467.1659686276689</ele>
        <time>2022-03-04T23:56:31Z</time>
      </trkpt>
      <trkpt lat="34.07417964648111" lon="108.93436558524184">
        <ele>467.60071079060435</ele>
        <time>2022-03-04T23:56:39Z</time>
      </trkpt>
      <trkpt lat="34.07365415257104" lon="108.93440922652579">
        <ele>469.2640418019146</ele>
        <time>2022-03-04T23:56:47Z</time>
      </trkpt>
      <trkpt lat="34.07314187940888" lon="108.93445575587187">
        <ele>469.96664814278483</ele>
        <time>2022-03-04T23:56:55Z</time>
      </trkpt>
      <trkpt lat="34.07262183730458" lon="108.93451473350844">
        <ele>469.86765918973833</ele>
        <time>2022-03-04T23:57:03Z</time>
      </trkpt>
      <trkpt lat="34.07209848852874" lon="108.93454402995476">
        <ele>470.1924898903817</ele>
        <time>2022-03-04T23:57:11Z</time>
      </trkpt>
      <trkpt lat="34.07158509576103" lon="108.93459537350513">
        <ele>471.7284842785448</ele>
        <time>2022-03-04T23:57:19Z</time>
      </trkpt>
      <trkpt lat="34.07107260536372" lon="108.93464106151946">
        <ele>472.90869194082916</ele>
        <time>2022-03-04T23:57:27Z</time>
      </trkpt>
      <trkpt lat="34.07056600615807" lon="108.93468500681372">
        <ele>472.9137169467285</ele>
        <time>2022-03-04T23:57:35Z</time>
      </trkpt>
      <trkpt lat="34.07008200697996" lon="108.93472375853047">
        <ele>473.5751672498882</ele>
        <time>2022-03-04T23:57:43Z</time>
      </trkpt>
      <trkpt lat="34.0696437114791" lon="108.93476038509633">
        <ele>474.30516970250756</ele>
        <time>2022-03-04T23:57:51Z</time>
      </trkpt>
      <trkpt lat="34.06918739856132" lon="108.9348162621912">
        <ele>476.42387448158115</ele>
        <time>2022-03-04T23:58:03Z</time>
      </trkpt>
      <trkpt lat="34.06871702030589" lon="108.93488698051803">
        <ele>477.72596379648894</ele>
        <time>2022-03-04T23:58:15Z</time>
      </trkpt>
      <trkpt lat="34.06822009746376" lon="108.9349360139731">
        <ele>477.53038754686713</ele>
        <time>2022-03-04T23:58:27Z</time>
      </trkpt>
      <trkpt lat="34.06778109694774" lon="108.93496148257442">
        <ele>479.1545091662556</ele>
        <time>2022-03-04T23:58:37Z</time>
      </trkpt>
      <trkpt lat="34.067334800807075" lon="108.93497781852908">
        <ele>479.6108019305393</ele>
        <time>2022-03-04T23:58:47Z</time>
      </trkpt>
      <trkpt lat="34.066863981753805" lon="108.93502609458746">
        <ele>479.2420059936121</ele>
        <time>2022-03-04T23:58:55Z</time>
      </trkpt>
      <trkpt lat="34.066380348061124" lon="108.93506400445547">
        <ele>479.12384756002575</ele>
        <time>2022-03-04T23:59:03Z</time>
      </trkpt>
      <trkpt lat="34.06591405776537" lon="108.93510795648025">
        <ele>480.04307573195547</ele>
        <time>2022-03-04T23:59:11Z</time>
      </trkpt>
      <trkpt lat="34.065438143864945" lon="108.93515332897844">
        <ele>480.7635089531541</ele>
        <time>2022-03-04T23:59:19Z</time>
      </trkpt>
      <trkpt lat="34.06497423864104" lon="108.93519825830151">
        <ele>482.2335687261075</ele>
        <time>2022-03-04T23:59:27Z</time>
      </trkpt>
      <trkpt lat="34.06451993655048" lon="108.93524717855205">
        <ele>482.74342914298177</ele>
        <time>2022-03-04T23:59:35Z</time>
      </trkpt>
      <trkpt lat="34.06407445026447" lon="108.9352824642094">
        <ele>483.1969697875902</ele>
        <time>2022-03-04T23:59:43Z</time>
      </trkpt>
      <trkpt lat="34.063532128650095" lon="108.93532842083569">
        <ele>484.1481661833823</ele>
        <time>2022-03-04T23:59:53Z</time>
      </trkpt>
      <trkpt lat="34.06310703832176" lon="108.93537695540437">
        <ele>485.6464772345498</ele>
        <time>2022-03-05T00:00:01Z</time>
      </trkpt>
      <trkpt lat="34.06300818924301" lon="108.93536782875702">
        <ele>486.24609387945384</ele>
        <time>2022-03-05T00:00:03Z</time>
      </trkpt>
      <trkpt lat="34.062558708082044" lon="108.93542049823101">
        <ele>486.4751948732883</ele>
        <time>2022-03-05T00:00:11Z</time>
      </trkpt>
      <trkpt lat="34.062019454015974" lon="108.935472713915">
        <ele>487.0903734927997</ele>
        <time>2022-03-05T00:00:21Z</time>
      </trkpt>
      <trkpt lat="34.0615026094786" lon="108.93551710737813">
        <ele>487.3777781520039</ele>
        <time>2022-03-05T00:00:31Z</time>
      </trkpt>
      <trkpt lat="34.06102312648425" lon="108.93557304835916">
        <ele>488.8382981615141</ele>
        <time>2022-03-05T00:00:41Z</time>
      </trkpt>
      <trkpt lat="34.06059002780677" lon="108.93559253461696">
        <ele>491.0143710160628</ele>
        <time>2022-03-05T00:00:49Z</time>
      </trkpt>
      <trkpt lat="34.06014994066846" lon="108.9356336190177">
        <ele>490.91607491578907</ele>
        <time>2022-03-05T00:00:57Z</time>
      </trkpt>
      <trkpt lat="34.059716685943116" lon="108.93566781729633">
        <ele>491.46477683540434</ele>
        <time>2022-03-05T00:01:05Z</time>
      </trkpt>
      <trkpt lat="34.059194708297376" lon="108.93571444683612">
        <ele>492.25966000091285</ele>
        <time>2022-03-05T00:01:15Z</time>
      </trkpt>
      <trkpt lat="34.058659336221226" lon="108.93575506403918">
        <ele>493.89741382654756</ele>
        <time>2022-03-05T00:01:25Z</time>
      </trkpt>
      <trkpt lat="34.058130188715474" lon="108.93581108668495">
        <ele>494.76697313506156</ele>
        <time>2022-03-05T00:01:35Z</time>
      </trkpt>
      <trkpt lat="34.057639237826145" lon="108.93583890349495">
        <ele>494.92798977252096</ele>
        <time>2022-03-05T00:01:45Z</time>
      </trkpt>
      <trkpt lat="34.057180580384355" lon="108.93590180868725">
        <ele>496.17992135696113</ele>
        <time>2022-03-05T00:01:55Z</time>
      </trkpt>
      <trkpt lat="34.05670291698389" lon="108.93594227981441">
        <ele>498.1887327991426</ele>
        <time>2022-03-05T00:02:05Z</time>
      </trkpt>
      <trkpt lat="34.05622846529116" lon="108.93598002328119">
        <ele>498.4812706373632</ele>
        <time>2022-03-05T00:02:15Z</time>
      </trkpt>
      <trkpt lat="34.05575635451885" lon="108.93603511299993">
        <ele>499.6876645004377</ele>
        <time>2022-03-05T00:02:25Z</time>
      </trkpt>
      <trkpt lat="34.05524761442428" lon="108.9360608803354">
        <ele>499.585311492905</ele>
        <time>2022-03-05T00:02:37Z</time>
      </trkpt>
      <trkpt lat="34.0548068004685" lon="108.93610411568329">
        <ele>500.1583901774138</ele>
        <time>2022-03-05T00:02:47Z</time>
      </trkpt>
      <trkpt lat="34.05435186579395" lon="108.9361294971452">
        <ele>502.3633707650006</ele>
        <time>2022-03-05T00:02:57Z</time>
      </trkpt>
      <trkpt lat="34.05389601247681" lon="108.93615660787903">
        <ele>503.42231550998986</ele>
        <time>2022-03-05T00:03:07Z</time>
      </trkpt>
      <trkpt lat="34.05344845154003" lon="108.9361635404711">
        <ele>503.25088874064386</ele>
        <time>2022-03-05T00:03:17Z</time>
      </trkpt>
      <trkpt lat="34.05298538732192" lon="108.93615897597228">
        <ele>506.06149775441736</ele>
        <time>2022-03-05T00:03:27Z</time>
      </trkpt>
      <trkpt lat="34.05249184522972" lon="108.93615801598932">
        <ele>506.89792996738106</ele>
        <time>2022-03-05T00:03:37Z</time>
      </trkpt>
      <trkpt lat="34.05205434609577" lon="108.93613387126412">
        <ele>507.5605779932812</ele>
        <time>2022-03-05T00:03:47Z</time>
      </trkpt>
      <trkpt lat="34.0519740688647" lon="108.93613092114987">
        <ele>507.4590762257576</ele>
        <time>2022-03-05T00:03:49Z</time>
      </trkpt>
      <trkpt lat="34.05189960434284" lon="108.93615533813337">
        <ele>507.50413900613785</ele>
        <time>2022-03-05T00:03:51Z</time>
      </trkpt>
      <trkpt lat="34.05182757529709" lon="108.93622898199861">
        <ele>507.9285514084622</ele>
        <time>2022-03-05T00:03:53Z</time>
      </trkpt>
      <trkpt lat="34.05182527659323" lon="108.93632035885378">
        <ele>508.04235286451876</ele>
        <time>2022-03-05T00:03:55Z</time>
      </trkpt>
      <trkpt lat="34.05188027116004" lon="108.9364000874987">
        <ele>507.9235686007887</ele>
        <time>2022-03-05T00:03:57Z</time>
      </trkpt>
      <trkpt lat="34.0519456895721" lon="108.93643983461604">
        <ele>507.5970103805885</ele>
        <time>2022-03-05T00:03:59Z</time>
      </trkpt>
      <trkpt lat="34.05241681208383" lon="108.9364431604979">
        <ele>507.926745057106</ele>
        <time>2022-03-05T00:04:13Z</time>
      </trkpt>
      <trkpt lat="34.052748959434744" lon="108.93644436134204">
        <ele>507.34711946267635</ele>
        <time>2022-03-05T00:04:19Z</time>
      </trkpt>
      <trkpt lat="34.053164447901835" lon="108.93636053102767">
        <ele>507.11595664173365</ele>
        <time>2022-03-05T00:04:25Z</time>
      </trkpt>
      <trkpt lat="34.05370512145227" lon="108.93633637214165">
        <ele>505.73898361995816</ele>
        <time>2022-03-05T00:04:31Z</time>
      </trkpt>
      <trkpt lat="34.05428558260411" lon="108.93634825367938">
        <ele>504.05476454272866</ele>
        <time>2022-03-05T00:04:37Z</time>
      </trkpt>
      <trkpt lat="34.05486682642201" lon="108.93634441554835">
        <ele>502.4413745198399</ele>
        <time>2022-03-05T00:04:43Z</time>
      </trkpt>
      <trkpt lat="34.05544974597093" lon="108.93631212121261">
        <ele>501.01139875873923</ele>
        <time>2022-03-05T00:04:49Z</time>
      </trkpt>
      <trkpt lat="34.05602710768229" lon="108.93625777934768">
        <ele>500.14660567604005</ele>
        <time>2022-03-05T00:04:55Z</time>
      </trkpt>
      <trkpt lat="34.05661196580089" lon="108.93620775730427">
        <ele>498.7194080296904</ele>
        <time>2022-03-05T00:05:01Z</time>
      </trkpt>
      <trkpt lat="34.05719614038129" lon="108.93615632095789">
        <ele>498.0720164431259</ele>
        <time>2022-03-05T00:05:07Z</time>
      </trkpt>
      <trkpt lat="34.05778208627269" lon="108.93611485527742">
        <ele>496.9505307804793</ele>
        <time>2022-03-05T00:05:13Z</time>
      </trkpt>
      <trkpt lat="34.05836802229929" lon="108.9360598680401">
        <ele>495.7564859725535</ele>
        <time>2022-03-05T00:05:19Z</time>
      </trkpt>
      <trkpt lat="34.058949989023276" lon="108.93600673100441">
        <ele>495.0908254683018</ele>
        <time>2022-03-05T00:05:25Z</time>
      </trkpt>
      <trkpt lat="34.0591424298733" lon="108.93599017275245">
        <ele>494.86264583840966</ele>
        <time>2022-03-05T00:05:27Z</time>
      </trkpt>
      <trkpt lat="34.059718331772224" lon="108.93593948951333">
        <ele>493.9290111819282</ele>
        <time>2022-03-05T00:05:33Z</time>
      </trkpt>
      <trkpt lat="34.06030368453712" lon="108.93588370669545">
        <ele>492.1474238168448</ele>
        <time>2022-03-05T00:05:39Z</time>
      </trkpt>
      <trkpt lat="34.060889538361735" lon="108.93582797896087">
        <ele>491.31175444088876</ele>
        <time>2022-03-05T00:05:45Z</time>
      </trkpt>
      <trkpt lat="34.06146824807665" lon="108.93577370528844">
        <ele>489.65148701611906</ele>
        <time>2022-03-05T00:05:51Z</time>
      </trkpt>
      <trkpt lat="34.06204927788078" lon="108.9357346551141">
        <ele>488.5617161039263</ele>
        <time>2022-03-05T00:05:57Z</time>
      </trkpt>
      <trkpt lat="34.06260619617966" lon="108.93568075238693">
        <ele>487.6648751590401</ele>
        <time>2022-03-05T00:06:03Z</time>
      </trkpt>
      <trkpt lat="34.0631459561935" lon="108.93563563026149">
        <ele>487.39198797382414</ele>
        <time>2022-03-05T00:06:09Z</time>
      </trkpt>
      <trkpt lat="34.06368414766815" lon="108.93558561676211">
        <ele>486.52486702799797</ele>
        <time>2022-03-05T00:06:15Z</time>
      </trkpt>
      <trkpt lat="34.06422363508315" lon="108.93553572478483">
        <ele>484.598265000619</ele>
        <time>2022-03-05T00:06:21Z</time>
      </trkpt>
      <trkpt lat="34.06474425873885" lon="108.93545711610095">
        <ele>483.659257828258</ele>
        <time>2022-03-05T00:06:27Z</time>
      </trkpt>
      <trkpt lat="34.065273226209115" lon="108.93544412223677">
        <ele>483.0156716760248</ele>
        <time>2022-03-05T00:06:33Z</time>
      </trkpt>
      <trkpt lat="34.06579191403524" lon="108.93540090917969">
        <ele>482.2494666688144</ele>
        <time>2022-03-05T00:06:39Z</time>
      </trkpt>
      <trkpt lat="34.0663233417539" lon="108.93534897685217">
        <ele>482.0888758264482</ele>
        <time>2022-03-05T00:06:45Z</time>
      </trkpt>
      <trkpt lat="34.06686677770295" lon="108.93530150765251">
        <ele>480.3478957172483</ele>
        <time>2022-03-05T00:06:51Z</time>
      </trkpt>
      <trkpt lat="34.0674200113394" lon="108.93525391174931">
        <ele>479.7386991120875</ele>
        <time>2022-03-05T00:06:57Z</time>
      </trkpt>
      <trkpt lat="34.06797406489941" lon="108.93519919725827">
        <ele>479.0004146518186</ele>
        <time>2022-03-05T00:07:03Z</time>
      </trkpt>
      <trkpt lat="34.06852277195616" lon="108.93515031838547">
        <ele>478.32798142172396</ele>
        <time>2022-03-05T00:07:09Z</time>
      </trkpt>
      <trkpt lat="34.069066642741724" lon="108.93509921068494">
        <ele>477.5023251567036</ele>
        <time>2022-03-05T00:07:15Z</time>
      </trkpt>
      <trkpt lat="34.06960362002618" lon="108.93505166257115">
        <ele>476.47370216809213</ele>
        <time>2022-03-05T00:07:21Z</time>
      </trkpt>
      <trkpt lat="34.07013167157524" lon="108.93500542072964">
        <ele>475.7592623261735</ele>
        <time>2022-03-05T00:07:27Z</time>
      </trkpt>
      <trkpt lat="34.070651578628684" lon="108.93495831090924">
        <ele>475.0170201174915</ele>
        <time>2022-03-05T00:07:33Z</time>
      </trkpt>
      <trkpt lat="34.071168494612564" lon="108.93491804674863">
        <ele>474.58301297202706</ele>
        <time>2022-03-05T00:07:39Z</time>
      </trkpt>
      <trkpt lat="34.07168083720946" lon="108.9348777957812">
        <ele>474.33373289741576</ele>
        <time>2022-03-05T00:07:45Z</time>
      </trkpt>
      <trkpt lat="34.07219224151826" lon="108.9348303828422">
        <ele>473.33745092060417</ele>
        <time>2022-03-05T00:07:51Z</time>
      </trkpt>
      <trkpt lat="34.07268619770719" lon="108.93478096575285">
        <ele>472.3762974087149</ele>
        <time>2022-03-05T00:07:57Z</time>
      </trkpt>
      <trkpt lat="34.073174697863145" lon="108.93473691176685">
        <ele>471.4825618294999</ele>
        <time>2022-03-05T00:08:03Z</time>
      </trkpt>
      <trkpt lat="34.07367115040837" lon="108.93468903371945">
        <ele>470.70484086778015</ele>
        <time>2022-03-05T00:08:09Z</time>
      </trkpt>
      <trkpt lat="34.07418045653493" lon="108.93464310457334">
        <ele>471.0746579077095</ele>
        <time>2022-03-05T00:08:15Z</time>
      </trkpt>
      <trkpt lat="34.07469557394929" lon="108.93459667513729">
        <ele>469.86003926675767</ele>
        <time>2022-03-05T00:08:21Z</time>
      </trkpt>
      <trkpt lat="34.075215441014606" lon="108.93455009709415">
        <ele>468.32176870759577</ele>
        <time>2022-03-05T00:08:27Z</time>
      </trkpt>
      <trkpt lat="34.07574009421966" lon="108.93450597414353">
        <ele>468.0676356256008</ele>
        <time>2022-03-05T00:08:33Z</time>
      </trkpt>
      <trkpt lat="34.07624931787359" lon="108.93446882336907">
        <ele>467.2674068696797</ele>
        <time>2022-03-05T00:08:39Z</time>
      </trkpt>
      <trkpt lat="34.07675640381848" lon="108.93441695833843">
        <ele>467.3560987012461</ele>
        <time>2022-03-05T00:08:45Z</time>
      </trkpt>
      <trkpt lat="34.07726731558391" lon="108.93437253918209">
        <ele>467.1456240070984</ele>
        <time>2022-03-05T00:08:51Z</time>
      </trkpt>
      <trkpt lat="34.07778567255559" lon="108.93432338041092">
        <ele>466.63161467108876</ele>
        <time>2022-03-05T00:08:57Z</time>
      </trkpt>
      <trkpt lat="34.07831055658515" lon="108.93427787421967">
        <ele>466.34490586910397</ele>
        <time>2022-03-05T00:09:03Z</time>
      </trkpt>
      <trkpt lat="34.078834193373424" lon="108.93423099892975">
        <ele>464.33972355816513</ele>
        <time>2022-03-05T00:09:09Z</time>
      </trkpt>
      <trkpt lat="34.07935966500086" lon="108.93418909211728">
        <ele>463.80561128165573</ele>
        <time>2022-03-05T00:09:15Z</time>
      </trkpt>
      <trkpt lat="34.07987770253839" lon="108.93413637987757">
        <ele>463.34350266028196</ele>
        <time>2022-03-05T00:09:21Z</time>
      </trkpt>
      <trkpt lat="34.08039179258752" lon="108.93408326965425">
        <ele>462.6642767172307</ele>
        <time>2022-03-05T00:09:27Z</time>
      </trkpt>
      <trkpt lat="34.08090190901487" lon="108.93400605437944">
        <ele>462.5401839837432</ele>
        <time>2022-03-05T00:09:33Z</time>
      </trkpt>
      <trkpt lat="34.08140560520931" lon="108.93392636552487">
        <ele>460.9263593647629</ele>
        <time>2022-03-05T00:09:39Z</time>
      </trkpt>
      <trkpt lat="34.081901388716446" lon="108.93383754196087">
        <ele>460.4716953933239</ele>
        <time>2022-03-05T00:09:45Z</time>
      </trkpt>
      <trkpt lat="34.08241094433106" lon="108.93374724177099">
        <ele>459.57358907256275</ele>
        <time>2022-03-05T00:09:51Z</time>
      </trkpt>
      <trkpt lat="34.08293714455154" lon="108.93363836950904">
        <ele>458.78922751452774</ele>
        <time>2022-03-05T00:09:57Z</time>
      </trkpt>
      <trkpt lat="34.08345533777776" lon="108.93352698987438">
        <ele>459.3095622425899</ele>
        <time>2022-03-05T00:10:03Z</time>
      </trkpt>
      <trkpt lat="34.08395759894791" lon="108.93340867366557">
        <ele>459.07228054013103</ele>
        <time>2022-03-05T00:10:09Z</time>
      </trkpt>
      <trkpt lat="34.08444934066439" lon="108.93328677525753">
        <ele>459.794624555856</ele>
        <time>2022-03-05T00:10:15Z</time>
      </trkpt>
      <trkpt lat="34.08494552230095" lon="108.93317201173068">
        <ele>458.30938364285976</ele>
        <time>2022-03-05T00:10:21Z</time>
      </trkpt>
      <trkpt lat="34.085441429327815" lon="108.93305688364232">
        <ele>457.2809771336615</ele>
        <time>2022-03-05T00:10:27Z</time>
      </trkpt>
      <trkpt lat="34.085928668774145" lon="108.93293779629758">
        <ele>456.18715833034366</ele>
        <time>2022-03-05T00:10:33Z</time>
      </trkpt>
      <trkpt lat="34.08642740652612" lon="108.93282664362057">
        <ele>455.61367824394256</ele>
        <time>2022-03-05T00:10:39Z</time>
      </trkpt>
      <trkpt lat="34.086926837859075" lon="108.93272405160198">
        <ele>455.2321623992175</ele>
        <time>2022-03-05T00:10:45Z</time>
      </trkpt>
      <trkpt lat="34.08740930948911" lon="108.93263643138519">
        <ele>454.96538784727454</ele>
        <time>2022-03-05T00:10:51Z</time>
      </trkpt>
      <trkpt lat="34.0878942817612" lon="108.93256069280692">
        <ele>454.21054447069764</ele>
        <time>2022-03-05T00:10:57Z</time>
      </trkpt>
      <trkpt lat="34.088386974736814" lon="108.93249125025092">
        <ele>453.9892344083637</ele>
        <time>2022-03-05T00:11:03Z</time>
      </trkpt>
      <trkpt lat="34.08888075683948" lon="108.93243583821598">
        <ele>453.324717618525</ele>
        <time>2022-03-05T00:11:09Z</time>
      </trkpt>
      <trkpt lat="34.089382236580704" lon="108.93239073114044">
        <ele>452.07009695470333</ele>
        <time>2022-03-05T00:11:15Z</time>
      </trkpt>
      <trkpt lat="34.08988399697294" lon="108.93234775363806">
        <ele>451.5294993612915</ele>
        <time>2022-03-05T00:11:21Z</time>
      </trkpt>
      <trkpt lat="34.09038944143253" lon="108.93230437387673">
        <ele>450.7983826715499</ele>
        <time>2022-03-05T00:11:27Z</time>
      </trkpt>
      <trkpt lat="34.090863663896876" lon="108.93226983380372">
        <ele>450.6847365256399</ele>
        <time>2022-03-05T00:11:33Z</time>
      </trkpt>
      <trkpt lat="34.09133739134043" lon="108.93223837590297">
        <ele>449.40342163760215</ele>
        <time>2022-03-05T00:11:39Z</time>
      </trkpt>
      <trkpt lat="34.09180818513067" lon="108.93220827092067">
        <ele>449.2098029917106</ele>
        <time>2022-03-05T00:11:45Z</time>
      </trkpt>
      <trkpt lat="34.09229753319549" lon="108.93217641464923">
        <ele>448.18071604240686</ele>
        <time>2022-03-05T00:11:51Z</time>
      </trkpt>
      <trkpt lat="34.09280584412741" lon="108.93213529916011">
        <ele>448.5902969595045</ele>
        <time>2022-03-05T00:11:57Z</time>
      </trkpt>
      <trkpt lat="34.09328971697544" lon="108.9321084200722">
        <ele>448.8856669533998</ele>
        <time>2022-03-05T00:12:03Z</time>
      </trkpt>
      <trkpt lat="34.09373086133277" lon="108.93206778125393">
        <ele>448.4228442972526</ele>
        <time>2022-03-05T00:12:09Z</time>
      </trkpt>
      <trkpt lat="34.0941423051022" lon="108.93203621452324">
        <ele>448.44112677965313</ele>
        <time>2022-03-05T00:12:15Z</time>
      </trkpt>
      <trkpt lat="34.09437647767481" lon="108.9319677835462">
        <ele>448.4621515329927</ele>
        <time>2022-03-05T00:12:19Z</time>
      </trkpt>
      <trkpt lat="34.09485390249097" lon="108.93199659403435">
        <ele>448.3204471776262</ele>
        <time>2022-03-05T00:12:27Z</time>
      </trkpt>
      <trkpt lat="34.09529517670272" lon="108.93200309109808">
        <ele>448.30705455318093</ele>
        <time>2022-03-05T00:12:35Z</time>
      </trkpt>
      <trkpt lat="34.095778074544015" lon="108.93200452569128">
        <ele>448.8507933858782</ele>
        <time>2022-03-05T00:12:45Z</time>
      </trkpt>
      <trkpt lat="34.096239405175886" lon="108.93200643353553">
        <ele>449.3721496909857</ele>
        <time>2022-03-05T00:12:55Z</time>
      </trkpt>
      <trkpt lat="34.096693768586654" lon="108.93203389486318">
        <ele>449.4982928214595</ele>
        <time>2022-03-05T00:13:05Z</time>
      </trkpt>
      <trkpt lat="34.09713417233946" lon="108.93206071058891">
        <ele>449.61461288575083</ele>
        <time>2022-03-05T00:13:15Z</time>
      </trkpt>
      <trkpt lat="34.09757942259142" lon="108.93210448144622">
        <ele>450.8134821448475</ele>
        <time>2022-03-05T00:13:25Z</time>
      </trkpt>
      <trkpt lat="34.0980254545279" lon="108.93215726277481">
        <ele>451.30542681831867</ele>
        <time>2022-03-05T00:13:35Z</time>
      </trkpt>
      <trkpt lat="34.09847474075167" lon="108.9322243198723">
        <ele>451.9101346442476</ele>
        <time>2022-03-05T00:13:45Z</time>
      </trkpt>
      <trkpt lat="34.09896889694782" lon="108.932308174904">
        <ele>452.99261682946235</ele>
        <time>2022-03-05T00:13:55Z</time>
      </trkpt>
      <trkpt lat="34.09948358454974" lon="108.93240767987234">
        <ele>452.83040811587125</ele>
        <time>2022-03-05T00:14:05Z</time>
      </trkpt>
      <trkpt lat="34.09996021015984" lon="108.93251517975135">
        <ele>453.17764313705266</ele>
        <time>2022-03-05T00:14:15Z</time>
      </trkpt>
      <trkpt lat="34.100420540584715" lon="108.93262788914778">
        <ele>454.05408253520727</ele>
        <time>2022-03-05T00:14:25Z</time>
      </trkpt>
      <trkpt lat="34.10087783095776" lon="108.93276597612622">
        <ele>454.18431990779936</ele>
        <time>2022-03-05T00:14:35Z</time>
      </trkpt>
      <trkpt lat="34.10123663163831" lon="108.93286580845206">
        <ele>454.78658801782876</ele>
        <time>2022-03-05T00:14:43Z</time>
      </trkpt>
      <trkpt lat="34.10168089309704" lon="108.93300676461544">
        <ele>456.5941814519465</ele>
        <time>2022-03-05T00:14:53Z</time>
      </trkpt>
      <trkpt lat="34.10214264870164" lon="108.93314207760073">
        <ele>451.03720474243164</ele>
        <time>2022-03-05T00:15:03Z</time>
      </trkpt>
      <trkpt lat="34.10262720289239" lon="108.93326076871976">
        <ele>449.2634029975161</ele>
        <time>2022-03-05T00:15:13Z</time>
      </trkpt>
      <trkpt lat="34.102924873501266" lon="108.93332349281079">
        <ele>449.62352806609124</ele>
        <time>2022-03-05T00:15:19Z</time>
      </trkpt>
      <trkpt lat="34.10301994334082" lon="108.93335962332327">
        <ele>450.2500852653757</ele>
        <time>2022-03-05T00:15:21Z</time>
      </trkpt>
      <trkpt lat="34.103498067651834" lon="108.9334533565853">
        <ele>451.13708970323205</ele>
        <time>2022-03-05T00:15:31Z</time>
      </trkpt>
      <trkpt lat="34.10396547588577" lon="108.9335401607724">
        <ele>449.5926485862583</ele>
        <time>2022-03-05T00:15:41Z</time>
      </trkpt>
      <trkpt lat="34.104432384189565" lon="108.93360246652006">
        <ele>449.26802098657936</ele>
        <time>2022-03-05T00:15:51Z</time>
      </trkpt>
      <trkpt lat="34.10489684125617" lon="108.93366801893544">
        <ele>451.427016380243</ele>
        <time>2022-03-05T00:16:01Z</time>
      </trkpt>
      <trkpt lat="34.1053685204527" lon="108.93371382106191">
        <ele>452.7184787578881</ele>
        <time>2022-03-05T00:16:11Z</time>
      </trkpt>
      <trkpt lat="34.10582805970096" lon="108.93374740455108">
        <ele>452.3743363870308</ele>
        <time>2022-03-05T00:16:21Z</time>
      </trkpt>
      <trkpt lat="34.10628179257637" lon="108.93377526945046">
        <ele>451.7030513668433</ele>
        <time>2022-03-05T00:16:31Z</time>
      </trkpt>
      <trkpt lat="34.10673327880869" lon="108.93379325514823">
        <ele>453.05409575626254</ele>
        <time>2022-03-05T00:16:41Z</time>
      </trkpt>
      <trkpt lat="34.10718687448612" lon="108.933813134781">
        <ele>454.69343710131943</ele>
        <time>2022-03-05T00:16:51Z</time>
      </trkpt>
      <trkpt lat="34.107637200564945" lon="108.93382887053055">
        <ele>459.5935642113909</ele>
        <time>2022-03-05T00:17:01Z</time>
      </trkpt>
      <trkpt lat="34.10807056345203" lon="108.93383459987677">
        <ele>469.04708980210125</ele>
        <time>2022-03-05T00:17:11Z</time>
      </trkpt>
      <trkpt lat="34.108555123286635" lon="108.9338402231198">
        <ele>479.8440258130431</ele>
        <time>2022-03-05T00:17:23Z</time>
      </trkpt>
      <trkpt lat="34.108794811154475" lon="108.93384820415295">
        <ele>482.56530363485217</ele>
        <time>2022-03-05T00:17:29Z</time>
      </trkpt>
      <trkpt lat="34.10892665985005" lon="108.93379017359148">
        <ele>483.8994497405365</ele>
        <time>2022-03-05T00:17:33Z</time>
      </trkpt>
      <trkpt lat="34.10891063364124" lon="108.9336331349543">
        <ele>484.42957151308656</ele>
        <time>2022-03-05T00:17:37Z</time>
      </trkpt>
      <trkpt lat="34.108742272545896" lon="108.93357102480515">
        <ele>483.3413407690823</ele>
        <time>2022-03-05T00:17:41Z</time>
      </trkpt>
      <trkpt lat="34.10846638301289" lon="108.93352708715983">
        <ele>479.23965786304325</ele>
        <time>2022-03-05T00:17:57Z</time>
      </trkpt>
      <trkpt lat="34.10832993685941" lon="108.93356562791831">
        <ele>478.4585989173502</ele>
        <time>2022-03-05T00:41:27Z</time>
      </trkpt>
      <trkpt lat="34.10787398969644" lon="108.93353410747177">
        <ele>471.83421263936907</ele>
        <time>2022-03-05T00:41:35Z</time>
      </trkpt>
      <trkpt lat="34.10737302192928" lon="108.93351428214038">
        <ele>473.59631739743054</ele>
        <time>2022-03-05T00:41:41Z</time>
      </trkpt>
      <trkpt lat="34.106849606953865" lon="108.9334719181449">
        <ele>460.86760911438614</ele>
        <time>2022-03-05T00:41:47Z</time>
      </trkpt>
      <trkpt lat="34.10640347141904" lon="108.9334490032445">
        <ele>456.7665976919234</ele>
        <time>2022-03-05T00:41:52Z</time>
      </trkpt>
      <trkpt lat="34.1062225063298" lon="108.93353720434145">
        <ele>454.54975800588727</ele>
        <time>2022-03-05T00:41:54Z</time>
      </trkpt>
      <trkpt lat="34.10572159567735" lon="108.93350835992061">
        <ele>454.43915814254433</ele>
        <time>2022-03-05T00:42:00Z</time>
      </trkpt>
      <trkpt lat="34.1052271703284" lon="108.93346863312753">
        <ele>455.97846479620785</ele>
        <time>2022-03-05T00:42:06Z</time>
      </trkpt>
      <trkpt lat="34.10472374078378" lon="108.93341386894227">
        <ele>457.8357067257166</ele>
        <time>2022-03-05T00:42:12Z</time>
      </trkpt>
      <trkpt lat="34.10421092872463" lon="108.9333425790002">
        <ele>459.1003313139081</ele>
        <time>2022-03-05T00:42:18Z</time>
      </trkpt>
      <trkpt lat="34.103690873656724" lon="108.93325405299">
        <ele>460.34541151765734</ele>
        <time>2022-03-05T00:42:24Z</time>
      </trkpt>
      <trkpt lat="34.10310934884167" lon="108.93314031752719">
        <ele>460.6250554099679</ele>
        <time>2022-03-05T00:42:30Z</time>
      </trkpt>
      <trkpt lat="34.102491702834776" lon="108.93299603358724">
        <ele>459.9561161920428</ele>
        <time>2022-03-05T00:42:36Z</time>
      </trkpt>
      <trkpt lat="34.10186006767226" lon="108.93282624361527">
        <ele>459.78275787085295</ele>
        <time>2022-03-05T00:42:42Z</time>
      </trkpt>
      <trkpt lat="34.10143497227704" lon="108.9327022732998">
        <ele>458.35755263920873</ele>
        <time>2022-03-05T00:42:46Z</time>
      </trkpt>
      <trkpt lat="34.101238038543606" lon="108.93256590203912">
        <ele>458.7865194985643</ele>
        <time>2022-03-05T00:42:48Z</time>
      </trkpt>
      <trkpt lat="34.10081021401686" lon="108.93244101186896">
        <ele>458.6935282414779</ele>
        <time>2022-03-05T00:42:52Z</time>
      </trkpt>
      <trkpt lat="34.10038059897952" lon="108.93234002719085">
        <ele>458.4966984456405</ele>
        <time>2022-03-05T00:42:56Z</time>
      </trkpt>
      <trkpt lat="34.10015685719195" lon="108.93234778825601">
        <ele>455.28569002915174</ele>
        <time>2022-03-05T00:42:58Z</time>
      </trkpt>
      <trkpt lat="34.09952743997818" lon="108.93220461911392">
        <ele>452.135649506934</ele>
        <time>2022-03-05T00:43:04Z</time>
      </trkpt>
      <trkpt lat="34.09890114795896" lon="108.93208150005952">
        <ele>451.7831475902349</ele>
        <time>2022-03-05T00:43:10Z</time>
      </trkpt>
      <trkpt lat="34.0982643748518" lon="108.93198271663996">
        <ele>450.59118226822466</ele>
        <time>2022-03-05T00:43:16Z</time>
      </trkpt>
      <trkpt lat="34.09783155292696" lon="108.93192636740744">
        <ele>450.11487787403166</ele>
        <time>2022-03-05T00:43:20Z</time>
      </trkpt>
      <trkpt lat="34.09739561177893" lon="108.93187505728578">
        <ele>448.95366335101426</ele>
        <time>2022-03-05T00:43:24Z</time>
      </trkpt>
      <trkpt lat="34.09675713923336" lon="108.9318247414807">
        <ele>447.9628890901804</ele>
        <time>2022-03-05T00:43:30Z</time>
      </trkpt>
      <trkpt lat="34.096547658786044" lon="108.93181435422093">
        <ele>447.1455527031794</ele>
        <time>2022-03-05T00:43:32Z</time>
      </trkpt>
      <trkpt lat="34.09594029574203" lon="108.93179254614837">
        <ele>446.6098047858104</ele>
        <time>2022-03-05T00:43:38Z</time>
      </trkpt>
      <trkpt lat="34.0953419632752" lon="108.93179316599432">
        <ele>447.1764519670978</ele>
        <time>2022-03-05T00:43:44Z</time>
      </trkpt>
      <trkpt lat="34.09473800409909" lon="108.93180503098309">
        <ele>447.58006898965687</ele>
        <time>2022-03-05T00:43:50Z</time>
      </trkpt>
      <trkpt lat="34.09453198317886" lon="108.93181249571488">
        <ele>447.53886516112834</ele>
        <time>2022-03-05T00:43:52Z</time>
      </trkpt>
      <trkpt lat="34.0939233415409" lon="108.93185102157744">
        <ele>448.0210019033402</ele>
        <time>2022-03-05T00:43:58Z</time>
      </trkpt>
      <trkpt lat="34.093720861948455" lon="108.93186560561472">
        <ele>448.04915507882833</ele>
        <time>2022-03-05T00:44:00Z</time>
      </trkpt>
      <trkpt lat="34.09351477393625" lon="108.93183842832292">
        <ele>448.9396647363901</ele>
        <time>2022-03-05T00:44:02Z</time>
      </trkpt>
      <trkpt lat="34.09295114976039" lon="108.9318717755146">
        <ele>448.43645902350545</ele>
        <time>2022-03-05T00:44:08Z</time>
      </trkpt>
      <trkpt lat="34.092403542430716" lon="108.93190201836053">
        <ele>448.4019299475476</ele>
        <time>2022-03-05T00:44:14Z</time>
      </trkpt>
      <trkpt lat="34.091881186969474" lon="108.93193539280963">
        <ele>448.15628591086715</ele>
        <time>2022-03-05T00:44:20Z</time>
      </trkpt>
      <trkpt lat="34.091383453626925" lon="108.93196231161504">
        <ele>449.549656691961</ele>
        <time>2022-03-05T00:44:26Z</time>
      </trkpt>
      <trkpt lat="34.09089165079307" lon="108.93199657746732">
        <ele>451.03877416066825</ele>
        <time>2022-03-05T00:44:32Z</time>
      </trkpt>
      <trkpt lat="34.09040703045165" lon="108.93203297328486">
        <ele>451.96003809943795</ele>
        <time>2022-03-05T00:44:38Z</time>
      </trkpt>
      <trkpt lat="34.08992208062922" lon="108.93206537741925">
        <ele>450.3552661463618</ele>
        <time>2022-03-05T00:44:44Z</time>
      </trkpt>
      <trkpt lat="34.089465818138315" lon="108.93210602172007">
        <ele>452.0602503567934</ele>
        <time>2022-03-05T00:44:50Z</time>
      </trkpt>
      <trkpt lat="34.089331073025335" lon="108.93211106852436">
        <ele>452.11984558496624</ele>
        <time>2022-03-05T00:44:52Z</time>
      </trkpt>
      <trkpt lat="34.08919363543292" lon="108.9321972623553">
        <ele>452.40560539998114</ele>
        <time>2022-03-05T00:44:54Z</time>
      </trkpt>
      <trkpt lat="34.0887748918306" lon="108.93224212628658">
        <ele>452.6430211281404</ele>
        <time>2022-03-05T00:45:00Z</time>
      </trkpt>
      <trkpt lat="34.088627066578056" lon="108.93218698080622">
        <ele>453.8104276433587</ele>
        <time>2022-03-05T00:45:02Z</time>
      </trkpt>
      <trkpt lat="34.08848401616085" lon="108.93227398076307">
        <ele>453.0054329065606</ele>
        <time>2022-03-05T00:45:04Z</time>
      </trkpt>
      <trkpt lat="34.08804429586941" lon="108.93233254184435">
        <ele>455.4392583584413</ele>
        <time>2022-03-05T00:45:10Z</time>
      </trkpt>
      <trkpt lat="34.08789117337626" lon="108.93230940940654">
        <ele>455.8669801093638</ele>
        <time>2022-03-05T00:45:12Z</time>
      </trkpt>
      <trkpt lat="34.0873947478888" lon="108.9323589613157">
        <ele>456.2190117193386</ele>
        <time>2022-03-05T00:45:18Z</time>
      </trkpt>
      <trkpt lat="34.086861894383716" lon="108.93246607040831">
        <ele>455.88771984074265</ele>
        <time>2022-03-05T00:45:24Z</time>
      </trkpt>
      <trkpt lat="34.08634034566254" lon="108.93258115273312">
        <ele>456.090967586264</ele>
        <time>2022-03-05T00:45:30Z</time>
      </trkpt>
      <trkpt lat="34.08584332971062" lon="108.93269470700311">
        <ele>456.3890921520069</ele>
        <time>2022-03-05T00:45:36Z</time>
      </trkpt>
      <trkpt lat="34.085338972056846" lon="108.93280482814552">
        <ele>456.78039718512446</ele>
        <time>2022-03-05T00:45:42Z</time>
      </trkpt>
      <trkpt lat="34.08483631850699" lon="108.9329225887586">
        <ele>457.08949442207813</ele>
        <time>2022-03-05T00:45:48Z</time>
      </trkpt>
      <trkpt lat="34.084332903309466" lon="108.93304220515371">
        <ele>457.3775733541697</ele>
        <time>2022-03-05T00:45:54Z</time>
      </trkpt>
      <trkpt lat="34.083833887710064" lon="108.93315860210846">
        <ele>458.2894625235349</ele>
        <time>2022-03-05T00:46:00Z</time>
      </trkpt>
      <trkpt lat="34.083328591323756" lon="108.93327717955796">
        <ele>459.0868225954473</ele>
        <time>2022-03-05T00:46:06Z</time>
      </trkpt>
      <trkpt lat="34.082830991268665" lon="108.93339125690076">
        <ele>460.0659309113398</ele>
        <time>2022-03-05T00:46:12Z</time>
      </trkpt>
      <trkpt lat="34.08231323017634" lon="108.93349019741278">
        <ele>460.0767293618992</ele>
        <time>2022-03-05T00:46:18Z</time>
      </trkpt>
      <trkpt lat="34.08178572426779" lon="108.93358503073887">
        <ele>460.3329987023026</ele>
        <time>2022-03-05T00:46:24Z</time>
      </trkpt>
      <trkpt lat="34.0812639220869" lon="108.93369166143336">
        <ele>460.98760621249676</ele>
        <time>2022-03-05T00:46:30Z</time>
      </trkpt>
      <trkpt lat="34.08092001696634" lon="108.93376677503932">
        <ele>461.1020927587524</ele>
        <time>2022-03-05T00:46:34Z</time>
      </trkpt>
      <trkpt lat="34.080390711291976" lon="108.93379309936293">
        <ele>461.6714366013184</ele>
        <time>2022-03-05T00:46:40Z</time>
      </trkpt>
      <trkpt lat="34.07986059303861" lon="108.93386133932665">
        <ele>463.0818859990686</ele>
        <time>2022-03-05T00:46:46Z</time>
      </trkpt>
      <trkpt lat="34.07932233697045" lon="108.93390903148934">
        <ele>463.9544111061841</ele>
        <time>2022-03-05T00:46:52Z</time>
      </trkpt>
      <trkpt lat="34.078772168191" lon="108.93397147129483">
        <ele>464.3713296158239</ele>
        <time>2022-03-05T00:46:58Z</time>
      </trkpt>
      <trkpt lat="34.07821899406586" lon="108.93401364601058">
        <ele>464.7512383973226</ele>
        <time>2022-03-05T00:47:04Z</time>
      </trkpt>
      <trkpt lat="34.07784534008725" lon="108.93403858149595">
        <ele>465.01609038282186</ele>
        <time>2022-03-05T00:47:08Z</time>
      </trkpt>
      <trkpt lat="34.07766465191634" lon="108.93413573038582">
        <ele>464.82265979330987</ele>
        <time>2022-03-05T00:47:10Z</time>
      </trkpt>
      <trkpt lat="34.077294916943636" lon="108.93416844577973">
        <ele>466.1600210927427</ele>
        <time>2022-03-05T00:47:14Z</time>
      </trkpt>
      <trkpt lat="34.07674008553707" lon="108.9342175574235">
        <ele>467.95683696027845</ele>
        <time>2022-03-05T00:47:20Z</time>
      </trkpt>
      <trkpt lat="34.07618220452437" lon="108.9342669215043">
        <ele>468.7424744302407</ele>
        <time>2022-03-05T00:47:26Z</time>
      </trkpt>
      <trkpt lat="34.075628397606366" lon="108.9343158833226">
        <ele>469.0084483111277</ele>
        <time>2022-03-05T00:47:32Z</time>
      </trkpt>
      <trkpt lat="34.07544089832171" lon="108.93428809020328">
        <ele>468.8718552403152</ele>
        <time>2022-03-05T00:47:34Z</time>
      </trkpt>
      <trkpt lat="34.074881364070706" lon="108.934334100983">
        <ele>469.5836242623627</ele>
        <time>2022-03-05T00:47:40Z</time>
      </trkpt>
      <trkpt lat="34.07433693814703" lon="108.93437658642407">
        <ele>469.32999463006854</ele>
        <time>2022-03-05T00:47:46Z</time>
      </trkpt>
      <trkpt lat="34.07379297228587" lon="108.93442546968573">
        <ele>470.53932722099125</ele>
        <time>2022-03-05T00:47:52Z</time>
      </trkpt>
      <trkpt lat="34.07329253605038" lon="108.93448619595978">
        <ele>471.0422939779237</ele>
        <time>2022-03-05T00:47:58Z</time>
      </trkpt>
      <trkpt lat="34.07275891719262" lon="108.93454297954098">
        <ele>472.59295300766826</ele>
        <time>2022-03-05T00:48:04Z</time>
      </trkpt>
      <trkpt lat="34.07225751113978" lon="108.93455266362264">
        <ele>473.1033625295386</ele>
        <time>2022-03-05T00:48:10Z</time>
      </trkpt>
      <trkpt lat="34.071792299925704" lon="108.93458897186885">
        <ele>473.11987068969756</ele>
        <time>2022-03-05T00:48:16Z</time>
      </trkpt>
      <trkpt lat="34.07129671581643" lon="108.93463758169172">
        <ele>473.6072073262185</ele>
        <time>2022-03-05T00:48:22Z</time>
      </trkpt>
      <trkpt lat="34.07078882148449" lon="108.93467667048165">
        <ele>474.56927043851465</ele>
        <time>2022-03-05T00:48:28Z</time>
      </trkpt>
      <trkpt lat="34.070260105657574" lon="108.93472657144008">
        <ele>474.9930657753721</ele>
        <time>2022-03-05T00:48:34Z</time>
      </trkpt>
      <trkpt lat="34.06989649927145" lon="108.93475673777684">
        <ele>475.57281208597124</ele>
        <time>2022-03-05T00:48:38Z</time>
      </trkpt>
      <trkpt lat="34.06937432888741" lon="108.9347862527615">
        <ele>475.97192869428545</ele>
        <time>2022-03-05T00:48:44Z</time>
      </trkpt>
      <trkpt lat="34.06891664273505" lon="108.93483620754428">
        <ele>476.764553014189</ele>
        <time>2022-03-05T00:48:50Z</time>
      </trkpt>
      <trkpt lat="34.06848381090047" lon="108.93488070525959">
        <ele>477.555583528243</ele>
        <time>2022-03-05T00:48:56Z</time>
      </trkpt>
      <trkpt lat="34.06792530074909" lon="108.9349283204035">
        <ele>478.27786555327475</ele>
        <time>2022-03-05T00:49:04Z</time>
      </trkpt>
      <trkpt lat="34.06766490980401" lon="108.93495181519357">
        <ele>478.6267988560721</ele>
        <time>2022-03-05T00:49:08Z</time>
      </trkpt>
      <trkpt lat="34.067201537735194" lon="108.93499144390448">
        <ele>479.48729837406427</ele>
        <time>2022-03-05T00:49:16Z</time>
      </trkpt>
      <trkpt lat="34.06675330976953" lon="108.93503393882763">
        <ele>480.1551670022309</ele>
        <time>2022-03-05T00:49:24Z</time>
      </trkpt>
      <trkpt lat="34.06628720929755" lon="108.93506979456563">
        <ele>481.06783646624535</ele>
        <time>2022-03-05T00:49:32Z</time>
      </trkpt>
      <trkpt lat="34.065756221477834" lon="108.93512116029079">
        <ele>481.998917539604</ele>
        <time>2022-03-05T00:49:40Z</time>
      </trkpt>
      <trkpt lat="34.065207090742014" lon="108.93517908414069">
        <ele>482.777424255386</ele>
        <time>2022-03-05T00:49:48Z</time>
      </trkpt>
      <trkpt lat="34.06463533842209" lon="108.93523839064329">
        <ele>483.8572798864916</ele>
        <time>2022-03-05T00:49:56Z</time>
      </trkpt>
      <trkpt lat="34.064184106771954" lon="108.9352671070477">
        <ele>484.23450782708824</ele>
        <time>2022-03-05T00:50:02Z</time>
      </trkpt>
      <trkpt lat="34.06373120108637" lon="108.93530364746549">
        <ele>484.4430775968358</ele>
        <time>2022-03-05T00:50:08Z</time>
      </trkpt>
      <trkpt lat="34.063276780107984" lon="108.93534696065875">
        <ele>485.4408187866211</ele>
        <time>2022-03-05T00:50:14Z</time>
      </trkpt>
      <trkpt lat="34.06281087032806" lon="108.93538699695677">
        <ele>486.2353568729013</ele>
        <time>2022-03-05T00:50:20Z</time>
      </trkpt>
      <trkpt lat="34.062659950632565" lon="108.93548417988421">
        <ele>486.7489265957847</ele>
        <time>2022-03-05T00:50:22Z</time>
      </trkpt>
      <trkpt lat="34.06219564145325" lon="108.93552542689908">
        <ele>488.5000681504607</ele>
        <time>2022-03-05T00:50:28Z</time>
      </trkpt>
      <trkpt lat="34.06203997632722" lon="108.93548776761345">
        <ele>488.64906868711114</ele>
        <time>2022-03-05T00:50:30Z</time>
      </trkpt>
      <trkpt lat="34.06158385101527" lon="108.93551789503574">
        <ele>489.1637641787529</ele>
        <time>2022-03-05T00:50:36Z</time>
      </trkpt>
      <trkpt lat="34.0611423264968" lon="108.93555154482563">
        <ele>489.3147637350485</ele>
        <time>2022-03-05T00:50:42Z</time>
      </trkpt>
      <trkpt lat="34.06067758054464" lon="108.93558708264796">
        <ele>491.5639361832291</ele>
        <time>2022-03-05T00:50:48Z</time>
      </trkpt>
      <trkpt lat="34.060220050720986" lon="108.93560891652757">
        <ele>492.1393553717062</ele>
        <time>2022-03-05T00:50:54Z</time>
      </trkpt>
      <trkpt lat="34.0597734191226" lon="108.93566072608708">
        <ele>492.3008009046316</ele>
        <time>2022-03-05T00:51:00Z</time>
      </trkpt>
      <trkpt lat="34.05921565495511" lon="108.93570740114686">
        <ele>492.7714762715623</ele>
        <time>2022-03-05T00:51:08Z</time>
      </trkpt>
      <trkpt lat="34.058662980045966" lon="108.9357581158466">
        <ele>495.0706442464143</ele>
        <time>2022-03-05T00:51:16Z</time>
      </trkpt>
      <trkpt lat="34.05810513397634" lon="108.93580934013303">
        <ele>496.20763017237186</ele>
        <time>2022-03-05T00:51:24Z</time>
      </trkpt>
      <trkpt lat="34.057543613048495" lon="108.9358532616429">
        <ele>496.46862090099603</ele>
        <time>2022-03-05T00:51:32Z</time>
      </trkpt>
      <trkpt lat="34.05701486764692" lon="108.935903362064">
        <ele>498.05618200916797</ele>
        <time>2022-03-05T00:51:40Z</time>
      </trkpt>
      <trkpt lat="34.056543963696605" lon="108.93594938046505">
        <ele>499.39667688310146</ele>
        <time>2022-03-05T00:51:48Z</time>
      </trkpt>
      <trkpt lat="34.05610739461288" lon="108.93598231145414">
        <ele>499.54908069688827</ele>
        <time>2022-03-05T00:51:56Z</time>
      </trkpt>
      <trkpt lat="34.0556441706884" lon="108.93601280745114">
        <ele>500.73148589674383</ele>
        <time>2022-03-05T00:52:04Z</time>
      </trkpt>
      <trkpt lat="34.055177922511014" lon="108.93605200680236">
        <ele>500.9554809676483</ele>
        <time>2022-03-05T00:52:12Z</time>
      </trkpt>
      <trkpt lat="34.05473662220507" lon="108.9360874649303">
        <ele>501.90462930779904</ele>
        <time>2022-03-05T00:52:20Z</time>
      </trkpt>
      <trkpt lat="34.05429491587173" lon="108.93612272678887">
        <ele>503.47007839474827</ele>
        <time>2022-03-05T00:52:28Z</time>
      </trkpt>
      <trkpt lat="34.05385390455911" lon="108.93613395635049">
        <ele>504.0084570078179</ele>
        <time>2022-03-05T00:52:36Z</time>
      </trkpt>
      <trkpt lat="34.05340777566875" lon="108.93615000997312">
        <ele>504.3446649527177</ele>
        <time>2022-03-05T00:52:44Z</time>
      </trkpt>
      <trkpt lat="34.05295553905585" lon="108.936158582774">
        <ele>505.92360593844205</ele>
        <time>2022-03-05T00:52:52Z</time>
      </trkpt>
      <trkpt lat="34.05249793619235" lon="108.93614680092777">
        <ele>507.3901596041396</ele>
        <time>2022-03-05T00:53:00Z</time>
      </trkpt>
      <trkpt lat="34.05206299497691" lon="108.93612580311706">
        <ele>508.37061642389745</ele>
        <time>2022-03-05T00:53:08Z</time>
      </trkpt>
      <trkpt lat="34.051528670904204" lon="108.93609452069667">
        <ele>509.3596907053143</ele>
        <time>2022-03-05T00:53:18Z</time>
      </trkpt>
      <trkpt lat="34.05100052997028" lon="108.93606646074595">
        <ele>511.0783444168046</ele>
        <time>2022-03-05T00:53:28Z</time>
      </trkpt>
      <trkpt lat="34.050552216852495" lon="108.93602404559411">
        <ele>511.7105730092153</ele>
        <time>2022-03-05T00:53:36Z</time>
      </trkpt>
      <trkpt lat="34.05007504838161" lon="108.93601571910247">
        <ele>512.6837479714304</ele>
        <time>2022-03-05T00:53:44Z</time>
      </trkpt>
      <trkpt lat="34.04961429175757" lon="108.9359770377893">
        <ele>514.6933294050395</ele>
        <time>2022-03-05T00:53:52Z</time>
      </trkpt>
      <trkpt lat="34.049387818737905" lon="108.9359552449707">
        <ele>515.1479802886024</ele>
        <time>2022-03-05T00:53:56Z</time>
      </trkpt>
      <trkpt lat="34.04927744255762" lon="108.9359100478458">
        <ele>515.0902092335746</ele>
        <time>2022-03-05T00:53:58Z</time>
      </trkpt>
      <trkpt lat="34.049195746472215" lon="108.93582638991529">
        <ele>514.1583700347692</ele>
        <time>2022-03-05T00:54:00Z</time>
      </trkpt>
      <trkpt lat="34.0491431589918" lon="108.93569466194731">
        <ele>515.089776109904</ele>
        <time>2022-03-05T00:54:02Z</time>
      </trkpt>
      <trkpt lat="34.049134470468616" lon="108.93556352386526">
        <ele>515.4065208956599</ele>
        <time>2022-03-05T00:54:04Z</time>
      </trkpt>
      <trkpt lat="34.049172586675006" lon="108.93503819898875">
        <ele>515.0437197973952</ele>
        <time>2022-03-05T00:54:12Z</time>
      </trkpt>
      <trkpt lat="34.04917696820547" lon="108.9348088445297">
        <ele>515.826560257934</ele>
        <time>2022-03-05T00:54:16Z</time>
      </trkpt>
      <trkpt lat="34.049155090917345" lon="108.93455197151117">
        <ele>516.6036920920014</ele>
        <time>2022-03-05T00:54:20Z</time>
      </trkpt>
      <trkpt lat="34.04915422520457" lon="108.93397848837931">
        <ele>516.543752912432</ele>
        <time>2022-03-05T00:54:28Z</time>
      </trkpt>
      <trkpt lat="34.04922697567106" lon="108.93336927218651">
        <ele>515.8261690400541</ele>
        <time>2022-03-05T00:54:38Z</time>
      </trkpt>
      <trkpt lat="34.04924055831203" lon="108.93283246750468">
        <ele>515.0932399146259</ele>
        <time>2022-03-05T00:54:46Z</time>
      </trkpt>
      <trkpt lat="34.049271987554214" lon="108.93221734978964">
        <ele>516.5977046759799</ele>
        <time>2022-03-05T00:54:54Z</time>
      </trkpt>
      <trkpt lat="34.04930332658926" lon="108.93167484099214">
        <ele>516.8272425150499</ele>
        <time>2022-03-05T00:55:00Z</time>
      </trkpt>
      <trkpt lat="34.04932995395163" lon="108.93106322184718">
        <ele>517.0426648491994</ele>
        <time>2022-03-05T00:55:06Z</time>
      </trkpt>
      <trkpt lat="34.0493555733953" lon="108.93044733300457">
        <ele>516.6714712269604</ele>
        <time>2022-03-05T00:55:12Z</time>
      </trkpt>
      <trkpt lat="34.04938210404815" lon="108.92982674320763">
        <ele>516.2993078147992</ele>
        <time>2022-03-05T00:55:18Z</time>
      </trkpt>
      <trkpt lat="34.04940402834025" lon="108.92919070355171">
        <ele>516.9089236818254</ele>
        <time>2022-03-05T00:55:24Z</time>
      </trkpt>
      <trkpt lat="34.049453958058855" lon="108.92854450022054">
        <ele>515.8089170493186</ele>
        <time>2022-03-05T00:55:30Z</time>
      </trkpt>
      <trkpt lat="34.04952501820561" lon="108.92789935240302">
        <ele>515.8003286998719</ele>
        <time>2022-03-05T00:55:36Z</time>
      </trkpt>
      <trkpt lat="34.049614899806215" lon="108.92725257495616">
        <ele>516.2663504891098</ele>
        <time>2022-03-05T00:55:42Z</time>
      </trkpt>
      <trkpt lat="34.04973644540282" lon="108.92660610365269">
        <ele>516.7074381904677</ele>
        <time>2022-03-05T00:55:48Z</time>
      </trkpt>
      <trkpt lat="34.049866735622594" lon="108.9259660427322">
        <ele>516.2743687983602</ele>
        <time>2022-03-05T00:55:54Z</time>
      </trkpt>
      <trkpt lat="34.05000765347711" lon="108.92536102964667">
        <ele>516.0856735305861</ele>
        <time>2022-03-05T00:56:00Z</time>
      </trkpt>
      <trkpt lat="34.05017176883531" lon="108.92477210688713">
        <ele>516.9386970028281</ele>
        <time>2022-03-05T00:56:06Z</time>
      </trkpt>
      <trkpt lat="34.050351362507584" lon="108.92418223909553">
        <ele>516.5586757007986</ele>
        <time>2022-03-05T00:56:12Z</time>
      </trkpt>
      <trkpt lat="34.050557677730424" lon="108.92359957386032">
        <ele>516.0824249619618</ele>
        <time>2022-03-05T00:56:18Z</time>
      </trkpt>
      <trkpt lat="34.05078624730113" lon="108.9230127908532">
        <ele>514.5766416545957</ele>
        <time>2022-03-05T00:56:24Z</time>
      </trkpt>
      <trkpt lat="34.051039135865594" lon="108.92244111736701">
        <ele>513.1272471947595</ele>
        <time>2022-03-05T00:56:30Z</time>
      </trkpt>
      <trkpt lat="34.05130450290049" lon="108.92187804934056">
        <ele>511.6630019051954</ele>
        <time>2022-03-05T00:56:36Z</time>
      </trkpt>
      <trkpt lat="34.0515877174082" lon="108.92133216568888">
        <ele>511.8668860876933</ele>
        <time>2022-03-05T00:56:42Z</time>
      </trkpt>
      <trkpt lat="34.05188486678479" lon="108.92080405044386">
        <ele>511.26835439912975</ele>
        <time>2022-03-05T00:56:48Z</time>
      </trkpt>
      <trkpt lat="34.052207301583096" lon="108.9202883975108">
        <ele>510.95348861720413</ele>
        <time>2022-03-05T00:56:54Z</time>
      </trkpt>
      <trkpt lat="34.052548957874635" lon="108.91978071523009">
        <ele>509.66873326990753</ele>
        <time>2022-03-05T00:57:00Z</time>
      </trkpt>
      <trkpt lat="34.052895195646755" lon="108.91928848828084">
        <ele>509.52729267627</ele>
        <time>2022-03-05T00:57:06Z</time>
      </trkpt>
      <trkpt lat="34.05325150421457" lon="108.91879355049619">
        <ele>509.62986588664353</ele>
        <time>2022-03-05T00:57:12Z</time>
      </trkpt>
      <trkpt lat="34.0536200589333" lon="108.91828601731589">
        <ele>509.13975450769067</ele>
        <time>2022-03-05T00:57:18Z</time>
      </trkpt>
      <trkpt lat="34.05397999362041" lon="108.91778085938405">
        <ele>508.5250152628869</ele>
        <time>2022-03-05T00:57:24Z</time>
      </trkpt>
      <trkpt lat="34.05435375176498" lon="108.91728761661182">
        <ele>507.69235260412097</ele>
        <time>2022-03-05T00:57:30Z</time>
      </trkpt>
      <trkpt lat="34.054728034519634" lon="108.91677889356016">
        <ele>507.10718942899257</ele>
        <time>2022-03-05T00:57:36Z</time>
      </trkpt>
      <trkpt lat="34.05511070580415" lon="108.91626410424217">
        <ele>506.49098125100136</ele>
        <time>2022-03-05T00:57:42Z</time>
      </trkpt>
      <trkpt lat="34.05549908928027" lon="108.91575007040198">
        <ele>504.6461299415678</ele>
        <time>2022-03-05T00:57:48Z</time>
      </trkpt>
      <trkpt lat="34.055881224064954" lon="108.91522248575279">
        <ele>503.31269524618983</ele>
        <time>2022-03-05T00:57:54Z</time>
      </trkpt>
      <trkpt lat="34.056256136656785" lon="108.91470084437125">
        <ele>502.74453924875706</ele>
        <time>2022-03-05T00:58:00Z</time>
      </trkpt>
      <trkpt lat="34.056635732056634" lon="108.91418032889788">
        <ele>501.453719179146</ele>
        <time>2022-03-05T00:58:06Z</time>
      </trkpt>
      <trkpt lat="34.057018796282726" lon="108.9136665620561">
        <ele>500.1838064501062</ele>
        <time>2022-03-05T00:58:12Z</time>
      </trkpt>
      <trkpt lat="34.05739874366709" lon="108.91314909326512">
        <ele>499.8922082269564</ele>
        <time>2022-03-05T00:58:18Z</time>
      </trkpt>
      <trkpt lat="34.0577730373442" lon="108.91263415924308">
        <ele>499.5617783172056</ele>
        <time>2022-03-05T00:58:24Z</time>
      </trkpt>
      <trkpt lat="34.058136859307034" lon="108.91211974078358">
        <ele>499.3491422869265</ele>
        <time>2022-03-05T00:58:30Z</time>
      </trkpt>
      <trkpt lat="34.05848568296754" lon="108.91160572963467">
        <ele>499.01056749001145</ele>
        <time>2022-03-05T00:58:36Z</time>
      </trkpt>
      <trkpt lat="34.0588263066825" lon="108.91108011426202">
        <ele>498.81852821074426</ele>
        <time>2022-03-05T00:58:42Z</time>
      </trkpt>
      <trkpt lat="34.059148137948306" lon="108.91055521492594">
        <ele>498.5660899989307</ele>
        <time>2022-03-05T00:58:48Z</time>
      </trkpt>
      <trkpt lat="34.05945017163594" lon="108.9100234780948">
        <ele>498.83051514811814</ele>
        <time>2022-03-05T00:58:54Z</time>
      </trkpt>
      <trkpt lat="34.05974024002709" lon="108.90948181801141">
        <ele>497.83870638068765</ele>
        <time>2022-03-05T00:59:00Z</time>
      </trkpt>
      <trkpt lat="34.06002096274924" lon="108.9089399654582">
        <ele>497.5121704284102</ele>
        <time>2022-03-05T00:59:06Z</time>
      </trkpt>
      <trkpt lat="34.060288808137095" lon="108.90839958802206">
        <ele>497.40965757425874</ele>
        <time>2022-03-05T00:59:12Z</time>
      </trkpt>
      <trkpt lat="34.06053449073656" lon="108.90785096660926">
        <ele>498.2246391288936</ele>
        <time>2022-03-05T00:59:18Z</time>
      </trkpt>
      <trkpt lat="34.06076580600027" lon="108.90729181301255">
        <ele>498.37263056915253</ele>
        <time>2022-03-05T00:59:24Z</time>
      </trkpt>
      <trkpt lat="34.060990592941906" lon="108.90671891534254">
        <ele>496.89858765434474</ele>
        <time>2022-03-05T00:59:30Z</time>
      </trkpt>
      <trkpt lat="34.06121212198725" lon="108.906125670796">
        <ele>497.0285185948014</ele>
        <time>2022-03-05T00:59:36Z</time>
      </trkpt>
      <trkpt lat="34.061412690630235" lon="108.90551685223919">
        <ele>496.6855576373637</ele>
        <time>2022-03-05T00:59:42Z</time>
      </trkpt>
      <trkpt lat="34.06160938622014" lon="108.9048853796969">
        <ele>496.7755565578118</ele>
        <time>2022-03-05T00:59:48Z</time>
      </trkpt>
      <trkpt lat="34.061783891244886" lon="108.90427368819229">
        <ele>496.15789893176407</ele>
        <time>2022-03-05T00:59:54Z</time>
      </trkpt>
      <trkpt lat="34.06193086233847" lon="108.90372626455827">
        <ele>496.3170615741983</ele>
        <time>2022-03-05T01:00:00Z</time>
      </trkpt>
      <trkpt lat="34.062039592482805" lon="108.90320489855016">
        <ele>495.9616546612233</ele>
        <time>2022-03-05T01:00:06Z</time>
      </trkpt>
      <trkpt lat="34.06215800584808" lon="108.90262184812511">
        <ele>494.6691152425483</ele>
        <time>2022-03-05T01:00:12Z</time>
      </trkpt>
      <trkpt lat="34.062272996313446" lon="108.90203065574744">
        <ele>493.74453028012067</ele>
        <time>2022-03-05T01:00:18Z</time>
      </trkpt>
      <trkpt lat="34.06237628226246" lon="108.90139818367476">
        <ele>491.55356513429433</ele>
        <time>2022-03-05T01:00:24Z</time>
      </trkpt>
      <trkpt lat="34.06246891543665" lon="108.90075648488799">
        <ele>490.46045333333313</ele>
        <time>2022-03-05T01:00:30Z</time>
      </trkpt>
      <trkpt lat="34.062543888142294" lon="108.90008998402787">
        <ele>491.23030240274966</ele>
        <time>2022-03-05T01:00:36Z</time>
      </trkpt>
      <trkpt lat="34.06260199857767" lon="108.89940497622592">
        <ele>491.27335807774216</ele>
        <time>2022-03-05T01:00:42Z</time>
      </trkpt>
      <trkpt lat="34.06264752974317" lon="108.89871571919441">
        <ele>491.3824759563431</ele>
        <time>2022-03-05T01:00:48Z</time>
      </trkpt>
      <trkpt lat="34.06264752517724" lon="108.8980112537924">
        <ele>492.2559855962172</ele>
        <time>2022-03-05T01:00:54Z</time>
      </trkpt>
      <trkpt lat="34.062668981780824" lon="108.89730825751982">
        <ele>492.63033464178443</ele>
        <time>2022-03-05T01:01:00Z</time>
      </trkpt>
      <trkpt lat="34.06266434741465" lon="108.89663376538621">
        <ele>492.0154919922352</ele>
        <time>2022-03-05T01:01:06Z</time>
      </trkpt>
      <trkpt lat="34.0626498772857" lon="108.89596518871384">
        <ele>491.2926715426147</ele>
        <time>2022-03-05T01:01:12Z</time>
      </trkpt>
      <trkpt lat="34.062603255280244" lon="108.89531188077669">
        <ele>491.3710722140968</ele>
        <time>2022-03-05T01:01:18Z</time>
      </trkpt>
      <trkpt lat="34.06254919767881" lon="108.89467396203996">
        <ele>490.8343886900693</ele>
        <time>2022-03-05T01:01:24Z</time>
      </trkpt>
      <trkpt lat="34.06248448640417" lon="108.8940391682476">
        <ele>490.73346206359565</ele>
        <time>2022-03-05T01:01:30Z</time>
      </trkpt>
      <trkpt lat="34.062409652531734" lon="108.89340420464433">
        <ele>490.3654503868893</ele>
        <time>2022-03-05T01:01:36Z</time>
      </trkpt>
      <trkpt lat="34.06231576041681" lon="108.89276197784115">
        <ele>490.37521821819246</ele>
        <time>2022-03-05T01:01:42Z</time>
      </trkpt>
      <trkpt lat="34.06221728239578" lon="108.89214031667224">
        <ele>490.76125602889806</ele>
        <time>2022-03-05T01:01:48Z</time>
      </trkpt>
      <trkpt lat="34.062147708316466" lon="108.89158283258458">
        <ele>491.42873473558575</ele>
        <time>2022-03-05T01:01:54Z</time>
      </trkpt>
      <trkpt lat="34.06206584028895" lon="108.89099212525198">
        <ele>490.43460002262145</ele>
        <time>2022-03-05T01:02:04Z</time>
      </trkpt>
      <trkpt lat="34.06196630693812" lon="108.8903867079252">
        <ele>490.2240739958361</ele>
        <time>2022-03-05T01:02:14Z</time>
      </trkpt>
      <trkpt lat="34.06187966523965" lon="108.88983278370416">
        <ele>489.2521955948323</ele>
        <time>2022-03-05T01:02:20Z</time>
      </trkpt>
      <trkpt lat="34.06180257332528" lon="108.88922225528901">
        <ele>488.0931532140821</ele>
        <time>2022-03-05T01:02:26Z</time>
      </trkpt>
      <trkpt lat="34.061713218632306" lon="108.88859138986255">
        <ele>486.6093780491501</ele>
        <time>2022-03-05T01:02:32Z</time>
      </trkpt>
      <trkpt lat="34.06161401323715" lon="108.88794543402709">
        <ele>487.34321316331625</ele>
        <time>2022-03-05T01:02:38Z</time>
      </trkpt>
      <trkpt lat="34.06151369300272" lon="108.88729072729976">
        <ele>487.43873436097056</ele>
        <time>2022-03-05T01:02:44Z</time>
      </trkpt>
      <trkpt lat="34.06142036023324" lon="108.88665292307162">
        <ele>486.7616551751271</ele>
        <time>2022-03-05T01:02:50Z</time>
      </trkpt>
      <trkpt lat="34.06133088840586" lon="108.88602053247482">
        <ele>487.2621258208528</ele>
        <time>2022-03-05T01:02:56Z</time>
      </trkpt>
      <trkpt lat="34.06124873366317" lon="108.8853685602226">
        <ele>487.098518403247</ele>
        <time>2022-03-05T01:03:02Z</time>
      </trkpt>
      <trkpt lat="34.0611820786638" lon="108.88469631080875">
        <ele>487.97684114519507</ele>
        <time>2022-03-05T01:03:08Z</time>
      </trkpt>
      <trkpt lat="34.06113796430439" lon="108.88403198093499">
        <ele>487.75463461410254</ele>
        <time>2022-03-05T01:03:14Z</time>
      </trkpt>
      <trkpt lat="34.06111318702793" lon="108.88338119091294">
        <ele>487.6319541949779</ele>
        <time>2022-03-05T01:03:20Z</time>
      </trkpt>
      <trkpt lat="34.06112304836129" lon="108.88272323566326">
        <ele>487.76576307881624</ele>
        <time>2022-03-05T01:03:26Z</time>
      </trkpt>
      <trkpt lat="34.06114556138" lon="108.88206258181623">
        <ele>487.5364098828286</ele>
        <time>2022-03-05T01:03:32Z</time>
      </trkpt>
      <trkpt lat="34.061201236289804" lon="108.88141040846037">
        <ele>487.06894025113434</ele>
        <time>2022-03-05T01:03:38Z</time>
      </trkpt>
      <trkpt lat="34.06127452233356" lon="108.88077159729839">
        <ele>487.4665733985603</ele>
        <time>2022-03-05T01:03:44Z</time>
      </trkpt>
      <trkpt lat="34.061345401515645" lon="108.88018602842797">
        <ele>487.54540463350713</ele>
        <time>2022-03-05T01:03:50Z</time>
      </trkpt>
      <trkpt lat="34.06143905420416" lon="108.87963136499259">
        <ele>487.5787629066035</ele>
        <time>2022-03-05T01:03:56Z</time>
      </trkpt>
      <trkpt lat="34.061530770155244" lon="108.87904239303072">
        <ele>487.04338051751256</ele>
        <time>2022-03-05T01:04:02Z</time>
      </trkpt>
      <trkpt lat="34.0616348267435" lon="108.87842247611712">
        <ele>485.99666825309396</ele>
        <time>2022-03-05T01:04:08Z</time>
      </trkpt>
      <trkpt lat="34.061745871710954" lon="108.87779660793626">
        <ele>485.63724878709763</ele>
        <time>2022-03-05T01:04:14Z</time>
      </trkpt>
      <trkpt lat="34.061859730950324" lon="108.87713965187717">
        <ele>485.148489844054</ele>
        <time>2022-03-05T01:04:20Z</time>
      </trkpt>
      <trkpt lat="34.061979451156596" lon="108.87647935091846">
        <ele>484.73836551513523</ele>
        <time>2022-03-05T01:04:26Z</time>
      </trkpt>
      <trkpt lat="34.06209150173316" lon="108.87579929906134">
        <ele>484.3202655585483</ele>
        <time>2022-03-05T01:04:32Z</time>
      </trkpt>
      <trkpt lat="34.062208548033006" lon="108.8751286508271">
        <ele>484.05709668435156</ele>
        <time>2022-03-05T01:04:38Z</time>
      </trkpt>
      <trkpt lat="34.06232978664689" lon="108.8744553215453">
        <ele>483.9637558059767</ele>
        <time>2022-03-05T01:04:44Z</time>
      </trkpt>
      <trkpt lat="34.06244163534444" lon="108.87379151355151">
        <ele>483.5583538431674</ele>
        <time>2022-03-05T01:04:50Z</time>
      </trkpt>
      <trkpt lat="34.0625546595673" lon="108.87313437704984">
        <ele>483.2740455046296</ele>
        <time>2022-03-05T01:04:56Z</time>
      </trkpt>
      <trkpt lat="34.062669156513394" lon="108.87246392676549">
        <ele>480.56535753328353</ele>
        <time>2022-03-05T01:05:02Z</time>
      </trkpt>
      <trkpt lat="34.062786939189046" lon="108.8717957003741">
        <ele>479.59529054164886</ele>
        <time>2022-03-05T01:05:08Z</time>
      </trkpt>
      <trkpt lat="34.06290285728932" lon="108.8711171261189">
        <ele>478.84247878100723</ele>
        <time>2022-03-05T01:05:14Z</time>
      </trkpt>
      <trkpt lat="34.06294182856495" lon="108.87088912028533">
        <ele>478.72823243867606</ele>
        <time>2022-03-05T01:05:16Z</time>
      </trkpt>
      <trkpt lat="34.063059202408304" lon="108.87021822089356">
        <ele>479.0154571477324</ele>
        <time>2022-03-05T01:05:22Z</time>
      </trkpt>
      <trkpt lat="34.06317523042013" lon="108.86954903328942">
        <ele>478.4455996006727</ele>
        <time>2022-03-05T01:05:28Z</time>
      </trkpt>
      <trkpt lat="34.063286986883334" lon="108.86887285322362">
        <ele>476.93293120898306</ele>
        <time>2022-03-05T01:05:34Z</time>
      </trkpt>
      <trkpt lat="34.063406639833794" lon="108.86818623878742">
        <ele>474.8840786656365</ele>
        <time>2022-03-05T01:05:40Z</time>
      </trkpt>
      <trkpt lat="34.06352534377215" lon="108.86749762001844">
        <ele>474.3693379564211</ele>
        <time>2022-03-05T01:05:46Z</time>
      </trkpt>
      <trkpt lat="34.0636406144804" lon="108.86681513184124">
        <ele>474.20224368106574</ele>
        <time>2022-03-05T01:05:52Z</time>
      </trkpt>
      <trkpt lat="34.06374940196567" lon="108.86620124976788">
        <ele>474.37944196071476</ele>
        <time>2022-03-05T01:05:58Z</time>
      </trkpt>
      <trkpt lat="34.06385393785251" lon="108.86561131664145">
        <ele>474.2458520103246</ele>
        <time>2022-03-05T01:06:04Z</time>
      </trkpt>
      <trkpt lat="34.06395754193892" lon="108.86497323972564">
        <ele>473.87768512405455</ele>
        <time>2022-03-05T01:06:10Z</time>
      </trkpt>
      <trkpt lat="34.063995660935156" lon="108.86475220954348">
        <ele>472.7873339140788</ele>
        <time>2022-03-05T01:06:12Z</time>
      </trkpt>
      <trkpt lat="34.06410316724673" lon="108.8640987566897">
        <ele>471.99553321301937</ele>
        <time>2022-03-05T01:06:18Z</time>
      </trkpt>
      <trkpt lat="34.064199369883006" lon="108.86343632669309">
        <ele>470.62633498571813</ele>
        <time>2022-03-05T01:06:24Z</time>
      </trkpt>
      <trkpt lat="34.06426773539689" lon="108.86276079831084">
        <ele>469.1661168038845</ele>
        <time>2022-03-05T01:06:30Z</time>
      </trkpt>
      <trkpt lat="34.06429858467711" lon="108.86206698981465">
        <ele>466.9633311117068</ele>
        <time>2022-03-05T01:06:36Z</time>
      </trkpt>
      <trkpt lat="34.064296556956165" lon="108.86136237335974">
        <ele>465.6163249639794</ele>
        <time>2022-03-05T01:06:42Z</time>
      </trkpt>
      <trkpt lat="34.06425128914272" lon="108.86066144179753">
        <ele>465.09517085086554</ele>
        <time>2022-03-05T01:06:48Z</time>
      </trkpt>
      <trkpt lat="34.06416377640517" lon="108.85997291292503">
        <ele>465.2914834097028</ele>
        <time>2022-03-05T01:06:54Z</time>
      </trkpt>
      <trkpt lat="34.06409638662279" lon="108.85951717326468">
        <ele>465.0340438419953</ele>
        <time>2022-03-05T01:06:58Z</time>
      </trkpt>
      <trkpt lat="34.06394998959279" lon="108.8588460435351">
        <ele>465.5110297417268</ele>
        <time>2022-03-05T01:07:04Z</time>
      </trkpt>
      <trkpt lat="34.0637706517387" lon="108.85816971675175">
        <ele>464.10860312730074</ele>
        <time>2022-03-05T01:07:10Z</time>
      </trkpt>
      <trkpt lat="34.06355821851845" lon="108.85750172612128">
        <ele>462.5777113614604</ele>
        <time>2022-03-05T01:07:16Z</time>
      </trkpt>
      <trkpt lat="34.06330496439614" lon="108.85685593427813">
        <ele>461.6176212467253</ele>
        <time>2022-03-05T01:07:22Z</time>
      </trkpt>
      <trkpt lat="34.0630190206446" lon="108.85622420736725">
        <ele>461.0467796064913</ele>
        <time>2022-03-05T01:07:28Z</time>
      </trkpt>
      <trkpt lat="34.06270073689246" lon="108.85562565739065">
        <ele>461.0664944127202</ele>
        <time>2022-03-05T01:07:34Z</time>
      </trkpt>
      <trkpt lat="34.06237206740105" lon="108.85501509456675">
        <ele>461.1345793446526</ele>
        <time>2022-03-05T01:07:40Z</time>
      </trkpt>
      <trkpt lat="34.06204183331419" lon="108.85441584684878">
        <ele>460.65201805718243</ele>
        <time>2022-03-05T01:07:46Z</time>
      </trkpt>
      <trkpt lat="34.061719830267144" lon="108.85382031579579">
        <ele>460.61872938554734</ele>
        <time>2022-03-05T01:07:52Z</time>
      </trkpt>
      <trkpt lat="34.06140366965228" lon="108.85324013029664">
        <ele>461.4908381951973</ele>
        <time>2022-03-05T01:07:58Z</time>
      </trkpt>
      <trkpt lat="34.06109324864705" lon="108.85266681756927">
        <ele>461.8228026488796</ele>
        <time>2022-03-05T01:08:04Z</time>
      </trkpt>
      <trkpt lat="34.060779632912066" lon="108.85211011138547">
        <ele>461.75784949958324</ele>
        <time>2022-03-05T01:08:10Z</time>
      </trkpt>
      <trkpt lat="34.060480196259014" lon="108.85154655410749">
        <ele>461.5093440776691</ele>
        <time>2022-03-05T01:08:16Z</time>
      </trkpt>
      <trkpt lat="34.060169664203116" lon="108.85097530067537">
        <ele>461.1169651309028</ele>
        <time>2022-03-05T01:08:22Z</time>
      </trkpt>
      <trkpt lat="34.05986336899445" lon="108.85042624988829">
        <ele>461.5753827765584</ele>
        <time>2022-03-05T01:08:28Z</time>
      </trkpt>
      <trkpt lat="34.05966108032199" lon="108.8500601405657">
        <ele>461.50177588220686</ele>
        <time>2022-03-05T01:08:32Z</time>
      </trkpt>
      <trkpt lat="34.05937193047641" lon="108.84952221088868">
        <ele>462.08422392606735</ele>
        <time>2022-03-05T01:08:38Z</time>
      </trkpt>
      <trkpt lat="34.05909680432928" lon="108.84901960066168">
        <ele>462.7279952764511</ele>
        <time>2022-03-05T01:08:44Z</time>
      </trkpt>
      <trkpt lat="34.058829995639016" lon="108.84854094425883">
        <ele>461.5014618067071</ele>
        <time>2022-03-05T01:08:50Z</time>
      </trkpt>
      <trkpt lat="34.05856564677062" lon="108.84807853168277">
        <ele>460.65856841765344</ele>
        <time>2022-03-05T01:08:56Z</time>
      </trkpt>
      <trkpt lat="34.058308865800186" lon="108.84759798309592">
        <ele>459.29342842195183</ele>
        <time>2022-03-05T01:09:02Z</time>
      </trkpt>
      <trkpt lat="34.058041883973345" lon="108.84710817072445">
        <ele>458.75356813985854</ele>
        <time>2022-03-05T01:09:08Z</time>
      </trkpt>
      <trkpt lat="34.057760161464905" lon="108.8465977638115">
        <ele>457.2403114596382</ele>
        <time>2022-03-05T01:09:14Z</time>
      </trkpt>
      <trkpt lat="34.05747017474169" lon="108.84606575622261">
        <ele>456.674400260672</ele>
        <time>2022-03-05T01:09:20Z</time>
      </trkpt>
      <trkpt lat="34.05717548760296" lon="108.84553305257432">
        <ele>456.3544435435906</ele>
        <time>2022-03-05T01:09:26Z</time>
      </trkpt>
      <trkpt lat="34.05688085872451" lon="108.84499306387102">
        <ele>455.7326975353062</ele>
        <time>2022-03-05T01:09:32Z</time>
      </trkpt>
      <trkpt lat="34.05657933670347" lon="108.84445885567419">
        <ele>456.8690713895485</ele>
        <time>2022-03-05T01:09:38Z</time>
      </trkpt>
      <trkpt lat="34.05628709577311" lon="108.84391642139313">
        <ele>456.78236265014857</ele>
        <time>2022-03-05T01:09:44Z</time>
      </trkpt>
      <trkpt lat="34.05598310398281" lon="108.84337439884798">
        <ele>457.2140396060422</ele>
        <time>2022-03-05T01:09:50Z</time>
      </trkpt>
      <trkpt lat="34.05568218928523" lon="108.84283115730894">
        <ele>457.0479028336704</ele>
        <time>2022-03-05T01:09:56Z</time>
      </trkpt>
      <trkpt lat="34.055381800365176" lon="108.8422900038307">
        <ele>457.451661975123</ele>
        <time>2022-03-05T01:10:02Z</time>
      </trkpt>
      <trkpt lat="34.05509375571564" lon="108.84175177026533">
        <ele>457.0264458414167</ele>
        <time>2022-03-05T01:10:08Z</time>
      </trkpt>
      <trkpt lat="34.05480475859876" lon="108.84119204200641">
        <ele>455.4837137302384</ele>
        <time>2022-03-05T01:10:14Z</time>
      </trkpt>
      <trkpt lat="34.05453624676972" lon="108.84062355173616">
        <ele>454.4715299401432</ele>
        <time>2022-03-05T01:10:20Z</time>
      </trkpt>
      <trkpt lat="34.0543034853023" lon="108.84008194804063">
        <ele>454.1973771220073</ele>
        <time>2022-03-05T01:10:26Z</time>
      </trkpt>
      <trkpt lat="34.05408372231457" lon="108.8395522474059">
        <ele>453.4934792239219</ele>
        <time>2022-03-05T01:10:32Z</time>
      </trkpt>
      <trkpt lat="34.053883019472394" lon="108.83899709456163">
        <ele>452.7988933008164</ele>
        <time>2022-03-05T01:10:38Z</time>
      </trkpt>
      <trkpt lat="34.05370901146649" lon="108.83846612111867">
        <ele>452.9167544422671</ele>
        <time>2022-03-05T01:10:44Z</time>
      </trkpt>
      <trkpt lat="34.053556636117506" lon="108.83794353888192">
        <ele>452.93092525564134</ele>
        <time>2022-03-05T01:10:50Z</time>
      </trkpt>
      <trkpt lat="34.05342002563836" lon="108.83743005333706">
        <ele>452.6477942960337</ele>
        <time>2022-03-05T01:10:56Z</time>
      </trkpt>
      <trkpt lat="34.05326798606823" lon="108.83675596899472">
        <ele>452.1835515042767</ele>
        <time>2022-03-05T01:11:04Z</time>
      </trkpt>
      <trkpt lat="34.05316453993225" lon="108.83624328897704">
        <ele>452.7954823160544</ele>
        <time>2022-03-05T01:11:10Z</time>
      </trkpt>
      <trkpt lat="34.053057593683256" lon="108.83558176851791">
        <ele>452.23309115320444</ele>
        <time>2022-03-05T01:11:18Z</time>
      </trkpt>
      <trkpt lat="34.0529757131175" lon="108.83492222037883">
        <ele>452.01406614109874</ele>
        <time>2022-03-05T01:11:26Z</time>
      </trkpt>
      <trkpt lat="34.052941988977885" lon="108.83458943581763">
        <ele>452.0075630461797</ele>
        <time>2022-03-05T01:11:30Z</time>
      </trkpt>
      <trkpt lat="34.052938810216396" lon="108.83406517171375">
        <ele>451.8619582913816</ele>
        <time>2022-03-05T01:11:36Z</time>
      </trkpt>
      <trkpt lat="34.052899091757766" lon="108.83339477230506">
        <ele>452.5727352462709</ele>
        <time>2022-03-05T01:11:44Z</time>
      </trkpt>
      <trkpt lat="34.052880710696414" lon="108.83275580756273">
        <ele>451.9451551306993</ele>
        <time>2022-03-05T01:11:52Z</time>
      </trkpt>
      <trkpt lat="34.052872601269726" lon="108.83215391639582">
        <ele>450.95007159374654</ele>
        <time>2022-03-05T01:12:00Z</time>
      </trkpt>
      <trkpt lat="34.052867044810085" lon="108.83154337209622">
        <ele>450.92180569749326</ele>
        <time>2022-03-05T01:12:08Z</time>
      </trkpt>
      <trkpt lat="34.05287257995247" lon="108.83090607681926">
        <ele>448.6393128540367</ele>
        <time>2022-03-05T01:12:16Z</time>
      </trkpt>
      <trkpt lat="34.05287541134536" lon="108.8302901110448">
        <ele>448.2338243946433</ele>
        <time>2022-03-05T01:12:24Z</time>
      </trkpt>
      <trkpt lat="34.052878339659735" lon="108.82968757938737">
        <ele>448.492612792179</ele>
        <time>2022-03-05T01:12:32Z</time>
      </trkpt>
      <trkpt lat="34.05287850753242" lon="108.8290908729994">
        <ele>448.4807621007785</ele>
        <time>2022-03-05T01:12:40Z</time>
      </trkpt>
      <trkpt lat="34.052874687130334" lon="108.82847204278563">
        <ele>448.20192412659526</ele>
        <time>2022-03-05T01:12:48Z</time>
      </trkpt>
      <trkpt lat="34.052874936105816" lon="108.82786269905819">
        <ele>448.1646071113646</ele>
        <time>2022-03-05T01:12:56Z</time>
      </trkpt>
      <trkpt lat="34.05284452358339" lon="108.82755937244909">
        <ele>447.77011202368885</ele>
        <time>2022-03-05T01:13:00Z</time>
      </trkpt>
      <trkpt lat="34.052859400892736" lon="108.82691842478373">
        <ele>447.69772501662374</ele>
        <time>2022-03-05T01:13:08Z</time>
      </trkpt>
      <trkpt lat="34.052875805579525" lon="108.82624561765265">
        <ele>446.83426442183554</ele>
        <time>2022-03-05T01:13:16Z</time>
      </trkpt>
      <trkpt lat="34.05287796230785" lon="108.82557316271713">
        <ele>444.7705622166395</ele>
        <time>2022-03-05T01:13:24Z</time>
      </trkpt>
      <trkpt lat="34.052887357619596" lon="108.82488366106168">
        <ele>444.1967324865982</ele>
        <time>2022-03-05T01:13:32Z</time>
      </trkpt>
      <trkpt lat="34.05288993686893" lon="108.82434144797216">
        <ele>443.1410642787814</ele>
        <time>2022-03-05T01:13:38Z</time>
      </trkpt>
      <trkpt lat="34.0528807468552" lon="108.82380431578063">
        <ele>442.65895655564964</ele>
        <time>2022-03-05T01:13:44Z</time>
      </trkpt>
      <trkpt lat="34.05288527175486" lon="108.82325633466357">
        <ele>441.733256617561</ele>
        <time>2022-03-05T01:13:50Z</time>
      </trkpt>
      <trkpt lat="34.05289208877596" lon="108.82270693117663">
        <ele>439.75040024053305</ele>
        <time>2022-03-05T01:13:56Z</time>
      </trkpt>
      <trkpt lat="34.05288750144706" lon="108.82215958177632">
        <ele>439.0828040270135</ele>
        <time>2022-03-05T01:14:02Z</time>
      </trkpt>
      <trkpt lat="34.05288483152938" lon="108.82162018333514">
        <ele>438.9466483471915</ele>
        <time>2022-03-05T01:14:08Z</time>
      </trkpt>
      <trkpt lat="34.052886384733874" lon="108.82092706829867">
        <ele>438.11949699465185</ele>
        <time>2022-03-05T01:14:16Z</time>
      </trkpt>
      <trkpt lat="34.052889130356064" lon="108.82026751889971">
        <ele>436.19721596315503</ele>
        <time>2022-03-05T01:14:24Z</time>
      </trkpt>
      <trkpt lat="34.05287867384597" lon="108.81961699190742">
        <ele>436.495374458842</ele>
        <time>2022-03-05T01:14:32Z</time>
      </trkpt>
      <trkpt lat="34.05289529170335" lon="108.81895336531386">
        <ele>434.7708106515929</ele>
        <time>2022-03-05T01:14:40Z</time>
      </trkpt>
      <trkpt lat="34.05287918201501" lon="108.81832690880441">
        <ele>434.8755150632933</ele>
        <time>2022-03-05T01:14:48Z</time>
      </trkpt>
      <trkpt lat="34.052903032762266" lon="108.81816976455141">
        <ele>434.17937323171645</ele>
        <time>2022-03-05T01:14:50Z</time>
      </trkpt>
      <trkpt lat="34.05294768548851" lon="108.81801466748328">
        <ele>433.72829162701964</ele>
        <time>2022-03-05T01:14:52Z</time>
      </trkpt>
      <trkpt lat="34.053197202499135" lon="108.81752119637572">
        <ele>432.6078487513587</ele>
        <time>2022-03-05T01:15:00Z</time>
      </trkpt>
      <trkpt lat="34.05324066103846" lon="108.81737592397207">
        <ele>433.08622431382537</ele>
        <time>2022-03-05T01:15:02Z</time>
      </trkpt>
      <trkpt lat="34.0532349268931" lon="108.81705924551925">
        <ele>432.2238331278786</ele>
        <time>2022-03-05T01:15:06Z</time>
      </trkpt>
      <trkpt lat="34.05319156542455" lon="108.81690199266612">
        <ele>431.56849426869303</ele>
        <time>2022-03-05T01:15:08Z</time>
      </trkpt>
      <trkpt lat="34.05310633975975" lon="108.81674891592158">
        <ele>431.6989347524941</ele>
        <time>2022-03-05T01:15:10Z</time>
      </trkpt>
      <trkpt lat="34.05285058766157" lon="108.81651855672452">
        <ele>431.50863749254495</ele>
        <time>2022-03-05T01:15:14Z</time>
      </trkpt>
      <trkpt lat="34.05269565423411" lon="108.8164421883999">
        <ele>432.3127937903628</ele>
        <time>2022-03-05T01:15:16Z</time>
      </trkpt>
      <trkpt lat="34.05253368639308" lon="108.81640809756259">
        <ele>431.88622308243066</ele>
        <time>2022-03-05T01:15:18Z</time>
      </trkpt>
      <trkpt lat="34.05236868148977" lon="108.81642245454965">
        <ele>431.80405756738037</ele>
        <time>2022-03-05T01:15:20Z</time>
      </trkpt>
      <trkpt lat="34.05220958944654" lon="108.81646107233546">
        <ele>431.89236609917134</ele>
        <time>2022-03-05T01:15:22Z</time>
      </trkpt>
      <trkpt lat="34.052066255800966" lon="108.8165213313087">
        <ele>432.3279199525714</ele>
        <time>2022-03-05T01:15:24Z</time>
      </trkpt>
      <trkpt lat="34.051932465974744" lon="108.81653850763027">
        <ele>432.3712833477184</ele>
        <time>2022-03-05T01:15:26Z</time>
      </trkpt>
      <trkpt lat="34.05169666820665" lon="108.81648300213052">
        <ele>432.32094927784055</ele>
        <time>2022-03-05T01:15:30Z</time>
      </trkpt>
      <trkpt lat="34.05151867088969" lon="108.81639569147553">
        <ele>432.3163419365883</ele>
        <time>2022-03-05T01:15:34Z</time>
      </trkpt>
      <trkpt lat="34.05138610920763" lon="108.81620944054976">
        <ele>432.95556198619306</ele>
        <time>2022-03-05T01:15:50Z</time>
      </trkpt>
      <trkpt lat="34.051407527580906" lon="108.81594192224678">
        <ele>436.1015731198713</ele>
        <time>2022-03-05T01:27:05Z</time>
      </trkpt>
      <trkpt lat="34.05139727880378" lon="108.81583159434709">
        <ele>434.9132048720494</ele>
        <time>2022-03-05T01:27:11Z</time>
      </trkpt>
      <trkpt lat="34.05140619435659" lon="108.81567021017175">
        <ele>433.79123396612704</ele>
        <time>2022-03-05T01:27:33Z</time>
      </trkpt>
      <trkpt lat="34.051377148544184" lon="108.81560909756358">
        <ele>433.8573032403365</ele>
        <time>2022-03-05T01:27:40Z</time>
      </trkpt>
      <trkpt lat="34.051379573699876" lon="108.81555733417768">
        <ele>433.8901187181473</ele>
        <time>2022-03-05T01:27:50Z</time>
      </trkpt>
      <trkpt lat="34.051419307002995" lon="108.81564344018817">
        <ele>433.8628879832104</ele>
        <time>2022-03-05T01:29:23Z</time>
      </trkpt>
      <trkpt lat="34.05148080239297" lon="108.81593491136752">
        <ele>435.1041785106063</ele>
        <time>2022-03-05T01:29:43Z</time>
      </trkpt>
      <trkpt lat="34.05143284735005" lon="108.81613095892868">
        <ele>436.3592499215156</ele>
        <time>2022-03-05T01:29:59Z</time>
      </trkpt>
      <trkpt lat="34.05142044364885" lon="108.8161320473147">
        <ele>436.3268988756463</ele>
        <time>2022-03-05T01:30:05Z</time>
      </trkpt>
      <trkpt lat="34.051223803266936" lon="108.81626296708657">
        <ele>436.3295247871429</ele>
        <time>2022-03-05T02:52:44Z</time>
      </trkpt>
      <trkpt lat="34.05071904843118" lon="108.8159324407612">
        <ele>436.38798233959824</ele>
        <time>2022-03-05T02:52:52Z</time>
      </trkpt>
      <trkpt lat="34.050246864631" lon="108.81559645996434">
        <ele>435.55391561612487</ele>
        <time>2022-03-05T02:52:58Z</time>
      </trkpt>
      <trkpt lat="34.0497217773384" lon="108.81525642059631">
        <ele>437.07084569707513</ele>
        <time>2022-03-05T02:53:04Z</time>
      </trkpt>
      <trkpt lat="34.04920963181376" lon="108.81489570436678">
        <ele>436.99055962637067</ele>
        <time>2022-03-05T02:53:10Z</time>
      </trkpt>
      <trkpt lat="34.04869476575814" lon="108.81454025518597">
        <ele>437.5302713699639</ele>
        <time>2022-03-05T02:53:16Z</time>
      </trkpt>
      <trkpt lat="34.048198725814046" lon="108.81417858324286">
        <ele>438.2954526459798</ele>
        <time>2022-03-05T02:53:22Z</time>
      </trkpt>
      <trkpt lat="34.0477144754178" lon="108.81385103085792">
        <ele>441.37615288142115</ele>
        <time>2022-03-05T02:53:28Z</time>
      </trkpt>
      <trkpt lat="34.04725160475879" lon="108.81352980160187">
        <ele>442.0200962787494</ele>
        <time>2022-03-05T02:53:34Z</time>
      </trkpt>
      <trkpt lat="34.046808567029366" lon="108.81322220367292">
        <ele>442.69860698562115</ele>
        <time>2022-03-05T02:53:40Z</time>
      </trkpt>
      <trkpt lat="34.046377350879034" lon="108.81292486107075">
        <ele>443.430258220993</ele>
        <time>2022-03-05T02:53:46Z</time>
      </trkpt>
      <trkpt lat="34.04594659129633" lon="108.81262485930411">
        <ele>444.5757658984512</ele>
        <time>2022-03-05T02:53:52Z</time>
      </trkpt>
      <trkpt lat="34.04552250872532" lon="108.81233032478842">
        <ele>445.4145883442834</ele>
        <time>2022-03-05T02:53:58Z</time>
      </trkpt>
      <trkpt lat="34.045114285882136" lon="108.81204512089191">
        <ele>446.7268645297736</ele>
        <time>2022-03-05T02:54:04Z</time>
      </trkpt>
      <trkpt lat="34.044717646449506" lon="108.81176140491212">
        <ele>448.7933740839362</ele>
        <time>2022-03-05T02:54:10Z</time>
      </trkpt>
      <trkpt lat="34.044318591686604" lon="108.81149699641755">
        <ele>449.63859271164984</ele>
        <time>2022-03-05T02:54:16Z</time>
      </trkpt>
      <trkpt lat="34.04393185635725" lon="108.8112292877495">
        <ele>451.33022637385875</ele>
        <time>2022-03-05T02:54:22Z</time>
      </trkpt>
      <trkpt lat="34.04343689980441" lon="108.81088171556868">
        <ele>451.8300203261897</ele>
        <time>2022-03-05T02:54:30Z</time>
      </trkpt>
      <trkpt lat="34.04294462220962" lon="108.81054897682367">
        <ele>454.23133668489754</ele>
        <time>2022-03-05T02:54:38Z</time>
      </trkpt>
      <trkpt lat="34.04256367098249" lon="108.81033808234754">
        <ele>454.6053403597325</ele>
        <time>2022-03-05T02:54:44Z</time>
      </trkpt>
      <trkpt lat="34.042289153771456" lon="108.81021281519166">
        <ele>455.1675398731604</ele>
        <time>2022-03-05T02:54:48Z</time>
      </trkpt>
      <trkpt lat="34.041858244610765" lon="108.81009551288">
        <ele>456.18584941048175</ele>
        <time>2022-03-05T02:54:54Z</time>
      </trkpt>
      <trkpt lat="34.041417501929566" lon="108.81002613381285">
        <ele>457.4507826352492</ele>
        <time>2022-03-05T02:55:00Z</time>
      </trkpt>
      <trkpt lat="34.04095452641991" lon="108.80997760871753">
        <ele>458.29719073791057</ele>
        <time>2022-03-05T02:55:06Z</time>
      </trkpt>
      <trkpt lat="34.04064784462724" lon="108.80992956559008">
        <ele>458.8437174372375</ele>
        <time>2022-03-05T02:55:10Z</time>
      </trkpt>
      <trkpt lat="34.04018807154975" lon="108.80989247773904">
        <ele>461.90595544781536</ele>
        <time>2022-03-05T02:55:16Z</time>
      </trkpt>
      <trkpt lat="34.0397344385583" lon="108.80982230149222">
        <ele>465.1271823514253</ele>
        <time>2022-03-05T02:55:22Z</time>
      </trkpt>
      <trkpt lat="34.03927728704507" lon="108.80975753688597">
        <ele>466.5103757446632</ele>
        <time>2022-03-05T02:55:28Z</time>
      </trkpt>
      <trkpt lat="34.03882036488761" lon="108.80970754356521">
        <ele>467.52504649944603</ele>
        <time>2022-03-05T02:55:34Z</time>
      </trkpt>
      <trkpt lat="34.03837595273361" lon="108.80967456319658">
        <ele>467.52320186886936</ele>
        <time>2022-03-05T02:55:40Z</time>
      </trkpt>
      <trkpt lat="34.03794577161179" lon="108.80973890949183">
        <ele>469.2630525873974</ele>
        <time>2022-03-05T02:55:46Z</time>
      </trkpt>
      <trkpt lat="34.037520656972454" lon="108.80984067633138">
        <ele>471.534203492105</ele>
        <time>2022-03-05T02:55:52Z</time>
      </trkpt>
      <trkpt lat="34.037093702968484" lon="108.80995232771984">
        <ele>471.96837558876723</ele>
        <time>2022-03-05T02:55:58Z</time>
      </trkpt>
      <trkpt lat="34.036674838421895" lon="108.81002616361705">
        <ele>472.53728170134127</ele>
        <time>2022-03-05T02:56:04Z</time>
      </trkpt>
      <trkpt lat="34.03640249420203" lon="108.8100190509289">
        <ele>474.17231642920524</ele>
        <time>2022-03-05T02:56:08Z</time>
      </trkpt>
      <trkpt lat="34.036279530973594" lon="108.80998454683207">
        <ele>476.4731062846258</ele>
        <time>2022-03-05T02:56:10Z</time>
      </trkpt>
      <trkpt lat="34.03616279867742" lon="108.80991734452694">
        <ele>477.8329957202077</ele>
        <time>2022-03-05T02:56:12Z</time>
      </trkpt>
      <trkpt lat="34.03588688346123" lon="108.80964203757968">
        <ele>478.9487962592393</ele>
        <time>2022-03-05T02:56:18Z</time>
      </trkpt>
      <trkpt lat="34.035589599512555" lon="108.80927666459989">
        <ele>480.2086958941072</ele>
        <time>2022-03-05T02:56:26Z</time>
      </trkpt>
      <trkpt lat="34.03542249865782" lon="108.80914856593056">
        <ele>482.02406710665673</ele>
        <time>2022-03-05T02:56:30Z</time>
      </trkpt>
      <trkpt lat="34.03532529810564" lon="108.80909492090866">
        <ele>481.5020350543782</ele>
        <time>2022-03-05T02:56:32Z</time>
      </trkpt>
      <trkpt lat="34.035225187054664" lon="108.80907855388311">
        <ele>481.39578056987375</ele>
        <time>2022-03-05T02:56:34Z</time>
      </trkpt>
      <trkpt lat="34.034989719975904" lon="108.80907578334583">
        <ele>481.2198207778856</ele>
        <time>2022-03-05T02:56:38Z</time>
      </trkpt>
      <trkpt lat="34.03489520439243" lon="108.8091088631847">
        <ele>481.7857929756865</ele>
        <time>2022-03-05T02:56:40Z</time>
      </trkpt>
      <trkpt lat="34.03478657458164" lon="108.8090905453771">
        <ele>482.0462392512709</ele>
        <time>2022-03-05T02:56:42Z</time>
      </trkpt>
      <trkpt lat="34.03450499063989" lon="108.80916070126214">
        <ele>484.23004271183163</ele>
        <time>2022-03-05T02:56:48Z</time>
      </trkpt>
      <trkpt lat="34.0340937252697" lon="108.80929624335666">
        <ele>486.4249933818355</ele>
        <time>2022-03-05T02:56:56Z</time>
      </trkpt>
      <trkpt lat="34.0340111024599" lon="108.80935040327694">
        <ele>486.3194404412061</ele>
        <time>2022-03-05T02:56:58Z</time>
      </trkpt>
      <trkpt lat="34.03372533740378" lon="108.80942920361936">
        <ele>487.88474683463573</ele>
        <time>2022-03-05T02:57:04Z</time>
      </trkpt>
      <trkpt lat="34.03350981234768" lon="108.80956717482574">
        <ele>489.32893547974527</ele>
        <time>2022-03-05T02:57:08Z</time>
      </trkpt>
      <trkpt lat="34.033374659743494" lon="108.80960148599583">
        <ele>490.625839070417</ele>
        <time>2022-03-05T02:57:10Z</time>
      </trkpt>
      <trkpt lat="34.03322993008861" lon="108.80961001953348">
        <ele>492.0103345103562</ele>
        <time>2022-03-05T02:57:12Z</time>
      </trkpt>
      <trkpt lat="34.03292639469421" lon="108.80959935619528">
        <ele>493.40134401991963</ele>
        <time>2022-03-05T02:57:16Z</time>
      </trkpt>
      <trkpt lat="34.03276757059739" lon="108.80961898292611">
        <ele>493.50307128112763</ele>
        <time>2022-03-05T02:57:18Z</time>
      </trkpt>
      <trkpt lat="34.032274743817744" lon="108.80977663282292">
        <ele>493.1914361445233</ele>
        <time>2022-03-05T02:57:24Z</time>
      </trkpt>
      <trkpt lat="34.03175240921067" lon="108.80986278790432">
        <ele>494.42351428512484</ele>
        <time>2022-03-05T02:57:30Z</time>
      </trkpt>
      <trkpt lat="34.031251721055924" lon="108.80985070198305">
        <ele>499.01783254928887</ele>
        <time>2022-03-05T02:57:36Z</time>
      </trkpt>
      <trkpt lat="34.03074183802443" lon="108.80981893590277">
        <ele>501.2383105698973</ele>
        <time>2022-03-05T02:57:42Z</time>
      </trkpt>
      <trkpt lat="34.030430064137924" lon="108.80978044254769">
        <ele>501.4261577297002</ele>
        <time>2022-03-05T02:57:46Z</time>
      </trkpt>
      <trkpt lat="34.030120758875995" lon="108.80969008311499">
        <ele>502.50972592737526</ele>
        <time>2022-03-05T02:57:50Z</time>
      </trkpt>
      <trkpt lat="34.02969941264775" lon="108.80949280927331">
        <ele>506.24079419113696</ele>
        <time>2022-03-05T02:57:56Z</time>
      </trkpt>
      <trkpt lat="34.029576692909494" lon="108.80942743940142">
        <ele>506.5929970666766</ele>
        <time>2022-03-05T02:57:58Z</time>
      </trkpt>
      <trkpt lat="34.02944831899704" lon="108.80938715348192">
        <ele>506.6897251084447</ele>
        <time>2022-03-05T02:58:00Z</time>
      </trkpt>
      <trkpt lat="34.029189535189914" lon="108.80937585968458">
        <ele>506.99108299054205</ele>
        <time>2022-03-05T02:58:04Z</time>
      </trkpt>
      <trkpt lat="34.02894316168715" lon="108.80942005490591">
        <ele>508.48281184677035</ele>
        <time>2022-03-05T02:58:08Z</time>
      </trkpt>
      <trkpt lat="34.028415526063604" lon="108.80967646285175">
        <ele>509.21940060704947</ele>
        <time>2022-03-05T02:58:16Z</time>
      </trkpt>
      <trkpt lat="34.028311196026614" lon="108.80977373943709">
        <ele>508.77277414128184</ele>
        <time>2022-03-05T02:58:18Z</time>
      </trkpt>
      <trkpt lat="34.02802378764379" lon="108.81016476172623">
        <ele>506.2090659942478</ele>
        <time>2022-03-05T02:58:24Z</time>
      </trkpt>
      <trkpt lat="34.02793974679591" lon="108.8103152454076">
        <ele>506.1140485322103</ele>
        <time>2022-03-05T02:58:26Z</time>
      </trkpt>
      <trkpt lat="34.02788061655016" lon="108.81048757354631">
        <ele>506.3052628627047</ele>
        <time>2022-03-05T02:58:28Z</time>
      </trkpt>
      <trkpt lat="34.02786667166918" lon="108.81107983353435">
        <ele>508.0349138593301</ele>
        <time>2022-03-05T02:58:34Z</time>
      </trkpt>
      <trkpt lat="34.02784993610101" lon="108.81127143191158">
        <ele>508.52210877276957</ele>
        <time>2022-03-05T02:58:36Z</time>
      </trkpt>
      <trkpt lat="34.02776506791739" lon="108.81144567178855">
        <ele>515.5798012502491</ele>
        <time>2022-03-05T02:58:38Z</time>
      </trkpt>
      <trkpt lat="34.02767275152285" lon="108.81158650986552">
        <ele>520.743105461821</ele>
        <time>2022-03-05T02:58:40Z</time>
      </trkpt>
      <trkpt lat="34.02742568273043" lon="108.81180231639539">
        <ele>525.9939623102546</ele>
        <time>2022-03-05T02:58:44Z</time>
      </trkpt>
      <trkpt lat="34.02705629120268" lon="108.8120222988456">
        <ele>528.7590174516663</ele>
        <time>2022-03-05T02:58:50Z</time>
      </trkpt>
      <trkpt lat="34.02692163116557" lon="108.8120408126415">
        <ele>531.8355518905446</ele>
        <time>2022-03-05T02:58:52Z</time>
      </trkpt>
      <trkpt lat="34.02679200343473" lon="108.81200798327885">
        <ele>530.2062816955149</ele>
        <time>2022-03-05T02:58:54Z</time>
      </trkpt>
      <trkpt lat="34.026556447987225" lon="108.81185322243488">
        <ele>529.0854691518471</ele>
        <time>2022-03-05T02:58:58Z</time>
      </trkpt>
      <trkpt lat="34.02623711482988" lon="108.81147704039113">
        <ele>533.4136391961947</ele>
        <time>2022-03-05T02:59:06Z</time>
      </trkpt>
      <trkpt lat="34.02603454151755" lon="108.81139503657722">
        <ele>534.0548226507381</ele>
        <time>2022-03-05T02:59:10Z</time>
      </trkpt>
      <trkpt lat="34.02592208058012" lon="108.81143030932527">
        <ele>533.5676930015907</ele>
        <time>2022-03-05T02:59:12Z</time>
      </trkpt>
      <trkpt lat="34.0258175721283" lon="108.81150226600592">
        <ele>532.7200647862628</ele>
        <time>2022-03-05T02:59:14Z</time>
      </trkpt>
      <trkpt lat="34.02574772052762" lon="108.8116153487697">
        <ele>531.1381094185635</ele>
        <time>2022-03-05T02:59:16Z</time>
      </trkpt>
      <trkpt lat="34.025706172279236" lon="108.81173452873941">
        <ele>529.572774766013</ele>
        <time>2022-03-05T02:59:18Z</time>
      </trkpt>
      <trkpt lat="34.025604063769634" lon="108.8123077634908">
        <ele>524.556114314124</ele>
        <time>2022-03-05T02:59:26Z</time>
      </trkpt>
      <trkpt lat="34.02555585483495" lon="108.81258078570283">
        <ele>525.4435236211866</ele>
        <time>2022-03-05T02:59:30Z</time>
      </trkpt>
      <trkpt lat="34.02552661805997" lon="108.8128666120198">
        <ele>527.8168651489541</ele>
        <time>2022-03-05T02:59:34Z</time>
      </trkpt>
      <trkpt lat="34.02544101523969" lon="108.81338427850056">
        <ele>532.9332365244627</ele>
        <time>2022-03-05T02:59:42Z</time>
      </trkpt>
      <trkpt lat="34.02542458435452" lon="108.81364392752049">
        <ele>534.735970328562</ele>
        <time>2022-03-05T02:59:46Z</time>
      </trkpt>
      <trkpt lat="34.02536000364604" lon="108.81392068696128">
        <ele>536.1869252091274</ele>
        <time>2022-03-05T02:59:50Z</time>
      </trkpt>
      <trkpt lat="34.025195736103484" lon="108.81445822203779">
        <ele>547.3078292021528</ele>
        <time>2022-03-05T02:59:58Z</time>
      </trkpt>
      <trkpt lat="34.025172882827796" lon="108.81458725556273">
        <ele>547.8969848984852</ele>
        <time>2022-03-05T03:00:00Z</time>
      </trkpt>
      <trkpt lat="34.02518549975517" lon="108.81495105767242">
        <ele>547.4778593089432</ele>
        <time>2022-03-05T03:00:06Z</time>
      </trkpt>
      <trkpt lat="34.025166546452745" lon="108.81507800188858">
        <ele>547.6592349614948</ele>
        <time>2022-03-05T03:00:08Z</time>
      </trkpt>
      <trkpt lat="34.02507685264073" lon="108.81529318292193">
        <ele>549.6616644943133</ele>
        <time>2022-03-05T03:00:12Z</time>
      </trkpt>
      <trkpt lat="34.025026658864675" lon="108.81537714334894">
        <ele>550.5279736267403</ele>
        <time>2022-03-05T03:00:14Z</time>
      </trkpt>
      <trkpt lat="34.02491360523058" lon="108.81549463035574">
        <ele>550.6346048442647</ele>
        <time>2022-03-05T03:00:18Z</time>
      </trkpt>
      <trkpt lat="34.0246582806265" lon="108.81588992548869">
        <ele>549.9459869572893</ele>
        <time>2022-03-05T03:00:28Z</time>
      </trkpt>
      <trkpt lat="34.024552922191816" lon="108.81624658344604">
        <ele>550.9430657867342</ele>
        <time>2022-03-05T03:00:36Z</time>
      </trkpt>
      <trkpt lat="34.02454598031526" lon="108.81665753104517">
        <ele>558.0321696149185</ele>
        <time>2022-03-05T03:00:44Z</time>
      </trkpt>
      <trkpt lat="34.024498240317726" lon="108.81683736407095">
        <ele>561.958842924796</ele>
        <time>2022-03-05T03:00:48Z</time>
      </trkpt>
      <trkpt lat="34.02421073652968" lon="108.8173102846708">
        <ele>563.3877919632941</ele>
        <time>2022-03-05T03:01:00Z</time>
      </trkpt>
      <trkpt lat="34.02409576068564" lon="108.81752385931556">
        <ele>561.005128310062</ele>
        <time>2022-03-05T03:01:04Z</time>
      </trkpt>
      <trkpt lat="34.02404546529219" lon="108.81764930435008">
        <ele>559.785405321978</ele>
        <time>2022-03-05T03:01:06Z</time>
      </trkpt>
      <trkpt lat="34.02399477734112" lon="108.81794021694004">
        <ele>557.7506486745551</ele>
        <time>2022-03-05T03:01:10Z</time>
      </trkpt>
      <trkpt lat="34.02396989718084" lon="108.81823574006737">
        <ele>557.9777127737179</ele>
        <time>2022-03-05T03:01:14Z</time>
      </trkpt>
      <trkpt lat="34.023905354041524" lon="108.81850016726999">
        <ele>560.5234133237973</ele>
        <time>2022-03-05T03:01:18Z</time>
      </trkpt>
      <trkpt lat="34.023872140919636" lon="108.81888761667238">
        <ele>565.0839453106746</ele>
        <time>2022-03-05T03:01:24Z</time>
      </trkpt>
      <trkpt lat="34.02382464323775" lon="108.81901538945468">
        <ele>564.9544941214845</ele>
        <time>2022-03-05T03:01:26Z</time>
      </trkpt>
      <trkpt lat="34.02374713465206" lon="108.81909124942428">
        <ele>565.2721166117117</ele>
        <time>2022-03-05T03:01:28Z</time>
      </trkpt>
      <trkpt lat="34.02354961372489" lon="108.81919156853323">
        <ele>566.7367913611233</ele>
        <time>2022-03-05T03:01:32Z</time>
      </trkpt>
      <trkpt lat="34.02333803221131" lon="108.81941399559813">
        <ele>565.118817309849</ele>
        <time>2022-03-05T03:01:38Z</time>
      </trkpt>
      <trkpt lat="34.0231065075583" lon="108.81961072357187">
        <ele>566.9398645423353</ele>
        <time>2022-03-05T03:01:44Z</time>
      </trkpt>
      <trkpt lat="34.02296381986644" lon="108.81969550873615">
        <ele>569.3324488848448</ele>
        <time>2022-03-05T03:01:48Z</time>
      </trkpt>
      <trkpt lat="34.022855007842" lon="108.81972565496685">
        <ele>571.46532949619</ele>
        <time>2022-03-05T03:01:52Z</time>
      </trkpt>
      <trkpt lat="34.02253146714155" lon="108.81968143348656">
        <ele>575.5637975307181</ele>
        <time>2022-03-05T03:02:02Z</time>
      </trkpt>
      <trkpt lat="34.022423253443506" lon="108.81958195259512">
        <ele>577.9452088624239</ele>
        <time>2022-03-05T03:02:06Z</time>
      </trkpt>
      <trkpt lat="34.02237279371817" lon="108.81943191820764">
        <ele>577.3877963554114</ele>
        <time>2022-03-05T03:02:10Z</time>
      </trkpt>
      <trkpt lat="34.02230027018482" lon="108.81929206817345">
        <ele>575.4377027153969</ele>
        <time>2022-03-05T03:02:14Z</time>
      </trkpt>
      <trkpt lat="34.02223231215213" lon="108.81924896031575">
        <ele>574.8573889741674</ele>
        <time>2022-03-05T03:02:16Z</time>
      </trkpt>
      <trkpt lat="34.02214789968237" lon="108.81922159947142">
        <ele>575.6786288032308</ele>
        <time>2022-03-05T03:02:18Z</time>
      </trkpt>
      <trkpt lat="34.0219640378803" lon="108.81909937399293">
        <ele>577.54622316733</ele>
        <time>2022-03-05T03:02:22Z</time>
      </trkpt>
      <trkpt lat="34.02188898241804" lon="108.81900819880993">
        <ele>579.2700910195708</ele>
        <time>2022-03-05T03:02:24Z</time>
      </trkpt>
      <trkpt lat="34.02177515101898" lon="108.8187994401085">
        <ele>580.7271423740312</ele>
        <time>2022-03-05T03:02:28Z</time>
      </trkpt>
      <trkpt lat="34.02147249947071" lon="108.81841418603871">
        <ele>583.5124643677846</ele>
        <time>2022-03-05T03:02:38Z</time>
      </trkpt>
      <trkpt lat="34.021233979245935" lon="108.81821016346306">
        <ele>584.3581373514608</ele>
        <time>2022-03-05T03:02:46Z</time>
      </trkpt>
      <trkpt lat="34.02090275812564" lon="108.81799501603041">
        <ele>589.4190841261297</ele>
        <time>2022-03-05T03:02:58Z</time>
      </trkpt>
      <trkpt lat="34.02079829757734" lon="108.81789525683789">
        <ele>591.5684568965808</ele>
        <time>2022-03-05T03:03:02Z</time>
      </trkpt>
      <trkpt lat="34.02064574797323" lon="108.8176776726038">
        <ele>590.0497361337766</ele>
        <time>2022-03-05T03:03:10Z</time>
      </trkpt>
      <trkpt lat="34.02055615967468" lon="108.81759935371512">
        <ele>589.2310793846846</ele>
        <time>2022-03-05T03:03:14Z</time>
      </trkpt>
      <trkpt lat="34.02047056422362" lon="108.81756976519313">
        <ele>588.0389752285555</ele>
        <time>2022-03-05T03:03:18Z</time>
      </trkpt>
      <trkpt lat="34.02039379103417" lon="108.81760457774608">
        <ele>587.2488291906193</ele>
        <time>2022-03-05T03:03:22Z</time>
      </trkpt>
      <trkpt lat="34.0202163459717" lon="108.81778933977088">
        <ele>589.7974731968716</ele>
        <time>2022-03-05T03:03:30Z</time>
      </trkpt>
      <trkpt lat="34.02008562029981" lon="108.8179858695862">
        <ele>591.6517715556547</ele>
        <time>2022-03-05T03:03:36Z</time>
      </trkpt>
      <trkpt lat="34.01999701139318" lon="108.81820576254127">
        <ele>591.565253874287</ele>
        <time>2022-03-05T03:03:42Z</time>
      </trkpt>
      <trkpt lat="34.01989256723342" lon="108.81831188209728">
        <ele>595.6615197872743</ele>
        <time>2022-03-05T03:03:46Z</time>
      </trkpt>
      <trkpt lat="34.019702677216706" lon="108.8184032398051">
        <ele>598.7984090447426</ele>
        <time>2022-03-05T03:03:52Z</time>
      </trkpt>
      <trkpt lat="34.01959051954116" lon="108.81851529846197">
        <ele>599.1541686030105</ele>
        <time>2022-03-05T03:03:56Z</time>
      </trkpt>
      <trkpt lat="34.019505208617296" lon="108.8185385567654">
        <ele>599.970551000908</ele>
        <time>2022-03-05T03:03:58Z</time>
      </trkpt>
      <trkpt lat="34.018745975254475" lon="108.81863693457497">
        <ele>600.2690359735861</ele>
        <time>2022-03-05T03:04:04Z</time>
      </trkpt>
      <trkpt lat="34.01858590090683" lon="108.81853144400672">
        <ele>595.6829979503527</ele>
        <time>2022-03-05T03:04:06Z</time>
      </trkpt>
      <trkpt lat="34.01843798773733" lon="108.81838757729095">
        <ele>593.6322498423979</ele>
        <time>2022-03-05T03:04:08Z</time>
      </trkpt>
      <trkpt lat="34.01816420182279" lon="108.81806962402372">
        <ele>592.642719393596</ele>
        <time>2022-03-05T03:04:12Z</time>
      </trkpt>
      <trkpt lat="34.0180026135223" lon="108.81795924719708">
        <ele>593.5014319997281</ele>
        <time>2022-03-05T03:04:14Z</time>
      </trkpt>
      <trkpt lat="34.01782823070084" lon="108.81788802219599">
        <ele>593.5238961484283</ele>
        <time>2022-03-05T03:04:16Z</time>
      </trkpt>
      <trkpt lat="34.01767467486772" lon="108.81795857269012">
        <ele>592.7867940887809</ele>
        <time>2022-03-05T03:04:18Z</time>
      </trkpt>
      <trkpt lat="34.017524924032536" lon="108.81807742287849">
        <ele>593.9768886687234</ele>
        <time>2022-03-05T03:04:20Z</time>
      </trkpt>
      <trkpt lat="34.01733372260759" lon="108.81836906398749">
        <ele>595.8995103118941</ele>
        <time>2022-03-05T03:04:24Z</time>
      </trkpt>
      <trkpt lat="34.017280542411825" lon="108.81851042317965">
        <ele>597.9526132447645</ele>
        <time>2022-03-05T03:04:26Z</time>
      </trkpt>
      <trkpt lat="34.01689954339054" lon="108.8188426665195">
        <ele>606.8137116376311</ele>
        <time>2022-03-05T03:04:32Z</time>
      </trkpt>
      <trkpt lat="34.016651874735324" lon="108.81906474606069">
        <ele>611.9018244240433</ele>
        <time>2022-03-05T03:04:36Z</time>
      </trkpt>
      <trkpt lat="34.016416989818474" lon="108.8193317689176">
        <ele>615.9407225614414</ele>
        <time>2022-03-05T03:04:40Z</time>
      </trkpt>
      <trkpt lat="34.01628249064784" lon="108.81943311877903">
        <ele>618.8027691468596</ele>
        <time>2022-03-05T03:04:42Z</time>
      </trkpt>
      <trkpt lat="34.01611727268386" lon="108.81946394630613">
        <ele>620.0546573624015</ele>
        <time>2022-03-05T03:04:44Z</time>
      </trkpt>
      <trkpt lat="34.01579864466415" lon="108.81945576154335">
        <ele>621.0471093486995</ele>
        <time>2022-03-05T03:04:48Z</time>
      </trkpt>
      <trkpt lat="34.01547029197249" lon="108.8195244829069">
        <ele>620.657083760947</ele>
        <time>2022-03-05T03:04:52Z</time>
      </trkpt>
      <trkpt lat="34.015326315801225" lon="108.81957477549568">
        <ele>621.9893272286281</ele>
        <time>2022-03-05T03:04:54Z</time>
      </trkpt>
      <trkpt lat="34.01504014145504" lon="108.81979469248003">
        <ele>616.1099379993975</ele>
        <time>2022-03-05T03:04:58Z</time>
      </trkpt>
      <trkpt lat="34.01460400408947" lon="108.82003331445361">
        <ele>616.8714575991035</ele>
        <time>2022-03-05T03:05:04Z</time>
      </trkpt>
      <trkpt lat="34.014083462596986" lon="108.8202876523134">
        <ele>618.3940102765337</ele>
        <time>2022-03-05T03:05:12Z</time>
      </trkpt>
      <trkpt lat="34.01384002423608" lon="108.82043583899807">
        <ele>618.997792632319</ele>
        <time>2022-03-05T03:05:16Z</time>
      </trkpt>
      <trkpt lat="34.01374242970793" lon="108.82057793329297">
        <ele>620.5954373814166</ele>
        <time>2022-03-05T03:05:18Z</time>
      </trkpt>
      <trkpt lat="34.01362592062826" lon="108.82087998707235">
        <ele>621.6209284057841</ele>
        <time>2022-03-05T03:05:22Z</time>
      </trkpt>
      <trkpt lat="34.01358878320459" lon="108.82101383545225">
        <ele>623.1716015776619</ele>
        <time>2022-03-05T03:05:24Z</time>
      </trkpt>
      <trkpt lat="34.013611226922066" lon="108.82147051087958">
        <ele>627.6730259312317</ele>
        <time>2022-03-05T03:05:32Z</time>
      </trkpt>
      <trkpt lat="34.01360040401083" lon="108.82183993306657">
        <ele>633.3882121769711</ele>
        <time>2022-03-05T03:05:40Z</time>
      </trkpt>
      <trkpt lat="34.01355004556705" lon="108.82199751044402">
        <ele>635.0445004422218</ele>
        <time>2022-03-05T03:05:44Z</time>
      </trkpt>
      <trkpt lat="34.013473951982625" lon="108.82211293745289">
        <ele>636.0905760778114</ele>
        <time>2022-03-05T03:05:48Z</time>
      </trkpt>
      <trkpt lat="34.013387622908745" lon="108.82218522620364">
        <ele>636.3734452947974</ele>
        <time>2022-03-05T03:05:52Z</time>
      </trkpt>
      <trkpt lat="34.013318644066125" lon="108.82228360017312">
        <ele>637.2087209895253</ele>
        <time>2022-03-05T03:05:56Z</time>
      </trkpt>
      <trkpt lat="34.01332521124856" lon="108.8224218649571">
        <ele>638.8642043592408</ele>
        <time>2022-03-05T03:06:00Z</time>
      </trkpt>
      <trkpt lat="34.01342392740496" lon="108.82248765315872">
        <ele>640.0647114738822</ele>
        <time>2022-03-05T03:06:04Z</time>
      </trkpt>
      <trkpt lat="34.01366625487134" lon="108.82252822606144">
        <ele>642.4774334188551</ele>
        <time>2022-03-05T03:06:16Z</time>
      </trkpt>
      <trkpt lat="34.013744871139856" lon="108.82247790450883">
        <ele>642.9720497783273</ele>
        <time>2022-03-05T03:06:20Z</time>
      </trkpt>
      <trkpt lat="34.013782083350634" lon="108.82222243161918">
        <ele>643.6801249179989</ele>
        <time>2022-03-05T03:06:28Z</time>
      </trkpt>
      <trkpt lat="34.013825691047124" lon="108.82209273192927">
        <ele>644.4738300172612</ele>
        <time>2022-03-05T03:06:32Z</time>
      </trkpt>
      <trkpt lat="34.01385059910484" lon="108.82180084466103">
        <ele>647.2680035829544</ele>
        <time>2022-03-05T03:06:40Z</time>
      </trkpt>
      <trkpt lat="34.013902684992935" lon="108.82164234492309">
        <ele>648.4184048091993</ele>
        <time>2022-03-05T03:06:44Z</time>
      </trkpt>
      <trkpt lat="34.013945148534454" lon="108.82156077936997">
        <ele>648.7986027607694</ele>
        <time>2022-03-05T03:06:46Z</time>
      </trkpt>
      <trkpt lat="34.01402556228789" lon="108.8215317948797">
        <ele>649.3110430482775</ele>
        <time>2022-03-05T03:06:48Z</time>
      </trkpt>
      <trkpt lat="34.014091881262424" lon="108.82157539849761">
        <ele>650.7336940756068</ele>
        <time>2022-03-05T03:06:52Z</time>
      </trkpt>
      <trkpt lat="34.0141110690374" lon="108.82166899173214">
        <ele>653.285364436917</ele>
        <time>2022-03-05T03:06:58Z</time>
      </trkpt>
      <trkpt lat="34.01411990253302" lon="108.8218882549941">
        <ele>655.9357438907027</ele>
        <time>2022-03-05T03:07:06Z</time>
      </trkpt>
      <trkpt lat="34.01423414636613" lon="108.82239419572697">
        <ele>659.8324637170881</ele>
        <time>2022-03-05T03:07:18Z</time>
      </trkpt>
      <trkpt lat="34.01431731299271" lon="108.82267308327721">
        <ele>663.3743425216526</ele>
        <time>2022-03-05T03:07:26Z</time>
      </trkpt>
      <trkpt lat="34.01433791361604" lon="108.82280919640645">
        <ele>665.3660493316129</ele>
        <time>2022-03-05T03:07:30Z</time>
      </trkpt>
      <trkpt lat="34.01430688659338" lon="108.82293310128026">
        <ele>667.2274970011786</ele>
        <time>2022-03-05T03:07:34Z</time>
      </trkpt>
      <trkpt lat="34.01423969673367" lon="108.82298687584618">
        <ele>667.5945507027209</ele>
        <time>2022-03-05T03:07:38Z</time>
      </trkpt>
      <trkpt lat="34.01406800840349" lon="108.82298669773914">
        <ele>664.6598617378622</ele>
        <time>2022-03-05T03:07:48Z</time>
      </trkpt>
      <trkpt lat="34.01397136665056" lon="108.82300546364239">
        <ele>663.7789146173745</ele>
        <time>2022-03-05T03:07:52Z</time>
      </trkpt>
      <trkpt lat="34.01377682471296" lon="108.82300861543048">
        <ele>660.4285913202912</ele>
        <time>2022-03-05T03:08:00Z</time>
      </trkpt>
      <trkpt lat="34.01341448489023" lon="108.82309378191515">
        <ele>661.4938083607703</ele>
        <time>2022-03-05T03:08:12Z</time>
      </trkpt>
      <trkpt lat="34.012955367170456" lon="108.82329997983597">
        <ele>669.0160087477416</ele>
        <time>2022-03-05T03:08:28Z</time>
      </trkpt>
      <trkpt lat="34.01283626715309" lon="108.82338483092737">
        <ele>670.4818730857223</ele>
        <time>2022-03-05T03:08:32Z</time>
      </trkpt>
      <trkpt lat="34.01251035845446" lon="108.82364975782733">
        <ele>675.2140797059983</ele>
        <time>2022-03-05T03:08:42Z</time>
      </trkpt>
      <trkpt lat="34.01229118625314" lon="108.82376726513424">
        <ele>678.949640921317</ele>
        <time>2022-03-05T03:08:50Z</time>
      </trkpt>
      <trkpt lat="34.011931099856795" lon="108.82415558062429">
        <ele>686.5882216012105</ele>
        <time>2022-03-05T03:09:04Z</time>
      </trkpt>
      <trkpt lat="34.01184132699025" lon="108.8242630696142">
        <ele>687.6881134118885</ele>
        <time>2022-03-05T03:09:08Z</time>
      </trkpt>
      <trkpt lat="34.01171485016442" lon="108.82447324906144">
        <ele>689.3873551702127</ele>
        <time>2022-03-05T03:09:14Z</time>
      </trkpt>
      <trkpt lat="34.01164906263005" lon="108.82453477808738">
        <ele>689.8782584769651</ele>
        <time>2022-03-05T03:09:16Z</time>
      </trkpt>
      <trkpt lat="34.01136248741771" lon="108.82494482445631">
        <ele>691.5997491553426</ele>
        <time>2022-03-05T03:09:28Z</time>
      </trkpt>
      <trkpt lat="34.01127668658391" lon="108.8250693118818">
        <ele>692.9775852449238</ele>
        <time>2022-03-05T03:09:32Z</time>
      </trkpt>
      <trkpt lat="34.01117893016924" lon="108.82516292374741">
        <ele>694.4583725556731</ele>
        <time>2022-03-05T03:09:36Z</time>
      </trkpt>
      <trkpt lat="34.0109626998704" lon="108.8252709159868">
        <ele>693.9811844481155</ele>
        <time>2022-03-05T03:09:44Z</time>
      </trkpt>
      <trkpt lat="34.01047256707289" lon="108.82527982556732">
        <ele>697.3060090383515</ele>
        <time>2022-03-05T03:10:00Z</time>
      </trkpt>
      <trkpt lat="34.01035665471357" lon="108.82525959242327">
        <ele>700.2126617282629</ele>
        <time>2022-03-05T03:10:04Z</time>
      </trkpt>
      <trkpt lat="34.01011728705753" lon="108.8251507787585">
        <ele>705.6762518147007</ele>
        <time>2022-03-05T03:10:12Z</time>
      </trkpt>
      <trkpt lat="34.00995524848293" lon="108.82505067741677">
        <ele>706.6692740591243</ele>
        <time>2022-03-05T03:10:16Z</time>
      </trkpt>
      <trkpt lat="34.008907905984536" lon="108.82495045844442">
        <ele>705.9266835069284</ele>
        <time>2022-03-05T03:10:20Z</time>
      </trkpt>
      <trkpt lat="34.008485248101856" lon="108.82480055422037">
        <ele>698.7611019453034</ele>
        <time>2022-03-05T03:10:24Z</time>
      </trkpt>
      <trkpt lat="34.00829053580721" lon="108.82461434212283">
        <ele>697.6733937896788</ele>
        <time>2022-03-05T03:10:26Z</time>
      </trkpt>
      <trkpt lat="34.008071171489135" lon="108.82416675575654">
        <ele>694.1483360435814</ele>
        <time>2022-03-05T03:10:30Z</time>
      </trkpt>
      <trkpt lat="34.007917335749724" lon="108.82412103681922">
        <ele>687.4482301892713</ele>
        <time>2022-03-05T03:10:32Z</time>
      </trkpt>
      <trkpt lat="34.007803542387535" lon="108.8242321881291">
        <ele>677.4645068980753</ele>
        <time>2022-03-05T03:10:34Z</time>
      </trkpt>
      <trkpt lat="34.007840963385846" lon="108.82437129006289">
        <ele>682.3910442590714</ele>
        <time>2022-03-05T03:10:36Z</time>
      </trkpt>
      <trkpt lat="34.00763967904378" lon="108.82448753949507">
        <ele>681.1874640649185</ele>
        <time>2022-03-05T03:10:38Z</time>
      </trkpt>
      <trkpt lat="34.00757362324654" lon="108.82459095825163">
        <ele>680.7084985943511</ele>
        <time>2022-03-05T03:10:40Z</time>
      </trkpt>
      <trkpt lat="34.007312882462166" lon="108.82453024395166">
        <ele>680.2591601749882</ele>
        <time>2022-03-05T03:10:42Z</time>
      </trkpt>
      <trkpt lat="34.00722171632257" lon="108.8243462433796">
        <ele>678.5500306617469</ele>
        <time>2022-03-05T03:10:44Z</time>
      </trkpt>
      <trkpt lat="34.00709126761581" lon="108.82423166223278">
        <ele>679.6119930371642</ele>
        <time>2022-03-05T03:10:46Z</time>
      </trkpt>
      <trkpt lat="34.00689439482297" lon="108.82424503061594">
        <ele>677.5961132887751</ele>
        <time>2022-03-05T03:10:48Z</time>
      </trkpt>
      <trkpt lat="34.006708952307825" lon="108.82432914430038">
        <ele>675.5915243253112</ele>
        <time>2022-03-05T03:10:50Z</time>
      </trkpt>
      <trkpt lat="34.00654316262303" lon="108.82435278063734">
        <ele>675.9672086266801</ele>
        <time>2022-03-05T03:10:52Z</time>
      </trkpt>
      <trkpt lat="34.00630270739767" lon="108.82417962821928">
        <ele>677.7666364870965</ele>
        <time>2022-03-05T03:10:56Z</time>
      </trkpt>
      <trkpt lat="34.00617248918777" lon="108.82418819998169">
        <ele>677.5314069585875</ele>
        <time>2022-03-05T03:10:58Z</time>
      </trkpt>
      <trkpt lat="34.00593179662758" lon="108.82433195218967">
        <ele>679.9123653406277</ele>
        <time>2022-03-05T03:11:02Z</time>
      </trkpt>
      <trkpt lat="34.00580655280269" lon="108.8243411092135">
        <ele>682.4648891622201</ele>
        <time>2022-03-05T03:11:04Z</time>
      </trkpt>
      <trkpt lat="34.00569989542727" lon="108.82420698154056">
        <ele>685.6480888277292</ele>
        <time>2022-03-05T03:11:06Z</time>
      </trkpt>
      <trkpt lat="34.005675723406384" lon="108.82402397012585">
        <ele>688.1608614325523</ele>
        <time>2022-03-05T03:11:08Z</time>
      </trkpt>
      <trkpt lat="34.005763410735426" lon="108.82386183694175">
        <ele>688.0921514602378</ele>
        <time>2022-03-05T03:11:10Z</time>
      </trkpt>
      <trkpt lat="34.00584482650764" lon="108.82376064487518">
        <ele>688.0327367261052</ele>
        <time>2022-03-05T03:11:12Z</time>
      </trkpt>
      <trkpt lat="34.005868177519346" lon="108.82362128956973">
        <ele>682.5072407042608</ele>
        <time>2022-03-05T03:11:14Z</time>
      </trkpt>
      <trkpt lat="34.005819981270236" lon="108.82345015534888">
        <ele>677.5798772983253</ele>
        <time>2022-03-05T03:11:16Z</time>
      </trkpt>
      <trkpt lat="34.005733069355855" lon="108.82328743161808">
        <ele>675.7140527153388</ele>
        <time>2022-03-05T03:11:18Z</time>
      </trkpt>
      <trkpt lat="34.00560886812831" lon="108.82291067545391">
        <ele>677.3881399035454</ele>
        <time>2022-03-05T03:11:22Z</time>
      </trkpt>
      <trkpt lat="34.00556002849787" lon="108.82271508562685">
        <ele>677.1279961634427</ele>
        <time>2022-03-05T03:11:24Z</time>
      </trkpt>
      <trkpt lat="34.00553246777418" lon="108.8225143082755">
        <ele>677.1087995329872</ele>
        <time>2022-03-05T03:11:26Z</time>
      </trkpt>
      <trkpt lat="34.005474881239884" lon="108.82232942716296">
        <ele>677.2672816319391</ele>
        <time>2022-03-05T03:11:28Z</time>
      </trkpt>
      <trkpt lat="34.00531651306583" lon="108.82198657209666">
        <ele>675.5791813507676</ele>
        <time>2022-03-05T03:11:32Z</time>
      </trkpt>
      <trkpt lat="34.00518872058432" lon="108.82164614018176">
        <ele>674.2296276437119</ele>
        <time>2022-03-05T03:11:36Z</time>
      </trkpt>
      <trkpt lat="34.00509881716857" lon="108.82149720020381">
        <ele>670.5773616582155</ele>
        <time>2022-03-05T03:11:38Z</time>
      </trkpt>
      <trkpt lat="34.005022615330496" lon="108.82143327433133">
        <ele>668.2357397470623</ele>
        <time>2022-03-05T03:11:40Z</time>
      </trkpt>
      <trkpt lat="34.00484284695119" lon="108.82141171441836">
        <ele>664.5770768849179</ele>
        <time>2022-03-05T03:11:44Z</time>
      </trkpt>
      <trkpt lat="34.00468935058591" lon="108.82142258992886">
        <ele>665.4498360399157</ele>
        <time>2022-03-05T03:11:46Z</time>
      </trkpt>
      <trkpt lat="34.00457527546617" lon="108.82145670532086">
        <ele>666.0851944694296</ele>
        <time>2022-03-05T03:11:48Z</time>
      </trkpt>
      <trkpt lat="34.00450993819419" lon="108.82157305694155">
        <ele>667.2724868142977</ele>
        <time>2022-03-05T03:11:50Z</time>
      </trkpt>
      <trkpt lat="34.004286317680055" lon="108.82178407666403">
        <ele>671.3991376310587</ele>
        <time>2022-03-05T03:11:56Z</time>
      </trkpt>
      <trkpt lat="34.004191814081175" lon="108.82182348722665">
        <ele>672.394739641808</ele>
        <time>2022-03-05T03:11:58Z</time>
      </trkpt>
      <trkpt lat="34.004100787457375" lon="108.82182968652239">
        <ele>674.0769778834656</ele>
        <time>2022-03-05T03:12:00Z</time>
      </trkpt>
      <trkpt lat="34.00363045428869" lon="108.82169942291591">
        <ele>682.5040012616664</ele>
        <time>2022-03-05T03:12:12Z</time>
      </trkpt>
      <trkpt lat="34.00355869890531" lon="108.82168677788643">
        <ele>683.7104769675061</ele>
        <time>2022-03-05T03:12:14Z</time>
      </trkpt>
      <trkpt lat="34.003421904919605" lon="108.82169918064244">
        <ele>683.7152526313439</ele>
        <time>2022-03-05T03:12:18Z</time>
      </trkpt>
      <trkpt lat="34.00329765326398" lon="108.82176000449465">
        <ele>683.1806067489088</ele>
        <time>2022-03-05T03:12:22Z</time>
      </trkpt>
      <trkpt lat="34.00318943969327" lon="108.82186416646631">
        <ele>684.6072211591527</ele>
        <time>2022-03-05T03:12:26Z</time>
      </trkpt>
      <trkpt lat="34.00290797878333" lon="108.82238617097117">
        <ele>693.7179202158004</ele>
        <time>2022-03-05T03:12:38Z</time>
      </trkpt>
      <trkpt lat="34.002865876148384" lon="108.82266747473173">
        <ele>695.7876069042832</ele>
        <time>2022-03-05T03:12:42Z</time>
      </trkpt>
      <trkpt lat="34.00282104602917" lon="108.82279675124705">
        <ele>697.3008492924273</ele>
        <time>2022-03-05T03:12:44Z</time>
      </trkpt>
      <trkpt lat="34.002744850075906" lon="108.82290194511403">
        <ele>698.1535989353433</ele>
        <time>2022-03-05T03:12:46Z</time>
      </trkpt>
      <trkpt lat="34.00248817103303" lon="108.82306454067418">
        <ele>702.1434868182987</ele>
        <time>2022-03-05T03:12:52Z</time>
      </trkpt>
      <trkpt lat="34.00240509528383" lon="108.82314263619504">
        <ele>701.1186251537874</ele>
        <time>2022-03-05T03:12:54Z</time>
      </trkpt>
      <trkpt lat="34.00216239039149" lon="108.82348813827332">
        <ele>702.8311158223078</ele>
        <time>2022-03-05T03:13:02Z</time>
      </trkpt>
      <trkpt lat="34.00200431279997" lon="108.8236401592653">
        <ele>704.1250245161355</ele>
        <time>2022-03-05T03:13:06Z</time>
      </trkpt>
      <trkpt lat="34.001938400936666" lon="108.82372552951078">
        <ele>702.7151242708787</ele>
        <time>2022-03-05T03:13:08Z</time>
      </trkpt>
      <trkpt lat="34.00189657103855" lon="108.82384342992209">
        <ele>702.189143139869</ele>
        <time>2022-03-05T03:13:10Z</time>
      </trkpt>
      <trkpt lat="34.001876727055" lon="108.82410520474447">
        <ele>702.9022936364636</ele>
        <time>2022-03-05T03:13:14Z</time>
      </trkpt>
      <trkpt lat="34.001839081354376" lon="108.82422900613003">
        <ele>706.1200002254918</ele>
        <time>2022-03-05T03:13:16Z</time>
      </trkpt>
      <trkpt lat="34.001757514954306" lon="108.82433269994888">
        <ele>709.9749644510448</ele>
        <time>2022-03-05T03:13:18Z</time>
      </trkpt>
      <trkpt lat="34.001632401038655" lon="108.82436815488747">
        <ele>712.9826657613739</ele>
        <time>2022-03-05T03:13:20Z</time>
      </trkpt>
      <trkpt lat="34.001521899613785" lon="108.82434187413182">
        <ele>712.9020483512431</ele>
        <time>2022-03-05T03:13:22Z</time>
      </trkpt>
      <trkpt lat="34.00141296854224" lon="108.82433951596866">
        <ele>713.3925374206156</ele>
        <time>2022-03-05T03:13:24Z</time>
      </trkpt>
      <trkpt lat="34.00131929441466" lon="108.82437795318644">
        <ele>713.8694281429052</ele>
        <time>2022-03-05T03:13:26Z</time>
      </trkpt>
      <trkpt lat="34.00126037245318" lon="108.8244995717748">
        <ele>713.0662830686197</ele>
        <time>2022-03-05T03:13:28Z</time>
      </trkpt>
      <trkpt lat="34.00124054384418" lon="108.82479262791199">
        <ele>711.5904066413641</ele>
        <time>2022-03-05T03:13:32Z</time>
      </trkpt>
      <trkpt lat="34.00115104929121" lon="108.82494529585661">
        <ele>712.0069356234744</ele>
        <time>2022-03-05T03:13:34Z</time>
      </trkpt>
      <trkpt lat="34.001019418825535" lon="108.82506316968718">
        <ele>712.187987008132</ele>
        <time>2022-03-05T03:13:36Z</time>
      </trkpt>
      <trkpt lat="34.00070136374139" lon="108.82511863809444">
        <ele>715.0043622655794</ele>
        <time>2022-03-05T03:13:40Z</time>
      </trkpt>
      <trkpt lat="34.00057531661797" lon="108.82521737488523">
        <ele>712.7398403268307</ele>
        <time>2022-03-05T03:13:42Z</time>
      </trkpt>
      <trkpt lat="34.00025336049656" lon="108.8257348296576">
        <ele>707.0375000219792</ele>
        <time>2022-03-05T03:13:48Z</time>
      </trkpt>
      <trkpt lat="34.00016612415378" lon="108.82591654730365">
        <ele>706.7399993482977</ele>
        <time>2022-03-05T03:13:50Z</time>
      </trkpt>
      <trkpt lat="34.00005956207322" lon="108.82606922503645">
        <ele>709.0078436769545</ele>
        <time>2022-03-05T03:13:52Z</time>
      </trkpt>
      <trkpt lat="33.99993814616431" lon="108.82619786937046">
        <ele>712.8937642034143</ele>
        <time>2022-03-05T03:13:54Z</time>
      </trkpt>
      <trkpt lat="33.999653619518234" lon="108.82643738677025">
        <ele>716.3739987714216</ele>
        <time>2022-03-05T03:14:00Z</time>
      </trkpt>
      <trkpt lat="33.99953319800226" lon="108.82660930955724">
        <ele>718.2005767794326</ele>
        <time>2022-03-05T03:14:04Z</time>
      </trkpt>
      <trkpt lat="33.99931816324414" lon="108.82718512869795">
        <ele>724.6627425886691</ele>
        <time>2022-03-05T03:14:14Z</time>
      </trkpt>
      <trkpt lat="33.999090441732385" lon="108.8276016260155">
        <ele>731.3381329579279</ele>
        <time>2022-03-05T03:14:22Z</time>
      </trkpt>
      <trkpt lat="33.99899932240783" lon="108.82762995834092">
        <ele>733.5230936231092</ele>
        <time>2022-03-05T03:14:24Z</time>
      </trkpt>
      <trkpt lat="33.998905363401555" lon="108.8275806390357">
        <ele>734.2146618152037</ele>
        <time>2022-03-05T03:14:26Z</time>
      </trkpt>
      <trkpt lat="33.99884191523005" lon="108.82748949884576">
        <ele>734.3772780504078</ele>
        <time>2022-03-05T03:14:28Z</time>
      </trkpt>
      <trkpt lat="33.998768595094006" lon="108.82728416078669">
        <ele>734.8787672519684</ele>
        <time>2022-03-05T03:14:32Z</time>
      </trkpt>
      <trkpt lat="33.998647335077834" lon="108.82708754702996">
        <ele>733.8382332036272</ele>
        <time>2022-03-05T03:14:36Z</time>
      </trkpt>
      <trkpt lat="33.99855463150246" lon="108.82700659370576">
        <ele>733.801439575851</ele>
        <time>2022-03-05T03:14:38Z</time>
      </trkpt>
      <trkpt lat="33.99844614532671" lon="108.82695075296924">
        <ele>732.4403106663376</ele>
        <time>2022-03-05T03:14:40Z</time>
      </trkpt>
      <trkpt lat="33.998328322059756" lon="108.82693667395695">
        <ele>731.0235239705071</ele>
        <time>2022-03-05T03:14:42Z</time>
      </trkpt>
      <trkpt lat="33.99819891298048" lon="108.8270099021333">
        <ele>730.8406362542883</ele>
        <time>2022-03-05T03:14:44Z</time>
      </trkpt>
      <trkpt lat="33.99811493774715" lon="108.82714170678487">
        <ele>729.6890102056786</ele>
        <time>2022-03-05T03:14:46Z</time>
      </trkpt>
      <trkpt lat="33.998116499127526" lon="108.82735564643895">
        <ele>727.9314666287974</ele>
        <time>2022-03-05T03:14:48Z</time>
      </trkpt>
      <trkpt lat="33.99808337889511" lon="108.82753934492673">
        <ele>726.8572398871183</ele>
        <time>2022-03-05T03:14:50Z</time>
      </trkpt>
      <trkpt lat="33.997978424960536" lon="108.8276171933538">
        <ele>731.3768900070409</ele>
        <time>2022-03-05T03:14:54Z</time>
      </trkpt>
      <trkpt lat="33.99765159194479" lon="108.82775877475719">
        <ele>729.4275309080258</ele>
        <time>2022-03-05T03:14:56Z</time>
      </trkpt>
      <trkpt lat="33.997393448277805" lon="108.82799191693925">
        <ele>729.4348454913124</ele>
        <time>2022-03-05T03:15:00Z</time>
      </trkpt>
      <trkpt lat="33.997243548956284" lon="108.82804436318004">
        <ele>731.9697503056377</ele>
        <time>2022-03-05T03:15:02Z</time>
      </trkpt>
      <trkpt lat="33.996983718527844" lon="108.82809644014178">
        <ele>731.7338848663494</ele>
        <time>2022-03-05T03:15:06Z</time>
      </trkpt>
      <trkpt lat="33.99690720225097" lon="108.8281949820588">
        <ele>731.1931126769632</ele>
        <time>2022-03-05T03:15:08Z</time>
      </trkpt>
      <trkpt lat="33.99684712989987" lon="108.82833136834705">
        <ele>731.3072885097936</ele>
        <time>2022-03-05T03:15:10Z</time>
      </trkpt>
      <trkpt lat="33.99674645695809" lon="108.8284113608357">
        <ele>730.9883030448109</ele>
        <time>2022-03-05T03:15:12Z</time>
      </trkpt>
      <trkpt lat="33.996239082480024" lon="108.82854711039232">
        <ele>736.1277147913352</ele>
        <time>2022-03-05T03:15:24Z</time>
      </trkpt>
      <trkpt lat="33.99591245472507" lon="108.82867233208468">
        <ele>739.1053926637396</ele>
        <time>2022-03-05T03:15:32Z</time>
      </trkpt>
      <trkpt lat="33.99566898010179" lon="108.8286478378673">
        <ele>742.2886439124122</ele>
        <time>2022-03-05T03:15:38Z</time>
      </trkpt>
      <trkpt lat="33.99558446724813" lon="108.82861528171212">
        <ele>742.6690296605229</ele>
        <time>2022-03-05T03:15:40Z</time>
      </trkpt>
      <trkpt lat="33.99516984134448" lon="108.82829835894609">
        <ele>744.6223137183115</ele>
        <time>2022-03-05T03:15:52Z</time>
      </trkpt>
      <trkpt lat="33.99508601361827" lon="108.82826225913455">
        <ele>744.0245435554534</ele>
        <time>2022-03-05T03:15:54Z</time>
      </trkpt>
      <trkpt lat="33.99495576542857" lon="108.82828935633074">
        <ele>742.2853842675686</ele>
        <time>2022-03-05T03:15:58Z</time>
      </trkpt>
      <trkpt lat="33.994893621019564" lon="108.82836224735946">
        <ele>741.6373283481225</ele>
        <time>2022-03-05T03:16:00Z</time>
      </trkpt>
      <trkpt lat="33.994857677617105" lon="108.82875850130198">
        <ele>740.0232232147828</ele>
        <time>2022-03-05T03:16:06Z</time>
      </trkpt>
      <trkpt lat="33.99481616379957" lon="108.82890342235319">
        <ele>739.0759346513078</ele>
        <time>2022-03-05T03:16:08Z</time>
      </trkpt>
      <trkpt lat="33.99472721850614" lon="108.82902515980791">
        <ele>739.3478949144483</ele>
        <time>2022-03-05T03:16:10Z</time>
      </trkpt>
      <trkpt lat="33.99461479841587" lon="108.82912667277841">
        <ele>738.918809258379</ele>
        <time>2022-03-05T03:16:12Z</time>
      </trkpt>
      <trkpt lat="33.99451747382506" lon="108.82924676951454">
        <ele>739.0289348186925</ele>
        <time>2022-03-05T03:16:14Z</time>
      </trkpt>
      <trkpt lat="33.994434301287015" lon="108.82938921555063">
        <ele>739.1870843982324</ele>
        <time>2022-03-05T03:16:16Z</time>
      </trkpt>
      <trkpt lat="33.99438011905599" lon="108.82955382648699">
        <ele>739.6902169007808</ele>
        <time>2022-03-05T03:16:18Z</time>
      </trkpt>
      <trkpt lat="33.994352439559776" lon="108.82995717167348">
        <ele>735.8585904547945</ele>
        <time>2022-03-05T03:16:22Z</time>
      </trkpt>
      <trkpt lat="33.9942202741393" lon="108.8303458248562">
        <ele>736.6041839998215</ele>
        <time>2022-03-05T03:16:26Z</time>
      </trkpt>
      <trkpt lat="33.99411851633575" lon="108.83071241542487">
        <ele>736.7254391424358</ele>
        <time>2022-03-05T03:16:30Z</time>
      </trkpt>
      <trkpt lat="33.993968951796596" lon="108.8307658605912">
        <ele>739.1355772353709</ele>
        <time>2022-03-05T03:16:32Z</time>
      </trkpt>
      <trkpt lat="33.99385487186516" lon="108.83062415698366">
        <ele>740.1818622453138</ele>
        <time>2022-03-05T03:16:34Z</time>
      </trkpt>
      <trkpt lat="33.993810196912726" lon="108.83044427125616">
        <ele>740.2210437385365</ele>
        <time>2022-03-05T03:16:36Z</time>
      </trkpt>
      <trkpt lat="33.99378944753914" lon="108.83025864345022">
        <ele>741.3123422292992</ele>
        <time>2022-03-05T03:16:38Z</time>
      </trkpt>
      <trkpt lat="33.99374482267269" lon="108.83008492762652">
        <ele>738.0080181835219</ele>
        <time>2022-03-05T03:16:40Z</time>
      </trkpt>
      <trkpt lat="33.99367438293165" lon="108.82990404085366">
        <ele>739.2014983678237</ele>
        <time>2022-03-05T03:16:42Z</time>
      </trkpt>
      <trkpt lat="33.99362027494972" lon="108.82971183277401">
        <ele>738.7457932112738</ele>
        <time>2022-03-05T03:16:44Z</time>
      </trkpt>
      <trkpt lat="33.99358936735319" lon="108.82929390967544">
        <ele>740.902154260315</ele>
        <time>2022-03-05T03:16:48Z</time>
      </trkpt>
      <trkpt lat="33.99365180933963" lon="108.8290842295137">
        <ele>739.6154382377863</ele>
        <time>2022-03-05T03:16:50Z</time>
      </trkpt>
      <trkpt lat="33.993615580874575" lon="108.82886581651206">
        <ele>737.6936769168824</ele>
        <time>2022-03-05T03:16:52Z</time>
      </trkpt>
      <trkpt lat="33.993614861922154" lon="108.82863862389534">
        <ele>738.6635245671496</ele>
        <time>2022-03-05T03:16:54Z</time>
      </trkpt>
      <trkpt lat="33.99368763448339" lon="108.8284249421559">
        <ele>738.6311971237883</ele>
        <time>2022-03-05T03:16:56Z</time>
      </trkpt>
      <trkpt lat="33.99364835501621" lon="108.82823622489829">
        <ele>738.3598220953718</ele>
        <time>2022-03-05T03:16:58Z</time>
      </trkpt>
      <trkpt lat="33.99345885854857" lon="108.82812184666135">
        <ele>736.4096374344081</ele>
        <time>2022-03-05T03:17:00Z</time>
      </trkpt>
      <trkpt lat="33.99327237532117" lon="108.8280829889418">
        <ele>737.6852839998901</ele>
        <time>2022-03-05T03:17:02Z</time>
      </trkpt>
      <trkpt lat="33.9930977706446" lon="108.8281318471284">
        <ele>736.7627400802448</ele>
        <time>2022-03-05T03:17:04Z</time>
      </trkpt>
      <trkpt lat="33.992941403199744" lon="108.82827527499255">
        <ele>737.3871395401657</ele>
        <time>2022-03-05T03:17:06Z</time>
      </trkpt>
      <trkpt lat="33.992779704417664" lon="108.82836561127719">
        <ele>739.1713368101045</ele>
        <time>2022-03-05T03:17:08Z</time>
      </trkpt>
      <trkpt lat="33.99243898394178" lon="108.82846855097108">
        <ele>739.7406895589083</ele>
        <time>2022-03-05T03:17:12Z</time>
      </trkpt>
      <trkpt lat="33.99226538784407" lon="108.8284891186038">
        <ele>741.4701398694888</ele>
        <time>2022-03-05T03:17:14Z</time>
      </trkpt>
      <trkpt lat="33.991916988367365" lon="108.82848678379307">
        <ele>741.9678069669753</ele>
        <time>2022-03-05T03:17:18Z</time>
      </trkpt>
      <trkpt lat="33.99157852429179" lon="108.82846740847299">
        <ele>744.4901505568996</ele>
        <time>2022-03-05T03:17:22Z</time>
      </trkpt>
      <trkpt lat="33.991410819716265" lon="108.82849555424097">
        <ele>744.4959002071992</ele>
        <time>2022-03-05T03:17:24Z</time>
      </trkpt>
      <trkpt lat="33.99126283577416" lon="108.82855804773168">
        <ele>744.8802620470524</ele>
        <time>2022-03-05T03:17:26Z</time>
      </trkpt>
      <trkpt lat="33.9908394270178" lon="108.82881503343883">
        <ele>746.3733549611643</ele>
        <time>2022-03-05T03:17:32Z</time>
      </trkpt>
      <trkpt lat="33.990684931366" lon="108.82885600765964">
        <ele>746.1720092836767</ele>
        <time>2022-03-05T03:17:34Z</time>
      </trkpt>
      <trkpt lat="33.9905196225786" lon="108.8288597853796">
        <ele>747.5025701606646</ele>
        <time>2022-03-05T03:17:36Z</time>
      </trkpt>
      <trkpt lat="33.9903549787845" lon="108.82888831718165">
        <ele>747.6313888886943</ele>
        <time>2022-03-05T03:17:38Z</time>
      </trkpt>
      <trkpt lat="33.99019409323476" lon="108.82896188397316">
        <ele>747.2077932367101</ele>
        <time>2022-03-05T03:17:40Z</time>
      </trkpt>
      <trkpt lat="33.990061048119664" lon="108.8290749336948">
        <ele>746.3761619376019</ele>
        <time>2022-03-05T03:17:42Z</time>
      </trkpt>
      <trkpt lat="33.98995185340999" lon="108.8292245827774">
        <ele>746.031218111515</ele>
        <time>2022-03-05T03:17:44Z</time>
      </trkpt>
      <trkpt lat="33.98979705576586" lon="108.82961015918633">
        <ele>747.5061102099717</ele>
        <time>2022-03-05T03:17:48Z</time>
      </trkpt>
      <trkpt lat="33.98968897779649" lon="108.82979601272801">
        <ele>746.8430067962036</ele>
        <time>2022-03-05T03:17:50Z</time>
      </trkpt>
      <trkpt lat="33.9895211356036" lon="108.829885688118">
        <ele>747.9614932090044</ele>
        <time>2022-03-05T03:17:52Z</time>
      </trkpt>
      <trkpt lat="33.989337759894255" lon="108.8298979871991">
        <ele>747.6851272871718</ele>
        <time>2022-03-05T03:17:54Z</time>
      </trkpt>
      <trkpt lat="33.98898650541997" lon="108.82985780699741">
        <ele>748.6980089480057</ele>
        <time>2022-03-05T03:17:58Z</time>
      </trkpt>
      <trkpt lat="33.98862194099479" lon="108.82987113247728">
        <ele>750.0031189620495</ele>
        <time>2022-03-05T03:18:02Z</time>
      </trkpt>
      <trkpt lat="33.988445406816034" lon="108.82981784477903">
        <ele>749.5954182930291</ele>
        <time>2022-03-05T03:18:04Z</time>
      </trkpt>
      <trkpt lat="33.98836574985712" lon="108.82963180701464">
        <ele>748.9347055433318</ele>
        <time>2022-03-05T03:18:06Z</time>
      </trkpt>
      <trkpt lat="33.988414437764796" lon="108.82942186073102">
        <ele>749.1613840032369</ele>
        <time>2022-03-05T03:18:08Z</time>
      </trkpt>
      <trkpt lat="33.988436508982254" lon="108.82919115057724">
        <ele>749.4673751294613</ele>
        <time>2022-03-05T03:18:10Z</time>
      </trkpt>
      <trkpt lat="33.988572738279004" lon="108.82850630888129">
        <ele>748.3437988990918</ele>
        <time>2022-03-05T03:18:16Z</time>
      </trkpt>
      <trkpt lat="33.98861203569797" lon="108.82827444688765">
        <ele>748.3391773821786</ele>
        <time>2022-03-05T03:18:18Z</time>
      </trkpt>
      <trkpt lat="33.98858735242946" lon="108.82805213481636">
        <ele>747.822816208005</ele>
        <time>2022-03-05T03:18:20Z</time>
      </trkpt>
      <trkpt lat="33.98846352365106" lon="108.82791360798714">
        <ele>748.7761860191822</ele>
        <time>2022-03-05T03:18:22Z</time>
      </trkpt>
      <trkpt lat="33.988287215353004" lon="108.82795357277742">
        <ele>746.8906143559143</ele>
        <time>2022-03-05T03:18:24Z</time>
      </trkpt>
      <trkpt lat="33.98778122370917" lon="108.82831848007338">
        <ele>746.6458174418658</ele>
        <time>2022-03-05T03:18:30Z</time>
      </trkpt>
      <trkpt lat="33.98746175440359" lon="108.82857291621261">
        <ele>747.6758148837835</ele>
        <time>2022-03-05T03:18:34Z</time>
      </trkpt>
      <trkpt lat="33.987343391317744" lon="108.82872958937122">
        <ele>747.3841372691095</ele>
        <time>2022-03-05T03:18:36Z</time>
      </trkpt>
      <trkpt lat="33.987314197937174" lon="108.82894377497242">
        <ele>746.7640416044742</ele>
        <time>2022-03-05T03:18:38Z</time>
      </trkpt>
      <trkpt lat="33.98731921440184" lon="108.8291687474975">
        <ele>746.6311730574816</ele>
        <time>2022-03-05T03:18:40Z</time>
      </trkpt>
      <trkpt lat="33.98728388152408" lon="108.82938047272087">
        <ele>747.5361639512703</ele>
        <time>2022-03-05T03:18:42Z</time>
      </trkpt>
      <trkpt lat="33.987109407318094" lon="108.82997463015911">
        <ele>748.51006496232</ele>
        <time>2022-03-05T03:18:48Z</time>
      </trkpt>
      <trkpt lat="33.98687644634582" lon="108.83034871815867">
        <ele>748.0298346960917</ele>
        <time>2022-03-05T03:18:52Z</time>
      </trkpt>
      <trkpt lat="33.98673670985821" lon="108.83052547524272">
        <ele>746.6207151645795</ele>
        <time>2022-03-05T03:18:54Z</time>
      </trkpt>
      <trkpt lat="33.98655152082267" lon="108.83067220823136">
        <ele>747.2512500593439</ele>
        <time>2022-03-05T03:18:56Z</time>
      </trkpt>
      <trkpt lat="33.98612930830627" lon="108.83087143714889">
        <ele>744.147382196039</ele>
        <time>2022-03-05T03:19:00Z</time>
      </trkpt>
      <trkpt lat="33.98592992811949" lon="108.83096780850492">
        <ele>745.3564045466483</ele>
        <time>2022-03-05T03:19:02Z</time>
      </trkpt>
      <trkpt lat="33.98580691623051" lon="108.83115665846807">
        <ele>745.0199315026402</ele>
        <time>2022-03-05T03:19:04Z</time>
      </trkpt>
      <trkpt lat="33.98582306300278" lon="108.83138764326766">
        <ele>744.0905410461128</ele>
        <time>2022-03-05T03:19:06Z</time>
      </trkpt>
      <trkpt lat="33.98589956800476" lon="108.83152580523146">
        <ele>743.9895964665338</ele>
        <time>2022-03-05T03:19:08Z</time>
      </trkpt>
      <trkpt lat="33.98591977538704" lon="108.83171879703265">
        <ele>744.5785795673728</ele>
        <time>2022-03-05T03:19:12Z</time>
      </trkpt>
      <trkpt lat="33.98582987802569" lon="108.83187647553572">
        <ele>745.8442414086312</ele>
        <time>2022-03-05T03:19:16Z</time>
      </trkpt>
      <trkpt lat="33.98568587836173" lon="108.83181919237379">
        <ele>747.4786945600063</ele>
        <time>2022-03-05T03:19:18Z</time>
      </trkpt>
      <trkpt lat="33.98521926082888" lon="108.83141198967871">
        <ele>747.4389562364668</ele>
        <time>2022-03-05T03:19:26Z</time>
      </trkpt>
      <trkpt lat="33.98512460051771" lon="108.83129924290525">
        <ele>748.5632098568603</ele>
        <time>2022-03-05T03:19:28Z</time>
      </trkpt>
      <trkpt lat="33.98505665591867" lon="108.83113795472498">
        <ele>749.6804977245629</ele>
        <time>2022-03-05T03:19:30Z</time>
      </trkpt>
      <trkpt lat="33.98504739109362" lon="108.83099517945298">
        <ele>750.2557462584227</ele>
        <time>2022-03-05T03:19:32Z</time>
      </trkpt>
      <trkpt lat="33.98510561788542" lon="108.83076493283406">
        <ele>750.392380730249</ele>
        <time>2022-03-05T03:19:36Z</time>
      </trkpt>
      <trkpt lat="33.9851448712066" lon="108.83066658515546">
        <ele>750.4655611049384</ele>
        <time>2022-03-05T03:19:38Z</time>
      </trkpt>
      <trkpt lat="33.985288843537745" lon="108.83044704218989">
        <ele>750.3032118966803</ele>
        <time>2022-03-05T03:19:42Z</time>
      </trkpt>
      <trkpt lat="33.98558227515069" lon="108.82996528424934">
        <ele>752.9185735676438</ele>
        <time>2022-03-05T03:19:50Z</time>
      </trkpt>
      <trkpt lat="33.98565976997809" lon="108.82987637896693">
        <ele>753.3439657576382</ele>
        <time>2022-03-05T03:19:52Z</time>
      </trkpt>
      <trkpt lat="33.98585833944897" lon="108.82975983241421">
        <ele>752.667346729897</ele>
        <time>2022-03-05T03:19:56Z</time>
      </trkpt>
      <trkpt lat="33.986027771080984" lon="108.82960270217377">
        <ele>751.2555901864544</ele>
        <time>2022-03-05T03:20:00Z</time>
      </trkpt>
      <trkpt lat="33.98609835181219" lon="108.8295035104912">
        <ele>750.0583772957325</ele>
        <time>2022-03-05T03:20:02Z</time>
      </trkpt>
      <trkpt lat="33.9861299658661" lon="108.82937355041929">
        <ele>751.4886911986396</ele>
        <time>2022-03-05T03:20:04Z</time>
      </trkpt>
      <trkpt lat="33.986080972759794" lon="108.82923869050404">
        <ele>750.6886866083369</ele>
        <time>2022-03-05T03:20:06Z</time>
      </trkpt>
      <trkpt lat="33.98598657361846" lon="108.82913658689264">
        <ele>749.5393456155434</ele>
        <time>2022-03-05T03:20:08Z</time>
      </trkpt>
      <trkpt lat="33.98568285864071" lon="108.82901995145176">
        <ele>746.8342182626948</ele>
        <time>2022-03-05T03:20:12Z</time>
      </trkpt>
      <trkpt lat="33.98551353404055" lon="108.8289823587356">
        <ele>746.5382051700726</ele>
        <time>2022-03-05T03:20:14Z</time>
      </trkpt>
      <trkpt lat="33.98507910566307" lon="108.82913883473384">
        <ele>745.55377418641</ele>
        <time>2022-03-05T03:20:20Z</time>
      </trkpt>
      <trkpt lat="33.98483788009243" lon="108.82914253784367">
        <ele>747.4746740255505</ele>
        <time>2022-03-05T03:20:24Z</time>
      </trkpt>
      <trkpt lat="33.984722694292664" lon="108.82911941716208">
        <ele>749.5041863815859</ele>
        <time>2022-03-05T03:20:36Z</time>
      </trkpt>
      <trkpt lat="33.984596685079616" lon="108.82911386346576">
        <ele>758.029254488647</ele>
        <time>2022-03-05T03:22:21Z</time>
      </trkpt>
      <trkpt lat="33.98459664494753" lon="108.82913073912813">
        <ele>759.2233099360019</ele>
        <time>2022-03-05T03:22:37Z</time>
      </trkpt>
      <trkpt lat="33.98438071270403" lon="108.82914032406704">
        <ele>764.4959580879658</ele>
        <time>2022-03-05T03:23:22Z</time>
      </trkpt>
      <trkpt lat="33.984125188588045" lon="108.82916848364847">
        <ele>764.2539505520836</ele>
        <time>2022-03-05T03:23:28Z</time>
      </trkpt>
      <trkpt lat="33.983336841207105" lon="108.82936600937454">
        <ele>758.9017993053421</ele>
        <time>2022-03-05T03:23:32Z</time>
      </trkpt>
      <trkpt lat="33.982939550482904" lon="108.8294613323793">
        <ele>753.4464341718704</ele>
        <time>2022-03-05T03:23:36Z</time>
      </trkpt>
      <trkpt lat="33.982528528131766" lon="108.82938875494466">
        <ele>752.1563058579341</ele>
        <time>2022-03-05T03:23:40Z</time>
      </trkpt>
      <trkpt lat="33.98231840637781" lon="108.8294051864444">
        <ele>750.3682148903608</ele>
        <time>2022-03-05T03:23:42Z</time>
      </trkpt>
      <trkpt lat="33.98211740644878" lon="108.82946451630077">
        <ele>749.3201137576252</ele>
        <time>2022-03-05T03:23:44Z</time>
      </trkpt>
      <trkpt lat="33.98192986736517" lon="108.82958562937559">
        <ele>746.7812046967447</ele>
        <time>2022-03-05T03:23:46Z</time>
      </trkpt>
      <trkpt lat="33.9815987402065" lon="108.82991892932208">
        <ele>743.3746799482033</ele>
        <time>2022-03-05T03:23:50Z</time>
      </trkpt>
      <trkpt lat="33.981253386169115" lon="108.8302235458543">
        <ele>742.6770251924172</ele>
        <time>2022-03-05T03:23:54Z</time>
      </trkpt>
      <trkpt lat="33.98094838696932" lon="108.83061063676635">
        <ele>741.4304052833468</ele>
        <time>2022-03-05T03:23:58Z</time>
      </trkpt>
      <trkpt lat="33.9806348100257" lon="108.8309854131394">
        <ele>739.1645485600457</ele>
        <time>2022-03-05T03:24:02Z</time>
      </trkpt>
      <trkpt lat="33.98048110148968" lon="108.83117807499613">
        <ele>737.8571940390393</ele>
        <time>2022-03-05T03:24:04Z</time>
      </trkpt>
      <trkpt lat="33.980351372387126" lon="108.83139394759297">
        <ele>738.0147747509181</ele>
        <time>2022-03-05T03:24:06Z</time>
      </trkpt>
      <trkpt lat="33.98023571249516" lon="108.83162839441778">
        <ele>737.4289763532579</ele>
        <time>2022-03-05T03:24:08Z</time>
      </trkpt>
      <trkpt lat="33.9800951799671" lon="108.83183547132313">
        <ele>738.4535286594182</ele>
        <time>2022-03-05T03:24:10Z</time>
      </trkpt>
      <trkpt lat="33.979616238576526" lon="108.83234857057626">
        <ele>738.0456253131852</ele>
        <time>2022-03-05T03:24:16Z</time>
      </trkpt>
      <trkpt lat="33.97946893781838" lon="108.83252897323268">
        <ele>738.0150510407984</ele>
        <time>2022-03-05T03:24:18Z</time>
      </trkpt>
      <trkpt lat="33.979347988354895" lon="108.83273046270803">
        <ele>737.3046840401366</ele>
        <time>2022-03-05T03:24:20Z</time>
      </trkpt>
      <trkpt lat="33.97918450139799" lon="108.8332474593221">
        <ele>734.9668783033267</ele>
        <time>2022-03-05T03:24:24Z</time>
      </trkpt>
      <trkpt lat="33.979093003334896" lon="108.83351793691438">
        <ele>734.0528214508668</ele>
        <time>2022-03-05T03:24:26Z</time>
      </trkpt>
      <trkpt lat="33.97895801239106" lon="108.83375793383748">
        <ele>733.8505828287452</ele>
        <time>2022-03-05T03:24:28Z</time>
      </trkpt>
      <trkpt lat="33.978789167561544" lon="108.83394373638203">
        <ele>733.4780393075198</ele>
        <time>2022-03-05T03:24:30Z</time>
      </trkpt>
      <trkpt lat="33.97857242186851" lon="108.8339984482015">
        <ele>734.1447367016226</ele>
        <time>2022-03-05T03:24:32Z</time>
      </trkpt>
      <trkpt lat="33.97836152543568" lon="108.83394377182877">
        <ele>734.9267136156559</ele>
        <time>2022-03-05T03:24:34Z</time>
      </trkpt>
      <trkpt lat="33.97820473977608" lon="108.83378931388958">
        <ele>735.8398969620466</ele>
        <time>2022-03-05T03:24:36Z</time>
      </trkpt>
      <trkpt lat="33.977911065646204" lon="108.83316447565673">
        <ele>738.7758221700788</ele>
        <time>2022-03-05T03:24:42Z</time>
      </trkpt>
      <trkpt lat="33.977817564268065" lon="108.83296403131743">
        <ele>739.3219000129029</ele>
        <time>2022-03-05T03:24:44Z</time>
      </trkpt>
      <trkpt lat="33.97759162106317" lon="108.83270005518487">
        <ele>742.1471810489893</ele>
        <time>2022-03-05T03:24:48Z</time>
      </trkpt>
      <trkpt lat="33.97746410909546" lon="108.8326000735761">
        <ele>742.8701267112046</ele>
        <time>2022-03-05T03:24:50Z</time>
      </trkpt>
      <trkpt lat="33.97733081274418" lon="108.83252420243144">
        <ele>743.7220720266923</ele>
        <time>2022-03-05T03:24:52Z</time>
      </trkpt>
      <trkpt lat="33.977181648095225" lon="108.83254790260236">
        <ele>745.4871705770493</ele>
        <time>2022-03-05T03:24:54Z</time>
      </trkpt>
      <trkpt lat="33.977023710315635" lon="108.83261976070602">
        <ele>746.6082604750991</ele>
        <time>2022-03-05T03:24:56Z</time>
      </trkpt>
      <trkpt lat="33.97690670823435" lon="108.8327580536144">
        <ele>748.0765072535723</ele>
        <time>2022-03-05T03:24:58Z</time>
      </trkpt>
      <trkpt lat="33.976848464102666" lon="108.8329300804405">
        <ele>749.0577178690583</ele>
        <time>2022-03-05T03:25:00Z</time>
      </trkpt>
      <trkpt lat="33.97685607469107" lon="108.83310878589603">
        <ele>748.9520535385236</ele>
        <time>2022-03-05T03:25:02Z</time>
      </trkpt>
      <trkpt lat="33.97690861370449" lon="108.83327280026043">
        <ele>750.6054131863639</ele>
        <time>2022-03-05T03:25:04Z</time>
      </trkpt>
      <trkpt lat="33.976934524443" lon="108.83344020908805">
        <ele>752.5969340056181</ele>
        <time>2022-03-05T03:25:06Z</time>
      </trkpt>
      <trkpt lat="33.977100835705116" lon="108.83387581304702">
        <ele>755.1934594055638</ele>
        <time>2022-03-05T03:25:12Z</time>
      </trkpt>
      <trkpt lat="33.97716282525119" lon="108.83399322498964">
        <ele>756.8260302087292</ele>
        <time>2022-03-05T03:25:14Z</time>
      </trkpt>
      <trkpt lat="33.97719415288114" lon="108.83411703957832">
        <ele>758.4976847348735</ele>
        <time>2022-03-05T03:25:16Z</time>
      </trkpt>
      <trkpt lat="33.97719160560858" lon="108.83423907943656">
        <ele>759.3059477014467</ele>
        <time>2022-03-05T03:25:18Z</time>
      </trkpt>
      <trkpt lat="33.97706746630644" lon="108.83444525801806">
        <ele>761.70300092455</ele>
        <time>2022-03-05T03:25:22Z</time>
      </trkpt>
      <trkpt lat="33.97681838995143" lon="108.83468336007601">
        <ele>761.1636123070493</ele>
        <time>2022-03-05T03:25:28Z</time>
      </trkpt>
      <trkpt lat="33.976416494351405" lon="108.8348954754727">
        <ele>759.6914431201294</ele>
        <time>2022-03-05T03:25:36Z</time>
      </trkpt>
      <trkpt lat="33.97600247752184" lon="108.8350531749365">
        <ele>757.5635928679258</ele>
        <time>2022-03-05T03:25:44Z</time>
      </trkpt>
      <trkpt lat="33.97589328441821" lon="108.83508397001934">
        <ele>757.7249423433095</ele>
        <time>2022-03-05T03:25:46Z</time>
      </trkpt>
      <trkpt lat="33.975449667423334" lon="108.8352679841967">
        <ele>756.3777633532882</ele>
        <time>2022-03-05T03:25:54Z</time>
      </trkpt>
      <trkpt lat="33.97511165671742" lon="108.83546109488061">
        <ele>757.4536152696237</ele>
        <time>2022-03-05T03:26:00Z</time>
      </trkpt>
      <trkpt lat="33.97485393516825" lon="108.83574231482991">
        <ele>758.6384008554742</ele>
        <time>2022-03-05T03:26:06Z</time>
      </trkpt>
      <trkpt lat="33.974715968258984" lon="108.83607806792782">
        <ele>759.7192721748725</ele>
        <time>2022-03-05T03:26:12Z</time>
      </trkpt>
      <trkpt lat="33.97464804801197" lon="108.83619816068784">
        <ele>760.1176660666242</ele>
        <time>2022-03-05T03:26:14Z</time>
      </trkpt>
      <trkpt lat="33.97456980745358" lon="108.83629674965337">
        <ele>760.4075094880536</ele>
        <time>2022-03-05T03:26:16Z</time>
      </trkpt>
      <trkpt lat="33.97447115780928" lon="108.83638163302876">
        <ele>761.7964144451544</ele>
        <time>2022-03-05T03:26:18Z</time>
      </trkpt>
      <trkpt lat="33.974372253153234" lon="108.83643067563315">
        <ele>762.5376326777041</ele>
        <time>2022-03-05T03:26:20Z</time>
      </trkpt>
      <trkpt lat="33.97390754746891" lon="108.83650738376707">
        <ele>765.9831358455122</ele>
        <time>2022-03-05T03:26:28Z</time>
      </trkpt>
      <trkpt lat="33.97362420397804" lon="108.83656835105259">
        <ele>765.1898756362498</ele>
        <time>2022-03-05T03:26:32Z</time>
      </trkpt>
      <trkpt lat="33.97349319164068" lon="108.83663288055382">
        <ele>765.8137477086857</ele>
        <time>2022-03-05T03:26:34Z</time>
      </trkpt>
      <trkpt lat="33.97341846917058" lon="108.83676316629105">
        <ele>765.2581109544262</ele>
        <time>2022-03-05T03:26:36Z</time>
      </trkpt>
      <trkpt lat="33.973329612629676" lon="108.837086303672">
        <ele>765.0307440226898</ele>
        <time>2022-03-05T03:26:40Z</time>
      </trkpt>
      <trkpt lat="33.97331650388046" lon="108.83727086070725">
        <ele>766.1992402430624</ele>
        <time>2022-03-05T03:26:42Z</time>
      </trkpt>
      <trkpt lat="33.97333024384367" lon="108.83745055486881">
        <ele>765.9055667296052</ele>
        <time>2022-03-05T03:26:44Z</time>
      </trkpt>
      <trkpt lat="33.97346920290978" lon="108.8379858983756">
        <ele>766.3274322198704</ele>
        <time>2022-03-05T03:26:50Z</time>
      </trkpt>
      <trkpt lat="33.97356221609679" lon="108.83852818849851">
        <ele>768.074016793631</ele>
        <time>2022-03-05T03:26:56Z</time>
      </trkpt>
      <trkpt lat="33.97359608677226" lon="108.838863213033">
        <ele>768.8558773649856</ele>
        <time>2022-03-05T03:27:00Z</time>
      </trkpt>
      <trkpt lat="33.973558055515795" lon="108.83948666701858">
        <ele>771.7461652420461</ele>
        <time>2022-03-05T03:27:08Z</time>
      </trkpt>
      <trkpt lat="33.97344985730306" lon="108.8400207787703">
        <ele>775.6178070912138</ele>
        <time>2022-03-05T03:27:16Z</time>
      </trkpt>
      <trkpt lat="33.97330172797726" lon="108.84050003035108">
        <ele>781.454513290897</ele>
        <time>2022-03-05T03:27:24Z</time>
      </trkpt>
      <trkpt lat="33.97324188164488" lon="108.84061830510267">
        <ele>782.845993803814</ele>
        <time>2022-03-05T03:27:26Z</time>
      </trkpt>
      <trkpt lat="33.97316620185307" lon="108.84071237289437">
        <ele>784.0009180130437</ele>
        <time>2022-03-05T03:27:28Z</time>
      </trkpt>
      <trkpt lat="33.972984090111176" lon="108.8408514717423">
        <ele>785.4636287065223</ele>
        <time>2022-03-05T03:27:32Z</time>
      </trkpt>
      <trkpt lat="33.97264533219563" lon="108.84094667437638">
        <ele>786.4712146036327</ele>
        <time>2022-03-05T03:27:38Z</time>
      </trkpt>
      <trkpt lat="33.97255530749676" lon="108.84102750083005">
        <ele>786.2737931013107</ele>
        <time>2022-03-05T03:27:40Z</time>
      </trkpt>
      <trkpt lat="33.972503879109134" lon="108.84114250938326">
        <ele>786.1549844499677</ele>
        <time>2022-03-05T03:27:42Z</time>
      </trkpt>
      <trkpt lat="33.972503525326346" lon="108.84128369241236">
        <ele>787.0815009791404</ele>
        <time>2022-03-05T03:27:44Z</time>
      </trkpt>
      <trkpt lat="33.97254050917939" lon="108.84158335858889">
        <ele>788.3195920363069</ele>
        <time>2022-03-05T03:27:48Z</time>
      </trkpt>
      <trkpt lat="33.97254236995749" lon="108.84173295616026">
        <ele>787.1765830507502</ele>
        <time>2022-03-05T03:27:50Z</time>
      </trkpt>
      <trkpt lat="33.97251477353935" lon="108.84188374298225">
        <ele>787.8896736530587</ele>
        <time>2022-03-05T03:27:52Z</time>
      </trkpt>
      <trkpt lat="33.972422972507175" lon="108.84199685558961">
        <ele>788.2344911303371</ele>
        <time>2022-03-05T03:27:54Z</time>
      </trkpt>
      <trkpt lat="33.97230509731186" lon="108.84202936885421">
        <ele>788.7532955510542</ele>
        <time>2022-03-05T03:27:56Z</time>
      </trkpt>
      <trkpt lat="33.972181495065286" lon="108.84201495042953">
        <ele>789.9082239316776</ele>
        <time>2022-03-05T03:27:58Z</time>
      </trkpt>
      <trkpt lat="33.971975028623156" lon="108.8419311214526">
        <ele>789.5426587024704</ele>
        <time>2022-03-05T03:28:02Z</time>
      </trkpt>
      <trkpt lat="33.97165059323744" lon="108.84188144584728">
        <ele>790.803648410365</ele>
        <time>2022-03-05T03:28:08Z</time>
      </trkpt>
      <trkpt lat="33.97135244192072" lon="108.84179166725403">
        <ele>790.5376353487372</ele>
        <time>2022-03-05T03:28:14Z</time>
      </trkpt>
      <trkpt lat="33.970931309760445" lon="108.8417166102907">
        <ele>791.9818647336215</ele>
        <time>2022-03-05T03:28:22Z</time>
      </trkpt>
      <trkpt lat="33.97042006788217" lon="108.84183045368334">
        <ele>790.916023044847</ele>
        <time>2022-03-05T03:28:30Z</time>
      </trkpt>
      <trkpt lat="33.97030772291218" lon="108.84192963102744">
        <ele>791.3087562546134</ele>
        <time>2022-03-05T03:28:32Z</time>
      </trkpt>
      <trkpt lat="33.97012269222122" lon="108.84218418086171">
        <ele>790.8597118798643</ele>
        <time>2022-03-05T03:28:36Z</time>
      </trkpt>
      <trkpt lat="33.97001220779673" lon="108.84227895941146">
        <ele>790.6589316092432</ele>
        <time>2022-03-05T03:28:38Z</time>
      </trkpt>
      <trkpt lat="33.96987029723092" lon="108.84231178006969">
        <ele>790.7412759838626</ele>
        <time>2022-03-05T03:28:40Z</time>
      </trkpt>
      <trkpt lat="33.96971954196536" lon="108.84228218669752">
        <ele>792.6857185764238</ele>
        <time>2022-03-05T03:28:42Z</time>
      </trkpt>
      <trkpt lat="33.969454645192684" lon="108.84214197089696">
        <ele>792.8321748618037</ele>
        <time>2022-03-05T03:28:46Z</time>
      </trkpt>
      <trkpt lat="33.96903640915871" lon="108.84186035450794">
        <ele>797.2501577958465</ele>
        <time>2022-03-05T03:28:54Z</time>
      </trkpt>
      <trkpt lat="33.96881690112445" lon="108.84179315679677">
        <ele>796.927344427444</ele>
        <time>2022-03-05T03:28:58Z</time>
      </trkpt>
      <trkpt lat="33.968678673818914" lon="108.84186031939852">
        <ele>796.5333608370274</ele>
        <time>2022-03-05T03:29:00Z</time>
      </trkpt>
      <trkpt lat="33.968573009926985" lon="108.84197844744341">
        <ele>796.2258345112205</ele>
        <time>2022-03-05T03:29:02Z</time>
      </trkpt>
      <trkpt lat="33.96842454623916" lon="108.84227665823775">
        <ele>795.9643056541681</ele>
        <time>2022-03-05T03:29:06Z</time>
      </trkpt>
      <trkpt lat="33.96833191277815" lon="108.84239619867036">
        <ele>797.4308702843264</ele>
        <time>2022-03-05T03:29:08Z</time>
      </trkpt>
      <trkpt lat="33.968233975219654" lon="108.8424894268928">
        <ele>797.6482153749093</ele>
        <time>2022-03-05T03:29:10Z</time>
      </trkpt>
      <trkpt lat="33.96810973671444" lon="108.84253480510513">
        <ele>798.5822982788086</ele>
        <time>2022-03-05T03:29:12Z</time>
      </trkpt>
      <trkpt lat="33.96756900738106" lon="108.84252197694451">
        <ele>802.1156801795587</ele>
        <time>2022-03-05T03:29:20Z</time>
      </trkpt>
      <trkpt lat="33.96739102857964" lon="108.84248319631071">
        <ele>804.2659096391872</ele>
        <time>2022-03-05T03:29:24Z</time>
      </trkpt>
      <trkpt lat="33.96725368409874" lon="108.84247570493409">
        <ele>803.3929600082338</ele>
        <time>2022-03-05T03:29:28Z</time>
      </trkpt>
      <trkpt lat="33.96706213175796" lon="108.84234329465053">
        <ele>802.9584652110934</ele>
        <time>2022-03-05T03:29:32Z</time>
      </trkpt>
      <trkpt lat="33.96690013207981" lon="108.84219958583607">
        <ele>803.5143987620249</ele>
        <time>2022-03-05T03:29:34Z</time>
      </trkpt>
      <trkpt lat="33.966752977053396" lon="108.84210297658248">
        <ele>804.3057688074186</ele>
        <time>2022-03-05T03:29:36Z</time>
      </trkpt>
      <trkpt lat="33.96638765486754" lon="108.84178236690296">
        <ele>805.7194933015853</ele>
        <time>2022-03-05T03:29:42Z</time>
      </trkpt>
      <trkpt lat="33.96612008549838" lon="108.84145816628498">
        <ele>806.8370592296124</ele>
        <time>2022-03-05T03:29:48Z</time>
      </trkpt>
      <trkpt lat="33.96580551901642" lon="108.84094212087977">
        <ele>809.8813037183136</ele>
        <time>2022-03-05T03:29:56Z</time>
      </trkpt>
      <trkpt lat="33.965552029465464" lon="108.84065774445682">
        <ele>808.6523220408708</ele>
        <time>2022-03-05T03:30:02Z</time>
      </trkpt>
      <trkpt lat="33.96515739498315" lon="108.84032550267152">
        <ele>808.9808197394013</ele>
        <time>2022-03-05T03:30:10Z</time>
      </trkpt>
      <trkpt lat="33.9647414890833" lon="108.8400883760203">
        <ele>809.3013568138704</ele>
        <time>2022-03-05T03:30:18Z</time>
      </trkpt>
      <trkpt lat="33.96442205152797" lon="108.83992672002996">
        <ele>810.7887786515057</ele>
        <time>2022-03-05T03:30:24Z</time>
      </trkpt>
      <trkpt lat="33.96403171634032" lon="108.83984718322475">
        <ele>813.8788364492357</ele>
        <time>2022-03-05T03:30:32Z</time>
      </trkpt>
      <trkpt lat="33.96356220761979" lon="108.83981888267375">
        <ele>816.1502072550356</ele>
        <time>2022-03-05T03:30:42Z</time>
      </trkpt>
      <trkpt lat="33.96308067770638" lon="108.83985319061131">
        <ele>817.8402179926634</ele>
        <time>2022-03-05T03:30:54Z</time>
      </trkpt>
      <trkpt lat="33.96286786754288" lon="108.8399643009354">
        <ele>818.6431970559061</ele>
        <time>2022-03-05T03:31:00Z</time>
      </trkpt>
      <trkpt lat="33.962475729009824" lon="108.84028464159832">
        <ele>820.7463238481432</ele>
        <time>2022-03-05T03:31:12Z</time>
      </trkpt>
      <trkpt lat="33.962092200222564" lon="108.84063058307956">
        <ele>822.6842055106536</ele>
        <time>2022-03-05T03:31:22Z</time>
      </trkpt>
      <trkpt lat="33.961710407086315" lon="108.84102737714072">
        <ele>826.5900618778542</ele>
        <time>2022-03-05T03:31:32Z</time>
      </trkpt>
      <trkpt lat="33.96128280039121" lon="108.84141844226153">
        <ele>829.1806734614074</ele>
        <time>2022-03-05T03:31:42Z</time>
      </trkpt>
      <trkpt lat="33.96084056305369" lon="108.84178956462526">
        <ele>830.9818823710084</ele>
        <time>2022-03-05T03:31:52Z</time>
      </trkpt>
      <trkpt lat="33.960646474564086" lon="108.84187823953918">
        <ele>832.7557190787047</ele>
        <time>2022-03-05T03:31:56Z</time>
      </trkpt>
      <trkpt lat="33.96016690287317" lon="108.84190005016188">
        <ele>833.5060814609751</ele>
        <time>2022-03-05T03:32:04Z</time>
      </trkpt>
      <trkpt lat="33.95980356744014" lon="108.84186792951591">
        <ele>833.5678851353005</ele>
        <time>2022-03-05T03:32:10Z</time>
      </trkpt>
      <trkpt lat="33.95946578884743" lon="108.84177277785923">
        <ele>835.6282478412613</ele>
        <time>2022-03-05T03:32:16Z</time>
      </trkpt>
      <trkpt lat="33.95925546745614" lon="108.84165825597997">
        <ele>836.8447028724477</ele>
        <time>2022-03-05T03:32:20Z</time>
      </trkpt>
      <trkpt lat="33.95876518407064" lon="108.84141794528826">
        <ele>846.2943751681596</ele>
        <time>2022-03-05T03:32:30Z</time>
      </trkpt>
      <trkpt lat="33.958486929070375" lon="108.84130369542177">
        <ele>853.0490607311949</ele>
        <time>2022-03-05T03:32:36Z</time>
      </trkpt>
      <trkpt lat="33.95821848694785" lon="108.84128142906832">
        <ele>857.8526273416355</ele>
        <time>2022-03-05T03:32:42Z</time>
      </trkpt>
      <trkpt lat="33.95780817473706" lon="108.84132215934046">
        <ele>863.4221680657938</ele>
        <time>2022-03-05T03:32:50Z</time>
      </trkpt>
      <trkpt lat="33.957630086569885" lon="108.84129170492294">
        <ele>866.8481058003381</ele>
        <time>2022-03-05T03:32:54Z</time>
      </trkpt>
      <trkpt lat="33.957548501054504" lon="108.84125117148878">
        <ele>869.4428935246542</ele>
        <time>2022-03-05T03:32:56Z</time>
      </trkpt>
      <trkpt lat="33.95740041330132" lon="108.84122404986554">
        <ele>872.1834979020059</ele>
        <time>2022-03-05T03:33:00Z</time>
      </trkpt>
      <trkpt lat="33.95717443242328" lon="108.84125376272287">
        <ele>876.9316995227709</ele>
        <time>2022-03-05T03:33:06Z</time>
      </trkpt>
      <trkpt lat="33.957050846892926" lon="108.84132143796855">
        <ele>879.3769662044942</ele>
        <time>2022-03-05T03:33:10Z</time>
      </trkpt>
      <trkpt lat="33.95669005673434" lon="108.84168701474907">
        <ele>881.1866851942614</ele>
        <time>2022-03-05T03:33:20Z</time>
      </trkpt>
      <trkpt lat="33.9564200449476" lon="108.84196006292744">
        <ele>878.6734812529758</ele>
        <time>2022-03-05T03:33:28Z</time>
      </trkpt>
      <trkpt lat="33.956318492077585" lon="108.84213637817118">
        <ele>877.277708100155</ele>
        <time>2022-03-05T03:33:32Z</time>
      </trkpt>
      <trkpt lat="33.9562810442998" lon="108.8422431343737">
        <ele>876.4869510754943</ele>
        <time>2022-03-05T03:33:34Z</time>
      </trkpt>
      <trkpt lat="33.956257957636204" lon="108.84289814470858">
        <ele>876.0846599694341</ele>
        <time>2022-03-05T03:33:44Z</time>
      </trkpt>
      <trkpt lat="33.956244307594886" lon="108.84315643120553">
        <ele>876.6213813330978</ele>
        <time>2022-03-05T03:33:48Z</time>
      </trkpt>
      <trkpt lat="33.95613132419873" lon="108.84367390455357">
        <ele>876.6544217178598</ele>
        <time>2022-03-05T03:33:56Z</time>
      </trkpt>
      <trkpt lat="33.95600965816248" lon="108.84392138084108">
        <ele>876.1259853262454</ele>
        <time>2022-03-05T03:34:00Z</time>
      </trkpt>
      <trkpt lat="33.955698791154475" lon="108.844338473808">
        <ele>873.0434479238465</ele>
        <time>2022-03-05T03:34:10Z</time>
      </trkpt>
      <trkpt lat="33.95564069641363" lon="108.84440766702319">
        <ele>872.3261002944782</ele>
        <time>2022-03-05T03:34:12Z</time>
      </trkpt>
      <trkpt lat="33.95548506658989" lon="108.84449725917696">
        <ele>872.3977661989629</ele>
        <time>2022-03-05T03:34:16Z</time>
      </trkpt>
      <trkpt lat="33.95492053124654" lon="108.8446545715191">
        <ele>878.0534696485847</ele>
        <time>2022-03-05T03:34:30Z</time>
      </trkpt>
      <trkpt lat="33.95454329778084" lon="108.8447246587435">
        <ele>880.590684662573</ele>
        <time>2022-03-05T03:34:40Z</time>
      </trkpt>
      <trkpt lat="33.954052295981384" lon="108.84482321047865">
        <ele>882.4014375153929</ele>
        <time>2022-03-05T03:34:52Z</time>
      </trkpt>
      <trkpt lat="33.953717864331665" lon="108.84485182655779">
        <ele>883.8763865167275</ele>
        <time>2022-03-05T03:35:00Z</time>
      </trkpt>
      <trkpt lat="33.95348047793408" lon="108.84479376969054">
        <ele>886.4135581692681</ele>
        <time>2022-03-05T03:35:06Z</time>
      </trkpt>
      <trkpt lat="33.95334005545878" lon="108.84481052946413">
        <ele>887.099253536202</ele>
        <time>2022-03-05T03:35:10Z</time>
      </trkpt>
      <trkpt lat="33.95313265999365" lon="108.84489070593773">
        <ele>887.4126207688823</ele>
        <time>2022-03-05T03:35:16Z</time>
      </trkpt>
      <trkpt lat="33.9526975280034" lon="108.84515746103439">
        <ele>890.047371217981</ele>
        <time>2022-03-05T03:35:28Z</time>
      </trkpt>
      <trkpt lat="33.9524413053358" lon="108.84534930117461">
        <ele>892.4363797558472</ele>
        <time>2022-03-05T03:35:36Z</time>
      </trkpt>
      <trkpt lat="33.95225072462384" lon="108.84554821427817">
        <ele>894.7127812281251</ele>
        <time>2022-03-05T03:35:44Z</time>
      </trkpt>
      <trkpt lat="33.95217820806138" lon="108.84566337295436">
        <ele>894.9444772247225</ele>
        <time>2022-03-05T03:35:48Z</time>
      </trkpt>
      <trkpt lat="33.952075839800315" lon="108.8457464349299">
        <ele>895.3898665234447</ele>
        <time>2022-03-05T03:35:52Z</time>
      </trkpt>
      <trkpt lat="33.95195775233213" lon="108.84580119392714">
        <ele>896.9132787398994</ele>
        <time>2022-03-05T03:35:56Z</time>
      </trkpt>
      <trkpt lat="33.95187366882579" lon="108.84581848818895">
        <ele>897.8868674477562</ele>
        <time>2022-03-05T03:36:00Z</time>
      </trkpt>
      <trkpt lat="33.951774286545195" lon="108.84581097614505">
        <ele>899.25060156174</ele>
        <time>2022-03-05T03:36:04Z</time>
      </trkpt>
      <trkpt lat="33.95157539158079" lon="108.84569255333616">
        <ele>901.1926014041528</ele>
        <time>2022-03-05T03:36:12Z</time>
      </trkpt>
      <trkpt lat="33.951482101831644" lon="108.84560490582113">
        <ele>902.4535545492545</ele>
        <time>2022-03-05T03:36:16Z</time>
      </trkpt>
      <trkpt lat="33.951336788451684" lon="108.8454107037915">
        <ele>906.479516335763</ele>
        <time>2022-03-05T03:36:24Z</time>
      </trkpt>
      <trkpt lat="33.95126555400864" lon="108.84533901941381">
        <ele>907.4636414591223</ele>
        <time>2022-03-05T03:36:27Z</time>
      </trkpt>
      <trkpt lat="33.951125409920586" lon="108.84510901725498">
        <ele>909.5281790243462</ele>
        <time>2022-03-05T03:36:35Z</time>
      </trkpt>
      <trkpt lat="33.951082566254364" lon="108.84496662267732">
        <ele>910.7689926885068</ele>
        <time>2022-03-05T03:36:39Z</time>
      </trkpt>
      <trkpt lat="33.95104322006432" lon="108.844660308204">
        <ele>912.3813936021179</ele>
        <time>2022-03-05T03:36:47Z</time>
      </trkpt>
      <trkpt lat="33.950966938103136" lon="108.8444399134534">
        <ele>914.0939056640491</ele>
        <time>2022-03-05T03:36:53Z</time>
      </trkpt>
      <trkpt lat="33.95094490487912" lon="108.84389768601929">
        <ele>917.5348630174994</ele>
        <time>2022-03-05T03:37:05Z</time>
      </trkpt>
      <trkpt lat="33.9509184535368" lon="108.84380856139734">
        <ele>918.2391248233616</ele>
        <time>2022-03-05T03:37:07Z</time>
      </trkpt>
      <trkpt lat="33.95057302966581" lon="108.84365037584286">
        <ele>921.7394328182563</ele>
        <time>2022-03-05T03:37:15Z</time>
      </trkpt>
      <trkpt lat="33.95046575936748" lon="108.8435618676296">
        <ele>921.8681377451867</ele>
        <time>2022-03-05T03:37:17Z</time>
      </trkpt>
      <trkpt lat="33.95044181500004" lon="108.84334660283282">
        <ele>920.8065294614062</ele>
        <time>2022-03-05T03:37:19Z</time>
      </trkpt>
      <trkpt lat="33.9502063566543" lon="108.84319462307026">
        <ele>921.2158960038796</ele>
        <time>2022-03-05T03:37:23Z</time>
      </trkpt>
      <trkpt lat="33.94997925447115" lon="108.84309949215981">
        <ele>922.6332009918988</ele>
        <time>2022-03-05T03:37:27Z</time>
      </trkpt>
      <trkpt lat="33.949556402165676" lon="108.84303786085536">
        <ele>925.4284264678136</ele>
        <time>2022-03-05T03:37:35Z</time>
      </trkpt>
      <trkpt lat="33.949449874022704" lon="108.8430586833993">
        <ele>933.7871757205576</ele>
        <time>2022-03-05T03:37:37Z</time>
      </trkpt>
      <trkpt lat="33.94908163377362" lon="108.84320477192625">
        <ele>959.8398598711938</ele>
        <time>2022-03-05T03:37:45Z</time>
      </trkpt>
      <trkpt lat="33.94864147621727" lon="108.84324109785284">
        <ele>962.0814520092681</ele>
        <time>2022-03-05T03:37:55Z</time>
      </trkpt>
      <trkpt lat="33.94847932997963" lon="108.84324739612745">
        <ele>960.9166523115709</ele>
        <time>2022-03-05T03:37:59Z</time>
      </trkpt>
      <trkpt lat="33.948336208580315" lon="108.84312173752541">
        <ele>957.8338787583634</ele>
        <time>2022-03-05T03:38:03Z</time>
      </trkpt>
      <trkpt lat="33.9481107310462" lon="108.842769045289">
        <ele>952.0092067029327</ele>
        <time>2022-03-05T03:38:13Z</time>
      </trkpt>
      <trkpt lat="33.948073201333905" lon="108.84267182791687">
        <ele>951.7472573146224</ele>
        <time>2022-03-05T03:38:16Z</time>
      </trkpt>
      <trkpt lat="33.94777202986009" lon="108.84231433411114">
        <ele>955.8134332895279</ele>
        <time>2022-03-05T03:38:32Z</time>
      </trkpt>
      <trkpt lat="33.947483802899484" lon="108.84217107424561">
        <ele>953.4969786917791</ele>
        <time>2022-03-05T03:38:44Z</time>
      </trkpt>
      <trkpt lat="33.94706578014656" lon="108.84217206662596">
        <ele>950.9431625464931</ele>
        <time>2022-03-05T03:38:56Z</time>
      </trkpt>
      <trkpt lat="33.94672416242783" lon="108.84221676151027">
        <ele>950.5452644014731</ele>
        <time>2022-03-05T03:39:08Z</time>
      </trkpt>
      <trkpt lat="33.94647716390427" lon="108.84228789985285">
        <ele>952.4421282876283</ele>
        <time>2022-03-05T03:39:16Z</time>
      </trkpt>
      <trkpt lat="33.946366677044196" lon="108.84229340630284">
        <ele>953.2904704203829</ele>
        <time>2022-03-05T03:39:20Z</time>
      </trkpt>
      <trkpt lat="33.94622411314254" lon="108.84234592517967">
        <ele>953.7319569485262</ele>
        <time>2022-03-05T03:39:24Z</time>
      </trkpt>
      <trkpt lat="33.946058327471334" lon="108.84238112266715">
        <ele>952.5963595630601</ele>
        <time>2022-03-05T03:39:28Z</time>
      </trkpt>
      <trkpt lat="33.94556358570592" lon="108.84244628508611">
        <ele>960.0714043891057</ele>
        <time>2022-03-05T03:39:40Z</time>
      </trkpt>
      <trkpt lat="33.945311990183626" lon="108.84248508152025">
        <ele>962.42885140609</ele>
        <time>2022-03-05T03:39:46Z</time>
      </trkpt>
      <trkpt lat="33.945107413846614" lon="108.84253526016475">
        <ele>962.8638356374577</ele>
        <time>2022-03-05T03:39:50Z</time>
      </trkpt>
      <trkpt lat="33.94496826019469" lon="108.8425462547268">
        <ele>965.220218363218</ele>
        <time>2022-03-05T03:39:54Z</time>
      </trkpt>
      <trkpt lat="33.94462887602351" lon="108.84261519415605">
        <ele>972.0530078411102</ele>
        <time>2022-03-05T03:40:04Z</time>
      </trkpt>
      <trkpt lat="33.94450793527339" lon="108.84267426666882">
        <ele>974.8061697278172</ele>
        <time>2022-03-05T03:40:08Z</time>
      </trkpt>
      <trkpt lat="33.94438944575866" lon="108.84269036847569">
        <ele>975.8630305947736</ele>
        <time>2022-03-05T03:40:12Z</time>
      </trkpt>
      <trkpt lat="33.944263305917936" lon="108.84273042911562">
        <ele>977.2324643786997</ele>
        <time>2022-03-05T03:40:16Z</time>
      </trkpt>
      <trkpt lat="33.944161240034425" lon="108.8427265317677">
        <ele>978.4303687689826</ele>
        <time>2022-03-05T03:40:20Z</time>
      </trkpt>
      <trkpt lat="33.94373566365727" lon="108.8428473691064">
        <ele>982.002115082927</ele>
        <time>2022-03-05T03:40:36Z</time>
      </trkpt>
      <trkpt lat="33.94324680223282" lon="108.84298063166126">
        <ele>984.7955479752272</ele>
        <time>2022-03-05T03:40:56Z</time>
      </trkpt>
      <trkpt lat="33.94304661642615" lon="108.84308363435815">
        <ele>986.2947722841054</ele>
        <time>2022-03-05T03:41:04Z</time>
      </trkpt>
      <trkpt lat="33.94277522562957" lon="108.84329496652319">
        <ele>990.7085799584165</ele>
        <time>2022-03-05T03:41:16Z</time>
      </trkpt>
      <trkpt lat="33.94237024006244" lon="108.84372136448923">
        <ele>997.5564633458853</ele>
        <time>2022-03-05T03:41:36Z</time>
      </trkpt>
      <trkpt lat="33.94224706662421" lon="108.84397263143988">
        <ele>997.5977757442743</ele>
        <time>2022-03-05T03:41:44Z</time>
      </trkpt>
      <trkpt lat="33.94217347516364" lon="108.8440839889125">
        <ele>998.0515486681834</ele>
        <time>2022-03-05T03:41:48Z</time>
      </trkpt>
      <trkpt lat="33.941982517804796" lon="108.84424129801461">
        <ele>997.0095329498872</ele>
        <time>2022-03-05T03:41:56Z</time>
      </trkpt>
      <trkpt lat="33.941750195519106" lon="108.84424262263586">
        <ele>995.1409968240187</ele>
        <time>2022-03-05T03:42:04Z</time>
      </trkpt>
      <trkpt lat="33.94155587356988" lon="108.84411891068079">
        <ele>996.8457237491384</ele>
        <time>2022-03-05T03:42:12Z</time>
      </trkpt>
      <trkpt lat="33.941371490801146" lon="108.84393269116153">
        <ele>1000.2131257681176</ele>
        <time>2022-03-05T03:42:20Z</time>
      </trkpt>
      <trkpt lat="33.94120264202115" lon="108.84370154922192">
        <ele>1005.347176858224</ele>
        <time>2022-03-05T03:42:28Z</time>
      </trkpt>
      <trkpt lat="33.94112564894559" lon="108.84370415646018">
        <ele>1008.1464150324464</ele>
        <time>2022-03-05T03:42:30Z</time>
      </trkpt>
      <trkpt lat="33.94097720590774" lon="108.84342931985765">
        <ele>1009.2209632424638</ele>
        <time>2022-03-05T03:42:34Z</time>
      </trkpt>
      <trkpt lat="33.940812481084606" lon="108.84322368093441">
        <ele>1010.1885700579733</ele>
        <time>2022-03-05T03:42:38Z</time>
      </trkpt>
      <trkpt lat="33.94044620861623" lon="108.84293712897504">
        <ele>1014.0308568635955</ele>
        <time>2022-03-05T03:42:46Z</time>
      </trkpt>
      <trkpt lat="33.94035597953351" lon="108.84288680511685">
        <ele>1015.4773909272626</ele>
        <time>2022-03-05T03:42:48Z</time>
      </trkpt>
      <trkpt lat="33.940170310741564" lon="108.8427482913864">
        <ele>1015.3834438733757</ele>
        <time>2022-03-05T03:42:52Z</time>
      </trkpt>
      <trkpt lat="33.94003961865912" lon="108.84271782300506">
        <ele>1018.1741073904559</ele>
        <time>2022-03-05T03:42:56Z</time>
      </trkpt>
      <trkpt lat="33.939955036084676" lon="108.8427306889155">
        <ele>1018.5192461656407</ele>
        <time>2022-03-05T03:42:58Z</time>
      </trkpt>
      <trkpt lat="33.939819533668164" lon="108.84281230972701">
        <ele>1019.765141973272</ele>
        <time>2022-03-05T03:43:02Z</time>
      </trkpt>
      <trkpt lat="33.93963837305255" lon="108.84299821326881">
        <ele>1020.6985037345439</ele>
        <time>2022-03-05T03:43:08Z</time>
      </trkpt>
      <trkpt lat="33.9395178469225" lon="108.8430602007625">
        <ele>1019.2338756499812</ele>
        <time>2022-03-05T03:43:12Z</time>
      </trkpt>
      <trkpt lat="33.939065578625005" lon="108.84306372405305">
        <ele>1019.867135767825</ele>
        <time>2022-03-05T03:43:26Z</time>
      </trkpt>
      <trkpt lat="33.938815340384124" lon="108.84309519264067">
        <ele>1024.2168703796342</ele>
        <time>2022-03-05T03:43:34Z</time>
      </trkpt>
      <trkpt lat="33.93869262017446" lon="108.84313271603018">
        <ele>1025.2384202014655</ele>
        <time>2022-03-05T03:43:38Z</time>
      </trkpt>
      <trkpt lat="33.938482272418625" lon="108.84323088870461">
        <ele>1026.4659876301885</ele>
        <time>2022-03-05T03:43:46Z</time>
      </trkpt>
      <trkpt lat="33.938277777998934" lon="108.84327395825885">
        <ele>1026.7250354820862</ele>
        <time>2022-03-05T03:43:52Z</time>
      </trkpt>
      <trkpt lat="33.937842175252605" lon="108.84329402829461">
        <ele>1031.8919123001397</ele>
        <time>2022-03-05T03:44:04Z</time>
      </trkpt>
      <trkpt lat="33.93750874574816" lon="108.84334901597909">
        <ele>1040.0525670750067</ele>
        <time>2022-03-05T03:44:15Z</time>
      </trkpt>
      <trkpt lat="33.93708972063779" lon="108.84330556639127">
        <ele>1042.5190514493734</ele>
        <time>2022-03-05T03:44:23Z</time>
      </trkpt>
      <trkpt lat="33.93695221705154" lon="108.84332503619764">
        <ele>1041.2094915043563</ele>
        <time>2022-03-05T03:44:25Z</time>
      </trkpt>
      <trkpt lat="33.936787289029475" lon="108.84328122671016">
        <ele>1042.6428727116436</ele>
        <time>2022-03-05T03:44:27Z</time>
      </trkpt>
      <trkpt lat="33.93633380332747" lon="108.84304707833257">
        <ele>1040.2594241080806</ele>
        <time>2022-03-05T03:44:34Z</time>
      </trkpt>
      <trkpt lat="33.93609190722649" lon="108.84286502586063">
        <ele>1040.1017685486004</ele>
        <time>2022-03-05T03:44:38Z</time>
      </trkpt>
      <trkpt lat="33.93574053852603" lon="108.84267535446666">
        <ele>1041.0716489804909</ele>
        <time>2022-03-05T03:44:44Z</time>
      </trkpt>
      <trkpt lat="33.935617306656134" lon="108.84265090956488">
        <ele>1041.477193173021</ele>
        <time>2022-03-05T03:44:46Z</time>
      </trkpt>
      <trkpt lat="33.93548347125016" lon="108.84265427686962">
        <ele>1043.0629715686664</ele>
        <time>2022-03-05T03:44:48Z</time>
      </trkpt>
      <trkpt lat="33.93536167678307" lon="108.842684993071">
        <ele>1042.6472539491951</ele>
        <time>2022-03-05T03:44:50Z</time>
      </trkpt>
      <trkpt lat="33.93493808535985" lon="108.84310270995731">
        <ele>1044.4812125461176</ele>
        <time>2022-03-05T03:44:58Z</time>
      </trkpt>
      <trkpt lat="33.9346616333077" lon="108.84345823767538">
        <ele>1046.2874842742458</ele>
        <time>2022-03-05T03:45:04Z</time>
      </trkpt>
      <trkpt lat="33.9343596697757" lon="108.84397462915283">
        <ele>1048.1535591185093</ele>
        <time>2022-03-05T03:45:12Z</time>
      </trkpt>
      <trkpt lat="33.93427659501215" lon="108.8440784445354">
        <ele>1049.4557158034295</ele>
        <time>2022-03-05T03:45:14Z</time>
      </trkpt>
      <trkpt lat="33.93405198134923" lon="108.8442373546361">
        <ele>1051.28835983295</ele>
        <time>2022-03-05T03:45:18Z</time>
      </trkpt>
      <trkpt lat="33.93356785756929" lon="108.84440265084537">
        <ele>1051.789005290717</ele>
        <time>2022-03-05T03:45:26Z</time>
      </trkpt>
      <trkpt lat="33.933137992668975" lon="108.84456790274226">
        <ele>1051.5924802897498</ele>
        <time>2022-03-05T03:45:38Z</time>
      </trkpt>
      <trkpt lat="33.93269036811053" lon="108.84473672522539">
        <ele>1054.8780845943838</ele>
        <time>2022-03-05T03:45:54Z</time>
      </trkpt>
      <trkpt lat="33.93243176339609" lon="108.84482300259717">
        <ele>1056.4896815959364</ele>
        <time>2022-03-05T03:46:02Z</time>
      </trkpt>
      <trkpt lat="33.93206052086577" lon="108.84489036913003">
        <ele>1062.9374644812196</ele>
        <time>2022-03-05T03:46:10Z</time>
      </trkpt>
      <trkpt lat="33.9318890279807" lon="108.84483758368945">
        <ele>1066.2354290746152</ele>
        <time>2022-03-05T03:46:14Z</time>
      </trkpt>
      <trkpt lat="33.93172059654618" lon="108.84472675684094">
        <ele>1068.4884017035365</ele>
        <time>2022-03-05T03:46:18Z</time>
      </trkpt>
      <trkpt lat="33.931651880830884" lon="108.84464086189078">
        <ele>1067.7915342440829</ele>
        <time>2022-03-05T03:46:20Z</time>
      </trkpt>
      <trkpt lat="33.93149513564733" lon="108.84429128816271">
        <ele>1067.7340415762737</ele>
        <time>2022-03-05T03:46:26Z</time>
      </trkpt>
      <trkpt lat="33.93146311702336" lon="108.84416947231614">
        <ele>1064.2544147437438</ele>
        <time>2022-03-05T03:46:28Z</time>
      </trkpt>
      <trkpt lat="33.93141264773988" lon="108.8440588863064">
        <ele>1063.842079564929</ele>
        <time>2022-03-05T03:46:30Z</time>
      </trkpt>
      <trkpt lat="33.93139819875431" lon="108.84394443447474">
        <ele>1063.4688668241724</ele>
        <time>2022-03-05T03:46:32Z</time>
      </trkpt>
      <trkpt lat="33.93126420879339" lon="108.84374981386998">
        <ele>1064.2097757421434</ele>
        <time>2022-03-05T03:46:36Z</time>
      </trkpt>
      <trkpt lat="33.93094190481902" lon="108.84339950807968">
        <ele>1065.1811319161206</ele>
        <time>2022-03-05T03:46:44Z</time>
      </trkpt>
      <trkpt lat="33.930860643499415" lon="108.8433112057475">
        <ele>1064.5654497109354</ele>
        <time>2022-03-05T03:46:46Z</time>
      </trkpt>
      <trkpt lat="33.93068782482019" lon="108.84317808163422">
        <ele>1064.9662023801357</ele>
        <time>2022-03-05T03:46:50Z</time>
      </trkpt>
      <trkpt lat="33.93049767288566" lon="108.84309083785247">
        <ele>1066.9280140949413</ele>
        <time>2022-03-05T03:46:54Z</time>
      </trkpt>
      <trkpt lat="33.93018678260188" lon="108.84299650932454">
        <ele>1068.0770962238312</ele>
        <time>2022-03-05T03:47:00Z</time>
      </trkpt>
      <trkpt lat="33.930071696522894" lon="108.84299479884032">
        <ele>1068.4693434955552</ele>
        <time>2022-03-05T03:47:02Z</time>
      </trkpt>
      <trkpt lat="33.92996467173038" lon="108.84304666682071">
        <ele>1069.8372308444232</ele>
        <time>2022-03-05T03:47:04Z</time>
      </trkpt>
      <trkpt lat="33.92953346379448" lon="108.84343122910094">
        <ele>1076.3600729154423</ele>
        <time>2022-03-05T03:47:14Z</time>
      </trkpt>
      <trkpt lat="33.929292369618814" lon="108.8436400309573">
        <ele>1080.3189459256828</ele>
        <time>2022-03-05T03:47:20Z</time>
      </trkpt>
      <trkpt lat="33.92901681742409" lon="108.8437169362505">
        <ele>1083.3355168551207</ele>
        <time>2022-03-05T03:47:26Z</time>
      </trkpt>
      <trkpt lat="33.92882522268048" lon="108.84371487136545">
        <ele>1086.401848508045</ele>
        <time>2022-03-05T03:47:30Z</time>
      </trkpt>
      <trkpt lat="33.928670126618385" lon="108.8436533490693">
        <ele>1087.3612517230213</ele>
        <time>2022-03-05T03:47:34Z</time>
      </trkpt>
      <trkpt lat="33.928394744295254" lon="108.84348975295121">
        <ele>1088.3146690009162</ele>
        <time>2022-03-05T03:47:40Z</time>
      </trkpt>
      <trkpt lat="33.92831112116994" lon="108.84341260247159">
        <ele>1088.9385509677231</ele>
        <time>2022-03-05T03:47:42Z</time>
      </trkpt>
      <trkpt lat="33.92820800315609" lon="108.84337661782651">
        <ele>1088.5377261247486</ele>
        <time>2022-03-05T03:47:44Z</time>
      </trkpt>
      <trkpt lat="33.92798482241663" lon="108.84342624147448">
        <ele>1087.5742785390466</ele>
        <time>2022-03-05T03:47:48Z</time>
      </trkpt>
      <trkpt lat="33.92789530340252" lon="108.84349917233247">
        <ele>1086.657129187137</ele>
        <time>2022-03-05T03:47:50Z</time>
      </trkpt>
      <trkpt lat="33.92774422925897" lon="108.8438079329299">
        <ele>1086.552791133523</ele>
        <time>2022-03-05T03:47:56Z</time>
      </trkpt>
      <trkpt lat="33.927669106410725" lon="108.84415127134321">
        <ele>1087.7994715142995</ele>
        <time>2022-03-05T03:48:02Z</time>
      </trkpt>
      <trkpt lat="33.927672329600696" lon="108.84467786143841">
        <ele>1090.3618963006884</ele>
        <time>2022-03-05T03:48:10Z</time>
      </trkpt>
      <trkpt lat="33.92764758993314" lon="108.84494271084476">
        <ele>1090.8338604876772</ele>
        <time>2022-03-05T03:48:14Z</time>
      </trkpt>
      <trkpt lat="33.92754110093192" lon="108.84514220859342">
        <ele>1091.590241880156</ele>
        <time>2022-03-05T03:48:18Z</time>
      </trkpt>
      <trkpt lat="33.92708169445325" lon="108.8454816757191">
        <ele>1090.1726059047505</ele>
        <time>2022-03-05T03:48:34Z</time>
      </trkpt>
      <trkpt lat="33.92681459185649" lon="108.84569447668557">
        <ele>1096.2559611108154</ele>
        <time>2022-03-05T03:48:44Z</time>
      </trkpt>
      <trkpt lat="33.926512826503284" lon="108.84608717326842">
        <ele>1098.427709727548</ele>
        <time>2022-03-05T03:48:58Z</time>
      </trkpt>
      <trkpt lat="33.926339341207104" lon="108.84630848524752">
        <ele>1104.4692450175062</ele>
        <time>2022-03-05T03:49:02Z</time>
      </trkpt>
      <trkpt lat="33.92614985320127" lon="108.84669631290882">
        <ele>1103.2110042497516</ele>
        <time>2022-03-05T03:49:10Z</time>
      </trkpt>
      <trkpt lat="33.925990405587854" lon="108.84727700677574">
        <ele>1100.6690393257886</ele>
        <time>2022-03-05T03:49:20Z</time>
      </trkpt>
      <trkpt lat="33.92594158560209" lon="108.8478806728557">
        <ele>1105.124213019386</ele>
        <time>2022-03-05T03:49:30Z</time>
      </trkpt>
      <trkpt lat="33.92592074240484" lon="108.84824077015298">
        <ele>1107.300498213619</ele>
        <time>2022-03-05T03:49:36Z</time>
      </trkpt>
      <trkpt lat="33.92586439526524" lon="108.84846269001386">
        <ele>1107.6226986562833</ele>
        <time>2022-03-05T03:49:40Z</time>
      </trkpt>
      <trkpt lat="33.925802036994035" lon="108.84853984684938">
        <ele>1107.5389706529677</ele>
        <time>2022-03-05T03:49:42Z</time>
      </trkpt>
      <trkpt lat="33.925636277245225" lon="108.84860661704985">
        <ele>1107.4520294135436</ele>
        <time>2022-03-05T03:49:46Z</time>
      </trkpt>
      <trkpt lat="33.925143100384844" lon="108.8487118794476">
        <ele>1109.0541045563295</ele>
        <time>2022-03-05T03:49:58Z</time>
      </trkpt>
      <trkpt lat="33.925069205317264" lon="108.8487194936111">
        <ele>1110.2066271649674</ele>
        <time>2022-03-05T03:50:00Z</time>
      </trkpt>
      <trkpt lat="33.92488799986774" lon="108.8486618351767">
        <ele>1111.533950011246</ele>
        <time>2022-03-05T03:50:04Z</time>
      </trkpt>
      <trkpt lat="33.92450468425157" lon="108.84835755503094">
        <ele>1114.6832831511274</ele>
        <time>2022-03-05T03:50:14Z</time>
      </trkpt>
      <trkpt lat="33.924329964918186" lon="108.8482734750674">
        <ele>1117.7561416383833</ele>
        <time>2022-03-05T03:50:18Z</time>
      </trkpt>
      <trkpt lat="33.924125305101015" lon="108.84827405744947">
        <ele>1120.2704866509885</ele>
        <time>2022-03-05T03:50:22Z</time>
      </trkpt>
      <trkpt lat="33.923728096113386" lon="108.84843406451049">
        <ele>1122.286693815142</ele>
        <time>2022-03-05T03:50:32Z</time>
      </trkpt>
      <trkpt lat="33.92365498060453" lon="108.84848461186456">
        <ele>1121.6927674952894</ele>
        <time>2022-03-05T03:50:34Z</time>
      </trkpt>
      <trkpt lat="33.92354317968927" lon="108.84863306625087">
        <ele>1121.7999819815159</ele>
        <time>2022-03-05T03:50:38Z</time>
      </trkpt>
      <trkpt lat="33.92337119088831" lon="108.84893501185466">
        <ele>1124.1421804353595</ele>
        <time>2022-03-05T03:50:46Z</time>
      </trkpt>
      <trkpt lat="33.92314828480155" lon="108.84917841996541">
        <ele>1125.4925150023773</ele>
        <time>2022-03-05T03:50:54Z</time>
      </trkpt>
      <trkpt lat="33.92302770626718" lon="108.84927576244601">
        <ele>1125.529849181883</ele>
        <time>2022-03-05T03:50:58Z</time>
      </trkpt>
      <trkpt lat="33.92267423812522" lon="108.84946303612841">
        <ele>1124.0267542386428</ele>
        <time>2022-03-05T03:51:08Z</time>
      </trkpt>
      <trkpt lat="33.92214395567965" lon="108.84961673258985">
        <ele>1122.5099085718393</ele>
        <time>2022-03-05T03:51:18Z</time>
      </trkpt>
      <trkpt lat="33.92176890946387" lon="108.84973581834254">
        <ele>1123.4014899209142</ele>
        <time>2022-03-05T03:51:24Z</time>
      </trkpt>
      <trkpt lat="33.921544632792475" lon="108.8498535135518">
        <ele>1125.128425307572</ele>
        <time>2022-03-05T03:51:28Z</time>
      </trkpt>
      <trkpt lat="33.92112827129863" lon="108.85017339162445">
        <ele>1128.7891768906265</ele>
        <time>2022-03-05T03:51:36Z</time>
      </trkpt>
      <trkpt lat="33.92078304424916" lon="108.85041899375719">
        <ele>1133.7274685250595</ele>
        <time>2022-03-05T03:51:42Z</time>
      </trkpt>
      <trkpt lat="33.92066671973685" lon="108.85048044131129">
        <ele>1135.430576229468</ele>
        <time>2022-03-05T03:51:44Z</time>
      </trkpt>
      <trkpt lat="33.92021354868556" lon="108.85063359524659">
        <ele>1140.888745104894</ele>
        <time>2022-03-05T03:51:52Z</time>
      </trkpt>
      <trkpt lat="33.919858184567666" lon="108.85067517006446">
        <ele>1140.2438139300793</ele>
        <time>2022-03-05T03:52:00Z</time>
      </trkpt>
      <trkpt lat="33.91942554619822" lon="108.85057904189841">
        <ele>1145.3946445733309</ele>
        <time>2022-03-05T03:52:14Z</time>
      </trkpt>
      <trkpt lat="33.9193222814876" lon="108.85051682798607">
        <ele>1157.1598960850388</ele>
        <time>2022-03-05T03:52:18Z</time>
      </trkpt>
      <trkpt lat="33.9191052069435" lon="108.8502541902806">
        <ele>1161.3987019034103</ele>
        <time>2022-03-05T03:52:30Z</time>
      </trkpt>
      <trkpt lat="33.918977681415626" lon="108.85005019699891">
        <ele>1162.2152820713818</ele>
        <time>2022-03-05T03:52:38Z</time>
      </trkpt>
      <trkpt lat="33.91878829568435" lon="108.84989852936586">
        <ele>1159.2144314376637</ele>
        <time>2022-03-05T03:52:46Z</time>
      </trkpt>
      <trkpt lat="33.918722210122425" lon="108.8498029601361">
        <ele>1157.33563856408</ele>
        <time>2022-03-05T03:52:50Z</time>
      </trkpt>
      <trkpt lat="33.91871636820074" lon="108.84968240236128">
        <ele>1156.3576968461275</ele>
        <time>2022-03-05T03:52:54Z</time>
      </trkpt>
      <trkpt lat="33.91874602066268" lon="108.84956097867058">
        <ele>1156.0453811855987</ele>
        <time>2022-03-05T03:52:58Z</time>
      </trkpt>
      <trkpt lat="33.91875980212562" lon="108.84941723773969">
        <ele>1156.1367270788178</ele>
        <time>2022-03-05T03:53:02Z</time>
      </trkpt>
      <trkpt lat="33.918715293509486" lon="108.8492860647105">
        <ele>1154.9150511734188</ele>
        <time>2022-03-05T03:53:06Z</time>
      </trkpt>
      <trkpt lat="33.91863280195206" lon="108.8491971352568">
        <ele>1154.8620546432212</ele>
        <time>2022-03-05T03:53:10Z</time>
      </trkpt>
      <trkpt lat="33.91859761472907" lon="108.84900043721657">
        <ele>1151.8284064363688</ele>
        <time>2022-03-05T03:53:12Z</time>
      </trkpt>
      <trkpt lat="33.91853465779064" lon="108.84886426093115">
        <ele>1152.154673651792</ele>
        <time>2022-03-05T03:53:16Z</time>
      </trkpt>
      <trkpt lat="33.918172995699585" lon="108.84847476604955">
        <ele>1154.7734544025734</ele>
        <time>2022-03-05T03:53:24Z</time>
      </trkpt>
      <trkpt lat="33.91781261521315" lon="108.84812842046152">
        <ele>1156.9160706531256</ele>
        <time>2022-03-05T03:53:32Z</time>
      </trkpt>
      <trkpt lat="33.917700959061825" lon="108.84794782994211">
        <ele>1158.4847971880808</ele>
        <time>2022-03-05T03:53:36Z</time>
      </trkpt>
      <trkpt lat="33.917659350694514" lon="108.84783363513121">
        <ele>1160.1947096204385</ele>
        <time>2022-03-05T03:53:38Z</time>
      </trkpt>
      <trkpt lat="33.91758783725144" lon="108.84745957005856">
        <ele>1162.920907029882</ele>
        <time>2022-03-05T03:53:44Z</time>
      </trkpt>
      <trkpt lat="33.91759296450238" lon="108.84718044637899">
        <ele>1165.0931167127565</ele>
        <time>2022-03-05T03:53:48Z</time>
      </trkpt>
      <trkpt lat="33.91765682794678" lon="108.8469009082451">
        <ele>1168.0845011444762</ele>
        <time>2022-03-05T03:53:52Z</time>
      </trkpt>
      <trkpt lat="33.917644708520186" lon="108.84676183210208">
        <ele>1168.904667146504</ele>
        <time>2022-03-05T03:53:54Z</time>
      </trkpt>
      <trkpt lat="33.91757429076941" lon="108.84662362838203">
        <ele>1169.1790737714618</ele>
        <time>2022-03-05T03:53:56Z</time>
      </trkpt>
      <trkpt lat="33.91734257894651" lon="108.8465729809616">
        <ele>1169.2737812949345</ele>
        <time>2022-03-05T03:54:00Z</time>
      </trkpt>
      <trkpt lat="33.91684047091465" lon="108.84665241810087">
        <ele>1174.855809272267</ele>
        <time>2022-03-05T03:54:14Z</time>
      </trkpt>
      <trkpt lat="33.91673118608104" lon="108.8466924663227">
        <ele>1176.9423530045897</ele>
        <time>2022-03-05T03:54:18Z</time>
      </trkpt>
      <trkpt lat="33.916455547781865" lon="108.84670092346022">
        <ele>1185.1297863749787</ele>
        <time>2022-03-05T03:54:30Z</time>
      </trkpt>
      <trkpt lat="33.91601774632039" lon="108.84689413832854">
        <ele>1191.9901969190687</ele>
        <time>2022-03-05T03:54:50Z</time>
      </trkpt>
      <trkpt lat="33.91581639808637" lon="108.84695746570429">
        <ele>1194.854652106762</ele>
        <time>2022-03-05T03:54:58Z</time>
      </trkpt>
      <trkpt lat="33.915434579861866" lon="108.84722309671405">
        <ele>1195.6708100344986</ele>
        <time>2022-03-05T03:55:14Z</time>
      </trkpt>
      <trkpt lat="33.91523034420095" lon="108.84736665625326">
        <ele>1195.2391716418788</ele>
        <time>2022-03-05T03:55:22Z</time>
      </trkpt>
      <trkpt lat="33.915006608530014" lon="108.8474893374761">
        <ele>1194.5301542058587</ele>
        <time>2022-03-05T03:55:30Z</time>
      </trkpt>
      <trkpt lat="33.91462266635706" lon="108.84756276704863">
        <ele>1197.007357917726</ele>
        <time>2022-03-05T03:55:42Z</time>
      </trkpt>
      <trkpt lat="33.914507365658345" lon="108.84762128027411">
        <ele>1198.2990045147017</ele>
        <time>2022-03-05T03:55:46Z</time>
      </trkpt>
      <trkpt lat="33.91442017713954" lon="108.84771039928043">
        <ele>1197.9347280571237</ele>
        <time>2022-03-05T03:55:50Z</time>
      </trkpt>
      <trkpt lat="33.91434791541852" lon="108.84783124937921">
        <ele>1197.4569382797927</ele>
        <time>2022-03-05T03:55:54Z</time>
      </trkpt>
      <trkpt lat="33.914214516948775" lon="108.84834104792381">
        <ele>1198.38523048535</ele>
        <time>2022-03-05T03:56:06Z</time>
      </trkpt>
      <trkpt lat="33.91413944151346" lon="108.84838664788">
        <ele>1199.4291018191725</ele>
        <time>2022-03-05T03:56:08Z</time>
      </trkpt>
      <trkpt lat="33.91416848367348" lon="108.84862969568249">
        <ele>1200.6907880194485</ele>
        <time>2022-03-05T03:56:12Z</time>
      </trkpt>
      <trkpt lat="33.914332613372835" lon="108.84906456708559">
        <ele>1207.056885519065</ele>
        <time>2022-03-05T03:56:22Z</time>
      </trkpt>
      <trkpt lat="33.91438191168579" lon="108.8492522900136">
        <ele>1206.7573417974636</ele>
        <time>2022-03-05T03:56:26Z</time>
      </trkpt>
      <trkpt lat="33.914457556019194" lon="108.84928056305202">
        <ele>1206.3379458170384</ele>
        <time>2022-03-05T03:56:30Z</time>
      </trkpt>
      <trkpt lat="33.914625697932" lon="108.84960757293608">
        <ele>1216.5190029228106</ele>
        <time>2022-03-05T03:56:34Z</time>
      </trkpt>
      <trkpt lat="33.914804967586754" lon="108.85018079122408">
        <ele>1221.4326401371509</ele>
        <time>2022-03-05T03:56:44Z</time>
      </trkpt>
      <trkpt lat="33.91483775137083" lon="108.85042955483982">
        <ele>1220.4967898316681</ele>
        <time>2022-03-05T03:56:48Z</time>
      </trkpt>
      <trkpt lat="33.91478880929769" lon="108.85056424085195">
        <ele>1212.6005909861997</ele>
        <time>2022-03-05T03:56:50Z</time>
      </trkpt>
      <trkpt lat="33.91475474653881" lon="108.85106162582211">
        <ele>1215.0604527611285</ele>
        <time>2022-03-05T03:57:00Z</time>
      </trkpt>
      <trkpt lat="33.914709192334726" lon="108.85118086503778">
        <ele>1215.5736198714003</ele>
        <time>2022-03-05T03:57:04Z</time>
      </trkpt>
      <trkpt lat="33.91468968506025" lon="108.85133954606549">
        <ele>1217.3208792954683</ele>
        <time>2022-03-05T03:57:08Z</time>
      </trkpt>
      <trkpt lat="33.9146005215506" lon="108.85156906701523">
        <ele>1219.0509925568476</ele>
        <time>2022-03-05T03:57:16Z</time>
      </trkpt>
      <trkpt lat="33.91457506835961" lon="108.85167161128633">
        <ele>1219.9753845054656</ele>
        <time>2022-03-05T03:57:20Z</time>
      </trkpt>
      <trkpt lat="33.91433273358253" lon="108.85200760926996">
        <ele>1220.6240076553077</ele>
        <time>2022-03-05T03:57:32Z</time>
      </trkpt>
      <trkpt lat="33.914064070279196" lon="108.85231066769961">
        <ele>1224.3479220429435</ele>
        <time>2022-03-05T03:57:44Z</time>
      </trkpt>
      <trkpt lat="33.91383214636335" lon="108.85263099485425">
        <ele>1229.3930016728118</ele>
        <time>2022-03-05T03:57:56Z</time>
      </trkpt>
      <trkpt lat="33.91373670405566" lon="108.85272666934162">
        <ele>1233.9001251114532</ele>
        <time>2022-03-05T03:58:00Z</time>
      </trkpt>
      <trkpt lat="33.91361042572531" lon="108.85275938630912">
        <ele>1236.8152298917994</ele>
        <time>2022-03-05T03:58:04Z</time>
      </trkpt>
      <trkpt lat="33.91347269300103" lon="108.8525898793239">
        <ele>1235.81242682226</ele>
        <time>2022-03-05T03:58:10Z</time>
      </trkpt>
      <trkpt lat="33.91301566227937" lon="108.85240199558677">
        <ele>1240.5130940387025</ele>
        <time>2022-03-05T03:58:14Z</time>
      </trkpt>
      <trkpt lat="33.91277017016728" lon="108.85239946258916">
        <ele>1239.5156673351303</ele>
        <time>2022-03-05T03:58:18Z</time>
      </trkpt>
      <trkpt lat="33.912637458932736" lon="108.85242253355956">
        <ele>1239.0733949290588</ele>
        <time>2022-03-05T03:58:20Z</time>
      </trkpt>
      <trkpt lat="33.91238210099582" lon="108.85241672342131">
        <ele>1238.4973226869479</ele>
        <time>2022-03-05T03:58:24Z</time>
      </trkpt>
      <trkpt lat="33.91210798776179" lon="108.85230417162956">
        <ele>1236.3064518999308</ele>
        <time>2022-03-05T03:58:28Z</time>
      </trkpt>
      <trkpt lat="33.911872434909895" lon="108.85215927938444">
        <ele>1231.596577225253</ele>
        <time>2022-03-05T03:58:32Z</time>
      </trkpt>
      <trkpt lat="33.91163928926324" lon="108.85207695903205">
        <ele>1233.6712787626311</ele>
        <time>2022-03-05T03:58:36Z</time>
      </trkpt>
      <trkpt lat="33.911513570191595" lon="108.85200772644052">
        <ele>1234.3214765908197</ele>
        <time>2022-03-05T03:58:38Z</time>
      </trkpt>
      <trkpt lat="33.91121131047713" lon="108.85179374988351">
        <ele>1234.9106782050803</ele>
        <time>2022-03-05T03:58:46Z</time>
      </trkpt>
      <trkpt lat="33.910821115551144" lon="108.85140329485095">
        <ele>1240.6706955358386</ele>
        <time>2022-03-05T03:59:02Z</time>
      </trkpt>
      <trkpt lat="33.9107650245845" lon="108.85134639962246">
        <ele>1241.560820221901</ele>
        <time>2022-03-05T03:59:04Z</time>
      </trkpt>
      <trkpt lat="33.91049272391847" lon="108.85085562208657">
        <ele>1244.749220837839</ele>
        <time>2022-03-05T03:59:16Z</time>
      </trkpt>
      <trkpt lat="33.91036015876574" lon="108.85063420781663">
        <ele>1244.21179276146</ele>
        <time>2022-03-05T03:59:22Z</time>
      </trkpt>
      <trkpt lat="33.91023234275258" lon="108.85037606238203">
        <ele>1243.4046556027606</ele>
        <time>2022-03-05T03:59:28Z</time>
      </trkpt>
      <trkpt lat="33.909931787158264" lon="108.84996396455432">
        <ele>1240.8781693400815</ele>
        <time>2022-03-05T03:59:40Z</time>
      </trkpt>
      <trkpt lat="33.90957264629054" lon="108.84958496908807">
        <ele>1241.141756723635</ele>
        <time>2022-03-05T03:59:52Z</time>
      </trkpt>
      <trkpt lat="33.90921426529291" lon="108.84921426015492">
        <ele>1242.4145222855732</ele>
        <time>2022-03-05T04:00:04Z</time>
      </trkpt>
      <trkpt lat="33.90886510530683" lon="108.8488904871792">
        <ele>1242.5960557898507</ele>
        <time>2022-03-05T04:00:16Z</time>
      </trkpt>
      <trkpt lat="33.90851356216315" lon="108.84867507219481">
        <ele>1244.3103629620746</ele>
        <time>2022-03-05T04:00:26Z</time>
      </trkpt>
      <trkpt lat="33.9080616112082" lon="108.84851741981856">
        <ele>1244.9885472301394</ele>
        <time>2022-03-05T04:00:38Z</time>
      </trkpt>
      <trkpt lat="33.907639905033356" lon="108.84845341665955">
        <ele>1247.213052519597</ele>
        <time>2022-03-05T04:00:48Z</time>
      </trkpt>
      <trkpt lat="33.90754149406199" lon="108.84845749696107">
        <ele>1247.6715777982026</ele>
        <time>2022-03-05T04:00:50Z</time>
      </trkpt>
      <trkpt lat="33.90727386364817" lon="108.84858508469203">
        <ele>1249.3425310226157</ele>
        <time>2022-03-05T04:00:56Z</time>
      </trkpt>
      <trkpt lat="33.907199003926785" lon="108.84864872031669">
        <ele>1249.9383230479434</ele>
        <time>2022-03-05T04:00:58Z</time>
      </trkpt>
      <trkpt lat="33.906977199089134" lon="108.8489577635108">
        <ele>1252.2597570093349</ele>
        <time>2022-03-05T04:01:06Z</time>
      </trkpt>
      <trkpt lat="33.90662168959815" lon="108.8493831783897">
        <ele>1257.9562842184678</ele>
        <time>2022-03-05T04:01:18Z</time>
      </trkpt>
      <trkpt lat="33.90629686980623" lon="108.84986323668048">
        <ele>1262.825234869495</ele>
        <time>2022-03-05T04:01:38Z</time>
      </trkpt>
      <trkpt lat="33.906091541299006" lon="108.85016761833414">
        <ele>1265.2049865955487</ele>
        <time>2022-03-05T04:01:50Z</time>
      </trkpt>
      <trkpt lat="33.9059839243075" lon="108.85022637896122">
        <ele>1266.2876131469384</ele>
        <time>2022-03-05T04:01:54Z</time>
      </trkpt>
      <trkpt lat="33.905752992233865" lon="108.85019662270956">
        <ele>1268.2263481542468</ele>
        <time>2022-03-05T04:02:02Z</time>
      </trkpt>
      <trkpt lat="33.905632237047826" lon="108.8501331475686">
        <ele>1269.1688757874072</ele>
        <time>2022-03-05T04:02:06Z</time>
      </trkpt>
      <trkpt lat="33.905531205094256" lon="108.8500456131611">
        <ele>1269.7872033556923</ele>
        <time>2022-03-05T04:02:10Z</time>
      </trkpt>
      <trkpt lat="33.90547071296745" lon="108.84992210825726">
        <ele>1269.8729409947991</ele>
        <time>2022-03-05T04:02:14Z</time>
      </trkpt>
      <trkpt lat="33.90529987954498" lon="108.8493483707263">
        <ele>1273.632378442213</ele>
        <time>2022-03-05T04:02:30Z</time>
      </trkpt>
      <trkpt lat="33.90506762926081" lon="108.84890358291754">
        <ele>1281.7861101729795</ele>
        <time>2022-03-05T04:02:40Z</time>
      </trkpt>
      <trkpt lat="33.904773785173056" lon="108.84854813442615">
        <ele>1286.3204228337854</ele>
        <time>2022-03-05T04:02:50Z</time>
      </trkpt>
      <trkpt lat="33.90456623123046" lon="108.84834260307541">
        <ele>1283.4416695674881</ele>
        <time>2022-03-05T04:02:56Z</time>
      </trkpt>
      <trkpt lat="33.904480845359735" lon="108.84828595180556">
        <ele>1283.2311278106645</ele>
        <time>2022-03-05T04:02:58Z</time>
      </trkpt>
      <trkpt lat="33.904393116760865" lon="108.84827593232129">
        <ele>1284.1495470469818</ele>
        <time>2022-03-05T04:03:00Z</time>
      </trkpt>
      <trkpt lat="33.904298476643866" lon="108.84822503584697">
        <ele>1284.624704263173</ele>
        <time>2022-03-05T04:03:02Z</time>
      </trkpt>
      <trkpt lat="33.904198143350094" lon="108.84819514432705">
        <ele>1286.0033329110593</ele>
        <time>2022-03-05T04:03:04Z</time>
      </trkpt>
      <trkpt lat="33.903739771318236" lon="108.84822744270889">
        <ele>1291.6160881258547</ele>
        <time>2022-03-05T04:03:14Z</time>
      </trkpt>
      <trkpt lat="33.903225573281986" lon="108.8482645324504">
        <ele>1290.7883182344958</ele>
        <time>2022-03-05T04:03:24Z</time>
      </trkpt>
      <trkpt lat="33.902819694345055" lon="108.84837433077898">
        <ele>1290.2689812881872</ele>
        <time>2022-03-05T04:03:32Z</time>
      </trkpt>
      <trkpt lat="33.902620060028596" lon="108.84844369074379">
        <ele>1290.487394059077</ele>
        <time>2022-03-05T04:03:36Z</time>
      </trkpt>
      <trkpt lat="33.90240257311427" lon="108.84846215684549">
        <ele>1289.9517148062587</ele>
        <time>2022-03-05T04:03:40Z</time>
      </trkpt>
      <trkpt lat="33.902081216322436" lon="108.8484272319775">
        <ele>1291.9756036913022</ele>
        <time>2022-03-05T04:03:46Z</time>
      </trkpt>
      <trkpt lat="33.90155286865542" lon="108.84845969821556">
        <ele>1297.0420245230198</ele>
        <time>2022-03-05T04:04:00Z</time>
      </trkpt>
      <trkpt lat="33.90106211261616" lon="108.84855388490774">
        <ele>1303.1857492737472</ele>
        <time>2022-03-05T04:04:22Z</time>
      </trkpt>
      <trkpt lat="33.90086241954484" lon="108.84858468886078">
        <ele>1304.729730577208</ele>
        <time>2022-03-05T04:04:30Z</time>
      </trkpt>
      <trkpt lat="33.90076610876654" lon="108.84855711881315">
        <ele>1304.579641613178</ele>
        <time>2022-03-05T04:04:34Z</time>
      </trkpt>
      <trkpt lat="33.900451201524554" lon="108.84837357089265">
        <ele>1303.7322898535058</ele>
        <time>2022-03-05T04:04:46Z</time>
      </trkpt>
      <trkpt lat="33.90000022320904" lon="108.84799703231977">
        <ele>1308.862187997438</ele>
        <time>2022-03-05T04:05:02Z</time>
      </trkpt>
      <trkpt lat="33.89966164766917" lon="108.8476271020511">
        <ele>1314.8818093426526</ele>
        <time>2022-03-05T04:05:16Z</time>
      </trkpt>
      <trkpt lat="33.899324909444175" lon="108.84726725951026">
        <ele>1319.3417381411418</ele>
        <time>2022-03-05T04:05:28Z</time>
      </trkpt>
      <trkpt lat="33.899116096492925" lon="108.8470116400554">
        <ele>1321.4591198638082</ele>
        <time>2022-03-05T04:05:36Z</time>
      </trkpt>
      <trkpt lat="33.89889672454154" lon="108.84677369705079">
        <ele>1324.0880149528384</ele>
        <time>2022-03-05T04:05:44Z</time>
      </trkpt>
      <trkpt lat="33.89864475516357" lon="108.84645947703812">
        <ele>1328.7196698635817</ele>
        <time>2022-03-05T04:05:56Z</time>
      </trkpt>
      <trkpt lat="33.89826376637466" lon="108.84608753067779">
        <ele>1333.1271649589762</ele>
        <time>2022-03-05T04:06:10Z</time>
      </trkpt>
      <trkpt lat="33.89816206366617" lon="108.84600151883706">
        <ele>1335.8275274625048</ele>
        <time>2022-03-05T04:06:14Z</time>
      </trkpt>
      <trkpt lat="33.89803605533444" lon="108.84593189638962">
        <ele>1336.2059432454407</ele>
        <time>2022-03-05T04:06:18Z</time>
      </trkpt>
      <trkpt lat="33.89791175954336" lon="108.8459155256697">
        <ele>1337.7606980204582</ele>
        <time>2022-03-05T04:06:22Z</time>
      </trkpt>
      <trkpt lat="33.89779818016034" lon="108.84593435807231">
        <ele>1338.9579316079617</ele>
        <time>2022-03-05T04:06:26Z</time>
      </trkpt>
      <trkpt lat="33.89760726973862" lon="108.84603841303255">
        <ele>1340.9214506754652</ele>
        <time>2022-03-05T04:06:34Z</time>
      </trkpt>
      <trkpt lat="33.89741447011281" lon="108.84623197031011">
        <ele>1340.3722873395309</ele>
        <time>2022-03-05T04:06:42Z</time>
      </trkpt>
      <trkpt lat="33.89732047022993" lon="108.84635468009995">
        <ele>1339.9894013972953</ele>
        <time>2022-03-05T04:06:46Z</time>
      </trkpt>
      <trkpt lat="33.89724047694402" lon="108.84649573268211">
        <ele>1339.7785695455968</ele>
        <time>2022-03-05T04:06:50Z</time>
      </trkpt>
      <trkpt lat="33.89711668286585" lon="108.84687893980572">
        <ele>1341.058345336467</ele>
        <time>2022-03-05T04:07:00Z</time>
      </trkpt>
      <trkpt lat="33.89697051006444" lon="108.8472284331931">
        <ele>1344.3191956728697</ele>
        <time>2022-03-05T04:07:12Z</time>
      </trkpt>
      <trkpt lat="33.896908038164575" lon="108.84733068508466">
        <ele>1345.211765688844</ele>
        <time>2022-03-05T04:07:16Z</time>
      </trkpt>
      <trkpt lat="33.89672559699249" lon="108.8474525425478">
        <ele>1347.0492899911478</ele>
        <time>2022-03-05T04:07:24Z</time>
      </trkpt>
      <trkpt lat="33.89645122109047" lon="108.84746428885656">
        <ele>1349.5320749254897</ele>
        <time>2022-03-05T04:07:36Z</time>
      </trkpt>
      <trkpt lat="33.896287514270824" lon="108.84737908524774">
        <ele>1350.4093778543174</ele>
        <time>2022-03-05T04:07:44Z</time>
      </trkpt>
      <trkpt lat="33.89616085943589" lon="108.84723608704884">
        <ele>1350.5891511626542</ele>
        <time>2022-03-05T04:07:52Z</time>
      </trkpt>
      <trkpt lat="33.89608787789406" lon="108.84705385166127">
        <ele>1352.7537530073896</ele>
        <time>2022-03-05T04:08:00Z</time>
      </trkpt>
      <trkpt lat="33.89602419879032" lon="108.84657622399777">
        <ele>1355.9093905491754</ele>
        <time>2022-03-05T04:08:18Z</time>
      </trkpt>
      <trkpt lat="33.89595398527202" lon="108.84644927347757">
        <ele>1356.9820910235867</ele>
        <time>2022-03-05T04:08:22Z</time>
      </trkpt>
      <trkpt lat="33.89577355323889" lon="108.84622277977572">
        <ele>1360.2465053061023</ele>
        <time>2022-03-05T04:08:30Z</time>
      </trkpt>
      <trkpt lat="33.895610533679665" lon="108.8460137346015">
        <ele>1364.137936098501</ele>
        <time>2022-03-05T04:08:38Z</time>
      </trkpt>
      <trkpt lat="33.895334197134304" lon="108.8457982817354">
        <ele>1368.4895361233503</ele>
        <time>2022-03-05T04:08:50Z</time>
      </trkpt>
      <trkpt lat="33.895019848003365" lon="108.84564677309925">
        <ele>1369.4428734499961</ele>
        <time>2022-03-05T04:09:02Z</time>
      </trkpt>
      <trkpt lat="33.89476791934847" lon="108.84559386317225">
        <ele>1369.1971041671932</ele>
        <time>2022-03-05T04:09:10Z</time>
      </trkpt>
      <trkpt lat="33.894495889102956" lon="108.84561454035286">
        <ele>1367.97190526966</ele>
        <time>2022-03-05T04:09:18Z</time>
      </trkpt>
      <trkpt lat="33.89429639241375" lon="108.84569578335713">
        <ele>1367.4424361316487</ele>
        <time>2022-03-05T04:09:24Z</time>
      </trkpt>
      <trkpt lat="33.894074218028564" lon="108.84583068959361">
        <ele>1368.3512572823092</ele>
        <time>2022-03-05T04:09:32Z</time>
      </trkpt>
      <trkpt lat="33.89399515108899" lon="108.84593840524897">
        <ele>1370.107658630237</ele>
        <time>2022-03-05T04:09:36Z</time>
      </trkpt>
      <trkpt lat="33.89393324809198" lon="108.84607009451896">
        <ele>1373.7065679691732</ele>
        <time>2022-03-05T04:09:40Z</time>
      </trkpt>
      <trkpt lat="33.89369853356206" lon="108.84637877760991">
        <ele>1374.6673152465373</ele>
        <time>2022-03-05T04:09:48Z</time>
      </trkpt>
      <trkpt lat="33.89344381466218" lon="108.84661989330553">
        <ele>1375.505287016742</ele>
        <time>2022-03-05T04:09:58Z</time>
      </trkpt>
      <trkpt lat="33.89333046451219" lon="108.8466845968134">
        <ele>1374.2459040395916</ele>
        <time>2022-03-05T04:10:02Z</time>
      </trkpt>
      <trkpt lat="33.89327366022087" lon="108.84674013857527">
        <ele>1373.9571916041896</ele>
        <time>2022-03-05T04:10:04Z</time>
      </trkpt>
      <trkpt lat="33.89317815458705" lon="108.84677865816357">
        <ele>1373.6947050709277</ele>
        <time>2022-03-05T04:10:08Z</time>
      </trkpt>
      <trkpt lat="33.893059138897826" lon="108.84675071707001">
        <ele>1373.593502767384</ele>
        <time>2022-03-05T04:10:12Z</time>
      </trkpt>
      <trkpt lat="33.89296036998926" lon="108.84670019520915">
        <ele>1373.8297213669866</ele>
        <time>2022-03-05T04:10:16Z</time>
      </trkpt>
      <trkpt lat="33.8926617135009" lon="108.84643514552126">
        <ele>1376.0357138849795</ele>
        <time>2022-03-05T04:10:27Z</time>
      </trkpt>
      <trkpt lat="33.89244676460232" lon="108.84626712023443">
        <ele>1375.5128701226786</ele>
        <time>2022-03-05T04:10:35Z</time>
      </trkpt>
      <trkpt lat="33.89237287607477" lon="108.84623267661256">
        <ele>1377.5588003927842</ele>
        <time>2022-03-05T04:10:37Z</time>
      </trkpt>
      <trkpt lat="33.89208100807472" lon="108.84603262995077">
        <ele>1382.4822958484292</ele>
        <time>2022-03-05T04:10:45Z</time>
      </trkpt>
      <trkpt lat="33.89167780319225" lon="108.84579229867111">
        <ele>1388.4584381766617</ele>
        <time>2022-03-05T04:10:57Z</time>
      </trkpt>
      <trkpt lat="33.89143388241715" lon="108.84565358413987">
        <ele>1396.0943421861157</ele>
        <time>2022-03-05T04:11:05Z</time>
      </trkpt>
      <trkpt lat="33.89131774519098" lon="108.8456347265129">
        <ele>1397.0585570679978</ele>
        <time>2022-03-05T04:11:07Z</time>
      </trkpt>
      <trkpt lat="33.89073959949243" lon="108.84566246969018">
        <ele>1398.3497605593875</ele>
        <time>2022-03-05T04:11:21Z</time>
      </trkpt>
      <trkpt lat="33.89059494548344" lon="108.84567392988357">
        <ele>1398.0348592791706</ele>
        <time>2022-03-05T04:11:25Z</time>
      </trkpt>
      <trkpt lat="33.89045863970031" lon="108.84566063941207">
        <ele>1397.9236344164237</ele>
        <time>2022-03-05T04:11:29Z</time>
      </trkpt>
      <trkpt lat="33.89010318019408" lon="108.84569649346717">
        <ele>1398.4046940486878</ele>
        <time>2022-03-05T04:11:39Z</time>
      </trkpt>
      <trkpt lat="33.88992103316681" lon="108.84566090947447">
        <ele>1400.122675188817</ele>
        <time>2022-03-05T04:11:43Z</time>
      </trkpt>
      <trkpt lat="33.88980626395945" lon="108.84561818534273">
        <ele>1402.1715610818937</ele>
        <time>2022-03-05T04:11:47Z</time>
      </trkpt>
      <trkpt lat="33.889719162985436" lon="108.84556425326176">
        <ele>1402.9040740942582</ele>
        <time>2022-03-05T04:11:50Z</time>
      </trkpt>
      <trkpt lat="33.88948868615701" lon="108.8452890403391">
        <ele>1407.7842615693808</ele>
        <time>2022-03-05T04:12:02Z</time>
      </trkpt>
      <trkpt lat="33.88927171536107" lon="108.84490220429693">
        <ele>1413.1158098978922</ele>
        <time>2022-03-05T04:12:18Z</time>
      </trkpt>
      <trkpt lat="33.8890126763433" lon="108.84463206191855">
        <ele>1414.428317900747</ele>
        <time>2022-03-05T04:12:28Z</time>
      </trkpt>
      <trkpt lat="33.88862630778645" lon="108.84435139530582">
        <ele>1416.5428685965016</ele>
        <time>2022-03-05T04:12:40Z</time>
      </trkpt>
      <trkpt lat="33.88821356563775" lon="108.84406029221407">
        <ele>1417.5028715422377</ele>
        <time>2022-03-05T04:12:52Z</time>
      </trkpt>
      <trkpt lat="33.88788089768092" lon="108.84383619024982">
        <ele>1421.3570808898658</ele>
        <time>2022-03-05T04:13:02Z</time>
      </trkpt>
      <trkpt lat="33.887394251392855" lon="108.84360599462752">
        <ele>1426.5868436032906</ele>
        <time>2022-03-05T04:13:18Z</time>
      </trkpt>
      <trkpt lat="33.88704398516513" lon="108.84348401752693">
        <ele>1427.9530465034768</ele>
        <time>2022-03-05T04:13:30Z</time>
      </trkpt>
      <trkpt lat="33.8866300581299" lon="108.84331938228425">
        <ele>1428.4330395255238</ele>
        <time>2022-03-05T04:13:46Z</time>
      </trkpt>
      <trkpt lat="33.886443681950645" lon="108.84321095079498">
        <ele>1428.8480565790087</ele>
        <time>2022-03-05T04:13:54Z</time>
      </trkpt>
      <trkpt lat="33.88611819819272" lon="108.84272193854427">
        <ele>1439.1556898262352</ele>
        <time>2022-03-05T04:14:14Z</time>
      </trkpt>
      <trkpt lat="33.885731237227176" lon="108.84231008063878">
        <ele>1444.361458465457</ele>
        <time>2022-03-05T04:14:34Z</time>
      </trkpt>
      <trkpt lat="33.885548857113626" lon="108.8421159650709">
        <ele>1444.8355942182243</ele>
        <time>2022-03-05T04:14:52Z</time>
      </trkpt>
      <trkpt lat="33.88536282987467" lon="108.84194344493585">
        <ele>1446.52389572002</ele>
        <time>2022-03-05T04:15:09Z</time>
      </trkpt>
      <trkpt lat="33.88500608322393" lon="108.84152752159984">
        <ele>1453.7403290644288</ele>
        <time>2022-03-05T04:15:23Z</time>
      </trkpt>
      <trkpt lat="33.88475502173661" lon="108.84119678155923">
        <ele>1455.8060429543257</ele>
        <time>2022-03-05T04:15:35Z</time>
      </trkpt>
      <trkpt lat="33.884573241025926" lon="108.84085766737184">
        <ele>1457.3541684271768</ele>
        <time>2022-03-05T04:15:45Z</time>
      </trkpt>
      <trkpt lat="33.88452291166654" lon="108.84057674081303">
        <ele>1459.0977023877203</ele>
        <time>2022-03-05T04:15:53Z</time>
      </trkpt>
      <trkpt lat="33.88458451513674" lon="108.83998889437194">
        <ele>1465.3597823549062</ele>
        <time>2022-03-05T04:16:12Z</time>
      </trkpt>
      <trkpt lat="33.88458029659509" lon="108.839772482419">
        <ele>1468.3908080756664</ele>
        <time>2022-03-05T04:16:20Z</time>
      </trkpt>
      <trkpt lat="33.884460450976775" lon="108.83944690226183">
        <ele>1471.7296421034262</ele>
        <time>2022-03-05T04:16:32Z</time>
      </trkpt>
      <trkpt lat="33.88427183572036" lon="108.83919884969274">
        <ele>1473.2810416528955</ele>
        <time>2022-03-05T04:16:44Z</time>
      </trkpt>
      <trkpt lat="33.88387693969193" lon="108.83877614420699">
        <ele>1476.2847521388903</ele>
        <time>2022-03-05T04:17:04Z</time>
      </trkpt>
      <trkpt lat="33.88362355228776" lon="108.83851594770556">
        <ele>1478.029249326326</ele>
        <time>2022-03-05T04:17:16Z</time>
      </trkpt>
      <trkpt lat="33.883482579357604" lon="108.83834183705358">
        <ele>1478.9852758375928</ele>
        <time>2022-03-05T04:17:22Z</time>
      </trkpt>
      <trkpt lat="33.88337820244523" lon="108.83825418596093">
        <ele>1479.6484846696258</ele>
        <time>2022-03-05T04:17:26Z</time>
      </trkpt>
      <trkpt lat="33.883265335030366" lon="108.83823816792474">
        <ele>1479.4297352470458</ele>
        <time>2022-03-05T04:17:30Z</time>
      </trkpt>
      <trkpt lat="33.88308776666779" lon="108.83828438650131">
        <ele>1481.6469338312745</ele>
        <time>2022-03-05T04:17:36Z</time>
      </trkpt>
      <trkpt lat="33.883010185614154" lon="108.83832173269154">
        <ele>1481.637334776111</ele>
        <time>2022-03-05T04:17:38Z</time>
      </trkpt>
      <trkpt lat="33.882852696211074" lon="108.8383350471293">
        <ele>1481.496779604815</ele>
        <time>2022-03-05T04:17:42Z</time>
      </trkpt>
      <trkpt lat="33.88276682965407" lon="108.83830775922287">
        <ele>1482.6187358768657</ele>
        <time>2022-03-05T04:17:44Z</time>
      </trkpt>
      <trkpt lat="33.88270022019949" lon="108.8382567960229">
        <ele>1483.749439774081</ele>
        <time>2022-03-05T04:17:46Z</time>
      </trkpt>
      <trkpt lat="33.88261313938303" lon="108.83810210358409">
        <ele>1483.366199660115</ele>
        <time>2022-03-05T04:17:50Z</time>
      </trkpt>
      <trkpt lat="33.88254281926631" lon="108.83780944198648">
        <ele>1484.824645936489</ele>
        <time>2022-03-05T04:17:58Z</time>
      </trkpt>
      <trkpt lat="33.88244878482578" lon="108.83755424572587">
        <ele>1484.752656063065</ele>
        <time>2022-03-05T04:18:06Z</time>
      </trkpt>
      <trkpt lat="33.88238271288864" lon="108.83745587538203">
        <ele>1485.3574701435864</ele>
        <time>2022-03-05T04:18:10Z</time>
      </trkpt>
      <trkpt lat="33.88228876761284" lon="108.83724693895736">
        <ele>1487.2655910421163</ele>
        <time>2022-03-05T04:18:18Z</time>
      </trkpt>
      <trkpt lat="33.88220282885109" lon="108.83716734976021">
        <ele>1491.4782822811976</ele>
        <time>2022-03-05T04:18:22Z</time>
      </trkpt>
      <trkpt lat="33.882086556648765" lon="108.83710268695648">
        <ele>1493.5436509428546</ele>
        <time>2022-03-05T04:18:26Z</time>
      </trkpt>
      <trkpt lat="33.88197307796487" lon="108.83707588740975">
        <ele>1496.3935449728742</ele>
        <time>2022-03-05T04:18:30Z</time>
      </trkpt>
      <trkpt lat="33.88172063622503" lon="108.83707623256288">
        <ele>1496.8945864196867</ele>
        <time>2022-03-05T04:18:38Z</time>
      </trkpt>
      <trkpt lat="33.88119777624338" lon="108.83715270411695">
        <ele>1498.1023072060198</ele>
        <time>2022-03-05T04:18:56Z</time>
      </trkpt>
      <trkpt lat="33.8810289726069" lon="108.83719571996212">
        <ele>1499.430131307803</ele>
        <time>2022-03-05T04:19:02Z</time>
      </trkpt>
      <trkpt lat="33.8809193712961" lon="108.83725005340686">
        <ele>1501.1101170368493</ele>
        <time>2022-03-05T04:19:06Z</time>
      </trkpt>
      <trkpt lat="33.88059823078024" lon="108.83733023048953">
        <ele>1505.0362497782335</ele>
        <time>2022-03-05T04:19:18Z</time>
      </trkpt>
      <trkpt lat="33.8801430712623" lon="108.83719708464186">
        <ele>1511.5120583446696</ele>
        <time>2022-03-05T04:19:38Z</time>
      </trkpt>
      <trkpt lat="33.87963066258674" lon="108.83703802992338">
        <ele>1517.0939909806475</ele>
        <time>2022-03-05T04:19:58Z</time>
      </trkpt>
      <trkpt lat="33.87924292601607" lon="108.83689890252785">
        <ele>1519.2465449562296</ele>
        <time>2022-03-05T04:20:14Z</time>
      </trkpt>
      <trkpt lat="33.878997631006975" lon="108.83670686309246">
        <ele>1523.5624042395502</ele>
        <time>2022-03-05T04:20:26Z</time>
      </trkpt>
      <trkpt lat="33.87884320819573" lon="108.83649838580696">
        <ele>1525.4238582998514</ele>
        <time>2022-03-05T04:20:34Z</time>
      </trkpt>
      <trkpt lat="33.87862556387264" lon="108.83594428338752">
        <ele>1529.113805511035</ele>
        <time>2022-03-05T04:20:56Z</time>
      </trkpt>
      <trkpt lat="33.87845540625529" lon="108.83537037732616">
        <ele>1535.3024630481377</ele>
        <time>2022-03-05T04:21:16Z</time>
      </trkpt>
      <trkpt lat="33.87837243262083" lon="108.83516756407056">
        <ele>1537.3037611451</ele>
        <time>2022-03-05T04:21:24Z</time>
      </trkpt>
      <trkpt lat="33.878152967715025" lon="108.83480646935368">
        <ele>1541.277915008366</ele>
        <time>2022-03-05T04:21:40Z</time>
      </trkpt>
      <trkpt lat="33.878102467164545" lon="108.83458627703507">
        <ele>1543.5122521054</ele>
        <time>2022-03-05T04:21:48Z</time>
      </trkpt>
      <trkpt lat="33.878152974401985" lon="108.83417539227204">
        <ele>1546.8786659277976</ele>
        <time>2022-03-05T04:22:00Z</time>
      </trkpt>
      <trkpt lat="33.878239732673585" lon="108.83366250030356">
        <ele>1548.6488655963913</ele>
        <time>2022-03-05T04:22:14Z</time>
      </trkpt>
      <trkpt lat="33.87828809817818" lon="108.83337007201641">
        <ele>1550.1615515025333</ele>
        <time>2022-03-05T04:22:22Z</time>
      </trkpt>
      <trkpt lat="33.8782687989834" lon="108.83323472351509">
        <ele>1551.1637130063027</ele>
        <time>2022-03-05T04:22:26Z</time>
      </trkpt>
      <trkpt lat="33.878147206233024" lon="108.83306702234806">
        <ele>1551.618090590462</ele>
        <time>2022-03-05T04:22:30Z</time>
      </trkpt>
      <trkpt lat="33.87788298612483" lon="108.83286805211971">
        <ele>1552.4058125317097</ele>
        <time>2022-03-05T04:22:40Z</time>
      </trkpt>
      <trkpt lat="33.87772599567745" lon="108.8326994297121">
        <ele>1555.6421915022656</ele>
        <time>2022-03-05T04:22:42Z</time>
      </trkpt>
      <trkpt lat="33.87751280778813" lon="108.83251494666717">
        <ele>1559.4321698891</ele>
        <time>2022-03-05T04:22:48Z</time>
      </trkpt>
      <trkpt lat="33.87742808388693" lon="108.83242005116253">
        <ele>1564.114278871566</ele>
        <time>2022-03-05T04:22:52Z</time>
      </trkpt>
      <trkpt lat="33.877306910212525" lon="108.83218141920742">
        <ele>1568.289299139753</ele>
        <time>2022-03-05T04:23:00Z</time>
      </trkpt>
      <trkpt lat="33.87703670213318" lon="108.83200545674336">
        <ele>1564.2099282843992</ele>
        <time>2022-03-05T04:23:12Z</time>
      </trkpt>
      <trkpt lat="33.8767115280597" lon="108.83189148443508">
        <ele>1567.1637558331713</ele>
        <time>2022-03-05T04:23:24Z</time>
      </trkpt>
      <trkpt lat="33.87651952744915" lon="108.83188173711044">
        <ele>1568.472444393672</ele>
        <time>2022-03-05T04:23:32Z</time>
      </trkpt>
      <trkpt lat="33.876325370897675" lon="108.83191730471748">
        <ele>1569.6297001456842</ele>
        <time>2022-03-05T04:23:40Z</time>
      </trkpt>
      <trkpt lat="33.876258558406434" lon="108.83197237188534">
        <ele>1569.876360946335</ele>
        <time>2022-03-05T04:23:44Z</time>
      </trkpt>
      <trkpt lat="33.87607621755792" lon="108.83204470024472">
        <ele>1569.578546221368</ele>
        <time>2022-03-05T04:23:52Z</time>
      </trkpt>
      <trkpt lat="33.87599269825609" lon="108.83210638017832">
        <ele>1569.6337179848924</ele>
        <time>2022-03-05T04:23:56Z</time>
      </trkpt>
      <trkpt lat="33.875795184284954" lon="108.83209142422416">
        <ele>1569.8749792287126</ele>
        <time>2022-03-05T04:24:04Z</time>
      </trkpt>
      <trkpt lat="33.87571139595442" lon="108.83203015219182">
        <ele>1570.3282909346744</ele>
        <time>2022-03-05T04:24:08Z</time>
      </trkpt>
      <trkpt lat="33.875524613469324" lon="108.8315717024425">
        <ele>1578.9913744414225</ele>
        <time>2022-03-05T04:24:28Z</time>
      </trkpt>
      <trkpt lat="33.87546114786382" lon="108.8314725693189">
        <ele>1580.929219004698</ele>
        <time>2022-03-05T04:24:32Z</time>
      </trkpt>
      <trkpt lat="33.875379271329905" lon="108.83138199846083">
        <ele>1582.937656275928</ele>
        <time>2022-03-05T04:24:36Z</time>
      </trkpt>
      <trkpt lat="33.87495587147022" lon="108.83106182869508">
        <ele>1587.851907682605</ele>
        <time>2022-03-05T04:24:56Z</time>
      </trkpt>
      <trkpt lat="33.87446991008199" lon="108.83080170435485">
        <ele>1589.5957269184291</ele>
        <time>2022-03-05T04:25:16Z</time>
      </trkpt>
      <trkpt lat="33.87415877472242" lon="108.83062636492365">
        <ele>1591.417010824196</ele>
        <time>2022-03-05T04:25:28Z</time>
      </trkpt>
      <trkpt lat="33.87394509246224" lon="108.83054850011101">
        <ele>1593.9912513857707</ele>
        <time>2022-03-05T04:25:36Z</time>
      </trkpt>
      <trkpt lat="33.87376407114272" lon="108.83043624054712">
        <ele>1593.815675381571</ele>
        <time>2022-03-05T04:25:44Z</time>
      </trkpt>
      <trkpt lat="33.873623473418206" lon="108.83029050137505">
        <ele>1595.750990265049</ele>
        <time>2022-03-05T04:25:52Z</time>
      </trkpt>
      <trkpt lat="33.87356938884437" lon="108.83015696966363">
        <ele>1596.9687715684995</ele>
        <time>2022-03-05T04:25:56Z</time>
      </trkpt>
      <trkpt lat="33.87337932432698" lon="108.8298462399166">
        <ele>1603.5898133208975</ele>
        <time>2022-03-05T04:26:08Z</time>
      </trkpt>
      <trkpt lat="33.87322726366494" lon="108.8295661325562">
        <ele>1608.9078663829714</ele>
        <time>2022-03-05T04:26:18Z</time>
      </trkpt>
      <trkpt lat="33.87317576441179" lon="108.82943856877064">
        <ele>1610.21470814012</ele>
        <time>2022-03-05T04:26:22Z</time>
      </trkpt>
      <trkpt lat="33.87305585967814" lon="108.82923676013927">
        <ele>1611.4034917531535</ele>
        <time>2022-03-05T04:26:30Z</time>
      </trkpt>
      <trkpt lat="33.872976227525" lon="108.82915463937809">
        <ele>1611.763654592447</ele>
        <time>2022-03-05T04:26:34Z</time>
      </trkpt>
      <trkpt lat="33.872777761707184" lon="108.82905957260093">
        <ele>1609.5339705701917</ele>
        <time>2022-03-05T04:26:42Z</time>
      </trkpt>
      <trkpt lat="33.87231675992667" lon="108.82892133290922">
        <ele>1607.4721960630268</ele>
        <time>2022-03-05T04:26:58Z</time>
      </trkpt>
      <trkpt lat="33.87195948639115" lon="108.82873352955679">
        <ele>1606.95893872343</ele>
        <time>2022-03-05T04:27:08Z</time>
      </trkpt>
      <trkpt lat="33.87169955289712" lon="108.8285664980413">
        <ele>1609.734708700329</ele>
        <time>2022-03-05T04:27:16Z</time>
      </trkpt>
      <trkpt lat="33.871219537566034" lon="108.8283276340046">
        <ele>1615.2608062950894</ele>
        <time>2022-03-05T04:27:32Z</time>
      </trkpt>
      <trkpt lat="33.871095053429485" lon="108.82827858171291">
        <ele>1615.979517118074</ele>
        <time>2022-03-05T04:27:36Z</time>
      </trkpt>
      <trkpt lat="33.87065943765383" lon="108.82823762900864">
        <ele>1624.477022195235</ele>
        <time>2022-03-05T04:27:52Z</time>
      </trkpt>
      <trkpt lat="33.87047885698176" lon="108.82840931679554">
        <ele>1625.9251891952008</ele>
        <time>2022-03-05T04:28:00Z</time>
      </trkpt>
      <trkpt lat="33.87035971595179" lon="108.82865097801914">
        <ele>1629.9297052007169</ele>
        <time>2022-03-05T04:28:08Z</time>
      </trkpt>
      <trkpt lat="33.87026508426024" lon="108.82876553221342">
        <ele>1631.1598821142688</ele>
        <time>2022-03-05T04:28:12Z</time>
      </trkpt>
      <trkpt lat="33.87014458656871" lon="108.82883551836886">
        <ele>1629.298389358446</ele>
        <time>2022-03-05T04:28:16Z</time>
      </trkpt>
      <trkpt lat="33.86984785461747" lon="108.82892423327793">
        <ele>1627.7632732586935</ele>
        <time>2022-03-05T04:28:24Z</time>
      </trkpt>
      <trkpt lat="33.869722447193055" lon="108.82894335431574">
        <ele>1627.7711991621181</ele>
        <time>2022-03-05T04:28:28Z</time>
      </trkpt>
      <trkpt lat="33.86962527656527" lon="108.82897875734511">
        <ele>1627.98331492953</ele>
        <time>2022-03-05T04:28:32Z</time>
      </trkpt>
      <trkpt lat="33.86949858603736" lon="108.82899639444781">
        <ele>1627.9136614529416</ele>
        <time>2022-03-05T04:28:36Z</time>
      </trkpt>
      <trkpt lat="33.869200835587925" lon="108.82894835419073">
        <ele>1630.8438848024234</ele>
        <time>2022-03-05T04:28:48Z</time>
      </trkpt>
      <trkpt lat="33.86902544116639" lon="108.82888909708382">
        <ele>1632.5772200133651</ele>
        <time>2022-03-05T04:28:56Z</time>
      </trkpt>
      <trkpt lat="33.86885648464544" lon="108.82879488544845">
        <ele>1634.5602975627407</ele>
        <time>2022-03-05T04:29:04Z</time>
      </trkpt>
      <trkpt lat="33.868706028523064" lon="108.82864917625706">
        <ele>1636.6996029503644</ele>
        <time>2022-03-05T04:29:12Z</time>
      </trkpt>
      <trkpt lat="33.86845484497759" lon="108.82820467056976">
        <ele>1641.7542164297774</ele>
        <time>2022-03-05T04:29:32Z</time>
      </trkpt>
      <trkpt lat="33.86810886705823" lon="108.82777088215592">
        <ele>1646.3634896511212</ele>
        <time>2022-03-05T04:29:52Z</time>
      </trkpt>
      <trkpt lat="33.86774231729535" lon="108.82733733530911">
        <ele>1647.7232393678278</ele>
        <time>2022-03-05T04:30:12Z</time>
      </trkpt>
      <trkpt lat="33.867431302309804" lon="108.82696933340947">
        <ele>1647.7130729164928</ele>
        <time>2022-03-05T04:30:28Z</time>
      </trkpt>
      <trkpt lat="33.86727862896187" lon="108.82678374648103">
        <ele>1647.6961066192016</ele>
        <time>2022-03-05T04:30:36Z</time>
      </trkpt>
      <trkpt lat="33.86719283944487" lon="108.82670954861182">
        <ele>1647.7771243657917</ele>
        <time>2022-03-05T04:30:40Z</time>
      </trkpt>
      <trkpt lat="33.86685626007873" lon="108.82629964801112">
        <ele>1648.6995381088927</ele>
        <time>2022-03-05T04:30:56Z</time>
      </trkpt>
      <trkpt lat="33.86673488551977" lon="108.82608723675115">
        <ele>1649.693765066564</ele>
        <time>2022-03-05T04:31:04Z</time>
      </trkpt>
      <trkpt lat="33.866646425142775" lon="108.82586635405019">
        <ele>1648.3071724073961</ele>
        <time>2022-03-05T04:31:12Z</time>
      </trkpt>
      <trkpt lat="33.86634036862345" lon="108.82535901283335">
        <ele>1655.5427238466218</ele>
        <time>2022-03-05T04:31:32Z</time>
      </trkpt>
      <trkpt lat="33.866225441360065" lon="108.82517665896562">
        <ele>1659.0674715423957</ele>
        <time>2022-03-05T04:31:40Z</time>
      </trkpt>
      <trkpt lat="33.86607618443933" lon="108.82503032230832">
        <ele>1661.588882183656</ele>
        <time>2022-03-05T04:31:48Z</time>
      </trkpt>
      <trkpt lat="33.86588692877484" lon="108.82490785021065">
        <ele>1664.87873721309</ele>
        <time>2022-03-05T04:31:56Z</time>
      </trkpt>
      <trkpt lat="33.865797440049455" lon="108.824870330216">
        <ele>1665.9847173150629</ele>
        <time>2022-03-05T04:32:00Z</time>
      </trkpt>
      <trkpt lat="33.86529595823671" lon="108.82478412917104">
        <ele>1670.7501206127927</ele>
        <time>2022-03-05T04:32:20Z</time>
      </trkpt>
      <trkpt lat="33.86519786875406" lon="108.82479825534743">
        <ele>1671.9255893975496</ele>
        <time>2022-03-05T04:32:24Z</time>
      </trkpt>
      <trkpt lat="33.864707328694955" lon="108.82481221406209">
        <ele>1677.504136737436</ele>
        <time>2022-03-05T04:32:44Z</time>
      </trkpt>
      <trkpt lat="33.86462403316464" lon="108.82480566656554">
        <ele>1677.8399264188483</ele>
        <time>2022-03-05T04:32:48Z</time>
      </trkpt>
      <trkpt lat="33.86432067397594" lon="108.82488084925983">
        <ele>1678.686628605239</ele>
        <time>2022-03-05T04:32:58Z</time>
      </trkpt>
      <trkpt lat="33.864189785163425" lon="108.82494894976341">
        <ele>1678.9889662684873</ele>
        <time>2022-03-05T04:33:02Z</time>
      </trkpt>
      <trkpt lat="33.86409457690483" lon="108.82497020648289">
        <ele>1679.4040576415136</ele>
        <time>2022-03-05T04:33:06Z</time>
      </trkpt>
      <trkpt lat="33.864005410402854" lon="108.82501817232746">
        <ele>1679.3882607826963</ele>
        <time>2022-03-05T04:33:10Z</time>
      </trkpt>
      <trkpt lat="33.86374925904222" lon="108.82509142934661">
        <ele>1680.190117972903</ele>
        <time>2022-03-05T04:33:22Z</time>
      </trkpt>
      <trkpt lat="33.86330416209852" lon="108.82528011632242">
        <ele>1681.5171940661967</ele>
        <time>2022-03-05T04:33:42Z</time>
      </trkpt>
      <trkpt lat="33.863129298067264" lon="108.82529250450648">
        <ele>1682.7813689801842</ele>
        <time>2022-03-05T04:33:50Z</time>
      </trkpt>
      <trkpt lat="33.86291638198883" lon="108.82520470206255">
        <ele>1687.4041672544554</ele>
        <time>2022-03-05T04:33:58Z</time>
      </trkpt>
      <trkpt lat="33.8624705802805" lon="108.82492936575458">
        <ele>1696.1417915048078</ele>
        <time>2022-03-05T04:34:14Z</time>
      </trkpt>
      <trkpt lat="33.86202352993363" lon="108.82460931966683">
        <ele>1703.5890319701284</ele>
        <time>2022-03-05T04:34:34Z</time>
      </trkpt>
      <trkpt lat="33.861846342078024" lon="108.82438351916396">
        <ele>1705.7213936448097</ele>
        <time>2022-03-05T04:34:46Z</time>
      </trkpt>
      <trkpt lat="33.86180162079768" lon="108.82428489850699">
        <ele>1706.5566575312987</ele>
        <time>2022-03-05T04:34:50Z</time>
      </trkpt>
      <trkpt lat="33.8616645210524" lon="108.82414188396599">
        <ele>1708.1892017507926</ele>
        <time>2022-03-05T04:34:58Z</time>
      </trkpt>
      <trkpt lat="33.86128718721534" lon="108.82386221160877">
        <ele>1711.8828031765297</ele>
        <time>2022-03-05T04:35:12Z</time>
      </trkpt>
      <trkpt lat="33.8609734564128" lon="108.82366126522328">
        <ele>1715.3348239772022</ele>
        <time>2022-03-05T04:35:24Z</time>
      </trkpt>
      <trkpt lat="33.86092645348345" lon="108.82359031981981">
        <ele>1715.4008175302297</ele>
        <time>2022-03-05T04:35:26Z</time>
      </trkpt>
      <trkpt lat="33.860756286091565" lon="108.82345131341093">
        <ele>1717.213891280815</ele>
        <time>2022-03-05T04:35:32Z</time>
      </trkpt>
      <trkpt lat="33.860362566972796" lon="108.82301632422268">
        <ele>1718.624350015074</ele>
        <time>2022-03-05T04:35:50Z</time>
      </trkpt>
      <trkpt lat="33.85996290174651" lon="108.82258665125408">
        <ele>1718.3678279472515</ele>
        <time>2022-03-05T04:36:10Z</time>
      </trkpt>
      <trkpt lat="33.859623650580566" lon="108.82222391374762">
        <ele>1721.4734496492893</ele>
        <time>2022-03-05T04:36:24Z</time>
      </trkpt>
      <trkpt lat="33.85920565553483" lon="108.8218427852081">
        <ele>1725.402075004764</ele>
        <time>2022-03-05T04:36:44Z</time>
      </trkpt>
      <trkpt lat="33.858839816966494" lon="108.82155609182111">
        <ele>1730.7509799124673</ele>
        <time>2022-03-05T04:37:00Z</time>
      </trkpt>
      <trkpt lat="33.85873830209878" lon="108.82143648799679">
        <ele>1731.69845588319</ele>
        <time>2022-03-05T04:37:04Z</time>
      </trkpt>
      <trkpt lat="33.8586594197672" lon="108.82130863245695">
        <ele>1732.1068415986374</ele>
        <time>2022-03-05T04:37:08Z</time>
      </trkpt>
      <trkpt lat="33.85845510157519" lon="108.82113807696162">
        <ele>1734.4911257829517</ele>
        <time>2022-03-05T04:37:16Z</time>
      </trkpt>
      <trkpt lat="33.85835171190016" lon="108.82108453070632">
        <ele>1735.9745566146448</ele>
        <time>2022-03-05T04:37:20Z</time>
      </trkpt>
      <trkpt lat="33.858236182365765" lon="108.82105116591977">
        <ele>1738.0386577909812</ele>
        <time>2022-03-05T04:37:24Z</time>
      </trkpt>
      <trkpt lat="33.85802517351818" lon="108.82108778540567">
        <ele>1741.5568251078948</ele>
        <time>2022-03-05T04:37:34Z</time>
      </trkpt>
      <trkpt lat="33.85784195627898" lon="108.82104434014677">
        <ele>1744.3777025900781</ele>
        <time>2022-03-05T04:37:42Z</time>
      </trkpt>
      <trkpt lat="33.857743953806846" lon="108.82103955646313">
        <ele>1746.0500674666837</ele>
        <time>2022-03-05T04:37:46Z</time>
      </trkpt>
      <trkpt lat="33.857656640799824" lon="108.8210054061785">
        <ele>1749.4716831762344</ele>
        <time>2022-03-05T04:37:50Z</time>
      </trkpt>
      <trkpt lat="33.85738490043636" lon="108.82098938878391">
        <ele>1752.6069578854367</ele>
        <time>2022-03-05T04:38:02Z</time>
      </trkpt>
      <trkpt lat="33.85727784059028" lon="108.82100195454004">
        <ele>1753.9873083438724</ele>
        <time>2022-03-05T04:38:06Z</time>
      </trkpt>
      <trkpt lat="33.8571674825887" lon="108.82099176694281">
        <ele>1755.3460891963914</ele>
        <time>2022-03-05T04:38:10Z</time>
      </trkpt>
      <trkpt lat="33.85705231348075" lon="108.82102698154537">
        <ele>1756.8144365251064</ele>
        <time>2022-03-05T04:38:14Z</time>
      </trkpt>
      <trkpt lat="33.85665808300935" lon="108.82091828008124">
        <ele>1757.2865634094924</ele>
        <time>2022-03-05T04:38:28Z</time>
      </trkpt>
      <trkpt lat="33.85651282356698" lon="108.82084935173182">
        <ele>1757.5337423635647</ele>
        <time>2022-03-05T04:38:36Z</time>
      </trkpt>
      <trkpt lat="33.85643615695109" lon="108.82083067468277">
        <ele>1757.8647733498365</ele>
        <time>2022-03-05T04:38:40Z</time>
      </trkpt>
      <trkpt lat="33.85627829228051" lon="108.82067160258711">
        <ele>1759.8433525580913</ele>
        <time>2022-03-05T04:38:48Z</time>
      </trkpt>
      <trkpt lat="33.85619928942151" lon="108.82048424686421">
        <ele>1760.582986075431</ele>
        <time>2022-03-05T04:38:58Z</time>
      </trkpt>
      <trkpt lat="33.85614020458735" lon="108.82029109551577">
        <ele>1762.1706375731155</ele>
        <time>2022-03-05T04:39:06Z</time>
      </trkpt>
      <trkpt lat="33.85607192522813" lon="108.82010940007814">
        <ele>1763.7742372862995</ele>
        <time>2022-03-05T04:39:14Z</time>
      </trkpt>
      <trkpt lat="33.855893031646715" lon="108.81977680833708">
        <ele>1765.820243104361</ele>
        <time>2022-03-05T04:39:30Z</time>
      </trkpt>
      <trkpt lat="33.85567249679334" lon="108.81928671459933">
        <ele>1770.0242175180465</ele>
        <time>2022-03-05T04:39:50Z</time>
      </trkpt>
      <trkpt lat="33.85556563518842" lon="108.81907311990054">
        <ele>1773.4025661470369</ele>
        <time>2022-03-05T04:39:58Z</time>
      </trkpt>
      <trkpt lat="33.855234202138924" lon="108.81868385807037">
        <ele>1778.606334084645</ele>
        <time>2022-03-05T04:40:18Z</time>
      </trkpt>
      <trkpt lat="33.85510118782098" lon="108.81853966813075">
        <ele>1781.0122375171632</ele>
        <time>2022-03-05T04:40:26Z</time>
      </trkpt>
      <trkpt lat="33.855012229799165" lon="108.81846992364598">
        <ele>1781.4050306202844</ele>
        <time>2022-03-05T04:40:30Z</time>
      </trkpt>
      <trkpt lat="33.85482452123009" lon="108.81823289312811">
        <ele>1785.5657676327974</ele>
        <time>2022-03-05T04:40:42Z</time>
      </trkpt>
      <trkpt lat="33.85474728493435" lon="108.8181690621205">
        <ele>1786.9756309082732</ele>
        <time>2022-03-05T04:40:46Z</time>
      </trkpt>
      <trkpt lat="33.854533455433696" lon="108.81783734527143">
        <ele>1791.9537996100262</ele>
        <time>2022-03-05T04:41:02Z</time>
      </trkpt>
      <trkpt lat="33.85436049720421" lon="108.81774246580741">
        <ele>1793.666537801735</ele>
        <time>2022-03-05T04:41:10Z</time>
      </trkpt>
      <trkpt lat="33.8542791288649" lon="108.81774372440285">
        <ele>1794.2269578045234</ele>
        <time>2022-03-05T04:41:14Z</time>
      </trkpt>
      <trkpt lat="33.85401445377028" lon="108.81766236936784">
        <ele>1794.867225910537</ele>
        <time>2022-03-05T04:41:26Z</time>
      </trkpt>
      <trkpt lat="33.85356837908283" lon="108.8176368545501">
        <ele>1798.928743054159</ele>
        <time>2022-03-05T04:41:46Z</time>
      </trkpt>
      <trkpt lat="33.85303352062478" lon="108.81759284696454">
        <ele>1803.7964380532503</ele>
        <time>2022-03-05T04:42:10Z</time>
      </trkpt>
      <trkpt lat="33.85255727413494" lon="108.81756858865789">
        <ele>1806.0422422308475</ele>
        <time>2022-03-05T04:42:30Z</time>
      </trkpt>
      <trkpt lat="33.8522227188685" lon="108.81746123636431">
        <ele>1806.7336374465376</ele>
        <time>2022-03-05T04:42:42Z</time>
      </trkpt>
      <trkpt lat="33.85213430143466" lon="108.81741746819414">
        <ele>1807.2729753553867</ele>
        <time>2022-03-05T04:42:46Z</time>
      </trkpt>
      <trkpt lat="33.85200332492186" lon="108.81725719342312">
        <ele>1807.936623194255</ele>
        <time>2022-03-05T04:42:54Z</time>
      </trkpt>
      <trkpt lat="33.85197107279413" lon="108.81714898188494">
        <ele>1809.0587863530964</ele>
        <time>2022-03-05T04:42:58Z</time>
      </trkpt>
      <trkpt lat="33.85197648782541" lon="108.81703559029215">
        <ele>1809.4145275028422</ele>
        <time>2022-03-05T04:43:02Z</time>
      </trkpt>
      <trkpt lat="33.851928837983436" lon="108.81649292131377">
        <ele>1811.2190990475938</ele>
        <time>2022-03-05T04:43:20Z</time>
      </trkpt>
      <trkpt lat="33.85190315481258" lon="108.81635290871277">
        <ele>1812.0555896861479</ele>
        <time>2022-03-05T04:43:24Z</time>
      </trkpt>
      <trkpt lat="33.851859698689736" lon="108.81622283139843">
        <ele>1812.5582064790651</ele>
        <time>2022-03-05T04:43:28Z</time>
      </trkpt>
      <trkpt lat="33.85177577148937" lon="108.81609656681479">
        <ele>1814.070492150262</ele>
        <time>2022-03-05T04:43:32Z</time>
      </trkpt>
      <trkpt lat="33.85166363421235" lon="108.81603599457159">
        <ele>1815.1837740894407</ele>
        <time>2022-03-05T04:43:36Z</time>
      </trkpt>
      <trkpt lat="33.85155737967303" lon="108.81603188669756">
        <ele>1816.315825697966</ele>
        <time>2022-03-05T04:43:40Z</time>
      </trkpt>
      <trkpt lat="33.85147011144265" lon="108.81606305376508">
        <ele>1817.5178888589144</ele>
        <time>2022-03-05T04:43:44Z</time>
      </trkpt>
      <trkpt lat="33.851423677823206" lon="108.81613958779629">
        <ele>1819.3554080547765</ele>
        <time>2022-03-05T04:43:48Z</time>
      </trkpt>
      <trkpt lat="33.85140695501547" lon="108.8162424623874">
        <ele>1820.6662486549467</ele>
        <time>2022-03-05T04:43:52Z</time>
      </trkpt>
      <trkpt lat="33.85146557363926" lon="108.8167415407408">
        <ele>1821.6475150818005</ele>
        <time>2022-03-05T04:44:08Z</time>
      </trkpt>
      <trkpt lat="33.8514403488226" lon="108.81686768765456">
        <ele>1821.702066537924</ele>
        <time>2022-03-05T04:44:12Z</time>
      </trkpt>
      <trkpt lat="33.85135289303379" lon="108.8169294032159">
        <ele>1821.9051544889808</ele>
        <time>2022-03-05T04:44:16Z</time>
      </trkpt>
      <trkpt lat="33.85126665922516" lon="108.81685366175273">
        <ele>1823.700735334307</ele>
        <time>2022-03-05T04:44:22Z</time>
      </trkpt>
      <trkpt lat="33.85116952824919" lon="108.81654612429361">
        <ele>1828.6731365341693</ele>
        <time>2022-03-05T04:44:34Z</time>
      </trkpt>
      <trkpt lat="33.8511385773834" lon="108.81615359768857">
        <ele>1831.537256622687</ele>
        <time>2022-03-05T04:44:46Z</time>
      </trkpt>
      <trkpt lat="33.851130785505894" lon="108.81554882026141">
        <ele>1833.4128077728674</ele>
        <time>2022-03-05T04:45:02Z</time>
      </trkpt>
      <trkpt lat="33.85111111488661" lon="108.81497874685027">
        <ele>1835.2522053821012</ele>
        <time>2022-03-05T04:45:16Z</time>
      </trkpt>
      <trkpt lat="33.85104103598451" lon="108.81452863441515">
        <ele>1838.27270146925</ele>
        <time>2022-03-05T04:45:26Z</time>
      </trkpt>
      <trkpt lat="33.85098166828642" lon="108.81440212859697">
        <ele>1838.3652401445433</ele>
        <time>2022-03-05T04:45:30Z</time>
      </trkpt>
      <trkpt lat="33.850923628533685" lon="108.8143469120193">
        <ele>1839.4165171114728</ele>
        <time>2022-03-05T04:45:32Z</time>
      </trkpt>
      <trkpt lat="33.850525499641535" lon="108.8142519809885">
        <ele>1844.5035434411839</ele>
        <time>2022-03-05T04:45:48Z</time>
      </trkpt>
      <trkpt lat="33.850417895942286" lon="108.81424407436846">
        <ele>1846.0954726571217</ele>
        <time>2022-03-05T04:45:52Z</time>
      </trkpt>
      <trkpt lat="33.850319709048705" lon="108.8142109094266">
        <ele>1847.5442523797974</ele>
        <time>2022-03-05T04:45:56Z</time>
      </trkpt>
      <trkpt lat="33.85022365718381" lon="108.81420322355018">
        <ele>1849.9619010696188</ele>
        <time>2022-03-05T04:46:00Z</time>
      </trkpt>
      <trkpt lat="33.8499609769959" lon="108.81409030701235">
        <ele>1856.5232066912577</ele>
        <time>2022-03-05T04:46:12Z</time>
      </trkpt>
      <trkpt lat="33.849679448236635" lon="108.81390193333971">
        <ele>1860.1725458782166</ele>
        <time>2022-03-05T04:46:24Z</time>
      </trkpt>
      <trkpt lat="33.84960561141491" lon="108.81380455884103">
        <ele>1861.50394821167</ele>
        <time>2022-03-05T04:46:28Z</time>
      </trkpt>
      <trkpt lat="33.84956890036143" lon="108.81366228613078">
        <ele>1862.8264647061005</ele>
        <time>2022-03-05T04:46:32Z</time>
      </trkpt>
      <trkpt lat="33.849503758187424" lon="108.81319915784198">
        <ele>1863.3927974859253</ele>
        <time>2022-03-05T04:46:48Z</time>
      </trkpt>
      <trkpt lat="33.84946666162785" lon="108.81308607476561">
        <ele>1864.746578359045</ele>
        <time>2022-03-05T04:46:52Z</time>
      </trkpt>
      <trkpt lat="33.849412961393256" lon="108.81299224744001">
        <ele>1865.4869213709608</ele>
        <time>2022-03-05T04:46:56Z</time>
      </trkpt>
      <trkpt lat="33.84924847985335" lon="108.81285466579891">
        <ele>1866.4892418431118</ele>
        <time>2022-03-05T04:47:04Z</time>
      </trkpt>
      <trkpt lat="33.84908100786631" lon="108.81276848577608">
        <ele>1866.0918300645426</ele>
        <time>2022-03-05T04:47:12Z</time>
      </trkpt>
      <trkpt lat="33.84891221176908" lon="108.81273310582063">
        <ele>1865.1793677136302</ele>
        <time>2022-03-05T04:47:20Z</time>
      </trkpt>
      <trkpt lat="33.84879909021804" lon="108.8126828316631">
        <ele>1865.2404000442475</ele>
        <time>2022-03-05T04:47:26Z</time>
      </trkpt>
      <trkpt lat="33.848682499026" lon="108.81267639211173">
        <ele>1865.2447609342635</ele>
        <time>2022-03-05T04:47:30Z</time>
      </trkpt>
      <trkpt lat="33.8484762044068" lon="108.81261263411079">
        <ele>1866.781275860034</ele>
        <time>2022-03-05T04:47:38Z</time>
      </trkpt>
      <trkpt lat="33.848186300210756" lon="108.81249379083964">
        <ele>1872.0304411156103</ele>
        <time>2022-03-05T04:47:50Z</time>
      </trkpt>
      <trkpt lat="33.84772747023676" lon="108.81235003811256">
        <ele>1878.8704494647682</ele>
        <time>2022-03-05T04:48:06Z</time>
      </trkpt>
      <trkpt lat="33.847406043660115" lon="108.81223079707422">
        <ele>1883.4227829528973</ele>
        <time>2022-03-05T04:48:18Z</time>
      </trkpt>
      <trkpt lat="33.84731850740719" lon="108.81214349001209">
        <ele>1883.9832652881742</ele>
        <time>2022-03-05T04:48:22Z</time>
      </trkpt>
      <trkpt lat="33.846922727034965" lon="108.81190105668588">
        <ele>1888.8779845675454</ele>
        <time>2022-03-05T04:48:36Z</time>
      </trkpt>
      <trkpt lat="33.846500208984466" lon="108.81157518821732">
        <ele>1892.7283757980913</ele>
        <time>2022-03-05T04:48:56Z</time>
      </trkpt>
      <trkpt lat="33.84610308135726" lon="108.81124383133445">
        <ele>1897.7788751963526</ele>
        <time>2022-03-05T04:49:16Z</time>
      </trkpt>
      <trkpt lat="33.84570723556588" lon="108.81085372799274">
        <ele>1900.418880397454</ele>
        <time>2022-03-05T04:49:36Z</time>
      </trkpt>
      <trkpt lat="33.84530714178453" lon="108.8104964383234">
        <ele>1906.134125505574</ele>
        <time>2022-03-05T04:49:56Z</time>
      </trkpt>
      <trkpt lat="33.84490025681782" lon="108.81014256547185">
        <ele>1911.2931093927473</ele>
        <time>2022-03-05T04:50:16Z</time>
      </trkpt>
      <trkpt lat="33.84471288921533" lon="108.81005471895753">
        <ele>1914.6816940214485</ele>
        <time>2022-03-05T04:50:24Z</time>
      </trkpt>
      <trkpt lat="33.84421259263483" lon="108.80999390206749">
        <ele>1918.9726655967534</ele>
        <time>2022-03-05T04:50:44Z</time>
      </trkpt>
      <trkpt lat="33.844021500163734" lon="108.81000977684378">
        <ele>1919.649417558685</ele>
        <time>2022-03-05T04:50:52Z</time>
      </trkpt>
      <trkpt lat="33.84393835981188" lon="108.80999161861929">
        <ele>1919.7223307620734</ele>
        <time>2022-03-05T04:50:56Z</time>
      </trkpt>
      <trkpt lat="33.84355905579501" lon="108.81004444487064">
        <ele>1922.891823016107</ele>
        <time>2022-03-05T04:51:12Z</time>
      </trkpt>
      <trkpt lat="33.84339481041197" lon="108.81000962545691">
        <ele>1922.6685491772369</ele>
        <time>2022-03-05T04:51:20Z</time>
      </trkpt>
      <trkpt lat="33.84312960026747" lon="108.80986684266526">
        <ele>1924.3196561876684</ele>
        <time>2022-03-05T04:51:32Z</time>
      </trkpt>
      <trkpt lat="33.843045774768385" lon="108.80979912135368">
        <ele>1924.9506769077852</ele>
        <time>2022-03-05T04:51:36Z</time>
      </trkpt>
      <trkpt lat="33.842946009790225" lon="108.8096509510282">
        <ele>1926.0085819419473</ele>
        <time>2022-03-05T04:51:44Z</time>
      </trkpt>
      <trkpt lat="33.84277161173311" lon="108.80914921258437">
        <ele>1931.4341981504112</ele>
        <time>2022-03-05T04:52:04Z</time>
      </trkpt>
      <trkpt lat="33.84273340785973" lon="108.80905362610667">
        <ele>1932.74435022939</ele>
        <time>2022-03-05T04:52:08Z</time>
      </trkpt>
      <trkpt lat="33.84266420645107" lon="108.80866357074835">
        <ele>1936.5194644648582</ele>
        <time>2022-03-05T04:52:20Z</time>
      </trkpt>
      <trkpt lat="33.8426722975467" lon="108.80853563568516">
        <ele>1936.0663113761693</ele>
        <time>2022-03-05T04:52:24Z</time>
      </trkpt>
      <trkpt lat="33.84264122185257" lon="108.80817902282104">
        <ele>1938.239622477442</ele>
        <time>2022-03-05T04:52:36Z</time>
      </trkpt>
      <trkpt lat="33.84254634148809" lon="108.807841304338">
        <ele>1941.4441038286313</ele>
        <time>2022-03-05T04:52:48Z</time>
      </trkpt>
      <trkpt lat="33.84241235219989" lon="108.80753887537715">
        <ele>1943.4590108348057</ele>
        <time>2022-03-05T04:53:00Z</time>
      </trkpt>
      <trkpt lat="33.842321265154425" lon="108.80702818711994">
        <ele>1947.5650277230889</ele>
        <time>2022-03-05T04:53:16Z</time>
      </trkpt>
      <trkpt lat="33.842235577907445" lon="108.80681759879931">
        <ele>1952.2700867205858</ele>
        <time>2022-03-05T04:53:24Z</time>
      </trkpt>
      <trkpt lat="33.842175131481284" lon="108.80671101797999">
        <ele>1951.7862843060866</ele>
        <time>2022-03-05T04:53:28Z</time>
      </trkpt>
      <trkpt lat="33.84208472167207" lon="108.8066742244615">
        <ele>1951.4612042522058</ele>
        <time>2022-03-05T04:53:32Z</time>
      </trkpt>
      <trkpt lat="33.8420129509537" lon="108.80675767930323">
        <ele>1951.2984952079132</ele>
        <time>2022-03-05T04:53:38Z</time>
      </trkpt>
      <trkpt lat="33.841911609360096" lon="108.80729389496122">
        <ele>1951.7871777620167</ele>
        <time>2022-03-05T04:53:58Z</time>
      </trkpt>
      <trkpt lat="33.84188119838183" lon="108.80754107007876">
        <ele>1953.3428835552186</ele>
        <time>2022-03-05T04:54:06Z</time>
      </trkpt>
      <trkpt lat="33.84180878568796" lon="108.80776648967598">
        <ele>1954.4048623824492</ele>
        <time>2022-03-05T04:54:14Z</time>
      </trkpt>
      <trkpt lat="33.84174407195031" lon="108.80783332191562">
        <ele>1954.3931085839868</ele>
        <time>2022-03-05T04:54:18Z</time>
      </trkpt>
      <trkpt lat="33.84165175049534" lon="108.80780628503246">
        <ele>1954.4139657346532</ele>
        <time>2022-03-05T04:54:22Z</time>
      </trkpt>
      <trkpt lat="33.8414322254412" lon="108.8074938819896">
        <ele>1957.6614724881947</ele>
        <time>2022-03-05T04:54:38Z</time>
      </trkpt>
      <trkpt lat="33.84130502749432" lon="108.80734818380112">
        <ele>1961.8215144146234</ele>
        <time>2022-03-05T04:54:46Z</time>
      </trkpt>
      <trkpt lat="33.84114214533225" lon="108.80710909569653">
        <ele>1966.7131531285122</ele>
        <time>2022-03-05T04:54:58Z</time>
      </trkpt>
      <trkpt lat="33.84109893024982" lon="108.80701109246712">
        <ele>1967.8618241818622</ele>
        <time>2022-03-05T04:55:02Z</time>
      </trkpt>
      <trkpt lat="33.84095820808815" lon="108.80683202014403">
        <ele>1970.7482661176473</ele>
        <time>2022-03-05T04:55:10Z</time>
      </trkpt>
      <trkpt lat="33.84091168086633" lon="108.80671484554509">
        <ele>1971.732208032161</ele>
        <time>2022-03-05T04:55:14Z</time>
      </trkpt>
      <trkpt lat="33.84056349170517" lon="108.80631765388912">
        <ele>1981.763372006826</ele>
        <time>2022-03-05T04:55:34Z</time>
      </trkpt>
      <trkpt lat="33.84035646894231" lon="108.80608226201582">
        <ele>1984.156861810945</ele>
        <time>2022-03-05T04:55:46Z</time>
      </trkpt>
      <trkpt lat="33.84025660649508" lon="108.80588816428384">
        <ele>1986.181329892017</ele>
        <time>2022-03-05T04:55:54Z</time>
      </trkpt>
      <trkpt lat="33.84019391161141" lon="108.80553458555404">
        <ele>1988.0949548566714</ele>
        <time>2022-03-05T04:56:06Z</time>
      </trkpt>
      <trkpt lat="33.84018659563624" lon="108.80535279797597">
        <ele>1991.6924725100398</ele>
        <time>2022-03-05T04:56:14Z</time>
      </trkpt>
      <trkpt lat="33.84019083163098" lon="108.80479707389955">
        <ele>1997.7570054875687</ele>
        <time>2022-03-05T04:56:38Z</time>
      </trkpt>
      <trkpt lat="33.84016837104741" lon="108.80437584811074">
        <ele>1999.1734994258732</ele>
        <time>2022-03-05T04:56:54Z</time>
      </trkpt>
      <trkpt lat="33.840132440453594" lon="108.80397723501788">
        <ele>2004.0543706025928</ele>
        <time>2022-03-05T04:57:10Z</time>
      </trkpt>
      <trkpt lat="33.840139433994445" lon="108.80387131658561">
        <ele>2005.3215839294717</ele>
        <time>2022-03-05T04:57:14Z</time>
      </trkpt>
      <trkpt lat="33.84011465465778" lon="108.80375244735222">
        <ele>2006.5315962368622</ele>
        <time>2022-03-05T04:57:18Z</time>
      </trkpt>
      <trkpt lat="33.84006512387211" lon="108.80366934734685">
        <ele>2007.6309940880165</ele>
        <time>2022-03-05T04:57:22Z</time>
      </trkpt>
      <trkpt lat="33.83998689543137" lon="108.80363259919403">
        <ele>2008.4496088828892</ele>
        <time>2022-03-05T04:57:26Z</time>
      </trkpt>
      <trkpt lat="33.83991761321218" lon="108.80371310874571">
        <ele>2009.4680927777663</ele>
        <time>2022-03-05T04:57:32Z</time>
      </trkpt>
      <trkpt lat="33.83989786950522" lon="108.80380545566487">
        <ele>2009.439532357268</ele>
        <time>2022-03-05T04:57:36Z</time>
      </trkpt>
      <trkpt lat="33.83985991581337" lon="108.80388931435581">
        <ele>2009.2484691804275</ele>
        <time>2022-03-05T04:57:40Z</time>
      </trkpt>
      <trkpt lat="33.83979710775039" lon="108.80417528220464">
        <ele>2008.6379629997537</ele>
        <time>2022-03-05T04:57:48Z</time>
      </trkpt>
      <trkpt lat="33.839657120565604" lon="108.80467928829594">
        <ele>2010.1637652488425</ele>
        <time>2022-03-05T04:58:02Z</time>
      </trkpt>
      <trkpt lat="33.83958929702928" lon="108.8048187293033">
        <ele>2009.3007066762075</ele>
        <time>2022-03-05T04:58:06Z</time>
      </trkpt>
      <trkpt lat="33.83944324467537" lon="108.80490016035895">
        <ele>2009.33058995381</ele>
        <time>2022-03-05T04:58:10Z</time>
      </trkpt>
      <trkpt lat="33.83927337701199" lon="108.80484920911707">
        <ele>2010.4676873590797</ele>
        <time>2022-03-05T04:58:16Z</time>
      </trkpt>
      <trkpt lat="33.839086461724655" lon="108.80471932813259">
        <ele>2012.9787874324247</ele>
        <time>2022-03-05T04:58:24Z</time>
      </trkpt>
      <trkpt lat="33.83873069854363" lon="108.8043653536268">
        <ele>2017.6702322214842</ele>
        <time>2022-03-05T04:58:44Z</time>
      </trkpt>
      <trkpt lat="33.83845681504784" lon="108.80389972674594">
        <ele>2023.1860452415422</ele>
        <time>2022-03-05T04:59:04Z</time>
      </trkpt>
      <trkpt lat="33.83820999123185" lon="108.80340963790485">
        <ele>2022.885097024031</ele>
        <time>2022-03-05T04:59:20Z</time>
      </trkpt>
      <trkpt lat="33.838090379724726" lon="108.80315942509976">
        <ele>2021.480830305256</ele>
        <time>2022-03-05T04:59:32Z</time>
      </trkpt>
      <trkpt lat="33.83807529511058" lon="108.80325207731329">
        <ele>2021.6293212110177</ele>
        <time>2022-03-05T04:59:48Z</time>
      </trkpt>
      <trkpt lat="33.83805407591471" lon="108.80324794806411">
        <ele>2022.3466288903728</ele>
        <time>2022-03-05T04:59:56Z</time>
      </trkpt>
      <trkpt lat="33.83812957289587" lon="108.80327473953047">
        <ele>2024.8059388315305</ele>
        <time>2022-03-05T05:10:35Z</time>
      </trkpt>
      <trkpt lat="33.838226844795216" lon="108.80340109084753">
        <ele>2025.1850430713966</ele>
        <time>2022-03-05T05:10:54Z</time>
      </trkpt>
      <trkpt lat="33.83830387571173" lon="108.80370794079865">
        <ele>2025.5370265813544</ele>
        <time>2022-03-05T05:13:41Z</time>
      </trkpt>
      <trkpt lat="33.83838929236661" lon="108.8038523733528">
        <ele>2023.7733155740425</ele>
        <time>2022-03-05T05:13:45Z</time>
      </trkpt>
      <trkpt lat="33.83844718711531" lon="108.80404781454739">
        <ele>2023.0657323198393</ele>
        <time>2022-03-05T05:13:49Z</time>
      </trkpt>
      <trkpt lat="33.838580845257184" lon="108.8042832626246">
        <ele>2019.042146791704</ele>
        <time>2022-03-05T05:13:53Z</time>
      </trkpt>
      <trkpt lat="33.838954384649476" lon="108.80473079804088">
        <ele>2014.1520165810362</ele>
        <time>2022-03-05T05:13:59Z</time>
      </trkpt>
      <trkpt lat="33.83910180048809" lon="108.80489823415581">
        <ele>2012.0797704253346</ele>
        <time>2022-03-05T05:14:01Z</time>
      </trkpt>
      <trkpt lat="33.83926932972012" lon="108.80500783553529">
        <ele>2010.5051681604236</ele>
        <time>2022-03-05T05:14:03Z</time>
      </trkpt>
      <trkpt lat="33.83944692534619" lon="108.80500837326723">
        <ele>2008.5226674489677</ele>
        <time>2022-03-05T05:14:05Z</time>
      </trkpt>
      <trkpt lat="33.839591884145264" lon="108.80487774513271">
        <ele>2006.3102576434612</ele>
        <time>2022-03-05T05:14:07Z</time>
      </trkpt>
      <trkpt lat="33.83972421182086" lon="108.80442771139911">
        <ele>2005.4213809901848</ele>
        <time>2022-03-05T05:14:11Z</time>
      </trkpt>
      <trkpt lat="33.839872678070336" lon="108.80373619109848">
        <ele>2003.2967770500109</ele>
        <time>2022-03-05T05:14:17Z</time>
      </trkpt>
      <trkpt lat="33.83994866910248" lon="108.8036109574922">
        <ele>2002.6125950003043</ele>
        <time>2022-03-05T05:14:19Z</time>
      </trkpt>
      <trkpt lat="33.840070405695265" lon="108.80364902652204">
        <ele>2002.5385155938566</ele>
        <time>2022-03-05T05:14:21Z</time>
      </trkpt>
      <trkpt lat="33.84011444353255" lon="108.80381622576463">
        <ele>2002.8205492477864</ele>
        <time>2022-03-05T05:14:23Z</time>
      </trkpt>
      <trkpt lat="33.84011107537078" lon="108.80420013205443">
        <ele>1999.3748400714248</ele>
        <time>2022-03-05T05:14:27Z</time>
      </trkpt>
      <trkpt lat="33.840156595147754" lon="108.8046678873766">
        <ele>1994.86704311613</ele>
        <time>2022-03-05T05:14:31Z</time>
      </trkpt>
      <trkpt lat="33.84013631491341" lon="108.80520533724251">
        <ele>1990.6435677362606</ele>
        <time>2022-03-05T05:14:35Z</time>
      </trkpt>
      <trkpt lat="33.84012116705586" lon="108.80545169863701">
        <ele>1988.919557314366</ele>
        <time>2022-03-05T05:14:37Z</time>
      </trkpt>
      <trkpt lat="33.84013010371293" lon="108.805680700801">
        <ele>1986.0004066834226</ele>
        <time>2022-03-05T05:14:39Z</time>
      </trkpt>
      <trkpt lat="33.840186280106984" lon="108.80591773310546">
        <ele>1984.0619995845482</ele>
        <time>2022-03-05T05:14:41Z</time>
      </trkpt>
      <trkpt lat="33.840319261293" lon="108.80613489660054">
        <ele>1981.783294084482</ele>
        <time>2022-03-05T05:14:43Z</time>
      </trkpt>
      <trkpt lat="33.84071427417775" lon="108.80651716256376">
        <ele>1977.7795004351065</ele>
        <time>2022-03-05T05:14:47Z</time>
      </trkpt>
      <trkpt lat="33.84112841633867" lon="108.80714781346002">
        <ele>1970.1595321660861</ele>
        <time>2022-03-05T05:14:52Z</time>
      </trkpt>
      <trkpt lat="33.84142704799046" lon="108.8076200447878">
        <ele>1963.0543273370713</ele>
        <time>2022-03-05T05:14:56Z</time>
      </trkpt>
      <trkpt lat="33.84154269985363" lon="108.80781485899072">
        <ele>1961.0817229319364</ele>
        <time>2022-03-05T05:14:58Z</time>
      </trkpt>
      <trkpt lat="33.841656597303555" lon="108.80794133877819">
        <ele>1958.682714914903</ele>
        <time>2022-03-05T05:15:00Z</time>
      </trkpt>
      <trkpt lat="33.84178127286778" lon="108.80791572380892">
        <ele>1957.1269704205915</ele>
        <time>2022-03-05T05:15:02Z</time>
      </trkpt>
      <trkpt lat="33.841837449483954" lon="108.80774805277589">
        <ele>1955.4991251397878</ele>
        <time>2022-03-05T05:15:04Z</time>
      </trkpt>
      <trkpt lat="33.84190416717273" lon="108.80703594565652">
        <ele>1950.319365628995</ele>
        <time>2022-03-05T05:15:10Z</time>
      </trkpt>
      <trkpt lat="33.8419319557555" lon="108.80681254417755">
        <ele>1948.9007285786793</ele>
        <time>2022-03-05T05:15:12Z</time>
      </trkpt>
      <trkpt lat="33.841999402264115" lon="108.80665915022985">
        <ele>1947.8179286066443</ele>
        <time>2022-03-05T05:15:14Z</time>
      </trkpt>
      <trkpt lat="33.84211152271778" lon="108.80662363591334">
        <ele>1947.8811445487663</ele>
        <time>2022-03-05T05:15:16Z</time>
      </trkpt>
      <trkpt lat="33.84221271071583" lon="108.80673915737236">
        <ele>1947.6680482169613</ele>
        <time>2022-03-05T05:15:18Z</time>
      </trkpt>
      <trkpt lat="33.84227403248463" lon="108.80690535011902">
        <ele>1947.776681532152</ele>
        <time>2022-03-05T05:15:20Z</time>
      </trkpt>
      <trkpt lat="33.842363549349265" lon="108.80730519853144">
        <ele>1945.0427795136347</ele>
        <time>2022-03-05T05:15:24Z</time>
      </trkpt>
      <trkpt lat="33.842553625386834" lon="108.8077474800879">
        <ele>1939.644024061039</ele>
        <time>2022-03-05T05:15:28Z</time>
      </trkpt>
      <trkpt lat="33.84260945113103" lon="108.80801189407255">
        <ele>1937.321247028187</ele>
        <time>2022-03-05T05:15:30Z</time>
      </trkpt>
      <trkpt lat="33.84263269528072" lon="108.80857174552084">
        <ele>1933.3746360940859</ele>
        <time>2022-03-05T05:15:34Z</time>
      </trkpt>
      <trkpt lat="33.842676159783295" lon="108.80886866494235">
        <ele>1931.5087038185447</ele>
        <time>2022-03-05T05:15:36Z</time>
      </trkpt>
      <trkpt lat="33.84280719486715" lon="108.80945424803441">
        <ele>1926.8428968526423</ele>
        <time>2022-03-05T05:15:40Z</time>
      </trkpt>
      <trkpt lat="33.84287942935904" lon="108.8097014170818">
        <ele>1925.2299259491265</ele>
        <time>2022-03-05T05:15:42Z</time>
      </trkpt>
      <trkpt lat="33.843010001994585" lon="108.80990368885418">
        <ele>1923.4807445257902</ele>
        <time>2022-03-05T05:15:44Z</time>
      </trkpt>
      <trkpt lat="33.843197858706795" lon="108.81003561916079">
        <ele>1920.7934722183272</ele>
        <time>2022-03-05T05:15:46Z</time>
      </trkpt>
      <trkpt lat="33.84337797169223" lon="108.81009499634601">
        <ele>1919.0637390874326</ele>
        <time>2022-03-05T05:15:48Z</time>
      </trkpt>
      <trkpt lat="33.84358209230026" lon="108.810090614712">
        <ele>1917.0995308598503</ele>
        <time>2022-03-05T05:15:50Z</time>
      </trkpt>
      <trkpt lat="33.84406437307628" lon="108.81003230114487">
        <ele>1912.8288214402273</ele>
        <time>2022-03-05T05:15:54Z</time>
      </trkpt>
      <trkpt lat="33.84432381812926" lon="108.81002630186654">
        <ele>1911.4621539507061</ele>
        <time>2022-03-05T05:15:56Z</time>
      </trkpt>
      <trkpt lat="33.8445779463574" lon="108.81006224021179">
        <ele>1911.549739986658</ele>
        <time>2022-03-05T05:15:58Z</time>
      </trkpt>
      <trkpt lat="33.844807794905186" lon="108.81017891808764">
        <ele>1910.3553940355778</ele>
        <time>2022-03-05T05:16:00Z</time>
      </trkpt>
      <trkpt lat="33.84522663365776" lon="108.81052622772653">
        <ele>1905.075855572708</ele>
        <time>2022-03-05T05:16:04Z</time>
      </trkpt>
      <trkpt lat="33.84567700742105" lon="108.81092967754613">
        <ele>1899.676777800545</ele>
        <time>2022-03-05T05:16:08Z</time>
      </trkpt>
      <trkpt lat="33.84606525209885" lon="108.81129545607888">
        <ele>1894.2621862888336</ele>
        <time>2022-03-05T05:16:12Z</time>
      </trkpt>
      <trkpt lat="33.84645376181446" lon="108.81165897330791">
        <ele>1890.3121579773724</ele>
        <time>2022-03-05T05:16:18Z</time>
      </trkpt>
      <trkpt lat="33.84683157506323" lon="108.81195733180121">
        <ele>1888.57334675733</ele>
        <time>2022-03-05T05:16:24Z</time>
      </trkpt>
      <trkpt lat="33.8473484365148" lon="108.81230041333144">
        <ele>1883.7261716453359</ele>
        <time>2022-03-05T05:16:30Z</time>
      </trkpt>
      <trkpt lat="33.84753458574531" lon="108.81238944037794">
        <ele>1882.920690478757</ele>
        <time>2022-03-05T05:16:32Z</time>
      </trkpt>
      <trkpt lat="33.84797525140723" lon="108.81252186298646">
        <ele>1880.7146512474865</ele>
        <time>2022-03-05T05:16:36Z</time>
      </trkpt>
      <trkpt lat="33.84846583819609" lon="108.81265977254562">
        <ele>1877.2919081645086</ele>
        <time>2022-03-05T05:16:40Z</time>
      </trkpt>
      <trkpt lat="33.84897166523199" lon="108.81278701073336">
        <ele>1872.056093540974</ele>
        <time>2022-03-05T05:16:44Z</time>
      </trkpt>
      <trkpt lat="33.849195226050796" lon="108.81287017690788">
        <ele>1870.2160510802642</ele>
        <time>2022-03-05T05:16:46Z</time>
      </trkpt>
      <trkpt lat="33.84937776887907" lon="108.81305308170411">
        <ele>1867.5586327277124</ele>
        <time>2022-03-05T05:16:48Z</time>
      </trkpt>
      <trkpt lat="33.84946054297037" lon="108.8133346403836">
        <ele>1865.579832881689</ele>
        <time>2022-03-05T05:16:50Z</time>
      </trkpt>
      <trkpt lat="33.84947701196933" lon="108.81360573681346">
        <ele>1863.471253072843</ele>
        <time>2022-03-05T05:16:52Z</time>
      </trkpt>
      <trkpt lat="33.84951505263164" lon="108.81383370425809">
        <ele>1862.0123950047418</ele>
        <time>2022-03-05T05:16:54Z</time>
      </trkpt>
      <trkpt lat="33.84963543453846" lon="108.8139932086368">
        <ele>1860.6740737883374</ele>
        <time>2022-03-05T05:16:56Z</time>
      </trkpt>
      <trkpt lat="33.84980962348842" lon="108.8141078404956">
        <ele>1859.105201358907</ele>
        <time>2022-03-05T05:16:58Z</time>
      </trkpt>
      <trkpt lat="33.85001680074045" lon="108.81418546918786">
        <ele>1858.029305262491</ele>
        <time>2022-03-05T05:17:00Z</time>
      </trkpt>
      <trkpt lat="33.8504730778767" lon="108.81422682023093">
        <ele>1854.1122853336856</ele>
        <time>2022-03-05T05:17:04Z</time>
      </trkpt>
      <trkpt lat="33.85088441188547" lon="108.81427337238969">
        <ele>1850.7984667103738</ele>
        <time>2022-03-05T05:17:08Z</time>
      </trkpt>
      <trkpt lat="33.85101171258812" lon="108.81440852106137">
        <ele>1848.6887290626764</ele>
        <time>2022-03-05T05:17:10Z</time>
      </trkpt>
      <trkpt lat="33.851081504360884" lon="108.81461697122826">
        <ele>1847.214381978847</ele>
        <time>2022-03-05T05:17:12Z</time>
      </trkpt>
      <trkpt lat="33.85111727031234" lon="108.81510865960635">
        <ele>1844.3356508305296</ele>
        <time>2022-03-05T05:17:16Z</time>
      </trkpt>
      <trkpt lat="33.851107100346084" lon="108.81564752288666">
        <ele>1838.6047823037952</ele>
        <time>2022-03-05T05:17:20Z</time>
      </trkpt>
      <trkpt lat="33.85108953881661" lon="108.81622194732667">
        <ele>1834.9403015254065</ele>
        <time>2022-03-05T05:17:24Z</time>
      </trkpt>
      <trkpt lat="33.85108251940286" lon="108.81651405662045">
        <ele>1831.6517343418673</ele>
        <time>2022-03-05T05:17:26Z</time>
      </trkpt>
      <trkpt lat="33.85113153318425" lon="108.81676230455321">
        <ele>1829.7461427953094</ele>
        <time>2022-03-05T05:17:28Z</time>
      </trkpt>
      <trkpt lat="33.851194432874415" lon="108.81696099539673">
        <ele>1827.7484463956207</ele>
        <time>2022-03-05T05:17:30Z</time>
      </trkpt>
      <trkpt lat="33.851272424720015" lon="108.81710574106403">
        <ele>1826.9055219357833</ele>
        <time>2022-03-05T05:17:32Z</time>
      </trkpt>
      <trkpt lat="33.85142274917107" lon="108.81709462805077">
        <ele>1825.960280525498</ele>
        <time>2022-03-05T05:17:34Z</time>
      </trkpt>
      <trkpt lat="33.85148327920588" lon="108.81690792475128">
        <ele>1824.0705039678141</ele>
        <time>2022-03-05T05:17:36Z</time>
      </trkpt>
      <trkpt lat="33.851378849537305" lon="108.81650572577557">
        <ele>1823.3123823842034</ele>
        <time>2022-03-05T05:17:40Z</time>
      </trkpt>
      <trkpt lat="33.851355014644845" lon="108.81632909808246">
        <ele>1822.124970686622</ele>
        <time>2022-03-05T05:17:42Z</time>
      </trkpt>
      <trkpt lat="33.85138665887804" lon="108.81616665239495">
        <ele>1821.347037518397</ele>
        <time>2022-03-05T05:17:44Z</time>
      </trkpt>
      <trkpt lat="33.85145345527269" lon="108.81606013227629">
        <ele>1820.0312252100557</ele>
        <time>2022-03-05T05:17:46Z</time>
      </trkpt>
      <trkpt lat="33.851537684487575" lon="108.81599586279803">
        <ele>1819.928305292502</ele>
        <time>2022-03-05T05:17:48Z</time>
      </trkpt>
      <trkpt lat="33.85158745777539" lon="108.81590968492701">
        <ele>1820.5697959894314</ele>
        <time>2022-03-05T05:17:50Z</time>
      </trkpt>
      <trkpt lat="33.85159759398528" lon="108.81583462015271">
        <ele>1820.4256126303226</ele>
        <time>2022-03-05T05:18:02Z</time>
      </trkpt>
      <trkpt lat="33.851721484873956" lon="108.81622005907722">
        <ele>1816.1296234903857</ele>
        <time>2022-03-05T05:19:27Z</time>
      </trkpt>
      <trkpt lat="33.851728513393994" lon="108.81626899240267">
        <ele>1816.2500792974606</ele>
        <time>2022-03-05T05:19:34Z</time>
      </trkpt>
      <trkpt lat="33.85159066393373" lon="108.81613014502756">
        <ele>1816.3742796508595</ele>
        <time>2022-03-05T05:19:52Z</time>
      </trkpt>
      <trkpt lat="33.85159066393373" lon="108.81613014502756">
        <ele>1816.3742796508595</ele>
        <time>2022-03-05T05:19:54Z</time>
      </trkpt>
      <trkpt lat="33.851748254959375" lon="108.81562864244265">
        <ele>1818.5107589513063</ele>
        <time>2022-03-05T05:31:26Z</time>
      </trkpt>
      <trkpt lat="33.851748254959375" lon="108.81562864244265">
        <ele>1818.5107589513063</ele>
        <time>2022-03-05T05:31:30Z</time>
      </trkpt>
      <trkpt lat="33.85162563457337" lon="108.81592917986055">
        <ele>1818.9881960665807</ele>
        <time>2022-03-05T05:35:05Z</time>
      </trkpt>
      <trkpt lat="33.851624529055" lon="108.81592111699491">
        <ele>1818.8763377042487</ele>
        <time>2022-03-05T05:35:12Z</time>
      </trkpt>
      <trkpt lat="33.85159282683754" lon="108.81633887106972">
        <ele>1826.4585697976872</ele>
        <time>2022-03-05T05:54:46Z</time>
      </trkpt>
      <trkpt lat="33.85161589557074" lon="108.81610997410554">
        <ele>1823.5174910835922</ele>
        <time>2022-03-05T05:54:51Z</time>
      </trkpt>
      <trkpt lat="33.851723244237206" lon="108.81600527587717">
        <ele>1821.779356176965</ele>
        <time>2022-03-05T05:55:36Z</time>
      </trkpt>
      <trkpt lat="33.85179637794088" lon="108.81606999664896">
        <ele>1819.9957921542227</ele>
        <time>2022-03-05T05:55:48Z</time>
      </trkpt>
      <trkpt lat="33.85189537656942" lon="108.81640275894107">
        <ele>1817.8573021693155</ele>
        <time>2022-03-05T05:55:57Z</time>
      </trkpt>
      <trkpt lat="33.851861881171644" lon="108.81680628239883">
        <ele>1814.4694826714694</ele>
        <time>2022-03-05T05:56:03Z</time>
      </trkpt>
      <trkpt lat="33.85187107855056" lon="108.81713944393674">
        <ele>1811.9583433531225</ele>
        <time>2022-03-05T05:56:07Z</time>
      </trkpt>
      <trkpt lat="33.85191278498267" lon="108.81733214250931">
        <ele>1810.2273607421666</ele>
        <time>2022-03-05T05:56:09Z</time>
      </trkpt>
      <trkpt lat="33.85204154493147" lon="108.8174798472459">
        <ele>1808.872960803099</ele>
        <time>2022-03-05T05:56:11Z</time>
      </trkpt>
      <trkpt lat="33.8522129549138" lon="108.81755844035384">
        <ele>1808.1198662351817</ele>
        <time>2022-03-05T05:56:13Z</time>
      </trkpt>
      <trkpt lat="33.852374040569906" lon="108.81759689538045">
        <ele>1806.64732808806</ele>
        <time>2022-03-05T05:56:15Z</time>
      </trkpt>
      <trkpt lat="33.852838503764275" lon="108.81763086919828">
        <ele>1803.49818925187</ele>
        <time>2022-03-05T05:56:21Z</time>
      </trkpt>
      <trkpt lat="33.85328270986359" lon="108.81766002061914">
        <ele>1802.4562952145934</ele>
        <time>2022-03-05T05:56:27Z</time>
      </trkpt>
      <trkpt lat="33.85383019377101" lon="108.81770134388718">
        <ele>1797.377953954041</ele>
        <time>2022-03-05T05:56:33Z</time>
      </trkpt>
      <trkpt lat="33.85433055105995" lon="108.81775426957209">
        <ele>1793.4268513116986</ele>
        <time>2022-03-05T05:56:39Z</time>
      </trkpt>
      <trkpt lat="33.854458078677474" lon="108.81785453063226">
        <ele>1791.6238418631256</ele>
        <time>2022-03-05T05:56:41Z</time>
      </trkpt>
      <trkpt lat="33.85467723090185" lon="108.81816995488094">
        <ele>1788.5458332644776</ele>
        <time>2022-03-05T05:56:45Z</time>
      </trkpt>
      <trkpt lat="33.85510563154843" lon="108.81865119256035">
        <ele>1782.7794747017324</ele>
        <time>2022-03-05T05:56:51Z</time>
      </trkpt>
      <trkpt lat="33.85552057650508" lon="108.8190987324156">
        <ele>1778.0547278821468</ele>
        <time>2022-03-05T05:56:57Z</time>
      </trkpt>
      <trkpt lat="33.8556331786245" lon="108.81928322279097">
        <ele>1776.259733011946</ele>
        <time>2022-03-05T05:56:59Z</time>
      </trkpt>
      <trkpt lat="33.855936293373254" lon="108.8199335694993">
        <ele>1768.7564012464136</ele>
        <time>2022-03-05T05:57:05Z</time>
      </trkpt>
      <trkpt lat="33.85604081242096" lon="108.82015523537042">
        <ele>1766.2616341598332</ele>
        <time>2022-03-05T05:57:07Z</time>
      </trkpt>
      <trkpt lat="33.85610583582939" lon="108.82038685781454">
        <ele>1764.2664629947394</ele>
        <time>2022-03-05T05:57:09Z</time>
      </trkpt>
      <trkpt lat="33.85614986699669" lon="108.82061574416173">
        <ele>1762.483655391261</ele>
        <time>2022-03-05T05:57:11Z</time>
      </trkpt>
      <trkpt lat="33.85625579114989" lon="108.82082132683713">
        <ele>1760.1896206364036</ele>
        <time>2022-03-05T05:57:13Z</time>
      </trkpt>
      <trkpt lat="33.85644347992273" lon="108.82093520720159">
        <ele>1757.9859366593882</ele>
        <time>2022-03-05T05:57:15Z</time>
      </trkpt>
      <trkpt lat="33.8566543497024" lon="108.82102281026731">
        <ele>1755.4964157855138</ele>
        <time>2022-03-05T05:57:17Z</time>
      </trkpt>
      <trkpt lat="33.8568730819267" lon="108.8210785964136">
        <ele>1753.759447030723</ele>
        <time>2022-03-05T05:57:19Z</time>
      </trkpt>
      <trkpt lat="33.85734483632894" lon="108.82106950206354">
        <ele>1749.6671686144546</ele>
        <time>2022-03-05T05:57:23Z</time>
      </trkpt>
      <trkpt lat="33.8575931014465" lon="108.82109811293415">
        <ele>1748.3801430510357</ele>
        <time>2022-03-05T05:57:25Z</time>
      </trkpt>
      <trkpt lat="33.85781142258925" lon="108.82112330043998">
        <ele>1747.4255350343883</ele>
        <time>2022-03-05T05:57:27Z</time>
      </trkpt>
      <trkpt lat="33.85821645817375" lon="108.82110718014867">
        <ele>1744.9305537166074</ele>
        <time>2022-03-05T05:57:31Z</time>
      </trkpt>
      <trkpt lat="33.858423067475684" lon="108.82118274490112">
        <ele>1743.0145768728107</ele>
        <time>2022-03-05T05:57:33Z</time>
      </trkpt>
      <trkpt lat="33.85858473184716" lon="108.82132312344893">
        <ele>1741.3218820532784</ele>
        <time>2022-03-05T05:57:35Z</time>
      </trkpt>
      <trkpt lat="33.85871291534968" lon="108.82150222660569">
        <ele>1739.3312465753406</ele>
        <time>2022-03-05T05:57:37Z</time>
      </trkpt>
      <trkpt lat="33.85886199439529" lon="108.82165011110963">
        <ele>1737.156836586073</ele>
        <time>2022-03-05T05:57:39Z</time>
      </trkpt>
      <trkpt lat="33.85921899812911" lon="108.82195896865967">
        <ele>1731.4489997746423</ele>
        <time>2022-03-05T05:57:43Z</time>
      </trkpt>
      <trkpt lat="33.859602946364795" lon="108.82232397976274">
        <ele>1725.449932416901</ele>
        <time>2022-03-05T05:57:47Z</time>
      </trkpt>
      <trkpt lat="33.859969699633176" lon="108.82270874971779">
        <ele>1720.252150834538</ele>
        <time>2022-03-05T05:57:51Z</time>
      </trkpt>
      <trkpt lat="33.860305593903526" lon="108.82307489728586">
        <ele>1716.8068872261792</ele>
        <time>2022-03-05T05:57:55Z</time>
      </trkpt>
      <trkpt lat="33.860658072575006" lon="108.82347994145563">
        <ele>1713.8430135808885</ele>
        <time>2022-03-05T05:57:59Z</time>
      </trkpt>
      <trkpt lat="33.86084615582514" lon="108.82365285267544">
        <ele>1712.5136532234028</ele>
        <time>2022-03-05T05:58:01Z</time>
      </trkpt>
      <trkpt lat="33.86126864456414" lon="108.8239326346037">
        <ele>1711.4858347540721</ele>
        <time>2022-03-05T05:58:05Z</time>
      </trkpt>
      <trkpt lat="33.86148562594664" lon="108.8240736432288">
        <ele>1710.5100546563044</ele>
        <time>2022-03-05T05:58:07Z</time>
      </trkpt>
      <trkpt lat="33.861664055596094" lon="108.82425753209662">
        <ele>1708.773250427097</ele>
        <time>2022-03-05T05:58:09Z</time>
      </trkpt>
      <trkpt lat="33.86180205273565" lon="108.82448593500602">
        <ele>1706.8533668434247</ele>
        <time>2022-03-05T05:58:11Z</time>
      </trkpt>
      <trkpt lat="33.86195897510349" lon="108.82469079822883">
        <ele>1704.7728344881907</ele>
        <time>2022-03-05T05:58:13Z</time>
      </trkpt>
      <trkpt lat="33.86238141617586" lon="108.82501427982064">
        <ele>1700.5016048094258</ele>
        <time>2022-03-05T05:58:17Z</time>
      </trkpt>
      <trkpt lat="33.86278706744346" lon="108.82530219781347">
        <ele>1699.19104624819</ele>
        <time>2022-03-05T05:58:21Z</time>
      </trkpt>
      <trkpt lat="33.86296294729549" lon="108.82537195982076">
        <ele>1698.6833800105378</ele>
        <time>2022-03-05T05:58:23Z</time>
      </trkpt>
      <trkpt lat="33.863124582346956" lon="108.82536997852743">
        <ele>1697.7253867620602</ele>
        <time>2022-03-05T05:58:25Z</time>
      </trkpt>
      <trkpt lat="33.86328342384516" lon="108.82533008693697">
        <ele>1695.9621147373691</ele>
        <time>2022-03-05T05:58:27Z</time>
      </trkpt>
      <trkpt lat="33.86380092631915" lon="108.82511932556187">
        <ele>1692.0936216609553</ele>
        <time>2022-03-05T05:58:33Z</time>
      </trkpt>
      <trkpt lat="33.864171967515404" lon="108.82495898449312">
        <ele>1688.991489729844</ele>
        <time>2022-03-05T05:58:37Z</time>
      </trkpt>
      <trkpt lat="33.864370035050996" lon="108.82489901060384">
        <ele>1686.597084694542</ele>
        <time>2022-03-05T05:58:39Z</time>
      </trkpt>
      <trkpt lat="33.864586383758564" lon="108.82485722153552">
        <ele>1684.578676789999</ele>
        <time>2022-03-05T05:58:41Z</time>
      </trkpt>
      <trkpt lat="33.86508246676022" lon="108.82488210495477">
        <ele>1679.480685904622</ele>
        <time>2022-03-05T05:58:45Z</time>
      </trkpt>
      <trkpt lat="33.865575200203274" lon="108.82488998730923">
        <ele>1674.7839062092826</ele>
        <time>2022-03-05T05:58:49Z</time>
      </trkpt>
      <trkpt lat="33.86581062655827" lon="108.82492522039269">
        <ele>1671.9385348949581</ele>
        <time>2022-03-05T05:58:51Z</time>
      </trkpt>
      <trkpt lat="33.866023711562924" lon="108.82504816607884">
        <ele>1669.6107346741483</ele>
        <time>2022-03-05T05:58:53Z</time>
      </trkpt>
      <trkpt lat="33.866211699913606" lon="108.82525003866088">
        <ele>1666.8418278442696</ele>
        <time>2022-03-05T05:58:55Z</time>
      </trkpt>
      <trkpt lat="33.86636965603088" lon="108.82549273062739">
        <ele>1664.2520820004866</ele>
        <time>2022-03-05T05:58:57Z</time>
      </trkpt>
      <trkpt lat="33.86651253864686" lon="108.82575667659009">
        <ele>1661.2435750234872</ele>
        <time>2022-03-05T05:58:59Z</time>
      </trkpt>
      <trkpt lat="33.86661350035418" lon="108.82603152037774">
        <ele>1658.4547484125942</ele>
        <time>2022-03-05T05:59:01Z</time>
      </trkpt>
      <trkpt lat="33.86674002623069" lon="108.82628385077787">
        <ele>1655.1129315309227</ele>
        <time>2022-03-05T05:59:03Z</time>
      </trkpt>
      <trkpt lat="33.866911872084266" lon="108.82650047588538">
        <ele>1652.4612876782194</ele>
        <time>2022-03-05T05:59:05Z</time>
      </trkpt>
      <trkpt lat="33.867281647771925" lon="108.82691803236419">
        <ele>1649.909164218232</ele>
        <time>2022-03-05T05:59:09Z</time>
      </trkpt>
      <trkpt lat="33.86761924620363" lon="108.82732803142079">
        <ele>1647.2163855265826</ele>
        <time>2022-03-05T05:59:13Z</time>
      </trkpt>
      <trkpt lat="33.86798576520811" lon="108.82773985672165">
        <ele>1643.417600617744</ele>
        <time>2022-03-05T05:59:17Z</time>
      </trkpt>
      <trkpt lat="33.86830804992828" lon="108.82815296341823">
        <ele>1639.965024581179</ele>
        <time>2022-03-05T05:59:21Z</time>
      </trkpt>
      <trkpt lat="33.86856307017651" lon="108.82861838255029">
        <ele>1635.5284793274477</ele>
        <time>2022-03-05T05:59:25Z</time>
      </trkpt>
      <trkpt lat="33.868715872485026" lon="108.82881638129788">
        <ele>1632.9382036440074</ele>
        <time>2022-03-05T05:59:27Z</time>
      </trkpt>
      <trkpt lat="33.868929612067994" lon="108.82895932413453">
        <ele>1630.9628723440692</ele>
        <time>2022-03-05T05:59:29Z</time>
      </trkpt>
      <trkpt lat="33.86918759114257" lon="108.82906159701433">
        <ele>1628.2566665848717</ele>
        <time>2022-03-05T05:59:31Z</time>
      </trkpt>
      <trkpt lat="33.869457451845605" lon="108.82911792202549">
        <ele>1625.2189342649654</ele>
        <time>2022-03-05T05:59:33Z</time>
      </trkpt>
      <trkpt lat="33.869723903317094" lon="108.82906360157347">
        <ele>1623.4291785918176</ele>
        <time>2022-03-05T05:59:35Z</time>
      </trkpt>
      <trkpt lat="33.86996087395027" lon="108.82892469718269">
        <ele>1621.856281018816</ele>
        <time>2022-03-05T05:59:37Z</time>
      </trkpt>
      <trkpt lat="33.87014983578206" lon="108.82873558098689">
        <ele>1619.7570977872238</ele>
        <time>2022-03-05T05:59:39Z</time>
      </trkpt>
      <trkpt lat="33.87038050140601" lon="108.82833776059798">
        <ele>1615.5944168809801</ele>
        <time>2022-03-05T05:59:43Z</time>
      </trkpt>
      <trkpt lat="33.87052610763508" lon="108.82831000708435">
        <ele>1614.9902022629976</ele>
        <time>2022-03-05T05:59:45Z</time>
      </trkpt>
      <trkpt lat="33.87085694131368" lon="108.82832659338919">
        <ele>1613.900245865807</ele>
        <time>2022-03-05T05:59:49Z</time>
      </trkpt>
      <trkpt lat="33.87103108098495" lon="108.82836862575752">
        <ele>1612.7449330920354</ele>
        <time>2022-03-05T05:59:51Z</time>
      </trkpt>
      <trkpt lat="33.871211770189" lon="108.828446754705">
        <ele>1611.6256159264594</ele>
        <time>2022-03-05T05:59:53Z</time>
      </trkpt>
      <trkpt lat="33.871797211059196" lon="108.82879271983377">
        <ele>1608.1149898543954</ele>
        <time>2022-03-05T05:59:59Z</time>
      </trkpt>
      <trkpt lat="33.872006908922" lon="108.82890251034232">
        <ele>1607.291746392846</ele>
        <time>2022-03-05T06:00:01Z</time>
      </trkpt>
      <trkpt lat="33.87245835462437" lon="108.82903023869787">
        <ele>1604.6904583098367</ele>
        <time>2022-03-05T06:00:05Z</time>
      </trkpt>
      <trkpt lat="33.872898789078626" lon="108.82910278857226">
        <ele>1602.748450648971</ele>
        <time>2022-03-05T06:00:09Z</time>
      </trkpt>
      <trkpt lat="33.8730395560596" lon="108.82930580747478">
        <ele>1601.059776660055</ele>
        <time>2022-03-05T06:00:11Z</time>
      </trkpt>
      <trkpt lat="33.87328381918482" lon="108.82978821032897">
        <ele>1596.546758968383</ele>
        <time>2022-03-05T06:00:15Z</time>
      </trkpt>
      <trkpt lat="33.873528805707174" lon="108.83026203304638">
        <ele>1593.0636980030686</ele>
        <time>2022-03-05T06:00:19Z</time>
      </trkpt>
      <trkpt lat="33.87368377635917" lon="108.83045877287545">
        <ele>1591.3625791240484</ele>
        <time>2022-03-05T06:00:21Z</time>
      </trkpt>
      <trkpt lat="33.87414885768548" lon="108.8307278303395">
        <ele>1587.7723762290552</ele>
        <time>2022-03-05T06:00:25Z</time>
      </trkpt>
      <trkpt lat="33.874534582757256" lon="108.83090225762447">
        <ele>1584.0006047869101</ele>
        <time>2022-03-05T06:00:28Z</time>
      </trkpt>
      <trkpt lat="33.875005481357285" lon="108.8311714233051">
        <ele>1581.5906254276633</ele>
        <time>2022-03-05T06:00:32Z</time>
      </trkpt>
      <trkpt lat="33.87523412751354" lon="108.83129222843581">
        <ele>1580.7992216348648</ele>
        <time>2022-03-05T06:00:34Z</time>
      </trkpt>
      <trkpt lat="33.875425184130656" lon="108.83146698638605">
        <ele>1578.887113371864</ele>
        <time>2022-03-05T06:00:36Z</time>
      </trkpt>
      <trkpt lat="33.875530730276886" lon="108.83171456019537">
        <ele>1576.6236609239131</ele>
        <time>2022-03-05T06:00:38Z</time>
      </trkpt>
      <trkpt lat="33.875555111271815" lon="108.83200227102462">
        <ele>1572.6953869350255</ele>
        <time>2022-03-05T06:00:40Z</time>
      </trkpt>
      <trkpt lat="33.87561799794097" lon="108.83218761681397">
        <ele>1571.7452998682857</ele>
        <time>2022-03-05T06:00:42Z</time>
      </trkpt>
      <trkpt lat="33.87579398928216" lon="108.83221501224891">
        <ele>1570.734425530769</ele>
        <time>2022-03-05T06:00:56Z</time>
      </trkpt>
      <trkpt lat="33.8761405170371" lon="108.83202305717631">
        <ele>1569.1714923717082</ele>
        <time>2022-03-05T06:23:06Z</time>
      </trkpt>
      <trkpt lat="33.876372042891546" lon="108.83192436337944">
        <ele>1567.3825938943774</ele>
        <time>2022-03-05T06:23:10Z</time>
      </trkpt>
      <trkpt lat="33.876506934215804" lon="108.83190178304643">
        <ele>1566.3108177343383</ele>
        <time>2022-03-05T06:23:12Z</time>
      </trkpt>
      <trkpt lat="33.87677705760894" lon="108.83194312329873">
        <ele>1565.6488713780418</ele>
        <time>2022-03-05T06:23:16Z</time>
      </trkpt>
      <trkpt lat="33.87691805307671" lon="108.83198720941859">
        <ele>1564.61245854944</ele>
        <time>2022-03-05T06:23:18Z</time>
      </trkpt>
      <trkpt lat="33.87705023136982" lon="108.83206090502473">
        <ele>1563.6866196189076</ele>
        <time>2022-03-05T06:23:20Z</time>
      </trkpt>
      <trkpt lat="33.87715832402679" lon="108.8321507336493">
        <ele>1561.8014060882851</ele>
        <time>2022-03-05T06:23:22Z</time>
      </trkpt>
      <trkpt lat="33.87735247614273" lon="108.83243652499092">
        <ele>1559.3305385038257</ele>
        <time>2022-03-05T06:23:26Z</time>
      </trkpt>
      <trkpt lat="33.877429869324345" lon="108.83257762862713">
        <ele>1559.8354961210862</ele>
        <time>2022-03-05T06:23:28Z</time>
      </trkpt>
      <trkpt lat="33.87783107223169" lon="108.83280520799413">
        <ele>1557.5860136933625</ele>
        <time>2022-03-05T06:23:34Z</time>
      </trkpt>
      <trkpt lat="33.87815542292056" lon="108.8329653178758">
        <ele>1554.5454292353243</ele>
        <time>2022-03-05T06:23:40Z</time>
      </trkpt>
      <trkpt lat="33.87823970933849" lon="108.83304306560777">
        <ele>1554.0172449834645</ele>
        <time>2022-03-05T06:23:42Z</time>
      </trkpt>
      <trkpt lat="33.87828670619109" lon="108.83316674379023">
        <ele>1553.5821854881942</ele>
        <time>2022-03-05T06:23:44Z</time>
      </trkpt>
      <trkpt lat="33.87828542726908" lon="108.83331777662502">
        <ele>1552.454377334565</ele>
        <time>2022-03-05T06:23:46Z</time>
      </trkpt>
      <trkpt lat="33.878151749560296" lon="108.83394787607358">
        <ele>1547.6765668205917</ele>
        <time>2022-03-05T06:23:54Z</time>
      </trkpt>
      <trkpt lat="33.87800463370568" lon="108.83446541079921">
        <ele>1546.3796395519748</ele>
        <time>2022-03-05T06:24:09Z</time>
      </trkpt>
      <trkpt lat="33.878024389268745" lon="108.83436874075667">
        <ele>1549.3131585763767</ele>
        <time>2022-03-05T06:24:16Z</time>
      </trkpt>
      <trkpt lat="33.878098850695906" lon="108.83417498832844">
        <ele>1550.903726266697</ele>
        <time>2022-03-05T06:24:53Z</time>
      </trkpt>
      <trkpt lat="33.878054072472366" lon="108.8343958581887">
        <ele>1549.0254362514243</ele>
        <time>2022-03-05T06:25:02Z</time>
      </trkpt>
      <trkpt lat="33.87803884467322" lon="108.83452242564167">
        <ele>1548.0437372773886</ele>
        <time>2022-03-05T06:25:04Z</time>
      </trkpt>
      <trkpt lat="33.87807116783526" lon="108.83467384256488">
        <ele>1546.9025802640244</ele>
        <time>2022-03-05T06:25:06Z</time>
      </trkpt>
      <trkpt lat="33.87813771736805" lon="108.83483631448556">
        <ele>1543.6494682058692</ele>
        <time>2022-03-05T06:25:08Z</time>
      </trkpt>
      <trkpt lat="33.87834489619086" lon="108.83517089518446">
        <ele>1539.6270096711814</ele>
        <time>2022-03-05T06:25:12Z</time>
      </trkpt>
      <trkpt lat="33.87843219117322" lon="108.83538155516298">
        <ele>1537.2468106485903</ele>
        <time>2022-03-05T06:25:14Z</time>
      </trkpt>
      <trkpt lat="33.87849659086601" lon="108.83563000276922">
        <ele>1533.9510111575946</ele>
        <time>2022-03-05T06:25:16Z</time>
      </trkpt>
      <trkpt lat="33.87854072452225" lon="108.83590120340354">
        <ele>1532.2071933140978</ele>
        <time>2022-03-05T06:25:18Z</time>
      </trkpt>
      <trkpt lat="33.878618364889554" lon="108.83615901850722">
        <ele>1529.8778295284137</ele>
        <time>2022-03-05T06:25:20Z</time>
      </trkpt>
      <trkpt lat="33.878722525059906" lon="108.83640339912758">
        <ele>1525.850407447666</ele>
        <time>2022-03-05T06:25:22Z</time>
      </trkpt>
      <trkpt lat="33.87884222121693" lon="108.8366361324035">
        <ele>1523.1543044839054</ele>
        <time>2022-03-05T06:25:24Z</time>
      </trkpt>
      <trkpt lat="33.879000793798255" lon="108.83681977327439">
        <ele>1521.6703784195706</ele>
        <time>2022-03-05T06:25:26Z</time>
      </trkpt>
      <trkpt lat="33.879195805054245" lon="108.8369574157986">
        <ele>1519.2792802350596</ele>
        <time>2022-03-05T06:25:28Z</time>
      </trkpt>
      <trkpt lat="33.87941368164201" lon="108.83707160336375">
        <ele>1517.7987089678645</ele>
        <time>2022-03-05T06:25:30Z</time>
      </trkpt>
      <trkpt lat="33.87988095023558" lon="108.83724498133301">
        <ele>1512.4207818964496</ele>
        <time>2022-03-05T06:25:34Z</time>
      </trkpt>
      <trkpt lat="33.88036212918384" lon="108.83735827530268">
        <ele>1508.6395953642204</ele>
        <time>2022-03-05T06:25:38Z</time>
      </trkpt>
      <trkpt lat="33.880601978832736" lon="108.83737164386766">
        <ele>1507.6378330187872</ele>
        <time>2022-03-05T06:25:40Z</time>
      </trkpt>
      <trkpt lat="33.88108254531274" lon="108.83721407885778">
        <ele>1502.2697883062065</ele>
        <time>2022-03-05T06:25:44Z</time>
      </trkpt>
      <trkpt lat="33.881586018327596" lon="108.8371299777979">
        <ele>1496.1933832587674</ele>
        <time>2022-03-05T06:25:48Z</time>
      </trkpt>
      <trkpt lat="33.88181460991496" lon="108.83710321187225">
        <ele>1494.0889812000096</ele>
        <time>2022-03-05T06:25:50Z</time>
      </trkpt>
      <trkpt lat="33.88204143329617" lon="108.83712748527337">
        <ele>1491.5963905155659</ele>
        <time>2022-03-05T06:25:52Z</time>
      </trkpt>
      <trkpt lat="33.882234899944294" lon="108.83727485032647">
        <ele>1489.8625134481117</ele>
        <time>2022-03-05T06:25:54Z</time>
      </trkpt>
      <trkpt lat="33.88235702993185" lon="108.83752125708457">
        <ele>1488.5024229185656</ele>
        <time>2022-03-05T06:25:56Z</time>
      </trkpt>
      <trkpt lat="33.88252097876654" lon="108.83807483142712">
        <ele>1484.6365227950737</ele>
        <time>2022-03-05T06:26:00Z</time>
      </trkpt>
      <trkpt lat="33.88262549484112" lon="108.83829079375295">
        <ele>1483.3216533418745</ele>
        <time>2022-03-05T06:26:02Z</time>
      </trkpt>
      <trkpt lat="33.882802028829836" lon="108.83836053171558">
        <ele>1482.641814140603</ele>
        <time>2022-03-05T06:26:04Z</time>
      </trkpt>
      <trkpt lat="33.88316860583428" lon="108.83821276715234">
        <ele>1481.275897854939</ele>
        <time>2022-03-05T06:26:08Z</time>
      </trkpt>
      <trkpt lat="33.88336223442095" lon="108.83829663066075">
        <ele>1480.3935633562505</ele>
        <time>2022-03-05T06:26:10Z</time>
      </trkpt>
      <trkpt lat="33.88377171994239" lon="108.83873401016572">
        <ele>1476.6317799193785</ele>
        <time>2022-03-05T06:26:15Z</time>
      </trkpt>
      <trkpt lat="33.88414003122393" lon="108.83910720069511">
        <ele>1472.314838741906</ele>
        <time>2022-03-05T06:26:19Z</time>
      </trkpt>
      <trkpt lat="33.88432653038062" lon="108.83930093047115">
        <ele>1470.0842106370255</ele>
        <time>2022-03-05T06:26:21Z</time>
      </trkpt>
      <trkpt lat="33.88446899742552" lon="108.83953329212169">
        <ele>1468.22806446068</ele>
        <time>2022-03-05T06:26:23Z</time>
      </trkpt>
      <trkpt lat="33.88454590100089" lon="108.83980418726001">
        <ele>1466.5468528820202</ele>
        <time>2022-03-05T06:26:25Z</time>
      </trkpt>
      <trkpt lat="33.884526291450086" lon="108.84010211909647">
        <ele>1465.0371137857437</ele>
        <time>2022-03-05T06:26:27Z</time>
      </trkpt>
      <trkpt lat="33.884482297589145" lon="108.84039168726015">
        <ele>1462.2365123592317</ele>
        <time>2022-03-05T06:26:29Z</time>
      </trkpt>
      <trkpt lat="33.884487899641215" lon="108.84068512684915">
        <ele>1460.0844277394935</ele>
        <time>2022-03-05T06:26:31Z</time>
      </trkpt>
      <trkpt lat="33.88456785449325" lon="108.84097184840876">
        <ele>1456.876689935103</ele>
        <time>2022-03-05T06:26:33Z</time>
      </trkpt>
      <trkpt lat="33.88470927398623" lon="108.84122343383386">
        <ele>1454.118573706597</ele>
        <time>2022-03-05T06:26:35Z</time>
      </trkpt>
      <trkpt lat="33.88510822907217" lon="108.84169155205197">
        <ele>1448.3052412858233</ele>
        <time>2022-03-05T06:26:39Z</time>
      </trkpt>
      <trkpt lat="33.88556159532626" lon="108.84216670748658">
        <ele>1445.0292876493186</ele>
        <time>2022-03-05T06:26:43Z</time>
      </trkpt>
      <trkpt lat="33.885983397164715" lon="108.84261263403523">
        <ele>1440.42987286672</ele>
        <time>2022-03-05T06:26:47Z</time>
      </trkpt>
      <trkpt lat="33.88613243645549" lon="108.84287436422588">
        <ele>1437.7112732445821</ele>
        <time>2022-03-05T06:26:49Z</time>
      </trkpt>
      <trkpt lat="33.88623440248687" lon="108.84311394154953">
        <ele>1435.622161717154</ele>
        <time>2022-03-05T06:26:51Z</time>
      </trkpt>
      <trkpt lat="33.88639395875824" lon="108.84327785901534">
        <ele>1432.9720585364848</ele>
        <time>2022-03-05T06:26:53Z</time>
      </trkpt>
      <trkpt lat="33.8868516985051" lon="108.8434597272169">
        <ele>1427.9095419887453</ele>
        <time>2022-03-05T06:26:57Z</time>
      </trkpt>
      <trkpt lat="33.88734921506781" lon="108.84365884040625">
        <ele>1422.7673848159611</ele>
        <time>2022-03-05T06:27:01Z</time>
      </trkpt>
      <trkpt lat="33.88761142426966" lon="108.84375618129882">
        <ele>1420.3063882915303</ele>
        <time>2022-03-05T06:27:03Z</time>
      </trkpt>
      <trkpt lat="33.88787571879585" lon="108.843883588127">
        <ele>1418.49147126358</ele>
        <time>2022-03-05T06:27:05Z</time>
      </trkpt>
      <trkpt lat="33.888374523451304" lon="108.84419736973345">
        <ele>1416.8283755593002</ele>
        <time>2022-03-05T06:27:09Z</time>
      </trkpt>
      <trkpt lat="33.88885082671482" lon="108.8445022945467">
        <ele>1413.3825487531722</ele>
        <time>2022-03-05T06:27:13Z</time>
      </trkpt>
      <trkpt lat="33.88905086762937" lon="108.84466762649278">
        <ele>1412.0653165197</ele>
        <time>2022-03-05T06:27:15Z</time>
      </trkpt>
      <trkpt lat="33.889200284396445" lon="108.84487241630237">
        <ele>1410.8650565110147</ele>
        <time>2022-03-05T06:27:17Z</time>
      </trkpt>
      <trkpt lat="33.889443820807664" lon="108.84532137401648">
        <ele>1408.4421425266191</ele>
        <time>2022-03-05T06:27:21Z</time>
      </trkpt>
      <trkpt lat="33.88957684011657" lon="108.8455274770716">
        <ele>1406.6140200877562</ele>
        <time>2022-03-05T06:27:23Z</time>
      </trkpt>
      <trkpt lat="33.88973763011675" lon="108.84567856688444">
        <ele>1404.4543944653124</ele>
        <time>2022-03-05T06:27:25Z</time>
      </trkpt>
      <trkpt lat="33.889944575352175" lon="108.8457209471389">
        <ele>1401.583805625327</ele>
        <time>2022-03-05T06:27:27Z</time>
      </trkpt>
      <trkpt lat="33.89038132846661" lon="108.84568030372662">
        <ele>1397.1534815691411</ele>
        <time>2022-03-05T06:27:31Z</time>
      </trkpt>
      <trkpt lat="33.89082770894639" lon="108.84562941331677">
        <ele>1392.5921086119488</ele>
        <time>2022-03-05T06:27:35Z</time>
      </trkpt>
      <trkpt lat="33.89104925091926" lon="108.84560554001142">
        <ele>1391.2874421551824</ele>
        <time>2022-03-05T06:27:37Z</time>
      </trkpt>
      <trkpt lat="33.89127479470523" lon="108.84563789561983">
        <ele>1389.7571829054505</ele>
        <time>2022-03-05T06:27:39Z</time>
      </trkpt>
      <trkpt lat="33.8914852903302" lon="108.84572857689666">
        <ele>1388.482942183502</ele>
        <time>2022-03-05T06:27:41Z</time>
      </trkpt>
      <trkpt lat="33.89204586948072" lon="108.84607596404211">
        <ele>1386.4811825538054</ele>
        <time>2022-03-05T06:27:47Z</time>
      </trkpt>
      <trkpt lat="33.89238555389968" lon="108.84629016082324">
        <ele>1385.7834268370643</ele>
        <time>2022-03-05T06:27:51Z</time>
      </trkpt>
      <trkpt lat="33.89265436913581" lon="108.84653947481712">
        <ele>1384.2850804412737</ele>
        <time>2022-03-05T06:27:55Z</time>
      </trkpt>
      <trkpt lat="33.8928717962146" lon="108.84681913084309">
        <ele>1381.59079382848</ele>
        <time>2022-03-05T06:27:59Z</time>
      </trkpt>
      <trkpt lat="33.89302027324009" lon="108.84688224658187">
        <ele>1379.9139742953703</ele>
        <time>2022-03-05T06:28:01Z</time>
      </trkpt>
      <trkpt lat="33.89318968838448" lon="108.84685759788773">
        <ele>1377.6351927481592</ele>
        <time>2022-03-05T06:28:03Z</time>
      </trkpt>
      <trkpt lat="33.89334316613181" lon="108.84674901766779">
        <ele>1375.4639666164294</ele>
        <time>2022-03-05T06:28:05Z</time>
      </trkpt>
      <trkpt lat="33.89347391653477" lon="108.8466161553143">
        <ele>1374.3102150531486</ele>
        <time>2022-03-05T06:28:07Z</time>
      </trkpt>
      <trkpt lat="33.89358663944197" lon="108.84646687626152">
        <ele>1373.098270924762</ele>
        <time>2022-03-05T06:28:09Z</time>
      </trkpt>
      <trkpt lat="33.893868291717745" lon="108.84593096451722">
        <ele>1368.7320571970195</ele>
        <time>2022-03-05T06:28:15Z</time>
      </trkpt>
      <trkpt lat="33.89401310128357" lon="108.8457825372543">
        <ele>1368.7914192155004</ele>
        <time>2022-03-05T06:28:17Z</time>
      </trkpt>
      <trkpt lat="33.89418658351378" lon="108.84567310677697">
        <ele>1369.3972885487601</ele>
        <time>2022-03-05T06:28:19Z</time>
      </trkpt>
      <trkpt lat="33.89436406401121" lon="108.84559306614102">
        <ele>1368.6863468373194</ele>
        <time>2022-03-05T06:28:21Z</time>
      </trkpt>
      <trkpt lat="33.894540666828405" lon="108.84555682370623">
        <ele>1367.8015951253474</ele>
        <time>2022-03-05T06:28:23Z</time>
      </trkpt>
      <trkpt lat="33.89472066056386" lon="108.8455586238508">
        <ele>1366.7728920429945</ele>
        <time>2022-03-05T06:28:25Z</time>
      </trkpt>
      <trkpt lat="33.8948975803167" lon="108.84559165187451">
        <ele>1364.7397918403149</ele>
        <time>2022-03-05T06:28:27Z</time>
      </trkpt>
      <trkpt lat="33.895220753244985" lon="108.84571506486125">
        <ele>1362.0193599574268</ele>
        <time>2022-03-05T06:28:31Z</time>
      </trkpt>
      <trkpt lat="33.89539533768856" lon="108.8458006362527">
        <ele>1360.863521472551</ele>
        <time>2022-03-05T06:28:33Z</time>
      </trkpt>
      <trkpt lat="33.895570325812756" lon="108.84593175495485">
        <ele>1359.9851721161976</ele>
        <time>2022-03-05T06:28:35Z</time>
      </trkpt>
      <trkpt lat="33.89573529154464" lon="108.846095165125">
        <ele>1359.2196937967092</ele>
        <time>2022-03-05T06:28:37Z</time>
      </trkpt>
      <trkpt lat="33.895863479166735" lon="108.84628471805156">
        <ele>1358.3906060326844</ele>
        <time>2022-03-05T06:28:39Z</time>
      </trkpt>
      <trkpt lat="33.89594440206229" lon="108.84649924907723">
        <ele>1357.3480169670656</ele>
        <time>2022-03-05T06:28:41Z</time>
      </trkpt>
      <trkpt lat="33.89604453448418" lon="108.84713934561861">
        <ele>1353.5533045986667</ele>
        <time>2022-03-05T06:28:47Z</time>
      </trkpt>
      <trkpt lat="33.89610606231402" lon="108.84731786576076">
        <ele>1351.516779595986</ele>
        <time>2022-03-05T06:28:49Z</time>
      </trkpt>
      <trkpt lat="33.896208403125705" lon="108.84745597486378">
        <ele>1350.1133454162627</ele>
        <time>2022-03-05T06:28:51Z</time>
      </trkpt>
      <trkpt lat="33.89635765403184" lon="108.84754362547405">
        <ele>1347.7477202285081</ele>
        <time>2022-03-05T06:28:53Z</time>
      </trkpt>
      <trkpt lat="33.89651728693957" lon="108.84757113818252">
        <ele>1346.2008585110307</ele>
        <time>2022-03-05T06:28:55Z</time>
      </trkpt>
      <trkpt lat="33.89667217219865" lon="108.84756167234063">
        <ele>1344.8537503685802</ele>
        <time>2022-03-05T06:28:57Z</time>
      </trkpt>
      <trkpt lat="33.89681494112357" lon="108.84750496278434">
        <ele>1344.0494377482682</ele>
        <time>2022-03-05T06:28:59Z</time>
      </trkpt>
      <trkpt lat="33.896917310926796" lon="108.8473797093755">
        <ele>1344.1976580312476</ele>
        <time>2022-03-05T06:29:01Z</time>
      </trkpt>
      <trkpt lat="33.897106769612066" lon="108.84684585413899">
        <ele>1340.0068803261966</ele>
        <time>2022-03-05T06:29:07Z</time>
      </trkpt>
      <trkpt lat="33.89723108926441" lon="108.84649078349084">
        <ele>1337.492999968119</ele>
        <time>2022-03-05T06:29:11Z</time>
      </trkpt>
      <trkpt lat="33.8973121018466" lon="108.84631786442833">
        <ele>1337.5854805083945</ele>
        <time>2022-03-05T06:29:13Z</time>
      </trkpt>
      <trkpt lat="33.897422422741876" lon="108.84617275231439">
        <ele>1336.9038638034835</ele>
        <time>2022-03-05T06:29:15Z</time>
      </trkpt>
      <trkpt lat="33.89754707440954" lon="108.84605315249499">
        <ele>1336.3046089624986</ele>
        <time>2022-03-05T06:29:17Z</time>
      </trkpt>
      <trkpt lat="33.897689740094485" lon="108.84595304972963">
        <ele>1335.1546954363585</ele>
        <time>2022-03-05T06:29:19Z</time>
      </trkpt>
      <trkpt lat="33.897858112061634" lon="108.84588361097383">
        <ele>1334.2485365904868</ele>
        <time>2022-03-05T06:29:21Z</time>
      </trkpt>
      <trkpt lat="33.898040768253004" lon="108.84588844804478">
        <ele>1333.1954861031845</ele>
        <time>2022-03-05T06:29:23Z</time>
      </trkpt>
      <trkpt lat="33.898211758446244" lon="108.84596808873214">
        <ele>1332.5574638424441</ele>
        <time>2022-03-05T06:29:25Z</time>
      </trkpt>
      <trkpt lat="33.898348507842506" lon="108.84610016786318">
        <ele>1332.1837587719783</ele>
        <time>2022-03-05T06:29:27Z</time>
      </trkpt>
      <trkpt lat="33.898690908139805" lon="108.84654521228423">
        <ele>1330.135631935671</ele>
        <time>2022-03-05T06:29:33Z</time>
      </trkpt>
      <trkpt lat="33.899019772967385" lon="108.84696810742169">
        <ele>1326.9773392379284</ele>
        <time>2022-03-05T06:29:39Z</time>
      </trkpt>
      <trkpt lat="33.899355635404156" lon="108.84736918763709">
        <ele>1322.6851757103577</ele>
        <time>2022-03-05T06:29:45Z</time>
      </trkpt>
      <trkpt lat="33.89973871623529" lon="108.84782891106893">
        <ele>1317.3379592131823</ele>
        <time>2022-03-05T06:29:51Z</time>
      </trkpt>
      <trkpt lat="33.900010948550396" lon="108.84812884247744">
        <ele>1313.6309723574668</ele>
        <time>2022-03-05T06:29:55Z</time>
      </trkpt>
      <trkpt lat="33.9004664537265" lon="108.84850057710146">
        <ele>1309.085643674247</ele>
        <time>2022-03-05T06:30:01Z</time>
      </trkpt>
      <trkpt lat="33.90062012403318" lon="108.84859383212785">
        <ele>1308.0646515609697</ele>
        <time>2022-03-05T06:30:03Z</time>
      </trkpt>
      <trkpt lat="33.90078222693566" lon="108.84864236113371">
        <ele>1306.2449972555041</ele>
        <time>2022-03-05T06:30:05Z</time>
      </trkpt>
      <trkpt lat="33.90095921766038" lon="108.84862970670999">
        <ele>1304.2477977322415</ele>
        <time>2022-03-05T06:30:07Z</time>
      </trkpt>
      <trkpt lat="33.901534744972416" lon="108.84849842237975">
        <ele>1299.6277317795902</ele>
        <time>2022-03-05T06:30:13Z</time>
      </trkpt>
      <trkpt lat="33.902142612879196" lon="108.84845783354217">
        <ele>1296.9908285662532</ele>
        <time>2022-03-05T06:30:19Z</time>
      </trkpt>
      <trkpt lat="33.90233400701735" lon="108.8484858057748">
        <ele>1296.1863975878805</ele>
        <time>2022-03-05T06:30:21Z</time>
      </trkpt>
      <trkpt lat="33.902525880071494" lon="108.84848161023112">
        <ele>1295.1244223155081</ele>
        <time>2022-03-05T06:30:23Z</time>
      </trkpt>
      <trkpt lat="33.90311975835391" lon="108.84827924957">
        <ele>1290.780056216754</ele>
        <time>2022-03-05T06:30:29Z</time>
      </trkpt>
      <trkpt lat="33.903329338662196" lon="108.84823115320805">
        <ele>1289.7360961670056</ele>
        <time>2022-03-05T06:30:31Z</time>
      </trkpt>
      <trkpt lat="33.9039518718181" lon="108.84818836036736">
        <ele>1285.817568170838</ele>
        <time>2022-03-05T06:30:37Z</time>
      </trkpt>
      <trkpt lat="33.90416603849356" lon="108.84820689612162">
        <ele>1285.7775973165408</ele>
        <time>2022-03-05T06:30:39Z</time>
      </trkpt>
      <trkpt lat="33.90436863705405" lon="108.84827405180476">
        <ele>1286.295394409448</ele>
        <time>2022-03-05T06:30:41Z</time>
      </trkpt>
      <trkpt lat="33.904543311262266" lon="108.84838189005377">
        <ele>1286.7228751471266</ele>
        <time>2022-03-05T06:30:43Z</time>
      </trkpt>
      <trkpt lat="33.904824898516594" lon="108.84864901692379">
        <ele>1287.4983930988237</ele>
        <time>2022-03-05T06:30:47Z</time>
      </trkpt>
      <trkpt lat="33.90504417111969" lon="108.84892908312997">
        <ele>1287.0273712659255</ele>
        <time>2022-03-05T06:30:51Z</time>
      </trkpt>
      <trkpt lat="33.905130078374036" lon="108.8490889797505">
        <ele>1286.4523706408218</ele>
        <time>2022-03-05T06:30:53Z</time>
      </trkpt>
      <trkpt lat="33.90525284112371" lon="108.84942931004423">
        <ele>1284.8427217984572</ele>
        <time>2022-03-05T06:30:57Z</time>
      </trkpt>
      <trkpt lat="33.905342922336075" lon="108.84999260387289">
        <ele>1279.5628599822521</ele>
        <time>2022-03-05T06:31:03Z</time>
      </trkpt>
      <trkpt lat="33.90542931433127" lon="108.85016267693618">
        <ele>1278.1875005681068</ele>
        <time>2022-03-05T06:31:05Z</time>
      </trkpt>
      <trkpt lat="33.90557588869696" lon="108.85027447297507">
        <ele>1275.5277807768434</ele>
        <time>2022-03-05T06:31:07Z</time>
      </trkpt>
      <trkpt lat="33.90575413527799" lon="108.85032855290164">
        <ele>1273.2128378404304</ele>
        <time>2022-03-05T06:31:09Z</time>
      </trkpt>
      <trkpt lat="33.90593152599411" lon="108.85031868498778">
        <ele>1271.3382687661797</ele>
        <time>2022-03-05T06:31:11Z</time>
      </trkpt>
      <trkpt lat="33.9060755856045" lon="108.85020179305968">
        <ele>1269.418196116574</ele>
        <time>2022-03-05T06:31:13Z</time>
      </trkpt>
      <trkpt lat="33.90643312688164" lon="108.84971438408498">
        <ele>1263.2103170240298</ele>
        <time>2022-03-05T06:31:19Z</time>
      </trkpt>
      <trkpt lat="33.9067962850765" lon="108.84921132743806">
        <ele>1258.111336887814</ele>
        <time>2022-03-05T06:31:25Z</time>
      </trkpt>
      <trkpt lat="33.907156237950254" lon="108.84873941535263">
        <ele>1255.59492744226</ele>
        <time>2022-03-05T06:31:31Z</time>
      </trkpt>
      <trkpt lat="33.90727382130219" lon="108.84860456689363">
        <ele>1254.7082847924903</ele>
        <time>2022-03-05T06:31:33Z</time>
      </trkpt>
      <trkpt lat="33.9074269211423" lon="108.84853052310775">
        <ele>1253.4969588993117</ele>
        <time>2022-03-05T06:31:35Z</time>
      </trkpt>
      <trkpt lat="33.90759531435088" lon="108.84847952892048">
        <ele>1252.453592917882</ele>
        <time>2022-03-05T06:31:37Z</time>
      </trkpt>
      <trkpt lat="33.90777534551737" lon="108.84848501911729">
        <ele>1251.1340410662815</ele>
        <time>2022-03-05T06:31:39Z</time>
      </trkpt>
      <trkpt lat="33.90793584365071" lon="108.84856187782158">
        <ele>1251.9533943710849</ele>
        <time>2022-03-05T06:31:41Z</time>
      </trkpt>
      <trkpt lat="33.90838646659235" lon="108.84868054413693">
        <ele>1248.1335600223392</ele>
        <time>2022-03-05T06:31:47Z</time>
      </trkpt>
      <trkpt lat="33.90866667576625" lon="108.84880406138454">
        <ele>1247.5646515842527</ele>
        <time>2022-03-05T06:31:51Z</time>
      </trkpt>
      <trkpt lat="33.90880136297372" lon="108.84890001206395">
        <ele>1246.175523366779</ele>
        <time>2022-03-05T06:31:53Z</time>
      </trkpt>
      <trkpt lat="33.90918772257153" lon="108.84923950353075">
        <ele>1242.5134729119018</ele>
        <time>2022-03-05T06:31:59Z</time>
      </trkpt>
      <trkpt lat="33.90955722585895" lon="108.84963364887525">
        <ele>1239.7275186786428</ele>
        <time>2022-03-05T06:32:05Z</time>
      </trkpt>
      <trkpt lat="33.90982835968787" lon="108.84992146870147">
        <ele>1238.454676960595</ele>
        <time>2022-03-05T06:32:09Z</time>
      </trkpt>
      <trkpt lat="33.910173637040245" lon="108.85042922432879">
        <ele>1238.5736533487216</ele>
        <time>2022-03-05T06:32:15Z</time>
      </trkpt>
      <trkpt lat="33.910467160643925" lon="108.85094174469852">
        <ele>1237.6823491165414</ele>
        <time>2022-03-05T06:32:21Z</time>
      </trkpt>
      <trkpt lat="33.91066400140882" lon="108.85127347334988">
        <ele>1237.3263437598944</ele>
        <time>2022-03-05T06:32:25Z</time>
      </trkpt>
      <trkpt lat="33.911043371998446" lon="108.85170846137987">
        <ele>1235.1562979370356</ele>
        <time>2022-03-05T06:32:31Z</time>
      </trkpt>
      <trkpt lat="33.911335896526694" lon="108.85198135406334">
        <ele>1232.5351692456752</ele>
        <time>2022-03-05T06:32:35Z</time>
      </trkpt>
      <trkpt lat="33.911511893310774" lon="108.85210558509704">
        <ele>1230.8040102161467</ele>
        <time>2022-03-05T06:32:37Z</time>
      </trkpt>
      <trkpt lat="33.912066532886904" lon="108.85238495407663">
        <ele>1226.7205854775384</ele>
        <time>2022-03-05T06:32:43Z</time>
      </trkpt>
      <trkpt lat="33.9122268390855" lon="108.85246492277861">
        <ele>1226.9172355448827</ele>
        <time>2022-03-05T06:32:45Z</time>
      </trkpt>
      <trkpt lat="33.91238088941798" lon="108.85251452501691">
        <ele>1227.21387641225</ele>
        <time>2022-03-05T06:32:47Z</time>
      </trkpt>
      <trkpt lat="33.91284449189047" lon="108.85251931209416">
        <ele>1227.5476843072101</ele>
        <time>2022-03-05T06:32:53Z</time>
      </trkpt>
      <trkpt lat="33.91298790374523" lon="108.8525292661509">
        <ele>1227.779275096953</ele>
        <time>2022-03-05T06:32:55Z</time>
      </trkpt>
      <trkpt lat="33.913116730077654" lon="108.85260992202323">
        <ele>1228.75309092924</ele>
        <time>2022-03-05T06:32:57Z</time>
      </trkpt>
      <trkpt lat="33.913264762031226" lon="108.85288648332482">
        <ele>1229.1212726272643</ele>
        <time>2022-03-05T06:33:01Z</time>
      </trkpt>
      <trkpt lat="33.91334187497983" lon="108.85298871330703">
        <ele>1229.0046295430511</ele>
        <time>2022-03-05T06:33:03Z</time>
      </trkpt>
      <trkpt lat="33.91345617187686" lon="108.85300018531922">
        <ele>1227.6939070643857</ele>
        <time>2022-03-05T06:33:05Z</time>
      </trkpt>
      <trkpt lat="33.913555536336595" lon="108.85292347517688">
        <ele>1227.5652405852452</ele>
        <time>2022-03-05T06:33:07Z</time>
      </trkpt>
      <trkpt lat="33.913932305728906" lon="108.85250401432512">
        <ele>1229.5702779246494</ele>
        <time>2022-03-05T06:33:15Z</time>
      </trkpt>
      <trkpt lat="33.914033538547635" lon="108.8523697840951">
        <ele>1228.6127119166777</ele>
        <time>2022-03-05T06:33:17Z</time>
      </trkpt>
      <trkpt lat="33.91442983031164" lon="108.85199155247052">
        <ele>1223.282840567641</ele>
        <time>2022-03-05T06:33:23Z</time>
      </trkpt>
      <trkpt lat="33.914554610102414" lon="108.85180495021847">
        <ele>1220.7420658171177</ele>
        <time>2022-03-05T06:33:25Z</time>
      </trkpt>
      <trkpt lat="33.91473659333523" lon="108.85132768760262">
        <ele>1218.0569997327402</ele>
        <time>2022-03-05T06:33:29Z</time>
      </trkpt>
      <trkpt lat="33.91478068836405" lon="108.85106443597397">
        <ele>1215.2700794413686</ele>
        <time>2022-03-05T06:33:31Z</time>
      </trkpt>
      <trkpt lat="33.91480881909766" lon="108.85077524685408">
        <ele>1214.3227209011093</ele>
        <time>2022-03-05T06:33:33Z</time>
      </trkpt>
      <trkpt lat="33.91481587946874" lon="108.85049131082954">
        <ele>1212.167493703775</ele>
        <time>2022-03-05T06:33:35Z</time>
      </trkpt>
      <trkpt lat="33.91478228897783" lon="108.85021637543053">
        <ele>1209.9755342751741</ele>
        <time>2022-03-05T06:33:37Z</time>
      </trkpt>
      <trkpt lat="33.91463800250045" lon="108.84971071899867">
        <ele>1207.043586350046</ele>
        <time>2022-03-05T06:33:41Z</time>
      </trkpt>
      <trkpt lat="33.91455412610185" lon="108.84948531625625">
        <ele>1206.7285050498322</ele>
        <time>2022-03-05T06:33:43Z</time>
      </trkpt>
      <trkpt lat="33.91431606706258" lon="108.8490779818459">
        <ele>1207.4365028999746</ele>
        <time>2022-03-05T06:33:47Z</time>
      </trkpt>
      <trkpt lat="33.91421344160325" lon="108.84886031078643">
        <ele>1207.5095221763477</ele>
        <time>2022-03-05T06:33:49Z</time>
      </trkpt>
      <trkpt lat="33.91415636668938" lon="108.84863371913482">
        <ele>1206.0657111201435</ele>
        <time>2022-03-05T06:33:51Z</time>
      </trkpt>
      <trkpt lat="33.914136753280395" lon="108.84842136271406">
        <ele>1205.4320877911523</ele>
        <time>2022-03-05T06:33:53Z</time>
      </trkpt>
      <trkpt lat="33.914202190164346" lon="108.84799961449677">
        <ele>1200.864827485755</ele>
        <time>2022-03-05T06:33:57Z</time>
      </trkpt>
      <trkpt lat="33.914268319080676" lon="108.84780143507061">
        <ele>1198.6168854953721</ele>
        <time>2022-03-05T06:33:59Z</time>
      </trkpt>
      <trkpt lat="33.91438789626098" lon="108.84769357922063">
        <ele>1196.328645285219</ele>
        <time>2022-03-05T06:34:01Z</time>
      </trkpt>
      <trkpt lat="33.91496810958204" lon="108.84750012017798">
        <ele>1192.6753806034103</ele>
        <time>2022-03-05T06:34:07Z</time>
      </trkpt>
      <trkpt lat="33.915546820583465" lon="108.84715606614064">
        <ele>1187.8573137978092</ele>
        <time>2022-03-05T06:34:13Z</time>
      </trkpt>
      <trkpt lat="33.9157513626448" lon="108.84703244673229">
        <ele>1186.7523262286559</ele>
        <time>2022-03-05T06:34:15Z</time>
      </trkpt>
      <trkpt lat="33.9161628719893" lon="108.84685620339688">
        <ele>1183.6913112560287</ele>
        <time>2022-03-05T06:34:19Z</time>
      </trkpt>
      <trkpt lat="33.9166021011149" lon="108.84675855319433">
        <ele>1181.5996086308733</ele>
        <time>2022-03-05T06:34:23Z</time>
      </trkpt>
      <trkpt lat="33.917022194309276" lon="108.84664736572945">
        <ele>1178.0722081074491</ele>
        <time>2022-03-05T06:34:27Z</time>
      </trkpt>
      <trkpt lat="33.917385465946694" lon="108.84659749360993">
        <ele>1173.6714664436877</ele>
        <time>2022-03-05T06:34:31Z</time>
      </trkpt>
      <trkpt lat="33.91752669133507" lon="108.84671827474692">
        <ele>1171.089823415503</ele>
        <time>2022-03-05T06:34:33Z</time>
      </trkpt>
      <trkpt lat="33.91756544836448" lon="108.84692955092594">
        <ele>1168.4116148119792</ele>
        <time>2022-03-05T06:34:35Z</time>
      </trkpt>
      <trkpt lat="33.917537635395405" lon="108.84716421630714">
        <ele>1165.9062944464386</ele>
        <time>2022-03-05T06:34:37Z</time>
      </trkpt>
      <trkpt lat="33.917529825370494" lon="108.84740990856017">
        <ele>1164.2334760138765</ele>
        <time>2022-03-05T06:34:39Z</time>
      </trkpt>
      <trkpt lat="33.91763140283182" lon="108.84787717467967">
        <ele>1163.3468810766935</ele>
        <time>2022-03-05T06:34:43Z</time>
      </trkpt>
      <trkpt lat="33.91771606027123" lon="108.84808709698956">
        <ele>1163.028302345425</ele>
        <time>2022-03-05T06:34:45Z</time>
      </trkpt>
      <trkpt lat="33.91806336210693" lon="108.84846960738497">
        <ele>1162.522559929639</ele>
        <time>2022-03-05T06:34:51Z</time>
      </trkpt>
      <trkpt lat="33.91812452144659" lon="108.84853082897459">
        <ele>1159.1733865411952</ele>
        <time>2022-03-05T06:35:01Z</time>
      </trkpt>
      <trkpt lat="33.91838084666752" lon="108.84881938150976">
        <ele>1154.7506762603298</ele>
        <time>2022-03-05T06:35:58Z</time>
      </trkpt>
      <trkpt lat="33.9185739105562" lon="108.8490526538506">
        <ele>1153.7656538439915</ele>
        <time>2022-03-05T06:36:02Z</time>
      </trkpt>
      <trkpt lat="33.91864902177746" lon="108.84918826407986">
        <ele>1152.2819018410519</ele>
        <time>2022-03-05T06:36:04Z</time>
      </trkpt>
      <trkpt lat="33.91866495018491" lon="108.84936045864264">
        <ele>1149.9158569704741</ele>
        <time>2022-03-05T06:36:06Z</time>
      </trkpt>
      <trkpt lat="33.918601210996094" lon="108.84952724215155">
        <ele>1149.275324809365</ele>
        <time>2022-03-05T06:36:08Z</time>
      </trkpt>
      <trkpt lat="33.918579071693706" lon="108.84971066231908">
        <ele>1147.79652019497</ele>
        <time>2022-03-05T06:36:10Z</time>
      </trkpt>
      <trkpt lat="33.9186521069921" lon="108.84988308273209">
        <ele>1148.1326462281868</ele>
        <time>2022-03-05T06:36:12Z</time>
      </trkpt>
      <trkpt lat="33.918802708257516" lon="108.8500008742402">
        <ele>1147.154610044323</ele>
        <time>2022-03-05T06:36:14Z</time>
      </trkpt>
      <trkpt lat="33.91893331374195" lon="108.85014120227949">
        <ele>1146.715154425241</ele>
        <time>2022-03-05T06:36:16Z</time>
      </trkpt>
      <trkpt lat="33.91915775266419" lon="108.85051372167354">
        <ele>1142.7569307088852</ele>
        <time>2022-03-05T06:36:20Z</time>
      </trkpt>
      <trkpt lat="33.919328583167534" lon="108.85064485612703">
        <ele>1141.5964253246784</ele>
        <time>2022-03-05T06:36:22Z</time>
      </trkpt>
      <trkpt lat="33.91952715909197" lon="108.85072038559889">
        <ele>1137.160217587836</ele>
        <time>2022-03-05T06:36:24Z</time>
      </trkpt>
      <trkpt lat="33.91974003104885" lon="108.85074611583283">
        <ele>1135.198247329332</ele>
        <time>2022-03-05T06:36:26Z</time>
      </trkpt>
      <trkpt lat="33.92022426722444" lon="108.85071651447099">
        <ele>1131.4047580678016</ele>
        <time>2022-03-05T06:36:30Z</time>
      </trkpt>
      <trkpt lat="33.92069269935829" lon="108.85054064186721">
        <ele>1134.4402068667114</ele>
        <time>2022-03-05T06:36:34Z</time>
      </trkpt>
      <trkpt lat="33.921095716389495" lon="108.85027085268536">
        <ele>1134.9281556652859</ele>
        <time>2022-03-05T06:36:38Z</time>
      </trkpt>
      <trkpt lat="33.92147041909645" lon="108.8500054374046">
        <ele>1133.156048306264</ele>
        <time>2022-03-05T06:36:42Z</time>
      </trkpt>
      <trkpt lat="33.92173702484567" lon="108.84983163526506">
        <ele>1131.6101456750184</ele>
        <time>2022-03-05T06:36:45Z</time>
      </trkpt>
      <trkpt lat="33.922281141726735" lon="108.84964242900935">
        <ele>1130.6742710182443</ele>
        <time>2022-03-05T06:36:51Z</time>
      </trkpt>
      <trkpt lat="33.9224440291078" lon="108.84957482903432">
        <ele>1130.0900390939787</ele>
        <time>2022-03-05T06:36:53Z</time>
      </trkpt>
      <trkpt lat="33.922612713401335" lon="108.84953739118944">
        <ele>1130.4044710230082</ele>
        <time>2022-03-05T06:36:55Z</time>
      </trkpt>
      <trkpt lat="33.922935262584815" lon="108.8493890502078">
        <ele>1128.661471103318</ele>
        <time>2022-03-05T06:36:59Z</time>
      </trkpt>
      <trkpt lat="33.92321535793711" lon="108.84914657312225">
        <ele>1129.3551131272689</ele>
        <time>2022-03-05T06:37:03Z</time>
      </trkpt>
      <trkpt lat="33.92334965525473" lon="108.84900706871463">
        <ele>1128.7885982058942</ele>
        <time>2022-03-05T06:37:05Z</time>
      </trkpt>
      <trkpt lat="33.923467548895005" lon="108.84883628038399">
        <ele>1126.6704457700253</ele>
        <time>2022-03-05T06:37:07Z</time>
      </trkpt>
      <trkpt lat="33.92355856046539" lon="108.84863250097327">
        <ele>1125.7536192517728</ele>
        <time>2022-03-05T06:37:09Z</time>
      </trkpt>
      <trkpt lat="33.92370531604343" lon="108.84846125169882">
        <ele>1123.605612050742</ele>
        <time>2022-03-05T06:37:11Z</time>
      </trkpt>
      <trkpt lat="33.92390759876595" lon="108.84837109071937">
        <ele>1124.007288325578</ele>
        <time>2022-03-05T06:37:13Z</time>
      </trkpt>
      <trkpt lat="33.92411338751779" lon="108.84831705139929">
        <ele>1121.6396935824305</ele>
        <time>2022-03-05T06:37:15Z</time>
      </trkpt>
      <trkpt lat="33.92432019600093" lon="108.84830144292081">
        <ele>1120.1071882313117</ele>
        <time>2022-03-05T06:37:17Z</time>
      </trkpt>
      <trkpt lat="33.924500293497964" lon="108.8483979071147">
        <ele>1119.4328372152522</ele>
        <time>2022-03-05T06:37:19Z</time>
      </trkpt>
      <trkpt lat="33.92463423815392" lon="108.8485736647458">
        <ele>1119.5652494216338</ele>
        <time>2022-03-05T06:37:21Z</time>
      </trkpt>
      <trkpt lat="33.92480044060079" lon="108.84868966589953">
        <ele>1119.4218727936968</ele>
        <time>2022-03-05T06:37:23Z</time>
      </trkpt>
      <trkpt lat="33.92498728312516" lon="108.84877034716513">
        <ele>1120.6597267864272</ele>
        <time>2022-03-05T06:37:25Z</time>
      </trkpt>
      <trkpt lat="33.9251959479309" lon="108.8487699649291">
        <ele>1120.3758449433371</ele>
        <time>2022-03-05T06:37:27Z</time>
      </trkpt>
      <trkpt lat="33.925604130351665" lon="108.84867534646376">
        <ele>1119.0080417227</ele>
        <time>2022-03-05T06:37:31Z</time>
      </trkpt>
      <trkpt lat="33.92579686783102" lon="108.84859287332101">
        <ele>1118.4182654805481</ele>
        <time>2022-03-05T06:37:33Z</time>
      </trkpt>
      <trkpt lat="33.9259254826764" lon="108.8483982585186">
        <ele>1117.7637195456773</ele>
        <time>2022-03-05T06:37:35Z</time>
      </trkpt>
      <trkpt lat="33.925972207413025" lon="108.84769526430455">
        <ele>1115.731986428611</ele>
        <time>2022-03-05T06:37:41Z</time>
      </trkpt>
      <trkpt lat="33.92602119168862" lon="108.8472486849461">
        <ele>1111.5047159278765</ele>
        <time>2022-03-05T06:37:45Z</time>
      </trkpt>
      <trkpt lat="33.926135978039525" lon="108.84680639383416">
        <ele>1107.0174667164683</ele>
        <time>2022-03-05T06:37:49Z</time>
      </trkpt>
      <trkpt lat="33.92621292887268" lon="108.84659898127626">
        <ele>1105.3752861525863</ele>
        <time>2022-03-05T06:37:51Z</time>
      </trkpt>
      <trkpt lat="33.92631298212226" lon="108.84639983558037">
        <ele>1103.6343479454517</ele>
        <time>2022-03-05T06:37:53Z</time>
      </trkpt>
      <trkpt lat="33.92669327785549" lon="108.84590515930077">
        <ele>1100.5361916292459</ele>
        <time>2022-03-05T06:37:59Z</time>
      </trkpt>
      <trkpt lat="33.926833096985476" lon="108.84575456465889">
        <ele>1098.4393926924095</ele>
        <time>2022-03-05T06:38:01Z</time>
      </trkpt>
      <trkpt lat="33.926991471121944" lon="108.8456140089584">
        <ele>1097.6847125701606</ele>
        <time>2022-03-05T06:38:03Z</time>
      </trkpt>
      <trkpt lat="33.927360736084175" lon="108.8453458873968">
        <ele>1094.3459759904072</ele>
        <time>2022-03-05T06:38:07Z</time>
      </trkpt>
      <trkpt lat="33.92754372860861" lon="108.84517797973143">
        <ele>1093.79449291341</ele>
        <time>2022-03-05T06:38:09Z</time>
      </trkpt>
      <trkpt lat="33.927667404905044" lon="108.84495168711943">
        <ele>1094.0841440018266</ele>
        <time>2022-03-05T06:38:11Z</time>
      </trkpt>
      <trkpt lat="33.92768137557378" lon="108.84441890616449">
        <ele>1095.2457878859714</ele>
        <time>2022-03-05T06:38:15Z</time>
      </trkpt>
      <trkpt lat="33.927682773287906" lon="108.84417185777657">
        <ele>1094.7194382464513</ele>
        <time>2022-03-05T06:38:17Z</time>
      </trkpt>
      <trkpt lat="33.9277151173713" lon="108.84393531580456">
        <ele>1093.5513766920194</ele>
        <time>2022-03-05T06:38:19Z</time>
      </trkpt>
      <trkpt lat="33.92780437190367" lon="108.84371729492186">
        <ele>1091.086391155608</ele>
        <time>2022-03-05T06:38:21Z</time>
      </trkpt>
      <trkpt lat="33.92791092610284" lon="108.84352613674129">
        <ele>1089.8070270465687</ele>
        <time>2022-03-05T06:38:23Z</time>
      </trkpt>
      <trkpt lat="33.92805610161061" lon="108.84342384223156">
        <ele>1086.613302574493</ele>
        <time>2022-03-05T06:38:25Z</time>
      </trkpt>
      <trkpt lat="33.928211933370584" lon="108.84344719668034">
        <ele>1085.799922896549</ele>
        <time>2022-03-05T06:38:27Z</time>
      </trkpt>
      <trkpt lat="33.92871849335064" lon="108.84372693616491">
        <ele>1081.1519629983231</ele>
        <time>2022-03-05T06:38:33Z</time>
      </trkpt>
      <trkpt lat="33.92891226287855" lon="108.84378097717162">
        <ele>1078.978943916969</ele>
        <time>2022-03-05T06:38:35Z</time>
      </trkpt>
      <trkpt lat="33.92911474228522" lon="108.84373870467601">
        <ele>1077.6827766457573</ele>
        <time>2022-03-05T06:38:37Z</time>
      </trkpt>
      <trkpt lat="33.92930892159342" lon="108.8436761596203">
        <ele>1075.7264067418873</ele>
        <time>2022-03-05T06:38:39Z</time>
      </trkpt>
      <trkpt lat="33.929729669987" lon="108.84331244815577">
        <ele>1070.8237683139741</ele>
        <time>2022-03-05T06:38:45Z</time>
      </trkpt>
      <trkpt lat="33.92995362452029" lon="108.843148441656">
        <ele>1070.296385823749</ele>
        <time>2022-03-05T06:38:49Z</time>
      </trkpt>
      <trkpt lat="33.93006267292238" lon="108.8430998852129">
        <ele>1069.5673998501152</ele>
        <time>2022-03-05T06:38:51Z</time>
      </trkpt>
      <trkpt lat="33.930171351810294" lon="108.84309825431892">
        <ele>1071.3791340682656</ele>
        <time>2022-03-05T06:38:53Z</time>
      </trkpt>
      <trkpt lat="33.93055448156123" lon="108.84322883242747">
        <ele>1067.8606751877815</ele>
        <time>2022-03-05T06:38:59Z</time>
      </trkpt>
      <trkpt lat="33.93081720664516" lon="108.84340353654537">
        <ele>1065.7258714549243</ele>
        <time>2022-03-05T06:39:03Z</time>
      </trkpt>
      <trkpt lat="33.93118550639155" lon="108.84384666681788">
        <ele>1062.7887908872217</ele>
        <time>2022-03-05T06:39:09Z</time>
      </trkpt>
      <trkpt lat="33.93129519270975" lon="108.84403119786785">
        <ele>1061.7024098178372</ele>
        <time>2022-03-05T06:39:11Z</time>
      </trkpt>
      <trkpt lat="33.93155515043478" lon="108.84462455387057">
        <ele>1060.3631134899333</ele>
        <time>2022-03-05T06:39:17Z</time>
      </trkpt>
      <trkpt lat="33.93166346294393" lon="108.84479957308199">
        <ele>1060.496309550479</ele>
        <time>2022-03-05T06:39:19Z</time>
      </trkpt>
      <trkpt lat="33.93182969128551" lon="108.84489963581244">
        <ele>1060.7516331234947</ele>
        <time>2022-03-05T06:39:21Z</time>
      </trkpt>
      <trkpt lat="33.93200924030257" lon="108.84493712464125">
        <ele>1060.3806065144017</ele>
        <time>2022-03-05T06:39:23Z</time>
      </trkpt>
      <trkpt lat="33.93238043432371" lon="108.84489187928155">
        <ele>1059.984153679572</ele>
        <time>2022-03-05T06:39:27Z</time>
      </trkpt>
      <trkpt lat="33.93291465792427" lon="108.84469781957645">
        <ele>1058.873402719386</ele>
        <time>2022-03-05T06:39:33Z</time>
      </trkpt>
      <trkpt lat="33.933111415343866" lon="108.8446239158991">
        <ele>1055.93228028249</ele>
        <time>2022-03-05T06:39:35Z</time>
      </trkpt>
      <trkpt lat="33.93355068702741" lon="108.84445891675925">
        <ele>1049.545307165943</ele>
        <time>2022-03-05T06:39:39Z</time>
      </trkpt>
      <trkpt lat="33.93399540955106" lon="108.84427692576884">
        <ele>1046.5571087989956</ele>
        <time>2022-03-05T06:39:43Z</time>
      </trkpt>
      <trkpt lat="33.93419492459752" lon="108.84416327644816">
        <ele>1047.2116199564189</ele>
        <time>2022-03-05T06:39:45Z</time>
      </trkpt>
      <trkpt lat="33.93436019023239" lon="108.84399660670702">
        <ele>1047.6117151929066</ele>
        <time>2022-03-05T06:39:47Z</time>
      </trkpt>
      <trkpt lat="33.93450670245175" lon="108.84380275888181">
        <ele>1047.9636306557804</ele>
        <time>2022-03-05T06:39:49Z</time>
      </trkpt>
      <trkpt lat="33.93475061690125" lon="108.84338204191224">
        <ele>1048.127545707859</ele>
        <time>2022-03-05T06:39:53Z</time>
      </trkpt>
      <trkpt lat="33.93499925703783" lon="108.84307925471093">
        <ele>1047.736911315471</ele>
        <time>2022-03-05T06:39:57Z</time>
      </trkpt>
      <trkpt lat="33.93524108286544" lon="108.84283303383774">
        <ele>1047.4573157783598</ele>
        <time>2022-03-05T06:40:01Z</time>
      </trkpt>
      <trkpt lat="33.93536871142061" lon="108.84274396522684">
        <ele>1044.729165462777</ele>
        <time>2022-03-05T06:40:03Z</time>
      </trkpt>
      <trkpt lat="33.93551123897608" lon="108.84272321199218">
        <ele>1044.6472281785682</ele>
        <time>2022-03-05T06:40:05Z</time>
      </trkpt>
      <trkpt lat="33.9356467672266" lon="108.84276163042487">
        <ele>1044.713885333389</ele>
        <time>2022-03-05T06:40:07Z</time>
      </trkpt>
      <trkpt lat="33.936143756258836" lon="108.84310635126732">
        <ele>1043.0491629661992</ele>
        <time>2022-03-05T06:40:15Z</time>
      </trkpt>
      <trkpt lat="33.93626690102832" lon="108.84319952826894">
        <ele>1041.284471604973</ele>
        <time>2022-03-05T06:40:17Z</time>
      </trkpt>
      <trkpt lat="33.93650658310008" lon="108.84336657935647">
        <ele>1039.825402203016</ele>
        <time>2022-03-05T06:40:21Z</time>
      </trkpt>
      <trkpt lat="33.93680159303761" lon="108.84339440956393">
        <ele>1040.4370812484995</ele>
        <time>2022-03-05T06:40:25Z</time>
      </trkpt>
      <trkpt lat="33.937100483456604" lon="108.84340075818284">
        <ele>1041.2449449868873</ele>
        <time>2022-03-05T06:40:29Z</time>
      </trkpt>
      <trkpt lat="33.937253527539475" lon="108.84337992725101">
        <ele>1041.2789568873122</ele>
        <time>2022-03-05T06:40:31Z</time>
      </trkpt>
      <trkpt lat="33.93775232798439" lon="108.84337707812314">
        <ele>1040.1781319268048</ele>
        <time>2022-03-05T06:40:37Z</time>
      </trkpt>
      <trkpt lat="33.93810752800219" lon="108.8433671129322">
        <ele>1039.0378095004708</ele>
        <time>2022-03-05T06:40:41Z</time>
      </trkpt>
      <trkpt lat="33.938590965530125" lon="108.84318607606392">
        <ele>1036.4075000779703</ele>
        <time>2022-03-05T06:40:47Z</time>
      </trkpt>
      <trkpt lat="33.938738428021885" lon="108.84312020725376">
        <ele>1034.3957714978606</ele>
        <time>2022-03-05T06:40:49Z</time>
      </trkpt>
      <trkpt lat="33.93921463067195" lon="108.84312486694556">
        <ele>1028.3820656733587</ele>
        <time>2022-03-05T06:40:55Z</time>
      </trkpt>
      <trkpt lat="33.939377999575804" lon="108.84311097023968">
        <ele>1027.3791721900925</ele>
        <time>2022-03-05T06:40:57Z</time>
      </trkpt>
      <trkpt lat="33.93953494768641" lon="108.84306209963418">
        <ele>1025.227773421444</ele>
        <time>2022-03-05T06:40:59Z</time>
      </trkpt>
      <trkpt lat="33.93980928571205" lon="108.8428479350045">
        <ele>1022.9434478133917</ele>
        <time>2022-03-05T06:41:03Z</time>
      </trkpt>
      <trkpt lat="33.939932875612485" lon="108.84277221169579">
        <ele>1022.0031112227589</ele>
        <time>2022-03-05T06:41:05Z</time>
      </trkpt>
      <trkpt lat="33.94007052596382" lon="108.84277266759118">
        <ele>1020.2902005426586</ele>
        <time>2022-03-05T06:41:07Z</time>
      </trkpt>
      <trkpt lat="33.940226735528036" lon="108.84283969785042">
        <ele>1019.2006406653672</ele>
        <time>2022-03-05T06:41:09Z</time>
      </trkpt>
      <trkpt lat="33.94068712506519" lon="108.84314365757122">
        <ele>1017.3156010136008</ele>
        <time>2022-03-05T06:41:15Z</time>
      </trkpt>
      <trkpt lat="33.94081476907964" lon="108.84323728430546">
        <ele>1015.8567830296233</ele>
        <time>2022-03-05T06:41:17Z</time>
      </trkpt>
      <trkpt lat="33.940918289844014" lon="108.84336734839263">
        <ele>1016.2299468740821</ele>
        <time>2022-03-05T06:41:19Z</time>
      </trkpt>
      <trkpt lat="33.941170428103895" lon="108.84381427013133">
        <ele>1012.4629694623873</ele>
        <time>2022-03-05T06:41:25Z</time>
      </trkpt>
      <trkpt lat="33.941357066801665" lon="108.84412846903506">
        <ele>1011.6301611727104</ele>
        <time>2022-03-05T06:41:29Z</time>
      </trkpt>
      <trkpt lat="33.94148542419468" lon="108.84426664448635">
        <ele>1010.2275545625016</ele>
        <time>2022-03-05T06:41:31Z</time>
      </trkpt>
      <trkpt lat="33.941635748074745" lon="108.844374525073">
        <ele>1007.9291615029797</ele>
        <time>2022-03-05T06:41:33Z</time>
      </trkpt>
      <trkpt lat="33.941805568791075" lon="108.84439427258874">
        <ele>1005.680428577587</ele>
        <time>2022-03-05T06:41:35Z</time>
      </trkpt>
      <trkpt lat="33.94195951825468" lon="108.84429122148369">
        <ele>1003.2419435456395</ele>
        <time>2022-03-05T06:41:37Z</time>
      </trkpt>
      <trkpt lat="33.942350264416845" lon="108.84371618762498">
        <ele>997.0144650880247</ele>
        <time>2022-03-05T06:41:43Z</time>
      </trkpt>
      <trkpt lat="33.94270952280499" lon="108.8433875156714">
        <ele>994.6133400043473</ele>
        <time>2022-03-05T06:41:47Z</time>
      </trkpt>
      <trkpt lat="33.94289546430906" lon="108.84322974707875">
        <ele>993.406836389564</ele>
        <time>2022-03-05T06:41:49Z</time>
      </trkpt>
      <trkpt lat="33.94309462404996" lon="108.84309632012848">
        <ele>992.024079401046</ele>
        <time>2022-03-05T06:41:51Z</time>
      </trkpt>
      <trkpt lat="33.94355263158838" lon="108.84292522526115">
        <ele>986.7596588823944</ele>
        <time>2022-03-05T06:41:55Z</time>
      </trkpt>
      <trkpt lat="33.94398487492176" lon="108.84276500394462">
        <ele>981.7670168885961</ele>
        <time>2022-03-05T06:41:59Z</time>
      </trkpt>
      <trkpt lat="33.94441262940974" lon="108.84263362558646">
        <ele>977.9238824602216</ele>
        <time>2022-03-05T06:42:03Z</time>
      </trkpt>
      <trkpt lat="33.94487154590289" lon="108.84256394238975">
        <ele>974.7488274881616</ele>
        <time>2022-03-05T06:42:07Z</time>
      </trkpt>
      <trkpt lat="33.945348139073296" lon="108.84249789125104">
        <ele>971.1218260964379</ele>
        <time>2022-03-05T06:42:11Z</time>
      </trkpt>
      <trkpt lat="33.94583308068537" lon="108.84241547024793">
        <ele>966.7351178284734</ele>
        <time>2022-03-05T06:42:15Z</time>
      </trkpt>
      <trkpt lat="33.9462633177446" lon="108.84231495414181">
        <ele>963.3013470303267</ele>
        <time>2022-03-05T06:42:19Z</time>
      </trkpt>
      <trkpt lat="33.94664452566004" lon="108.84221277178995">
        <ele>961.2981535131112</ele>
        <time>2022-03-05T06:42:23Z</time>
      </trkpt>
      <trkpt lat="33.947246929455794" lon="108.8421389888053">
        <ele>955.0908403480425</ele>
        <time>2022-03-05T06:42:29Z</time>
      </trkpt>
      <trkpt lat="33.94744432357759" lon="108.8421670752426">
        <ele>951.5673600938171</ele>
        <time>2022-03-05T06:42:31Z</time>
      </trkpt>
      <trkpt lat="33.94763649535447" lon="108.8422544882806">
        <ele>950.8823628714308</ele>
        <time>2022-03-05T06:42:33Z</time>
      </trkpt>
      <trkpt lat="33.947813519190156" lon="108.84239161176633">
        <ele>949.4936365131289</ele>
        <time>2022-03-05T06:42:35Z</time>
      </trkpt>
      <trkpt lat="33.947962303742266" lon="108.84258453854616">
        <ele>947.7809756631032</ele>
        <time>2022-03-05T06:42:37Z</time>
      </trkpt>
      <trkpt lat="33.94809010500653" lon="108.84279210794732">
        <ele>946.003103938885</ele>
        <time>2022-03-05T06:42:39Z</time>
      </trkpt>
      <trkpt lat="33.94821860117859" lon="108.8429619691956">
        <ele>944.7298449184746</ele>
        <time>2022-03-05T06:42:41Z</time>
      </trkpt>
      <trkpt lat="33.948359949727774" lon="108.84308476148745">
        <ele>944.0273334896192</ele>
        <time>2022-03-05T06:42:43Z</time>
      </trkpt>
      <trkpt lat="33.94853876276527" lon="108.84311012771097">
        <ele>943.1603120230138</ele>
        <time>2022-03-05T06:42:45Z</time>
      </trkpt>
      <trkpt lat="33.94913915916202" lon="108.84310563660537">
        <ele>944.9860672699288</ele>
        <time>2022-03-05T06:42:51Z</time>
      </trkpt>
      <trkpt lat="33.94971311970681" lon="108.84311800209711">
        <ele>949.1070401221514</ele>
        <time>2022-03-05T06:42:57Z</time>
      </trkpt>
      <trkpt lat="33.950265580204494" lon="108.84331687775229">
        <ele>944.1289652818814</ele>
        <time>2022-03-05T06:43:03Z</time>
      </trkpt>
      <trkpt lat="33.95039108339592" lon="108.84337635929641">
        <ele>942.5050166342407</ele>
        <time>2022-03-05T06:43:05Z</time>
      </trkpt>
      <trkpt lat="33.95067851628711" lon="108.84343607917118">
        <ele>935.8087294995785</ele>
        <time>2022-03-05T06:43:09Z</time>
      </trkpt>
      <trkpt lat="33.95080926819154" lon="108.84352560779888">
        <ele>933.4856905583292</ele>
        <time>2022-03-05T06:43:11Z</time>
      </trkpt>
      <trkpt lat="33.95088864511503" lon="108.84367037738997">
        <ele>931.6896218005568</ele>
        <time>2022-03-05T06:43:13Z</time>
      </trkpt>
      <trkpt lat="33.95088353563118" lon="108.84423333210806">
        <ele>926.3306732187048</ele>
        <time>2022-03-05T06:43:19Z</time>
      </trkpt>
      <trkpt lat="33.9509316590784" lon="108.84463397225979">
        <ele>919.3873022152111</ele>
        <time>2022-03-05T06:43:23Z</time>
      </trkpt>
      <trkpt lat="33.95093824357606" lon="108.84485860720176">
        <ele>917.3034434989095</ele>
        <time>2022-03-05T06:43:25Z</time>
      </trkpt>
      <trkpt lat="33.95100713239945" lon="108.84508415758948">
        <ele>916.1021318025887</ele>
        <time>2022-03-05T06:43:27Z</time>
      </trkpt>
      <trkpt lat="33.951115577187714" lon="108.84529658997363">
        <ele>914.8637463832274</ele>
        <time>2022-03-05T06:43:29Z</time>
      </trkpt>
      <trkpt lat="33.95124311553541" lon="108.8455000447141">
        <ele>911.5297310315073</ele>
        <time>2022-03-05T06:43:31Z</time>
      </trkpt>
      <trkpt lat="33.951387426370175" lon="108.84566432065633">
        <ele>910.1400881083682</ele>
        <time>2022-03-05T06:43:33Z</time>
      </trkpt>
      <trkpt lat="33.95154317291383" lon="108.84578853250568">
        <ele>908.8878038590774</ele>
        <time>2022-03-05T06:43:35Z</time>
      </trkpt>
      <trkpt lat="33.951711649549445" lon="108.84586279930835">
        <ele>907.6101703615859</ele>
        <time>2022-03-05T06:43:37Z</time>
      </trkpt>
      <trkpt lat="33.95189441875006" lon="108.84584657350618">
        <ele>906.1095069646835</ele>
        <time>2022-03-05T06:43:39Z</time>
      </trkpt>
      <trkpt lat="33.95206253492278" lon="108.8457844370135">
        <ele>904.0933789135888</ele>
        <time>2022-03-05T06:43:41Z</time>
      </trkpt>
      <trkpt lat="33.95219712153075" lon="108.84566214197643">
        <ele>901.6444044811651</ele>
        <time>2022-03-05T06:43:43Z</time>
      </trkpt>
      <trkpt lat="33.95243665873193" lon="108.84534949638234">
        <ele>897.9806541511789</ele>
        <time>2022-03-05T06:43:47Z</time>
      </trkpt>
      <trkpt lat="33.952972190118615" lon="108.84499633554857">
        <ele>892.5786413345486</ele>
        <time>2022-03-05T06:43:53Z</time>
      </trkpt>
      <trkpt lat="33.95314069500765" lon="108.84489071278074">
        <ele>891.8119492558762</ele>
        <time>2022-03-05T06:43:55Z</time>
      </trkpt>
      <trkpt lat="33.953316340734595" lon="108.84482521410477">
        <ele>890.7500828858465</ele>
        <time>2022-03-05T06:43:57Z</time>
      </trkpt>
      <trkpt lat="33.95367582992089" lon="108.84486772458955">
        <ele>888.3809837643057</ele>
        <time>2022-03-05T06:44:01Z</time>
      </trkpt>
      <trkpt lat="33.953863009150346" lon="108.84487234837542">
        <ele>887.2595379417762</ele>
        <time>2022-03-05T06:44:03Z</time>
      </trkpt>
      <trkpt lat="33.95443692320848" lon="108.84477694948654">
        <ele>882.2698435336351</ele>
        <time>2022-03-05T06:44:09Z</time>
      </trkpt>
      <trkpt lat="33.95485023395563" lon="108.84468956278148">
        <ele>880.2954229013994</ele>
        <time>2022-03-05T06:44:13Z</time>
      </trkpt>
      <trkpt lat="33.9550604852039" lon="108.8446779538126">
        <ele>879.2293207542971</ele>
        <time>2022-03-05T06:44:15Z</time>
      </trkpt>
      <trkpt lat="33.95544706237761" lon="108.84457194151862">
        <ele>877.2824328383431</ele>
        <time>2022-03-05T06:44:19Z</time>
      </trkpt>
      <trkpt lat="33.955632572819134" lon="108.84447513313562">
        <ele>874.5937416004017</ele>
        <time>2022-03-05T06:44:21Z</time>
      </trkpt>
      <trkpt lat="33.955917335685136" lon="108.84413295859137">
        <ele>871.3643964370713</ele>
        <time>2022-03-05T06:44:25Z</time>
      </trkpt>
      <trkpt lat="33.9560214667364" lon="108.84396381452478">
        <ele>869.5977217238396</ele>
        <time>2022-03-05T06:44:27Z</time>
      </trkpt>
      <trkpt lat="33.95612252383825" lon="108.84379975985128">
        <ele>868.9664697302505</ele>
        <time>2022-03-05T06:44:29Z</time>
      </trkpt>
      <trkpt lat="33.956276899101404" lon="108.84326634617904">
        <ele>870.2129521286115</ele>
        <time>2022-03-05T06:44:35Z</time>
      </trkpt>
      <trkpt lat="33.956300062228806" lon="108.84307641888378">
        <ele>870.0412264717743</ele>
        <time>2022-03-05T06:44:37Z</time>
      </trkpt>
      <trkpt lat="33.956334478107614" lon="108.84247688802684">
        <ele>872.3305643759668</ele>
        <time>2022-03-05T06:44:43Z</time>
      </trkpt>
      <trkpt lat="33.95634721541828" lon="108.84226118422548">
        <ele>871.6498893015087</ele>
        <time>2022-03-05T06:44:45Z</time>
      </trkpt>
      <trkpt lat="33.95643259385297" lon="108.8420840391125">
        <ele>871.0280629405752</ele>
        <time>2022-03-05T06:44:47Z</time>
      </trkpt>
      <trkpt lat="33.95653882908109" lon="108.84192607323695">
        <ele>870.7016159184277</ele>
        <time>2022-03-05T06:44:49Z</time>
      </trkpt>
      <trkpt lat="33.956931536651" lon="108.84147967982831">
        <ele>870.6521404087543</ele>
        <time>2022-03-05T06:44:55Z</time>
      </trkpt>
      <trkpt lat="33.9571081965756" lon="108.84137591411493">
        <ele>871.1153145385906</ele>
        <time>2022-03-05T06:44:57Z</time>
      </trkpt>
      <trkpt lat="33.95729632580683" lon="108.84132612051074">
        <ele>871.353898386471</ele>
        <time>2022-03-05T06:44:59Z</time>
      </trkpt>
      <trkpt lat="33.95749053205606" lon="108.84134034279734">
        <ele>871.2158826077357</ele>
        <time>2022-03-05T06:45:01Z</time>
      </trkpt>
      <trkpt lat="33.95769780425177" lon="108.84138722180711">
        <ele>870.7386474572122</ele>
        <time>2022-03-05T06:45:03Z</time>
      </trkpt>
      <trkpt lat="33.95814867317691" lon="108.84137388203376">
        <ele>866.7846248038113</ele>
        <time>2022-03-05T06:45:07Z</time>
      </trkpt>
      <trkpt lat="33.95837103674769" lon="108.84138144871794">
        <ele>864.8369538178667</ele>
        <time>2022-03-05T06:45:09Z</time>
      </trkpt>
      <trkpt lat="33.95859083155507" lon="108.84144688332316">
        <ele>862.7178773516789</ele>
        <time>2022-03-05T06:45:11Z</time>
      </trkpt>
      <trkpt lat="33.95880701671269" lon="108.84154226187371">
        <ele>860.5992629537359</ele>
        <time>2022-03-05T06:45:13Z</time>
      </trkpt>
      <trkpt lat="33.959029220831916" lon="108.84161408769211">
        <ele>859.3631830802187</ele>
        <time>2022-03-05T06:45:15Z</time>
      </trkpt>
      <trkpt lat="33.95945757207771" lon="108.84181751254204">
        <ele>856.161847284995</ele>
        <time>2022-03-05T06:45:19Z</time>
      </trkpt>
      <trkpt lat="33.95967178913657" lon="108.84189018243589">
        <ele>853.9008775372058</ele>
        <time>2022-03-05T06:45:21Z</time>
      </trkpt>
      <trkpt lat="33.959893497583366" lon="108.84193234301554">
        <ele>851.7766480483115</ele>
        <time>2022-03-05T06:45:23Z</time>
      </trkpt>
      <trkpt lat="33.96046561830209" lon="108.84195667577939">
        <ele>850.0817190241069</ele>
        <time>2022-03-05T06:45:29Z</time>
      </trkpt>
      <trkpt lat="33.960648895261436" lon="108.84191508413106">
        <ele>849.8421639455482</ele>
        <time>2022-03-05T06:45:31Z</time>
      </trkpt>
      <trkpt lat="33.960834319315055" lon="108.84184971098333">
        <ele>849.1000760616735</ele>
        <time>2022-03-05T06:45:33Z</time>
      </trkpt>
      <trkpt lat="33.96133039561426" lon="108.84142731602235">
        <ele>845.4662888851017</ele>
        <time>2022-03-05T06:45:39Z</time>
      </trkpt>
      <trkpt lat="33.96181431987979" lon="108.84095102925845">
        <ele>836.9421794004738</ele>
        <time>2022-03-05T06:45:45Z</time>
      </trkpt>
      <trkpt lat="33.96226242799197" lon="108.84051768125153">
        <ele>832.3439980717376</ele>
        <time>2022-03-05T06:45:51Z</time>
      </trkpt>
      <trkpt lat="33.962654609265044" lon="108.84017933105979">
        <ele>828.3808009084314</ele>
        <time>2022-03-05T06:45:57Z</time>
      </trkpt>
      <trkpt lat="33.96293326224707" lon="108.83996228218399">
        <ele>824.59712642245</ele>
        <time>2022-03-05T06:46:01Z</time>
      </trkpt>
      <trkpt lat="33.963086196297716" lon="108.83990678668572">
        <ele>824.8084941199049</ele>
        <time>2022-03-05T06:46:03Z</time>
      </trkpt>
      <trkpt lat="33.963252580741106" lon="108.8398735032386">
        <ele>822.5518661085516</ele>
        <time>2022-03-05T06:46:05Z</time>
      </trkpt>
      <trkpt lat="33.9638104398549" lon="108.83988275930301">
        <ele>817.6445191800594</ele>
        <time>2022-03-05T06:46:11Z</time>
      </trkpt>
      <trkpt lat="33.96419227186405" lon="108.83990057067777">
        <ele>814.7702223202214</ele>
        <time>2022-03-05T06:46:15Z</time>
      </trkpt>
      <trkpt lat="33.96437748563377" lon="108.83994356575504">
        <ele>814.4266789946705</ele>
        <time>2022-03-05T06:46:17Z</time>
      </trkpt>
      <trkpt lat="33.96486835872611" lon="108.8402153955736">
        <ele>810.9683215469122</ele>
        <time>2022-03-05T06:46:23Z</time>
      </trkpt>
      <trkpt lat="33.965020012204604" lon="108.84030163702383">
        <ele>810.6871360875666</ele>
        <time>2022-03-05T06:46:25Z</time>
      </trkpt>
      <trkpt lat="33.96542535853143" lon="108.84063099919926">
        <ele>808.7175416620448</ele>
        <time>2022-03-05T06:46:31Z</time>
      </trkpt>
      <trkpt lat="33.96555247953587" lon="108.84074799015276">
        <ele>808.0170010048896</ele>
        <time>2022-03-05T06:46:33Z</time>
      </trkpt>
      <trkpt lat="33.965777742622535" lon="108.84105703716484">
        <ele>805.194608071819</ele>
        <time>2022-03-05T06:46:37Z</time>
      </trkpt>
      <trkpt lat="33.96610921411293" lon="108.84159144432512">
        <ele>803.5583908502012</ele>
        <time>2022-03-05T06:46:43Z</time>
      </trkpt>
      <trkpt lat="33.9662261822352" lon="108.84176259863288">
        <ele>802.3045506896451</ele>
        <time>2022-03-05T06:46:45Z</time>
      </trkpt>
      <trkpt lat="33.96637462271863" lon="108.84191379237085">
        <ele>802.1354585215449</ele>
        <time>2022-03-05T06:46:47Z</time>
      </trkpt>
      <trkpt lat="33.96669063895405" lon="108.84216213294054">
        <ele>802.348338669166</ele>
        <time>2022-03-05T06:46:51Z</time>
      </trkpt>
      <trkpt lat="33.96683229680134" lon="108.8422935433005">
        <ele>803.2757866438478</ele>
        <time>2022-03-05T06:46:53Z</time>
      </trkpt>
      <trkpt lat="33.96711770838093" lon="108.84248402816137">
        <ele>803.9958808170632</ele>
        <time>2022-03-05T06:46:57Z</time>
      </trkpt>
      <trkpt lat="33.967258718222595" lon="108.84255099265583">
        <ele>803.9265905963257</ele>
        <time>2022-03-05T06:46:59Z</time>
      </trkpt>
      <trkpt lat="33.967562327422904" lon="108.84260506225462">
        <ele>804.1831331960857</ele>
        <time>2022-03-05T06:47:03Z</time>
      </trkpt>
      <trkpt lat="33.96806327559744" lon="108.84256330638195">
        <ele>804.556284061633</ele>
        <time>2022-03-05T06:47:09Z</time>
      </trkpt>
      <trkpt lat="33.968223308095105" lon="108.84251340130815">
        <ele>803.872489919886</ele>
        <time>2022-03-05T06:47:11Z</time>
      </trkpt>
      <trkpt lat="33.968353356786935" lon="108.8424091333631">
        <ele>803.6788063459098</ele>
        <time>2022-03-05T06:47:13Z</time>
      </trkpt>
      <trkpt lat="33.96861615790858" lon="108.84198017914413">
        <ele>801.6599162761122</ele>
        <time>2022-03-05T06:47:19Z</time>
      </trkpt>
      <trkpt lat="33.96870647050236" lon="108.841894961685">
        <ele>801.0476963380352</ele>
        <time>2022-03-05T06:47:21Z</time>
      </trkpt>
      <trkpt lat="33.968815104709655" lon="108.84185469715156">
        <ele>801.3657543966547</ele>
        <time>2022-03-05T06:47:23Z</time>
      </trkpt>
      <trkpt lat="33.96894074995641" lon="108.84188572914462">
        <ele>800.6093187779188</ele>
        <time>2022-03-05T06:47:25Z</time>
      </trkpt>
      <trkpt lat="33.969343039850614" lon="108.84212581463858">
        <ele>798.1569000463933</ele>
        <time>2022-03-05T06:47:31Z</time>
      </trkpt>
      <trkpt lat="33.969494959311284" lon="108.84221986111362">
        <ele>797.135828524828</ele>
        <time>2022-03-05T06:47:33Z</time>
      </trkpt>
      <trkpt lat="33.96965792613889" lon="108.84229247172053">
        <ele>796.2043755194172</ele>
        <time>2022-03-05T06:47:35Z</time>
      </trkpt>
      <trkpt lat="33.969825639751654" lon="108.84234330990199">
        <ele>796.8601998751983</ele>
        <time>2022-03-05T06:47:37Z</time>
      </trkpt>
      <trkpt lat="33.96999979834352" lon="108.84231364189303">
        <ele>797.1178910369053</ele>
        <time>2022-03-05T06:47:39Z</time>
      </trkpt>
      <trkpt lat="33.970152470926394" lon="108.84220197061339">
        <ele>797.5507378969342</ele>
        <time>2022-03-05T06:47:41Z</time>
      </trkpt>
      <trkpt lat="33.970255206116164" lon="108.8420224996672">
        <ele>795.8469089874998</ele>
        <time>2022-03-05T06:47:43Z</time>
      </trkpt>
      <trkpt lat="33.97035868974246" lon="108.84187977617425">
        <ele>794.1656269328669</ele>
        <time>2022-03-05T06:47:45Z</time>
      </trkpt>
      <trkpt lat="33.970491383323775" lon="108.84181358798966">
        <ele>794.5753856459633</ele>
        <time>2022-03-05T06:47:47Z</time>
      </trkpt>
      <trkpt lat="33.97062183664236" lon="108.841778042295">
        <ele>794.9922706373036</ele>
        <time>2022-03-05T06:47:49Z</time>
      </trkpt>
      <trkpt lat="33.970885852884734" lon="108.84174480779603">
        <ele>794.3838435923681</ele>
        <time>2022-03-05T06:47:53Z</time>
      </trkpt>
      <trkpt lat="33.971027374023414" lon="108.84174641298274">
        <ele>792.0974182114005</ele>
        <time>2022-03-05T06:47:55Z</time>
      </trkpt>
      <trkpt lat="33.97147517448048" lon="108.84184469441253">
        <ele>789.8775965422392</ele>
        <time>2022-03-05T06:48:01Z</time>
      </trkpt>
      <trkpt lat="33.97191726116334" lon="108.84196012971876">
        <ele>787.4022456491366</ele>
        <time>2022-03-05T06:48:07Z</time>
      </trkpt>
      <trkpt lat="33.9723336488987" lon="108.84203799608436">
        <ele>787.4768195496872</ele>
        <time>2022-03-05T06:48:13Z</time>
      </trkpt>
      <trkpt lat="33.9724540074936" lon="108.84200536654826">
        <ele>788.3684464190155</ele>
        <time>2022-03-05T06:48:15Z</time>
      </trkpt>
      <trkpt lat="33.97254872886718" lon="108.84190662423471">
        <ele>788.4125674581155</ele>
        <time>2022-03-05T06:48:17Z</time>
      </trkpt>
      <trkpt lat="33.97260641874728" lon="108.84176113154706">
        <ele>788.5352505864576</ele>
        <time>2022-03-05T06:48:19Z</time>
      </trkpt>
      <trkpt lat="33.9726096680877" lon="108.84158476336613">
        <ele>788.3658898044378</ele>
        <time>2022-03-05T06:48:21Z</time>
      </trkpt>
      <trkpt lat="33.97256151400105" lon="108.84140713879856">
        <ele>788.3015609579161</ele>
        <time>2022-03-05T06:48:23Z</time>
      </trkpt>
      <trkpt lat="33.97255788425503" lon="108.84122336314807">
        <ele>788.6219053482637</ele>
        <time>2022-03-05T06:48:25Z</time>
      </trkpt>
      <trkpt lat="33.97258585416142" lon="108.84105881416836">
        <ele>787.6172937583178</ele>
        <time>2022-03-05T06:48:27Z</time>
      </trkpt>
      <trkpt lat="33.97282627593849" lon="108.84095718776882">
        <ele>785.8177571659908</ele>
        <time>2022-03-05T06:48:31Z</time>
      </trkpt>
      <trkpt lat="33.97296862095346" lon="108.84091554336644">
        <ele>785.6868460457772</ele>
        <time>2022-03-05T06:48:33Z</time>
      </trkpt>
      <trkpt lat="33.97311850239031" lon="108.84083656637422">
        <ele>786.5621806010604</ele>
        <time>2022-03-05T06:48:35Z</time>
      </trkpt>
      <trkpt lat="33.97325516883191" lon="108.84070085573195">
        <ele>785.799398840405</ele>
        <time>2022-03-05T06:48:37Z</time>
      </trkpt>
      <trkpt lat="33.973352246080964" lon="108.84051743161285">
        <ele>785.173860698007</ele>
        <time>2022-03-05T06:48:39Z</time>
      </trkpt>
      <trkpt lat="33.97348151238532" lon="108.8400765541058">
        <ele>783.632905674167</ele>
        <time>2022-03-05T06:48:43Z</time>
      </trkpt>
      <trkpt lat="33.97353549056141" lon="108.8398405698114">
        <ele>784.0678056227043</ele>
        <time>2022-03-05T06:48:45Z</time>
      </trkpt>
      <trkpt lat="33.97357179575793" lon="108.83959927224302">
        <ele>783.9362227907404</ele>
        <time>2022-03-05T06:48:47Z</time>
      </trkpt>
      <trkpt lat="33.973573609521004" lon="108.83935642346933">
        <ele>783.3276793221012</ele>
        <time>2022-03-05T06:48:49Z</time>
      </trkpt>
      <trkpt lat="33.973613790407896" lon="108.83888973580204">
        <ele>780.8072404181585</ele>
        <time>2022-03-05T06:48:53Z</time>
      </trkpt>
      <trkpt lat="33.97358847958258" lon="108.83842600983677">
        <ele>775.8107970431447</ele>
        <time>2022-03-05T06:48:57Z</time>
      </trkpt>
      <trkpt lat="33.97350995341385" lon="108.83799292348996">
        <ele>774.3303551180288</ele>
        <time>2022-03-05T06:49:01Z</time>
      </trkpt>
      <trkpt lat="33.97339066924511" lon="108.83758975952051">
        <ele>771.8354735532776</ele>
        <time>2022-03-05T06:49:05Z</time>
      </trkpt>
      <trkpt lat="33.973350960027126" lon="108.83738616663368">
        <ele>771.2732279095799</ele>
        <time>2022-03-05T06:49:07Z</time>
      </trkpt>
      <trkpt lat="33.973348745105426" lon="108.83717490333036">
        <ele>770.937071647495</ele>
        <time>2022-03-05T06:49:09Z</time>
      </trkpt>
      <trkpt lat="33.97345520930983" lon="108.8368080839552">
        <ele>771.0877143284306</ele>
        <time>2022-03-05T06:49:13Z</time>
      </trkpt>
      <trkpt lat="33.973540961602595" lon="108.83669181353734">
        <ele>768.9394795875996</ele>
        <time>2022-03-05T06:49:15Z</time>
      </trkpt>
      <trkpt lat="33.973668125836426" lon="108.83663749464077">
        <ele>767.7868759222329</ele>
        <time>2022-03-05T06:49:17Z</time>
      </trkpt>
      <trkpt lat="33.97414428082461" lon="108.83655911663166">
        <ele>765.3597560850903</ele>
        <time>2022-03-05T06:49:23Z</time>
      </trkpt>
      <trkpt lat="33.97446488530129" lon="108.83644210517363">
        <ele>764.5492554977536</ele>
        <time>2022-03-05T06:49:27Z</time>
      </trkpt>
      <trkpt lat="33.97460615850931" lon="108.83634238824088">
        <ele>764.9611055338755</ele>
        <time>2022-03-05T06:49:29Z</time>
      </trkpt>
      <trkpt lat="33.97470691215231" lon="108.83618918311129">
        <ele>765.9698947453871</ele>
        <time>2022-03-05T06:49:31Z</time>
      </trkpt>
      <trkpt lat="33.97497206963566" lon="108.83570174257127">
        <ele>768.3330465657637</ele>
        <time>2022-03-05T06:49:37Z</time>
      </trkpt>
      <trkpt lat="33.975094294678854" lon="108.83557254506931">
        <ele>767.9924637498334</ele>
        <time>2022-03-05T06:49:39Z</time>
      </trkpt>
      <trkpt lat="33.97523177357391" lon="108.83546901168192">
        <ele>767.476353992708</ele>
        <time>2022-03-05T06:49:41Z</time>
      </trkpt>
      <trkpt lat="33.97554665110467" lon="108.83530714695905">
        <ele>763.9625878902152</ele>
        <time>2022-03-05T06:49:45Z</time>
      </trkpt>
      <trkpt lat="33.97571111629447" lon="108.83524285206813">
        <ele>762.3158940011635</ele>
        <time>2022-03-05T06:49:47Z</time>
      </trkpt>
      <trkpt lat="33.97587698659395" lon="108.83517801249904">
        <ele>760.7632818417624</ele>
        <time>2022-03-05T06:49:49Z</time>
      </trkpt>
      <trkpt lat="33.976044982693864" lon="108.83511234382838">
        <ele>759.2867980385199</ele>
        <time>2022-03-05T06:49:51Z</time>
      </trkpt>
      <trkpt lat="33.97651249200413" lon="108.83488930351923">
        <ele>758.1824679262936</ele>
        <time>2022-03-05T06:49:57Z</time>
      </trkpt>
      <trkpt lat="33.9766686514518" lon="108.83482872402367">
        <ele>758.0243645785376</ele>
        <time>2022-03-05T06:49:59Z</time>
      </trkpt>
      <trkpt lat="33.976944733363986" lon="108.8346376303795">
        <ele>758.5587344169617</ele>
        <time>2022-03-05T06:50:03Z</time>
      </trkpt>
      <trkpt lat="33.97715627055518" lon="108.83437352137337">
        <ele>758.9947745706886</ele>
        <time>2022-03-05T06:50:07Z</time>
      </trkpt>
      <trkpt lat="33.97721380358109" lon="108.83419987014008">
        <ele>759.4159906264395</ele>
        <time>2022-03-05T06:50:09Z</time>
      </trkpt>
      <trkpt lat="33.97719683261234" lon="108.83400721025357">
        <ele>759.6174990953878</ele>
        <time>2022-03-05T06:50:11Z</time>
      </trkpt>
      <trkpt lat="33.97703219955399" lon="108.83362701394476">
        <ele>759.4000704474747</ele>
        <time>2022-03-05T06:50:15Z</time>
      </trkpt>
      <trkpt lat="33.976964378932514" lon="108.83341747755662">
        <ele>759.9113978492096</ele>
        <time>2022-03-05T06:50:17Z</time>
      </trkpt>
      <trkpt lat="33.97688062820938" lon="108.83299505611956">
        <ele>757.52310313005</ele>
        <time>2022-03-05T06:50:21Z</time>
      </trkpt>
      <trkpt lat="33.976902019075126" lon="108.83283214481465">
        <ele>757.6022228514776</ele>
        <time>2022-03-05T06:50:23Z</time>
      </trkpt>
      <trkpt lat="33.97699832998397" lon="108.83272230548128">
        <ele>756.7060732450336</ele>
        <time>2022-03-05T06:50:25Z</time>
      </trkpt>
      <trkpt lat="33.977106718941286" lon="108.83265357459197">
        <ele>755.6773509727791</ele>
        <time>2022-03-05T06:50:27Z</time>
      </trkpt>
      <trkpt lat="33.97723523149341" lon="108.83261973976015">
        <ele>754.8059546621516</ele>
        <time>2022-03-05T06:50:29Z</time>
      </trkpt>
      <trkpt lat="33.977366237856096" lon="108.83263775946845">
        <ele>754.1789006385952</ele>
        <time>2022-03-05T06:50:31Z</time>
      </trkpt>
      <trkpt lat="33.977508593996745" lon="108.8326881239499">
        <ele>752.9751981468871</ele>
        <time>2022-03-05T06:50:33Z</time>
      </trkpt>
      <trkpt lat="33.977630329800114" lon="108.83280110392953">
        <ele>751.5552969230339</ele>
        <time>2022-03-05T06:50:35Z</time>
      </trkpt>
      <trkpt lat="33.97774052168744" lon="108.83294016712414">
        <ele>749.7779284818098</ele>
        <time>2022-03-05T06:50:37Z</time>
      </trkpt>
      <trkpt lat="33.977978763470176" lon="108.83344601802837">
        <ele>744.8690640805289</ele>
        <time>2022-03-05T06:50:43Z</time>
      </trkpt>
      <trkpt lat="33.97813918226446" lon="108.83378613141913">
        <ele>743.420669125393</ele>
        <time>2022-03-05T06:50:47Z</time>
      </trkpt>
      <trkpt lat="33.97824495558903" lon="108.83391586085828">
        <ele>742.6438854420558</ele>
        <time>2022-03-05T06:50:49Z</time>
      </trkpt>
      <trkpt lat="33.978366148675526" lon="108.83400659562857">
        <ele>741.070390028879</ele>
        <time>2022-03-05T06:50:51Z</time>
      </trkpt>
      <trkpt lat="33.97865670652701" lon="108.83404997083771">
        <ele>740.9200589731336</ele>
        <time>2022-03-05T06:50:55Z</time>
      </trkpt>
      <trkpt lat="33.978804819479556" lon="108.83398593255387">
        <ele>740.4384266193956</ele>
        <time>2022-03-05T06:50:57Z</time>
      </trkpt>
      <trkpt lat="33.979008185894294" lon="108.83374436132915">
        <ele>740.848356038332</ele>
        <time>2022-03-05T06:51:01Z</time>
      </trkpt>
      <trkpt lat="33.979139709731335" lon="108.83348191209804">
        <ele>741.6199390320107</ele>
        <time>2022-03-05T06:51:05Z</time>
      </trkpt>
      <trkpt lat="33.97928459352588" lon="108.8329781439472">
        <ele>743.0768585447222</ele>
        <time>2022-03-05T06:51:13Z</time>
      </trkpt>
      <trkpt lat="33.979391561591676" lon="108.83268531119724">
        <ele>743.7433638209477</ele>
        <time>2022-03-05T06:51:19Z</time>
      </trkpt>
      <trkpt lat="33.97950893770121" lon="108.83250330072615">
        <ele>744.1537866285071</ele>
        <time>2022-03-05T06:51:23Z</time>
      </trkpt>
      <trkpt lat="33.97990978276903" lon="108.83206362513269">
        <ele>743.093713379465</ele>
        <time>2022-03-05T06:51:33Z</time>
      </trkpt>
      <trkpt lat="33.980161342612455" lon="108.83176717440432">
        <ele>744.9034867584705</ele>
        <time>2022-03-05T06:51:39Z</time>
      </trkpt>
      <trkpt lat="33.98023195710935" lon="108.83166241343689">
        <ele>743.5527317076921</ele>
        <time>2022-03-05T06:51:41Z</time>
      </trkpt>
      <trkpt lat="33.98045918088323" lon="108.83121412105261">
        <ele>744.7531556254253</ele>
        <time>2022-03-05T06:51:49Z</time>
      </trkpt>
      <trkpt lat="33.98078763143032" lon="108.83081298694158">
        <ele>743.1126394448802</ele>
        <time>2022-03-05T06:51:59Z</time>
      </trkpt>
      <trkpt lat="33.98091776320391" lon="108.83065900695492">
        <ele>743.7476988928393</ele>
        <time>2022-03-05T06:52:05Z</time>
      </trkpt>
      <trkpt lat="33.98098526099402" lon="108.83053560225696">
        <ele>743.672436975874</ele>
        <time>2022-03-05T06:52:09Z</time>
      </trkpt>
      <trkpt lat="33.98130724928828" lon="108.8301804722349">
        <ele>746.2023928910494</ele>
        <time>2022-03-05T06:52:19Z</time>
      </trkpt>
      <trkpt lat="33.981725372201666" lon="108.82980083532904">
        <ele>747.9940359741449</ele>
        <time>2022-03-05T06:52:29Z</time>
      </trkpt>
      <trkpt lat="33.98201732240121" lon="108.82954967170095">
        <ele>747.8277847301215</ele>
        <time>2022-03-05T06:52:35Z</time>
      </trkpt>
      <trkpt lat="33.98223787346419" lon="108.82945639061676">
        <ele>747.9443090790883</ele>
        <time>2022-03-05T06:52:39Z</time>
      </trkpt>
      <trkpt lat="33.98246879299031" lon="108.82942528893982">
        <ele>747.7269353084266</ele>
        <time>2022-03-05T06:52:43Z</time>
      </trkpt>
      <trkpt lat="33.98271108240091" lon="108.82943933609671">
        <ele>748.1197897261009</ele>
        <time>2022-03-05T06:52:47Z</time>
      </trkpt>
      <trkpt lat="33.98296823177672" lon="108.82948013303763">
        <ele>748.5757344318554</ele>
        <time>2022-03-05T06:52:51Z</time>
      </trkpt>
      <trkpt lat="33.983093280380466" lon="108.82945621213746">
        <ele>748.0508925244212</ele>
        <time>2022-03-05T06:52:53Z</time>
      </trkpt>
      <trkpt lat="33.9835530108759" lon="108.829265079128">
        <ele>747.4625750230625</ele>
        <time>2022-03-05T06:53:01Z</time>
      </trkpt>
      <trkpt lat="33.98401859125207" lon="108.8290979404708">
        <ele>754.942087860778</ele>
        <time>2022-03-05T06:53:13Z</time>
      </trkpt>
      <trkpt lat="33.98449897761198" lon="108.82895297470381">
        <ele>761.7504659192637</ele>
        <time>2022-03-05T06:53:28Z</time>
      </trkpt>
      <trkpt lat="33.98452848371454" lon="108.82918817487004">
        <ele>761.4041482247412</ele>
        <time>2022-03-05T06:53:30Z</time>
      </trkpt>
      <trkpt lat="33.98462008599423" lon="108.82913512785653">
        <ele>761.1679902635515</ele>
        <time>2022-03-05T06:53:34Z</time>
      </trkpt>
      <trkpt lat="33.98509180352096" lon="108.82911601524619">
        <ele>756.9522020649165</ele>
        <time>2022-03-05T06:53:46Z</time>
      </trkpt>
      <trkpt lat="33.985477204773716" lon="108.82898410701644">
        <ele>754.867185224779</ele>
        <time>2022-03-05T06:53:56Z</time>
      </trkpt>
      <trkpt lat="33.98560469521375" lon="108.82898082121476">
        <ele>753.7148086065426</ele>
        <time>2022-03-05T06:54:00Z</time>
      </trkpt>
      <trkpt lat="33.98596396479612" lon="108.8291449193121">
        <ele>750.5333443721756</ele>
        <time>2022-03-05T06:54:12Z</time>
      </trkpt>
      <trkpt lat="33.98608008663384" lon="108.82926259605173">
        <ele>749.9190077548847</ele>
        <time>2022-03-05T06:54:16Z</time>
      </trkpt>
      <trkpt lat="33.98612026010766" lon="108.82935967031355">
        <ele>749.0108534302562</ele>
        <time>2022-03-05T06:54:18Z</time>
      </trkpt>
      <trkpt lat="33.9860883025487" lon="108.82948835602913">
        <ele>748.0229090917856</ele>
        <time>2022-03-05T06:54:20Z</time>
      </trkpt>
      <trkpt lat="33.98599475624744" lon="108.82960473673333">
        <ele>747.8131256541237</ele>
        <time>2022-03-05T06:54:22Z</time>
      </trkpt>
      <trkpt lat="33.98576118024958" lon="108.82978916504612">
        <ele>745.1682805521414</ele>
        <time>2022-03-05T06:54:26Z</time>
      </trkpt>
      <trkpt lat="33.98552425101065" lon="108.82998991404754">
        <ele>744.9563347809017</ele>
        <time>2022-03-05T06:54:30Z</time>
      </trkpt>
      <trkpt lat="33.98525452748093" lon="108.83044970585229">
        <ele>744.9974834043533</ele>
        <time>2022-03-05T06:54:36Z</time>
      </trkpt>
      <trkpt lat="33.985092284127376" lon="108.83078018297046">
        <ele>747.1015175487846</ele>
        <time>2022-03-05T06:54:40Z</time>
      </trkpt>
      <trkpt lat="33.98504585123249" lon="108.83096547462429">
        <ele>747.8140846258029</ele>
        <time>2022-03-05T06:54:42Z</time>
      </trkpt>
      <trkpt lat="33.985057925268784" lon="108.83118479558881">
        <ele>748.9710178580135</ele>
        <time>2022-03-05T06:54:44Z</time>
      </trkpt>
      <trkpt lat="33.98514288144935" lon="108.83138901122376">
        <ele>749.5476038539782</ele>
        <time>2022-03-05T06:54:46Z</time>
      </trkpt>
      <trkpt lat="33.9852882695701" lon="108.83153951897009">
        <ele>748.2964641861618</ele>
        <time>2022-03-05T06:54:48Z</time>
      </trkpt>
      <trkpt lat="33.985572001808606" lon="108.83177146004634">
        <ele>747.9789636656642</ele>
        <time>2022-03-05T06:54:52Z</time>
      </trkpt>
      <trkpt lat="33.98581832812455" lon="108.83194343537762">
        <ele>747.2831153264269</ele>
        <time>2022-03-05T06:54:56Z</time>
      </trkpt>
      <trkpt lat="33.98595176614675" lon="108.83187486253946">
        <ele>748.1507288236171</ele>
        <time>2022-03-05T06:54:58Z</time>
      </trkpt>
      <trkpt lat="33.98601389593244" lon="108.8317800809878">
        <ele>748.7827318217605</ele>
        <time>2022-03-05T06:55:00Z</time>
      </trkpt>
      <trkpt lat="33.98599235490788" lon="108.83169550353435">
        <ele>755.1628344478086</ele>
        <time>2022-03-05T06:55:10Z</time>
      </trkpt>
      <trkpt lat="33.985877376629745" lon="108.831477624282">
        <ele>762.6844286303967</ele>
        <time>2022-03-05T06:57:00Z</time>
      </trkpt>
      <trkpt lat="33.98582864158463" lon="108.83127202228445">
        <ele>762.5124203488231</ele>
        <time>2022-03-05T06:57:04Z</time>
      </trkpt>
      <trkpt lat="33.98585119953997" lon="108.83113700418434">
        <ele>762.2943904679269</ele>
        <time>2022-03-05T06:57:06Z</time>
      </trkpt>
      <trkpt lat="33.985939922779856" lon="108.83101871001438">
        <ele>760.7821214692667</ele>
        <time>2022-03-05T06:57:08Z</time>
      </trkpt>
      <trkpt lat="33.986041074040074" lon="108.83092399879592">
        <ele>759.7349070338532</ele>
        <time>2022-03-05T06:57:10Z</time>
      </trkpt>
      <trkpt lat="33.986480717549334" lon="108.83071682916726">
        <ele>758.3020710749552</ele>
        <time>2022-03-05T06:57:17Z</time>
      </trkpt>
      <trkpt lat="33.98670610845193" lon="108.83057538612482">
        <ele>757.8476632516831</ele>
        <time>2022-03-05T06:57:21Z</time>
      </trkpt>
      <trkpt lat="33.986802235879786" lon="108.8304867708526">
        <ele>758.4735382897779</ele>
        <time>2022-03-05T06:57:23Z</time>
      </trkpt>
      <trkpt lat="33.987124720944166" lon="108.82997621867459">
        <ele>758.5475264973938</ele>
        <time>2022-03-05T06:57:33Z</time>
      </trkpt>
      <trkpt lat="33.987216246814754" lon="108.82974621489981">
        <ele>757.7299198787659</ele>
        <time>2022-03-05T06:57:37Z</time>
      </trkpt>
      <trkpt lat="33.98734870873126" lon="108.82920823417366">
        <ele>756.7646847525612</ele>
        <time>2022-03-05T06:57:45Z</time>
      </trkpt>
      <trkpt lat="33.987356199838324" lon="108.828836449588">
        <ele>756.2612051935866</ele>
        <time>2022-03-05T06:57:50Z</time>
      </trkpt>
      <trkpt lat="33.987418464485046" lon="108.82868739740674">
        <ele>755.482508521527</ele>
        <time>2022-03-05T06:57:52Z</time>
      </trkpt>
      <trkpt lat="33.987644753104945" lon="108.82847691367249">
        <ele>755.8208716306835</ele>
        <time>2022-03-05T06:57:56Z</time>
      </trkpt>
      <trkpt lat="33.988100575841806" lon="108.82812669294638">
        <ele>755.3894514916465</ele>
        <time>2022-03-05T06:58:04Z</time>
      </trkpt>
      <trkpt lat="33.98833583506075" lon="108.82797599163827">
        <ele>754.8846025606617</ele>
        <time>2022-03-05T06:58:08Z</time>
      </trkpt>
      <trkpt lat="33.988458357034354" lon="108.82792897767582">
        <ele>755.0683696344495</ele>
        <time>2022-03-05T06:58:10Z</time>
      </trkpt>
      <trkpt lat="33.98856312326514" lon="108.82802403953778">
        <ele>753.4366335682571</ele>
        <time>2022-03-05T06:58:12Z</time>
      </trkpt>
      <trkpt lat="33.98859314569257" lon="108.82819325824167">
        <ele>753.615471759811</ele>
        <time>2022-03-05T06:58:14Z</time>
      </trkpt>
      <trkpt lat="33.988460606148514" lon="108.8288584242889">
        <ele>749.7049786327407</ele>
        <time>2022-03-05T06:58:22Z</time>
      </trkpt>
      <trkpt lat="33.98834983627594" lon="108.82951358435194">
        <ele>750.6647050464526</ele>
        <time>2022-03-05T06:58:30Z</time>
      </trkpt>
      <trkpt lat="33.988338402832234" lon="108.82967275827318">
        <ele>750.9335413230583</ele>
        <time>2022-03-05T06:58:32Z</time>
      </trkpt>
      <trkpt lat="33.98838584272641" lon="108.82981750298097">
        <ele>751.3858896009624</ele>
        <time>2022-03-05T06:58:34Z</time>
      </trkpt>
      <trkpt lat="33.9884940154712" lon="108.82990535512154">
        <ele>751.3220852445811</ele>
        <time>2022-03-05T06:58:36Z</time>
      </trkpt>
      <trkpt lat="33.98890560739513" lon="108.82988318456643">
        <ele>751.7578012607992</ele>
        <time>2022-03-05T06:58:42Z</time>
      </trkpt>
      <trkpt lat="33.98948658652583" lon="108.8299115119795">
        <ele>751.9976430870593</ele>
        <time>2022-03-05T06:58:50Z</time>
      </trkpt>
      <trkpt lat="33.98963278319747" lon="108.82986972274405">
        <ele>752.8520541815087</ele>
        <time>2022-03-05T06:58:52Z</time>
      </trkpt>
      <trkpt lat="33.9897520687353" lon="108.82976076313754">
        <ele>752.4787733098492</ele>
        <time>2022-03-05T06:58:54Z</time>
      </trkpt>
      <trkpt lat="33.98982737418217" lon="108.8296150689269">
        <ele>751.8142682854086</ele>
        <time>2022-03-05T06:58:56Z</time>
      </trkpt>
      <trkpt lat="33.98996882574782" lon="108.82929531077106">
        <ele>751.9177804095671</ele>
        <time>2022-03-05T06:59:00Z</time>
      </trkpt>
      <trkpt lat="33.990064670698146" lon="108.8291426209896">
        <ele>752.0145363910124</ele>
        <time>2022-03-05T06:59:02Z</time>
      </trkpt>
      <trkpt lat="33.99018364682685" lon="108.82902736002164">
        <ele>751.9925863826647</ele>
        <time>2022-03-05T06:59:04Z</time>
      </trkpt>
      <trkpt lat="33.990468070949085" lon="108.82891917556029">
        <ele>752.4844181854278</ele>
        <time>2022-03-05T06:59:08Z</time>
      </trkpt>
      <trkpt lat="33.990762453120816" lon="108.82886129990148">
        <ele>752.888350985013</ele>
        <time>2022-03-05T06:59:12Z</time>
      </trkpt>
      <trkpt lat="33.990904662357856" lon="108.82881501056067">
        <ele>753.7956656152382</ele>
        <time>2022-03-05T06:59:14Z</time>
      </trkpt>
      <trkpt lat="33.991296673044786" lon="108.82857550848695">
        <ele>754.3909505605698</ele>
        <time>2022-03-05T06:59:20Z</time>
      </trkpt>
      <trkpt lat="33.99144238801549" lon="108.82850173962746">
        <ele>755.2763121696189</ele>
        <time>2022-03-05T06:59:22Z</time>
      </trkpt>
      <trkpt lat="33.991762327572225" lon="108.82846182897775">
        <ele>754.8615056220442</ele>
        <time>2022-03-05T06:59:26Z</time>
      </trkpt>
      <trkpt lat="33.99225601294735" lon="108.82847595582477">
        <ele>753.5972449211404</ele>
        <time>2022-03-05T06:59:32Z</time>
      </trkpt>
      <trkpt lat="33.992422803752255" lon="108.82847507024383">
        <ele>752.588432919234</ele>
        <time>2022-03-05T06:59:34Z</time>
      </trkpt>
      <trkpt lat="33.99287825330017" lon="108.82833558667653">
        <ele>749.4299516854808</ele>
        <time>2022-03-05T06:59:40Z</time>
      </trkpt>
      <trkpt lat="33.9931675343876" lon="108.82814362257363">
        <ele>745.8251324174926</ele>
        <time>2022-03-05T06:59:44Z</time>
      </trkpt>
      <trkpt lat="33.99334397061753" lon="108.8281051425309">
        <ele>743.5893892403692</ele>
        <time>2022-03-05T06:59:46Z</time>
      </trkpt>
      <trkpt lat="33.99352300476682" lon="108.82817156208648">
        <ele>743.1982926214114</ele>
        <time>2022-03-05T06:59:48Z</time>
      </trkpt>
      <trkpt lat="33.993665739142266" lon="108.82830528729029">
        <ele>742.0352264307439</ele>
        <time>2022-03-05T06:59:50Z</time>
      </trkpt>
      <trkpt lat="33.99370014229944" lon="108.82849026688964">
        <ele>741.6540186395869</ele>
        <time>2022-03-05T06:59:52Z</time>
      </trkpt>
      <trkpt lat="33.993652894143615" lon="108.82868490206508">
        <ele>741.3625822272152</ele>
        <time>2022-03-05T06:59:54Z</time>
      </trkpt>
      <trkpt lat="33.993611143685584" lon="108.82921616377838">
        <ele>740.9631017558277</ele>
        <time>2022-03-05T07:00:00Z</time>
      </trkpt>
      <trkpt lat="33.99357727667595" lon="108.82939266045712">
        <ele>741.4967267513275</ele>
        <time>2022-03-05T07:00:02Z</time>
      </trkpt>
      <trkpt lat="33.993563120510146" lon="108.82959372071805">
        <ele>740.8960883161053</ele>
        <time>2022-03-05T07:00:04Z</time>
      </trkpt>
      <trkpt lat="33.99360107632384" lon="108.82977404102351">
        <ele>741.8884760644287</ele>
        <time>2022-03-05T07:00:06Z</time>
      </trkpt>
      <trkpt lat="33.99369958963995" lon="108.82992399302465">
        <ele>740.5021219979972</ele>
        <time>2022-03-05T07:00:08Z</time>
      </trkpt>
      <trkpt lat="33.99376363270754" lon="108.83009603069452">
        <ele>740.7149446727708</ele>
        <time>2022-03-05T07:00:10Z</time>
      </trkpt>
      <trkpt lat="33.99382672671984" lon="108.83047391079819">
        <ele>741.6810506749898</ele>
        <time>2022-03-05T07:00:14Z</time>
      </trkpt>
      <trkpt lat="33.993880988292666" lon="108.83064902873922">
        <ele>742.0569371292368</ele>
        <time>2022-03-05T07:00:16Z</time>
      </trkpt>
      <trkpt lat="33.99397938551424" lon="108.83077974438075">
        <ele>741.7634175652638</ele>
        <time>2022-03-05T07:00:18Z</time>
      </trkpt>
      <trkpt lat="33.994128987894825" lon="108.83077425388522">
        <ele>742.8687842488289</ele>
        <time>2022-03-05T07:00:20Z</time>
      </trkpt>
      <trkpt lat="33.994216203804264" lon="108.83063800107269">
        <ele>742.4760280605406</ele>
        <time>2022-03-05T07:00:22Z</time>
      </trkpt>
      <trkpt lat="33.99427975760674" lon="108.83028172850383">
        <ele>742.4654782721773</ele>
        <time>2022-03-05T07:00:26Z</time>
      </trkpt>
      <trkpt lat="33.99434498791209" lon="108.83011121929178">
        <ele>743.3967194184661</ele>
        <time>2022-03-05T07:00:28Z</time>
      </trkpt>
      <trkpt lat="33.99438883700744" lon="108.82992562999824">
        <ele>743.5566815491766</ele>
        <time>2022-03-05T07:00:30Z</time>
      </trkpt>
      <trkpt lat="33.99439978675015" lon="108.82973324368797">
        <ele>744.0324458740652</ele>
        <time>2022-03-05T07:00:32Z</time>
      </trkpt>
      <trkpt lat="33.99446312147129" lon="108.82938543447968">
        <ele>744.4802959403023</ele>
        <time>2022-03-05T07:00:36Z</time>
      </trkpt>
      <trkpt lat="33.99466851832917" lon="108.82912983799085">
        <ele>744.9673268981278</ele>
        <time>2022-03-05T07:00:40Z</time>
      </trkpt>
      <trkpt lat="33.994782928650004" lon="108.82902018402623">
        <ele>744.8393272599205</ele>
        <time>2022-03-05T07:00:42Z</time>
      </trkpt>
      <trkpt lat="33.994876558173296" lon="108.82889229178421">
        <ele>746.1502096951008</ele>
        <time>2022-03-05T07:00:44Z</time>
      </trkpt>
      <trkpt lat="33.994920998838644" lon="108.82873181274574">
        <ele>747.3372149886563</ele>
        <time>2022-03-05T07:00:46Z</time>
      </trkpt>
      <trkpt lat="33.99491305631232" lon="108.82857228349573">
        <ele>747.3232710259035</ele>
        <time>2022-03-05T07:00:48Z</time>
      </trkpt>
      <trkpt lat="33.994929587509716" lon="108.82841758902934">
        <ele>746.2013251045719</ele>
        <time>2022-03-05T07:00:50Z</time>
      </trkpt>
      <trkpt lat="33.9950423519257" lon="108.82832698907637">
        <ele>744.446429326199</ele>
        <time>2022-03-05T07:00:52Z</time>
      </trkpt>
      <trkpt lat="33.99520570326667" lon="108.82836881364433">
        <ele>744.2196457795799</ele>
        <time>2022-03-05T07:00:54Z</time>
      </trkpt>
      <trkpt lat="33.99563746201511" lon="108.82870033264923">
        <ele>741.5580755583942</ele>
        <time>2022-03-05T07:01:00Z</time>
      </trkpt>
      <trkpt lat="33.99581667941002" lon="108.82875229375823">
        <ele>740.6999056106433</ele>
        <time>2022-03-05T07:01:02Z</time>
      </trkpt>
      <trkpt lat="33.99601466226774" lon="108.82871530169582">
        <ele>740.4754305044189</ele>
        <time>2022-03-05T07:01:04Z</time>
      </trkpt>
      <trkpt lat="33.99661039033937" lon="108.8284934821229">
        <ele>738.000522245653</ele>
        <time>2022-03-05T07:01:10Z</time>
      </trkpt>
      <trkpt lat="33.99681384895356" lon="108.82841843994511">
        <ele>737.4408254716545</ele>
        <time>2022-03-05T07:01:12Z</time>
      </trkpt>
      <trkpt lat="33.9970943103129" lon="108.82812733010725">
        <ele>731.612490423955</ele>
        <time>2022-03-05T07:01:16Z</time>
      </trkpt>
      <trkpt lat="33.99727166467328" lon="108.8281180488464">
        <ele>732.6013547815382</ele>
        <time>2022-03-05T07:01:18Z</time>
      </trkpt>
      <trkpt lat="33.997451471029215" lon="108.82803241088831">
        <ele>735.0878114895895</ele>
        <time>2022-03-05T07:01:20Z</time>
      </trkpt>
      <trkpt lat="33.99761136115898" lon="108.82789373855127">
        <ele>734.893108564429</ele>
        <time>2022-03-05T07:01:22Z</time>
      </trkpt>
      <trkpt lat="33.997770642202795" lon="108.8278031023902">
        <ele>735.0815616194159</ele>
        <time>2022-03-05T07:01:24Z</time>
      </trkpt>
      <trkpt lat="33.997943147829446" lon="108.82773426196">
        <ele>736.2242204630747</ele>
        <time>2022-03-05T07:01:26Z</time>
      </trkpt>
      <trkpt lat="33.99808750194707" lon="108.82758854420324">
        <ele>736.9588661389425</ele>
        <time>2022-03-05T07:01:28Z</time>
      </trkpt>
      <trkpt lat="33.99817140109592" lon="108.82744733616676">
        <ele>736.6960916267708</ele>
        <time>2022-03-05T07:01:30Z</time>
      </trkpt>
      <trkpt lat="33.99817341487461" lon="108.82724992329649">
        <ele>737.3712374875322</ele>
        <time>2022-03-05T07:01:32Z</time>
      </trkpt>
      <trkpt lat="33.998195402666646" lon="108.82707772882829">
        <ele>736.8155274679884</ele>
        <time>2022-03-05T07:01:34Z</time>
      </trkpt>
      <trkpt lat="33.99829997622021" lon="108.82695261994073">
        <ele>737.613603496924</ele>
        <time>2022-03-05T07:01:36Z</time>
      </trkpt>
      <trkpt lat="33.99844827339583" lon="108.82693939144046">
        <ele>734.7297221589833</ele>
        <time>2022-03-05T07:01:38Z</time>
      </trkpt>
      <trkpt lat="33.998545389611046" lon="108.82711558151524">
        <ele>732.5752643421292</ele>
        <time>2022-03-05T07:01:40Z</time>
      </trkpt>
      <trkpt lat="33.99864941551918" lon="108.82721050355097">
        <ele>731.0252351928502</ele>
        <time>2022-03-05T07:01:42Z</time>
      </trkpt>
      <trkpt lat="33.99877659533962" lon="108.82728334771876">
        <ele>729.7751433234662</ele>
        <time>2022-03-05T07:01:44Z</time>
      </trkpt>
      <trkpt lat="33.998915088222766" lon="108.82763207857809">
        <ele>728.6006872896105</ele>
        <time>2022-03-05T07:01:48Z</time>
      </trkpt>
      <trkpt lat="33.99905504455786" lon="108.82772964293106">
        <ele>728.2728316094726</ele>
        <time>2022-03-05T07:01:50Z</time>
      </trkpt>
      <trkpt lat="33.999185201802966" lon="108.82763152511981">
        <ele>726.4826500397176</ele>
        <time>2022-03-05T07:01:52Z</time>
      </trkpt>
      <trkpt lat="33.99942885008431" lon="108.82705294718274">
        <ele>723.1627607969567</ele>
        <time>2022-03-05T07:01:58Z</time>
      </trkpt>
      <trkpt lat="33.99956552002441" lon="108.82662286952696">
        <ele>720.5137444771826</ele>
        <time>2022-03-05T07:02:02Z</time>
      </trkpt>
      <trkpt lat="34.000050330182766" lon="108.82617148109483">
        <ele>715.443291477859</ele>
        <time>2022-03-05T07:02:08Z</time>
      </trkpt>
      <trkpt lat="34.00042225894693" lon="108.82555998651705">
        <ele>716.8033620007336</ele>
        <time>2022-03-05T07:02:14Z</time>
      </trkpt>
      <trkpt lat="34.00065901495279" lon="108.82524328923184">
        <ele>717.2094809291884</ele>
        <time>2022-03-05T07:02:18Z</time>
      </trkpt>
      <trkpt lat="34.00080060480545" lon="108.82516799164011">
        <ele>715.0163293937221</ele>
        <time>2022-03-05T07:02:20Z</time>
      </trkpt>
      <trkpt lat="34.00110399024177" lon="108.82511462277061">
        <ele>713.7405998045579</ele>
        <time>2022-03-05T07:02:24Z</time>
      </trkpt>
      <trkpt lat="34.00123082003944" lon="108.82495678293982">
        <ele>716.14324986469</ele>
        <time>2022-03-05T07:02:26Z</time>
      </trkpt>
      <trkpt lat="34.001303961261485" lon="108.82478152851075">
        <ele>716.969391589053</ele>
        <time>2022-03-05T07:02:28Z</time>
      </trkpt>
      <trkpt lat="34.00133875738952" lon="108.82459922632518">
        <ele>717.847998233512</ele>
        <time>2022-03-05T07:02:30Z</time>
      </trkpt>
      <trkpt lat="34.00134576972591" lon="108.82444818533898">
        <ele>717.864021467045</ele>
        <time>2022-03-05T07:02:32Z</time>
      </trkpt>
      <trkpt lat="34.00141816952987" lon="108.82435276450518">
        <ele>715.4661817187443</ele>
        <time>2022-03-05T07:02:34Z</time>
      </trkpt>
      <trkpt lat="34.0015281991774" lon="108.82432300164106">
        <ele>715.3407491957769</ele>
        <time>2022-03-05T07:02:36Z</time>
      </trkpt>
      <trkpt lat="34.00175665296589" lon="108.82436750269554">
        <ele>714.4862625515088</ele>
        <time>2022-03-05T07:02:40Z</time>
      </trkpt>
      <trkpt lat="34.001857464840256" lon="108.82429864778483">
        <ele>713.8072216538712</ele>
        <time>2022-03-05T07:02:42Z</time>
      </trkpt>
      <trkpt lat="34.0019135999797" lon="108.824142656371">
        <ele>712.1818399420008</ele>
        <time>2022-03-05T07:02:44Z</time>
      </trkpt>
      <trkpt lat="34.00194143201821" lon="108.82397750461624">
        <ele>712.9138213749975</ele>
        <time>2022-03-05T07:02:46Z</time>
      </trkpt>
      <trkpt lat="34.00195278697826" lon="108.82377777194029">
        <ele>714.1849730918184</ele>
        <time>2022-03-05T07:02:48Z</time>
      </trkpt>
      <trkpt lat="34.00201234757745" lon="108.82363341282816">
        <ele>715.1816046992317</ele>
        <time>2022-03-05T07:02:50Z</time>
      </trkpt>
      <trkpt lat="34.00224502832416" lon="108.82339775392109">
        <ele>715.6749035883695</ele>
        <time>2022-03-05T07:02:54Z</time>
      </trkpt>
      <trkpt lat="34.00246036270894" lon="108.82308304310916">
        <ele>715.8282772302628</ele>
        <time>2022-03-05T07:02:58Z</time>
      </trkpt>
      <trkpt lat="34.00274956390589" lon="108.82284313606888">
        <ele>714.4494870742783</ele>
        <time>2022-03-05T07:03:02Z</time>
      </trkpt>
      <trkpt lat="34.00286741547104" lon="108.82267588503396">
        <ele>715.5145299686119</ele>
        <time>2022-03-05T07:03:04Z</time>
      </trkpt>
      <trkpt lat="34.002921109396716" lon="108.82246489197284">
        <ele>713.9798648841679</ele>
        <time>2022-03-05T07:03:06Z</time>
      </trkpt>
      <trkpt lat="34.002952676533894" lon="108.82225395400502">
        <ele>713.8324828594923</ele>
        <time>2022-03-05T07:03:08Z</time>
      </trkpt>
      <trkpt lat="34.00302290936606" lon="108.82206452838948">
        <ele>713.4125394504517</ele>
        <time>2022-03-05T07:03:10Z</time>
      </trkpt>
      <trkpt lat="34.0031734937306" lon="108.82196008588893">
        <ele>714.2447964558378</ele>
        <time>2022-03-05T07:03:12Z</time>
      </trkpt>
      <trkpt lat="34.0032441130605" lon="108.82176778648443">
        <ele>711.2683979533613</ele>
        <time>2022-03-05T07:03:14Z</time>
      </trkpt>
      <trkpt lat="34.00356910276967" lon="108.82175306158138">
        <ele>709.9252130249515</ele>
        <time>2022-03-05T07:03:18Z</time>
      </trkpt>
      <trkpt lat="34.00409311382761" lon="108.82185434898844">
        <ele>706.0184388700873</ele>
        <time>2022-03-05T07:03:24Z</time>
      </trkpt>
      <trkpt lat="34.00428823103973" lon="108.82179757497292">
        <ele>703.189949340187</ele>
        <time>2022-03-05T07:03:26Z</time>
      </trkpt>
      <trkpt lat="34.004661261841214" lon="108.82144810902419">
        <ele>699.6041589090601</ele>
        <time>2022-03-05T07:03:32Z</time>
      </trkpt>
      <trkpt lat="34.0047737413052" lon="108.82143531137608">
        <ele>699.3656099429354</ele>
        <time>2022-03-05T07:03:34Z</time>
      </trkpt>
      <trkpt lat="34.0049176329968" lon="108.82144563870393">
        <ele>698.4271564763039</ele>
        <time>2022-03-05T07:03:36Z</time>
      </trkpt>
      <trkpt lat="34.0050507953328" lon="108.82149343013863">
        <ele>696.5469117807224</ele>
        <time>2022-03-05T07:03:38Z</time>
      </trkpt>
      <trkpt lat="34.00516078082182" lon="108.82162344037766">
        <ele>695.2018473213539</ele>
        <time>2022-03-05T07:03:40Z</time>
      </trkpt>
      <trkpt lat="34.00540085197696" lon="108.82223330979429">
        <ele>688.3027788875625</ele>
        <time>2022-03-05T07:03:46Z</time>
      </trkpt>
      <trkpt lat="34.00547426276023" lon="108.82243968436869">
        <ele>686.4487338475883</ele>
        <time>2022-03-05T07:03:48Z</time>
      </trkpt>
      <trkpt lat="34.00555911181514" lon="108.82286942099081">
        <ele>681.7517836112529</ele>
        <time>2022-03-05T07:03:52Z</time>
      </trkpt>
      <trkpt lat="34.005765645911886" lon="108.82347553391092">
        <ele>678.6690146299079</ele>
        <time>2022-03-05T07:03:58Z</time>
      </trkpt>
      <trkpt lat="34.00578585730584" lon="108.82365292580724">
        <ele>676.5801339410245</ele>
        <time>2022-03-05T07:04:00Z</time>
      </trkpt>
      <trkpt lat="34.005738337111225" lon="108.82381090501624">
        <ele>676.0450404221192</ele>
        <time>2022-03-05T07:04:02Z</time>
      </trkpt>
      <trkpt lat="34.00565920976463" lon="108.82395200137678">
        <ele>675.8018816085532</ele>
        <time>2022-03-05T07:04:04Z</time>
      </trkpt>
      <trkpt lat="34.00561712784575" lon="108.82410330020987">
        <ele>676.0778346899897</ele>
        <time>2022-03-05T07:04:06Z</time>
      </trkpt>
      <trkpt lat="34.005629716381506" lon="108.82426226293572">
        <ele>675.8766919979826</ele>
        <time>2022-03-05T07:04:08Z</time>
      </trkpt>
      <trkpt lat="34.005718845296954" lon="108.82437704827565">
        <ele>675.2065094299614</ele>
        <time>2022-03-05T07:04:10Z</time>
      </trkpt>
      <trkpt lat="34.00584386983284" lon="108.82444635039964">
        <ele>674.4635407421738</ele>
        <time>2022-03-05T07:04:12Z</time>
      </trkpt>
      <trkpt lat="34.00599518249432" lon="108.82441657169642">
        <ele>674.2108628405258</ele>
        <time>2022-03-05T07:04:14Z</time>
      </trkpt>
      <trkpt lat="34.006255652773916" lon="108.82426832217267">
        <ele>674.4140329519287</ele>
        <time>2022-03-05T07:04:18Z</time>
      </trkpt>
      <trkpt lat="34.00638876785864" lon="108.82430021914756">
        <ele>674.835523805581</ele>
        <time>2022-03-05T07:04:20Z</time>
      </trkpt>
      <trkpt lat="34.00650608223937" lon="108.82438283914591">
        <ele>673.9241585116833</ele>
        <time>2022-03-05T07:04:22Z</time>
      </trkpt>
      <trkpt lat="34.00663250164817" lon="108.82441534884855">
        <ele>674.3191352812573</ele>
        <time>2022-03-05T07:04:24Z</time>
      </trkpt>
      <trkpt lat="34.00675313737036" lon="108.82439292860954">
        <ele>675.0154895242304</ele>
        <time>2022-03-05T07:04:26Z</time>
      </trkpt>
      <trkpt lat="34.00687137559558" lon="108.82434661338436">
        <ele>675.9095007255673</ele>
        <time>2022-03-05T07:04:28Z</time>
      </trkpt>
      <trkpt lat="34.00707302407785" lon="108.82434949937556">
        <ele>676.3827571989968</ele>
        <time>2022-03-05T07:04:32Z</time>
      </trkpt>
      <trkpt lat="34.00716872217389" lon="108.82441218094718">
        <ele>676.9312066715211</ele>
        <time>2022-03-05T07:04:34Z</time>
      </trkpt>
      <trkpt lat="34.007355451304306" lon="108.82464019210134">
        <ele>678.676656938158</ele>
        <time>2022-03-05T07:04:40Z</time>
      </trkpt>
      <trkpt lat="34.007430510862996" lon="108.8246705064869">
        <ele>680.0520595284179</ele>
        <time>2022-03-05T07:04:42Z</time>
      </trkpt>
      <trkpt lat="34.0075130956059" lon="108.82467611301232">
        <ele>680.3494117856026</ele>
        <time>2022-03-05T07:04:44Z</time>
      </trkpt>
      <trkpt lat="34.007586587216615" lon="108.82464992527963">
        <ele>681.4936899505556</ele>
        <time>2022-03-05T07:04:46Z</time>
      </trkpt>
      <trkpt lat="34.007639308754925" lon="108.82458891759225">
        <ele>682.2569135418162</ele>
        <time>2022-03-05T07:04:48Z</time>
      </trkpt>
      <trkpt lat="34.00770612463314" lon="108.82447171041844">
        <ele>683.4293144401163</ele>
        <time>2022-03-05T07:04:52Z</time>
      </trkpt>
      <trkpt lat="34.00774615329594" lon="108.8243505229024">
        <ele>685.5870340373367</ele>
        <time>2022-03-05T07:04:56Z</time>
      </trkpt>
      <trkpt lat="34.00783546776652" lon="108.82424733230096">
        <ele>686.2911382149905</ele>
        <time>2022-03-05T07:05:00Z</time>
      </trkpt>
      <trkpt lat="34.00795300687194" lon="108.82426689746929">
        <ele>687.10752655752</ele>
        <time>2022-03-05T07:05:04Z</time>
      </trkpt>
      <trkpt lat="34.00820272310174" lon="108.82477816899643">
        <ele>688.6328228088096</ele>
        <time>2022-03-05T07:05:22Z</time>
      </trkpt>
      <trkpt lat="34.008502993074664" lon="108.82493357503864">
        <ele>692.2185604758561</ele>
        <time>2022-03-05T07:05:38Z</time>
      </trkpt>
      <trkpt lat="34.00859297713234" lon="108.82495386303609">
        <ele>693.4833244113252</ele>
        <time>2022-03-05T07:05:42Z</time>
      </trkpt>
      <trkpt lat="34.00868653821919" lon="108.82500737620154">
        <ele>694.0120897414163</ele>
        <time>2022-03-05T07:05:46Z</time>
      </trkpt>
      <trkpt lat="34.008792742378894" lon="108.82503968596801">
        <ele>694.8476508585736</ele>
        <time>2022-03-05T07:05:50Z</time>
      </trkpt>
      <trkpt lat="34.00889814338574" lon="108.8250381830121">
        <ele>696.8570914035663</ele>
        <time>2022-03-05T07:05:54Z</time>
      </trkpt>
      <trkpt lat="34.00911351948113" lon="108.82511690657218">
        <ele>698.938109763898</ele>
        <time>2022-03-05T07:06:00Z</time>
      </trkpt>
      <trkpt lat="34.00939463518545" lon="108.82527191495787">
        <ele>703.3967148093507</ele>
        <time>2022-03-05T07:06:12Z</time>
      </trkpt>
      <trkpt lat="34.00960789787586" lon="108.82535375433254">
        <ele>701.1961540700868</ele>
        <time>2022-03-05T07:06:20Z</time>
      </trkpt>
      <trkpt lat="34.01007159884045" lon="108.82542925102163">
        <ele>692.5118128964677</ele>
        <time>2022-03-05T07:06:32Z</time>
      </trkpt>
      <trkpt lat="34.01038441723564" lon="108.82532868318226">
        <ele>689.2132169809192</ele>
        <time>2022-03-05T07:06:34Z</time>
      </trkpt>
      <trkpt lat="34.01083189135779" lon="108.82503007683815">
        <ele>684.1693082181737</ele>
        <time>2022-03-05T07:06:38Z</time>
      </trkpt>
      <trkpt lat="34.01102581848596" lon="108.8248481068334">
        <ele>681.1489419443533</ele>
        <time>2022-03-05T07:06:40Z</time>
      </trkpt>
      <trkpt lat="34.01121017515296" lon="108.82463754530677">
        <ele>681.9942257050425</ele>
        <time>2022-03-05T07:06:42Z</time>
      </trkpt>
      <trkpt lat="34.011366715330006" lon="108.82441715079395">
        <ele>682.4878682885319</ele>
        <time>2022-03-05T07:06:44Z</time>
      </trkpt>
      <trkpt lat="34.01169878932642" lon="108.82439721608247">
        <ele>681.0176622215658</ele>
        <time>2022-03-05T07:06:46Z</time>
      </trkpt>
      <trkpt lat="34.011827602222084" lon="108.82419835226806">
        <ele>677.4403076665476</ele>
        <time>2022-03-05T07:06:48Z</time>
      </trkpt>
      <trkpt lat="34.011951528060656" lon="108.82404594872456">
        <ele>677.2198171317577</ele>
        <time>2022-03-05T07:06:50Z</time>
      </trkpt>
      <trkpt lat="34.012392222729154" lon="108.82377729800135">
        <ele>672.134918956086</ele>
        <time>2022-03-05T07:06:54Z</time>
      </trkpt>
      <trkpt lat="34.012559240521924" lon="108.82355883063781">
        <ele>669.2745098192245</ele>
        <time>2022-03-05T07:06:56Z</time>
      </trkpt>
      <trkpt lat="34.01271413588839" lon="108.82343298365907">
        <ele>664.9932248983532</ele>
        <time>2022-03-05T07:06:58Z</time>
      </trkpt>
      <trkpt lat="34.01316881912935" lon="108.82323649059752">
        <ele>659.7099892152473</ele>
        <time>2022-03-05T07:07:02Z</time>
      </trkpt>
      <trkpt lat="34.01338220120371" lon="108.82317471561683">
        <ele>656.5125444382429</ele>
        <time>2022-03-05T07:07:04Z</time>
      </trkpt>
      <trkpt lat="34.01359852024544" lon="108.82315215745162">
        <ele>654.7849985668436</ele>
        <time>2022-03-05T07:07:06Z</time>
      </trkpt>
      <trkpt lat="34.013816291611526" lon="108.82318131485897">
        <ele>653.0473095010966</ele>
        <time>2022-03-05T07:07:08Z</time>
      </trkpt>
      <trkpt lat="34.014009580170715" lon="108.82327663654429">
        <ele>651.6436655353755</ele>
        <time>2022-03-05T07:07:10Z</time>
      </trkpt>
      <trkpt lat="34.014183427234194" lon="108.823339535768">
        <ele>651.9259204054251</ele>
        <time>2022-03-05T07:07:12Z</time>
      </trkpt>
      <trkpt lat="34.014333387403745" lon="108.8232790325904">
        <ele>652.8251409363002</ele>
        <time>2022-03-05T07:07:14Z</time>
      </trkpt>
      <trkpt lat="34.01440590310483" lon="108.82309649240628">
        <ele>651.4796383148059</ele>
        <time>2022-03-05T07:07:16Z</time>
      </trkpt>
      <trkpt lat="34.01437430922787" lon="108.82288580206303">
        <ele>651.6577189853415</ele>
        <time>2022-03-05T07:07:18Z</time>
      </trkpt>
      <trkpt lat="34.014294593259585" lon="108.82266651693499">
        <ele>651.895034333691</ele>
        <time>2022-03-05T07:07:20Z</time>
      </trkpt>
      <trkpt lat="34.01426291866789" lon="108.82240616086571">
        <ele>649.879370871</ele>
        <time>2022-03-05T07:07:22Z</time>
      </trkpt>
      <trkpt lat="34.01420956070005" lon="108.8221504103952">
        <ele>647.8786311829463</ele>
        <time>2022-03-05T07:07:24Z</time>
      </trkpt>
      <trkpt lat="34.01417832497442" lon="108.82187888774773">
        <ele>647.8993655778468</ele>
        <time>2022-03-05T07:07:26Z</time>
      </trkpt>
      <trkpt lat="34.01419651985775" lon="108.8213244039456">
        <ele>645.1660316558555</ele>
        <time>2022-03-05T07:07:32Z</time>
      </trkpt>
      <trkpt lat="34.014143464939366" lon="108.82120064689221">
        <ele>644.3989648371935</ele>
        <time>2022-03-05T07:07:34Z</time>
      </trkpt>
      <trkpt lat="34.01401660174987" lon="108.82115605531581">
        <ele>643.7382620768622</ele>
        <time>2022-03-05T07:07:36Z</time>
      </trkpt>
      <trkpt lat="34.013909304972096" lon="108.82125143210483">
        <ele>642.4057954661548</ele>
        <time>2022-03-05T07:07:38Z</time>
      </trkpt>
      <trkpt lat="34.0138985951506" lon="108.82141907307022">
        <ele>641.0123499175534</ele>
        <time>2022-03-05T07:07:40Z</time>
      </trkpt>
      <trkpt lat="34.013949820641535" lon="108.82204710590732">
        <ele>638.7560773566365</ele>
        <time>2022-03-05T07:07:46Z</time>
      </trkpt>
      <trkpt lat="34.01393938018892" lon="108.82244399763167">
        <ele>636.2559184553102</ele>
        <time>2022-03-05T07:07:50Z</time>
      </trkpt>
      <trkpt lat="34.01384542129094" lon="108.82254430017707">
        <ele>635.8656130181625</ele>
        <time>2022-03-05T07:07:52Z</time>
      </trkpt>
      <trkpt lat="34.01349849763237" lon="108.82253617557704">
        <ele>636.5613450249657</ele>
        <time>2022-03-05T07:07:56Z</time>
      </trkpt>
      <trkpt lat="34.01335824003035" lon="108.82248155689436">
        <ele>633.711280210875</ele>
        <time>2022-03-05T07:07:58Z</time>
      </trkpt>
      <trkpt lat="34.01333243722106" lon="108.82233611504975">
        <ele>631.9340845653787</ele>
        <time>2022-03-05T07:08:00Z</time>
      </trkpt>
      <trkpt lat="34.01345414669772" lon="108.82221489349229">
        <ele>631.0123646454886</ele>
        <time>2022-03-05T07:08:02Z</time>
      </trkpt>
      <trkpt lat="34.01356104905283" lon="108.82205589053372">
        <ele>630.292344336398</ele>
        <time>2022-03-05T07:08:04Z</time>
      </trkpt>
      <trkpt lat="34.013639691794616" lon="108.82187040800345">
        <ele>628.7898881779984</ele>
        <time>2022-03-05T07:08:06Z</time>
      </trkpt>
      <trkpt lat="34.013667472337495" lon="108.82141261826519">
        <ele>625.9786721840501</ele>
        <time>2022-03-05T07:08:10Z</time>
      </trkpt>
      <trkpt lat="34.013652656386206" lon="108.82117417084014">
        <ele>623.6037738192827</ele>
        <time>2022-03-05T07:08:12Z</time>
      </trkpt>
      <trkpt lat="34.013686262993694" lon="108.82093953854474">
        <ele>621.6253643902019</ele>
        <time>2022-03-05T07:08:14Z</time>
      </trkpt>
      <trkpt lat="34.01377303301971" lon="108.82071076206755">
        <ele>621.3446936262771</ele>
        <time>2022-03-05T07:08:16Z</time>
      </trkpt>
      <trkpt lat="34.01389809572185" lon="108.82051073209655">
        <ele>619.9990261048079</ele>
        <time>2022-03-05T07:08:18Z</time>
      </trkpt>
      <trkpt lat="34.014072429787674" lon="108.82038375351027">
        <ele>619.1609884649515</ele>
        <time>2022-03-05T07:08:20Z</time>
      </trkpt>
      <trkpt lat="34.01463077046403" lon="108.82013620319388">
        <ele>618.1187616353855</ele>
        <time>2022-03-05T07:08:26Z</time>
      </trkpt>
      <trkpt lat="34.015164952094516" lon="108.81982690272447">
        <ele>614.8647896517068</ele>
        <time>2022-03-05T07:08:32Z</time>
      </trkpt>
      <trkpt lat="34.01535413391335" lon="108.81970913897268">
        <ele>612.1046614171937</ele>
        <time>2022-03-05T07:08:34Z</time>
      </trkpt>
      <trkpt lat="34.015546803363776" lon="108.81961577698479">
        <ele>611.8812780547887</ele>
        <time>2022-03-05T07:08:36Z</time>
      </trkpt>
      <trkpt lat="34.016136011689895" lon="108.81955192790396">
        <ele>609.4921894939616</ele>
        <time>2022-03-05T07:08:42Z</time>
      </trkpt>
      <trkpt lat="34.01630603836864" lon="108.81951492586968">
        <ele>610.1784511534497</ele>
        <time>2022-03-05T07:08:44Z</time>
      </trkpt>
      <trkpt lat="34.01646055920333" lon="108.81940829190982">
        <ele>610.4645964223891</ele>
        <time>2022-03-05T07:08:46Z</time>
      </trkpt>
      <trkpt lat="34.01669609529659" lon="108.81910807670108">
        <ele>609.2581067951396</ele>
        <time>2022-03-05T07:08:50Z</time>
      </trkpt>
      <trkpt lat="34.01682516991617" lon="108.81897467604055">
        <ele>607.6341038336977</ele>
        <time>2022-03-05T07:08:52Z</time>
      </trkpt>
      <trkpt lat="34.016978704850075" lon="108.81886266904155">
        <ele>607.210876416415</ele>
        <time>2022-03-05T07:08:54Z</time>
      </trkpt>
      <trkpt lat="34.0171295930622" lon="108.81872173896919">
        <ele>604.6091364361346</ele>
        <time>2022-03-05T07:08:56Z</time>
      </trkpt>
      <trkpt lat="34.01750633045477" lon="108.81819235797151">
        <ele>598.9047673186287</ele>
        <time>2022-03-05T07:09:02Z</time>
      </trkpt>
      <trkpt lat="34.01766820311655" lon="108.81805661000685">
        <ele>600.3211075086147</ele>
        <time>2022-03-05T07:09:04Z</time>
      </trkpt>
      <trkpt lat="34.01783831338721" lon="108.81807881246054">
        <ele>597.7006650054827</ele>
        <time>2022-03-05T07:09:06Z</time>
      </trkpt>
      <trkpt lat="34.017977122065375" lon="108.81819121708814">
        <ele>598.2584259137511</ele>
        <time>2022-03-05T07:09:08Z</time>
      </trkpt>
      <trkpt lat="34.01811363144615" lon="108.81833999524004">
        <ele>598.3308569733053</ele>
        <time>2022-03-05T07:09:10Z</time>
      </trkpt>
      <trkpt lat="34.018211332428415" lon="108.81850590591166">
        <ele>600.0658549154177</ele>
        <time>2022-03-05T07:09:12Z</time>
      </trkpt>
      <trkpt lat="34.01842933096426" lon="108.81877945070094">
        <ele>600.040046595037</ele>
        <time>2022-03-05T07:09:16Z</time>
      </trkpt>
      <trkpt lat="34.01856284002072" lon="108.81887624879661">
        <ele>597.5314958915114</ele>
        <time>2022-03-05T07:09:18Z</time>
      </trkpt>
      <trkpt lat="34.018792510423786" lon="108.8190908753477">
        <ele>598.5136660095304</ele>
        <time>2022-03-05T07:09:22Z</time>
      </trkpt>
      <trkpt lat="34.01892716013203" lon="108.8191330533241">
        <ele>599.0088581219316</ele>
        <time>2022-03-05T07:09:24Z</time>
      </trkpt>
      <trkpt lat="34.01905822804758" lon="108.81913374365699">
        <ele>600.5877532521263</ele>
        <time>2022-03-05T07:09:26Z</time>
      </trkpt>
      <trkpt lat="34.019170659801105" lon="108.81907460229625">
        <ele>601.8114949120209</ele>
        <time>2022-03-05T07:09:28Z</time>
      </trkpt>
      <trkpt lat="34.01934130813563" lon="108.81889032295976">
        <ele>600.7373475655913</ele>
        <time>2022-03-05T07:09:32Z</time>
      </trkpt>
      <trkpt lat="34.01945394737187" lon="108.81884254390984">
        <ele>601.3874161625281</ele>
        <time>2022-03-05T07:09:34Z</time>
      </trkpt>
      <trkpt lat="34.019758649282174" lon="108.81861179204412">
        <ele>602.7382528092712</ele>
        <time>2022-03-05T07:09:40Z</time>
      </trkpt>
      <trkpt lat="34.01985185404359" lon="108.81850092384362">
        <ele>604.2207546820864</ele>
        <time>2022-03-05T07:09:42Z</time>
      </trkpt>
      <trkpt lat="34.01990592578428" lon="108.81835968284628">
        <ele>603.4561849460006</ele>
        <time>2022-03-05T07:09:44Z</time>
      </trkpt>
      <trkpt lat="34.01993667199816" lon="108.81820339300245">
        <ele>603.2182915909216</ele>
        <time>2022-03-05T07:09:46Z</time>
      </trkpt>
      <trkpt lat="34.020000575927426" lon="108.8180434817091">
        <ele>602.1397637976333</ele>
        <time>2022-03-05T07:09:48Z</time>
      </trkpt>
      <trkpt lat="34.02020055750531" lon="108.81777176299833">
        <ele>600.2771650087088</ele>
        <time>2022-03-05T07:09:52Z</time>
      </trkpt>
      <trkpt lat="34.02033321639618" lon="108.81765844090488">
        <ele>598.1395088629797</ele>
        <time>2022-03-05T07:09:54Z</time>
      </trkpt>
      <trkpt lat="34.020498705759145" lon="108.81762969458863">
        <ele>596.3766770875081</ele>
        <time>2022-03-05T07:09:56Z</time>
      </trkpt>
      <trkpt lat="34.02065714737127" lon="108.8177101602862">
        <ele>596.0780798532069</ele>
        <time>2022-03-05T07:09:58Z</time>
      </trkpt>
      <trkpt lat="34.020786618902655" lon="108.81787854588362">
        <ele>593.810595924966</ele>
        <time>2022-03-05T07:10:00Z</time>
      </trkpt>
      <trkpt lat="34.02090847632881" lon="108.81807536501275">
        <ele>592.7981976429</ele>
        <time>2022-03-05T07:10:02Z</time>
      </trkpt>
      <trkpt lat="34.02125034009276" lon="108.81830359642414">
        <ele>584.4147177068517</ele>
        <time>2022-03-05T07:10:06Z</time>
      </trkpt>
      <trkpt lat="34.02159271037301" lon="108.81862653488996">
        <ele>582.1994997821748</ele>
        <time>2022-03-05T07:10:10Z</time>
      </trkpt>
      <trkpt lat="34.02172626465495" lon="108.81880946751119">
        <ele>582.3616941850632</ele>
        <time>2022-03-05T07:10:12Z</time>
      </trkpt>
      <trkpt lat="34.0219315803475" lon="108.81915266935034">
        <ele>579.5134759219363</ele>
        <time>2022-03-05T07:10:16Z</time>
      </trkpt>
      <trkpt lat="34.02222578916255" lon="108.81932483011484">
        <ele>577.3754152972251</ele>
        <time>2022-03-05T07:10:20Z</time>
      </trkpt>
      <trkpt lat="34.02232761950883" lon="108.81943775610462">
        <ele>574.6493252050132</ele>
        <time>2022-03-05T07:10:22Z</time>
      </trkpt>
      <trkpt lat="34.022379488051634" lon="108.81961262444375">
        <ele>574.0958626903594</ele>
        <time>2022-03-05T07:10:24Z</time>
      </trkpt>
      <trkpt lat="34.02249395057044" lon="108.81973834415709">
        <ele>573.2110809171572</ele>
        <time>2022-03-05T07:10:26Z</time>
      </trkpt>
      <trkpt lat="34.02265217889548" lon="108.8197896619175">
        <ele>572.323948405683</ele>
        <time>2022-03-05T07:10:28Z</time>
      </trkpt>
      <trkpt lat="34.022827367615385" lon="108.819791879493">
        <ele>570.849400607869</ele>
        <time>2022-03-05T07:10:30Z</time>
      </trkpt>
      <trkpt lat="34.02299940938435" lon="108.81975114543934">
        <ele>569.4064984451979</ele>
        <time>2022-03-05T07:10:32Z</time>
      </trkpt>
      <trkpt lat="34.023147690177275" lon="108.81961289734512">
        <ele>567.4844497488812</ele>
        <time>2022-03-05T07:10:34Z</time>
      </trkpt>
      <trkpt lat="34.02330955322991" lon="108.81951082378784">
        <ele>566.0265301829204</ele>
        <time>2022-03-05T07:10:36Z</time>
      </trkpt>
      <trkpt lat="34.02358313926344" lon="108.81926971521685">
        <ele>564.0871239006519</ele>
        <time>2022-03-05T07:10:40Z</time>
      </trkpt>
      <trkpt lat="34.02372865874783" lon="108.81918185108154">
        <ele>562.3271451815963</ele>
        <time>2022-03-05T07:10:42Z</time>
      </trkpt>
      <trkpt lat="34.02384601637729" lon="108.81905322946703">
        <ele>561.756185603328</ele>
        <time>2022-03-05T07:10:44Z</time>
      </trkpt>
      <trkpt lat="34.02390547360145" lon="108.8189060923526">
        <ele>560.6956898765638</ele>
        <time>2022-03-05T07:10:46Z</time>
      </trkpt>
      <trkpt lat="34.02390903925973" lon="108.81856548533528">
        <ele>559.0048654424027</ele>
        <time>2022-03-05T07:10:50Z</time>
      </trkpt>
      <trkpt lat="34.02394094813432" lon="108.81841344417454">
        <ele>558.3326256843284</ele>
        <time>2022-03-05T07:10:52Z</time>
      </trkpt>
      <trkpt lat="34.0239977110195" lon="108.81826100074204">
        <ele>558.1373100643978</ele>
        <time>2022-03-05T07:10:54Z</time>
      </trkpt>
      <trkpt lat="34.02408269355742" lon="108.81777927995485">
        <ele>558.070049197413</ele>
        <time>2022-03-05T07:11:00Z</time>
      </trkpt>
      <trkpt lat="34.02412411862464" lon="108.81762078507">
        <ele>557.7673871153966</ele>
        <time>2022-03-05T07:11:02Z</time>
      </trkpt>
      <trkpt lat="34.02438431380857" lon="108.81714235088411">
        <ele>557.4207174638286</ele>
        <time>2022-03-05T07:11:10Z</time>
      </trkpt>
      <trkpt lat="34.024532776214606" lon="108.81687485419629">
        <ele>555.8016793103889</ele>
        <time>2022-03-05T07:11:14Z</time>
      </trkpt>
      <trkpt lat="34.02459257297397" lon="108.81671447123452">
        <ele>555.100847450085</ele>
        <time>2022-03-05T07:11:16Z</time>
      </trkpt>
      <trkpt lat="34.024607052088555" lon="108.81654503382464">
        <ele>553.4989043194801</ele>
        <time>2022-03-05T07:11:18Z</time>
      </trkpt>
      <trkpt lat="34.02459870792531" lon="108.81620986209514">
        <ele>552.0244468636811</ele>
        <time>2022-03-05T07:11:22Z</time>
      </trkpt>
      <trkpt lat="34.024637366232085" lon="108.81602939830518">
        <ele>550.30769087933</ele>
        <time>2022-03-05T07:11:24Z</time>
      </trkpt>
      <trkpt lat="34.02471919512819" lon="108.81586477853796">
        <ele>548.8037664713338</ele>
        <time>2022-03-05T07:11:26Z</time>
      </trkpt>
      <trkpt lat="34.02482353301509" lon="108.8157103754499">
        <ele>547.9381556557491</ele>
        <time>2022-03-05T07:11:28Z</time>
      </trkpt>
      <trkpt lat="34.02515862071168" lon="108.81527254398614">
        <ele>544.635264903307</ele>
        <time>2022-03-05T07:11:34Z</time>
      </trkpt>
      <trkpt lat="34.02521486672747" lon="108.8151099095885">
        <ele>544.7032904624939</ele>
        <time>2022-03-05T07:11:36Z</time>
      </trkpt>
      <trkpt lat="34.025235614837875" lon="108.81494032135414">
        <ele>544.5466291196644</ele>
        <time>2022-03-05T07:11:38Z</time>
      </trkpt>
      <trkpt lat="34.02523384338884" lon="108.81458884763198">
        <ele>541.0074947727844</ele>
        <time>2022-03-05T07:11:42Z</time>
      </trkpt>
      <trkpt lat="34.02536781534795" lon="108.81405541576248">
        <ele>536.6490992447361</ele>
        <time>2022-03-05T07:11:48Z</time>
      </trkpt>
      <trkpt lat="34.02538906123042" lon="108.81387702075752">
        <ele>535.1872874004766</ele>
        <time>2022-03-05T07:11:50Z</time>
      </trkpt>
      <trkpt lat="34.025480655038024" lon="108.8134461821569">
        <ele>530.7240746617317</ele>
        <time>2022-03-05T07:11:58Z</time>
      </trkpt>
      <trkpt lat="34.02558082868722" lon="108.81282931907528">
        <ele>527.233100509271</ele>
        <time>2022-03-05T07:12:08Z</time>
      </trkpt>
      <trkpt lat="34.02558259784759" lon="108.81267868648106">
        <ele>525.4270495157689</ele>
        <time>2022-03-05T07:12:10Z</time>
      </trkpt>
      <trkpt lat="34.025618121917496" lon="108.81252494789712">
        <ele>525.0559817664325</ele>
        <time>2022-03-05T07:12:12Z</time>
      </trkpt>
      <trkpt lat="34.025614654734746" lon="108.81236950376473">
        <ele>523.8077170439065</ele>
        <time>2022-03-05T07:12:14Z</time>
      </trkpt>
      <trkpt lat="34.0256594834754" lon="108.8122245742773">
        <ele>522.6397711206228</ele>
        <time>2022-03-05T07:12:16Z</time>
      </trkpt>
      <trkpt lat="34.0257094847446" lon="108.81190780980161">
        <ele>521.9255591230467</ele>
        <time>2022-03-05T07:12:20Z</time>
      </trkpt>
      <trkpt lat="34.02575004442601" lon="108.81175045269435">
        <ele>520.7015243442729</ele>
        <time>2022-03-05T07:12:22Z</time>
      </trkpt>
      <trkpt lat="34.02582775859544" lon="108.81159306612022">
        <ele>519.6907014865428</ele>
        <time>2022-03-05T07:12:24Z</time>
      </trkpt>
      <trkpt lat="34.02595666291" lon="108.81149115750013">
        <ele>520.1026836754754</ele>
        <time>2022-03-05T07:12:26Z</time>
      </trkpt>
      <trkpt lat="34.02609997558862" lon="108.81149451276727">
        <ele>518.8472720496356</ele>
        <time>2022-03-05T07:12:28Z</time>
      </trkpt>
      <trkpt lat="34.026223995418704" lon="108.81156552261022">
        <ele>518.0206037331372</ele>
        <time>2022-03-05T07:12:30Z</time>
      </trkpt>
      <trkpt lat="34.02656848874724" lon="108.81193215100492">
        <ele>516.7385302269831</ele>
        <time>2022-03-05T07:12:36Z</time>
      </trkpt>
      <trkpt lat="34.02670508001486" lon="108.81203365930705">
        <ele>515.3462791470811</ele>
        <time>2022-03-05T07:12:38Z</time>
      </trkpt>
      <trkpt lat="34.02684552068579" lon="108.81210092349973">
        <ele>515.443541560322</ele>
        <time>2022-03-05T07:12:40Z</time>
      </trkpt>
      <trkpt lat="34.02697892156448" lon="108.8121098820535">
        <ele>514.4024231918156</ele>
        <time>2022-03-05T07:12:42Z</time>
      </trkpt>
      <trkpt lat="34.02712291602853" lon="108.81206784632464">
        <ele>513.5033640032634</ele>
        <time>2022-03-05T07:12:44Z</time>
      </trkpt>
      <trkpt lat="34.02751289084331" lon="108.811839797545">
        <ele>511.51245654094964</ele>
        <time>2022-03-05T07:12:50Z</time>
      </trkpt>
      <trkpt lat="34.027631195093704" lon="108.81172763295578">
        <ele>511.6464624563232</ele>
        <time>2022-03-05T07:12:52Z</time>
      </trkpt>
      <trkpt lat="34.02781946207096" lon="108.81145467346765">
        <ele>511.3068385152146</ele>
        <time>2022-03-05T07:12:56Z</time>
      </trkpt>
      <trkpt lat="34.027875218271156" lon="108.81129865137434">
        <ele>511.85912440437824</ele>
        <time>2022-03-05T07:12:58Z</time>
      </trkpt>
      <trkpt lat="34.02790582947685" lon="108.81112712863016">
        <ele>511.2830034242943</ele>
        <time>2022-03-05T07:13:00Z</time>
      </trkpt>
      <trkpt lat="34.027917163752996" lon="108.81060295332911">
        <ele>509.38905392121524</ele>
        <time>2022-03-05T07:13:06Z</time>
      </trkpt>
      <trkpt lat="34.02793051660651" lon="108.81042865103991">
        <ele>509.32370903808624</ele>
        <time>2022-03-05T07:13:08Z</time>
      </trkpt>
      <trkpt lat="34.02799760984512" lon="108.81027474373329">
        <ele>509.30398685019463</ele>
        <time>2022-03-05T07:13:10Z</time>
      </trkpt>
      <trkpt lat="34.02837296205452" lon="108.80977375593908">
        <ele>508.78487046342343</ele>
        <time>2022-03-05T07:13:18Z</time>
      </trkpt>
      <trkpt lat="34.028855793293815" lon="108.80952209150473">
        <ele>507.1107240645215</ele>
        <time>2022-03-05T07:13:26Z</time>
      </trkpt>
      <trkpt lat="34.0294089541541" lon="108.80945337835277">
        <ele>504.66561864316463</ele>
        <time>2022-03-05T07:13:34Z</time>
      </trkpt>
      <trkpt lat="34.02966920466372" lon="108.80956322420764">
        <ele>502.901542971842</ele>
        <time>2022-03-05T07:13:38Z</time>
      </trkpt>
      <trkpt lat="34.02978289069601" lon="108.8096510379993">
        <ele>501.68179748859257</ele>
        <time>2022-03-05T07:13:40Z</time>
      </trkpt>
      <trkpt lat="34.03021206021913" lon="108.8098132316234">
        <ele>499.82433436159045</ele>
        <time>2022-03-05T07:13:46Z</time>
      </trkpt>
      <trkpt lat="34.03049793073024" lon="108.80987952177071">
        <ele>498.88748831953853</ele>
        <time>2022-03-05T07:13:50Z</time>
      </trkpt>
      <trkpt lat="34.03095162554272" lon="108.80991828802792">
        <ele>496.4553803354502</ele>
        <time>2022-03-05T07:13:56Z</time>
      </trkpt>
      <trkpt lat="34.03140095030507" lon="108.80991719463952">
        <ele>495.89231222029775</ele>
        <time>2022-03-05T07:14:02Z</time>
      </trkpt>
      <trkpt lat="34.03187836191589" lon="108.80990411314411">
        <ele>494.9676572252065</ele>
        <time>2022-03-05T07:14:08Z</time>
      </trkpt>
      <trkpt lat="34.03204932755435" lon="108.8098856970465">
        <ele>494.8478007642552</ele>
        <time>2022-03-05T07:14:10Z</time>
      </trkpt>
      <trkpt lat="34.03249447729987" lon="108.80977164244301">
        <ele>493.2950826929882</ele>
        <time>2022-03-05T07:14:16Z</time>
      </trkpt>
      <trkpt lat="34.03284119725629" lon="108.8096826503462">
        <ele>492.92247730493546</ele>
        <time>2022-03-05T07:14:22Z</time>
      </trkpt>
      <trkpt lat="34.03329643283704" lon="108.8096661110266">
        <ele>491.97868657577783</ele>
        <time>2022-03-05T07:14:30Z</time>
      </trkpt>
      <trkpt lat="34.03341726137486" lon="108.8096571766113">
        <ele>491.5158919095993</ele>
        <time>2022-03-05T07:14:32Z</time>
      </trkpt>
      <trkpt lat="34.03353257520583" lon="108.8096195072472">
        <ele>491.2675915742293</ele>
        <time>2022-03-05T07:14:34Z</time>
      </trkpt>
      <trkpt lat="34.03373192325031" lon="108.80950096657617">
        <ele>490.4007365042344</ele>
        <time>2022-03-05T07:14:38Z</time>
      </trkpt>
      <trkpt lat="34.03396548040776" lon="108.80938768707696">
        <ele>488.95646217558533</ele>
        <time>2022-03-05T07:14:42Z</time>
      </trkpt>
      <trkpt lat="34.03452034028679" lon="108.80924666384355">
        <ele>485.67811972647905</ele>
        <time>2022-03-05T07:14:50Z</time>
      </trkpt>
      <trkpt lat="34.03500766747905" lon="108.80914053385608">
        <ele>481.59040862414986</ele>
        <time>2022-03-05T07:14:58Z</time>
      </trkpt>
      <trkpt lat="34.03524247986137" lon="108.8091659515368">
        <ele>480.89828266296536</ele>
        <time>2022-03-05T07:15:02Z</time>
      </trkpt>
      <trkpt lat="34.035376456405174" lon="108.80921561272461">
        <ele>480.93116317968816</ele>
        <time>2022-03-05T07:15:04Z</time>
      </trkpt>
      <trkpt lat="34.03549537654744" lon="108.80929238505988">
        <ele>479.910206284374</ele>
        <time>2022-03-05T07:15:06Z</time>
      </trkpt>
      <trkpt lat="34.03591838924332" lon="108.80976208922932">
        <ele>476.60775863099843</ele>
        <time>2022-03-05T07:15:14Z</time>
      </trkpt>
      <trkpt lat="34.03602448787811" lon="108.80986956428646">
        <ele>475.60254243575037</ele>
        <time>2022-03-05T07:15:16Z</time>
      </trkpt>
      <trkpt lat="34.03629350142143" lon="108.81005372605215">
        <ele>474.7020014068112</ele>
        <time>2022-03-05T07:15:20Z</time>
      </trkpt>
      <trkpt lat="34.036448521886676" lon="108.81009346835245">
        <ele>473.3430132335052</ele>
        <time>2022-03-05T07:15:22Z</time>
      </trkpt>
      <trkpt lat="34.0365957538116" lon="108.81010900843665">
        <ele>472.71901928726584</ele>
        <time>2022-03-05T07:15:24Z</time>
      </trkpt>
      <trkpt lat="34.0370497458927" lon="108.81002231840246">
        <ele>471.2947451174259</ele>
        <time>2022-03-05T07:15:30Z</time>
      </trkpt>
      <trkpt lat="34.03754479116053" lon="108.80992407422441">
        <ele>469.7057632226497</ele>
        <time>2022-03-05T07:15:38Z</time>
      </trkpt>
      <trkpt lat="34.037811914858636" lon="108.80983242515413">
        <ele>468.61267509125173</ele>
        <time>2022-03-05T07:15:44Z</time>
      </trkpt>
      <trkpt lat="34.03833870085409" lon="108.80974949978182">
        <ele>467.7872025836259</ele>
        <time>2022-03-05T07:15:54Z</time>
      </trkpt>
      <trkpt lat="34.038698444385545" lon="108.80977003434299">
        <ele>466.0238945707679</ele>
        <time>2022-03-05T07:16:00Z</time>
      </trkpt>
      <trkpt lat="34.039225207265176" lon="108.80982217804655">
        <ele>465.1019810186699</ele>
        <time>2022-03-05T07:16:08Z</time>
      </trkpt>
      <trkpt lat="34.03978162711647" lon="108.80988566833764">
        <ele>463.18165649473667</ele>
        <time>2022-03-05T07:16:16Z</time>
      </trkpt>
      <trkpt lat="34.04035324189444" lon="108.80996580751551">
        <ele>461.5447770860046</ele>
        <time>2022-03-05T07:16:24Z</time>
      </trkpt>
      <trkpt lat="34.040785377787174" lon="108.81000181011719">
        <ele>459.844994308427</ele>
        <time>2022-03-05T07:16:32Z</time>
      </trkpt>
      <trkpt lat="34.041255100643724" lon="108.81006068403285">
        <ele>458.7144756941125</ele>
        <time>2022-03-05T07:16:42Z</time>
      </trkpt>
      <trkpt lat="34.04171741184277" lon="108.81012918805898">
        <ele>455.8785837702453</ele>
        <time>2022-03-05T07:16:50Z</time>
      </trkpt>
      <trkpt lat="34.04197520410763" lon="108.81017570676411">
        <ele>456.11631111986935</ele>
        <time>2022-03-05T07:16:54Z</time>
      </trkpt>
      <trkpt lat="34.042499159911664" lon="108.8103834729888">
        <ele>456.59798715729266</ele>
        <time>2022-03-05T07:17:02Z</time>
      </trkpt>
      <trkpt lat="34.04299339963883" lon="108.81064679838387">
        <ele>456.1292734341696</ele>
        <time>2022-03-05T07:17:10Z</time>
      </trkpt>
      <trkpt lat="34.04348032559609" lon="108.81099197220597">
        <ele>454.4608357064426</ele>
        <time>2022-03-05T07:17:18Z</time>
      </trkpt>
      <trkpt lat="34.043612582299644" lon="108.81107730583517">
        <ele>454.10695898346603</ele>
        <time>2022-03-05T07:17:20Z</time>
      </trkpt>
      <trkpt lat="34.043998507950946" lon="108.81132402592633">
        <ele>453.91033176518977</ele>
        <time>2022-03-05T07:17:26Z</time>
      </trkpt>
      <trkpt lat="34.04437379746766" lon="108.81160451695028">
        <ele>453.22892967425287</ele>
        <time>2022-03-05T07:17:32Z</time>
      </trkpt>
      <trkpt lat="34.04476082729614" lon="108.81186252070444">
        <ele>452.8932873858139</ele>
        <time>2022-03-05T07:17:38Z</time>
      </trkpt>
      <trkpt lat="34.045142899878996" lon="108.81212491614718">
        <ele>452.1737093133852</ele>
        <time>2022-03-05T07:17:44Z</time>
      </trkpt>
      <trkpt lat="34.04568391545281" lon="108.81251287368141">
        <ele>449.4712645439431</ele>
        <time>2022-03-05T07:17:53Z</time>
      </trkpt>
      <trkpt lat="34.04580458082207" lon="108.81257801394322">
        <ele>448.903986572288</ele>
        <time>2022-03-05T07:17:55Z</time>
      </trkpt>
      <trkpt lat="34.046021361112615" lon="108.8127766037381">
        <ele>447.95227563846856</ele>
        <time>2022-03-05T07:17:59Z</time>
      </trkpt>
      <trkpt lat="34.04648952333413" lon="108.81309873445522">
        <ele>446.95135408081114</ele>
        <time>2022-03-05T07:18:07Z</time>
      </trkpt>
      <trkpt lat="34.046932823903795" lon="108.8134012283515">
        <ele>444.8834499903023</ele>
        <time>2022-03-05T07:18:15Z</time>
      </trkpt>
      <trkpt lat="34.0473770845216" lon="108.8137069514681">
        <ele>442.67622697912157</ele>
        <time>2022-03-05T07:18:23Z</time>
      </trkpt>
      <trkpt lat="34.04782212985756" lon="108.81400795703708">
        <ele>441.69148046616465</ele>
        <time>2022-03-05T07:18:31Z</time>
      </trkpt>
      <trkpt lat="34.04829049849903" lon="108.81432910111369">
        <ele>439.9600961310789</ele>
        <time>2022-03-05T07:18:39Z</time>
      </trkpt>
      <trkpt lat="34.04866646660331" lon="108.81458580971646">
        <ele>439.5903521031141</ele>
        <time>2022-03-05T07:18:48Z</time>
      </trkpt>
      <trkpt lat="34.04871897229539" lon="108.8146392276083">
        <ele>441.17495554033667</ele>
        <time>2022-03-05T07:18:56Z</time>
      </trkpt>
      <trkpt lat="34.04892323801138" lon="108.81474330830504">
        <ele>437.9815075416118</ele>
        <time>2022-03-05T07:33:15Z</time>
      </trkpt>
      <trkpt lat="34.0493608598616" lon="108.815029657681">
        <ele>437.4091807520017</ele>
        <time>2022-03-05T07:33:25Z</time>
      </trkpt>
      <trkpt lat="34.04964507425375" lon="108.81523919140034">
        <ele>437.76873086672276</ele>
        <time>2022-03-05T07:33:32Z</time>
      </trkpt>
      <trkpt lat="34.05008587429201" lon="108.81553055123437">
        <ele>438.0409396905452</ele>
        <time>2022-03-05T07:33:44Z</time>
      </trkpt>
      <trkpt lat="34.05026489330828" lon="108.81564740097211">
        <ele>438.26333455648273</ele>
        <time>2022-03-05T07:33:50Z</time>
      </trkpt>
      <trkpt lat="34.050440582641656" lon="108.81580922899373">
        <ele>438.0800459375605</ele>
        <time>2022-03-05T07:33:56Z</time>
      </trkpt>
      <trkpt lat="34.05085183883655" lon="108.81608256899754">
        <ele>437.7626803610474</ele>
        <time>2022-03-05T07:34:08Z</time>
      </trkpt>
      <trkpt lat="34.0512376483868" lon="108.81637244721777">
        <ele>438.2207190953195</ele>
        <time>2022-03-05T07:34:18Z</time>
      </trkpt>
      <trkpt lat="34.05140149540454" lon="108.81651128849822">
        <ele>436.91887536644936</ele>
        <time>2022-03-05T07:34:26Z</time>
      </trkpt>
      <trkpt lat="34.05140790020424" lon="108.816493628188">
        <ele>436.3547182790935</ele>
        <time>2022-03-05T07:34:34Z</time>
      </trkpt>
      <trkpt lat="34.051539018187604" lon="108.81658675359628">
        <ele>435.9995206473395</ele>
        <time>2022-03-05T07:39:07Z</time>
      </trkpt>
      <trkpt lat="34.05180102121359" lon="108.8168165046879">
        <ele>435.5777960009873</ele>
        <time>2022-03-05T07:39:15Z</time>
      </trkpt>
      <trkpt lat="34.05213271909481" lon="108.8172454722726">
        <ele>434.9038821645081</ele>
        <time>2022-03-05T07:39:25Z</time>
      </trkpt>
      <trkpt lat="34.052240939533796" lon="108.81732744926403">
        <ele>434.5660480009392</ele>
        <time>2022-03-05T07:39:27Z</time>
      </trkpt>
      <trkpt lat="34.05237443917899" lon="108.81754275157002">
        <ele>435.0126549685374</ele>
        <time>2022-03-05T07:39:31Z</time>
      </trkpt>
      <trkpt lat="34.05262769688211" lon="108.81780391129135">
        <ele>435.8666787557304</ele>
        <time>2022-03-05T07:39:37Z</time>
      </trkpt>
      <trkpt lat="34.052618785406395" lon="108.81802153063353">
        <ele>435.98445073049515</ele>
        <time>2022-03-05T07:39:39Z</time>
      </trkpt>
      <trkpt lat="34.05271101296091" lon="108.81827695986233">
        <ele>436.3032991643995</ele>
        <time>2022-03-05T07:39:43Z</time>
      </trkpt>
      <trkpt lat="34.052787786533436" lon="108.81876305966125">
        <ele>436.9837436918169</ele>
        <time>2022-03-05T07:39:52Z</time>
      </trkpt>
      <trkpt lat="34.05279434608808" lon="108.81931703734507">
        <ele>437.42961333412677</ele>
        <time>2022-03-05T07:40:00Z</time>
      </trkpt>
      <trkpt lat="34.05278415625715" lon="108.81986072172886">
        <ele>437.6776244919747</ele>
        <time>2022-03-05T07:40:08Z</time>
      </trkpt>
      <trkpt lat="34.05274329029656" lon="108.82044542787575">
        <ele>437.9926233049482</ele>
        <time>2022-03-05T07:40:18Z</time>
      </trkpt>
      <trkpt lat="34.05274322624455" lon="108.82065515217042">
        <ele>438.87166677601635</ele>
        <time>2022-03-05T07:40:22Z</time>
      </trkpt>
      <trkpt lat="34.052725767857005" lon="108.82087068012116">
        <ele>438.50598995480686</ele>
        <time>2022-03-05T07:40:26Z</time>
      </trkpt>
      <trkpt lat="34.05277564322891" lon="108.82129667158696">
        <ele>441.50476380065084</ele>
        <time>2022-03-05T07:40:34Z</time>
      </trkpt>
      <trkpt lat="34.05277673582486" lon="108.82187945774776">
        <ele>441.08848878555</ele>
        <time>2022-03-05T07:40:43Z</time>
      </trkpt>
      <trkpt lat="34.05278868846744" lon="108.8224891213091">
        <ele>442.56426727585495</ele>
        <time>2022-03-05T07:40:53Z</time>
      </trkpt>
      <trkpt lat="34.052775866858106" lon="108.82297676396398">
        <ele>441.9852343881503</ele>
        <time>2022-03-05T07:41:01Z</time>
      </trkpt>
      <trkpt lat="34.05279344743891" lon="108.82357586399705">
        <ele>443.28168154414743</ele>
        <time>2022-03-05T07:41:11Z</time>
      </trkpt>
      <trkpt lat="34.05278489411912" lon="108.82381291835446">
        <ele>444.38983115181327</ele>
        <time>2022-03-05T07:41:15Z</time>
      </trkpt>
      <trkpt lat="34.052782950093146" lon="108.82444505889653">
        <ele>445.7269213134423</ele>
        <time>2022-03-05T07:41:25Z</time>
      </trkpt>
      <trkpt lat="34.05275691019378" lon="108.8248363748933">
        <ele>445.13634381257</ele>
        <time>2022-03-05T07:41:31Z</time>
      </trkpt>
      <trkpt lat="34.052744223186714" lon="108.82543839001238">
        <ele>446.23737793415785</ele>
        <time>2022-03-05T07:41:41Z</time>
      </trkpt>
      <trkpt lat="34.05274469256934" lon="108.82564837246947">
        <ele>446.25644389446825</ele>
        <time>2022-03-05T07:41:45Z</time>
      </trkpt>
      <trkpt lat="34.05271839796006" lon="108.8258866644971">
        <ele>446.64401757065207</ele>
        <time>2022-03-05T07:41:49Z</time>
      </trkpt>
      <trkpt lat="34.052720075652715" lon="108.82643404485182">
        <ele>446.68618616461754</ele>
        <time>2022-03-05T07:41:58Z</time>
      </trkpt>
      <trkpt lat="34.052726622742846" lon="108.82706243133494">
        <ele>449.18825966026634</ele>
        <time>2022-03-05T07:42:08Z</time>
      </trkpt>
      <trkpt lat="34.05273293886533" lon="108.82768817481775">
        <ele>450.273463265039</ele>
        <time>2022-03-05T07:42:18Z</time>
      </trkpt>
      <trkpt lat="34.05272546799349" lon="108.8283209713134">
        <ele>450.7089859470725</ele>
        <time>2022-03-05T07:42:28Z</time>
      </trkpt>
      <trkpt lat="34.05272021311577" lon="108.82884655516328">
        <ele>450.88389435969293</ele>
        <time>2022-03-05T07:42:36Z</time>
      </trkpt>
      <trkpt lat="34.05272233006796" lon="108.82938304725057">
        <ele>451.3500906713307</ele>
        <time>2022-03-05T07:42:44Z</time>
      </trkpt>
      <trkpt lat="34.052715223758916" lon="108.82993885388626">
        <ele>451.077137330547</ele>
        <time>2022-03-05T07:42:52Z</time>
      </trkpt>
      <trkpt lat="34.05271971197676" lon="108.83050914986893">
        <ele>451.3975132871419</ele>
        <time>2022-03-05T07:43:00Z</time>
      </trkpt>
      <trkpt lat="34.05271611228513" lon="108.8310801166416">
        <ele>450.56653989944607</ele>
        <time>2022-03-05T07:43:08Z</time>
      </trkpt>
      <trkpt lat="34.052711424414696" lon="108.83164717111073">
        <ele>450.62043224740773</ele>
        <time>2022-03-05T07:43:16Z</time>
      </trkpt>
      <trkpt lat="34.05271257602447" lon="108.83216965325987">
        <ele>450.9907525051385</ele>
        <time>2022-03-05T07:43:24Z</time>
      </trkpt>
      <trkpt lat="34.052714179520166" lon="108.83269322308827">
        <ele>451.7487717214972</ele>
        <time>2022-03-05T07:43:32Z</time>
      </trkpt>
      <trkpt lat="34.05272993737856" lon="108.83324389278351">
        <ele>453.4606782346964</ele>
        <time>2022-03-05T07:43:40Z</time>
      </trkpt>
      <trkpt lat="34.052753320877855" lon="108.83378142985995">
        <ele>454.69154767040163</ele>
        <time>2022-03-05T07:43:48Z</time>
      </trkpt>
      <trkpt lat="34.05279971192613" lon="108.83430509372756">
        <ele>454.3606561962515</ele>
        <time>2022-03-05T07:43:56Z</time>
      </trkpt>
      <trkpt lat="34.052822384868485" lon="108.8347206048005">
        <ele>454.97519730962813</ele>
        <time>2022-03-05T07:44:02Z</time>
      </trkpt>
      <trkpt lat="34.05288956494331" lon="108.83532010322799">
        <ele>454.63401919975877</ele>
        <time>2022-03-05T07:44:10Z</time>
      </trkpt>
      <trkpt lat="34.05297330927651" lon="108.83588837731945">
        <ele>454.72258433606476</ele>
        <time>2022-03-05T07:44:18Z</time>
      </trkpt>
      <trkpt lat="34.05307355492997" lon="108.83645216713599">
        <ele>454.6638878742233</ele>
        <time>2022-03-05T07:44:26Z</time>
      </trkpt>
      <trkpt lat="34.05320473411098" lon="108.83702165856324">
        <ele>455.80095807556063</ele>
        <time>2022-03-05T07:44:34Z</time>
      </trkpt>
      <trkpt lat="34.05333756336253" lon="108.83758789218079">
        <ele>455.128225563094</ele>
        <time>2022-03-05T07:44:42Z</time>
      </trkpt>
      <trkpt lat="34.053489738076884" lon="108.83816222183464">
        <ele>454.46089954301715</ele>
        <time>2022-03-05T07:44:50Z</time>
      </trkpt>
      <trkpt lat="34.053659396825324" lon="108.83871209634206">
        <ele>454.683493767865</ele>
        <time>2022-03-05T07:44:58Z</time>
      </trkpt>
      <trkpt lat="34.053849005738364" lon="108.83927576533426">
        <ele>454.5895451530814</ele>
        <time>2022-03-05T07:45:06Z</time>
      </trkpt>
      <trkpt lat="34.05405095555905" lon="108.8398175979975">
        <ele>453.88434386998415</ele>
        <time>2022-03-05T07:45:14Z</time>
      </trkpt>
      <trkpt lat="34.054264865947765" lon="108.84032613835744">
        <ele>454.79607000853866</ele>
        <time>2022-03-05T07:45:22Z</time>
      </trkpt>
      <trkpt lat="34.05448790286157" lon="108.84082973374397">
        <ele>454.7924990253523</ele>
        <time>2022-03-05T07:45:30Z</time>
      </trkpt>
      <trkpt lat="34.05472709923879" lon="108.84132115614825">
        <ele>455.25358103215694</ele>
        <time>2022-03-05T07:45:38Z</time>
      </trkpt>
      <trkpt lat="34.054966858329095" lon="108.84179582497384">
        <ele>455.1483453027904</ele>
        <time>2022-03-05T07:45:46Z</time>
      </trkpt>
      <trkpt lat="34.0552784028801" lon="108.84229669666479">
        <ele>456.70549803134054</ele>
        <time>2022-03-05T07:45:55Z</time>
      </trkpt>
      <trkpt lat="34.05553381329001" lon="108.84279024799648">
        <ele>459.3228367548436</ele>
        <time>2022-03-05T07:46:03Z</time>
      </trkpt>
      <trkpt lat="34.05578387400495" lon="108.84323516890835">
        <ele>459.50373023655266</ele>
        <time>2022-03-05T07:46:10Z</time>
      </trkpt>
      <trkpt lat="34.056050043898956" lon="108.84374029938375">
        <ele>458.9192975219339</ele>
        <time>2022-03-05T07:46:18Z</time>
      </trkpt>
      <trkpt lat="34.05633191720322" lon="108.84425338134261">
        <ele>459.5391084551811</ele>
        <time>2022-03-05T07:46:26Z</time>
      </trkpt>
      <trkpt lat="34.056620102591324" lon="108.84476865928538">
        <ele>459.52437828853726</ele>
        <time>2022-03-05T07:46:34Z</time>
      </trkpt>
      <trkpt lat="34.056897283378646" lon="108.84527147417334">
        <ele>458.7133926516399</ele>
        <time>2022-03-05T07:46:42Z</time>
      </trkpt>
      <trkpt lat="34.05716956701968" lon="108.84578521226685">
        <ele>459.15182333718985</ele>
        <time>2022-03-05T07:46:50Z</time>
      </trkpt>
      <trkpt lat="34.057439850114356" lon="108.84628634469601">
        <ele>459.31481574848294</ele>
        <time>2022-03-05T07:46:58Z</time>
      </trkpt>
      <trkpt lat="34.05771820196522" lon="108.84678833344748">
        <ele>459.6538747595623</ele>
        <time>2022-03-05T07:47:06Z</time>
      </trkpt>
      <trkpt lat="34.058006702384105" lon="108.84729538837942">
        <ele>461.43939865846187</ele>
        <time>2022-03-05T07:47:14Z</time>
      </trkpt>
      <trkpt lat="34.058283238723256" lon="108.84779272919305">
        <ele>461.62771658506244</ele>
        <time>2022-03-05T07:47:22Z</time>
      </trkpt>
      <trkpt lat="34.058519490378174" lon="108.84816323239524">
        <ele>462.8569027176127</ele>
        <time>2022-03-05T07:47:28Z</time>
      </trkpt>
      <trkpt lat="34.05878283199568" lon="108.84866104732767">
        <ele>461.64528282824904</ele>
        <time>2022-03-05T07:47:36Z</time>
      </trkpt>
      <trkpt lat="34.05904915611542" lon="108.84911873655699">
        <ele>462.9834688734263</ele>
        <time>2022-03-05T07:47:44Z</time>
      </trkpt>
      <trkpt lat="34.05927686652805" lon="108.84944348219979">
        <ele>463.4828921118751</ele>
        <time>2022-03-05T07:47:50Z</time>
      </trkpt>
      <trkpt lat="34.05955942701095" lon="108.84998182096659">
        <ele>463.80968385282904</ele>
        <time>2022-03-05T07:47:58Z</time>
      </trkpt>
      <trkpt lat="34.059821910091486" lon="108.8505447990651">
        <ele>463.7255320260301</ele>
        <time>2022-03-05T07:48:06Z</time>
      </trkpt>
      <trkpt lat="34.06010999940136" lon="108.85107608124454">
        <ele>463.53976307064295</ele>
        <time>2022-03-05T07:48:14Z</time>
      </trkpt>
      <trkpt lat="34.06041051166618" lon="108.8516417197833">
        <ele>461.0688743311912</ele>
        <time>2022-03-05T07:48:22Z</time>
      </trkpt>
      <trkpt lat="34.060714657789276" lon="108.85222106411805">
        <ele>461.1291082389653</ele>
        <time>2022-03-05T07:48:30Z</time>
      </trkpt>
      <trkpt lat="34.060952155951775" lon="108.85266892196796">
        <ele>462.0532906819135</ele>
        <time>2022-03-05T07:48:36Z</time>
      </trkpt>
      <trkpt lat="34.06126763536593" lon="108.8532386486848">
        <ele>462.7163369972259</ele>
        <time>2022-03-05T07:48:44Z</time>
      </trkpt>
      <trkpt lat="34.06158554360238" lon="108.85381424093252">
        <ele>462.95569187309593</ele>
        <time>2022-03-05T07:48:52Z</time>
      </trkpt>
      <trkpt lat="34.06183291645983" lon="108.85426813043885">
        <ele>463.14843136258423</ele>
        <time>2022-03-05T07:48:58Z</time>
      </trkpt>
      <trkpt lat="34.06216255218779" lon="108.8548337945617">
        <ele>464.34099635947496</ele>
        <time>2022-03-05T07:49:06Z</time>
      </trkpt>
      <trkpt lat="34.06246709709868" lon="108.85539126403496">
        <ele>463.64989713486284</ele>
        <time>2022-03-05T07:49:14Z</time>
      </trkpt>
      <trkpt lat="34.062753235563115" lon="108.85593085332555">
        <ele>463.653195111081</ele>
        <time>2022-03-05T07:49:22Z</time>
      </trkpt>
      <trkpt lat="34.063002483084176" lon="108.8564114024144">
        <ele>464.8165845545009</ele>
        <time>2022-03-05T07:49:30Z</time>
      </trkpt>
      <trkpt lat="34.063076731220804" lon="108.8565306422684">
        <ele>464.0929587613791</ele>
        <time>2022-03-05T07:49:32Z</time>
      </trkpt>
      <trkpt lat="34.063175218877326" lon="108.85681975696588">
        <ele>464.0453922422603</ele>
        <time>2022-03-05T07:49:36Z</time>
      </trkpt>
      <trkpt lat="34.063388758715355" lon="108.85732602439592">
        <ele>463.8486036872491</ele>
        <time>2022-03-05T07:49:44Z</time>
      </trkpt>
      <trkpt lat="34.06357390557449" lon="108.85786140759592">
        <ele>464.21906523033977</ele>
        <time>2022-03-05T07:49:52Z</time>
      </trkpt>
      <trkpt lat="34.06373517245425" lon="108.85841992574414">
        <ele>464.7890570340678</ele>
        <time>2022-03-05T07:50:00Z</time>
      </trkpt>
      <trkpt lat="34.06388119663062" lon="108.85898621128">
        <ele>464.99455221835524</ele>
        <time>2022-03-05T07:50:08Z</time>
      </trkpt>
      <trkpt lat="34.063990471317716" lon="108.85958005004717">
        <ele>466.483924632892</ele>
        <time>2022-03-05T07:50:16Z</time>
      </trkpt>
      <trkpt lat="34.06409182785487" lon="108.86017617839023">
        <ele>467.85550414957106</ele>
        <time>2022-03-05T07:50:24Z</time>
      </trkpt>
      <trkpt lat="34.06413949400003" lon="108.86076325270629">
        <ele>468.8092467142269</ele>
        <time>2022-03-05T07:50:32Z</time>
      </trkpt>
      <trkpt lat="34.06417027753829" lon="108.861341814115">
        <ele>469.1487965602428</ele>
        <time>2022-03-05T07:50:40Z</time>
      </trkpt>
      <trkpt lat="34.06421804564844" lon="108.86187405944534">
        <ele>469.49463066924363</ele>
        <time>2022-03-05T07:50:48Z</time>
      </trkpt>
      <trkpt lat="34.06422474648864" lon="108.86198870451547">
        <ele>469.80085549969226</ele>
        <time>2022-03-05T07:50:50Z</time>
      </trkpt>
      <trkpt lat="34.064176401344135" lon="108.86255071348396">
        <ele>470.021931857802</ele>
        <time>2022-03-05T07:50:58Z</time>
      </trkpt>
      <trkpt lat="34.06412435370496" lon="108.86310238774286">
        <ele>469.32997827604413</ele>
        <time>2022-03-05T07:51:06Z</time>
      </trkpt>
      <trkpt lat="34.06407228171152" lon="108.86363455741038">
        <ele>471.2115307059139</ele>
        <time>2022-03-05T07:51:14Z</time>
      </trkpt>
      <trkpt lat="34.063970751754155" lon="108.86422996277457">
        <ele>471.6714747911319</ele>
        <time>2022-03-05T07:51:22Z</time>
      </trkpt>
      <trkpt lat="34.063867932833205" lon="108.86482471893157">
        <ele>472.4060136284679</ele>
        <time>2022-03-05T07:51:30Z</time>
      </trkpt>
      <trkpt lat="34.0637556318824" lon="108.86538827627932">
        <ele>473.6549700917676</ele>
        <time>2022-03-05T07:51:38Z</time>
      </trkpt>
      <trkpt lat="34.06366177351781" lon="108.86599671588803">
        <ele>475.4960965877399</ele>
        <time>2022-03-05T07:51:46Z</time>
      </trkpt>
      <trkpt lat="34.063562809743985" lon="108.86655749387963">
        <ele>475.72791582439095</ele>
        <time>2022-03-05T07:51:54Z</time>
      </trkpt>
      <trkpt lat="34.063479653296746" lon="108.8671279951695">
        <ele>476.11999506130815</ele>
        <time>2022-03-05T07:52:02Z</time>
      </trkpt>
      <trkpt lat="34.06337060725939" lon="108.86768625931484">
        <ele>476.487169040367</ele>
        <time>2022-03-05T07:52:10Z</time>
      </trkpt>
      <trkpt lat="34.06326516059312" lon="108.86821294119883">
        <ele>476.0612105457112</ele>
        <time>2022-03-05T07:52:18Z</time>
      </trkpt>
      <trkpt lat="34.0631602777861" lon="108.86879979041191">
        <ele>476.4265131140128</ele>
        <time>2022-03-05T07:52:26Z</time>
      </trkpt>
      <trkpt lat="34.0630698929638" lon="108.86937321963451">
        <ele>477.4352839458734</ele>
        <time>2022-03-05T07:52:34Z</time>
      </trkpt>
      <trkpt lat="34.062972170709294" lon="108.86993234245266">
        <ele>479.25204978790134</ele>
        <time>2022-03-05T07:52:42Z</time>
      </trkpt>
      <trkpt lat="34.06287872633636" lon="108.87049505845579">
        <ele>480.25608911458403</ele>
        <time>2022-03-05T07:52:50Z</time>
      </trkpt>
      <trkpt lat="34.062768957985554" lon="108.87109356911617">
        <ele>479.96986948885024</ele>
        <time>2022-03-05T07:52:58Z</time>
      </trkpt>
      <trkpt lat="34.06267213876782" lon="108.87166974198622">
        <ele>480.4655012926087</ele>
        <time>2022-03-05T07:53:06Z</time>
      </trkpt>
      <trkpt lat="34.06262283595974" lon="108.87195807332397">
        <ele>480.4212588518858</ele>
        <time>2022-03-05T07:53:10Z</time>
      </trkpt>
      <trkpt lat="34.06253475090329" lon="108.87253186808151">
        <ele>480.0661343196407</ele>
        <time>2022-03-05T07:53:18Z</time>
      </trkpt>
      <trkpt lat="34.06242192333429" lon="108.87311821334488">
        <ele>480.4958748202771</ele>
        <time>2022-03-05T07:53:26Z</time>
      </trkpt>
      <trkpt lat="34.06235652403876" lon="108.87355014989652">
        <ele>481.5831583533436</ele>
        <time>2022-03-05T07:53:32Z</time>
      </trkpt>
      <trkpt lat="34.06231964890083" lon="108.87370013158068">
        <ele>482.150863009505</ele>
        <time>2022-03-05T07:53:34Z</time>
      </trkpt>
      <trkpt lat="34.06221972148842" lon="108.87428943915795">
        <ele>483.1754755685106</ele>
        <time>2022-03-05T07:53:42Z</time>
      </trkpt>
      <trkpt lat="34.06212375450222" lon="108.87487535934248">
        <ele>483.89174538385123</ele>
        <time>2022-03-05T07:53:50Z</time>
      </trkpt>
      <trkpt lat="34.062028732204475" lon="108.87545804445499">
        <ele>485.77058624848723</ele>
        <time>2022-03-05T07:53:58Z</time>
      </trkpt>
      <trkpt lat="34.06190672495722" lon="108.8760994780991">
        <ele>485.34824001789093</ele>
        <time>2022-03-05T07:54:06Z</time>
      </trkpt>
      <trkpt lat="34.061796674511704" lon="108.8767164750521">
        <ele>485.71433652285486</ele>
        <time>2022-03-05T07:54:14Z</time>
      </trkpt>
      <trkpt lat="34.061691301899195" lon="108.87734560016597">
        <ele>486.910268580541</ele>
        <time>2022-03-05T07:54:22Z</time>
      </trkpt>
      <trkpt lat="34.0615785937994" lon="108.87800119054192">
        <ele>487.43082788586617</ele>
        <time>2022-03-05T07:54:30Z</time>
      </trkpt>
      <trkpt lat="34.06146785494715" lon="108.87864200848097">
        <ele>487.4115463560447</ele>
        <time>2022-03-05T07:54:38Z</time>
      </trkpt>
      <trkpt lat="34.061365132259866" lon="108.87929504872099">
        <ele>487.4485462028533</ele>
        <time>2022-03-05T07:54:46Z</time>
      </trkpt>
      <trkpt lat="34.061255015281965" lon="108.87995652861655">
        <ele>488.38271302729845</ele>
        <time>2022-03-05T07:54:54Z</time>
      </trkpt>
      <trkpt lat="34.06117523034638" lon="108.88045739296062">
        <ele>487.65778973326087</ele>
        <time>2022-03-05T07:55:00Z</time>
      </trkpt>
      <trkpt lat="34.061105551475684" lon="108.88112527698271">
        <ele>487.9989955108613</ele>
        <time>2022-03-05T07:55:08Z</time>
      </trkpt>
      <trkpt lat="34.06104816947273" lon="108.8817584229668">
        <ele>487.65600306447595</ele>
        <time>2022-03-05T07:55:16Z</time>
      </trkpt>
      <trkpt lat="34.06100329860252" lon="108.88243156280471">
        <ele>487.8826686842367</ele>
        <time>2022-03-05T07:55:24Z</time>
      </trkpt>
      <trkpt lat="34.06098238895819" lon="108.88309989474945">
        <ele>487.49402523599565</ele>
        <time>2022-03-05T07:55:32Z</time>
      </trkpt>
      <trkpt lat="34.06099997345771" lon="108.88376842162019">
        <ele>487.922906300053</ele>
        <time>2022-03-05T07:55:40Z</time>
      </trkpt>
      <trkpt lat="34.061066439331476" lon="108.88423821547394">
        <ele>488.27479527518153</ele>
        <time>2022-03-05T07:55:50Z</time>
      </trkpt>
      <trkpt lat="34.06103970243108" lon="108.8844412070338">
        <ele>488.41274730302393</ele>
        <time>2022-03-05T07:55:54Z</time>
      </trkpt>
      <trkpt lat="34.061076673966504" lon="108.88502535080634">
        <ele>487.98426036629826</ele>
        <time>2022-03-05T07:56:04Z</time>
      </trkpt>
      <trkpt lat="34.06113356850485" lon="108.88562191752877">
        <ele>488.1530861807987</ele>
        <time>2022-03-05T07:56:12Z</time>
      </trkpt>
      <trkpt lat="34.061222586587206" lon="108.88622654800433">
        <ele>488.33129276894033</ele>
        <time>2022-03-05T07:56:20Z</time>
      </trkpt>
      <trkpt lat="34.06131647725306" lon="108.88685565390047">
        <ele>488.38308309484273</ele>
        <time>2022-03-05T07:56:28Z</time>
      </trkpt>
      <trkpt lat="34.06140839476436" lon="108.88747975698514">
        <ele>488.44910703692585</ele>
        <time>2022-03-05T07:56:36Z</time>
      </trkpt>
      <trkpt lat="34.06150155387328" lon="108.88806514322096">
        <ele>488.69224725384265</ele>
        <time>2022-03-05T07:56:44Z</time>
      </trkpt>
      <trkpt lat="34.06158965923477" lon="108.88849246731809">
        <ele>489.26391230523586</ele>
        <time>2022-03-05T07:56:50Z</time>
      </trkpt>
      <trkpt lat="34.06167436854551" lon="108.8891160140227">
        <ele>489.1966023426503</ele>
        <time>2022-03-05T07:56:58Z</time>
      </trkpt>
      <trkpt lat="34.061757657244385" lon="108.88968828951589">
        <ele>490.0181481381878</ele>
        <time>2022-03-05T07:57:06Z</time>
      </trkpt>
      <trkpt lat="34.06180246540473" lon="108.89006592658538">
        <ele>489.3214832916856</ele>
        <time>2022-03-05T07:57:12Z</time>
      </trkpt>
      <trkpt lat="34.061798489800935" lon="108.89017425498997">
        <ele>490.0371447978541</ele>
        <time>2022-03-05T07:57:14Z</time>
      </trkpt>
      <trkpt lat="34.06186525074568" lon="108.8904259502101">
        <ele>489.7378985984251</ele>
        <time>2022-03-05T07:57:20Z</time>
      </trkpt>
      <trkpt lat="34.06190706412025" lon="108.89065844131167">
        <ele>491.29761139303446</ele>
        <time>2022-03-05T07:57:36Z</time>
      </trkpt>
      <trkpt lat="34.061951402356435" lon="108.8908791778012">
        <ele>491.74441295769066</ele>
        <time>2022-03-05T07:57:51Z</time>
      </trkpt>
      <trkpt lat="34.062047837315205" lon="108.89152550305435">
        <ele>491.883564199321</ele>
        <time>2022-03-05T07:58:01Z</time>
      </trkpt>
      <trkpt lat="34.06211961506995" lon="108.89209975683994">
        <ele>492.6251783091575</ele>
        <time>2022-03-05T07:58:09Z</time>
      </trkpt>
      <trkpt lat="34.06219861904634" lon="108.89265268892176">
        <ele>492.5403445577249</ele>
        <time>2022-03-05T07:58:17Z</time>
      </trkpt>
      <trkpt lat="34.06228110196092" lon="108.89325817844811">
        <ele>492.00494695082307</ele>
        <time>2022-03-05T07:58:25Z</time>
      </trkpt>
      <trkpt lat="34.062356146191114" lon="108.89390039439047">
        <ele>491.5976229738444</ele>
        <time>2022-03-05T07:58:33Z</time>
      </trkpt>
      <trkpt lat="34.062375058167774" lon="108.89406758372576">
        <ele>491.1404213272035</ele>
        <time>2022-03-05T07:58:35Z</time>
      </trkpt>
      <trkpt lat="34.06242787791344" lon="108.8946518990613">
        <ele>491.06555084045976</ele>
        <time>2022-03-05T07:58:42Z</time>
      </trkpt>
      <trkpt lat="34.06249072420543" lon="108.89531799151321">
        <ele>491.22762044519186</ele>
        <time>2022-03-05T07:58:50Z</time>
      </trkpt>
      <trkpt lat="34.062529747384616" lon="108.89599500718661">
        <ele>490.96583542972803</ele>
        <time>2022-03-05T07:58:58Z</time>
      </trkpt>
      <trkpt lat="34.06255724022574" lon="108.89665692217358">
        <ele>490.8799441885203</ele>
        <time>2022-03-05T07:59:06Z</time>
      </trkpt>
      <trkpt lat="34.06255686848143" lon="108.89730945431621">
        <ele>490.75124930776656</ele>
        <time>2022-03-05T07:59:14Z</time>
      </trkpt>
      <trkpt lat="34.062563937703196" lon="108.89796728707975">
        <ele>491.5644626589492</ele>
        <time>2022-03-05T07:59:22Z</time>
      </trkpt>
      <trkpt lat="34.062538554666794" lon="108.89857236227066">
        <ele>492.20613368041813</ele>
        <time>2022-03-05T07:59:30Z</time>
      </trkpt>
      <trkpt lat="34.0625030599277" lon="108.89920748283691">
        <ele>492.45415906608105</ele>
        <time>2022-03-05T07:59:38Z</time>
      </trkpt>
      <trkpt lat="34.062457989222025" lon="108.89981656966137">
        <ele>493.46779374964535</ele>
        <time>2022-03-05T07:59:46Z</time>
      </trkpt>
      <trkpt lat="34.06239046238929" lon="108.9004309030251">
        <ele>493.1990153323859</ele>
        <time>2022-03-05T07:59:54Z</time>
      </trkpt>
      <trkpt lat="34.0623070061382" lon="108.90107489656444">
        <ele>492.73612969741225</ele>
        <time>2022-03-05T08:00:02Z</time>
      </trkpt>
      <trkpt lat="34.06221842736725" lon="108.9016921604887">
        <ele>492.88613322470337</ele>
        <time>2022-03-05T08:00:10Z</time>
      </trkpt>
      <trkpt lat="34.06210795807079" lon="108.9023061962238">
        <ele>493.7147922469303</ele>
        <time>2022-03-05T08:00:18Z</time>
      </trkpt>
      <trkpt lat="34.06198945311237" lon="108.90291963318461">
        <ele>494.1664725858718</ele>
        <time>2022-03-05T08:00:26Z</time>
      </trkpt>
      <trkpt lat="34.061869794208356" lon="108.90354132802996">
        <ele>496.1124871596694</ele>
        <time>2022-03-05T08:00:34Z</time>
      </trkpt>
      <trkpt lat="34.06176133112251" lon="108.90396381653211">
        <ele>496.2018593605608</ele>
        <time>2022-03-05T08:00:40Z</time>
      </trkpt>
      <trkpt lat="34.06159689839364" lon="108.9045293814548">
        <ele>496.9886719053611</ele>
        <time>2022-03-05T08:00:48Z</time>
      </trkpt>
      <trkpt lat="34.06142136632579" lon="108.90511849777992">
        <ele>497.33942522574216</ele>
        <time>2022-03-05T08:00:56Z</time>
      </trkpt>
      <trkpt lat="34.06123063060127" lon="108.9056996204329">
        <ele>497.108585126698</ele>
        <time>2022-03-05T08:01:04Z</time>
      </trkpt>
      <trkpt lat="34.06102880769164" lon="108.90628361341541">
        <ele>498.841512597166</ele>
        <time>2022-03-05T08:01:12Z</time>
      </trkpt>
      <trkpt lat="34.060803591868456" lon="108.90688800985947">
        <ele>498.5842984840274</ele>
        <time>2022-03-05T08:01:20Z</time>
      </trkpt>
      <trkpt lat="34.06056621942062" lon="108.90747035865873">
        <ele>498.41317619848996</ele>
        <time>2022-03-05T08:01:28Z</time>
      </trkpt>
      <trkpt lat="34.060300739022445" lon="108.90807554122566">
        <ele>498.3463013069704</ele>
        <time>2022-03-05T08:01:36Z</time>
      </trkpt>
      <trkpt lat="34.06004167305873" lon="108.90865786732398">
        <ele>498.7893668888137</ele>
        <time>2022-03-05T08:01:44Z</time>
      </trkpt>
      <trkpt lat="34.05976621876701" lon="108.90921737566163">
        <ele>498.27956509869546</ele>
        <time>2022-03-05T08:01:52Z</time>
      </trkpt>
      <trkpt lat="34.05945454413748" lon="108.9097672099528">
        <ele>498.4884945517406</ele>
        <time>2022-03-05T08:02:00Z</time>
      </trkpt>
      <trkpt lat="34.059157351890484" lon="108.91029296822032">
        <ele>498.5845253802836</ele>
        <time>2022-03-05T08:02:08Z</time>
      </trkpt>
      <trkpt lat="34.05885471304459" lon="108.91079355254399">
        <ele>498.8371066804975</ele>
        <time>2022-03-05T08:02:16Z</time>
      </trkpt>
      <trkpt lat="34.05853470556365" lon="108.91129180688624">
        <ele>499.1759491683915</ele>
        <time>2022-03-05T08:02:24Z</time>
      </trkpt>
      <trkpt lat="34.05829652613703" lon="108.911672577825">
        <ele>500.2229513088241</ele>
        <time>2022-03-05T08:02:30Z</time>
      </trkpt>
      <trkpt lat="34.05793625430759" lon="108.912171917045">
        <ele>500.110814537853</ele>
        <time>2022-03-05T08:02:38Z</time>
      </trkpt>
      <trkpt lat="34.05759816174983" lon="108.91266234735737">
        <ele>500.6545637100935</ele>
        <time>2022-03-05T08:02:46Z</time>
      </trkpt>
      <trkpt lat="34.057254579892195" lon="108.91312532757865">
        <ele>500.8557634940371</ele>
        <time>2022-03-05T08:02:54Z</time>
      </trkpt>
      <trkpt lat="34.05689693707986" lon="108.9135789603143">
        <ele>501.3929329859093</ele>
        <time>2022-03-05T08:03:02Z</time>
      </trkpt>
      <trkpt lat="34.056580097715305" lon="108.91402469599618">
        <ele>501.486318805255</ele>
        <time>2022-03-05T08:03:10Z</time>
      </trkpt>
      <trkpt lat="34.05626688434196" lon="108.91446682862714">
        <ele>502.88748636934906</ele>
        <time>2022-03-05T08:03:18Z</time>
      </trkpt>
      <trkpt lat="34.05596340525505" lon="108.91487554170268">
        <ele>504.04724358487874</ele>
        <time>2022-03-05T08:03:26Z</time>
      </trkpt>
      <trkpt lat="34.05565292054015" lon="108.91530364978732">
        <ele>504.7065097996965</ele>
        <time>2022-03-05T08:03:34Z</time>
      </trkpt>
      <trkpt lat="34.05541488741322" lon="108.91566372296067">
        <ele>506.1146420650184</ele>
        <time>2022-03-05T08:03:42Z</time>
      </trkpt>
      <trkpt lat="34.055041117481174" lon="108.91613099789859">
        <ele>506.95831358991563</ele>
        <time>2022-03-05T08:03:52Z</time>
      </trkpt>
      <trkpt lat="34.0549884279767" lon="108.91625601800949">
        <ele>506.3700844757259</ele>
        <time>2022-03-05T08:03:54Z</time>
      </trkpt>
      <trkpt lat="34.05491272843693" lon="108.91635971688254">
        <ele>507.2702986430377</ele>
        <time>2022-03-05T08:03:56Z</time>
      </trkpt>
      <trkpt lat="34.05481669943168" lon="108.9164548978412">
        <ele>508.71776300203055</ele>
        <time>2022-03-05T08:03:58Z</time>
      </trkpt>
      <trkpt lat="34.05449643553885" lon="108.91688736392315">
        <ele>508.82871600985527</ele>
        <time>2022-03-05T08:04:06Z</time>
      </trkpt>
      <trkpt lat="34.05417001549101" lon="108.91732730686755">
        <ele>509.06480958592147</ele>
        <time>2022-03-05T08:04:14Z</time>
      </trkpt>
      <trkpt lat="34.05384713980029" lon="108.91776583902522">
        <ele>509.44672279339284</ele>
        <time>2022-03-05T08:04:22Z</time>
      </trkpt>
      <trkpt lat="34.05348453888973" lon="108.91825258565125">
        <ele>509.4291021646932</ele>
        <time>2022-03-05T08:04:31Z</time>
      </trkpt>
      <trkpt lat="34.053160809150235" lon="108.91868962752127">
        <ele>510.87086782511324</ele>
        <time>2022-03-05T08:04:39Z</time>
      </trkpt>
      <trkpt lat="34.05284668022" lon="108.91913357039445">
        <ele>512.9492390463129</ele>
        <time>2022-03-05T08:04:47Z</time>
      </trkpt>
      <trkpt lat="34.05252746566102" lon="108.9195901825893">
        <ele>512.384140455164</ele>
        <time>2022-03-05T08:04:55Z</time>
      </trkpt>
      <trkpt lat="34.05225766743097" lon="108.91999692289808">
        <ele>511.87655362766236</ele>
        <time>2022-03-05T08:05:02Z</time>
      </trkpt>
      <trkpt lat="34.05195387102707" lon="108.92045612120434">
        <ele>512.0718652727082</ele>
        <time>2022-03-05T08:05:10Z</time>
      </trkpt>
      <trkpt lat="34.05167750474202" lon="108.92093686670997">
        <ele>513.1405470790341</ele>
        <time>2022-03-05T08:05:18Z</time>
      </trkpt>
      <trkpt lat="34.051397834579596" lon="108.92143181742412">
        <ele>513.6243266668171</ele>
        <time>2022-03-05T08:05:26Z</time>
      </trkpt>
      <trkpt lat="34.05113955574192" lon="108.92193528274663">
        <ele>513.5540438601747</ele>
        <time>2022-03-05T08:05:34Z</time>
      </trkpt>
      <trkpt lat="34.05088843162565" lon="108.92246222948773">
        <ele>513.3841843670234</ele>
        <time>2022-03-05T08:05:42Z</time>
      </trkpt>
      <trkpt lat="34.050849324930326" lon="108.92261277214847">
        <ele>513.8098502857611</ele>
        <time>2022-03-05T08:05:44Z</time>
      </trkpt>
      <trkpt lat="34.050769177754674" lon="108.92273178582047">
        <ele>513.3809871934354</ele>
        <time>2022-03-05T08:05:46Z</time>
      </trkpt>
      <trkpt lat="34.0505389223566" lon="108.92327670910703">
        <ele>514.8297686399892</ele>
        <time>2022-03-05T08:05:54Z</time>
      </trkpt>
      <trkpt lat="34.050337243538436" lon="108.9238234822748">
        <ele>515.51502568461</ele>
        <time>2022-03-05T08:06:02Z</time>
      </trkpt>
      <trkpt lat="34.050154976438456" lon="108.92434896924344">
        <ele>515.7716578701511</ele>
        <time>2022-03-05T08:06:10Z</time>
      </trkpt>
      <trkpt lat="34.05000188376883" lon="108.92490462115938">
        <ele>516.6999450270087</ele>
        <time>2022-03-05T08:06:18Z</time>
      </trkpt>
      <trkpt lat="34.04985354911619" lon="108.92548130083763">
        <ele>517.0219944259152</ele>
        <time>2022-03-05T08:06:26Z</time>
      </trkpt>
      <trkpt lat="34.049704169893765" lon="108.9260497270011">
        <ele>517.2193542402238</ele>
        <time>2022-03-05T08:06:34Z</time>
      </trkpt>
      <trkpt lat="34.0495828176895" lon="108.92665420286836">
        <ele>517.2556917043403</ele>
        <time>2022-03-05T08:06:42Z</time>
      </trkpt>
      <trkpt lat="34.04948288163777" lon="108.92725411343491">
        <ele>517.7729569701478</ele>
        <time>2022-03-05T08:06:50Z</time>
      </trkpt>
      <trkpt lat="34.04939809775845" lon="108.92787157964757">
        <ele>518.5358273088932</ele>
        <time>2022-03-05T08:06:58Z</time>
      </trkpt>
      <trkpt lat="34.049356858215084" lon="108.92817100762272">
        <ele>517.9971919059753</ele>
        <time>2022-03-05T08:07:02Z</time>
      </trkpt>
      <trkpt lat="34.049306534568444" lon="108.92880943696645">
        <ele>517.8940539285541</ele>
        <time>2022-03-05T08:07:10Z</time>
      </trkpt>
      <trkpt lat="34.04925664643403" lon="108.92946540660199">
        <ele>517.3345677768812</ele>
        <time>2022-03-05T08:07:18Z</time>
      </trkpt>
      <trkpt lat="34.049249571202" lon="108.93006927204368">
        <ele>516.4802204295993</ele>
        <time>2022-03-05T08:07:26Z</time>
      </trkpt>
      <trkpt lat="34.04918563525581" lon="108.93072080875108">
        <ele>516.9243096122518</ele>
        <time>2022-03-05T08:07:36Z</time>
      </trkpt>
      <trkpt lat="34.049150284761375" lon="108.9313859936014">
        <ele>517.058669728227</ele>
        <time>2022-03-05T08:07:44Z</time>
      </trkpt>
      <trkpt lat="34.049116004077696" lon="108.93207314140727">
        <ele>516.7407623827457</ele>
        <time>2022-03-05T08:07:52Z</time>
      </trkpt>
      <trkpt lat="34.04907500686052" lon="108.93274312411752">
        <ele>516.7254794519395</ele>
        <time>2022-03-05T08:08:00Z</time>
      </trkpt>
      <trkpt lat="34.04905402121838" lon="108.93341021850898">
        <ele>517.25501173269</ele>
        <time>2022-03-05T08:08:08Z</time>
      </trkpt>
      <trkpt lat="34.04901708183155" lon="108.93407857240014">
        <ele>516.3269044682384</ele>
        <time>2022-03-05T08:08:16Z</time>
      </trkpt>
      <trkpt lat="34.048984849973124" lon="108.93476160251173">
        <ele>516.1615651622415</ele>
        <time>2022-03-05T08:08:24Z</time>
      </trkpt>
      <trkpt lat="34.04895270939871" lon="108.93543216367881">
        <ele>516.0775117008016</ele>
        <time>2022-03-05T08:08:32Z</time>
      </trkpt>
      <trkpt lat="34.04892705266855" lon="108.93605902974247">
        <ele>516.3507921043783</ele>
        <time>2022-03-05T08:08:40Z</time>
      </trkpt>
      <trkpt lat="34.04889557742152" lon="108.93632990051842">
        <ele>516.3991713551804</ele>
        <time>2022-03-05T08:08:46Z</time>
      </trkpt>
      <trkpt lat="34.04893390575869" lon="108.93640697887831">
        <ele>516.7661285800859</ele>
        <time>2022-03-05T08:08:54Z</time>
      </trkpt>
      <trkpt lat="34.04896524812784" lon="108.93631764957749">
        <ele>517.228564068675</ele>
        <time>2022-03-05T08:08:58Z</time>
      </trkpt>
      <trkpt lat="34.04906990482541" lon="108.93620549193751">
        <ele>517.2575124399737</ele>
        <time>2022-03-05T08:09:02Z</time>
      </trkpt>
      <trkpt lat="34.049558940402854" lon="108.93622347933292">
        <ele>515.4012387432158</ele>
        <time>2022-03-05T08:09:10Z</time>
      </trkpt>
      <trkpt lat="34.050002189968495" lon="108.93625198409909">
        <ele>514.9481115192175</ele>
        <time>2022-03-05T08:09:16Z</time>
      </trkpt>
      <trkpt lat="34.050491152714386" lon="108.936309362403">
        <ele>513.5548858661205</ele>
        <time>2022-03-05T08:09:22Z</time>
      </trkpt>
      <trkpt lat="34.051006428754114" lon="108.93635982759487">
        <ele>512.2509373547509</ele>
        <time>2022-03-05T08:09:28Z</time>
      </trkpt>
      <trkpt lat="34.05146331248987" lon="108.93636510335035">
        <ele>510.56778993923217</ele>
        <time>2022-03-05T08:09:34Z</time>
      </trkpt>
      <trkpt lat="34.05169786266377" lon="108.93635537058108">
        <ele>510.48634400591254</ele>
        <time>2022-03-05T08:09:40Z</time>
      </trkpt>
      <trkpt lat="34.05215912676898" lon="108.93641574300507">
        <ele>508.64987744484097</ele>
        <time>2022-03-05T08:09:48Z</time>
      </trkpt>
      <trkpt lat="34.05273784472977" lon="108.93645108569379">
        <ele>507.78293611388654</ele>
        <time>2022-03-05T08:09:56Z</time>
      </trkpt>
      <trkpt lat="34.05325137601908" lon="108.93646557781102">
        <ele>506.8498620474711</ele>
        <time>2022-03-05T08:10:02Z</time>
      </trkpt>
      <trkpt lat="34.05379599504666" lon="108.93645281061872">
        <ele>505.17662447690964</ele>
        <time>2022-03-05T08:10:08Z</time>
      </trkpt>
      <trkpt lat="34.0543323989376" lon="108.93643935462381">
        <ele>503.63202150166035</ele>
        <time>2022-03-05T08:10:14Z</time>
      </trkpt>
      <trkpt lat="34.05485809655433" lon="108.93641060231997">
        <ele>502.8009629752487</ele>
        <time>2022-03-05T08:10:20Z</time>
      </trkpt>
      <trkpt lat="34.05539264965057" lon="108.9363667650085">
        <ele>501.38936764840037</ele>
        <time>2022-03-05T08:10:26Z</time>
      </trkpt>
      <trkpt lat="34.055926006162174" lon="108.93630902468756">
        <ele>500.94995296094567</ele>
        <time>2022-03-05T08:10:32Z</time>
      </trkpt>
      <trkpt lat="34.056480751508424" lon="108.9362641533953">
        <ele>499.83940071519464</ele>
        <time>2022-03-05T08:10:38Z</time>
      </trkpt>
      <trkpt lat="34.05702580150073" lon="108.93620910029736">
        <ele>499.100991031155</ele>
        <time>2022-03-05T08:10:44Z</time>
      </trkpt>
      <trkpt lat="34.05757385769948" lon="108.93615167525459">
        <ele>497.5457451483235</ele>
        <time>2022-03-05T08:10:50Z</time>
      </trkpt>
      <trkpt lat="34.05812287837536" lon="108.9360887962026">
        <ele>495.6655929554254</ele>
        <time>2022-03-05T08:10:56Z</time>
      </trkpt>
      <trkpt lat="34.05869445672475" lon="108.93605387482295">
        <ele>495.1707897884771</ele>
        <time>2022-03-05T08:11:02Z</time>
      </trkpt>
      <trkpt lat="34.05925875005488" lon="108.93600422355533">
        <ele>495.1057773968205</ele>
        <time>2022-03-05T08:11:08Z</time>
      </trkpt>
      <trkpt lat="34.05982474050864" lon="108.93594980494737">
        <ele>494.2200563773513</ele>
        <time>2022-03-05T08:11:14Z</time>
      </trkpt>
      <trkpt lat="34.06038795619089" lon="108.93589767405105">
        <ele>493.2032459480688</ele>
        <time>2022-03-05T08:11:20Z</time>
      </trkpt>
      <trkpt lat="34.060951884942874" lon="108.93583258091306">
        <ele>491.8332210369408</ele>
        <time>2022-03-05T08:11:26Z</time>
      </trkpt>
      <trkpt lat="34.06151286328463" lon="108.93577747160913">
        <ele>490.79225875996053</ele>
        <time>2022-03-05T08:11:32Z</time>
      </trkpt>
      <trkpt lat="34.06191233406313" lon="108.93575234869363">
        <ele>489.4316434552893</ele>
        <time>2022-03-05T08:11:36Z</time>
      </trkpt>
      <trkpt lat="34.062485194692044" lon="108.93569363156341">
        <ele>488.82165520545095</ele>
        <time>2022-03-05T08:11:42Z</time>
      </trkpt>
      <trkpt lat="34.06305284127965" lon="108.93565719261686">
        <ele>488.5513627445325</ele>
        <time>2022-03-05T08:11:48Z</time>
      </trkpt>
      <trkpt lat="34.06360252212498" lon="108.93561352264066">
        <ele>486.94643045403063</ele>
        <time>2022-03-05T08:11:54Z</time>
      </trkpt>
      <trkpt lat="34.06415003881732" lon="108.935570383929">
        <ele>484.79082164447755</ele>
        <time>2022-03-05T08:12:00Z</time>
      </trkpt>
      <trkpt lat="34.06470298888551" lon="108.93552291378882">
        <ele>483.6053537512198</ele>
        <time>2022-03-05T08:12:06Z</time>
      </trkpt>
      <trkpt lat="34.06525609146714" lon="108.93546577464798">
        <ele>484.41927720978856</ele>
        <time>2022-03-05T08:12:12Z</time>
      </trkpt>
      <trkpt lat="34.06581634068508" lon="108.93541722287831">
        <ele>484.232066876255</ele>
        <time>2022-03-05T08:12:18Z</time>
      </trkpt>
      <trkpt lat="34.06636832561646" lon="108.93537160648845">
        <ele>483.2659028088674</ele>
        <time>2022-03-05T08:12:24Z</time>
      </trkpt>
      <trkpt lat="34.06691658522203" lon="108.93531419308913">
        <ele>481.40830874536186</ele>
        <time>2022-03-05T08:12:30Z</time>
      </trkpt>
      <trkpt lat="34.067459645140964" lon="108.93526973612214">
        <ele>481.0018052607775</ele>
        <time>2022-03-05T08:12:36Z</time>
      </trkpt>
      <trkpt lat="34.06802697508468" lon="108.93521933268246">
        <ele>480.6282214438543</ele>
        <time>2022-03-05T08:12:42Z</time>
      </trkpt>
      <trkpt lat="34.068595089184114" lon="108.93517231595435">
        <ele>480.14185057394207</ele>
        <time>2022-03-05T08:12:48Z</time>
      </trkpt>
      <trkpt lat="34.06914595822223" lon="108.93512437684039">
        <ele>478.774203020148</ele>
        <time>2022-03-05T08:12:54Z</time>
      </trkpt>
      <trkpt lat="34.06970162004602" lon="108.93507038829664">
        <ele>477.14439631905407</ele>
        <time>2022-03-05T08:13:00Z</time>
      </trkpt>
      <trkpt lat="34.070242555287116" lon="108.93502537240073">
        <ele>475.79163780994713</ele>
        <time>2022-03-05T08:13:06Z</time>
      </trkpt>
      <trkpt lat="34.07078954400382" lon="108.93498731674072">
        <ele>475.3995567690581</ele>
        <time>2022-03-05T08:13:12Z</time>
      </trkpt>
      <trkpt lat="34.07131899253756" lon="108.93493284632001">
        <ele>475.7893483787775</ele>
        <time>2022-03-05T08:13:18Z</time>
      </trkpt>
      <trkpt lat="34.07184682100341" lon="108.93488283478436">
        <ele>475.6475582970306</ele>
        <time>2022-03-05T08:13:24Z</time>
      </trkpt>
      <trkpt lat="34.072377480998185" lon="108.93484073487838">
        <ele>473.2515796329826</ele>
        <time>2022-03-05T08:13:30Z</time>
      </trkpt>
      <trkpt lat="34.07288070131892" lon="108.93479278379816">
        <ele>472.68447861727327</ele>
        <time>2022-03-05T08:13:36Z</time>
      </trkpt>
      <trkpt lat="34.0733649397352" lon="108.93474807748926">
        <ele>472.2588322646916</ele>
        <time>2022-03-05T08:13:42Z</time>
      </trkpt>
      <trkpt lat="34.07379308322005" lon="108.93471458876822">
        <ele>472.04790268465877</ele>
        <time>2022-03-05T08:13:47Z</time>
      </trkpt>
      <trkpt lat="34.07432435584336" lon="108.93465359164105">
        <ele>471.5210976526141</ele>
        <time>2022-03-05T08:13:53Z</time>
      </trkpt>
      <trkpt lat="34.07485072995311" lon="108.93461099056066">
        <ele>469.9426140813157</ele>
        <time>2022-03-05T08:13:59Z</time>
      </trkpt>
      <trkpt lat="34.07538482771494" lon="108.93455764436546">
        <ele>469.1699308929965</ele>
        <time>2022-03-05T08:14:05Z</time>
      </trkpt>
      <trkpt lat="34.07594974593603" lon="108.93452370561712">
        <ele>468.2133365282789</ele>
        <time>2022-03-05T08:14:11Z</time>
      </trkpt>
      <trkpt lat="34.07651069100171" lon="108.93447278863269">
        <ele>467.5843295669183</ele>
        <time>2022-03-05T08:14:17Z</time>
      </trkpt>
      <trkpt lat="34.0770598750194" lon="108.93442423837561">
        <ele>467.9339310117066</ele>
        <time>2022-03-05T08:14:23Z</time>
      </trkpt>
      <trkpt lat="34.07760634761827" lon="108.93437782064011">
        <ele>467.28557184524834</ele>
        <time>2022-03-05T08:14:29Z</time>
      </trkpt>
      <trkpt lat="34.07814234339533" lon="108.93431257502105">
        <ele>467.05128818843514</ele>
        <time>2022-03-05T08:14:35Z</time>
      </trkpt>
      <trkpt lat="34.07868217941464" lon="108.93426276425204">
        <ele>466.73700969293714</ele>
        <time>2022-03-05T08:14:41Z</time>
      </trkpt>
      <trkpt lat="34.07886602257935" lon="108.93423122277775">
        <ele>466.67685938533396</ele>
        <time>2022-03-05T08:14:43Z</time>
      </trkpt>
      <trkpt lat="34.07924268576156" lon="108.93421467916265">
        <ele>464.80724567733705</ele>
        <time>2022-03-05T08:14:47Z</time>
      </trkpt>
      <trkpt lat="34.07943474744513" lon="108.93417559568599">
        <ele>465.2796770799905</ele>
        <time>2022-03-05T08:14:49Z</time>
      </trkpt>
      <trkpt lat="34.079991266123734" lon="108.93413086962529">
        <ele>464.18528325948864</ele>
        <time>2022-03-05T08:14:55Z</time>
      </trkpt>
      <trkpt lat="34.08053751459915" lon="108.93407554147805">
        <ele>463.8983734920621</ele>
        <time>2022-03-05T08:15:01Z</time>
      </trkpt>
      <trkpt lat="34.081073982378015" lon="108.93400528010226">
        <ele>461.8977348431945</ele>
        <time>2022-03-05T08:15:07Z</time>
      </trkpt>
      <trkpt lat="34.08159261996627" lon="108.93391553419723">
        <ele>460.89874675124884</ele>
        <time>2022-03-05T08:15:13Z</time>
      </trkpt>
      <trkpt lat="34.08207892405681" lon="108.93382637444792">
        <ele>462.0466737244278</ele>
        <time>2022-03-05T08:15:19Z</time>
      </trkpt>
      <trkpt lat="34.082600787623086" lon="108.9337324491912">
        <ele>461.540588485077</ele>
        <time>2022-03-05T08:15:25Z</time>
      </trkpt>
      <trkpt lat="34.08306196778859" lon="108.93364774131979">
        <ele>460.7957989182323</ele>
        <time>2022-03-05T08:15:30Z</time>
      </trkpt>
      <trkpt lat="34.08361822698225" lon="108.9335259720623">
        <ele>460.8126129899174</ele>
        <time>2022-03-05T08:15:36Z</time>
      </trkpt>
      <trkpt lat="34.08415770060241" lon="108.93339829358563">
        <ele>460.37085668742657</ele>
        <time>2022-03-05T08:15:42Z</time>
      </trkpt>
      <trkpt lat="34.08451368250188" lon="108.93331340023067">
        <ele>459.56961697433144</ele>
        <time>2022-03-05T08:15:46Z</time>
      </trkpt>
      <trkpt lat="34.085045330875154" lon="108.93319153864257">
        <ele>458.18896792735904</ele>
        <time>2022-03-05T08:15:52Z</time>
      </trkpt>
      <trkpt lat="34.08558076730038" lon="108.93306404445852">
        <ele>458.1123948097229</ele>
        <time>2022-03-05T08:15:58Z</time>
      </trkpt>
      <trkpt lat="34.08611648837433" lon="108.93293725894605">
        <ele>457.716684916988</ele>
        <time>2022-03-05T08:16:04Z</time>
      </trkpt>
      <trkpt lat="34.08664690053827" lon="108.93281305995585">
        <ele>456.83903813082725</ele>
        <time>2022-03-05T08:16:10Z</time>
      </trkpt>
      <trkpt lat="34.08717539672551" lon="108.93269082111556">
        <ele>456.72895310726017</ele>
        <time>2022-03-05T08:16:16Z</time>
      </trkpt>
      <trkpt lat="34.08770873824165" lon="108.93260062512364">
        <ele>455.72657557111233</ele>
        <time>2022-03-05T08:16:22Z</time>
      </trkpt>
      <trkpt lat="34.08824418285083" lon="108.93252502974252">
        <ele>455.29137360770255</ele>
        <time>2022-03-05T08:16:28Z</time>
      </trkpt>
      <trkpt lat="34.08877013620814" lon="108.93247269942142">
        <ele>454.56363584380597</ele>
        <time>2022-03-05T08:16:34Z</time>
      </trkpt>
      <trkpt lat="34.089301568674614" lon="108.93241770196589">
        <ele>452.02416022028774</ele>
        <time>2022-03-05T08:16:40Z</time>
      </trkpt>
      <trkpt lat="34.089830328807075" lon="108.93237814582545">
        <ele>452.79920351784676</ele>
        <time>2022-03-05T08:16:46Z</time>
      </trkpt>
      <trkpt lat="34.09036478544387" lon="108.9323438135977">
        <ele>452.58479937538505</ele>
        <time>2022-03-05T08:16:52Z</time>
      </trkpt>
      <trkpt lat="34.09088427540821" lon="108.93230200713462">
        <ele>452.1616681339219</ele>
        <time>2022-03-05T08:16:58Z</time>
      </trkpt>
      <trkpt lat="34.09140606499524" lon="108.93227494102065">
        <ele>450.9138867938891</ele>
        <time>2022-03-05T08:17:04Z</time>
      </trkpt>
      <trkpt lat="34.09193238481477" lon="108.93222670363907">
        <ele>449.2577513642609</ele>
        <time>2022-03-05T08:17:10Z</time>
      </trkpt>
      <trkpt lat="34.09246357891223" lon="108.93220327338454">
        <ele>448.868467008695</ele>
        <time>2022-03-05T08:17:16Z</time>
      </trkpt>
      <trkpt lat="34.09297766688835" lon="108.93215764655515">
        <ele>449.89427379891276</ele>
        <time>2022-03-05T08:17:22Z</time>
      </trkpt>
      <trkpt lat="34.09348587763054" lon="108.93212414525695">
        <ele>450.3954179342836</ele>
        <time>2022-03-05T08:17:28Z</time>
      </trkpt>
      <trkpt lat="34.09396887444417" lon="108.93209305065821">
        <ele>449.13990026991814</ele>
        <time>2022-03-05T08:17:34Z</time>
      </trkpt>
      <trkpt lat="34.094451539970294" lon="108.93205847928584">
        <ele>449.2517571626231</ele>
        <time>2022-03-05T08:17:40Z</time>
      </trkpt>
      <trkpt lat="34.09492267280138" lon="108.93203290875084">
        <ele>449.62023229524493</ele>
        <time>2022-03-05T08:17:46Z</time>
      </trkpt>
      <trkpt lat="34.09548207995656" lon="108.93201427895718">
        <ele>449.3205238087103</ele>
        <time>2022-03-05T08:17:54Z</time>
      </trkpt>
      <trkpt lat="34.09600946858271" lon="108.9320112791092">
        <ele>450.20924292318523</ele>
        <time>2022-03-05T08:18:02Z</time>
      </trkpt>
      <trkpt lat="34.09653390394975" lon="108.93202387149938">
        <ele>450.1212918255478</ele>
        <time>2022-03-05T08:18:10Z</time>
      </trkpt>
      <trkpt lat="34.09706850768924" lon="108.93206676200484">
        <ele>450.7043629270047</ele>
        <time>2022-03-05T08:18:18Z</time>
      </trkpt>
      <trkpt lat="34.09757335177182" lon="108.93211978923384">
        <ele>451.8163357991725</ele>
        <time>2022-03-05T08:18:26Z</time>
      </trkpt>
      <trkpt lat="34.09807267407739" lon="108.93218019521538">
        <ele>453.05201451759785</ele>
        <time>2022-03-05T08:18:34Z</time>
      </trkpt>
      <trkpt lat="34.09856593238815" lon="108.93225013533086">
        <ele>452.7346278997138</ele>
        <time>2022-03-05T08:18:42Z</time>
      </trkpt>
      <trkpt lat="34.09901163984254" lon="108.93232408431058">
        <ele>453.3353845803067</ele>
        <time>2022-03-05T08:18:50Z</time>
      </trkpt>
      <trkpt lat="34.09941171698733" lon="108.93240757463526">
        <ele>453.49911226984113</ele>
        <time>2022-03-05T08:18:58Z</time>
      </trkpt>
      <trkpt lat="34.09961784009911" lon="108.93247398545665">
        <ele>453.2970539415255</ele>
        <time>2022-03-05T08:19:02Z</time>
      </trkpt>
      <trkpt lat="34.10004690458738" lon="108.93255675410529">
        <ele>453.6840543933213</ele>
        <time>2022-03-05T08:19:10Z</time>
      </trkpt>
      <trkpt lat="34.10049114926709" lon="108.93266992844147">
        <ele>455.006923828274</ele>
        <time>2022-03-05T08:19:18Z</time>
      </trkpt>
      <trkpt lat="34.101013315234404" lon="108.93282246511225">
        <ele>455.2109776008874</ele>
        <time>2022-03-05T08:19:28Z</time>
      </trkpt>
      <trkpt lat="34.1014872384742" lon="108.93295943555891">
        <ele>455.7502749180421</ele>
        <time>2022-03-05T08:19:36Z</time>
      </trkpt>
      <trkpt lat="34.101919248639554" lon="108.93309773611391">
        <ele>452.6537580406293</ele>
        <time>2022-03-05T08:19:44Z</time>
      </trkpt>
      <trkpt lat="34.10213723186216" lon="108.93315937503958">
        <ele>450.8806712049991</ele>
        <time>2022-03-05T08:19:48Z</time>
      </trkpt>
      <trkpt lat="34.102582403454214" lon="108.93326866577877">
        <ele>449.5691412789747</ele>
        <time>2022-03-05T08:19:56Z</time>
      </trkpt>
      <trkpt lat="34.103038000695975" lon="108.93338027173884">
        <ele>450.4271405013278</ele>
        <time>2022-03-05T08:20:04Z</time>
      </trkpt>
      <trkpt lat="34.10349591442475" lon="108.93347298332907">
        <ele>451.0751322498545</ele>
        <time>2022-03-05T08:20:12Z</time>
      </trkpt>
      <trkpt lat="34.10394230038647" lon="108.93354103315421">
        <ele>449.07348649576306</ele>
        <time>2022-03-05T08:20:20Z</time>
      </trkpt>
      <trkpt lat="34.10441378585796" lon="108.9336271975312">
        <ele>448.12066206894815</ele>
        <time>2022-03-05T08:20:28Z</time>
      </trkpt>
      <trkpt lat="34.10485932259581" lon="108.93368652954479">
        <ele>449.96122833900154</ele>
        <time>2022-03-05T08:20:36Z</time>
      </trkpt>
      <trkpt lat="34.10534342129684" lon="108.93374162285812">
        <ele>451.3898437526077</ele>
        <time>2022-03-05T08:20:44Z</time>
      </trkpt>
      <trkpt lat="34.10583388912463" lon="108.93378131276566">
        <ele>451.7536507388577</ele>
        <time>2022-03-05T08:20:52Z</time>
      </trkpt>
      <trkpt lat="34.10632625734449" lon="108.93380363975889">
        <ele>450.8213582728058</ele>
        <time>2022-03-05T08:21:00Z</time>
      </trkpt>
      <trkpt lat="34.10680563328052" lon="108.93382569271405">
        <ele>451.62518589384854</ele>
        <time>2022-03-05T08:21:08Z</time>
      </trkpt>
      <trkpt lat="34.10729556596991" lon="108.93383975163783">
        <ele>453.94403295684606</ele>
        <time>2022-03-05T08:21:16Z</time>
      </trkpt>
      <trkpt lat="34.10777483618838" lon="108.93386058610878">
        <ele>460.42640510573983</ele>
        <time>2022-03-05T08:21:24Z</time>
      </trkpt>
      <trkpt lat="34.10824681767702" lon="108.93387698731475">
        <ele>466.83442936837673</ele>
        <time>2022-03-05T08:21:32Z</time>
      </trkpt>
      <trkpt lat="34.10870972017404" lon="108.93389606583983">
        <ele>473.1747439559549</ele>
        <time>2022-03-05T08:21:40Z</time>
      </trkpt>
      <trkpt lat="34.109190570793146" lon="108.93389297988539">
        <ele>478.2476294990629</ele>
        <time>2022-03-05T08:21:48Z</time>
      </trkpt>
      <trkpt lat="34.109425321205734" lon="108.93390048017135">
        <ele>480.0152161279693</ele>
        <time>2022-03-05T08:21:52Z</time>
      </trkpt>
      <trkpt lat="34.109767023997605" lon="108.93394729449841">
        <ele>482.4171024626121</ele>
        <time>2022-03-05T08:21:58Z</time>
      </trkpt>
      <trkpt lat="34.110215328003" lon="108.9339540422791">
        <ele>486.9494665050879</ele>
        <time>2022-03-05T08:22:06Z</time>
      </trkpt>
      <trkpt lat="34.110567005353225" lon="108.93394945114228">
        <ele>490.5446194037795</ele>
        <time>2022-03-05T08:22:12Z</time>
      </trkpt>
      <trkpt lat="34.11103702696055" lon="108.93398658984704">
        <ele>492.7724446244538</ele>
        <time>2022-03-05T08:22:20Z</time>
      </trkpt>
      <trkpt lat="34.11152013378929" lon="108.93400059006106">
        <ele>495.462121325545</ele>
        <time>2022-03-05T08:22:28Z</time>
      </trkpt>
      <trkpt lat="34.11199171127522" lon="108.93401561404919">
        <ele>495.34825255628675</ele>
        <time>2022-03-05T08:22:36Z</time>
      </trkpt>
      <trkpt lat="34.11222936019045" lon="108.9340276304499">
        <ele>496.1379282400012</ele>
        <time>2022-03-05T08:22:40Z</time>
      </trkpt>
      <trkpt lat="34.112588030298355" lon="108.93412795568561">
        <ele>495.35841216892004</ele>
        <time>2022-03-05T08:22:46Z</time>
      </trkpt>
      <trkpt lat="34.11308137211162" lon="108.9341434702632">
        <ele>496.24793958105147</ele>
        <time>2022-03-05T08:22:54Z</time>
      </trkpt>
      <trkpt lat="34.11362029535428" lon="108.93419647259523">
        <ele>496.59975508693606</ele>
        <time>2022-03-05T08:23:02Z</time>
      </trkpt>
      <trkpt lat="34.11415249990381" lon="108.93423695915983">
        <ele>495.9478379348293</ele>
        <time>2022-03-05T08:23:10Z</time>
      </trkpt>
      <trkpt lat="34.11470839465753" lon="108.93423108971122">
        <ele>496.4190372098237</ele>
        <time>2022-03-05T08:23:18Z</time>
      </trkpt>
      <trkpt lat="34.11516956490121" lon="108.93426530090342">
        <ele>496.3353470917791</ele>
        <time>2022-03-05T08:23:24Z</time>
      </trkpt>
      <trkpt lat="34.11563694291557" lon="108.93427753979248">
        <ele>495.1094747548923</ele>
        <time>2022-03-05T08:23:30Z</time>
      </trkpt>
      <trkpt lat="34.11592694595201" lon="108.93426716527814">
        <ele>495.20650625694543</ele>
        <time>2022-03-05T08:23:34Z</time>
      </trkpt>
      <trkpt lat="34.11621420455304" lon="108.93420598202223">
        <ele>494.7998037263751</ele>
        <time>2022-03-05T08:23:38Z</time>
      </trkpt>
      <trkpt lat="34.1166801079851" lon="108.93426467931756">
        <ele>492.5130374254659</ele>
        <time>2022-03-05T08:23:44Z</time>
      </trkpt>
      <trkpt lat="34.117188206019456" lon="108.93427847364535">
        <ele>494.169135726057</ele>
        <time>2022-03-05T08:23:50Z</time>
      </trkpt>
      <trkpt lat="34.117707651864976" lon="108.9342926610656">
        <ele>492.69022842589766</ele>
        <time>2022-03-05T08:23:56Z</time>
      </trkpt>
      <trkpt lat="34.11805045076784" lon="108.93430231689915">
        <ele>492.4827804006636</ele>
        <time>2022-03-05T08:24:00Z</time>
      </trkpt>
      <trkpt lat="34.11855781770919" lon="108.93434650077461">
        <ele>491.73477652389556</ele>
        <time>2022-03-05T08:24:06Z</time>
      </trkpt>
      <trkpt lat="34.119051784828855" lon="108.93436010042483">
        <ele>492.1562469834462</ele>
        <time>2022-03-05T08:24:12Z</time>
      </trkpt>
      <trkpt lat="34.119498960612205" lon="108.93437762482938">
        <ele>493.18668399285525</ele>
        <time>2022-03-05T08:24:18Z</time>
      </trkpt>
      <trkpt lat="34.1199075887968" lon="108.93437659243182">
        <ele>492.01081732008606</ele>
        <time>2022-03-05T08:24:24Z</time>
      </trkpt>
      <trkpt lat="34.120472185847184" lon="108.93440999014096">
        <ele>491.34901301469654</ele>
        <time>2022-03-05T08:24:32Z</time>
      </trkpt>
      <trkpt lat="34.12075588884014" lon="108.93443240459223">
        <ele>490.5934687340632</ele>
        <time>2022-03-05T08:24:36Z</time>
      </trkpt>
      <trkpt lat="34.12087837276881" lon="108.93446691050644">
        <ele>490.2045584768057</ele>
        <time>2022-03-05T08:24:38Z</time>
      </trkpt>
      <trkpt lat="34.12117326167819" lon="108.93477567985309">
        <ele>490.6708908826113</ele>
        <time>2022-03-05T08:24:44Z</time>
      </trkpt>
      <trkpt lat="34.12139868315491" lon="108.93507273006828">
        <ele>490.64050256926566</ele>
        <time>2022-03-05T08:24:50Z</time>
      </trkpt>
      <trkpt lat="34.121468619039575" lon="108.93514061375676">
        <ele>490.45283079054207</ele>
        <time>2022-03-05T08:24:52Z</time>
      </trkpt>
      <trkpt lat="34.12164391250113" lon="108.93522195034615">
        <ele>490.5666960645467</ele>
        <time>2022-03-05T08:24:56Z</time>
      </trkpt>
      <trkpt lat="34.12174186484559" lon="108.9351690603271">
        <ele>490.6472483733669</ele>
        <time>2022-03-05T08:24:58Z</time>
      </trkpt>
      <trkpt lat="34.12191049863121" lon="108.9349432709693">
        <ele>490.6356519209221</ele>
        <time>2022-03-05T08:25:02Z</time>
      </trkpt>
      <trkpt lat="34.12222831496602" lon="108.9345845885816">
        <ele>491.16073565371335</ele>
        <time>2022-03-05T08:25:08Z</time>
      </trkpt>
      <trkpt lat="34.12233282032987" lon="108.9344904461057">
        <ele>490.5568505851552</ele>
        <time>2022-03-05T08:25:10Z</time>
      </trkpt>
      <trkpt lat="34.12245625506245" lon="108.93447067832012">
        <ele>490.5986947407946</ele>
        <time>2022-03-05T08:25:12Z</time>
      </trkpt>
      <trkpt lat="34.12298563237921" lon="108.93452642400463">
        <ele>490.976855667308</ele>
        <time>2022-03-05T08:25:20Z</time>
      </trkpt>
      <trkpt lat="34.12355165479182" lon="108.9345583059227">
        <ele>490.760028462857</ele>
        <time>2022-03-05T08:25:28Z</time>
      </trkpt>
      <trkpt lat="34.12412244790379" lon="108.93456315047627">
        <ele>490.7877565147355</ele>
        <time>2022-03-05T08:25:36Z</time>
      </trkpt>
      <trkpt lat="34.12468892932133" lon="108.93457359520099">
        <ele>491.348595213145</ele>
        <time>2022-03-05T08:25:44Z</time>
      </trkpt>
      <trkpt lat="34.12522761727302" lon="108.93459904966961">
        <ele>491.10437519010156</ele>
        <time>2022-03-05T08:25:52Z</time>
      </trkpt>
      <trkpt lat="34.12577684043503" lon="108.93461621440697">
        <ele>491.35226501431316</ele>
        <time>2022-03-05T08:26:00Z</time>
      </trkpt>
      <trkpt lat="34.12632356455619" lon="108.93470286956095">
        <ele>491.02290645521134</ele>
        <time>2022-03-05T08:26:08Z</time>
      </trkpt>
      <trkpt lat="34.12676553379446" lon="108.9348021634161">
        <ele>488.71564364619553</ele>
        <time>2022-03-05T08:26:14Z</time>
      </trkpt>
      <trkpt lat="34.12722884756517" lon="108.93495031545422">
        <ele>485.32781583536416</ele>
        <time>2022-03-05T08:26:20Z</time>
      </trkpt>
      <trkpt lat="34.12737973514618" lon="108.93500715648885">
        <ele>485.06545513216406</ele>
        <time>2022-03-05T08:26:22Z</time>
      </trkpt>
      <trkpt lat="34.12752899938931" lon="108.93503511914702">
        <ele>484.20464474335313</ele>
        <time>2022-03-05T08:26:24Z</time>
      </trkpt>
      <trkpt lat="34.127861066466444" lon="108.93506382644021">
        <ele>483.7811243645847</ele>
        <time>2022-03-05T08:26:28Z</time>
      </trkpt>
      <trkpt lat="34.12838348892702" lon="108.93521286228841">
        <ele>480.8853827463463</ele>
        <time>2022-03-05T08:26:34Z</time>
      </trkpt>
      <trkpt lat="34.128859025684456" lon="108.9353761907518">
        <ele>477.53366445191205</ele>
        <time>2022-03-05T08:26:40Z</time>
      </trkpt>
      <trkpt lat="34.12932480632193" lon="108.93551381282263">
        <ele>474.75476862397045</ele>
        <time>2022-03-05T08:26:46Z</time>
      </trkpt>
      <trkpt lat="34.129824739628994" lon="108.93569501317008">
        <ele>470.6980935400352</ele>
        <time>2022-03-05T08:26:54Z</time>
      </trkpt>
      <trkpt lat="34.13000631275249" lon="108.93574055527695">
        <ele>470.69165125023574</ele>
        <time>2022-03-05T08:27:00Z</time>
      </trkpt>
      <trkpt lat="34.130014582619346" lon="108.93573090433324">
        <ele>471.9695802712813</ele>
        <time>2022-03-05T08:27:08Z</time>
      </trkpt>
      <trkpt lat="34.13023204551844" lon="108.9357857466779">
        <ele>470.23871474619955</ele>
        <time>2022-03-05T08:27:17Z</time>
      </trkpt>
      <trkpt lat="34.13038327333481" lon="108.93582185482224">
        <ele>468.0961605468765</ele>
        <time>2022-03-05T08:27:21Z</time>
      </trkpt>
      <trkpt lat="34.13064806806422" lon="108.9359421853222">
        <ele>466.06554624438286</ele>
        <time>2022-03-05T08:27:35Z</time>
      </trkpt>
      <trkpt lat="34.1307703852838" lon="108.93597075201019">
        <ele>465.5823040260002</ele>
        <time>2022-03-05T08:27:39Z</time>
      </trkpt>
      <trkpt lat="34.13083840218957" lon="108.93602023774142">
        <ele>465.37136879656464</ele>
        <time>2022-03-05T08:27:41Z</time>
      </trkpt>
      <trkpt lat="34.131379721136966" lon="108.93619334290305">
        <ele>462.72033642604947</ele>
        <time>2022-03-05T08:27:51Z</time>
      </trkpt>
      <trkpt lat="34.13152160607013" lon="108.93623551493789">
        <ele>462.2447125595063</ele>
        <time>2022-03-05T08:27:53Z</time>
      </trkpt>
      <trkpt lat="34.13181096759832" lon="108.93637470375889">
        <ele>461.284323384054</ele>
        <time>2022-03-05T08:27:57Z</time>
      </trkpt>
      <trkpt lat="34.13220935150385" lon="108.93651874782972">
        <ele>459.4414254790172</ele>
        <time>2022-03-05T08:28:03Z</time>
      </trkpt>
      <trkpt lat="34.132373236827256" lon="108.93659552034201">
        <ele>458.28069210238755</ele>
        <time>2022-03-05T08:28:06Z</time>
      </trkpt>
      <trkpt lat="34.132563443074915" lon="108.93672567067608">
        <ele>457.631157877855</ele>
        <time>2022-03-05T08:28:10Z</time>
      </trkpt>
      <trkpt lat="34.13275298017108" lon="108.93680426658884">
        <ele>456.6629402618855</ele>
        <time>2022-03-05T08:28:14Z</time>
      </trkpt>
      <trkpt lat="34.13318617167764" lon="108.93698824445133">
        <ele>454.18956246972084</ele>
        <time>2022-03-05T08:28:22Z</time>
      </trkpt>
      <trkpt lat="34.13367673696566" lon="108.93719951510272">
        <ele>452.53753747511655</ele>
        <time>2022-03-05T08:28:30Z</time>
      </trkpt>
      <trkpt lat="34.13411276702023" lon="108.93736057852047">
        <ele>450.8249629782513</ele>
        <time>2022-03-05T08:28:36Z</time>
      </trkpt>
      <trkpt lat="34.13452599150405" lon="108.93753209689407">
        <ele>449.09299302566797</ele>
        <time>2022-03-05T08:28:42Z</time>
      </trkpt>
      <trkpt lat="34.13470894976344" lon="108.93760506645988">
        <ele>447.8396213185042</ele>
        <time>2022-03-05T08:28:46Z</time>
      </trkpt>
      <trkpt lat="34.13479921641862" lon="108.93766130553915">
        <ele>446.93753878585994</ele>
        <time>2022-03-05T08:28:50Z</time>
      </trkpt>
      <trkpt lat="34.13481393939159" lon="108.93765292586085">
        <ele>446.47128743771464</ele>
        <time>2022-03-05T08:28:58Z</time>
      </trkpt>
      <trkpt lat="34.13518300908006" lon="108.93779228925071">
        <ele>444.670316115953</ele>
        <time>2022-03-05T08:29:23Z</time>
      </trkpt>
      <trkpt lat="34.135719122635486" lon="108.93801861281389">
        <ele>441.50610814988613</ele>
        <time>2022-03-05T08:29:31Z</time>
      </trkpt>
      <trkpt lat="34.136133620503166" lon="108.93819729577713">
        <ele>439.16926244739443</ele>
        <time>2022-03-05T08:29:37Z</time>
      </trkpt>
      <trkpt lat="34.136594407751446" lon="108.9384071166754">
        <ele>439.3656649366021</ele>
        <time>2022-03-05T08:29:45Z</time>
      </trkpt>
      <trkpt lat="34.137062963497314" lon="108.93860008272407">
        <ele>439.12598312459886</ele>
        <time>2022-03-05T08:29:53Z</time>
      </trkpt>
      <trkpt lat="34.137251004633285" lon="108.93867678433124">
        <ele>438.9867920484394</ele>
        <time>2022-03-05T08:29:57Z</time>
      </trkpt>
      <trkpt lat="34.13733777246093" lon="108.93869410138525">
        <ele>439.1530919019133</ele>
        <time>2022-03-05T08:29:59Z</time>
      </trkpt>
      <trkpt lat="34.13779062283585" lon="108.93892224559885">
        <ele>439.3063496667892</ele>
        <time>2022-03-05T08:30:09Z</time>
      </trkpt>
      <trkpt lat="34.138246640179766" lon="108.9391116599696">
        <ele>438.960562909022</ele>
        <time>2022-03-05T08:30:18Z</time>
      </trkpt>
      <trkpt lat="34.13871577353462" lon="108.93930238515549">
        <ele>439.4029634259641</ele>
        <time>2022-03-05T08:30:26Z</time>
      </trkpt>
      <trkpt lat="34.139183800855996" lon="108.93949139179122">
        <ele>439.32997741829604</ele>
        <time>2022-03-05T08:30:34Z</time>
      </trkpt>
      <trkpt lat="34.13959569543699" lon="108.939652345433">
        <ele>439.2432680502534</ele>
        <time>2022-03-05T08:30:42Z</time>
      </trkpt>
      <trkpt lat="34.13968977976246" lon="108.93969154254225">
        <ele>438.8788617430255</ele>
        <time>2022-03-05T08:30:44Z</time>
      </trkpt>
      <trkpt lat="34.13979070088254" lon="108.93969612164481">
        <ele>439.12028697598726</ele>
        <time>2022-03-05T08:30:46Z</time>
      </trkpt>
      <trkpt lat="34.139912243654884" lon="108.93972761383138">
        <ele>439.0003281645477</ele>
        <time>2022-03-05T08:30:48Z</time>
      </trkpt>
      <trkpt lat="34.14033656562915" lon="108.93991293125542">
        <ele>439.1209027916193</ele>
        <time>2022-03-05T08:30:56Z</time>
      </trkpt>
      <trkpt lat="34.14077390940326" lon="108.94013692024797">
        <ele>439.13927857764065</ele>
        <time>2022-03-05T08:31:04Z</time>
      </trkpt>
      <trkpt lat="34.14120481794098" lon="108.94033057935799">
        <ele>438.108633114025</ele>
        <time>2022-03-05T08:31:14Z</time>
      </trkpt>
      <trkpt lat="34.14170414856982" lon="108.94054842956514">
        <ele>437.17524062935263</ele>
        <time>2022-03-05T08:31:26Z</time>
      </trkpt>
      <trkpt lat="34.14213715279364" lon="108.94069206795444">
        <ele>437.2009112359956</ele>
        <time>2022-03-05T08:31:36Z</time>
      </trkpt>
      <trkpt lat="34.142622719954595" lon="108.94086508081301">
        <ele>436.8957324773073</ele>
        <time>2022-03-05T08:31:48Z</time>
      </trkpt>
      <trkpt lat="34.14296077937838" lon="108.94093666887387">
        <ele>435.6748347952962</ele>
        <time>2022-03-05T08:32:00Z</time>
      </trkpt>
      <trkpt lat="34.14303288306722" lon="108.94097676013054">
        <ele>435.5718936882913</ele>
        <time>2022-03-05T08:32:02Z</time>
      </trkpt>
      <trkpt lat="34.143495214871216" lon="108.94106902074975">
        <ele>435.7594840656966</ele>
        <time>2022-03-05T08:32:14Z</time>
      </trkpt>
      <trkpt lat="34.14382131866626" lon="108.94107557282156">
        <ele>435.65301705989987</ele>
        <time>2022-03-05T08:32:22Z</time>
      </trkpt>
      <trkpt lat="34.14413478093567" lon="108.94102003679073">
        <ele>435.10429503396153</ele>
        <time>2022-03-05T08:32:28Z</time>
      </trkpt>
      <trkpt lat="34.14458954736899" lon="108.94101992339107">
        <ele>434.880563874729</ele>
        <time>2022-03-05T08:32:36Z</time>
      </trkpt>
      <trkpt lat="34.14511691692314" lon="108.9410794395205">
        <ele>434.78816846664995</ele>
        <time>2022-03-05T08:32:44Z</time>
      </trkpt>
      <trkpt lat="34.14566059294777" lon="108.94104745978048">
        <ele>435.0014902437106</ele>
        <time>2022-03-05T08:32:52Z</time>
      </trkpt>
      <trkpt lat="34.146284358344694" lon="108.9410009235779">
        <ele>435.3232810907066</ele>
        <time>2022-03-05T08:33:01Z</time>
      </trkpt>
      <trkpt lat="34.14681235911585" lon="108.94095964041738">
        <ele>435.18760219588876</ele>
        <time>2022-03-05T08:33:09Z</time>
      </trkpt>
      <trkpt lat="34.14688396199438" lon="108.9409649895637">
        <ele>435.27850162796676</ele>
        <time>2022-03-05T08:33:19Z</time>
      </trkpt>
      <trkpt lat="34.14701513059649" lon="108.94097856677632">
        <ele>435.2201708937064</ele>
        <time>2022-03-05T08:34:06Z</time>
      </trkpt>
      <trkpt lat="34.14708824428371" lon="108.94096881262514">
        <ele>435.0400609532371</ele>
        <time>2022-03-05T08:34:08Z</time>
      </trkpt>
      <trkpt lat="34.14725229329481" lon="108.9408680686934">
        <ele>434.9606618480757</ele>
        <time>2022-03-05T08:34:12Z</time>
      </trkpt>
      <trkpt lat="34.147366419297896" lon="108.94084590471181">
        <ele>435.1195820774883</ele>
        <time>2022-03-05T08:34:14Z</time>
      </trkpt>
      <trkpt lat="34.14787796174329" lon="108.94085044852773">
        <ele>435.54010758083314</ele>
        <time>2022-03-05T08:34:22Z</time>
      </trkpt>
      <trkpt lat="34.1484193429893" lon="108.94083893927582">
        <ele>435.3607761794701</ele>
        <time>2022-03-05T08:34:30Z</time>
      </trkpt>
      <trkpt lat="34.14896925592378" lon="108.94084870552584">
        <ele>436.6654226882383</ele>
        <time>2022-03-05T08:34:38Z</time>
      </trkpt>
      <trkpt lat="34.14953432198493" lon="108.94085042890143">
        <ele>435.27678823377937</ele>
        <time>2022-03-05T08:34:46Z</time>
      </trkpt>
      <trkpt lat="34.1499725334013" lon="108.94086342928408">
        <ele>434.87414708640426</ele>
        <time>2022-03-05T08:34:52Z</time>
      </trkpt>
      <trkpt lat="34.1502929954894" lon="108.94087354151459">
        <ele>433.881600282155</ele>
        <time>2022-03-05T08:34:58Z</time>
      </trkpt>
      <trkpt lat="34.15051698706778" lon="108.94086655332022">
        <ele>434.61252134665847</ele>
        <time>2022-03-05T08:35:14Z</time>
      </trkpt>
      <trkpt lat="34.15066490958557" lon="108.94088513834097">
        <ele>434.5345921581611</ele>
        <time>2022-03-05T08:35:37Z</time>
      </trkpt>
      <trkpt lat="34.151099785222" lon="108.94086817609676">
        <ele>434.93353275209665</ele>
        <time>2022-03-05T08:35:45Z</time>
      </trkpt>
      <trkpt lat="34.151676873427476" lon="108.94087983230172">
        <ele>435.29424262978137</ele>
        <time>2022-03-05T08:35:53Z</time>
      </trkpt>
      <trkpt lat="34.15211100285047" lon="108.94090535149681">
        <ele>435.6096095275134</ele>
        <time>2022-03-05T08:35:59Z</time>
      </trkpt>
      <trkpt lat="34.15255204970741" lon="108.94090406367415">
        <ele>436.55078070424497</ele>
        <time>2022-03-05T08:36:05Z</time>
      </trkpt>
      <trkpt lat="34.15284058783232" lon="108.94088693566003">
        <ele>436.5654079345986</ele>
        <time>2022-03-05T08:36:09Z</time>
      </trkpt>
      <trkpt lat="34.15312915570189" lon="108.9408816785546">
        <ele>436.29285518452525</ele>
        <time>2022-03-05T08:36:13Z</time>
      </trkpt>
      <trkpt lat="34.153284882212795" lon="108.94089992228045">
        <ele>436.830862226896</ele>
        <time>2022-03-05T08:36:15Z</time>
      </trkpt>
      <trkpt lat="34.15372937896021" lon="108.9409003608794">
        <ele>437.32366269640625</ele>
        <time>2022-03-05T08:36:21Z</time>
      </trkpt>
      <trkpt lat="34.15428584626485" lon="108.94092472173753">
        <ele>436.88514162413776</ele>
        <time>2022-03-05T08:36:34Z</time>
      </trkpt>
      <trkpt lat="34.15444787180602" lon="108.9409794833737">
        <ele>436.61890248954296</ele>
        <time>2022-03-05T08:36:38Z</time>
      </trkpt>
      <trkpt lat="34.15465191455766" lon="108.9409865902593">
        <ele>436.44805848039687</ele>
        <time>2022-03-05T08:36:42Z</time>
      </trkpt>
      <trkpt lat="34.15515998417564" lon="108.9408554271679">
        <ele>436.43863055761904</ele>
        <time>2022-03-05T08:36:52Z</time>
      </trkpt>
      <trkpt lat="34.155678335385645" lon="108.94071832837184">
        <ele>437.32703139446676</ele>
        <time>2022-03-05T08:37:00Z</time>
      </trkpt>
      <trkpt lat="34.15617823762832" lon="108.94053356340154">
        <ele>438.24638056289405</ele>
        <time>2022-03-05T08:37:08Z</time>
      </trkpt>
      <trkpt lat="34.15646522555666" lon="108.94042255686453">
        <ele>438.89482416491956</ele>
        <time>2022-03-05T08:37:14Z</time>
      </trkpt>
      <trkpt lat="34.1565490459332" lon="108.9403711986963">
        <ele>438.68277276679873</ele>
        <time>2022-03-05T08:37:16Z</time>
      </trkpt>
      <trkpt lat="34.15690420220618" lon="108.94024187492658">
        <ele>437.8021441148594</ele>
        <time>2022-03-05T08:37:24Z</time>
      </trkpt>
      <trkpt lat="34.157002778569016" lon="108.94027560826045">
        <ele>437.51370886992663</ele>
        <time>2022-03-05T08:37:28Z</time>
      </trkpt>
      <trkpt lat="34.15698669298235" lon="108.9403179667931">
        <ele>437.2585882721469</ele>
        <time>2022-03-05T08:37:42Z</time>
      </trkpt>
    </trkseg>
  </trk>
</gpx>