<?xml version="1.0" encoding="UTF-8"?>
<gpx xmlns="http://www.topografix.com/GPX/1/1" xmlns:gpxtpx="http://www.garmin.com/xmlschemas/TrackPointExtension/v1" xmlns:xsi="http://www.w3.org/2001/XMLSchema-instance" xsi:schemaLocation="http://www.topografix.com/GPX/1/1 http://www.topografix.com/GPX/1/1/gpx.xsd" version="1.1" creator="gpx.py -- https://github.com/tkrajina/gpxpy">
  <trk>
    <name>gpx from keep</name>
    <type>Ride</type>
    <trkseg>
      <trkpt lat="34.32870786095332" lon="108.98044283211746">
        <ele>397.7309799194336</ele>
        <time>2022-03-17T21:30:59Z</time>
      </trkpt>
      <trkpt lat="34.32876548745347" lon="108.98029135050989">
        <ele>397.27460861206055</ele>
        <time>2022-03-17T21:31:23Z</time>
      </trkpt>
      <trkpt lat="34.328719819233314" lon="108.97974966598176">
        <ele>397.0712661743164</ele>
        <time>2022-03-17T21:31:30Z</time>
      </trkpt>
      <trkpt lat="34.328686547336225" lon="108.97984664463962">
        <ele>396.90931436678574</ele>
        <time>2022-03-17T21:31:32Z</time>
      </trkpt>
      <trkpt lat="34.32873417616286" lon="108.98004913654499">
        <ele>395.91895196908376</ele>
        <time>2022-03-17T21:31:36Z</time>
      </trkpt>
      <trkpt lat="34.32872829376426" lon="108.98018786297736">
        <ele>395.93273394874296</ele>
        <time>2022-03-17T21:31:38Z</time>
      </trkpt>
      <trkpt lat="34.328675030249634" lon="108.98034037471159">
        <ele>395.8986745576751</ele>
        <time>2022-03-17T21:31:42Z</time>
      </trkpt>
      <trkpt lat="34.32866220329856" lon="108.98044239135585">
        <ele>395.8642723672092</ele>
        <time>2022-03-17T21:31:48Z</time>
      </trkpt>
      <trkpt lat="34.32858256184957" lon="108.9804542981034">
        <ele>396.65630049072206</ele>
        <time>2022-03-17T21:31:52Z</time>
      </trkpt>
      <trkpt lat="34.32860216007924" lon="108.98066879936832">
        <ele>395.69851674791425</ele>
        <time>2022-03-17T21:32:30Z</time>
      </trkpt>
      <trkpt lat="34.328519894610324" lon="108.9807942614427">
        <ele>395.58028764650226</ele>
        <time>2022-03-17T21:32:34Z</time>
      </trkpt>
      <trkpt lat="34.32845281732889" lon="108.98082639894614">
        <ele>395.24795483984053</ele>
        <time>2022-03-17T21:32:36Z</time>
      </trkpt>
      <trkpt lat="34.328383681543116" lon="108.98080160398709">
        <ele>395.51448894292116</ele>
        <time>2022-03-17T21:32:39Z</time>
      </trkpt>
      <trkpt lat="34.328302068551785" lon="108.98082499235484">
        <ele>395.4150257697329</ele>
        <time>2022-03-17T21:32:43Z</time>
      </trkpt>
      <trkpt lat="34.32817322242094" lon="108.98081067037118">
        <ele>394.89486379455775</ele>
        <time>2022-03-17T21:32:46Z</time>
      </trkpt>
      <trkpt lat="34.32808971063198" lon="108.98076269773024">
        <ele>395.15797789022326</ele>
        <time>2022-03-17T21:32:49Z</time>
      </trkpt>
      <trkpt lat="34.32810554253181" lon="108.98016992880993">
        <ele>395.54517200309783</ele>
        <time>2022-03-17T21:33:01Z</time>
      </trkpt>
      <trkpt lat="34.32809049777717" lon="108.9797516182666">
        <ele>395.63758444506675</ele>
        <time>2022-03-17T21:33:09Z</time>
      </trkpt>
      <trkpt lat="34.32810410885946" lon="108.9796614017472">
        <ele>395.55970422178507</ele>
        <time>2022-03-17T21:33:11Z</time>
      </trkpt>
      <trkpt lat="34.32815340041119" lon="108.97959349510626">
        <ele>395.7124124560505</ele>
        <time>2022-03-17T21:33:13Z</time>
      </trkpt>
      <trkpt lat="34.328541769098734" lon="108.97951325367359">
        <ele>395.4372755829245</ele>
        <time>2022-03-17T21:33:23Z</time>
      </trkpt>
      <trkpt lat="34.329039146598745" lon="108.9794918935682">
        <ele>395.84759158454835</ele>
        <time>2022-03-17T21:33:35Z</time>
      </trkpt>
      <trkpt lat="34.32921721512144" lon="108.97946923044272">
        <ele>396.57315701805055</ele>
        <time>2022-03-17T21:33:39Z</time>
      </trkpt>
      <trkpt lat="34.32947023116201" lon="108.97946800893996">
        <ele>396.1574518373236</ele>
        <time>2022-03-17T21:33:45Z</time>
      </trkpt>
      <trkpt lat="34.32959529429423" lon="108.97949686722846">
        <ele>395.9968108134344</ele>
        <time>2022-03-17T21:33:48Z</time>
      </trkpt>
      <trkpt lat="34.329681465348436" lon="108.97948739859042">
        <ele>395.7685321783647</ele>
        <time>2022-03-17T21:33:50Z</time>
      </trkpt>
      <trkpt lat="34.32971351722605" lon="108.97940821659866">
        <ele>395.68640417885035</ele>
        <time>2022-03-17T21:33:52Z</time>
      </trkpt>
      <trkpt lat="34.32960570493564" lon="108.97932205881266">
        <ele>395.40026464965194</ele>
        <time>2022-03-17T21:33:56Z</time>
      </trkpt>
      <trkpt lat="34.3290963048194" lon="108.97933941594017">
        <ele>396.13243119232357</ele>
        <time>2022-03-17T21:34:08Z</time>
      </trkpt>
      <trkpt lat="34.32892990536048" lon="108.97933606175675">
        <ele>395.961936599575</ele>
        <time>2022-03-17T21:34:12Z</time>
      </trkpt>
      <trkpt lat="34.328760900148225" lon="108.97929424479256">
        <ele>395.74037247058004</ele>
        <time>2022-03-17T21:34:16Z</time>
      </trkpt>
      <trkpt lat="34.32851421257775" lon="108.97928426079324">
        <ele>395.8651386005804</ele>
        <time>2022-03-17T21:34:22Z</time>
      </trkpt>
      <trkpt lat="34.32828410707818" lon="108.97930548558533">
        <ele>395.65840244293213</ele>
        <time>2022-03-17T21:34:28Z</time>
      </trkpt>
      <trkpt lat="34.328214382746026" lon="108.97932828693114">
        <ele>395.71794933546335</ele>
        <time>2022-03-17T21:34:30Z</time>
      </trkpt>
      <trkpt lat="34.32818943647598" lon="108.97941841076869">
        <ele>396.0580214820802</ele>
        <time>2022-03-17T21:34:32Z</time>
      </trkpt>
      <trkpt lat="34.32828674295416" lon="108.97954848102924">
        <ele>395.7402022816241</ele>
        <time>2022-03-17T21:34:36Z</time>
      </trkpt>
      <trkpt lat="34.32854869276806" lon="108.97949777114579">
        <ele>395.9116555247456</ele>
        <time>2022-03-17T21:34:42Z</time>
      </trkpt>
      <trkpt lat="34.32891937623507" lon="108.97951013902097">
        <ele>395.412250530906</ele>
        <time>2022-03-17T21:34:50Z</time>
      </trkpt>
      <trkpt lat="34.32910340483309" lon="108.97947977755311">
        <ele>395.95821246970445</ele>
        <time>2022-03-17T21:34:54Z</time>
      </trkpt>
      <trkpt lat="34.32920368616086" lon="108.97949325840196">
        <ele>396.12154962308705</ele>
        <time>2022-03-17T21:34:56Z</time>
      </trkpt>
      <trkpt lat="34.329651039108164" lon="108.97949778590944">
        <ele>395.43610939756036</ele>
        <time>2022-03-17T21:35:06Z</time>
      </trkpt>
      <trkpt lat="34.329722625779866" lon="108.97946841576875">
        <ele>395.3595257010311</ele>
        <time>2022-03-17T21:35:08Z</time>
      </trkpt>
      <trkpt lat="34.32966739779597" lon="108.97933064769192">
        <ele>395.0502468785271</ele>
        <time>2022-03-17T21:35:12Z</time>
      </trkpt>
      <trkpt lat="34.32916650675904" lon="108.97932666498751">
        <ele>395.6434011813253</ele>
        <time>2022-03-17T21:35:24Z</time>
      </trkpt>
      <trkpt lat="34.32891005818748" lon="108.9793291105487">
        <ele>395.85158376861364</ele>
        <time>2022-03-17T21:35:30Z</time>
      </trkpt>
      <trkpt lat="34.3288335518588" lon="108.97930084440794">
        <ele>395.7488197600469</ele>
        <time>2022-03-17T21:35:32Z</time>
      </trkpt>
      <trkpt lat="34.328399919120045" lon="108.97929147470998">
        <ele>395.5026617785916</ele>
        <time>2022-03-17T21:35:42Z</time>
      </trkpt>
      <trkpt lat="34.328244495243474" lon="108.97931518258211">
        <ele>396.0801262203604</ele>
        <time>2022-03-17T21:35:46Z</time>
      </trkpt>
      <trkpt lat="34.32818279611714" lon="108.97937424568957">
        <ele>396.14813282806426</ele>
        <time>2022-03-17T21:35:48Z</time>
      </trkpt>
      <trkpt lat="34.32816845251474" lon="108.97946633458207">
        <ele>396.7348345229402</ele>
        <time>2022-03-17T21:35:50Z</time>
      </trkpt>
      <trkpt lat="34.32822256897286" lon="108.97954675646024">
        <ele>396.73608992248774</ele>
        <time>2022-03-17T21:35:52Z</time>
      </trkpt>
      <trkpt lat="34.32830674841446" lon="108.97956896472542">
        <ele>396.1566295940429</ele>
        <time>2022-03-17T21:35:54Z</time>
      </trkpt>
      <trkpt lat="34.32848282867865" lon="108.97950417738596">
        <ele>395.91863823030144</ele>
        <time>2022-03-17T21:35:58Z</time>
      </trkpt>
      <trkpt lat="34.32895276430036" lon="108.97949258094377">
        <ele>395.82408696692437</ele>
        <time>2022-03-17T21:36:08Z</time>
      </trkpt>
      <trkpt lat="34.32943174564439" lon="108.9794861018461">
        <ele>395.7112321574241</ele>
        <time>2022-03-17T21:36:18Z</time>
      </trkpt>
      <trkpt lat="34.329616962850736" lon="108.97951393845001">
        <ele>395.2911309087649</ele>
        <time>2022-03-17T21:36:22Z</time>
      </trkpt>
      <trkpt lat="34.32970417415134" lon="108.97950867661459">
        <ele>395.55242155864835</ele>
        <time>2022-03-17T21:36:24Z</time>
      </trkpt>
      <trkpt lat="34.32975400125604" lon="108.9794349499512">
        <ele>395.24273165967315</ele>
        <time>2022-03-17T21:36:26Z</time>
      </trkpt>
      <trkpt lat="34.329719227905514" lon="108.97934624018346">
        <ele>395.30843271221966</ele>
        <time>2022-03-17T21:36:28Z</time>
      </trkpt>
      <trkpt lat="34.32930985254594" lon="108.97932606255743">
        <ele>395.51737410388887</ele>
        <time>2022-03-17T21:36:38Z</time>
      </trkpt>
      <trkpt lat="34.328874647939045" lon="108.97934461866105">
        <ele>395.91207968164235</ele>
        <time>2022-03-17T21:36:48Z</time>
      </trkpt>
      <trkpt lat="34.32869649177271" lon="108.97931348657576">
        <ele>395.7581660281867</ele>
        <time>2022-03-17T21:36:52Z</time>
      </trkpt>
      <trkpt lat="34.32825714971938" lon="108.97932326290007">
        <ele>395.58437895961106</ele>
        <time>2022-03-17T21:37:02Z</time>
      </trkpt>
      <trkpt lat="34.328189248477756" lon="108.97937244484822">
        <ele>395.91462194919586</ele>
        <time>2022-03-17T21:37:04Z</time>
      </trkpt>
      <trkpt lat="34.32818038209416" lon="108.9794709087845">
        <ele>396.2442703656852</ele>
        <time>2022-03-17T21:37:06Z</time>
      </trkpt>
      <trkpt lat="34.32826162233783" lon="108.97957294772328">
        <ele>395.35023668501526</ele>
        <time>2022-03-17T21:37:10Z</time>
      </trkpt>
      <trkpt lat="34.328420566838986" lon="108.97952281878226">
        <ele>395.4195976583287</ele>
        <time>2022-03-17T21:37:14Z</time>
      </trkpt>
      <trkpt lat="34.32886676598949" lon="108.97950909184868">
        <ele>395.67846058961004</ele>
        <time>2022-03-17T21:37:24Z</time>
      </trkpt>
      <trkpt lat="34.32905174964546" lon="108.97947587788225">
        <ele>396.33728272560984</ele>
        <time>2022-03-17T21:37:28Z</time>
      </trkpt>
      <trkpt lat="34.329244076991564" lon="108.97949689297681">
        <ele>395.99740837328136</ele>
        <time>2022-03-17T21:37:32Z</time>
      </trkpt>
      <trkpt lat="34.329524662583715" lon="108.97949377707825">
        <ele>395.37173946294934</ele>
        <time>2022-03-17T21:37:38Z</time>
      </trkpt>
      <trkpt lat="34.32962056338258" lon="108.97952705702569">
        <ele>395.9010460404679</ele>
        <time>2022-03-17T21:37:40Z</time>
      </trkpt>
      <trkpt lat="34.329716194919456" lon="108.97953159414286">
        <ele>395.73191829491407</ele>
        <time>2022-03-17T21:37:42Z</time>
      </trkpt>
      <trkpt lat="34.32978128403898" lon="108.97945818451784">
        <ele>395.1245916429907</ele>
        <time>2022-03-17T21:37:44Z</time>
      </trkpt>
      <trkpt lat="34.32973593880289" lon="108.9793611037733">
        <ele>395.5827367026359</ele>
        <time>2022-03-17T21:37:46Z</time>
      </trkpt>
      <trkpt lat="34.32921295798448" lon="108.97932388273409">
        <ele>395.6591864619404</ele>
        <time>2022-03-17T21:37:58Z</time>
      </trkpt>
      <trkpt lat="34.32894371832748" lon="108.97934364444194">
        <ele>396.3462389446795</ele>
        <time>2022-03-17T21:38:04Z</time>
      </trkpt>
      <trkpt lat="34.32886440856287" lon="108.97933093627233">
        <ele>394.2989840898663</ele>
        <time>2022-03-17T21:38:06Z</time>
      </trkpt>
      <trkpt lat="34.32867916763084" lon="108.97937877924457">
        <ele>396.13852990884334</ele>
        <time>2022-03-17T21:38:10Z</time>
      </trkpt>
      <trkpt lat="34.328672366957264" lon="108.97946507885749">
        <ele>396.0006591109559</ele>
        <time>2022-03-17T21:38:12Z</time>
      </trkpt>
      <trkpt lat="34.32873768459432" lon="108.97951659402797">
        <ele>396.34547803830355</ele>
        <time>2022-03-17T21:38:14Z</time>
      </trkpt>
      <trkpt lat="34.32901171225876" lon="108.97947469196093">
        <ele>395.8678838228807</ele>
        <time>2022-03-17T21:38:20Z</time>
      </trkpt>
      <trkpt lat="34.32933266065243" lon="108.97948984340232">
        <ele>396.0747709432617</ele>
        <time>2022-03-17T21:38:28Z</time>
      </trkpt>
      <trkpt lat="34.32948573322018" lon="108.97945758858246">
        <ele>395.339107776992</ele>
        <time>2022-03-17T21:38:32Z</time>
      </trkpt>
      <trkpt lat="34.32962839223726" lon="108.97948775398204">
        <ele>395.5769667616114</ele>
        <time>2022-03-17T21:38:36Z</time>
      </trkpt>
      <trkpt lat="34.32970438380017" lon="108.979525674009">
        <ele>395.8230598066002</ele>
        <time>2022-03-17T21:38:38Z</time>
      </trkpt>
      <trkpt lat="34.329790968339864" lon="108.97953629673032">
        <ele>395.7079192213714</ele>
        <time>2022-03-17T21:38:40Z</time>
      </trkpt>
      <trkpt lat="34.33012543793999" lon="108.9796537021267">
        <ele>395.6997488029301</ele>
        <time>2022-03-17T21:38:48Z</time>
      </trkpt>
      <trkpt lat="34.330586244686586" lon="108.9796696457012">
        <ele>394.6043214024976</ele>
        <time>2022-03-17T21:38:58Z</time>
      </trkpt>
      <trkpt lat="34.33066760814244" lon="108.97971246583604">
        <ele>394.6415754277259</ele>
        <time>2022-03-17T21:39:00Z</time>
      </trkpt>
      <trkpt lat="34.330732259485316" lon="108.97980393727161">
        <ele>395.36822700407356</ele>
        <time>2022-03-17T21:39:02Z</time>
      </trkpt>
      <trkpt lat="34.330772413035774" lon="108.97990989096154">
        <ele>395.59543289244175</ele>
        <time>2022-03-17T21:39:04Z</time>
      </trkpt>
      <trkpt lat="34.33076822108346" lon="108.98027235112143">
        <ele>395.46349993534386</ele>
        <time>2022-03-17T21:39:10Z</time>
      </trkpt>
      <trkpt lat="34.330726577374584" lon="108.98065912152738">
        <ele>394.1155558647588</ele>
        <time>2022-03-17T21:39:16Z</time>
      </trkpt>
      <trkpt lat="34.330728588923556" lon="108.98125668719213">
        <ele>394.5849217856303</ele>
        <time>2022-03-17T21:39:24Z</time>
      </trkpt>
      <trkpt lat="34.330723792237094" lon="108.98172344466197">
        <ele>395.216231954284</ele>
        <time>2022-03-17T21:39:30Z</time>
      </trkpt>
      <trkpt lat="34.3306879157556" lon="108.98234493401395">
        <ele>394.36148155480623</ele>
        <time>2022-03-17T21:39:38Z</time>
      </trkpt>
      <trkpt lat="34.33067688390584" lon="108.98299660136274">
        <ele>394.41616762895137</ele>
        <time>2022-03-17T21:39:46Z</time>
      </trkpt>
      <trkpt lat="34.33066868791955" lon="108.9836457898951">
        <ele>395.11355334240943</ele>
        <time>2022-03-17T21:39:54Z</time>
      </trkpt>
      <trkpt lat="34.33066290156478" lon="108.98431335337659">
        <ele>394.67206312995404</ele>
        <time>2022-03-17T21:40:02Z</time>
      </trkpt>
      <trkpt lat="34.33066243639933" lon="108.98465261690643">
        <ele>394.4177228035405</ele>
        <time>2022-03-17T21:40:06Z</time>
      </trkpt>
      <trkpt lat="34.33063910695885" lon="108.98532396181405">
        <ele>393.92251428216696</ele>
        <time>2022-03-17T21:40:14Z</time>
      </trkpt>
      <trkpt lat="34.33062658673725" lon="108.98567861105545">
        <ele>393.7038641832769</ele>
        <time>2022-03-17T21:40:18Z</time>
      </trkpt>
      <trkpt lat="34.33066133151058" lon="108.98599449070431">
        <ele>393.421268876642</ele>
        <time>2022-03-17T21:40:22Z</time>
      </trkpt>
      <trkpt lat="34.33063588555838" lon="108.98617104005052">
        <ele>393.65747083257884</ele>
        <time>2022-03-17T21:40:24Z</time>
      </trkpt>
      <trkpt lat="34.330699128969236" lon="108.98626849622762">
        <ele>393.64836528059095</ele>
        <time>2022-03-17T21:40:26Z</time>
      </trkpt>
      <trkpt lat="34.33070615347623" lon="108.9864586554831">
        <ele>393.47249425575137</ele>
        <time>2022-03-17T21:40:28Z</time>
      </trkpt>
      <trkpt lat="34.33074016187166" lon="108.98665742775013">
        <ele>392.4597655069083</ele>
        <time>2022-03-17T21:40:30Z</time>
      </trkpt>
      <trkpt lat="34.33074213303181" lon="108.98684389287433">
        <ele>392.5310720698908</ele>
        <time>2022-03-17T21:40:32Z</time>
      </trkpt>
      <trkpt lat="34.33078262927885" lon="108.98708011555046">
        <ele>392.96888690348715</ele>
        <time>2022-03-17T21:40:34Z</time>
      </trkpt>
      <trkpt lat="34.33062890565143" lon="108.98724849142174">
        <ele>392.3549237828702</ele>
        <time>2022-03-17T21:40:36Z</time>
      </trkpt>
      <trkpt lat="34.330840707783416" lon="108.98740601404336">
        <ele>393.12153787817806</ele>
        <time>2022-03-17T21:40:38Z</time>
      </trkpt>
      <trkpt lat="34.33067849519633" lon="108.98777584791438">
        <ele>392.8128595678136</ele>
        <time>2022-03-17T21:40:42Z</time>
      </trkpt>
      <trkpt lat="34.33052579674357" lon="108.98795248808673">
        <ele>392.18669356592</ele>
        <time>2022-03-17T21:40:44Z</time>
      </trkpt>
      <trkpt lat="34.33053160957669" lon="108.98814976422915">
        <ele>392.65203635115176</ele>
        <time>2022-03-17T21:40:46Z</time>
      </trkpt>
      <trkpt lat="34.33049204658464" lon="108.98833637769252">
        <ele>393.10710300598294</ele>
        <time>2022-03-17T21:40:48Z</time>
      </trkpt>
      <trkpt lat="34.33055631850339" lon="108.98874700001322">
        <ele>393.1327935233712</ele>
        <time>2022-03-17T21:40:52Z</time>
      </trkpt>
      <trkpt lat="34.33055478955216" lon="108.98934132198606">
        <ele>392.45268749445677</ele>
        <time>2022-03-17T21:40:58Z</time>
      </trkpt>
      <trkpt lat="34.330584814954506" lon="108.98985965523255">
        <ele>391.5285136466846</ele>
        <time>2022-03-17T21:41:04Z</time>
      </trkpt>
      <trkpt lat="34.33058870439316" lon="108.9900289938176">
        <ele>391.82010712102056</ele>
        <time>2022-03-17T21:41:06Z</time>
      </trkpt>
      <trkpt lat="34.330610604054776" lon="108.99019114167035">
        <ele>391.5950573403388</ele>
        <time>2022-03-17T21:41:08Z</time>
      </trkpt>
      <trkpt lat="34.330591134700924" lon="108.99064412803659">
        <ele>391.26576906070113</ele>
        <time>2022-03-17T21:41:14Z</time>
      </trkpt>
      <trkpt lat="34.330600743782064" lon="108.9909946298979">
        <ele>391.3351054703817</ele>
        <time>2022-03-17T21:41:18Z</time>
      </trkpt>
      <trkpt lat="34.33064283385551" lon="108.99132564693929">
        <ele>391.9576843492687</ele>
        <time>2022-03-17T21:41:22Z</time>
      </trkpt>
      <trkpt lat="34.33063546559453" lon="108.99146773733666">
        <ele>391.64484258182347</ele>
        <time>2022-03-17T21:41:24Z</time>
      </trkpt>
      <trkpt lat="34.33065065353995" lon="108.99162571193746">
        <ele>391.9152818247676</ele>
        <time>2022-03-17T21:41:26Z</time>
      </trkpt>
      <trkpt lat="34.330592784782574" lon="108.99230362060936">
        <ele>392.89045330602676</ele>
        <time>2022-03-17T21:41:34Z</time>
      </trkpt>
      <trkpt lat="34.33058471479747" lon="108.99283634630815">
        <ele>392.9751357510686</ele>
        <time>2022-03-17T21:41:40Z</time>
      </trkpt>
      <trkpt lat="34.33055526595011" lon="108.99338621608281">
        <ele>394.41987511795014</ele>
        <time>2022-03-17T21:41:46Z</time>
      </trkpt>
      <trkpt lat="34.33059227129507" lon="108.9940556767063">
        <ele>393.77977121435106</ele>
        <time>2022-03-17T21:41:54Z</time>
      </trkpt>
      <trkpt lat="34.33058979164235" lon="108.99455824793564">
        <ele>393.32885672245175</ele>
        <time>2022-03-17T21:42:00Z</time>
      </trkpt>
      <trkpt lat="34.33065494538258" lon="108.99507320263042">
        <ele>393.8122468199581</ele>
        <time>2022-03-17T21:42:06Z</time>
      </trkpt>
      <trkpt lat="34.33072546557084" lon="108.99525011657181">
        <ele>393.61687129177153</ele>
        <time>2022-03-17T21:42:08Z</time>
      </trkpt>
      <trkpt lat="34.33073645762648" lon="108.99572608647536">
        <ele>392.953554331325</ele>
        <time>2022-03-17T21:42:14Z</time>
      </trkpt>
      <trkpt lat="34.33082593383546" lon="108.9961135483417">
        <ele>392.9001953098923</ele>
        <time>2022-03-17T21:42:18Z</time>
      </trkpt>
      <trkpt lat="34.33092344402513" lon="108.99667647886064">
        <ele>393.0712985713035</ele>
        <time>2022-03-17T21:42:24Z</time>
      </trkpt>
      <trkpt lat="34.330975288326385" lon="108.99685858357002">
        <ele>393.36814856156707</ele>
        <time>2022-03-17T21:42:26Z</time>
      </trkpt>
      <trkpt lat="34.331004484602126" lon="108.9970540277331">
        <ele>393.57526682224125</ele>
        <time>2022-03-17T21:42:28Z</time>
      </trkpt>
      <trkpt lat="34.33114394416596" lon="108.9975704341276">
        <ele>392.74353181105107</ele>
        <time>2022-03-17T21:42:34Z</time>
      </trkpt>
      <trkpt lat="34.33126870063827" lon="108.99809949888872">
        <ele>392.1948713771999</ele>
        <time>2022-03-17T21:42:40Z</time>
      </trkpt>
      <trkpt lat="34.33137938701187" lon="108.99864030298106">
        <ele>391.30635717045516</ele>
        <time>2022-03-17T21:42:46Z</time>
      </trkpt>
      <trkpt lat="34.33145180891848" lon="108.99918820639445">
        <ele>391.03379270713776</ele>
        <time>2022-03-17T21:42:52Z</time>
      </trkpt>
      <trkpt lat="34.33149046599032" lon="108.99975630574731">
        <ele>390.798225347884</ele>
        <time>2022-03-17T21:42:58Z</time>
      </trkpt>
      <trkpt lat="34.33152768000892" lon="109.00031989484269">
        <ele>390.7535857660696</ele>
        <time>2022-03-17T21:43:04Z</time>
      </trkpt>
      <trkpt lat="34.33150822877878" lon="109.00098388703816">
        <ele>389.5409454694018</ele>
        <time>2022-03-17T21:43:12Z</time>
      </trkpt>
      <trkpt lat="34.33149298044393" lon="109.00159630429188">
        <ele>390.04942153859884</ele>
        <time>2022-03-17T21:43:19Z</time>
      </trkpt>
      <trkpt lat="34.33148923023452" lon="109.00214665053377">
        <ele>389.913478968665</ele>
        <time>2022-03-17T21:43:25Z</time>
      </trkpt>
      <trkpt lat="34.33147520280251" lon="109.0027119735691">
        <ele>389.4779941206798</ele>
        <time>2022-03-17T21:43:31Z</time>
      </trkpt>
      <trkpt lat="34.331463679414746" lon="109.00328112542138">
        <ele>388.4711765339598</ele>
        <time>2022-03-17T21:43:37Z</time>
      </trkpt>
      <trkpt lat="34.331449273119475" lon="109.00384365027908">
        <ele>388.27214563265443</ele>
        <time>2022-03-17T21:43:43Z</time>
      </trkpt>
      <trkpt lat="34.33144539303114" lon="109.0040252653168">
        <ele>388.12318002060056</ele>
        <time>2022-03-17T21:43:45Z</time>
      </trkpt>
      <trkpt lat="34.33147723678217" lon="109.00421221141619">
        <ele>387.141054934822</ele>
        <time>2022-03-17T21:43:47Z</time>
      </trkpt>
      <trkpt lat="34.331464744041604" lon="109.00476966302193">
        <ele>387.139955598861</ele>
        <time>2022-03-17T21:43:53Z</time>
      </trkpt>
      <trkpt lat="34.33145649989097" lon="109.00496002923306">
        <ele>386.173826164566</ele>
        <time>2022-03-17T21:43:55Z</time>
      </trkpt>
      <trkpt lat="34.33148972695444" lon="109.00537070284282">
        <ele>386.72240188065916</ele>
        <time>2022-03-17T21:43:59Z</time>
      </trkpt>
      <trkpt lat="34.3314450990747" lon="109.00580207857794">
        <ele>386.8732128525153</ele>
        <time>2022-03-17T21:44:03Z</time>
      </trkpt>
      <trkpt lat="34.33144117048614" lon="109.00642261398717">
        <ele>386.36651981808245</ele>
        <time>2022-03-17T21:44:09Z</time>
      </trkpt>
      <trkpt lat="34.331430758393594" lon="109.00700211129993">
        <ele>387.21545546874404</ele>
        <time>2022-03-17T21:44:15Z</time>
      </trkpt>
      <trkpt lat="34.33141058493615" lon="109.00764908995077">
        <ele>386.42290697898716</ele>
        <time>2022-03-17T21:44:22Z</time>
      </trkpt>
      <trkpt lat="34.33137518134012" lon="109.00833408209489">
        <ele>386.97747228015214</ele>
        <time>2022-03-17T21:44:30Z</time>
      </trkpt>
      <trkpt lat="34.33137024449132" lon="109.00901284480864">
        <ele>386.17630077525973</ele>
        <time>2022-03-17T21:44:38Z</time>
      </trkpt>
      <trkpt lat="34.331384557694896" lon="109.00956107293905">
        <ele>386.3871476035565</ele>
        <time>2022-03-17T21:44:44Z</time>
      </trkpt>
      <trkpt lat="34.331434248471936" lon="109.01011501820157">
        <ele>386.7493202155456</ele>
        <time>2022-03-17T21:44:50Z</time>
      </trkpt>
      <trkpt lat="34.33150825192829" lon="109.01064929672516">
        <ele>387.0342766866088</ele>
        <time>2022-03-17T21:44:56Z</time>
      </trkpt>
      <trkpt lat="34.33164119839373" lon="109.011172371743">
        <ele>387.25285288505256</ele>
        <time>2022-03-17T21:45:02Z</time>
      </trkpt>
      <trkpt lat="34.331807453942794" lon="109.01167926053266">
        <ele>387.77501128055155</ele>
        <time>2022-03-17T21:45:08Z</time>
      </trkpt>
      <trkpt lat="34.33207681102807" lon="109.0122478672341">
        <ele>388.089010826312</ele>
        <time>2022-03-17T21:45:16Z</time>
      </trkpt>
      <trkpt lat="34.33217914053409" lon="109.01253519923854">
        <ele>387.3889944013208</ele>
        <time>2022-03-17T21:45:20Z</time>
      </trkpt>
      <trkpt lat="34.33238322927072" lon="109.01292778008234">
        <ele>389.12444465607405</ele>
        <time>2022-03-17T21:45:26Z</time>
      </trkpt>
      <trkpt lat="34.332637622888974" lon="109.01335465518468">
        <ele>388.72071202192456</ele>
        <time>2022-03-17T21:45:34Z</time>
      </trkpt>
      <trkpt lat="34.332886426078844" lon="109.01383186559697">
        <ele>386.9421725748107</ele>
        <time>2022-03-17T21:45:42Z</time>
      </trkpt>
      <trkpt lat="34.33315680591425" lon="109.01436325504999">
        <ele>385.4295483380556</ele>
        <time>2022-03-17T21:45:50Z</time>
      </trkpt>
      <trkpt lat="34.33345282833139" lon="109.01491013645582">
        <ele>386.42666681017727</ele>
        <time>2022-03-17T21:45:58Z</time>
      </trkpt>
      <trkpt lat="34.33362092972689" lon="109.0152025157275">
        <ele>385.666417138651</ele>
        <time>2022-03-17T21:46:02Z</time>
      </trkpt>
      <trkpt lat="34.333919911458764" lon="109.01563149991178">
        <ele>385.629699986428</ele>
        <time>2022-03-17T21:46:08Z</time>
      </trkpt>
      <trkpt lat="34.33421606758137" lon="109.01602976160056">
        <ele>385.1271618036553</ele>
        <time>2022-03-17T21:46:14Z</time>
      </trkpt>
      <trkpt lat="34.334515710581954" lon="109.0164038379402">
        <ele>385.2788745732978</ele>
        <time>2022-03-17T21:46:20Z</time>
      </trkpt>
      <trkpt lat="34.33481514186509" lon="109.01678765196827">
        <ele>385.34913284517825</ele>
        <time>2022-03-17T21:46:26Z</time>
      </trkpt>
      <trkpt lat="34.33512697305479" lon="109.01717797608302">
        <ele>385.79198634345084</ele>
        <time>2022-03-17T21:46:32Z</time>
      </trkpt>
      <trkpt lat="34.335437982601" lon="109.01756755832382">
        <ele>387.4623380396515</ele>
        <time>2022-03-17T21:46:42Z</time>
      </trkpt>
      <trkpt lat="34.33578686183018" lon="109.01795364861223">
        <ele>387.1830943133682</ele>
        <time>2022-03-17T21:46:54Z</time>
      </trkpt>
      <trkpt lat="34.33617867749876" lon="109.0183628258164">
        <ele>382.98491321410984</ele>
        <time>2022-03-17T21:47:04Z</time>
      </trkpt>
      <trkpt lat="34.336523492502096" lon="109.0187228034458">
        <ele>381.0898911729455</ele>
        <time>2022-03-17T21:47:12Z</time>
      </trkpt>
      <trkpt lat="34.33687540184649" lon="109.01907771443754">
        <ele>380.78661230765283</ele>
        <time>2022-03-17T21:47:20Z</time>
      </trkpt>
      <trkpt lat="34.33724085683428" lon="109.0194493087227">
        <ele>380.53534414060414</ele>
        <time>2022-03-17T21:47:28Z</time>
      </trkpt>
      <trkpt lat="34.337616528746" lon="109.01983522874232">
        <ele>380.5969251478091</ele>
        <time>2022-03-17T21:47:36Z</time>
      </trkpt>
      <trkpt lat="34.3380223963936" lon="109.02023819210223">
        <ele>380.6752087017521</ele>
        <time>2022-03-17T21:47:44Z</time>
      </trkpt>
      <trkpt lat="34.33844936682735" lon="109.02067078297301">
        <ele>380.1708830771968</ele>
        <time>2022-03-17T21:47:52Z</time>
      </trkpt>
      <trkpt lat="34.338877416287346" lon="109.02110273781608">
        <ele>381.4772608168423</ele>
        <time>2022-03-17T21:48:00Z</time>
      </trkpt>
      <trkpt lat="34.339305706951635" lon="109.02152457523017">
        <ele>384.63810313958675</ele>
        <time>2022-03-17T21:48:08Z</time>
      </trkpt>
      <trkpt lat="34.33972511087699" lon="109.02195797353525">
        <ele>385.22784937918186</ele>
        <time>2022-03-17T21:48:16Z</time>
      </trkpt>
      <trkpt lat="34.34012529416103" lon="109.02236199802836">
        <ele>383.041721877642</ele>
        <time>2022-03-17T21:48:24Z</time>
      </trkpt>
      <trkpt lat="34.34054583696731" lon="109.02279548565637">
        <ele>382.3537044841796</ele>
        <time>2022-03-17T21:48:32Z</time>
      </trkpt>
      <trkpt lat="34.3408906626166" lon="109.023158511815">
        <ele>382.8741216119379</ele>
        <time>2022-03-17T21:48:38Z</time>
      </trkpt>
      <trkpt lat="34.34123498841954" lon="109.02349415416478">
        <ele>383.9563277522102</ele>
        <time>2022-03-17T21:48:44Z</time>
      </trkpt>
      <trkpt lat="34.34144384004749" lon="109.02373087162503">
        <ele>384.0664968723431</ele>
        <time>2022-03-17T21:48:48Z</time>
      </trkpt>
      <trkpt lat="34.341505435353014" lon="109.0238823569519">
        <ele>384.15110327582806</ele>
        <time>2022-03-17T21:48:50Z</time>
      </trkpt>
      <trkpt lat="34.34150588327306" lon="109.02405636799686">
        <ele>384.5035888347775</ele>
        <time>2022-03-17T21:48:52Z</time>
      </trkpt>
      <trkpt lat="34.34143627364326" lon="109.02420919683418">
        <ele>384.6159837031737</ele>
        <time>2022-03-17T21:48:54Z</time>
      </trkpt>
      <trkpt lat="34.34104534592931" lon="109.02470958906609">
        <ele>384.71282041817904</ele>
        <time>2022-03-17T21:49:02Z</time>
      </trkpt>
      <trkpt lat="34.34068201532525" lon="109.02523128354574">
        <ele>384.58309148903936</ele>
        <time>2022-03-17T21:49:10Z</time>
      </trkpt>
      <trkpt lat="34.34059349787449" lon="109.02536037899245">
        <ele>384.7168249823153</ele>
        <time>2022-03-17T21:49:12Z</time>
      </trkpt>
      <trkpt lat="34.34023756992906" lon="109.02585415960027">
        <ele>385.20379565190524</ele>
        <time>2022-03-17T21:49:20Z</time>
      </trkpt>
      <trkpt lat="34.339873066778445" lon="109.0263876621006">
        <ele>385.7146415496245</ele>
        <time>2022-03-17T21:49:28Z</time>
      </trkpt>
      <trkpt lat="34.33956854791415" lon="109.02680511355874">
        <ele>386.31828867364675</ele>
        <time>2022-03-17T21:49:34Z</time>
      </trkpt>
      <trkpt lat="34.33927628950038" lon="109.02722968975851">
        <ele>386.33117749355733</ele>
        <time>2022-03-17T21:49:40Z</time>
      </trkpt>
      <trkpt lat="34.33899331238037" lon="109.02765364578107">
        <ele>386.1529769822955</ele>
        <time>2022-03-17T21:49:46Z</time>
      </trkpt>
      <trkpt lat="34.33873074552974" lon="109.02811119312939">
        <ele>386.2161208987236</ele>
        <time>2022-03-17T21:49:52Z</time>
      </trkpt>
      <trkpt lat="34.33847153669079" lon="109.02857680835486">
        <ele>386.7816223902628</ele>
        <time>2022-03-17T21:49:58Z</time>
      </trkpt>
      <trkpt lat="34.33821296981799" lon="109.02904581184552">
        <ele>387.1639066869393</ele>
        <time>2022-03-17T21:50:04Z</time>
      </trkpt>
      <trkpt lat="34.337940678980225" lon="109.02952189738282">
        <ele>386.77648243214935</ele>
        <time>2022-03-17T21:50:10Z</time>
      </trkpt>
      <trkpt lat="34.33767411064585" lon="109.03000144052388">
        <ele>386.7646380905062</ele>
        <time>2022-03-17T21:50:16Z</time>
      </trkpt>
      <trkpt lat="34.33740707304389" lon="109.03046163050541">
        <ele>386.9438595343381</ele>
        <time>2022-03-17T21:50:22Z</time>
      </trkpt>
      <trkpt lat="34.337155265605844" lon="109.0309026254637">
        <ele>386.47154545783997</ele>
        <time>2022-03-17T21:50:28Z</time>
      </trkpt>
      <trkpt lat="34.33691964573249" lon="109.03134301943238">
        <ele>387.5515669072047</ele>
        <time>2022-03-17T21:50:34Z</time>
      </trkpt>
      <trkpt lat="34.33666478189689" lon="109.03179557716852">
        <ele>388.05941516906023</ele>
        <time>2022-03-17T21:50:40Z</time>
      </trkpt>
      <trkpt lat="34.33640579370266" lon="109.03225673945424">
        <ele>387.4714890057221</ele>
        <time>2022-03-17T21:50:46Z</time>
      </trkpt>
      <trkpt lat="34.33615548779316" lon="109.03270095941839">
        <ele>387.87137988582253</ele>
        <time>2022-03-17T21:50:52Z</time>
      </trkpt>
      <trkpt lat="34.33589680768883" lon="109.03315215680094">
        <ele>387.27216094266623</ele>
        <time>2022-03-17T21:50:58Z</time>
      </trkpt>
      <trkpt lat="34.33563919809752" lon="109.03360048600851">
        <ele>387.3881926732138</ele>
        <time>2022-03-17T21:51:04Z</time>
      </trkpt>
      <trkpt lat="34.335368130628986" lon="109.03405217821482">
        <ele>387.8611359661445</ele>
        <time>2022-03-17T21:51:10Z</time>
      </trkpt>
      <trkpt lat="34.335121986986984" lon="109.03451217972862">
        <ele>388.46123875211924</ele>
        <time>2022-03-17T21:51:16Z</time>
      </trkpt>
      <trkpt lat="34.334845526331875" lon="109.03497381128676">
        <ele>387.86694731283933</ele>
        <time>2022-03-17T21:51:22Z</time>
      </trkpt>
      <trkpt lat="34.33459766372387" lon="109.03545425759704">
        <ele>388.4937922200188</ele>
        <time>2022-03-17T21:51:28Z</time>
      </trkpt>
      <trkpt lat="34.33431594832495" lon="109.03590951961488">
        <ele>387.7865987997502</ele>
        <time>2022-03-17T21:51:34Z</time>
      </trkpt>
      <trkpt lat="34.334052013543406" lon="109.03637950307633">
        <ele>388.2408361285925</ele>
        <time>2022-03-17T21:51:40Z</time>
      </trkpt>
      <trkpt lat="34.33378094146013" lon="109.03685178673142">
        <ele>388.5544290198013</ele>
        <time>2022-03-17T21:51:46Z</time>
      </trkpt>
      <trkpt lat="34.333534162922355" lon="109.03730578869033">
        <ele>388.6665348848328</ele>
        <time>2022-03-17T21:51:52Z</time>
      </trkpt>
      <trkpt lat="34.33328745230979" lon="109.03775557981763">
        <ele>388.73212166223675</ele>
        <time>2022-03-17T21:51:58Z</time>
      </trkpt>
      <trkpt lat="34.33298510157806" lon="109.03826554386578">
        <ele>389.2571885045618</ele>
        <time>2022-03-17T21:52:05Z</time>
      </trkpt>
      <trkpt lat="34.33274900851261" lon="109.03872387730152">
        <ele>389.3626627800986</ele>
        <time>2022-03-17T21:52:11Z</time>
      </trkpt>
      <trkpt lat="34.332510577237635" lon="109.03919490065383">
        <ele>389.05323966313154</ele>
        <time>2022-03-17T21:52:17Z</time>
      </trkpt>
      <trkpt lat="34.332242946498496" lon="109.03964594798873">
        <ele>389.5656482465565</ele>
        <time>2022-03-17T21:52:23Z</time>
      </trkpt>
      <trkpt lat="34.331974860670464" lon="109.0401264014873">
        <ele>390.6400234801695</ele>
        <time>2022-03-17T21:52:29Z</time>
      </trkpt>
      <trkpt lat="34.33170822758833" lon="109.04060684177779">
        <ele>390.61137966718525</ele>
        <time>2022-03-17T21:52:35Z</time>
      </trkpt>
      <trkpt lat="34.331397013066216" lon="109.04114801937153">
        <ele>389.2809323137626</ele>
        <time>2022-03-17T21:52:42Z</time>
      </trkpt>
      <trkpt lat="34.33113910833186" lon="109.04162167636498">
        <ele>389.4710185555741</ele>
        <time>2022-03-17T21:52:48Z</time>
      </trkpt>
      <trkpt lat="34.330901982470905" lon="109.04209401312724">
        <ele>389.1831935895607</ele>
        <time>2022-03-17T21:52:54Z</time>
      </trkpt>
      <trkpt lat="34.33063921703631" lon="109.04254756927173">
        <ele>389.6678490526974</ele>
        <time>2022-03-17T21:53:00Z</time>
      </trkpt>
      <trkpt lat="34.33036126576454" lon="109.04303029308555">
        <ele>390.0089994734153</ele>
        <time>2022-03-17T21:53:06Z</time>
      </trkpt>
      <trkpt lat="34.33009710562541" lon="109.0434813499995">
        <ele>390.28312132135034</ele>
        <time>2022-03-17T21:53:12Z</time>
      </trkpt>
      <trkpt lat="34.32983907972649" lon="109.04391725993136">
        <ele>390.2188843302429</ele>
        <time>2022-03-17T21:53:18Z</time>
      </trkpt>
      <trkpt lat="34.329501915980366" lon="109.04448883111138">
        <ele>388.27283670846373</ele>
        <time>2022-03-17T21:53:26Z</time>
      </trkpt>
      <trkpt lat="34.32925063534565" lon="109.04492607907403">
        <ele>385.5243631461635</ele>
        <time>2022-03-17T21:53:32Z</time>
      </trkpt>
      <trkpt lat="34.328953132805616" lon="109.04544163632895">
        <ele>388.8991778921336</ele>
        <time>2022-03-17T21:53:40Z</time>
      </trkpt>
      <trkpt lat="34.328884356902385" lon="109.04555850636713">
        <ele>389.3726835260168</ele>
        <time>2022-03-17T21:53:42Z</time>
      </trkpt>
      <trkpt lat="34.32889485688446" lon="109.04568267604277">
        <ele>389.5661830455065</ele>
        <time>2022-03-17T21:53:44Z</time>
      </trkpt>
      <trkpt lat="34.32899250903768" lon="109.04571311480677">
        <ele>389.84372531156987</ele>
        <time>2022-03-17T21:53:46Z</time>
      </trkpt>
      <trkpt lat="34.32909423322003" lon="109.04562524773469">
        <ele>390.24293753970414</ele>
        <time>2022-03-17T21:53:48Z</time>
      </trkpt>
      <trkpt lat="34.32913754152397" lon="109.04547015812001">
        <ele>390.6614001505077</ele>
        <time>2022-03-17T21:53:50Z</time>
      </trkpt>
      <trkpt lat="34.32945678473481" lon="109.04489384460605">
        <ele>388.7369764894247</ele>
        <time>2022-03-17T21:53:58Z</time>
      </trkpt>
      <trkpt lat="34.329729520523415" lon="109.04445512906186">
        <ele>386.03500937484205</ele>
        <time>2022-03-17T21:54:04Z</time>
      </trkpt>
      <trkpt lat="34.329989805163514" lon="109.04397514205814">
        <ele>388.085038905032</ele>
        <time>2022-03-17T21:54:10Z</time>
      </trkpt>
      <trkpt lat="34.330247342631004" lon="109.04348569718609">
        <ele>388.9275720631704</ele>
        <time>2022-03-17T21:54:16Z</time>
      </trkpt>
      <trkpt lat="34.33053649142026" lon="109.04301319373751">
        <ele>388.77258802205324</ele>
        <time>2022-03-17T21:54:22Z</time>
      </trkpt>
      <trkpt lat="34.33079429004685" lon="109.04252437986611">
        <ele>389.412468845956</ele>
        <time>2022-03-17T21:54:28Z</time>
      </trkpt>
      <trkpt lat="34.330945689003" lon="109.04221097295209">
        <ele>389.77397149428725</ele>
        <time>2022-03-17T21:54:32Z</time>
      </trkpt>
      <trkpt lat="34.33121673853011" lon="109.04176851715816">
        <ele>389.049550620839</ele>
        <time>2022-03-17T21:54:38Z</time>
      </trkpt>
      <trkpt lat="34.331508064104" lon="109.04132036428261">
        <ele>388.6522074425593</ele>
        <time>2022-03-17T21:54:44Z</time>
      </trkpt>
      <trkpt lat="34.33178019054105" lon="109.04085284084599">
        <ele>389.7195721017197</ele>
        <time>2022-03-17T21:54:50Z</time>
      </trkpt>
      <trkpt lat="34.33205004195885" lon="109.04036887333221">
        <ele>389.2681824080646</ele>
        <time>2022-03-17T21:54:56Z</time>
      </trkpt>
      <trkpt lat="34.332334358287035" lon="109.03988754570531">
        <ele>389.24760601017624</ele>
        <time>2022-03-17T21:55:02Z</time>
      </trkpt>
      <trkpt lat="34.332608850476745" lon="109.03940118000114">
        <ele>389.50771795772016</ele>
        <time>2022-03-17T21:55:08Z</time>
      </trkpt>
      <trkpt lat="34.332891154238936" lon="109.03891173185252">
        <ele>389.27350181993097</ele>
        <time>2022-03-17T21:55:14Z</time>
      </trkpt>
      <trkpt lat="34.33315909680544" lon="109.03840977434376">
        <ele>389.05903652403504</ele>
        <time>2022-03-17T21:55:20Z</time>
      </trkpt>
      <trkpt lat="34.33342570164327" lon="109.03793911358898">
        <ele>389.3936101216823</ele>
        <time>2022-03-17T21:55:26Z</time>
      </trkpt>
      <trkpt lat="34.33369821347264" lon="109.0374639593004">
        <ele>389.25340870115906</ele>
        <time>2022-03-17T21:55:32Z</time>
      </trkpt>
      <trkpt lat="34.33398195567357" lon="109.03698622154364">
        <ele>388.4831949258223</ele>
        <time>2022-03-17T21:55:38Z</time>
      </trkpt>
      <trkpt lat="34.334271552751865" lon="109.03647712169989">
        <ele>387.7868405561894</ele>
        <time>2022-03-17T21:55:44Z</time>
      </trkpt>
      <trkpt lat="34.33456457113332" lon="109.03597726742053">
        <ele>387.4460496297106</ele>
        <time>2022-03-17T21:55:50Z</time>
      </trkpt>
      <trkpt lat="34.33484250264612" lon="109.03548957095128">
        <ele>387.4877960057929</ele>
        <time>2022-03-17T21:55:56Z</time>
      </trkpt>
      <trkpt lat="34.33512165601427" lon="109.03499122360448">
        <ele>387.5164041016251</ele>
        <time>2022-03-17T21:56:02Z</time>
      </trkpt>
      <trkpt lat="34.3354037207124" lon="109.03450400244473">
        <ele>387.40577653888613</ele>
        <time>2022-03-17T21:56:08Z</time>
      </trkpt>
      <trkpt lat="34.33567632880165" lon="109.0340088423535">
        <ele>387.36549113690853</ele>
        <time>2022-03-17T21:56:14Z</time>
      </trkpt>
      <trkpt lat="34.33595519571062" lon="109.03351907458591">
        <ele>387.6681752828881</ele>
        <time>2022-03-17T21:56:20Z</time>
      </trkpt>
      <trkpt lat="34.33621748681726" lon="109.03305302169316">
        <ele>387.46607650257647</ele>
        <time>2022-03-17T21:56:26Z</time>
      </trkpt>
      <trkpt lat="34.336490162262486" lon="109.0325773854217">
        <ele>387.11148298718035</ele>
        <time>2022-03-17T21:56:32Z</time>
      </trkpt>
      <trkpt lat="34.336769012143115" lon="109.03210062589324">
        <ele>386.6953502073884</ele>
        <time>2022-03-17T21:56:38Z</time>
      </trkpt>
      <trkpt lat="34.33704553312531" lon="109.03159962788631">
        <ele>386.25118962302804</ele>
        <time>2022-03-17T21:56:44Z</time>
      </trkpt>
      <trkpt lat="34.33731723444408" lon="109.0311091399699">
        <ele>387.27480859309435</ele>
        <time>2022-03-17T21:56:50Z</time>
      </trkpt>
      <trkpt lat="34.33759429287539" lon="109.03061385537201">
        <ele>386.19517052266747</ele>
        <time>2022-03-17T21:56:56Z</time>
      </trkpt>
      <trkpt lat="34.337867646727354" lon="109.03010924682218">
        <ele>386.75710282474756</ele>
        <time>2022-03-17T21:57:02Z</time>
      </trkpt>
      <trkpt lat="34.33814226255177" lon="109.02962774089066">
        <ele>386.9159580171108</ele>
        <time>2022-03-17T21:57:08Z</time>
      </trkpt>
      <trkpt lat="34.338402683179964" lon="109.02915827715664">
        <ele>387.021554951556</ele>
        <time>2022-03-17T21:57:14Z</time>
      </trkpt>
      <trkpt lat="34.33865273652405" lon="109.02872275526451">
        <ele>387.18546976614743</ele>
        <time>2022-03-17T21:57:20Z</time>
      </trkpt>
      <trkpt lat="34.33889356007226" lon="109.02827220556033">
        <ele>386.738222848624</ele>
        <time>2022-03-17T21:57:26Z</time>
      </trkpt>
      <trkpt lat="34.339128271456076" lon="109.02782412807815">
        <ele>386.55550707224756</ele>
        <time>2022-03-17T21:57:32Z</time>
      </trkpt>
      <trkpt lat="34.33937875457992" lon="109.02739004663194">
        <ele>385.42436399683356</ele>
        <time>2022-03-17T21:57:38Z</time>
      </trkpt>
      <trkpt lat="34.33967489692546" lon="109.02696179506225">
        <ele>385.0937291420996</ele>
        <time>2022-03-17T21:57:44Z</time>
      </trkpt>
      <trkpt lat="34.33998471230637" lon="109.02652730690652">
        <ele>384.8450937960297</ele>
        <time>2022-03-17T21:57:50Z</time>
      </trkpt>
      <trkpt lat="34.3403058418873" lon="109.02607786348806">
        <ele>384.3807187555358</ele>
        <time>2022-03-17T21:57:56Z</time>
      </trkpt>
      <trkpt lat="34.34062769659111" lon="109.02562066301466">
        <ele>384.41128470376134</ele>
        <time>2022-03-17T21:58:02Z</time>
      </trkpt>
      <trkpt lat="34.340947844506616" lon="109.02517561430824">
        <ele>384.2596278693527</ele>
        <time>2022-03-17T21:58:08Z</time>
      </trkpt>
      <trkpt lat="34.34111686397491" lon="109.02509952822444">
        <ele>385.35949892923236</ele>
        <time>2022-03-17T21:58:10Z</time>
      </trkpt>
      <trkpt lat="34.34142522760011" lon="109.02468946501546">
        <ele>385.8714568885043</ele>
        <time>2022-03-17T21:58:16Z</time>
      </trkpt>
      <trkpt lat="34.34151784175506" lon="109.0245662696322">
        <ele>386.02354811504483</ele>
        <time>2022-03-17T21:58:18Z</time>
      </trkpt>
      <trkpt lat="34.34154941616559" lon="109.0242428623822">
        <ele>384.92312966659665</ele>
        <time>2022-03-17T21:58:22Z</time>
      </trkpt>
      <trkpt lat="34.34145439766127" lon="109.02417916591284">
        <ele>385.0575725818053</ele>
        <time>2022-03-17T21:58:24Z</time>
      </trkpt>
      <trkpt lat="34.34134385380711" lon="109.02424962344614">
        <ele>385.1547853043303</ele>
        <time>2022-03-17T21:58:26Z</time>
      </trkpt>
      <trkpt lat="34.34133002949799" lon="109.0244535328266">
        <ele>385.2751441793516</ele>
        <time>2022-03-17T21:58:28Z</time>
      </trkpt>
      <trkpt lat="34.341130813904655" lon="109.02471501178398">
        <ele>385.1459447592497</ele>
        <time>2022-03-17T21:58:32Z</time>
      </trkpt>
      <trkpt lat="34.34100417346911" lon="109.02481110914187">
        <ele>385.30993055086583</ele>
        <time>2022-03-17T21:58:34Z</time>
      </trkpt>
      <trkpt lat="34.34072203512305" lon="109.02520726535677">
        <ele>385.1252352753654</ele>
        <time>2022-03-17T21:58:40Z</time>
      </trkpt>
      <trkpt lat="34.340528785793445" lon="109.02547466734643">
        <ele>385.4299559975043</ele>
        <time>2022-03-17T21:58:44Z</time>
      </trkpt>
      <trkpt lat="34.34045066444946" lon="109.02562874025217">
        <ele>385.6391992913559</ele>
        <time>2022-03-17T21:58:46Z</time>
      </trkpt>
      <trkpt lat="34.340339378164586" lon="109.02574419143133">
        <ele>385.59815493319184</ele>
        <time>2022-03-17T21:58:48Z</time>
      </trkpt>
      <trkpt lat="34.340242304509665" lon="109.02587896638005">
        <ele>385.49693626351655</ele>
        <time>2022-03-17T21:58:50Z</time>
      </trkpt>
      <trkpt lat="34.33995899004681" lon="109.0262837765714">
        <ele>385.9140144744888</ele>
        <time>2022-03-17T21:58:56Z</time>
      </trkpt>
      <trkpt lat="34.33965956876805" lon="109.0266755606854">
        <ele>386.2379608079791</ele>
        <time>2022-03-17T21:59:02Z</time>
      </trkpt>
      <trkpt lat="34.33939485692674" lon="109.02708921256023">
        <ele>386.2947323974222</ele>
        <time>2022-03-17T21:59:08Z</time>
      </trkpt>
      <trkpt lat="34.33920616165085" lon="109.02734648267919">
        <ele>385.86300121434033</ele>
        <time>2022-03-17T21:59:12Z</time>
      </trkpt>
      <trkpt lat="34.339151568921494" lon="109.02751702523332">
        <ele>386.1987172383815</ele>
        <time>2022-03-17T21:59:14Z</time>
      </trkpt>
      <trkpt lat="34.339062540752565" lon="109.02765797090393">
        <ele>386.0740237161517</ele>
        <time>2022-03-17T21:59:16Z</time>
      </trkpt>
      <trkpt lat="34.33894301254441" lon="109.02777197546673">
        <ele>386.33598926942796</ele>
        <time>2022-03-17T21:59:18Z</time>
      </trkpt>
      <trkpt lat="34.33869399952877" lon="109.0282179262744">
        <ele>386.72397758439183</ele>
        <time>2022-03-17T21:59:24Z</time>
      </trkpt>
      <trkpt lat="34.3384331823078" lon="109.0286845832358">
        <ele>387.222334202379</ele>
        <time>2022-03-17T21:59:30Z</time>
      </trkpt>
      <trkpt lat="34.33816671947512" lon="109.0291529225373">
        <ele>387.25332609470934</ele>
        <time>2022-03-17T21:59:36Z</time>
      </trkpt>
      <trkpt lat="34.33789049079238" lon="109.02962068208892">
        <ele>386.72616944648325</ele>
        <time>2022-03-17T21:59:42Z</time>
      </trkpt>
      <trkpt lat="34.33762054783111" lon="109.03007206612789">
        <ele>386.3845060085878</ele>
        <time>2022-03-17T21:59:48Z</time>
      </trkpt>
      <trkpt lat="34.33752611133251" lon="109.03021697638769">
        <ele>385.81074934639037</ele>
        <time>2022-03-17T21:59:50Z</time>
      </trkpt>
      <trkpt lat="34.33727888718827" lon="109.0306804224384">
        <ele>386.77175834029913</ele>
        <time>2022-03-17T21:59:56Z</time>
      </trkpt>
      <trkpt lat="34.3370201330714" lon="109.03113496426407">
        <ele>386.7560549201444</ele>
        <time>2022-03-17T22:00:02Z</time>
      </trkpt>
      <trkpt lat="34.336858553426694" lon="109.03145098537368">
        <ele>388.2574202353135</ele>
        <time>2022-03-17T22:00:06Z</time>
      </trkpt>
      <trkpt lat="34.33660565576551" lon="109.03190210344361">
        <ele>387.7507612230256</ele>
        <time>2022-03-17T22:00:12Z</time>
      </trkpt>
      <trkpt lat="34.33634230656891" lon="109.03237975398788">
        <ele>386.7345020910725</ele>
        <time>2022-03-17T22:00:18Z</time>
      </trkpt>
      <trkpt lat="34.33605721368889" lon="109.0328413079918">
        <ele>386.6968949632719</ele>
        <time>2022-03-17T22:00:24Z</time>
      </trkpt>
      <trkpt lat="34.335779980406606" lon="109.03331784558647">
        <ele>387.5523316320032</ele>
        <time>2022-03-17T22:00:30Z</time>
      </trkpt>
      <trkpt lat="34.33559697087883" lon="109.03363703160794">
        <ele>387.7164445538074</ele>
        <time>2022-03-17T22:00:34Z</time>
      </trkpt>
      <trkpt lat="34.335435433177096" lon="109.0339712349706">
        <ele>388.0862060310319</ele>
        <time>2022-03-17T22:00:38Z</time>
      </trkpt>
      <trkpt lat="34.335173689821886" lon="109.03443451650722">
        <ele>388.32187045831233</ele>
        <time>2022-03-17T22:00:44Z</time>
      </trkpt>
      <trkpt lat="34.3349072773491" lon="109.03489578536296">
        <ele>387.96519496291876</ele>
        <time>2022-03-17T22:00:50Z</time>
      </trkpt>
      <trkpt lat="34.33466314142917" lon="109.03537263606177">
        <ele>387.9382567536086</ele>
        <time>2022-03-17T22:00:56Z</time>
      </trkpt>
      <trkpt lat="34.33457404558326" lon="109.03552674719698">
        <ele>387.8463000357151</ele>
        <time>2022-03-17T22:00:58Z</time>
      </trkpt>
      <trkpt lat="34.33446541492035" lon="109.0356652669522">
        <ele>387.68445316608995</ele>
        <time>2022-03-17T22:01:00Z</time>
      </trkpt>
      <trkpt lat="34.334197322619694" lon="109.03613224025102">
        <ele>387.76460275333375</ele>
        <time>2022-03-17T22:01:06Z</time>
      </trkpt>
      <trkpt lat="34.3339322868209" lon="109.03660554499557">
        <ele>387.8790928600356</ele>
        <time>2022-03-17T22:01:12Z</time>
      </trkpt>
      <trkpt lat="34.33366137767624" lon="109.03708362354803">
        <ele>388.9263763576746</ele>
        <time>2022-03-17T22:01:18Z</time>
      </trkpt>
      <trkpt lat="34.333479735266245" lon="109.03739835893144">
        <ele>389.75439655128866</ele>
        <time>2022-03-17T22:01:22Z</time>
      </trkpt>
      <trkpt lat="34.33340206080733" lon="109.0375620316508">
        <ele>388.85180939454585</ele>
        <time>2022-03-17T22:01:24Z</time>
      </trkpt>
      <trkpt lat="34.33313477254716" lon="109.03801740056065">
        <ele>389.5416053170338</ele>
        <time>2022-03-17T22:01:30Z</time>
      </trkpt>
      <trkpt lat="34.33287660501549" lon="109.0384697903797">
        <ele>388.9230965478346</ele>
        <time>2022-03-17T22:01:36Z</time>
      </trkpt>
      <trkpt lat="34.33261635053651" lon="109.03892132254782">
        <ele>389.06111287977546</ele>
        <time>2022-03-17T22:01:42Z</time>
      </trkpt>
      <trkpt lat="34.33235668851626" lon="109.03936295150014">
        <ele>388.97413044422865</ele>
        <time>2022-03-17T22:01:48Z</time>
      </trkpt>
      <trkpt lat="34.33210629486836" lon="109.03982071174553">
        <ele>389.7970895264298</ele>
        <time>2022-03-17T22:01:54Z</time>
      </trkpt>
      <trkpt lat="34.33185030468833" lon="109.04028780705256">
        <ele>389.7579079763964</ele>
        <time>2022-03-17T22:02:00Z</time>
      </trkpt>
      <trkpt lat="34.3315890442883" lon="109.04074972819488">
        <ele>389.8073575310409</ele>
        <time>2022-03-17T22:02:06Z</time>
      </trkpt>
      <trkpt lat="34.331322479965635" lon="109.04121359244543">
        <ele>389.287241788581</ele>
        <time>2022-03-17T22:02:12Z</time>
      </trkpt>
      <trkpt lat="34.33108268314278" lon="109.04170586690341">
        <ele>389.69786627497524</ele>
        <time>2022-03-17T22:02:18Z</time>
      </trkpt>
      <trkpt lat="34.33084611658082" lon="109.04219622708682">
        <ele>388.9269510684535</ele>
        <time>2022-03-17T22:02:24Z</time>
      </trkpt>
      <trkpt lat="34.330559229145194" lon="109.04267031478665">
        <ele>389.0202070167288</ele>
        <time>2022-03-17T22:02:30Z</time>
      </trkpt>
      <trkpt lat="34.33027335093926" lon="109.04316194935767">
        <ele>389.6569237681106</ele>
        <time>2022-03-17T22:02:36Z</time>
      </trkpt>
      <trkpt lat="34.33000122657579" lon="109.04363259882142">
        <ele>389.83311348967254</ele>
        <time>2022-03-17T22:02:42Z</time>
      </trkpt>
      <trkpt lat="34.32973559915273" lon="109.0440957824697">
        <ele>390.133816880174</ele>
        <time>2022-03-17T22:02:48Z</time>
      </trkpt>
      <trkpt lat="34.32945888818809" lon="109.0445570662634">
        <ele>387.65969148557633</ele>
        <time>2022-03-17T22:02:54Z</time>
      </trkpt>
      <trkpt lat="34.32927346398147" lon="109.0448576844436">
        <ele>385.54443676956</ele>
        <time>2022-03-17T22:02:58Z</time>
      </trkpt>
      <trkpt lat="34.329125211173476" lon="109.04516470150857">
        <ele>386.2764118425548</ele>
        <time>2022-03-17T22:03:02Z</time>
      </trkpt>
      <trkpt lat="34.32886961710344" lon="109.04555805362445">
        <ele>389.0175888054073</ele>
        <time>2022-03-17T22:03:08Z</time>
      </trkpt>
      <trkpt lat="34.32888007689259" lon="109.04571152375014">
        <ele>389.8477165522054</ele>
        <time>2022-03-17T22:03:10Z</time>
      </trkpt>
      <trkpt lat="34.329011531435235" lon="109.04573059527699">
        <ele>389.93277938012034</ele>
        <time>2022-03-17T22:03:12Z</time>
      </trkpt>
      <trkpt lat="34.329094941315624" lon="109.04562042740172">
        <ele>389.97117007151246</ele>
        <time>2022-03-17T22:03:14Z</time>
      </trkpt>
      <trkpt lat="34.329120671749926" lon="109.04548117740042">
        <ele>390.5577336186543</ele>
        <time>2022-03-17T22:03:16Z</time>
      </trkpt>
      <trkpt lat="34.329319924100275" lon="109.04508136292709">
        <ele>390.3980867024511</ele>
        <time>2022-03-17T22:03:22Z</time>
      </trkpt>
      <trkpt lat="34.32965987819204" lon="109.04458028217807">
        <ele>385.3599900715053</ele>
        <time>2022-03-17T22:03:30Z</time>
      </trkpt>
      <trkpt lat="34.329970320454485" lon="109.0440474123501">
        <ele>387.8771231416613</ele>
        <time>2022-03-17T22:03:38Z</time>
      </trkpt>
      <trkpt lat="34.33021504789356" lon="109.043553234127">
        <ele>389.0460568247363</ele>
        <time>2022-03-17T22:03:46Z</time>
      </trkpt>
      <trkpt lat="34.33048602139949" lon="109.04308447664182">
        <ele>390.06232926342636</ele>
        <time>2022-03-17T22:04:00Z</time>
      </trkpt>
      <trkpt lat="34.33064842147748" lon="109.0428683229818">
        <ele>389.6981991706416</ele>
        <time>2022-03-17T22:04:04Z</time>
      </trkpt>
      <trkpt lat="34.33075891412071" lon="109.04277780574067">
        <ele>389.22437468450516</ele>
        <time>2022-03-17T22:04:06Z</time>
      </trkpt>
      <trkpt lat="34.33086104769224" lon="109.0426636694441">
        <ele>389.29071729723364</ele>
        <time>2022-03-17T22:04:08Z</time>
      </trkpt>
      <trkpt lat="34.33118345932102" lon="109.0421075510117">
        <ele>388.1718646418303</ele>
        <time>2022-03-17T22:04:16Z</time>
      </trkpt>
      <trkpt lat="34.331390871421135" lon="109.0416291800467">
        <ele>388.8660980220884</ele>
        <time>2022-03-17T22:04:22Z</time>
      </trkpt>
      <trkpt lat="34.331456321512924" lon="109.04147171511319">
        <ele>390.05021899566054</ele>
        <time>2022-03-17T22:04:24Z</time>
      </trkpt>
      <trkpt lat="34.33177908554247" lon="109.0409023652771">
        <ele>389.2639416223392</ele>
        <time>2022-03-17T22:04:32Z</time>
      </trkpt>
      <trkpt lat="34.33193330606676" lon="109.04059264159613">
        <ele>389.0682781562209</ele>
        <time>2022-03-17T22:04:36Z</time>
      </trkpt>
      <trkpt lat="34.332198236511736" lon="109.04015317122021">
        <ele>389.04730410594493</ele>
        <time>2022-03-17T22:04:42Z</time>
      </trkpt>
      <trkpt lat="34.332450484621845" lon="109.03968079442507">
        <ele>388.8284941576421</ele>
        <time>2022-03-17T22:04:48Z</time>
      </trkpt>
      <trkpt lat="34.33272216905329" lon="109.0391962451114">
        <ele>389.04803102929145</ele>
        <time>2022-03-17T22:04:54Z</time>
      </trkpt>
      <trkpt lat="34.33298857499061" lon="109.03871105541218">
        <ele>389.673218623735</ele>
        <time>2022-03-17T22:05:00Z</time>
      </trkpt>
      <trkpt lat="34.33326040337013" lon="109.03824161812737">
        <ele>389.21176716312766</ele>
        <time>2022-03-17T22:05:06Z</time>
      </trkpt>
      <trkpt lat="34.33353273670557" lon="109.03777154175242">
        <ele>389.8358143987134</ele>
        <time>2022-03-17T22:05:12Z</time>
      </trkpt>
      <trkpt lat="34.333808467623754" lon="109.03728481465265">
        <ele>389.0895584281534</ele>
        <time>2022-03-17T22:05:18Z</time>
      </trkpt>
      <trkpt lat="34.33409916986335" lon="109.036792628547">
        <ele>388.13473615795374</ele>
        <time>2022-03-17T22:05:24Z</time>
      </trkpt>
      <trkpt lat="34.334364877999604" lon="109.03629864377785">
        <ele>387.79642205964774</ele>
        <time>2022-03-17T22:05:30Z</time>
      </trkpt>
      <trkpt lat="34.3346183195856" lon="109.03583123240567">
        <ele>387.6576647590846</ele>
        <time>2022-03-17T22:05:36Z</time>
      </trkpt>
      <trkpt lat="34.33487085572614" lon="109.03536042407781">
        <ele>387.8334533572197</ele>
        <time>2022-03-17T22:05:42Z</time>
      </trkpt>
      <trkpt lat="34.33513269955314" lon="109.03489587325284">
        <ele>387.28524771519005</ele>
        <time>2022-03-17T22:05:48Z</time>
      </trkpt>
      <trkpt lat="34.335389513641424" lon="109.03444180964992">
        <ele>387.46435633767396</ele>
        <time>2022-03-17T22:05:54Z</time>
      </trkpt>
      <trkpt lat="34.335657645850624" lon="109.03397273997267">
        <ele>386.99987508077174</ele>
        <time>2022-03-17T22:06:00Z</time>
      </trkpt>
      <trkpt lat="34.33591529258517" lon="109.03349719027497">
        <ele>387.79129158053547</ele>
        <time>2022-03-17T22:06:06Z</time>
      </trkpt>
      <trkpt lat="34.33618010112858" lon="109.03305026010848">
        <ele>387.21438496094197</ele>
        <time>2022-03-17T22:06:12Z</time>
      </trkpt>
      <trkpt lat="34.336431105267685" lon="109.03258212597557">
        <ele>387.27869998198</ele>
        <time>2022-03-17T22:06:18Z</time>
      </trkpt>
      <trkpt lat="34.33669429917362" lon="109.03214061850491">
        <ele>386.0663588233292</ele>
        <time>2022-03-17T22:06:24Z</time>
      </trkpt>
      <trkpt lat="34.336959978669555" lon="109.03168360609358">
        <ele>386.23938602861017</ele>
        <time>2022-03-17T22:06:30Z</time>
      </trkpt>
      <trkpt lat="34.33721907395885" lon="109.03121368135388">
        <ele>386.99141050875187</ele>
        <time>2022-03-17T22:06:36Z</time>
      </trkpt>
      <trkpt lat="34.33747389915577" lon="109.03073427145395">
        <ele>386.6947314385325</ele>
        <time>2022-03-17T22:06:42Z</time>
      </trkpt>
      <trkpt lat="34.33774210458798" lon="109.03025876341728">
        <ele>386.9088382543996</ele>
        <time>2022-03-17T22:06:48Z</time>
      </trkpt>
      <trkpt lat="34.338001145031654" lon="109.02980547355286">
        <ele>386.2503569237888</ele>
        <time>2022-03-17T22:06:54Z</time>
      </trkpt>
      <trkpt lat="34.33826015265174" lon="109.02936481106258">
        <ele>385.53481600247324</ele>
        <time>2022-03-17T22:07:00Z</time>
      </trkpt>
      <trkpt lat="34.33857107020473" lon="109.02878892504235">
        <ele>385.4703390216455</ele>
        <time>2022-03-17T22:07:08Z</time>
      </trkpt>
      <trkpt lat="34.33888022071599" lon="109.02823738123651">
        <ele>387.36109127197415</ele>
        <time>2022-03-17T22:07:16Z</time>
      </trkpt>
      <trkpt lat="34.33913625598259" lon="109.02779250370821">
        <ele>386.1515862075612</ele>
        <time>2022-03-17T22:07:22Z</time>
      </trkpt>
      <trkpt lat="34.33940607677229" lon="109.0273655772136">
        <ele>385.21761885099113</ele>
        <time>2022-03-17T22:07:28Z</time>
      </trkpt>
      <trkpt lat="34.339706342295905" lon="109.02693500096655">
        <ele>384.38614780828357</ele>
        <time>2022-03-17T22:07:34Z</time>
      </trkpt>
      <trkpt lat="34.340006217991764" lon="109.02649311368934">
        <ele>385.0793472500518</ele>
        <time>2022-03-17T22:07:40Z</time>
      </trkpt>
      <trkpt lat="34.34031417603373" lon="109.02609365701683">
        <ele>384.4637807784602</ele>
        <time>2022-03-17T22:07:46Z</time>
      </trkpt>
      <trkpt lat="34.34059647930942" lon="109.0256669530481">
        <ele>384.1754675898701</ele>
        <time>2022-03-17T22:07:52Z</time>
      </trkpt>
      <trkpt lat="34.340911572371546" lon="109.02522897449073">
        <ele>384.54395780339837</ele>
        <time>2022-03-17T22:07:58Z</time>
      </trkpt>
      <trkpt lat="34.34121294362583" lon="109.0247904280232">
        <ele>385.41978842020035</ele>
        <time>2022-03-17T22:08:04Z</time>
      </trkpt>
      <trkpt lat="34.34156817716429" lon="109.02433189659631">
        <ele>384.6498646279797</ele>
        <time>2022-03-17T22:08:12Z</time>
      </trkpt>
      <trkpt lat="34.341556198740584" lon="109.02419555257646">
        <ele>384.8032737141475</ele>
        <time>2022-03-17T22:08:14Z</time>
      </trkpt>
      <trkpt lat="34.34145499442005" lon="109.02415425912086">
        <ele>385.51404595933855</ele>
        <time>2022-03-17T22:08:16Z</time>
      </trkpt>
      <trkpt lat="34.341419848670135" lon="109.02433546589111">
        <ele>385.86971304379404</ele>
        <time>2022-03-17T22:08:18Z</time>
      </trkpt>
      <trkpt lat="34.341226629315145" lon="109.02458908273465">
        <ele>384.9062998648733</ele>
        <time>2022-03-17T22:08:22Z</time>
      </trkpt>
      <trkpt lat="34.341118572616466" lon="109.02473103713932">
        <ele>385.2820600885898</ele>
        <time>2022-03-17T22:08:24Z</time>
      </trkpt>
      <trkpt lat="34.340987381443725" lon="109.02484118405789">
        <ele>384.7608079239726</ele>
        <time>2022-03-17T22:08:26Z</time>
      </trkpt>
      <trkpt lat="34.34065701214909" lon="109.02527454731508">
        <ele>385.4334506802261</ele>
        <time>2022-03-17T22:08:32Z</time>
      </trkpt>
      <trkpt lat="34.340364030048306" lon="109.02570485716346">
        <ele>385.6960284933448</ele>
        <time>2022-03-17T22:08:38Z</time>
      </trkpt>
      <trkpt lat="34.340067101817674" lon="109.02612154836991">
        <ele>385.49891254492104</ele>
        <time>2022-03-17T22:08:44Z</time>
      </trkpt>
      <trkpt lat="34.33975714041737" lon="109.02656502899463">
        <ele>386.1931813163683</ele>
        <time>2022-03-17T22:08:50Z</time>
      </trkpt>
      <trkpt lat="34.33954747911626" lon="109.02686383282384">
        <ele>386.170252289623</ele>
        <time>2022-03-17T22:08:54Z</time>
      </trkpt>
      <trkpt lat="34.33947042529036" lon="109.02701980493657">
        <ele>386.8263396304101</ele>
        <time>2022-03-17T22:08:56Z</time>
      </trkpt>
      <trkpt lat="34.33926373489899" lon="109.02731109058192">
        <ele>386.1888637840748</ele>
        <time>2022-03-17T22:09:00Z</time>
      </trkpt>
      <trkpt lat="34.33897676235235" lon="109.0277702761425">
        <ele>386.0043245777488</ele>
        <time>2022-03-17T22:09:06Z</time>
      </trkpt>
      <trkpt lat="34.338692377328734" lon="109.0282337021417">
        <ele>386.165359294042</ele>
        <time>2022-03-17T22:09:12Z</time>
      </trkpt>
      <trkpt lat="34.33841164097238" lon="109.02870758246597">
        <ele>387.41388695593923</ele>
        <time>2022-03-17T22:09:18Z</time>
      </trkpt>
      <trkpt lat="34.33815561020231" lon="109.02919996594628">
        <ele>387.54998257756233</ele>
        <time>2022-03-17T22:09:24Z</time>
      </trkpt>
      <trkpt lat="34.33788622034441" lon="109.02966688103479">
        <ele>387.01617897860706</ele>
        <time>2022-03-17T22:09:30Z</time>
      </trkpt>
      <trkpt lat="34.33762444961421" lon="109.03013803889908">
        <ele>387.08781803399324</ele>
        <time>2022-03-17T22:09:36Z</time>
      </trkpt>
      <trkpt lat="34.337357743539926" lon="109.03061195788077">
        <ele>387.4125658730045</ele>
        <time>2022-03-17T22:09:42Z</time>
      </trkpt>
      <trkpt lat="34.337095000622625" lon="109.03107054811561">
        <ele>387.655043611303</ele>
        <time>2022-03-17T22:09:48Z</time>
      </trkpt>
      <trkpt lat="34.33682554084267" lon="109.03151726752083">
        <ele>388.24134901352227</ele>
        <time>2022-03-17T22:09:54Z</time>
      </trkpt>
      <trkpt lat="34.33656859884538" lon="109.03197667424267">
        <ele>388.16825861949474</ele>
        <time>2022-03-17T22:10:00Z</time>
      </trkpt>
      <trkpt lat="34.336306885308254" lon="109.03243985522126">
        <ele>387.5069064805284</ele>
        <time>2022-03-17T22:10:06Z</time>
      </trkpt>
      <trkpt lat="34.33603827250949" lon="109.03289646327127">
        <ele>387.64860031567514</ele>
        <time>2022-03-17T22:10:12Z</time>
      </trkpt>
      <trkpt lat="34.33576574085987" lon="109.03336831656216">
        <ele>387.48685166891664</ele>
        <time>2022-03-17T22:10:18Z</time>
      </trkpt>
      <trkpt lat="34.33549498571128" lon="109.03385994612172">
        <ele>387.4151947675273</ele>
        <time>2022-03-17T22:10:24Z</time>
      </trkpt>
      <trkpt lat="34.33522913886862" lon="109.03431856298202">
        <ele>387.73763014934957</ele>
        <time>2022-03-17T22:10:30Z</time>
      </trkpt>
      <trkpt lat="34.3349709619888" lon="109.03477465471758">
        <ele>387.76805445179343</ele>
        <time>2022-03-17T22:10:36Z</time>
      </trkpt>
      <trkpt lat="34.33489778133652" lon="109.03493740727151">
        <ele>387.56474384944886</ele>
        <time>2022-03-17T22:10:38Z</time>
      </trkpt>
      <trkpt lat="34.3346209956496" lon="109.03539846461194">
        <ele>387.849162789993</ele>
        <time>2022-03-17T22:10:44Z</time>
      </trkpt>
      <trkpt lat="34.33435589633279" lon="109.03586631707503">
        <ele>387.3967876788229</ele>
        <time>2022-03-17T22:10:50Z</time>
      </trkpt>
      <trkpt lat="34.33408933152714" lon="109.03634246773949">
        <ele>387.81296190898865</ele>
        <time>2022-03-17T22:10:56Z</time>
      </trkpt>
      <trkpt lat="34.33381565978944" lon="109.0368084638785">
        <ele>387.83595483750105</ele>
        <time>2022-03-17T22:11:02Z</time>
      </trkpt>
      <trkpt lat="34.33354260334361" lon="109.03727638976126">
        <ele>388.1410878552124</ele>
        <time>2022-03-17T22:11:08Z</time>
      </trkpt>
      <trkpt lat="34.333287869445186" lon="109.03775853607593">
        <ele>388.9786420194432</ele>
        <time>2022-03-17T22:11:14Z</time>
      </trkpt>
      <trkpt lat="34.33303556984282" lon="109.03821745797093">
        <ele>389.2573018958792</ele>
        <time>2022-03-17T22:11:20Z</time>
      </trkpt>
      <trkpt lat="34.332776663688804" lon="109.03867288252664">
        <ele>389.10929248388857</ele>
        <time>2022-03-17T22:11:26Z</time>
      </trkpt>
      <trkpt lat="34.33251350037198" lon="109.03910498722664">
        <ele>389.2528200149536</ele>
        <time>2022-03-17T22:11:32Z</time>
      </trkpt>
      <trkpt lat="34.33226179427369" lon="109.03954028471705">
        <ele>389.21750398445874</ele>
        <time>2022-03-17T22:11:38Z</time>
      </trkpt>
      <trkpt lat="34.332018946167736" lon="109.03999469291199">
        <ele>389.88912199251354</ele>
        <time>2022-03-17T22:11:44Z</time>
      </trkpt>
      <trkpt lat="34.33177021466936" lon="109.04043021539361">
        <ele>389.89653414767236</ele>
        <time>2022-03-17T22:11:50Z</time>
      </trkpt>
      <trkpt lat="34.3315126280501" lon="109.04087183004786">
        <ele>389.5633773440495</ele>
        <time>2022-03-17T22:11:56Z</time>
      </trkpt>
      <trkpt lat="34.331252224596966" lon="109.04135797312684">
        <ele>389.83269973285496</ele>
        <time>2022-03-17T22:12:02Z</time>
      </trkpt>
      <trkpt lat="34.33105504237419" lon="109.04182775292382">
        <ele>390.2430986687541</ele>
        <time>2022-03-17T22:12:08Z</time>
      </trkpt>
      <trkpt lat="34.330757956282596" lon="109.04237104091412">
        <ele>389.1674622837454</ele>
        <time>2022-03-17T22:12:16Z</time>
      </trkpt>
      <trkpt lat="34.33043963943219" lon="109.04290876765054">
        <ele>389.654098322615</ele>
        <time>2022-03-17T22:12:24Z</time>
      </trkpt>
      <trkpt lat="34.330143670304984" lon="109.04342528179346">
        <ele>390.21694101952016</ele>
        <time>2022-03-17T22:12:32Z</time>
      </trkpt>
      <trkpt lat="34.32985314735607" lon="109.04390424398186">
        <ele>389.30795622896403</ele>
        <time>2022-03-17T22:12:40Z</time>
      </trkpt>
      <trkpt lat="34.32957705194985" lon="109.04440939563949">
        <ele>389.0700303791091</ele>
        <time>2022-03-17T22:12:48Z</time>
      </trkpt>
      <trkpt lat="34.32927662141754" lon="109.04490231385812">
        <ele>385.7125661559403</ele>
        <time>2022-03-17T22:12:56Z</time>
      </trkpt>
      <trkpt lat="34.328997834655574" lon="109.0453704095678">
        <ele>388.81675797794014</ele>
        <time>2022-03-17T22:13:04Z</time>
      </trkpt>
      <trkpt lat="34.32886903343298" lon="109.04556824141294">
        <ele>389.78684586379677</ele>
        <time>2022-03-17T22:13:08Z</time>
      </trkpt>
      <trkpt lat="34.32890940362669" lon="109.04569519818406">
        <ele>390.2391428630799</ele>
        <time>2022-03-17T22:13:10Z</time>
      </trkpt>
      <trkpt lat="34.32900792813946" lon="109.0457237014038">
        <ele>390.7305881017819</ele>
        <time>2022-03-17T22:13:12Z</time>
      </trkpt>
      <trkpt lat="34.329110259717254" lon="109.04568300255562">
        <ele>390.49451231583953</ele>
        <time>2022-03-17T22:13:14Z</time>
      </trkpt>
      <trkpt lat="34.32918943784698" lon="109.0455829680987">
        <ele>390.8223494980484</ele>
        <time>2022-03-17T22:13:16Z</time>
      </trkpt>
      <trkpt lat="34.32948862904495" lon="109.04503892027816">
        <ele>389.9751023994759</ele>
        <time>2022-03-17T22:13:24Z</time>
      </trkpt>
      <trkpt lat="34.329749098973096" lon="109.04461586068969">
        <ele>386.6518409596756</ele>
        <time>2022-03-17T22:13:30Z</time>
      </trkpt>
      <trkpt lat="34.33000511998937" lon="109.044157164111">
        <ele>387.9371789768338</ele>
        <time>2022-03-17T22:13:36Z</time>
      </trkpt>
      <trkpt lat="34.33028272597067" lon="109.04368658251006">
        <ele>388.77626787219197</ele>
        <time>2022-03-17T22:13:42Z</time>
      </trkpt>
      <trkpt lat="34.33057087108219" lon="109.04316586594119">
        <ele>389.312328344211</ele>
        <time>2022-03-17T22:13:48Z</time>
      </trkpt>
      <trkpt lat="34.33085786245945" lon="109.04268953307">
        <ele>389.0335308238864</ele>
        <time>2022-03-17T22:13:54Z</time>
      </trkpt>
      <trkpt lat="34.331111912112036" lon="109.04224934403528">
        <ele>388.8925517303869</ele>
        <time>2022-03-17T22:14:00Z</time>
      </trkpt>
      <trkpt lat="34.331344238744045" lon="109.04178887539437">
        <ele>389.65406894590706</ele>
        <time>2022-03-17T22:14:06Z</time>
      </trkpt>
      <trkpt lat="34.33145798783501" lon="109.04147719771619">
        <ele>389.393533769995</ele>
        <time>2022-03-17T22:14:10Z</time>
      </trkpt>
      <trkpt lat="34.331556608990645" lon="109.04134265603942">
        <ele>389.1897104308009</ele>
        <time>2022-03-17T22:14:12Z</time>
      </trkpt>
      <trkpt lat="34.331800691410166" lon="109.04090029184472">
        <ele>389.78151183761656</ele>
        <time>2022-03-17T22:14:18Z</time>
      </trkpt>
      <trkpt lat="34.33207601947845" lon="109.04042160249868">
        <ele>389.5467047309503</ele>
        <time>2022-03-17T22:14:24Z</time>
      </trkpt>
      <trkpt lat="34.33236612392927" lon="109.03987926415772">
        <ele>389.9197017783299</ele>
        <time>2022-03-17T22:14:30Z</time>
      </trkpt>
      <trkpt lat="34.332653570046894" lon="109.03933832796235">
        <ele>389.4660125169903</ele>
        <time>2022-03-17T22:14:36Z</time>
      </trkpt>
      <trkpt lat="34.332858072227296" lon="109.03898224941382">
        <ele>388.8912141751498</ele>
        <time>2022-03-17T22:14:40Z</time>
      </trkpt>
      <trkpt lat="34.333165306085796" lon="109.03843690214146">
        <ele>388.866780327633</ele>
        <time>2022-03-17T22:14:46Z</time>
      </trkpt>
      <trkpt lat="34.33348242476711" lon="109.0378941117125">
        <ele>388.872681488283</ele>
        <time>2022-03-17T22:14:52Z</time>
      </trkpt>
      <trkpt lat="34.33378504927547" lon="109.03735592821585">
        <ele>388.93448784668</ele>
        <time>2022-03-17T22:14:58Z</time>
      </trkpt>
      <trkpt lat="34.334093268880906" lon="109.03683182667879">
        <ele>387.8920070743188</ele>
        <time>2022-03-17T22:15:04Z</time>
      </trkpt>
      <trkpt lat="34.334385713655564" lon="109.03631696333053">
        <ele>387.87506174482405</ele>
        <time>2022-03-17T22:15:10Z</time>
      </trkpt>
      <trkpt lat="34.33466801641814" lon="109.03583384347506">
        <ele>388.3787067756057</ele>
        <time>2022-03-17T22:15:16Z</time>
      </trkpt>
      <trkpt lat="34.33484525187973" lon="109.03552672877115">
        <ele>388.1609043357894</ele>
        <time>2022-03-17T22:15:20Z</time>
      </trkpt>
      <trkpt lat="34.33509646870699" lon="109.0350887919131">
        <ele>386.92115794867277</ele>
        <time>2022-03-17T22:15:26Z</time>
      </trkpt>
      <trkpt lat="34.33541485617478" lon="109.03451631741441">
        <ele>387.2349903816357</ele>
        <time>2022-03-17T22:15:34Z</time>
      </trkpt>
      <trkpt lat="34.33573500076826" lon="109.03394111291091">
        <ele>386.84941446967423</ele>
        <time>2022-03-17T22:15:42Z</time>
      </trkpt>
      <trkpt lat="34.33598991793932" lon="109.03348748733413">
        <ele>387.1629675384611</ele>
        <time>2022-03-17T22:15:48Z</time>
      </trkpt>
      <trkpt lat="34.33625195156118" lon="109.03302067941364">
        <ele>387.51999188866466</ele>
        <time>2022-03-17T22:15:54Z</time>
      </trkpt>
      <trkpt lat="34.336510119379746" lon="109.03257589229452">
        <ele>387.0334105370566</ele>
        <time>2022-03-17T22:16:00Z</time>
      </trkpt>
      <trkpt lat="34.336759070471196" lon="109.03212427036763">
        <ele>386.44285937026143</ele>
        <time>2022-03-17T22:16:06Z</time>
      </trkpt>
      <trkpt lat="34.337030757448794" lon="109.03166136044811">
        <ele>385.9493525912985</ele>
        <time>2022-03-17T22:16:12Z</time>
      </trkpt>
      <trkpt lat="34.33729311704382" lon="109.03119066552028">
        <ele>387.3207490304485</ele>
        <time>2022-03-17T22:16:18Z</time>
      </trkpt>
      <trkpt lat="34.337551857197546" lon="109.03072864722827">
        <ele>386.6805915432051</ele>
        <time>2022-03-17T22:16:24Z</time>
      </trkpt>
      <trkpt lat="34.337773987357906" lon="109.03022636686092">
        <ele>386.20920581929386</ele>
        <time>2022-03-17T22:16:30Z</time>
      </trkpt>
      <trkpt lat="34.33802403322062" lon="109.0297400829862">
        <ele>386.2556575462222</ele>
        <time>2022-03-17T22:16:36Z</time>
      </trkpt>
      <trkpt lat="34.3382858285644" lon="109.0292713853713">
        <ele>386.5394145557657</ele>
        <time>2022-03-17T22:16:42Z</time>
      </trkpt>
      <trkpt lat="34.338545959990306" lon="109.02881802420104">
        <ele>386.9115062477067</ele>
        <time>2022-03-17T22:16:48Z</time>
      </trkpt>
      <trkpt lat="34.33884993181605" lon="109.02826336257135">
        <ele>387.0310668088496</ele>
        <time>2022-03-17T22:16:56Z</time>
      </trkpt>
      <trkpt lat="34.338920585814485" lon="109.02811834306854">
        <ele>386.9018288785592</ele>
        <time>2022-03-17T22:16:58Z</time>
      </trkpt>
      <trkpt lat="34.33926590858013" lon="109.02756350900795">
        <ele>386.5876175686717</ele>
        <time>2022-03-17T22:17:06Z</time>
      </trkpt>
      <trkpt lat="34.33956235533992" lon="109.02714248661717">
        <ele>385.3562100799754</ele>
        <time>2022-03-17T22:17:12Z</time>
      </trkpt>
      <trkpt lat="34.33986281636761" lon="109.02669619182761">
        <ele>385.33557068463415</ele>
        <time>2022-03-17T22:17:18Z</time>
      </trkpt>
      <trkpt lat="34.34018532118291" lon="109.02626515318028">
        <ele>384.8327744146809</ele>
        <time>2022-03-17T22:17:24Z</time>
      </trkpt>
      <trkpt lat="34.340389027038356" lon="109.02595662961515">
        <ele>384.758342272602</ele>
        <time>2022-03-17T22:17:28Z</time>
      </trkpt>
      <trkpt lat="34.34069950531995" lon="109.02553156902351">
        <ele>384.01143972203135</ele>
        <time>2022-03-17T22:17:34Z</time>
      </trkpt>
      <trkpt lat="34.3409989113706" lon="109.02510465023335">
        <ele>384.60617631394416</ele>
        <time>2022-03-17T22:17:40Z</time>
      </trkpt>
      <trkpt lat="34.3413686144501" lon="109.02459615679399">
        <ele>385.27146823424846</ele>
        <time>2022-03-17T22:17:48Z</time>
      </trkpt>
      <trkpt lat="34.34154271854691" lon="109.02438520533633">
        <ele>384.79459298588336</ele>
        <time>2022-03-17T22:17:52Z</time>
      </trkpt>
      <trkpt lat="34.34156596409875" lon="109.02425276167838">
        <ele>384.2518637282774</ele>
        <time>2022-03-17T22:17:54Z</time>
      </trkpt>
      <trkpt lat="34.34149120834854" lon="109.02416156071736">
        <ele>384.37379696872085</ele>
        <time>2022-03-17T22:17:56Z</time>
      </trkpt>
      <trkpt lat="34.34138264747504" lon="109.02421019121213">
        <ele>384.31055313628167</ele>
        <time>2022-03-17T22:17:58Z</time>
      </trkpt>
      <trkpt lat="34.341048506413486" lon="109.02473018105788">
        <ele>385.13603533245623</ele>
        <time>2022-03-17T22:18:06Z</time>
      </trkpt>
      <trkpt lat="34.34068317304103" lon="109.02524597902915">
        <ele>386.0246626595035</ele>
        <time>2022-03-17T22:18:14Z</time>
      </trkpt>
      <trkpt lat="34.34033287665782" lon="109.02576412060192">
        <ele>385.79877141676843</ele>
        <time>2022-03-17T22:18:22Z</time>
      </trkpt>
      <trkpt lat="34.339981133273675" lon="109.02625299505323">
        <ele>385.3330016210675</ele>
        <time>2022-03-17T22:18:30Z</time>
      </trkpt>
      <trkpt lat="34.339616386919815" lon="109.02675695384467">
        <ele>386.19855645950884</ele>
        <time>2022-03-17T22:18:38Z</time>
      </trkpt>
      <trkpt lat="34.339341956497094" lon="109.02715991572555">
        <ele>386.5783485788852</ele>
        <time>2022-03-17T22:18:44Z</time>
      </trkpt>
      <trkpt lat="34.339048612806955" lon="109.02756832045877">
        <ele>386.2330626444891</ele>
        <time>2022-03-17T22:18:50Z</time>
      </trkpt>
      <trkpt lat="34.33878442216439" lon="109.02804463504572">
        <ele>386.4703384609893</ele>
        <time>2022-03-17T22:18:56Z</time>
      </trkpt>
      <trkpt lat="34.33850947735221" lon="109.0285336896102">
        <ele>387.1559432260692</ele>
        <time>2022-03-17T22:19:02Z</time>
      </trkpt>
      <trkpt lat="34.33824039557821" lon="109.02901586590315">
        <ele>387.125286645256</ele>
        <time>2022-03-17T22:19:08Z</time>
      </trkpt>
      <trkpt lat="34.337972323047346" lon="109.02949897040924">
        <ele>386.86606424860656</ele>
        <time>2022-03-17T22:19:14Z</time>
      </trkpt>
      <trkpt lat="34.33769114405166" lon="109.0299878567441">
        <ele>386.32041752617806</ele>
        <time>2022-03-17T22:19:20Z</time>
      </trkpt>
      <trkpt lat="34.33741752388557" lon="109.03047947066588">
        <ele>386.3814805811271</ele>
        <time>2022-03-17T22:19:26Z</time>
      </trkpt>
      <trkpt lat="34.33710321162964" lon="109.03103419262968">
        <ele>386.39414852205664</ele>
        <time>2022-03-17T22:19:33Z</time>
      </trkpt>
      <trkpt lat="34.33685103343723" lon="109.03151019803306">
        <ele>387.5769230881706</ele>
        <time>2022-03-17T22:19:39Z</time>
      </trkpt>
      <trkpt lat="34.33660925035883" lon="109.0319731024435">
        <ele>387.5850967532024</ele>
        <time>2022-03-17T22:19:45Z</time>
      </trkpt>
      <trkpt lat="34.336364647365926" lon="109.03243348079617">
        <ele>387.0703933900222</ele>
        <time>2022-03-17T22:19:51Z</time>
      </trkpt>
      <trkpt lat="34.33610354281299" lon="109.03289336786216">
        <ele>387.66808884963393</ele>
        <time>2022-03-17T22:19:57Z</time>
      </trkpt>
      <trkpt lat="34.33596049204206" lon="109.0331190947379">
        <ele>388.1037742802873</ele>
        <time>2022-03-17T22:20:00Z</time>
      </trkpt>
      <trkpt lat="34.33585354486437" lon="109.03325359618137">
        <ele>388.4650734188035</ele>
        <time>2022-03-17T22:20:02Z</time>
      </trkpt>
      <trkpt lat="34.335579407934695" lon="109.0337068004188">
        <ele>388.24699971079826</ele>
        <time>2022-03-17T22:20:08Z</time>
      </trkpt>
      <trkpt lat="34.335322983402264" lon="109.03418367431732">
        <ele>388.38194111548364</ele>
        <time>2022-03-17T22:20:14Z</time>
      </trkpt>
      <trkpt lat="34.335059386691185" lon="109.03465895975603">
        <ele>387.89093594253063</ele>
        <time>2022-03-17T22:20:20Z</time>
      </trkpt>
      <trkpt lat="34.33478501033697" lon="109.0351447077557">
        <ele>387.9559039119631</ele>
        <time>2022-03-17T22:20:26Z</time>
      </trkpt>
      <trkpt lat="34.33451278300635" lon="109.03563430703859">
        <ele>387.7617577947676</ele>
        <time>2022-03-17T22:20:32Z</time>
      </trkpt>
      <trkpt lat="34.334225355448694" lon="109.0361147951516">
        <ele>387.73880477808416</ele>
        <time>2022-03-17T22:20:38Z</time>
      </trkpt>
      <trkpt lat="34.33395543873165" lon="109.03659888427228">
        <ele>387.4557456318289</ele>
        <time>2022-03-17T22:20:44Z</time>
      </trkpt>
      <trkpt lat="34.33367893431793" lon="109.03708849388448">
        <ele>388.14606231078506</ele>
        <time>2022-03-17T22:20:50Z</time>
      </trkpt>
      <trkpt lat="34.33342102364613" lon="109.03756567513715">
        <ele>388.14952369965613</ele>
        <time>2022-03-17T22:20:56Z</time>
      </trkpt>
      <trkpt lat="34.33315354315784" lon="109.03803453429573">
        <ele>388.8628373462707</ele>
        <time>2022-03-17T22:21:02Z</time>
      </trkpt>
      <trkpt lat="34.332900271991456" lon="109.03849439200152">
        <ele>389.1820110389963</ele>
        <time>2022-03-17T22:21:08Z</time>
      </trkpt>
      <trkpt lat="34.33264285701165" lon="109.03898548561371">
        <ele>389.13110513426363</ele>
        <time>2022-03-17T22:21:14Z</time>
      </trkpt>
      <trkpt lat="34.33238147001329" lon="109.03946587066677">
        <ele>389.7248933510855</ele>
        <time>2022-03-17T22:21:20Z</time>
      </trkpt>
      <trkpt lat="34.332303699760146" lon="109.03963606182751">
        <ele>389.83408383186907</ele>
        <time>2022-03-17T22:21:22Z</time>
      </trkpt>
      <trkpt lat="34.33202523093349" lon="109.04010688823615">
        <ele>390.2962471777573</ele>
        <time>2022-03-17T22:21:28Z</time>
      </trkpt>
      <trkpt lat="34.33176092274645" lon="109.04057998429509">
        <ele>390.216859575361</ele>
        <time>2022-03-17T22:21:34Z</time>
      </trkpt>
      <trkpt lat="34.331501258287524" lon="109.04105437171732">
        <ele>390.1079951142892</ele>
        <time>2022-03-17T22:21:40Z</time>
      </trkpt>
      <trkpt lat="34.331213491766626" lon="109.04154129096908">
        <ele>389.64381418190897</ele>
        <time>2022-03-17T22:21:46Z</time>
      </trkpt>
      <trkpt lat="34.33092284516806" lon="109.04203588441258">
        <ele>389.379214967601</ele>
        <time>2022-03-17T22:21:52Z</time>
      </trkpt>
      <trkpt lat="34.33065619747682" lon="109.04252779562728">
        <ele>389.5512373689562</ele>
        <time>2022-03-17T22:21:58Z</time>
      </trkpt>
      <trkpt lat="34.33038254317325" lon="109.04299276693536">
        <ele>389.99661179445684</ele>
        <time>2022-03-17T22:22:04Z</time>
      </trkpt>
      <trkpt lat="34.330200903272186" lon="109.04329630231176">
        <ele>389.6174828885123</ele>
        <time>2022-03-17T22:22:08Z</time>
      </trkpt>
      <trkpt lat="34.32992769747368" lon="109.04378059226048">
        <ele>389.97923986054957</ele>
        <time>2022-03-17T22:22:14Z</time>
      </trkpt>
      <trkpt lat="34.32965627041641" lon="109.04424075300697">
        <ele>390.57918029278517</ele>
        <time>2022-03-17T22:22:20Z</time>
      </trkpt>
      <trkpt lat="34.32947910520312" lon="109.04453068672642">
        <ele>388.31852465774864</ele>
        <time>2022-03-17T22:22:24Z</time>
      </trkpt>
      <trkpt lat="34.329213763482514" lon="109.04500276597832">
        <ele>385.94662854541093</ele>
        <time>2022-03-17T22:22:30Z</time>
      </trkpt>
      <trkpt lat="34.328974324191364" lon="109.04542131811007">
        <ele>388.93397426698357</ele>
        <time>2022-03-17T22:22:36Z</time>
      </trkpt>
      <trkpt lat="34.32888851741096" lon="109.0455241608743">
        <ele>389.4754606774077</ele>
        <time>2022-03-17T22:22:38Z</time>
      </trkpt>
      <trkpt lat="34.32886236972361" lon="109.0456514116926">
        <ele>389.7674989029765</ele>
        <time>2022-03-17T22:22:40Z</time>
      </trkpt>
      <trkpt lat="34.32897192735781" lon="109.04574089198084">
        <ele>389.8109983121976</ele>
        <time>2022-03-17T22:22:42Z</time>
      </trkpt>
      <trkpt lat="34.32908710988142" lon="109.04568039182496">
        <ele>390.47518410533667</ele>
        <time>2022-03-17T22:22:44Z</time>
      </trkpt>
      <trkpt lat="34.329172118691496" lon="109.0456024998442">
        <ele>390.14708661288023</ele>
        <time>2022-03-17T22:22:46Z</time>
      </trkpt>
      <trkpt lat="34.329480426489205" lon="109.04505415714996">
        <ele>390.66917315870523</ele>
        <time>2022-03-17T22:22:54Z</time>
      </trkpt>
      <trkpt lat="34.32976721601385" lon="109.04459672574215">
        <ele>386.7003178484738</ele>
        <time>2022-03-17T22:23:00Z</time>
      </trkpt>
      <trkpt lat="34.33003508607517" lon="109.04411647046159">
        <ele>387.5679755359888</ele>
        <time>2022-03-17T22:23:06Z</time>
      </trkpt>
      <trkpt lat="34.330325126686084" lon="109.04362405753196">
        <ele>389.1696942029521</ele>
        <time>2022-03-17T22:23:12Z</time>
      </trkpt>
      <trkpt lat="34.33060550995192" lon="109.04311941182957">
        <ele>389.0111486790702</ele>
        <time>2022-03-17T22:23:18Z</time>
      </trkpt>
      <trkpt lat="34.330891013230215" lon="109.0426432919969">
        <ele>390.07031335681677</ele>
        <time>2022-03-17T22:23:24Z</time>
      </trkpt>
      <trkpt lat="34.331157737665215" lon="109.04217368153789">
        <ele>389.3530324520543</ele>
        <time>2022-03-17T22:23:30Z</time>
      </trkpt>
      <trkpt lat="34.331243789780196" lon="109.04202512091233">
        <ele>389.14722408074886</ele>
        <time>2022-03-17T22:23:32Z</time>
      </trkpt>
      <trkpt lat="34.33142045312911" lon="109.04155212639412">
        <ele>389.48564188275486</ele>
        <time>2022-03-17T22:23:38Z</time>
      </trkpt>
      <trkpt lat="34.33157858320825" lon="109.04123753003195">
        <ele>389.21543776616454</ele>
        <time>2022-03-17T22:23:42Z</time>
      </trkpt>
      <trkpt lat="34.331754811681314" lon="109.04094796565379">
        <ele>389.5568328667432</ele>
        <time>2022-03-17T22:23:46Z</time>
      </trkpt>
      <trkpt lat="34.331990368021266" lon="109.04048670692822">
        <ele>389.6084164464846</ele>
        <time>2022-03-17T22:23:52Z</time>
      </trkpt>
      <trkpt lat="34.33225304789728" lon="109.04004075623526">
        <ele>389.5169672574848</ele>
        <time>2022-03-17T22:23:58Z</time>
      </trkpt>
      <trkpt lat="34.33250084068939" lon="109.03958278788362">
        <ele>389.2069406826049</ele>
        <time>2022-03-17T22:24:04Z</time>
      </trkpt>
      <trkpt lat="34.33268275814412" lon="109.03929696469508">
        <ele>389.3271798249334</ele>
        <time>2022-03-17T22:24:08Z</time>
      </trkpt>
      <trkpt lat="34.33292863863387" lon="109.03882461419246">
        <ele>388.7612735759467</ele>
        <time>2022-03-17T22:24:14Z</time>
      </trkpt>
      <trkpt lat="34.33317989572007" lon="109.0383786640741">
        <ele>388.712840475142</ele>
        <time>2022-03-17T22:24:20Z</time>
      </trkpt>
      <trkpt lat="34.333441688374386" lon="109.03794313551757">
        <ele>388.8594233682379</ele>
        <time>2022-03-17T22:24:26Z</time>
      </trkpt>
      <trkpt lat="34.333702990014935" lon="109.03748690992805">
        <ele>389.13394039776176</ele>
        <time>2022-03-17T22:24:32Z</time>
      </trkpt>
      <trkpt lat="34.33398206915014" lon="109.03702360551053">
        <ele>388.5290085710585</ele>
        <time>2022-03-17T22:24:38Z</time>
      </trkpt>
      <trkpt lat="34.33424784649276" lon="109.03655204052106">
        <ele>388.0344816176221</ele>
        <time>2022-03-17T22:24:44Z</time>
      </trkpt>
      <trkpt lat="34.334504724880354" lon="109.03609549021846">
        <ele>387.48360612243414</ele>
        <time>2022-03-17T22:24:50Z</time>
      </trkpt>
      <trkpt lat="34.33476730241798" lon="109.03566340937533">
        <ele>386.85700072161853</ele>
        <time>2022-03-17T22:24:56Z</time>
      </trkpt>
      <trkpt lat="34.3350093380143" lon="109.03519064406244">
        <ele>387.13050535228103</ele>
        <time>2022-03-17T22:25:02Z</time>
      </trkpt>
      <trkpt lat="34.33518519708643" lon="109.0348822131672">
        <ele>387.5912162549794</ele>
        <time>2022-03-17T22:25:06Z</time>
      </trkpt>
      <trkpt lat="34.33528580516661" lon="109.03474375073333">
        <ele>387.0517915338278</ele>
        <time>2022-03-17T22:25:08Z</time>
      </trkpt>
      <trkpt lat="34.33554625964581" lon="109.03428255650671">
        <ele>386.6536914566532</ele>
        <time>2022-03-17T22:25:14Z</time>
      </trkpt>
      <trkpt lat="34.33580495249274" lon="109.033803207806">
        <ele>387.06167082022876</ele>
        <time>2022-03-17T22:25:20Z</time>
      </trkpt>
      <trkpt lat="34.33607074000921" lon="109.03333751173895">
        <ele>387.0791597813368</ele>
        <time>2022-03-17T22:25:26Z</time>
      </trkpt>
      <trkpt lat="34.3363296760644" lon="109.032877886346">
        <ele>387.03943365626037</ele>
        <time>2022-03-17T22:25:32Z</time>
      </trkpt>
      <trkpt lat="34.336587771474036" lon="109.03243794813186">
        <ele>386.6294546192512</ele>
        <time>2022-03-17T22:25:38Z</time>
      </trkpt>
      <trkpt lat="34.33684838603323" lon="109.031973926521">
        <ele>386.11639925744385</ele>
        <time>2022-03-17T22:25:44Z</time>
      </trkpt>
      <trkpt lat="34.33710101286665" lon="109.0314901716744">
        <ele>386.49812265858054</ele>
        <time>2022-03-17T22:25:50Z</time>
      </trkpt>
      <trkpt lat="34.33737304845694" lon="109.03097620106487">
        <ele>386.6089643621817</ele>
        <time>2022-03-17T22:25:56Z</time>
      </trkpt>
      <trkpt lat="34.33765397712537" lon="109.03047438209238">
        <ele>386.58578843902797</ele>
        <time>2022-03-17T22:26:02Z</time>
      </trkpt>
      <trkpt lat="34.33790942513263" lon="109.02997768705171">
        <ele>386.2780105145648</ele>
        <time>2022-03-17T22:26:08Z</time>
      </trkpt>
      <trkpt lat="34.33816837794265" lon="109.02948484227888">
        <ele>386.953076784499</ele>
        <time>2022-03-17T22:26:14Z</time>
      </trkpt>
      <trkpt lat="34.338438093882345" lon="109.02902908283399">
        <ele>387.0137771181762</ele>
        <time>2022-03-17T22:26:20Z</time>
      </trkpt>
      <trkpt lat="34.33870385125087" lon="109.02856791802768">
        <ele>386.92352382745594</ele>
        <time>2022-03-17T22:26:26Z</time>
      </trkpt>
      <trkpt lat="34.3389552193862" lon="109.02811155429127">
        <ele>386.9065794516355</ele>
        <time>2022-03-17T22:26:32Z</time>
      </trkpt>
      <trkpt lat="34.339228467210376" lon="109.02765273857517">
        <ele>385.8686882760376</ele>
        <time>2022-03-17T22:26:38Z</time>
      </trkpt>
      <trkpt lat="34.33952324976483" lon="109.0272028707034">
        <ele>385.27433323673904</ele>
        <time>2022-03-17T22:26:44Z</time>
      </trkpt>
      <trkpt lat="34.33983630647148" lon="109.02674416503756">
        <ele>384.62783158198</ele>
        <time>2022-03-17T22:26:50Z</time>
      </trkpt>
      <trkpt lat="34.340178645827045" lon="109.02627127390757">
        <ele>384.3047703858465</ele>
        <time>2022-03-17T22:26:56Z</time>
      </trkpt>
      <trkpt lat="34.3404990737271" lon="109.02579957232027">
        <ele>384.3514377111569</ele>
        <time>2022-03-17T22:27:02Z</time>
      </trkpt>
      <trkpt lat="34.34083932014538" lon="109.02535719707399">
        <ele>384.36355581507087</ele>
        <time>2022-03-17T22:27:08Z</time>
      </trkpt>
      <trkpt lat="34.34113613165561" lon="109.02490848167824">
        <ele>385.0590147897601</ele>
        <time>2022-03-17T22:27:14Z</time>
      </trkpt>
      <trkpt lat="34.3414996314081" lon="109.02440919075255">
        <ele>384.99644710402936</ele>
        <time>2022-03-17T22:27:22Z</time>
      </trkpt>
      <trkpt lat="34.34156301913279" lon="109.02430717019023">
        <ele>384.59847679082304</ele>
        <time>2022-03-17T22:27:24Z</time>
      </trkpt>
      <trkpt lat="34.341549500152865" lon="109.02419726763372">
        <ele>384.60598779655993</ele>
        <time>2022-03-17T22:27:26Z</time>
      </trkpt>
      <trkpt lat="34.341471979861964" lon="109.02405908805098">
        <ele>384.7328321663663</ele>
        <time>2022-03-17T22:27:30Z</time>
      </trkpt>
      <trkpt lat="34.34144212175063" lon="109.02393554295725">
        <ele>385.36928652226925</ele>
        <time>2022-03-17T22:27:42Z</time>
      </trkpt>
      <trkpt lat="34.34153355384298" lon="109.02376574394992">
        <ele>385.63659048080444</ele>
        <time>2022-03-17T22:28:49Z</time>
      </trkpt>
      <trkpt lat="34.34153304167358" lon="109.02358702104225">
        <ele>385.2257412467152</ele>
        <time>2022-03-17T22:28:53Z</time>
      </trkpt>
      <trkpt lat="34.341163564151955" lon="109.02321560102182">
        <ele>385.57697810418904</ele>
        <time>2022-03-17T22:29:03Z</time>
      </trkpt>
      <trkpt lat="34.34077807130986" lon="109.02279592465013">
        <ele>386.70234497170895</ele>
        <time>2022-03-17T22:29:13Z</time>
      </trkpt>
      <trkpt lat="34.340429188036566" lon="109.02244521335568">
        <ele>385.1473575849086</ele>
        <time>2022-03-17T22:29:21Z</time>
      </trkpt>
      <trkpt lat="34.340069196687935" lon="109.02206404838086">
        <ele>383.10403207410127</ele>
        <time>2022-03-17T22:29:29Z</time>
      </trkpt>
      <trkpt lat="34.3396739962957" lon="109.02166437403969">
        <ele>382.6690444685519</ele>
        <time>2022-03-17T22:29:37Z</time>
      </trkpt>
      <trkpt lat="34.3393124345027" lon="109.02128792482564">
        <ele>385.5640275841579</ele>
        <time>2022-03-17T22:29:45Z</time>
      </trkpt>
      <trkpt lat="34.33888807408019" lon="109.02092676178346">
        <ele>386.3926318800077</ele>
        <time>2022-03-17T22:29:55Z</time>
      </trkpt>
      <trkpt lat="34.33853706064788" lon="109.02054814940215">
        <ele>384.04975971765816</ele>
        <time>2022-03-17T22:30:03Z</time>
      </trkpt>
      <trkpt lat="34.338179342373884" lon="109.02019003333533">
        <ele>381.8677446246147</ele>
        <time>2022-03-17T22:30:11Z</time>
      </trkpt>
      <trkpt lat="34.33779566535245" lon="109.01980951958703">
        <ele>381.5934139927849</ele>
        <time>2022-03-17T22:30:19Z</time>
      </trkpt>
      <trkpt lat="34.33739484544824" lon="109.01940353694997">
        <ele>381.404311908409</ele>
        <time>2022-03-17T22:30:27Z</time>
      </trkpt>
      <trkpt lat="34.33704453572631" lon="109.01902981510626">
        <ele>381.1505480017513</ele>
        <time>2022-03-17T22:30:34Z</time>
      </trkpt>
      <trkpt lat="34.33663916727801" lon="109.01860302208992">
        <ele>380.86411555018276</ele>
        <time>2022-03-17T22:30:42Z</time>
      </trkpt>
      <trkpt lat="34.33624764398797" lon="109.01820614037514">
        <ele>380.401962201111</ele>
        <time>2022-03-17T22:30:50Z</time>
      </trkpt>
      <trkpt lat="34.33590467238889" lon="109.01786198718257">
        <ele>381.4106397293508</ele>
        <time>2022-03-17T22:30:58Z</time>
      </trkpt>
      <trkpt lat="34.33574197182348" lon="109.01772115411377">
        <ele>383.7198586408049</ele>
        <time>2022-03-17T22:31:04Z</time>
      </trkpt>
      <trkpt lat="34.33559484056322" lon="109.01747257113651">
        <ele>385.45967210270464</ele>
        <time>2022-03-17T22:31:10Z</time>
      </trkpt>
      <trkpt lat="34.33528327532842" lon="109.01709300742229">
        <ele>386.69670212548226</ele>
        <time>2022-03-17T22:31:18Z</time>
      </trkpt>
      <trkpt lat="34.33492493753342" lon="109.01664884269418">
        <ele>386.25155011285096</ele>
        <time>2022-03-17T22:31:26Z</time>
      </trkpt>
      <trkpt lat="34.33456205878482" lon="109.01619825128074">
        <ele>386.10805799253285</ele>
        <time>2022-03-17T22:31:34Z</time>
      </trkpt>
      <trkpt lat="34.334198983379245" lon="109.01574893702775">
        <ele>385.8427901417017</ele>
        <time>2022-03-17T22:31:42Z</time>
      </trkpt>
      <trkpt lat="34.334051022845586" lon="109.01548912459555">
        <ele>386.1369203235954</ele>
        <time>2022-03-17T22:31:46Z</time>
      </trkpt>
      <trkpt lat="34.33370424318969" lon="109.0150393177287">
        <ele>386.5036023342982</ele>
        <time>2022-03-17T22:31:54Z</time>
      </trkpt>
      <trkpt lat="34.33344432690313" lon="109.01456316169408">
        <ele>387.2321866126731</ele>
        <time>2022-03-17T22:32:02Z</time>
      </trkpt>
      <trkpt lat="34.333193733299034" lon="109.0140859986244">
        <ele>387.55335773155093</ele>
        <time>2022-03-17T22:32:10Z</time>
      </trkpt>
      <trkpt lat="34.33292007329016" lon="109.01359510650704">
        <ele>387.01173516362906</ele>
        <time>2022-03-17T22:32:18Z</time>
      </trkpt>
      <trkpt lat="34.33266436971469" lon="109.01311793541994">
        <ele>386.6122147506103</ele>
        <time>2022-03-17T22:32:26Z</time>
      </trkpt>
      <trkpt lat="34.332611009057565" lon="109.01298471062296">
        <ele>386.9315178571269</ele>
        <time>2022-03-17T22:32:28Z</time>
      </trkpt>
      <trkpt lat="34.332574441793646" lon="109.01281868485093">
        <ele>386.9328937418759</ele>
        <time>2022-03-17T22:32:32Z</time>
      </trkpt>
      <trkpt lat="34.332369886630154" lon="109.012468688425">
        <ele>387.10654098633677</ele>
        <time>2022-03-17T22:32:38Z</time>
      </trkpt>
      <trkpt lat="34.332154949523655" lon="109.01190346063368">
        <ele>387.0688057085499</ele>
        <time>2022-03-17T22:32:46Z</time>
      </trkpt>
      <trkpt lat="34.33195199610354" lon="109.01131043481708">
        <ele>386.3318111402914</ele>
        <time>2022-03-17T22:32:54Z</time>
      </trkpt>
      <trkpt lat="34.33182193141564" lon="109.01083227702162">
        <ele>385.64298270549625</ele>
        <time>2022-03-17T22:33:00Z</time>
      </trkpt>
      <trkpt lat="34.331703704687456" lon="109.01016322636829">
        <ele>386.2962891291827</ele>
        <time>2022-03-17T22:33:08Z</time>
      </trkpt>
      <trkpt lat="34.33166284384957" lon="109.00982839982656">
        <ele>386.40800971444696</ele>
        <time>2022-03-17T22:33:12Z</time>
      </trkpt>
      <trkpt lat="34.331618193610595" lon="109.00915309187472">
        <ele>386.54735231399536</ele>
        <time>2022-03-17T22:33:20Z</time>
      </trkpt>
      <trkpt lat="34.33163970176201" lon="109.00848101799112">
        <ele>384.91446745954454</ele>
        <time>2022-03-17T22:33:28Z</time>
      </trkpt>
      <trkpt lat="34.33164960712483" lon="109.00781235274044">
        <ele>386.43937551323324</ele>
        <time>2022-03-17T22:33:36Z</time>
      </trkpt>
      <trkpt lat="34.331656926961195" lon="109.00713541516986">
        <ele>387.03574756905437</ele>
        <time>2022-03-17T22:33:44Z</time>
      </trkpt>
      <trkpt lat="34.33166476133036" lon="109.00666231766539">
        <ele>387.413202509284</ele>
        <time>2022-03-17T22:33:50Z</time>
      </trkpt>
      <trkpt lat="34.33168160337294" lon="109.00651445323433">
        <ele>387.45593054033816</ele>
        <time>2022-03-17T22:33:52Z</time>
      </trkpt>
      <trkpt lat="34.33171925709325" lon="109.00637852116589">
        <ele>387.3037899332121</ele>
        <time>2022-03-17T22:33:54Z</time>
      </trkpt>
      <trkpt lat="34.331731778193934" lon="109.00579988498346">
        <ele>386.55287078395486</ele>
        <time>2022-03-17T22:34:02Z</time>
      </trkpt>
      <trkpt lat="34.331745016752535" lon="109.00518546906947">
        <ele>387.03084560949355</ele>
        <time>2022-03-17T22:34:10Z</time>
      </trkpt>
      <trkpt lat="34.331771278009036" lon="109.00487205311632">
        <ele>386.38579464517534</ele>
        <time>2022-03-17T22:34:14Z</time>
      </trkpt>
      <trkpt lat="34.33178069108631" lon="109.00438635278438">
        <ele>386.00121921952814</ele>
        <time>2022-03-17T22:34:20Z</time>
      </trkpt>
      <trkpt lat="34.33175324673887" lon="109.00375798226983">
        <ele>386.7234447840601</ele>
        <time>2022-03-17T22:34:28Z</time>
      </trkpt>
      <trkpt lat="34.331733073167776" lon="109.00359987231357">
        <ele>386.6133080814034</ele>
        <time>2022-03-17T22:34:30Z</time>
      </trkpt>
      <trkpt lat="34.33173272821773" lon="109.00294010694303">
        <ele>387.5063647516072</ele>
        <time>2022-03-17T22:34:38Z</time>
      </trkpt>
      <trkpt lat="34.33174430330107" lon="109.00229720584494">
        <ele>388.0471258973703</ele>
        <time>2022-03-17T22:34:46Z</time>
      </trkpt>
      <trkpt lat="34.33174897384802" lon="109.00166284594765">
        <ele>388.53009234089404</ele>
        <time>2022-03-17T22:34:54Z</time>
      </trkpt>
      <trkpt lat="34.33176228048659" lon="109.00102623958993">
        <ele>389.4821303207427</ele>
        <time>2022-03-17T22:35:02Z</time>
      </trkpt>
      <trkpt lat="34.33177295499874" lon="109.00039317492994">
        <ele>390.2878684680909</ele>
        <time>2022-03-17T22:35:10Z</time>
      </trkpt>
      <trkpt lat="34.33181734957358" lon="108.99976950651445">
        <ele>390.6714297244325</ele>
        <time>2022-03-17T22:35:18Z</time>
      </trkpt>
      <trkpt lat="34.33178975257342" lon="108.99914319238715">
        <ele>391.44840261153877</ele>
        <time>2022-03-17T22:35:26Z</time>
      </trkpt>
      <trkpt lat="34.33172263688684" lon="108.99851661494881">
        <ele>391.6513761729002</ele>
        <time>2022-03-17T22:35:34Z</time>
      </trkpt>
      <trkpt lat="34.33164051484004" lon="108.99805612549885">
        <ele>391.6479604560882</ele>
        <time>2022-03-17T22:35:40Z</time>
      </trkpt>
      <trkpt lat="34.33148518922664" lon="108.99745600067848">
        <ele>391.6050109574571</ele>
        <time>2022-03-17T22:35:48Z</time>
      </trkpt>
      <trkpt lat="34.3313328569089" lon="108.99687488567122">
        <ele>391.69427226204425</ele>
        <time>2022-03-17T22:35:56Z</time>
      </trkpt>
      <trkpt lat="34.33115202491424" lon="108.99629333896554">
        <ele>391.86061837431043</ele>
        <time>2022-03-17T22:36:04Z</time>
      </trkpt>
      <trkpt lat="34.33102091467491" lon="108.99584619721503">
        <ele>392.64601724781096</ele>
        <time>2022-03-17T22:36:10Z</time>
      </trkpt>
      <trkpt lat="34.33099135263548" lon="108.99551654825235">
        <ele>393.08742800634354</ele>
        <time>2022-03-17T22:36:14Z</time>
      </trkpt>
      <trkpt lat="34.33100372231067" lon="108.99533746984343">
        <ele>393.53361685946584</ele>
        <time>2022-03-17T22:36:16Z</time>
      </trkpt>
      <trkpt lat="34.33097490052318" lon="108.99517011003407">
        <ele>392.77518463134766</ele>
        <time>2022-03-17T22:36:18Z</time>
      </trkpt>
      <trkpt lat="34.33093751781261" lon="108.99469245280638">
        <ele>392.98359413072467</ele>
        <time>2022-03-17T22:36:24Z</time>
      </trkpt>
      <trkpt lat="34.33088136649158" lon="108.99451914392951">
        <ele>392.94703114777803</ele>
        <time>2022-03-17T22:36:26Z</time>
      </trkpt>
      <trkpt lat="34.33080585945272" lon="108.99414565010149">
        <ele>393.142469599843</ele>
        <time>2022-03-17T22:36:30Z</time>
      </trkpt>
      <trkpt lat="34.330795856592765" lon="108.99401408889426">
        <ele>393.40918698813766</ele>
        <time>2022-03-17T22:36:32Z</time>
      </trkpt>
      <trkpt lat="34.33084735220071" lon="108.99374412930943">
        <ele>393.24685377720743</ele>
        <time>2022-03-17T22:36:36Z</time>
      </trkpt>
      <trkpt lat="34.33085739554035" lon="108.99358446223994">
        <ele>392.76223744172603</ele>
        <time>2022-03-17T22:36:38Z</time>
      </trkpt>
      <trkpt lat="34.33083577147404" lon="108.99309040342158">
        <ele>392.90406661946326</ele>
        <time>2022-03-17T22:36:44Z</time>
      </trkpt>
      <trkpt lat="34.33084599767721" lon="108.99254918688877">
        <ele>392.6389010930434</ele>
        <time>2022-03-17T22:36:50Z</time>
      </trkpt>
      <trkpt lat="34.330851085628325" lon="108.99188668520226">
        <ele>392.8173914011568</ele>
        <time>2022-03-17T22:36:58Z</time>
      </trkpt>
      <trkpt lat="34.3308937514326" lon="108.99143933782268">
        <ele>391.4035625513643</ele>
        <time>2022-03-17T22:37:04Z</time>
      </trkpt>
      <trkpt lat="34.33087514977555" lon="108.99083751410338">
        <ele>391.59602917172015</ele>
        <time>2022-03-17T22:37:12Z</time>
      </trkpt>
      <trkpt lat="34.33086191005392" lon="108.99018026750001">
        <ele>390.8662325385958</ele>
        <time>2022-03-17T22:37:20Z</time>
      </trkpt>
      <trkpt lat="34.33089154977936" lon="108.98989490667853">
        <ele>391.6704672696069</ele>
        <time>2022-03-17T22:37:24Z</time>
      </trkpt>
      <trkpt lat="34.330870277966625" lon="108.98958164384712">
        <ele>391.8606110578403</ele>
        <time>2022-03-17T22:37:28Z</time>
      </trkpt>
      <trkpt lat="34.33088672859339" lon="108.98942566411246">
        <ele>391.84144281502813</ele>
        <time>2022-03-17T22:37:30Z</time>
      </trkpt>
      <trkpt lat="34.33086464891176" lon="108.98911621196538">
        <ele>392.9797967681661</ele>
        <time>2022-03-17T22:37:34Z</time>
      </trkpt>
      <trkpt lat="34.33087613445175" lon="108.98898317636274">
        <ele>392.65950438193977</ele>
        <time>2022-03-17T22:37:36Z</time>
      </trkpt>
      <trkpt lat="34.330860488683896" lon="108.98882834838744">
        <ele>392.55729149933904</ele>
        <time>2022-03-17T22:37:38Z</time>
      </trkpt>
      <trkpt lat="34.33091059084341" lon="108.98856142291409">
        <ele>392.76508518401533</ele>
        <time>2022-03-17T22:37:42Z</time>
      </trkpt>
      <trkpt lat="34.33091073468115" lon="108.98841751491041">
        <ele>392.6019590096548</ele>
        <time>2022-03-17T22:37:44Z</time>
      </trkpt>
      <trkpt lat="34.3309328470134" lon="108.9882594054478">
        <ele>393.16837176773697</ele>
        <time>2022-03-17T22:37:46Z</time>
      </trkpt>
      <trkpt lat="34.330934747037645" lon="108.98781040102747">
        <ele>393.2606710670516</ele>
        <time>2022-03-17T22:37:52Z</time>
      </trkpt>
      <trkpt lat="34.33090416380099" lon="108.98742648348366">
        <ele>392.86372420191765</ele>
        <time>2022-03-17T22:37:56Z</time>
      </trkpt>
      <trkpt lat="34.330938627137435" lon="108.98724287273095">
        <ele>392.8639524914324</ele>
        <time>2022-03-17T22:37:58Z</time>
      </trkpt>
      <trkpt lat="34.330921219796245" lon="108.98708533936595">
        <ele>392.5289328675717</ele>
        <time>2022-03-17T22:38:00Z</time>
      </trkpt>
      <trkpt lat="34.330991007713294" lon="108.98687684303526">
        <ele>392.89132707566023</ele>
        <time>2022-03-17T22:38:02Z</time>
      </trkpt>
      <trkpt lat="34.33101334089566" lon="108.98662753916938">
        <ele>393.0685800956562</ele>
        <time>2022-03-17T22:38:05Z</time>
      </trkpt>
      <trkpt lat="34.331053475313766" lon="108.98644971106413">
        <ele>392.85494808480144</ele>
        <time>2022-03-17T22:38:07Z</time>
      </trkpt>
      <trkpt lat="34.33104823393416" lon="108.98631278940795">
        <ele>393.33934005815536</ele>
        <time>2022-03-17T22:38:09Z</time>
      </trkpt>
      <trkpt lat="34.33107718953575" lon="108.98614621788774">
        <ele>393.584001801908</ele>
        <time>2022-03-17T22:38:11Z</time>
      </trkpt>
      <trkpt lat="34.33102440655547" lon="108.98597878918686">
        <ele>393.886082354933</ele>
        <time>2022-03-17T22:38:13Z</time>
      </trkpt>
      <trkpt lat="34.33094959013228" lon="108.98582618568538">
        <ele>393.6714416965842</ele>
        <time>2022-03-17T22:38:15Z</time>
      </trkpt>
      <trkpt lat="34.33090177659783" lon="108.98551111302166">
        <ele>394.1120022861287</ele>
        <time>2022-03-17T22:38:19Z</time>
      </trkpt>
      <trkpt lat="34.33098075277094" lon="108.98517870847333">
        <ele>394.6062283720821</ele>
        <time>2022-03-17T22:38:23Z</time>
      </trkpt>
      <trkpt lat="34.33101284194469" lon="108.98450090352544">
        <ele>393.9935663091019</ele>
        <time>2022-03-17T22:38:31Z</time>
      </trkpt>
      <trkpt lat="34.3310200847484" lon="108.98381707330444">
        <ele>394.4364092517644</ele>
        <time>2022-03-17T22:38:39Z</time>
      </trkpt>
      <trkpt lat="34.331018102447516" lon="108.98345440247996">
        <ele>395.0833588084206</ele>
        <time>2022-03-17T22:38:43Z</time>
      </trkpt>
      <trkpt lat="34.331032792565665" lon="108.98277379943268">
        <ele>394.7031021146104</ele>
        <time>2022-03-17T22:38:51Z</time>
      </trkpt>
      <trkpt lat="34.331025716921616" lon="108.9821513360938">
        <ele>395.497012861073</ele>
        <time>2022-03-17T22:38:58Z</time>
      </trkpt>
      <trkpt lat="34.33102021120842" lon="108.9818191951037">
        <ele>395.7492758575827</ele>
        <time>2022-03-17T22:39:02Z</time>
      </trkpt>
      <trkpt lat="34.33099344702037" lon="108.98149482195352">
        <ele>395.6229061149061</ele>
        <time>2022-03-17T22:39:06Z</time>
      </trkpt>
      <trkpt lat="34.33100109773198" lon="108.98088496626204">
        <ele>395.46858769934624</ele>
        <time>2022-03-17T22:39:14Z</time>
      </trkpt>
      <trkpt lat="34.33100986829013" lon="108.98027870565218">
        <ele>395.60087316296995</ele>
        <time>2022-03-17T22:39:22Z</time>
      </trkpt>
      <trkpt lat="34.33101703348489" lon="108.98000306054334">
        <ele>395.28072295803577</ele>
        <time>2022-03-17T22:39:26Z</time>
      </trkpt>
      <trkpt lat="34.330999628155816" lon="108.97987540087027">
        <ele>395.7002191506326</ele>
        <time>2022-03-17T22:39:28Z</time>
      </trkpt>
      <trkpt lat="34.330940845643404" lon="108.97976370568743">
        <ele>395.7635978134349</ele>
        <time>2022-03-17T22:39:30Z</time>
      </trkpt>
      <trkpt lat="34.33085440495404" lon="108.97967377288494">
        <ele>395.7283170269802</ele>
        <time>2022-03-17T22:39:32Z</time>
      </trkpt>
      <trkpt lat="34.33063781968128" lon="108.97960459005326">
        <ele>395.40523986611515</ele>
        <time>2022-03-17T22:39:36Z</time>
      </trkpt>
      <trkpt lat="34.33012221302082" lon="108.97961496069946">
        <ele>395.1210862863809</ele>
        <time>2022-03-17T22:39:44Z</time>
      </trkpt>
      <trkpt lat="34.329767958308324" lon="108.97954150664289">
        <ele>395.01901424489915</ele>
        <time>2022-03-17T22:39:50Z</time>
      </trkpt>
      <trkpt lat="34.329591968151824" lon="108.97959356274974">
        <ele>395.70909093040973</ele>
        <time>2022-03-17T22:39:54Z</time>
      </trkpt>
      <trkpt lat="34.32908302286401" lon="108.97959752826776">
        <ele>395.5317270392552</ele>
        <time>2022-03-17T22:40:04Z</time>
      </trkpt>
      <trkpt lat="34.3286386201395" lon="108.97962484869448">
        <ele>395.87092773616314</ele>
        <time>2022-03-17T22:40:12Z</time>
      </trkpt>
      <trkpt lat="34.328209512262" lon="108.9796291356917">
        <ele>395.64868033863604</ele>
        <time>2022-03-17T22:40:20Z</time>
      </trkpt>
      <trkpt lat="34.327883522972236" lon="108.97978895560524">
        <ele>396.02654170803726</ele>
        <time>2022-03-17T22:40:30Z</time>
      </trkpt>
      <trkpt lat="34.32789074530206" lon="108.98017284431245">
        <ele>396.2038844246417</ele>
        <time>2022-03-17T22:40:38Z</time>
      </trkpt>
      <trkpt lat="34.32788434110431" lon="108.98036890110951">
        <ele>395.5931782675907</ele>
        <time>2022-03-17T22:40:42Z</time>
      </trkpt>
      <trkpt lat="34.32789990651133" lon="108.98046226690654">
        <ele>395.5340133551508</ele>
        <time>2022-03-17T22:40:44Z</time>
      </trkpt>
      <trkpt lat="34.32784946674781" lon="108.98065777857808">
        <ele>394.9392032912001</ele>
        <time>2022-03-17T22:40:50Z</time>
      </trkpt>
      <trkpt lat="34.32787105742882" lon="108.9807710413683">
        <ele>395.1591199990362</ele>
        <time>2022-03-17T22:40:56Z</time>
      </trkpt>
      <trkpt lat="34.32789998995944" lon="108.98076586008915">
        <ele>395.1350966254249</ele>
        <time>2022-03-17T22:41:06Z</time>
      </trkpt>
      <trkpt lat="34.327914937982385" lon="108.98101343115087">
        <ele>394.5841356962919</ele>
        <time>2022-03-17T22:43:19Z</time>
      </trkpt>
      <trkpt lat="34.32796669148795" lon="108.98109686162192">
        <ele>394.9922475507483</ele>
        <time>2022-03-17T22:43:22Z</time>
      </trkpt>
      <trkpt lat="34.32797699522076" lon="108.9812114045872">
        <ele>394.4612725386396</ele>
        <time>2022-03-17T22:43:26Z</time>
      </trkpt>
      <trkpt lat="34.32804320308291" lon="108.98145089413549">
        <ele>394.4927155133337</ele>
        <time>2022-03-17T22:43:32Z</time>
      </trkpt>
      <trkpt lat="34.32805566338481" lon="108.98154465209754">
        <ele>394.52923045586795</ele>
        <time>2022-03-17T22:43:34Z</time>
      </trkpt>
      <trkpt lat="34.32804502342362" lon="108.98163742414218">
        <ele>394.426913109608</ele>
        <time>2022-03-17T22:43:36Z</time>
      </trkpt>
      <trkpt lat="34.32807355812071" lon="108.9817681630428">
        <ele>394.31475714221597</ele>
        <time>2022-03-17T22:43:40Z</time>
      </trkpt>
      <trkpt lat="34.328196657625384" lon="108.9817406503904">
        <ele>395.55092467274517</ele>
        <time>2022-03-17T22:43:44Z</time>
      </trkpt>
      <trkpt lat="34.32821890939986" lon="108.98171672689374">
        <ele>394.7952778376639</ele>
        <time>2022-03-17T22:43:56Z</time>
      </trkpt>
    </trkseg>
  </trk>
</gpx>