<?xml version="1.0" encoding="UTF-8"?>
<gpx xmlns="http://www.topografix.com/GPX/1/1" xmlns:gpxtpx="http://www.garmin.com/xmlschemas/TrackPointExtension/v1" xmlns:xsi="http://www.w3.org/2001/XMLSchema-instance" xsi:schemaLocation="http://www.topografix.com/GPX/1/1 http://www.topografix.com/GPX/1/1/gpx.xsd" version="1.1" creator="gpx.py -- https://github.com/tkrajina/gpxpy">
  <trk>
    <name>gpx from keep</name>
    <type>Ride</type>
    <trkseg>
      <trkpt lat="34.306529381162306" lon="109.03714248389981">
        <ele>392.10370663553476</ele>
        <time>2022-04-07T09:37:34Z</time>
      </trkpt>
      <trkpt lat="34.30649091165773" lon="109.03706878127142">
        <ele>391.9373143129051</ele>
        <time>2022-04-07T09:37:41Z</time>
      </trkpt>
      <trkpt lat="34.30660811931507" lon="109.03701831505379">
        <ele>391.9587527522817</ele>
        <time>2022-04-07T09:37:55Z</time>
      </trkpt>
      <trkpt lat="34.30656929365079" lon="109.036941259617">
        <ele>391.9842112008482</ele>
        <time>2022-04-07T09:37:59Z</time>
      </trkpt>
      <trkpt lat="34.30653116265484" lon="109.03674288075315">
        <ele>391.5108916340396</ele>
        <time>2022-04-07T09:38:09Z</time>
      </trkpt>
      <trkpt lat="34.30648097606953" lon="109.03656175915759">
        <ele>391.8911955803633</ele>
        <time>2022-04-07T09:38:19Z</time>
      </trkpt>
      <trkpt lat="34.30649011658557" lon="109.03647075235688">
        <ele>391.51178198400885</ele>
        <time>2022-04-07T09:38:33Z</time>
      </trkpt>
      <trkpt lat="34.30647899061522" lon="109.03646604515662">
        <ele>391.50605695694685</ele>
        <time>2022-04-07T09:38:35Z</time>
      </trkpt>
      <trkpt lat="34.30645550322534" lon="109.03624477636947">
        <ele>391.0394014734775</ele>
        <time>2022-04-07T09:38:52Z</time>
      </trkpt>
      <trkpt lat="34.30646194183615" lon="109.03604999207404">
        <ele>391.39258200116456</ele>
        <time>2022-04-07T09:38:56Z</time>
      </trkpt>
      <trkpt lat="34.30643230481253" lon="109.0358449833795">
        <ele>391.81790615525097</ele>
        <time>2022-04-07T09:39:00Z</time>
      </trkpt>
      <trkpt lat="34.306473651076494" lon="109.03571989812013">
        <ele>392.49707876704633</ele>
        <time>2022-04-07T09:39:04Z</time>
      </trkpt>
      <trkpt lat="34.306468527270255" lon="109.0355866894896">
        <ele>393.277510356158</ele>
        <time>2022-04-07T09:39:06Z</time>
      </trkpt>
      <trkpt lat="34.30639162615425" lon="109.03530503092038">
        <ele>393.01497067231685</ele>
        <time>2022-04-07T09:39:12Z</time>
      </trkpt>
      <trkpt lat="34.3063838770658" lon="109.0352010652939">
        <ele>392.6260652150959</ele>
        <time>2022-04-07T09:39:14Z</time>
      </trkpt>
      <trkpt lat="34.30635090844944" lon="109.03510100659449">
        <ele>393.0894506936893</ele>
        <time>2022-04-07T09:39:16Z</time>
      </trkpt>
      <trkpt lat="34.30632930826128" lon="109.03495318745915">
        <ele>392.70536881964654</ele>
        <time>2022-04-07T09:39:20Z</time>
      </trkpt>
      <trkpt lat="34.30639828765735" lon="109.03481078745241">
        <ele>394.63353259768337</ele>
        <time>2022-04-07T09:39:24Z</time>
      </trkpt>
      <trkpt lat="34.306413067875674" lon="109.03445587860104">
        <ele>393.0779561782256</ele>
        <time>2022-04-07T09:39:32Z</time>
      </trkpt>
      <trkpt lat="34.306394614974444" lon="109.03431736074634">
        <ele>392.48198700137436</ele>
        <time>2022-04-07T09:39:35Z</time>
      </trkpt>
      <trkpt lat="34.30638906400011" lon="109.03411702814046">
        <ele>393.2981257084757</ele>
        <time>2022-04-07T09:39:39Z</time>
      </trkpt>
      <trkpt lat="34.30631577476496" lon="109.03386904157809">
        <ele>393.488818555139</ele>
        <time>2022-04-07T09:39:45Z</time>
      </trkpt>
      <trkpt lat="34.30629695111114" lon="109.03374909689185">
        <ele>392.92499555274844</ele>
        <time>2022-04-07T09:39:47Z</time>
      </trkpt>
      <trkpt lat="34.306181174098406" lon="109.03343326926658">
        <ele>393.8519726227969</ele>
        <time>2022-04-07T09:39:55Z</time>
      </trkpt>
      <trkpt lat="34.30619722709657" lon="109.03305950376459">
        <ele>393.19289192929864</ele>
        <time>2022-04-07T09:40:01Z</time>
      </trkpt>
      <trkpt lat="34.306262692458375" lon="109.03257718382562">
        <ele>392.8552526542917</ele>
        <time>2022-04-07T09:40:08Z</time>
      </trkpt>
      <trkpt lat="34.306256300484264" lon="109.03231518698962">
        <ele>393.2554598096758</ele>
        <time>2022-04-07T09:40:12Z</time>
      </trkpt>
      <trkpt lat="34.30617973660841" lon="109.03176454338944">
        <ele>394.4039858262986</ele>
        <time>2022-04-07T09:40:22Z</time>
      </trkpt>
      <trkpt lat="34.30611158905978" lon="109.03154917206548">
        <ele>393.8733136318624</ele>
        <time>2022-04-07T09:40:26Z</time>
      </trkpt>
      <trkpt lat="34.30615852558374" lon="109.03128656533664">
        <ele>392.33850479964167</ele>
        <time>2022-04-07T09:40:30Z</time>
      </trkpt>
      <trkpt lat="34.30621968406148" lon="109.03114430007165">
        <ele>392.6146178813651</ele>
        <time>2022-04-07T09:40:34Z</time>
      </trkpt>
      <trkpt lat="34.30633675458747" lon="109.03106786034803">
        <ele>393.4016462350264</ele>
        <time>2022-04-07T09:40:36Z</time>
      </trkpt>
      <trkpt lat="34.30670646689607" lon="109.03092804228402">
        <ele>392.2905907789245</ele>
        <time>2022-04-07T09:40:44Z</time>
      </trkpt>
      <trkpt lat="34.30681364425925" lon="109.03092839234532">
        <ele>391.7590725654736</ele>
        <time>2022-04-07T09:40:46Z</time>
      </trkpt>
      <trkpt lat="34.30729513684554" lon="109.0308376857451">
        <ele>392.4797811442986</ele>
        <time>2022-04-07T09:40:56Z</time>
      </trkpt>
      <trkpt lat="34.30767929605457" lon="109.03082379940754">
        <ele>392.38357022497803</ele>
        <time>2022-04-07T09:41:04Z</time>
      </trkpt>
      <trkpt lat="34.30818665696147" lon="109.03076500928785">
        <ele>394.7260208968073</ele>
        <time>2022-04-07T09:41:16Z</time>
      </trkpt>
      <trkpt lat="34.30845758772567" lon="109.03073902625636">
        <ele>394.3709033690393</ele>
        <time>2022-04-07T09:41:22Z</time>
      </trkpt>
      <trkpt lat="34.30865653954685" lon="109.03073947032946">
        <ele>395.02494124881923</ele>
        <time>2022-04-07T09:41:26Z</time>
      </trkpt>
      <trkpt lat="34.30911784112084" lon="109.03060572421656">
        <ele>394.67200553044677</ele>
        <time>2022-04-07T09:41:36Z</time>
      </trkpt>
      <trkpt lat="34.309211955283814" lon="109.03057133013769">
        <ele>394.4564437959343</ele>
        <time>2022-04-07T09:41:38Z</time>
      </trkpt>
      <trkpt lat="34.30933078254672" lon="109.030493465484">
        <ele>394.0022049471736</ele>
        <time>2022-04-07T09:41:41Z</time>
      </trkpt>
      <trkpt lat="34.309437302575425" lon="109.03045518567674">
        <ele>393.65841675549746</ele>
        <time>2022-04-07T09:41:43Z</time>
      </trkpt>
      <trkpt lat="34.30987296498242" lon="109.03006942202153">
        <ele>392.70710080862045</ele>
        <time>2022-04-07T09:41:55Z</time>
      </trkpt>
      <trkpt lat="34.31012213079258" lon="109.02988287013079">
        <ele>392.65754189621657</ele>
        <time>2022-04-07T09:42:01Z</time>
      </trkpt>
      <trkpt lat="34.31028200969124" lon="109.02971698890299">
        <ele>392.73033749032766</ele>
        <time>2022-04-07T09:42:05Z</time>
      </trkpt>
      <trkpt lat="34.31046748810192" lon="109.02957317366601">
        <ele>392.0682444907725</ele>
        <time>2022-04-07T09:42:09Z</time>
      </trkpt>
      <trkpt lat="34.31053572953156" lon="109.02948406134163">
        <ele>391.94014458265156</ele>
        <time>2022-04-07T09:42:11Z</time>
      </trkpt>
      <trkpt lat="34.310878567594415" lon="109.0291571250887">
        <ele>391.44002105668187</ele>
        <time>2022-04-07T09:42:19Z</time>
      </trkpt>
      <trkpt lat="34.31112158776748" lon="109.02889673420859">
        <ele>390.63468436244875</ele>
        <time>2022-04-07T09:42:25Z</time>
      </trkpt>
      <trkpt lat="34.31116391838312" lon="109.0288087523188">
        <ele>390.55035828985274</ele>
        <time>2022-04-07T09:42:29Z</time>
      </trkpt>
      <trkpt lat="34.311259800162475" lon="109.02871872067227">
        <ele>391.0928299864754</ele>
        <time>2022-04-07T09:42:33Z</time>
      </trkpt>
      <trkpt lat="34.31129111960353" lon="109.02861168956348">
        <ele>391.2503240350634</ele>
        <time>2022-04-07T09:42:37Z</time>
      </trkpt>
      <trkpt lat="34.31129724344712" lon="109.02851830660562">
        <ele>391.1329544764012</ele>
        <time>2022-04-07T09:42:39Z</time>
      </trkpt>
      <trkpt lat="34.31140863576402" lon="109.0281968069372">
        <ele>392.2517264066264</ele>
        <time>2022-04-07T09:42:45Z</time>
      </trkpt>
      <trkpt lat="34.31146280235201" lon="109.02762573226495">
        <ele>391.6585900792852</ele>
        <time>2022-04-07T09:42:55Z</time>
      </trkpt>
      <trkpt lat="34.31152360804076" lon="109.02726043875987">
        <ele>392.0299814706668</ele>
        <time>2022-04-07T09:43:01Z</time>
      </trkpt>
      <trkpt lat="34.31167088248081" lon="109.02691236892665">
        <ele>391.03644153662026</ele>
        <time>2022-04-07T09:43:07Z</time>
      </trkpt>
      <trkpt lat="34.31181473133673" lon="109.02670991076022">
        <ele>391.46167107019573</ele>
        <time>2022-04-07T09:43:11Z</time>
      </trkpt>
      <trkpt lat="34.31206142009575" lon="109.02647785438019">
        <ele>391.95571721624583</ele>
        <time>2022-04-07T09:43:17Z</time>
      </trkpt>
      <trkpt lat="34.312352748584615" lon="109.02625716866443">
        <ele>393.5347286807373</ele>
        <time>2022-04-07T09:43:25Z</time>
      </trkpt>
      <trkpt lat="34.31242461652104" lon="109.02618551405826">
        <ele>393.93374067451805</ele>
        <time>2022-04-07T09:43:27Z</time>
      </trkpt>
      <trkpt lat="34.31261713222114" lon="109.02607492479252">
        <ele>393.19977457262576</ele>
        <time>2022-04-07T09:43:31Z</time>
      </trkpt>
      <trkpt lat="34.31276625618681" lon="109.02602372762247">
        <ele>392.7750727990642</ele>
        <time>2022-04-07T09:43:33Z</time>
      </trkpt>
      <trkpt lat="34.31279216943516" lon="109.02591761144068">
        <ele>393.2633569436148</ele>
        <time>2022-04-07T09:43:35Z</time>
      </trkpt>
      <trkpt lat="34.312862511670886" lon="109.02584469047011">
        <ele>394.7028326941654</ele>
        <time>2022-04-07T09:43:37Z</time>
      </trkpt>
      <trkpt lat="34.31306039245652" lon="109.02574100273438">
        <ele>393.54805930145085</ele>
        <time>2022-04-07T09:43:41Z</time>
      </trkpt>
      <trkpt lat="34.31349572107285" lon="109.02564915942625">
        <ele>392.67745858989656</ele>
        <time>2022-04-07T09:43:49Z</time>
      </trkpt>
      <trkpt lat="34.31360060954629" lon="109.02563240945781">
        <ele>392.17193086631596</ele>
        <time>2022-04-07T09:43:51Z</time>
      </trkpt>
      <trkpt lat="34.314062042612825" lon="109.02541667726675">
        <ele>391.60913806408644</ele>
        <time>2022-04-07T09:44:01Z</time>
      </trkpt>
      <trkpt lat="34.31447683283964" lon="109.0251629199245">
        <ele>391.7719800565392</ele>
        <time>2022-04-07T09:44:11Z</time>
      </trkpt>
      <trkpt lat="34.31489148576733" lon="109.02486543284034">
        <ele>389.9907428091392</ele>
        <time>2022-04-07T09:44:21Z</time>
      </trkpt>
      <trkpt lat="34.315170060802885" lon="109.02466547357552">
        <ele>390.07916957791895</ele>
        <time>2022-04-07T09:44:27Z</time>
      </trkpt>
      <trkpt lat="34.31564024870888" lon="109.02439510556641">
        <ele>389.66988490894437</ele>
        <time>2022-04-07T09:44:37Z</time>
      </trkpt>
      <trkpt lat="34.31601228631185" lon="109.0241880255052">
        <ele>389.2602207586169</ele>
        <time>2022-04-07T09:44:45Z</time>
      </trkpt>
      <trkpt lat="34.316185488965154" lon="109.02411172319272">
        <ele>389.8286435129121</ele>
        <time>2022-04-07T09:44:49Z</time>
      </trkpt>
      <trkpt lat="34.31631746388295" lon="109.0239971634386">
        <ele>389.96099049877375</ele>
        <time>2022-04-07T09:44:53Z</time>
      </trkpt>
      <trkpt lat="34.31633943956273" lon="109.02391075584269">
        <ele>390.3844675151631</ele>
        <time>2022-04-07T09:44:55Z</time>
      </trkpt>
      <trkpt lat="34.31632428556975" lon="109.02368433939222">
        <ele>390.19299431703985</ele>
        <time>2022-04-07T09:44:59Z</time>
      </trkpt>
      <trkpt lat="34.3162782335794" lon="109.02359019680803">
        <ele>390.2497139237821</ele>
        <time>2022-04-07T09:45:01Z</time>
      </trkpt>
      <trkpt lat="34.316214907585234" lon="109.02338660307329">
        <ele>390.18895708490163</ele>
        <time>2022-04-07T09:45:05Z</time>
      </trkpt>
      <trkpt lat="34.316170041768636" lon="109.02328945948426">
        <ele>389.72771942801774</ele>
        <time>2022-04-07T09:45:07Z</time>
      </trkpt>
      <trkpt lat="34.31614708179258" lon="109.02316817359527">
        <ele>389.0614933865145</ele>
        <time>2022-04-07T09:45:09Z</time>
      </trkpt>
      <trkpt lat="34.3159033490452" lon="109.02262106864657">
        <ele>388.4341570343822</ele>
        <time>2022-04-07T09:45:20Z</time>
      </trkpt>
      <trkpt lat="34.31582597704686" lon="109.02242540334763">
        <ele>389.17309227213264</ele>
        <time>2022-04-07T09:45:24Z</time>
      </trkpt>
      <trkpt lat="34.31580806789647" lon="109.0223120201163">
        <ele>389.72806476056576</ele>
        <time>2022-04-07T09:45:26Z</time>
      </trkpt>
      <trkpt lat="34.315834243996875" lon="109.02198818685389">
        <ele>391.08216564171016</ele>
        <time>2022-04-07T09:45:32Z</time>
      </trkpt>
      <trkpt lat="34.315898719413056" lon="109.02168676760303">
        <ele>391.9480184596032</ele>
        <time>2022-04-07T09:45:38Z</time>
      </trkpt>
      <trkpt lat="34.31588846989713" lon="109.02159083803257">
        <ele>393.3682404924184</ele>
        <time>2022-04-07T09:45:40Z</time>
      </trkpt>
      <trkpt lat="34.31589242733436" lon="109.0212955520705">
        <ele>393.8348664753139</ele>
        <time>2022-04-07T09:45:46Z</time>
      </trkpt>
      <trkpt lat="34.3158701843565" lon="109.02086168852361">
        <ele>395.169108889997</ele>
        <time>2022-04-07T09:45:55Z</time>
      </trkpt>
      <trkpt lat="34.31587523255089" lon="109.0206773022439">
        <ele>395.0580805372447</ele>
        <time>2022-04-07T09:45:59Z</time>
      </trkpt>
      <trkpt lat="34.31586231483966" lon="109.02059201449399">
        <ele>395.7435464216396</ele>
        <time>2022-04-07T09:46:01Z</time>
      </trkpt>
      <trkpt lat="34.31584818590939" lon="109.01999853694348">
        <ele>398.17284037545323</ele>
        <time>2022-04-07T09:46:15Z</time>
      </trkpt>
      <trkpt lat="34.31585923443739" lon="109.01984569624375">
        <ele>398.8101902445778</ele>
        <time>2022-04-07T09:46:19Z</time>
      </trkpt>
      <trkpt lat="34.31583782809979" lon="109.01973202892863">
        <ele>399.35308375395834</ele>
        <time>2022-04-07T09:46:23Z</time>
      </trkpt>
      <trkpt lat="34.3158040345344" lon="109.01913126489657">
        <ele>401.4915212756023</ele>
        <time>2022-04-07T09:46:43Z</time>
      </trkpt>
      <trkpt lat="34.31580416645156" lon="109.01904015032757">
        <ele>401.52481000032276</ele>
        <time>2022-04-07T09:46:45Z</time>
      </trkpt>
      <trkpt lat="34.31582660821994" lon="109.01895216437124">
        <ele>401.4869385622442</ele>
        <time>2022-04-07T09:46:47Z</time>
      </trkpt>
      <trkpt lat="34.31586242353587" lon="109.01835900151626">
        <ele>403.0959170302376</ele>
        <time>2022-04-07T09:47:01Z</time>
      </trkpt>
      <trkpt lat="34.31580188406278" lon="109.01807337960597">
        <ele>404.52780575398356</ele>
        <time>2022-04-07T09:47:09Z</time>
      </trkpt>
      <trkpt lat="34.31581257283771" lon="109.01777303838817">
        <ele>404.60131138842553</ele>
        <time>2022-04-07T09:47:17Z</time>
      </trkpt>
      <trkpt lat="34.31578230439508" lon="109.01725416127795">
        <ele>405.118800659664</ele>
        <time>2022-04-07T09:47:29Z</time>
      </trkpt>
      <trkpt lat="34.315779501482346" lon="109.0168974401725">
        <ele>406.4802612187341</ele>
        <time>2022-04-07T09:47:37Z</time>
      </trkpt>
      <trkpt lat="34.31576189271587" lon="109.01648818085054">
        <ele>407.70841039158404</ele>
        <time>2022-04-07T09:47:47Z</time>
      </trkpt>
      <trkpt lat="34.31573902382309" lon="109.01639904014738">
        <ele>407.8572245435789</ele>
        <time>2022-04-07T09:47:49Z</time>
      </trkpt>
      <trkpt lat="34.315741832299864" lon="109.01620591311607">
        <ele>408.18950853683054</ele>
        <time>2022-04-07T09:47:53Z</time>
      </trkpt>
      <trkpt lat="34.315713346501084" lon="109.01605686721938">
        <ele>407.89589663315564</ele>
        <time>2022-04-07T09:47:57Z</time>
      </trkpt>
      <trkpt lat="34.31574137395202" lon="109.01590401061374">
        <ele>408.0628325184807</ele>
        <time>2022-04-07T09:48:01Z</time>
      </trkpt>
      <trkpt lat="34.315748077464974" lon="109.01567290606583">
        <ele>407.9264529403299</ele>
        <time>2022-04-07T09:48:05Z</time>
      </trkpt>
      <trkpt lat="34.3158014953883" lon="109.01539036658629">
        <ele>408.1183174010366</ele>
        <time>2022-04-07T09:48:09Z</time>
      </trkpt>
      <trkpt lat="34.315783683950905" lon="109.01506446850792">
        <ele>408.2811781698838</ele>
        <time>2022-04-07T09:48:13Z</time>
      </trkpt>
      <trkpt lat="34.31580004431695" lon="109.0147226246312">
        <ele>408.5645436970517</ele>
        <time>2022-04-07T09:48:17Z</time>
      </trkpt>
      <trkpt lat="34.315807118947255" lon="109.01407571144496">
        <ele>408.8203401770443</ele>
        <time>2022-04-07T09:48:27Z</time>
      </trkpt>
      <trkpt lat="34.315844867529684" lon="109.01350402789966">
        <ele>408.55398542806506</ele>
        <time>2022-04-07T09:48:35Z</time>
      </trkpt>
      <trkpt lat="34.31585719651657" lon="109.01293800523031">
        <ele>409.7508719647303</ele>
        <time>2022-04-07T09:48:45Z</time>
      </trkpt>
      <trkpt lat="34.31583963966529" lon="109.01228976520724">
        <ele>409.3689065007493</ele>
        <time>2022-04-07T09:48:57Z</time>
      </trkpt>
      <trkpt lat="34.315833202815924" lon="109.01194187248176">
        <ele>408.95831384975463</ele>
        <time>2022-04-07T09:49:03Z</time>
      </trkpt>
      <trkpt lat="34.315871358956024" lon="109.01143913435597">
        <ele>409.26161360275</ele>
        <time>2022-04-07T09:49:11Z</time>
      </trkpt>
      <trkpt lat="34.31586495197291" lon="109.01080507771975">
        <ele>408.96148909721524</ele>
        <time>2022-04-07T09:49:21Z</time>
      </trkpt>
      <trkpt lat="34.31585730979074" lon="109.01023240278428">
        <ele>408.01884293276817</ele>
        <time>2022-04-07T09:49:31Z</time>
      </trkpt>
      <trkpt lat="34.31586165449743" lon="109.01001270369399">
        <ele>408.0955044813454</ele>
        <time>2022-04-07T09:49:35Z</time>
      </trkpt>
      <trkpt lat="34.31591549583368" lon="109.00990387363439">
        <ele>408.784836483188</ele>
        <time>2022-04-07T09:49:37Z</time>
      </trkpt>
      <trkpt lat="34.316013425947745" lon="109.00983938310992">
        <ele>408.34837939124554</ele>
        <time>2022-04-07T09:49:39Z</time>
      </trkpt>
      <trkpt lat="34.31647039399043" lon="109.00972918837324">
        <ele>408.2865727171302</ele>
        <time>2022-04-07T09:49:49Z</time>
      </trkpt>
      <trkpt lat="34.316905180268726" lon="109.00965418933713">
        <ele>408.46258424874395</ele>
        <time>2022-04-07T09:49:59Z</time>
      </trkpt>
      <trkpt lat="34.31727891302891" lon="109.00965623311018">
        <ele>408.4793162746355</ele>
        <time>2022-04-07T09:50:07Z</time>
      </trkpt>
      <trkpt lat="34.317449018116825" lon="109.00963235220105">
        <ele>409.0901250001043</ele>
        <time>2022-04-07T09:50:11Z</time>
      </trkpt>
      <trkpt lat="34.31791131054009" lon="109.00960670012752">
        <ele>409.70673658978194</ele>
        <time>2022-04-07T09:50:21Z</time>
      </trkpt>
      <trkpt lat="34.31810991682855" lon="109.00961263699858">
        <ele>408.5475177494809</ele>
        <time>2022-04-07T09:50:25Z</time>
      </trkpt>
      <trkpt lat="34.318539713870415" lon="109.00957689812837">
        <ele>408.9359429208562</ele>
        <time>2022-04-07T09:50:33Z</time>
      </trkpt>
      <trkpt lat="34.31888416884183" lon="109.00958017695098">
        <ele>408.6047914419323</ele>
        <time>2022-04-07T09:50:39Z</time>
      </trkpt>
      <trkpt lat="34.31903339146355" lon="109.00962992001853">
        <ele>406.29588103387505</ele>
        <time>2022-04-07T09:50:41Z</time>
      </trkpt>
      <trkpt lat="34.31953335690838" lon="109.00966870891506">
        <ele>407.33364643901587</ele>
        <time>2022-04-07T09:50:51Z</time>
      </trkpt>
      <trkpt lat="34.32001532040551" lon="109.00968765752857">
        <ele>406.56623651925474</ele>
        <time>2022-04-07T09:51:01Z</time>
      </trkpt>
      <trkpt lat="34.3201126518684" lon="109.00970511277023">
        <ele>405.9909363659099</ele>
        <time>2022-04-07T09:51:03Z</time>
      </trkpt>
      <trkpt lat="34.320522793938466" lon="109.00967580468874">
        <ele>406.0565211866051</ele>
        <time>2022-04-07T09:51:11Z</time>
      </trkpt>
      <trkpt lat="34.32064251608581" lon="109.00965078756913">
        <ele>404.90850079618394</ele>
        <time>2022-04-07T09:51:13Z</time>
      </trkpt>
      <trkpt lat="34.32076551279458" lon="109.00967094389952">
        <ele>405.06740771140903</ele>
        <time>2022-04-07T09:51:15Z</time>
      </trkpt>
      <trkpt lat="34.32099632158063" lon="109.00965317192735">
        <ele>404.28569322638214</ele>
        <time>2022-04-07T09:51:19Z</time>
      </trkpt>
      <trkpt lat="34.321523997913914" lon="109.00966511512263">
        <ele>401.69212675560266</ele>
        <time>2022-04-07T09:51:29Z</time>
      </trkpt>
      <trkpt lat="34.32196319057003" lon="109.00966152335569">
        <ele>401.05229021795094</ele>
        <time>2022-04-07T09:51:37Z</time>
      </trkpt>
      <trkpt lat="34.32242472142837" lon="109.00962096697621">
        <ele>401.24761055689305</ele>
        <time>2022-04-07T09:51:45Z</time>
      </trkpt>
      <trkpt lat="34.32292315265841" lon="109.00956747203546">
        <ele>398.5709502864629</ele>
        <time>2022-04-07T09:51:53Z</time>
      </trkpt>
      <trkpt lat="34.32342679364746" lon="109.00949204705195">
        <ele>397.10283750575036</ele>
        <time>2022-04-07T09:52:01Z</time>
      </trkpt>
      <trkpt lat="34.32367455324894" lon="109.0094563219295">
        <ele>396.59291446674615</ele>
        <time>2022-04-07T09:52:05Z</time>
      </trkpt>
      <trkpt lat="34.32379102103548" lon="109.0094106172851">
        <ele>396.4397886451334</ele>
        <time>2022-04-07T09:52:07Z</time>
      </trkpt>
      <trkpt lat="34.324212263617945" lon="109.00929388075767">
        <ele>396.3696601120755</ele>
        <time>2022-04-07T09:52:15Z</time>
      </trkpt>
      <trkpt lat="34.32464209254444" lon="109.00907459832376">
        <ele>395.1490852534771</ele>
        <time>2022-04-07T09:52:25Z</time>
      </trkpt>
      <trkpt lat="34.32493870294522" lon="109.0089406299773">
        <ele>395.18181728571653</ele>
        <time>2022-04-07T09:52:31Z</time>
      </trkpt>
      <trkpt lat="34.32504800844825" lon="109.00891736299276">
        <ele>395.57915710285306</ele>
        <time>2022-04-07T09:52:33Z</time>
      </trkpt>
      <trkpt lat="34.325236080655735" lon="109.00883016026972">
        <ele>396.0567816523835</ele>
        <time>2022-04-07T09:52:37Z</time>
      </trkpt>
      <trkpt lat="34.32533902487612" lon="109.00880248579963">
        <ele>395.51462115254253</ele>
        <time>2022-04-07T09:52:39Z</time>
      </trkpt>
      <trkpt lat="34.32579172393621" lon="109.00854025143012">
        <ele>395.3958908142522</ele>
        <time>2022-04-07T09:52:49Z</time>
      </trkpt>
      <trkpt lat="34.32589022293613" lon="109.00849321578484">
        <ele>395.5703145423904</ele>
        <time>2022-04-07T09:52:51Z</time>
      </trkpt>
      <trkpt lat="34.32634492226736" lon="109.00819830034989">
        <ele>395.5387818524614</ele>
        <time>2022-04-07T09:53:01Z</time>
      </trkpt>
      <trkpt lat="34.32680879936703" lon="109.0079046881689">
        <ele>394.3797445194796</ele>
        <time>2022-04-07T09:53:11Z</time>
      </trkpt>
      <trkpt lat="34.32720668047254" lon="109.00761077672345">
        <ele>394.20361108426005</ele>
        <time>2022-04-07T09:53:21Z</time>
      </trkpt>
      <trkpt lat="34.32760538811694" lon="109.00731175180043">
        <ele>393.71100177802145</ele>
        <time>2022-04-07T09:53:31Z</time>
      </trkpt>
      <trkpt lat="34.32764073785648" lon="109.0072336830586">
        <ele>393.7897761017084</ele>
        <time>2022-04-07T09:53:33Z</time>
      </trkpt>
      <trkpt lat="34.32763773122253" lon="109.00696095241601">
        <ele>394.1683931145817</ele>
        <time>2022-04-07T09:53:41Z</time>
      </trkpt>
      <trkpt lat="34.327723551025926" lon="109.00687508233614">
        <ele>394.3273874837905</ele>
        <time>2022-04-07T09:53:45Z</time>
      </trkpt>
      <trkpt lat="34.32774556791265" lon="109.00677883103171">
        <ele>394.4088958390057</ele>
        <time>2022-04-07T09:53:49Z</time>
      </trkpt>
      <trkpt lat="34.32781310445505" lon="109.00666476365446">
        <ele>393.8485309453681</ele>
        <time>2022-04-07T09:54:03Z</time>
      </trkpt>
      <trkpt lat="34.3279476205375" lon="109.0065080419183">
        <ele>394.22586379386485</ele>
        <time>2022-04-07T09:54:12Z</time>
      </trkpt>
      <trkpt lat="34.32799309588512" lon="109.006432387698">
        <ele>394.74122577905655</ele>
        <time>2022-04-07T09:54:14Z</time>
      </trkpt>
      <trkpt lat="34.328013327098375" lon="109.00614735942287">
        <ele>395.21389629878104</ele>
        <time>2022-04-07T09:54:21Z</time>
      </trkpt>
      <trkpt lat="34.327966320607125" lon="109.00568341486768">
        <ele>394.95972022786736</ele>
        <time>2022-04-07T09:54:31Z</time>
      </trkpt>
      <trkpt lat="34.327930653507515" lon="109.0055908209997">
        <ele>394.7589003946632</ele>
        <time>2022-04-07T09:54:33Z</time>
      </trkpt>
      <trkpt lat="34.32791461701906" lon="109.00549460610682">
        <ele>394.4531969493255</ele>
        <time>2022-04-07T09:54:39Z</time>
      </trkpt>
      <trkpt lat="34.32792563166823" lon="109.00540650103255">
        <ele>394.5926960743964</ele>
        <time>2022-04-07T09:54:43Z</time>
      </trkpt>
      <trkpt lat="34.32790688101687" lon="109.00532102831005">
        <ele>394.56056356150657</ele>
        <time>2022-04-07T09:54:46Z</time>
      </trkpt>
      <trkpt lat="34.32789626469613" lon="109.00513288884159">
        <ele>394.37609974108636</ele>
        <time>2022-04-07T09:54:50Z</time>
      </trkpt>
      <trkpt lat="34.32787039119316" lon="109.00505019880038">
        <ele>394.536585604772</ele>
        <time>2022-04-07T09:54:52Z</time>
      </trkpt>
      <trkpt lat="34.32781115925163" lon="109.004975055112">
        <ele>394.69565520621836</ele>
        <time>2022-04-07T09:54:54Z</time>
      </trkpt>
      <trkpt lat="34.327793671151625" lon="109.0048762026473">
        <ele>394.7444980740547</ele>
        <time>2022-04-07T09:54:56Z</time>
      </trkpt>
      <trkpt lat="34.327814042246" lon="109.00475546917444">
        <ele>394.68383454624563</ele>
        <time>2022-04-07T09:54:58Z</time>
      </trkpt>
      <trkpt lat="34.32779235345473" lon="109.00457491512009">
        <ele>394.23936516046524</ele>
        <time>2022-04-07T09:55:02Z</time>
      </trkpt>
      <trkpt lat="34.327808976725315" lon="109.00425112295464">
        <ele>394.160093318671</ele>
        <time>2022-04-07T09:55:06Z</time>
      </trkpt>
      <trkpt lat="34.32783100303656" lon="109.00413328712251">
        <ele>394.38107589725405</ele>
        <time>2022-04-07T09:55:10Z</time>
      </trkpt>
      <trkpt lat="34.32777794772483" lon="109.0037311617098">
        <ele>393.7815064378083</ele>
        <time>2022-04-07T09:55:18Z</time>
      </trkpt>
      <trkpt lat="34.32777876676877" lon="109.00350113833107">
        <ele>393.86306095216423</ele>
        <time>2022-04-07T09:55:22Z</time>
      </trkpt>
      <trkpt lat="34.32784395934658" lon="109.00304816365919">
        <ele>395.0097596645355</ele>
        <time>2022-04-07T09:55:30Z</time>
      </trkpt>
      <trkpt lat="34.327814962644624" lon="109.00275637146515">
        <ele>395.49554973002523</ele>
        <time>2022-04-07T09:55:36Z</time>
      </trkpt>
      <trkpt lat="34.32778399197243" lon="109.00265579566593">
        <ele>395.3636794583872</ele>
        <time>2022-04-07T09:55:38Z</time>
      </trkpt>
      <trkpt lat="34.32771543903099" lon="109.002551443606">
        <ele>394.8131099687889</ele>
        <time>2022-04-07T09:55:40Z</time>
      </trkpt>
      <trkpt lat="34.327604075213" lon="109.00219055023624">
        <ele>395.1259843008593</ele>
        <time>2022-04-07T09:55:48Z</time>
      </trkpt>
      <trkpt lat="34.32761450813509" lon="109.00184116441065">
        <ele>394.45036929287016</ele>
        <time>2022-04-07T09:55:56Z</time>
      </trkpt>
      <trkpt lat="34.32765339770223" lon="109.00161383220609">
        <ele>395.1834079781547</ele>
        <time>2022-04-07T09:56:02Z</time>
      </trkpt>
      <trkpt lat="34.32765190774503" lon="109.00152621054978">
        <ele>394.9260055515915</ele>
        <time>2022-04-07T09:56:04Z</time>
      </trkpt>
      <trkpt lat="34.32760743301683" lon="109.0013734378141">
        <ele>394.108600477688</ele>
        <time>2022-04-07T09:56:08Z</time>
      </trkpt>
      <trkpt lat="34.327636407177074" lon="109.00120153922522">
        <ele>394.41375091671944</ele>
        <time>2022-04-07T09:56:12Z</time>
      </trkpt>
      <trkpt lat="34.327611351516666" lon="109.00094828196681">
        <ele>394.46224600449204</ele>
        <time>2022-04-07T09:56:18Z</time>
      </trkpt>
      <trkpt lat="34.32748082271007" lon="109.00043523709128">
        <ele>394.46006146259606</ele>
        <time>2022-04-07T09:56:29Z</time>
      </trkpt>
      <trkpt lat="34.32745005195789" lon="109.00035230387618">
        <ele>394.3602114347741</ele>
        <time>2022-04-07T09:56:31Z</time>
      </trkpt>
      <trkpt lat="34.32743670939368" lon="109.00024540988233">
        <ele>394.5259487014264</ele>
        <time>2022-04-07T09:56:33Z</time>
      </trkpt>
      <trkpt lat="34.32747791998986" lon="109.00005817381923">
        <ele>394.8621161542833</ele>
        <time>2022-04-07T09:56:37Z</time>
      </trkpt>
      <trkpt lat="34.32747906000541" lon="108.99986374749786">
        <ele>394.858617416583</ele>
        <time>2022-04-07T09:56:41Z</time>
      </trkpt>
      <trkpt lat="34.327518272010906" lon="108.99951365991214">
        <ele>394.5798386214301</ele>
        <time>2022-04-07T09:56:47Z</time>
      </trkpt>
      <trkpt lat="34.3278949470936" lon="108.99762693539508">
        <ele>394.75314445700496</ele>
        <time>2022-04-07T09:56:51Z</time>
      </trkpt>
      <trkpt lat="34.32785919937184" lon="108.99749894448406">
        <ele>394.61304706241935</ele>
        <time>2022-04-07T09:56:55Z</time>
      </trkpt>
      <trkpt lat="34.32784617436671" lon="108.99728925352093">
        <ele>394.5632148934528</ele>
        <time>2022-04-07T09:56:59Z</time>
      </trkpt>
      <trkpt lat="34.32786471739723" lon="108.9966916095849">
        <ele>394.95424950961024</ele>
        <time>2022-04-07T09:57:07Z</time>
      </trkpt>
      <trkpt lat="34.327697485400755" lon="108.99741313596718">
        <ele>395.0311511894688</ele>
        <time>2022-04-07T09:57:17Z</time>
      </trkpt>
      <trkpt lat="34.327841469166145" lon="108.99685302636303">
        <ele>394.8692411063239</ele>
        <time>2022-04-07T09:57:19Z</time>
      </trkpt>
      <trkpt lat="34.32783359602464" lon="108.99637269885122">
        <ele>395.7918985299766</ele>
        <time>2022-04-07T09:57:21Z</time>
      </trkpt>
      <trkpt lat="34.32788206221745" lon="108.99545155983671">
        <ele>395.1675707101822</ele>
        <time>2022-04-07T09:57:23Z</time>
      </trkpt>
      <trkpt lat="34.327952255194795" lon="108.99523448467205">
        <ele>395.13744168542325</ele>
        <time>2022-04-07T09:57:25Z</time>
      </trkpt>
      <trkpt lat="34.32795807762941" lon="108.99508634438351">
        <ele>395.740930438973</ele>
        <time>2022-04-07T09:57:27Z</time>
      </trkpt>
      <trkpt lat="34.32800716756665" lon="108.99483721798408">
        <ele>395.2917079683393</ele>
        <time>2022-04-07T09:57:31Z</time>
      </trkpt>
      <trkpt lat="34.32799773653868" lon="108.99441166984694">
        <ele>394.6120231486857</ele>
        <time>2022-04-07T09:57:39Z</time>
      </trkpt>
      <trkpt lat="34.32800717714636" lon="108.99430194148805">
        <ele>394.7347002476454</ele>
        <time>2022-04-07T09:57:41Z</time>
      </trkpt>
      <trkpt lat="34.327987787387485" lon="108.99420250571193">
        <ele>394.4547370923683</ele>
        <time>2022-04-07T09:57:43Z</time>
      </trkpt>
      <trkpt lat="34.32803381685952" lon="108.99380691461317">
        <ele>394.6221788274124</ele>
        <time>2022-04-07T09:57:55Z</time>
      </trkpt>
      <trkpt lat="34.32801680804237" lon="108.99372246457825">
        <ele>394.5071039935574</ele>
        <time>2022-04-07T09:57:57Z</time>
      </trkpt>
      <trkpt lat="34.32803351622556" lon="108.99363743752626">
        <ele>394.9063656060025</ele>
        <time>2022-04-07T09:57:59Z</time>
      </trkpt>
      <trkpt lat="34.32798554261616" lon="108.99351294660929">
        <ele>395.93816537503153</ele>
        <time>2022-04-07T09:58:03Z</time>
      </trkpt>
      <trkpt lat="34.32804820096081" lon="108.99324648446624">
        <ele>394.81813547294587</ele>
        <time>2022-04-07T09:58:07Z</time>
      </trkpt>
      <trkpt lat="34.32805657519518" lon="108.99287884059412">
        <ele>394.80256268475205</ele>
        <time>2022-04-07T09:58:13Z</time>
      </trkpt>
      <trkpt lat="34.328034253417854" lon="108.99278584081299">
        <ele>393.3135415222496</ele>
        <time>2022-04-07T09:58:15Z</time>
      </trkpt>
      <trkpt lat="34.328047250756406" lon="108.9926868006575">
        <ele>394.5998504096642</ele>
        <time>2022-04-07T09:58:17Z</time>
      </trkpt>
      <trkpt lat="34.328039656024245" lon="108.99259155022958">
        <ele>393.877473176457</ele>
        <time>2022-04-07T09:58:19Z</time>
      </trkpt>
      <trkpt lat="34.328054920989445" lon="108.99249040970173">
        <ele>393.83834451716393</ele>
        <time>2022-04-07T09:58:21Z</time>
      </trkpt>
      <trkpt lat="34.328046222999966" lon="108.9922870059361">
        <ele>393.845860931091</ele>
        <time>2022-04-07T09:58:25Z</time>
      </trkpt>
      <trkpt lat="34.32800962188323" lon="108.99216023734598">
        <ele>394.59135609772056</ele>
        <time>2022-04-07T09:58:28Z</time>
      </trkpt>
      <trkpt lat="34.328023494023405" lon="108.9918623840387">
        <ele>392.4152048109099</ele>
        <time>2022-04-07T09:58:33Z</time>
      </trkpt>
      <trkpt lat="34.328011010798726" lon="108.99174017036866">
        <ele>392.7022181749344</ele>
        <time>2022-04-07T09:58:35Z</time>
      </trkpt>
      <trkpt lat="34.328012306406166" lon="108.99153833990259">
        <ele>392.4947547642514</ele>
        <time>2022-04-07T09:58:39Z</time>
      </trkpt>
      <trkpt lat="34.32797443915775" lon="108.99136408342594">
        <ele>393.0190169662237</ele>
        <time>2022-04-07T09:58:43Z</time>
      </trkpt>
      <trkpt lat="34.32799335322216" lon="108.99121903954052">
        <ele>392.88932469300926</ele>
        <time>2022-04-07T09:58:47Z</time>
      </trkpt>
      <trkpt lat="34.328049935705266" lon="108.99113998097208">
        <ele>392.7960093151778</ele>
        <time>2022-04-07T09:58:51Z</time>
      </trkpt>
      <trkpt lat="34.32804148982586" lon="108.99111072034854">
        <ele>392.35546059161425</ele>
        <time>2022-04-07T09:59:01Z</time>
      </trkpt>
      <trkpt lat="34.32806849431906" lon="108.99088682650135">
        <ele>391.33074105903506</ele>
        <time>2022-04-07T09:59:26Z</time>
      </trkpt>
      <trkpt lat="34.32807343490833" lon="108.99067897639982">
        <ele>391.9068821873516</ele>
        <time>2022-04-07T09:59:30Z</time>
      </trkpt>
      <trkpt lat="34.328005999301" lon="108.99048335040504">
        <ele>392.1480351854116</ele>
        <time>2022-04-07T09:59:34Z</time>
      </trkpt>
      <trkpt lat="34.3279732178956" lon="108.99019366857887">
        <ele>391.7596846828237</ele>
        <time>2022-04-07T09:59:40Z</time>
      </trkpt>
      <trkpt lat="34.32798636684343" lon="108.98976698031139">
        <ele>391.88079613633454</ele>
        <time>2022-04-07T09:59:46Z</time>
      </trkpt>
      <trkpt lat="34.32794473282184" lon="108.98943309026426">
        <ele>392.76036456413567</ele>
        <time>2022-04-07T09:59:52Z</time>
      </trkpt>
      <trkpt lat="34.32797955416563" lon="108.98928994827546">
        <ele>393.0791763002053</ele>
        <time>2022-04-07T09:59:56Z</time>
      </trkpt>
      <trkpt lat="34.32802920809822" lon="108.98918530348227">
        <ele>393.6552398893982</ele>
        <time>2022-04-07T09:59:58Z</time>
      </trkpt>
      <trkpt lat="34.32802944200168" lon="108.98890687149809">
        <ele>392.07029056735337</ele>
        <time>2022-04-07T10:00:02Z</time>
      </trkpt>
      <trkpt lat="34.327865099457505" lon="108.98841113524449">
        <ele>393.0645453669131</ele>
        <time>2022-04-07T10:00:10Z</time>
      </trkpt>
      <trkpt lat="34.3278794191631" lon="108.98788366980106">
        <ele>394.031073349528</ele>
        <time>2022-04-07T10:00:18Z</time>
      </trkpt>
      <trkpt lat="34.32788295637508" lon="108.98753553717299">
        <ele>393.5492981718853</ele>
        <time>2022-04-07T10:00:24Z</time>
      </trkpt>
      <trkpt lat="34.327840451879226" lon="108.98732882570566">
        <ele>394.2272621616721</ele>
        <time>2022-04-07T10:00:28Z</time>
      </trkpt>
      <trkpt lat="34.32786856753812" lon="108.98719449563264">
        <ele>394.13296350091696</ele>
        <time>2022-04-07T10:00:30Z</time>
      </trkpt>
      <trkpt lat="34.327912590463015" lon="108.98709658026405">
        <ele>394.7682593828067</ele>
        <time>2022-04-07T10:00:32Z</time>
      </trkpt>
      <trkpt lat="34.327945765675096" lon="108.98673421942512">
        <ele>394.17110290005803</ele>
        <time>2022-04-07T10:00:37Z</time>
      </trkpt>
      <trkpt lat="34.3279282417178" lon="108.98646320912252">
        <ele>393.20117788854986</ele>
        <time>2022-04-07T10:00:41Z</time>
      </trkpt>
      <trkpt lat="34.327937736051716" lon="108.9859252185355">
        <ele>392.67342235706747</ele>
        <time>2022-04-07T10:00:49Z</time>
      </trkpt>
      <trkpt lat="34.32794993309559" lon="108.9856512472023">
        <ele>392.2001673448831</ele>
        <time>2022-04-07T10:00:53Z</time>
      </trkpt>
      <trkpt lat="34.32803095702717" lon="108.98516222096056">
        <ele>391.9818104226142</ele>
        <time>2022-04-07T10:01:01Z</time>
      </trkpt>
      <trkpt lat="34.32804179386899" lon="108.98475654611308">
        <ele>392.03196568600833</ele>
        <time>2022-04-07T10:01:09Z</time>
      </trkpt>
      <trkpt lat="34.32802238659362" lon="108.98441697795589">
        <ele>392.44745926652104</ele>
        <time>2022-04-07T10:01:19Z</time>
      </trkpt>
      <trkpt lat="34.328046688994135" lon="108.9839301014306">
        <ele>392.6572895590216</ele>
        <time>2022-04-07T10:01:29Z</time>
      </trkpt>
      <trkpt lat="34.32802342727123" lon="108.98335365971225">
        <ele>393.4183914391324</ele>
        <time>2022-04-07T10:01:41Z</time>
      </trkpt>
      <trkpt lat="34.32802668854879" lon="108.98277477653806">
        <ele>394.0560112018138</ele>
        <time>2022-04-07T10:01:53Z</time>
      </trkpt>
      <trkpt lat="34.32804724390667" lon="108.98239599081637">
        <ele>393.61606322135776</ele>
        <time>2022-04-07T10:01:59Z</time>
      </trkpt>
      <trkpt lat="34.328104853424065" lon="108.9820774643066">
        <ele>393.773958732374</ele>
        <time>2022-04-07T10:02:05Z</time>
      </trkpt>
      <trkpt lat="34.328106181291695" lon="108.981891800319">
        <ele>394.3079993231222</ele>
        <time>2022-04-07T10:02:09Z</time>
      </trkpt>
      <trkpt lat="34.328134410364456" lon="108.98180332948219">
        <ele>394.75055667571723</ele>
        <time>2022-04-07T10:02:11Z</time>
      </trkpt>
      <trkpt lat="34.32810147473174" lon="108.98169978153841">
        <ele>395.253113177605</ele>
        <time>2022-04-07T10:02:13Z</time>
      </trkpt>
      <trkpt lat="34.32811799319139" lon="108.98160383598773">
        <ele>394.9547203006223</ele>
        <time>2022-04-07T10:02:15Z</time>
      </trkpt>
      <trkpt lat="34.32809633492262" lon="108.98151166861729">
        <ele>394.86153808329254</ele>
        <time>2022-04-07T10:02:17Z</time>
      </trkpt>
      <trkpt lat="34.32814291437153" lon="108.98135863473244">
        <ele>394.9181025661528</ele>
        <time>2022-04-07T10:02:21Z</time>
      </trkpt>
      <trkpt lat="34.328114579294066" lon="108.98127633177396">
        <ele>395.01898801419884</ele>
        <time>2022-04-07T10:02:25Z</time>
      </trkpt>
      <trkpt lat="34.32810904412087" lon="108.98118018991715">
        <ele>394.9187606777996</ele>
        <time>2022-04-07T10:02:33Z</time>
      </trkpt>
      <trkpt lat="34.328122891909615" lon="108.98114657260173">
        <ele>394.959789336659</ele>
        <time>2022-04-07T10:02:35Z</time>
      </trkpt>
      <trkpt lat="34.32815011768402" lon="108.98099759179192">
        <ele>394.5460484987125</ele>
        <time>2022-04-07T10:02:44Z</time>
      </trkpt>
      <trkpt lat="34.328170695875464" lon="108.98090189402342">
        <ele>395.06619497668</ele>
        <time>2022-04-07T10:02:51Z</time>
      </trkpt>
      <trkpt lat="34.32821989860129" lon="108.98082219670745">
        <ele>394.8270329767838</ele>
        <time>2022-04-07T10:03:01Z</time>
      </trkpt>
      <trkpt lat="34.328357928210515" lon="108.98075340550005">
        <ele>395.29177160561085</ele>
        <time>2022-04-07T10:03:23Z</time>
      </trkpt>
      <trkpt lat="34.328424652303156" lon="108.98081234883455">
        <ele>395.1794925928116</ele>
        <time>2022-04-07T10:03:28Z</time>
      </trkpt>
      <trkpt lat="34.328508494722925" lon="108.98080774041222">
        <ele>395.5515487631783</ele>
        <time>2022-04-07T10:03:32Z</time>
      </trkpt>
      <trkpt lat="34.32855586119003" lon="108.98087842646609">
        <ele>395.20163401402533</ele>
        <time>2022-04-07T10:03:36Z</time>
      </trkpt>
      <trkpt lat="34.32858821531742" lon="108.98078612771234">
        <ele>395.96153168193996</ele>
        <time>2022-04-07T10:03:52Z</time>
      </trkpt>
      <trkpt lat="34.328532161769125" lon="108.98037778475116">
        <ele>395.67960765585303</ele>
        <time>2022-04-07T10:04:16Z</time>
      </trkpt>
      <trkpt lat="34.32853790522627" lon="108.9800582468884">
        <ele>395.65523841418326</ele>
        <time>2022-04-07T10:04:34Z</time>
      </trkpt>
      <trkpt lat="34.328573536386344" lon="108.97998506153678">
        <ele>395.94284532405436</ele>
        <time>2022-04-07T10:04:47Z</time>
      </trkpt>
      <trkpt lat="34.32861778979897" lon="108.98013606890981">
        <ele>395.35751300957054</ele>
        <time>2022-04-07T10:05:43Z</time>
      </trkpt>
      <trkpt lat="34.328605889089786" lon="108.98023244068382">
        <ele>396.00454992987216</ele>
        <time>2022-04-07T10:05:47Z</time>
      </trkpt>
      <trkpt lat="34.32864493018405" lon="108.9803448569237">
        <ele>396.0818176502362</ele>
        <time>2022-04-07T10:05:53Z</time>
      </trkpt>
      <trkpt lat="34.3286562983466" lon="108.98044325415036">
        <ele>395.65669586416334</ele>
        <time>2022-04-07T10:05:59Z</time>
      </trkpt>
      <trkpt lat="34.328625925137516" lon="108.9805425745112">
        <ele>395.24115596618503</ele>
        <time>2022-04-07T10:06:05Z</time>
      </trkpt>
      <trkpt lat="34.328681795402076" lon="108.9804624479489">
        <ele>395.8309466354549</ele>
        <time>2022-04-07T10:06:07Z</time>
      </trkpt>
      <trkpt lat="34.328449356679975" lon="108.98041205094025">
        <ele>401.56518173217773</ele>
        <time>2022-04-07T10:06:17Z</time>
      </trkpt>
      <trkpt lat="34.328329057152" lon="108.98043900406616">
        <ele>398.3797950744629</ele>
        <time>2022-04-07T10:06:19Z</time>
      </trkpt>
      <trkpt lat="34.328097998450666" lon="108.98044421942046">
        <ele>396.6427974700928</ele>
        <time>2022-04-07T10:06:50Z</time>
      </trkpt>
      <trkpt lat="34.32837682617817" lon="108.9804610864647">
        <ele>422.4992132987827</ele>
        <time>2022-04-07T10:07:02Z</time>
      </trkpt>
      <trkpt lat="34.32829053891331" lon="108.98056855566944">
        <ele>428.3009159276262</ele>
        <time>2022-04-07T10:07:06Z</time>
      </trkpt>
      <trkpt lat="34.32828200446699" lon="108.9804213226563">
        <ele>448.3243350982666</ele>
        <time>2022-04-07T10:07:41Z</time>
      </trkpt>
      <trkpt lat="34.3282465864064" lon="108.9802354288625">
        <ele>427.6781425476074</ele>
        <time>2022-04-07T10:07:47Z</time>
      </trkpt>
      <trkpt lat="34.32853140708126" lon="108.97995821664162">
        <ele>427.67784690856934</ele>
        <time>2022-04-07T10:07:58Z</time>
      </trkpt>
      <trkpt lat="34.32821825105712" lon="108.98018162488444">
        <ele>408.47204208374023</ele>
        <time>2022-04-07T10:08:00Z</time>
      </trkpt>
      <trkpt lat="34.32853140708126" lon="108.97995821664162">
        <ele>399.70543479919434</ele>
        <time>2022-04-07T10:09:36Z</time>
      </trkpt>
      <trkpt lat="34.32808460168531" lon="108.98007739741314">
        <ele>398.43626976013184</ele>
        <time>2022-04-07T10:10:48Z</time>
      </trkpt>
      <trkpt lat="34.327900923674434" lon="108.97992641883798">
        <ele>392.6141052246094</ele>
        <time>2022-04-07T10:11:12Z</time>
      </trkpt>
      <trkpt lat="34.328022451412515" lon="108.98002598250835">
        <ele>398.3866786956787</ele>
        <time>2022-04-07T10:11:30Z</time>
      </trkpt>
      <trkpt lat="34.32853140708126" lon="108.97995821664162">
        <ele>398.9424343109131</ele>
        <time>2022-04-07T10:12:12Z</time>
      </trkpt>
      <trkpt lat="34.328071278682195" lon="108.98006608417724">
        <ele>398.5665798187256</ele>
        <time>2022-04-07T10:12:30Z</time>
      </trkpt>
      <trkpt lat="34.327971977522104" lon="108.9799980648058">
        <ele>401.43446922302246</ele>
        <time>2022-04-07T10:13:00Z</time>
      </trkpt>
      <trkpt lat="34.328179201615654" lon="108.98015436252712">
        <ele>398.3877468109131</ele>
        <time>2022-04-07T10:16:36Z</time>
      </trkpt>
      <trkpt lat="34.327982621383846" lon="108.98150734829636">
        <ele>437.13120685424656</ele>
        <time>2022-04-07T10:16:44Z</time>
      </trkpt>
      <trkpt lat="34.327982621383846" lon="108.98150734829636">
        <ele>437.13120685424656</ele>
        <time>2022-04-07T10:16:45Z</time>
      </trkpt>
      <trkpt lat="34.328789254746205" lon="108.98058293665794">
        <ele>338.60606535710394</ele>
        <time>2022-04-07T10:35:08Z</time>
      </trkpt>
      <trkpt lat="34.328801956410366" lon="108.9805576161269">
        <ele>346.55976098403335</ele>
        <time>2022-04-07T10:35:15Z</time>
      </trkpt>
      <trkpt lat="34.32869906862145" lon="108.9806218875094">
        <ele>394.00751387514174</ele>
        <time>2022-04-07T10:35:34Z</time>
      </trkpt>
      <trkpt lat="34.32868450276091" lon="108.9807273173487">
        <ele>394.73763114772737</ele>
        <time>2022-04-07T10:35:38Z</time>
      </trkpt>
      <trkpt lat="34.32857889925306" lon="108.98085724982461">
        <ele>395.0657273493707</ele>
        <time>2022-04-07T10:35:42Z</time>
      </trkpt>
      <trkpt lat="34.328484224137966" lon="108.98086248626481">
        <ele>394.6032322989777</ele>
        <time>2022-04-07T10:35:44Z</time>
      </trkpt>
      <trkpt lat="34.328263495767615" lon="108.9808250402713">
        <ele>395.30501331947744</ele>
        <time>2022-04-07T10:35:54Z</time>
      </trkpt>
      <trkpt lat="34.328082906125346" lon="108.98083833056268">
        <ele>395.1739185741171</ele>
        <time>2022-04-07T10:35:58Z</time>
      </trkpt>
      <trkpt lat="34.328003120005434" lon="108.98078045869237">
        <ele>394.5983829535544</ele>
        <time>2022-04-07T10:36:00Z</time>
      </trkpt>
      <trkpt lat="34.32802498714238" lon="108.98067412981467">
        <ele>395.29402867145836</ele>
        <time>2022-04-07T10:36:02Z</time>
      </trkpt>
      <trkpt lat="34.32806863075852" lon="108.98012132706023">
        <ele>395.87777675967664</ele>
        <time>2022-04-07T10:36:10Z</time>
      </trkpt>
      <trkpt lat="34.32806296930688" lon="108.97982785060758">
        <ele>396.0270832274109</ele>
        <time>2022-04-07T10:36:14Z</time>
      </trkpt>
      <trkpt lat="34.328097536777406" lon="108.9796961709067">
        <ele>396.05683493986726</ele>
        <time>2022-04-07T10:36:16Z</time>
      </trkpt>
      <trkpt lat="34.3281803317271" lon="108.97959118470656">
        <ele>396.4685339489952</ele>
        <time>2022-04-07T10:36:18Z</time>
      </trkpt>
      <trkpt lat="34.328305392501484" lon="108.97954253551298">
        <ele>396.3627794831991</ele>
        <time>2022-04-07T10:36:20Z</time>
      </trkpt>
      <trkpt lat="34.32867563686552" lon="108.97953793489886">
        <ele>395.61858765315264</ele>
        <time>2022-04-07T10:36:26Z</time>
      </trkpt>
      <trkpt lat="34.32894013395585" lon="108.97953052993365">
        <ele>396.40245161857456</ele>
        <time>2022-04-07T10:36:30Z</time>
      </trkpt>
      <trkpt lat="34.32948791098265" lon="108.9795363426977">
        <ele>394.8177386140451</ele>
        <time>2022-04-07T10:36:38Z</time>
      </trkpt>
      <trkpt lat="34.32964946370117" lon="108.97952792821792">
        <ele>396.39685600530356</ele>
        <time>2022-04-07T10:36:40Z</time>
      </trkpt>
      <trkpt lat="34.33006722021783" lon="108.97969823506317">
        <ele>395.765285089612</ele>
        <time>2022-04-07T10:36:46Z</time>
      </trkpt>
      <trkpt lat="34.33021302726625" lon="108.97971910737053">
        <ele>394.4860844453797</ele>
        <time>2022-04-07T10:36:48Z</time>
      </trkpt>
      <trkpt lat="34.33052156460993" lon="108.97971183777115">
        <ele>396.46188658382744</ele>
        <time>2022-04-07T10:36:52Z</time>
      </trkpt>
      <trkpt lat="34.33067214671989" lon="108.97974071105564">
        <ele>395.15386796556413</ele>
        <time>2022-04-07T10:36:54Z</time>
      </trkpt>
      <trkpt lat="34.3307785521416" lon="108.97983339915659">
        <ele>395.8224380100146</ele>
        <time>2022-04-07T10:36:56Z</time>
      </trkpt>
      <trkpt lat="34.33083181507291" lon="108.97996382065426">
        <ele>395.81657140981406</ele>
        <time>2022-04-07T10:36:58Z</time>
      </trkpt>
      <trkpt lat="34.33080975726328" lon="108.9806698305988">
        <ele>395.65622371342033</ele>
        <time>2022-04-07T10:37:06Z</time>
      </trkpt>
      <trkpt lat="34.330776487139204" lon="108.98123034448038">
        <ele>395.32836710847914</ele>
        <time>2022-04-07T10:37:12Z</time>
      </trkpt>
      <trkpt lat="34.33072246223033" lon="108.98180477643358">
        <ele>395.14685276988894</ele>
        <time>2022-04-07T10:37:18Z</time>
      </trkpt>
      <trkpt lat="34.33069193586525" lon="108.98249792966381">
        <ele>394.28369153663516</ele>
        <time>2022-04-07T10:37:25Z</time>
      </trkpt>
      <trkpt lat="34.3306756057232" lon="108.98288957999965">
        <ele>394.91881874669343</ele>
        <time>2022-04-07T10:37:29Z</time>
      </trkpt>
      <trkpt lat="34.330671637662824" lon="108.98349547766527">
        <ele>394.2428634176031</ele>
        <time>2022-04-07T10:37:35Z</time>
      </trkpt>
      <trkpt lat="34.33067262286439" lon="108.98413796063411">
        <ele>394.6177664510906</ele>
        <time>2022-04-07T10:37:41Z</time>
      </trkpt>
      <trkpt lat="34.3306586153374" lon="108.98477211843061">
        <ele>394.6873158849776</ele>
        <time>2022-04-07T10:37:47Z</time>
      </trkpt>
      <trkpt lat="34.33064842787856" lon="108.98496796033291">
        <ele>393.99613817222416</ele>
        <time>2022-04-07T10:37:49Z</time>
      </trkpt>
      <trkpt lat="34.33065618903309" lon="108.98519895629654">
        <ele>394.00264307204634</ele>
        <time>2022-04-07T10:37:51Z</time>
      </trkpt>
      <trkpt lat="34.33064054194249" lon="108.98542824914297">
        <ele>393.12426113989204</ele>
        <time>2022-04-07T10:37:53Z</time>
      </trkpt>
      <trkpt lat="34.33066307875184" lon="108.98608201185021">
        <ele>393.5074005834758</ele>
        <time>2022-04-07T10:37:59Z</time>
      </trkpt>
      <trkpt lat="34.33069272294204" lon="108.98653611125934">
        <ele>392.84275218937546</ele>
        <time>2022-04-07T10:38:03Z</time>
      </trkpt>
      <trkpt lat="34.33060467566888" lon="108.98676187602749">
        <ele>392.7483625479697</ele>
        <time>2022-04-07T10:38:05Z</time>
      </trkpt>
      <trkpt lat="34.33076607360588" lon="108.98690683328896">
        <ele>393.1726475264877</ele>
        <time>2022-04-07T10:38:07Z</time>
      </trkpt>
      <trkpt lat="34.33076352651832" lon="108.98714763314221">
        <ele>391.9703000076115</ele>
        <time>2022-04-07T10:38:09Z</time>
      </trkpt>
      <trkpt lat="34.33074506848048" lon="108.98793178617348">
        <ele>392.3536028172821</ele>
        <time>2022-04-07T10:38:16Z</time>
      </trkpt>
      <trkpt lat="34.330736365435854" lon="108.98832079657545">
        <ele>392.8475676123053</ele>
        <time>2022-04-07T10:38:20Z</time>
      </trkpt>
      <trkpt lat="34.33083937814647" lon="108.98855733733389">
        <ele>392.3071608589962</ele>
        <time>2022-04-07T10:38:22Z</time>
      </trkpt>
      <trkpt lat="34.33076471076273" lon="108.98882179420353">
        <ele>392.89352097641677</ele>
        <time>2022-04-07T10:38:24Z</time>
      </trkpt>
      <trkpt lat="34.33072866067659" lon="108.98903162169184">
        <ele>394.01653035730124</ele>
        <time>2022-04-07T10:38:26Z</time>
      </trkpt>
      <trkpt lat="34.330716318328356" lon="108.98930141830894">
        <ele>393.80905971489847</ele>
        <time>2022-04-07T10:38:28Z</time>
      </trkpt>
      <trkpt lat="34.33066984743903" lon="108.98957162660493">
        <ele>392.8182994714007</ele>
        <time>2022-04-07T10:38:30Z</time>
      </trkpt>
      <trkpt lat="34.3306673876806" lon="108.99014596282592">
        <ele>392.43022031057626</ele>
        <time>2022-04-07T10:38:34Z</time>
      </trkpt>
      <trkpt lat="34.33062390529692" lon="108.99063085455178">
        <ele>392.9745757477358</ele>
        <time>2022-04-07T10:38:38Z</time>
      </trkpt>
      <trkpt lat="34.33055176861268" lon="108.99089569554846">
        <ele>392.0404647048563</ele>
        <time>2022-04-07T10:38:40Z</time>
      </trkpt>
      <trkpt lat="34.33052560566029" lon="108.99113114667152">
        <ele>389.1651971116662</ele>
        <time>2022-04-07T10:38:42Z</time>
      </trkpt>
      <trkpt lat="34.33059953367934" lon="108.99136456394382">
        <ele>390.56927713006735</ele>
        <time>2022-04-07T10:38:44Z</time>
      </trkpt>
      <trkpt lat="34.33062597627907" lon="108.9915785761745">
        <ele>390.79440247267485</ele>
        <time>2022-04-07T10:38:46Z</time>
      </trkpt>
      <trkpt lat="34.33060817413104" lon="108.99216225912424">
        <ele>392.2265019547194</ele>
        <time>2022-04-07T10:38:51Z</time>
      </trkpt>
      <trkpt lat="34.33060650953141" lon="108.99235886909352">
        <ele>392.3124829540029</ele>
        <time>2022-04-07T10:38:53Z</time>
      </trkpt>
      <trkpt lat="34.330626462184824" lon="108.99258008026789">
        <ele>392.3488785456866</ele>
        <time>2022-04-07T10:38:55Z</time>
      </trkpt>
      <trkpt lat="34.330601461709" lon="108.9927864374295">
        <ele>392.4479414122179</ele>
        <time>2022-04-07T10:38:57Z</time>
      </trkpt>
      <trkpt lat="34.33059345975848" lon="108.99302682370944">
        <ele>392.98858303390443</ele>
        <time>2022-04-07T10:38:59Z</time>
      </trkpt>
      <trkpt lat="34.33062204103202" lon="108.99324784946234">
        <ele>393.12633038312197</ele>
        <time>2022-04-07T10:39:01Z</time>
      </trkpt>
      <trkpt lat="34.33058381956644" lon="108.99368853386477">
        <ele>394.4109708685428</ele>
        <time>2022-04-07T10:39:05Z</time>
      </trkpt>
      <trkpt lat="34.33058375997374" lon="108.99387394324799">
        <ele>393.9548938199878</ele>
        <time>2022-04-07T10:39:07Z</time>
      </trkpt>
      <trkpt lat="34.33062498038849" lon="108.99426389548691">
        <ele>392.9922219766304</ele>
        <time>2022-04-07T10:39:11Z</time>
      </trkpt>
      <trkpt lat="34.33061139427329" lon="108.99437985712095">
        <ele>392.2510491516441</ele>
        <time>2022-04-07T10:39:13Z</time>
      </trkpt>
      <trkpt lat="34.330643379629315" lon="108.99452779507354">
        <ele>392.5032533397898</ele>
        <time>2022-04-07T10:39:15Z</time>
      </trkpt>
      <trkpt lat="34.330686159132554" lon="108.9946035609015">
        <ele>392.89916497748345</ele>
        <time>2022-04-07T10:39:20Z</time>
      </trkpt>
      <trkpt lat="34.33070585435845" lon="108.99475459209847">
        <ele>392.7141822045669</ele>
        <time>2022-04-07T10:39:24Z</time>
      </trkpt>
      <trkpt lat="34.3309801262097" lon="108.99677050426128">
        <ele>392.5926118949428</ele>
        <time>2022-04-07T10:39:33Z</time>
      </trkpt>
      <trkpt lat="34.33097580553637" lon="108.99692015919592">
        <ele>392.42772069666535</ele>
        <time>2022-04-07T10:39:34Z</time>
      </trkpt>
      <trkpt lat="34.33102090425634" lon="108.99714416930664">
        <ele>392.87018958013505</ele>
        <time>2022-04-07T10:39:36Z</time>
      </trkpt>
      <trkpt lat="34.33120674964027" lon="108.99777647070114">
        <ele>392.3823968572542</ele>
        <time>2022-04-07T10:39:42Z</time>
      </trkpt>
      <trkpt lat="34.33135645410563" lon="108.99841644270896">
        <ele>392.26365702040493</ele>
        <time>2022-04-07T10:39:48Z</time>
      </trkpt>
      <trkpt lat="34.33142922344499" lon="108.99886256806623">
        <ele>390.97383578307927</ele>
        <time>2022-04-07T10:39:52Z</time>
      </trkpt>
      <trkpt lat="34.33148722615856" lon="108.99956481099902">
        <ele>390.66695222072303</ele>
        <time>2022-04-07T10:39:58Z</time>
      </trkpt>
      <trkpt lat="34.33154477885876" lon="109.00024277434552">
        <ele>390.8373843897134</ele>
        <time>2022-04-07T10:40:04Z</time>
      </trkpt>
      <trkpt lat="34.3315343296244" lon="109.00093005040024">
        <ele>390.11854663304985</ele>
        <time>2022-04-07T10:40:10Z</time>
      </trkpt>
      <trkpt lat="34.331512246472165" lon="109.00162831644299">
        <ele>390.91162128560245</ele>
        <time>2022-04-07T10:40:16Z</time>
      </trkpt>
      <trkpt lat="34.33149585394768" lon="109.00231368501674">
        <ele>390.3753684954718</ele>
        <time>2022-04-07T10:40:22Z</time>
      </trkpt>
      <trkpt lat="34.33148814055828" lon="109.00301617320949">
        <ele>389.94944526907057</ele>
        <time>2022-04-07T10:40:28Z</time>
      </trkpt>
      <trkpt lat="34.33147833932905" lon="109.00372513800309">
        <ele>388.7862666742876</ele>
        <time>2022-04-07T10:40:34Z</time>
      </trkpt>
      <trkpt lat="34.33149640298403" lon="109.00395197240208">
        <ele>388.4335712864995</ele>
        <time>2022-04-07T10:40:36Z</time>
      </trkpt>
      <trkpt lat="34.33149254704394" lon="109.00448505879064">
        <ele>386.8404077673331</ele>
        <time>2022-04-07T10:40:42Z</time>
      </trkpt>
      <trkpt lat="34.3315058737328" lon="109.00457937793445">
        <ele>386.45857013668865</ele>
        <time>2022-04-07T10:40:44Z</time>
      </trkpt>
      <trkpt lat="34.33148482160815" lon="109.00499591520487">
        <ele>386.0901001440361</ele>
        <time>2022-04-07T10:40:52Z</time>
      </trkpt>
      <trkpt lat="34.33141774959742" lon="109.00533451323128">
        <ele>386.7058363268152</ele>
        <time>2022-04-07T10:40:56Z</time>
      </trkpt>
      <trkpt lat="34.33137753350426" lon="109.00592448316758">
        <ele>386.61122565250844</ele>
        <time>2022-04-07T10:41:02Z</time>
      </trkpt>
      <trkpt lat="34.331367429317716" lon="109.00613032143927">
        <ele>386.1809857841581</ele>
        <time>2022-04-07T10:41:04Z</time>
      </trkpt>
      <trkpt lat="34.331377261223174" lon="109.00677544546026">
        <ele>387.3442121585831</ele>
        <time>2022-04-07T10:41:10Z</time>
      </trkpt>
      <trkpt lat="34.33134859772852" lon="109.00743608440868">
        <ele>386.37972495984286</ele>
        <time>2022-04-07T10:41:16Z</time>
      </trkpt>
      <trkpt lat="34.331326664173666" lon="109.00809885137961">
        <ele>386.3708986667916</ele>
        <time>2022-04-07T10:41:22Z</time>
      </trkpt>
      <trkpt lat="34.331315557343245" lon="109.00874303361915">
        <ele>385.9292235756293</ele>
        <time>2022-04-07T10:41:28Z</time>
      </trkpt>
      <trkpt lat="34.33131586508189" lon="109.00915684706018">
        <ele>385.66895881854</ele>
        <time>2022-04-07T10:41:32Z</time>
      </trkpt>
      <trkpt lat="34.33133652373865" lon="109.00937372122104">
        <ele>386.98911208473146</ele>
        <time>2022-04-07T10:41:34Z</time>
      </trkpt>
      <trkpt lat="34.33136704543575" lon="109.00997532452998">
        <ele>387.8033708194271</ele>
        <time>2022-04-07T10:41:40Z</time>
      </trkpt>
      <trkpt lat="34.33147467332237" lon="109.01055615654148">
        <ele>386.836861602962</ele>
        <time>2022-04-07T10:41:46Z</time>
      </trkpt>
      <trkpt lat="34.331607280500165" lon="109.01113453836975">
        <ele>387.94248545821756</ele>
        <time>2022-04-07T10:41:52Z</time>
      </trkpt>
      <trkpt lat="34.33177940624115" lon="109.01169591414498">
        <ele>388.46356216445565</ele>
        <time>2022-04-07T10:41:58Z</time>
      </trkpt>
      <trkpt lat="34.331966203470394" lon="109.01223177575405">
        <ele>387.92422253638506</ele>
        <time>2022-04-07T10:42:04Z</time>
      </trkpt>
      <trkpt lat="34.33210897918052" lon="109.01259013181125">
        <ele>389.5948559008539</ele>
        <time>2022-04-07T10:42:08Z</time>
      </trkpt>
      <trkpt lat="34.33228014556083" lon="109.01290219203554">
        <ele>388.0133223552257</ele>
        <time>2022-04-07T10:42:12Z</time>
      </trkpt>
      <trkpt lat="34.33237465881266" lon="109.01297866906758">
        <ele>387.92373855412006</ele>
        <time>2022-04-07T10:42:14Z</time>
      </trkpt>
      <trkpt lat="34.33245272067717" lon="109.01308785958506">
        <ele>389.03689725417644</ele>
        <time>2022-04-07T10:42:16Z</time>
      </trkpt>
      <trkpt lat="34.33265144405504" lon="109.01329862668584">
        <ele>387.928966127336</ele>
        <time>2022-04-07T10:42:20Z</time>
      </trkpt>
      <trkpt lat="34.33273732917613" lon="109.01343666334782">
        <ele>388.2106428463012</ele>
        <time>2022-04-07T10:42:22Z</time>
      </trkpt>
      <trkpt lat="34.33280043442571" lon="109.01359265818219">
        <ele>389.215387057513</ele>
        <time>2022-04-07T10:42:24Z</time>
      </trkpt>
      <trkpt lat="34.33298351653034" lon="109.01391282512688">
        <ele>389.0541006019339</ele>
        <time>2022-04-07T10:42:28Z</time>
      </trkpt>
      <trkpt lat="34.333234716157136" lon="109.0144305922463">
        <ele>387.8202709443867</ele>
        <time>2022-04-07T10:42:34Z</time>
      </trkpt>
      <trkpt lat="34.333531606734915" lon="109.01497420644367">
        <ele>387.58683869056404</ele>
        <time>2022-04-07T10:42:40Z</time>
      </trkpt>
      <trkpt lat="34.33387971250322" lon="109.01552210069119">
        <ele>386.2620130414143</ele>
        <time>2022-04-07T10:42:46Z</time>
      </trkpt>
      <trkpt lat="34.33429426359223" lon="109.0160448750464">
        <ele>385.6611111778766</ele>
        <time>2022-04-07T10:42:52Z</time>
      </trkpt>
      <trkpt lat="34.3345850000542" lon="109.01638818310138">
        <ele>385.14353052247316</ele>
        <time>2022-04-07T10:42:56Z</time>
      </trkpt>
      <trkpt lat="34.33469595802387" lon="109.0165920760894">
        <ele>385.5301340771839</ele>
        <time>2022-04-07T10:42:58Z</time>
      </trkpt>
      <trkpt lat="34.33508786401597" lon="109.01714105602704">
        <ele>386.79522538371384</ele>
        <time>2022-04-07T10:43:04Z</time>
      </trkpt>
      <trkpt lat="34.33535188888401" lon="109.01745736558198">
        <ele>387.40129164699465</ele>
        <time>2022-04-07T10:43:08Z</time>
      </trkpt>
      <trkpt lat="34.33551664472425" lon="109.01762162818085">
        <ele>386.7608182048425</ele>
        <time>2022-04-07T10:43:12Z</time>
      </trkpt>
      <trkpt lat="34.33557525117385" lon="109.0177104022729">
        <ele>387.5325005669147</ele>
        <time>2022-04-07T10:43:18Z</time>
      </trkpt>
      <trkpt lat="34.33593705326128" lon="109.01803431650522">
        <ele>386.1915291529149</ele>
        <time>2022-04-07T10:43:26Z</time>
      </trkpt>
      <trkpt lat="34.336288473564395" lon="109.01839766952386">
        <ele>383.5666942363605</ele>
        <time>2022-04-07T10:43:32Z</time>
      </trkpt>
      <trkpt lat="34.33669340547318" lon="109.01881448637">
        <ele>381.53302868735045</ele>
        <time>2022-04-07T10:43:38Z</time>
      </trkpt>
      <trkpt lat="34.33710687479817" lon="109.01923938312127">
        <ele>381.19169390480965</ele>
        <time>2022-04-07T10:43:44Z</time>
      </trkpt>
      <trkpt lat="34.33752485637124" lon="109.01965771462743">
        <ele>381.0040829041973</ele>
        <time>2022-04-07T10:43:50Z</time>
      </trkpt>
      <trkpt lat="34.33791566569845" lon="109.02006359041182">
        <ele>380.2752186367288</ele>
        <time>2022-04-07T10:43:56Z</time>
      </trkpt>
      <trkpt lat="34.338326909365435" lon="109.02046834541072">
        <ele>380.0837679831311</ele>
        <time>2022-04-07T10:44:02Z</time>
      </trkpt>
      <trkpt lat="34.33873610334827" lon="109.02087605379846">
        <ele>380.61296996101737</ele>
        <time>2022-04-07T10:44:08Z</time>
      </trkpt>
      <trkpt lat="34.339137632594166" lon="109.02130345502255">
        <ele>383.40982298366725</ele>
        <time>2022-04-07T10:44:14Z</time>
      </trkpt>
      <trkpt lat="34.33953919928204" lon="109.02172660467762">
        <ele>385.5398245481774</ele>
        <time>2022-04-07T10:44:20Z</time>
      </trkpt>
      <trkpt lat="34.33993334435902" lon="109.0221434983787">
        <ele>384.9514440577477</ele>
        <time>2022-04-07T10:44:26Z</time>
      </trkpt>
      <trkpt lat="34.34030532657801" lon="109.02254245202708">
        <ele>383.4709658604115</ele>
        <time>2022-04-07T10:44:32Z</time>
      </trkpt>
      <trkpt lat="34.34072264258969" lon="109.02296135734306">
        <ele>382.6562988171354</ele>
        <time>2022-04-07T10:44:38Z</time>
      </trkpt>
      <trkpt lat="34.34116012166976" lon="109.02340955428849">
        <ele>384.0459522549063</ele>
        <time>2022-04-07T10:44:44Z</time>
      </trkpt>
      <trkpt lat="34.34153812934173" lon="109.02382062180068">
        <ele>385.3006541961804</ele>
        <time>2022-04-07T10:44:50Z</time>
      </trkpt>
      <trkpt lat="34.3416151010516" lon="109.02397955868769">
        <ele>384.67909167706966</ele>
        <time>2022-04-07T10:44:52Z</time>
      </trkpt>
      <trkpt lat="34.34154368187557" lon="109.02414495944247">
        <ele>385.0461386702955</ele>
        <time>2022-04-07T10:44:54Z</time>
      </trkpt>
      <trkpt lat="34.34143579254702" lon="109.02426565929267">
        <ele>385.1693205945194</ele>
        <time>2022-04-07T10:44:56Z</time>
      </trkpt>
      <trkpt lat="34.341104534417155" lon="109.02471813525878">
        <ele>384.34098206367344</ele>
        <time>2022-04-07T10:45:02Z</time>
      </trkpt>
      <trkpt lat="34.34073339671855" lon="109.0252094907462">
        <ele>384.6655860841274</ele>
        <time>2022-04-07T10:45:08Z</time>
      </trkpt>
      <trkpt lat="34.34049841334217" lon="109.02552578213633">
        <ele>385.66912325751036</ele>
        <time>2022-04-07T10:45:12Z</time>
      </trkpt>
      <trkpt lat="34.34015820066739" lon="109.02601343092812">
        <ele>385.18423978891224</ele>
        <time>2022-04-07T10:45:18Z</time>
      </trkpt>
      <trkpt lat="34.33981783402647" lon="109.02648035489747">
        <ele>385.77647359855473</ele>
        <time>2022-04-07T10:45:24Z</time>
      </trkpt>
      <trkpt lat="34.33948972863253" lon="109.02695588769112">
        <ele>386.1541090896353</ele>
        <time>2022-04-07T10:45:30Z</time>
      </trkpt>
      <trkpt lat="34.3393807229283" lon="109.02711592671888">
        <ele>386.4396929750219</ele>
        <time>2022-04-07T10:45:32Z</time>
      </trkpt>
      <trkpt lat="34.33929325780387" lon="109.02729254696362">
        <ele>386.30773649923503</ele>
        <time>2022-04-07T10:45:34Z</time>
      </trkpt>
      <trkpt lat="34.33897097857916" lon="109.0278029881572">
        <ele>385.8750107102096</ele>
        <time>2022-04-07T10:45:40Z</time>
      </trkpt>
      <trkpt lat="34.338656856528644" lon="109.02832044749594">
        <ele>386.62385973427445</ele>
        <time>2022-04-07T10:45:46Z</time>
      </trkpt>
      <trkpt lat="34.33834295994025" lon="109.02885372995755">
        <ele>387.67178080789745</ele>
        <time>2022-04-07T10:45:52Z</time>
      </trkpt>
      <trkpt lat="34.33804269058852" lon="109.02939694440148">
        <ele>387.0013655330986</ele>
        <time>2022-04-07T10:45:58Z</time>
      </trkpt>
      <trkpt lat="34.33774407102719" lon="109.02994566025127">
        <ele>387.1367135513574</ele>
        <time>2022-04-07T10:46:04Z</time>
      </trkpt>
      <trkpt lat="34.33743770079295" lon="109.03050151241284">
        <ele>387.2137974752113</ele>
        <time>2022-04-07T10:46:10Z</time>
      </trkpt>
      <trkpt lat="34.33712665448283" lon="109.03105306292765">
        <ele>387.41028209310025</ele>
        <time>2022-04-07T10:46:16Z</time>
      </trkpt>
      <trkpt lat="34.336819435608064" lon="109.03157876544235">
        <ele>388.2570293927565</ele>
        <time>2022-04-07T10:46:22Z</time>
      </trkpt>
      <trkpt lat="34.33651468939784" lon="109.03212109838367">
        <ele>388.09593303035945</ele>
        <time>2022-04-07T10:46:28Z</time>
      </trkpt>
      <trkpt lat="34.33621536438504" lon="109.03267102532595">
        <ele>387.9573572585359</ele>
        <time>2022-04-07T10:46:34Z</time>
      </trkpt>
      <trkpt lat="34.33589598175517" lon="109.03321619165932">
        <ele>387.6244360143319</ele>
        <time>2022-04-07T10:46:40Z</time>
      </trkpt>
      <trkpt lat="34.33557878477524" lon="109.03376697438141">
        <ele>387.86880171392113</ele>
        <time>2022-04-07T10:46:46Z</time>
      </trkpt>
      <trkpt lat="34.33528057838776" lon="109.03429618017792">
        <ele>387.9551408737898</ele>
        <time>2022-04-07T10:46:52Z</time>
      </trkpt>
      <trkpt lat="34.33496537557054" lon="109.03481607114453">
        <ele>387.6076217396185</ele>
        <time>2022-04-07T10:46:58Z</time>
      </trkpt>
      <trkpt lat="34.33466480359263" lon="109.03535627488593">
        <ele>387.41033068019897</ele>
        <time>2022-04-07T10:47:04Z</time>
      </trkpt>
      <trkpt lat="34.33435795840007" lon="109.03589113302723">
        <ele>387.73252756055444</ele>
        <time>2022-04-07T10:47:10Z</time>
      </trkpt>
      <trkpt lat="34.33405112811955" lon="109.036440832489">
        <ele>388.0224678190425</ele>
        <time>2022-04-07T10:47:16Z</time>
      </trkpt>
      <trkpt lat="34.33374233393703" lon="109.03699026867125">
        <ele>388.63089594524354</ele>
        <time>2022-04-07T10:47:22Z</time>
      </trkpt>
      <trkpt lat="34.33343895594097" lon="109.03753712977303">
        <ele>388.7781523084268</ele>
        <time>2022-04-07T10:47:28Z</time>
      </trkpt>
      <trkpt lat="34.3331374874201" lon="109.03807704007573">
        <ele>389.5235630441457</ele>
        <time>2022-04-07T10:47:34Z</time>
      </trkpt>
      <trkpt lat="34.33282599167409" lon="109.0386309472076">
        <ele>389.551696004346</ele>
        <time>2022-04-07T10:47:40Z</time>
      </trkpt>
      <trkpt lat="34.332495148591605" lon="109.03917559570671">
        <ele>389.2087230850011</ele>
        <time>2022-04-07T10:47:46Z</time>
      </trkpt>
      <trkpt lat="34.33218348085037" lon="109.03973395963008">
        <ele>390.27328055445105</ele>
        <time>2022-04-07T10:47:52Z</time>
      </trkpt>
      <trkpt lat="34.331879297327944" lon="109.04028253724663">
        <ele>390.36416852567345</ele>
        <time>2022-04-07T10:47:58Z</time>
      </trkpt>
      <trkpt lat="34.331554111627746" lon="109.04082139344199">
        <ele>390.0964732673019</ele>
        <time>2022-04-07T10:48:04Z</time>
      </trkpt>
      <trkpt lat="34.33124651022034" lon="109.04139722900885">
        <ele>389.83274431247264</ele>
        <time>2022-04-07T10:48:10Z</time>
      </trkpt>
      <trkpt lat="34.33113997328563" lon="109.04158839747676">
        <ele>389.9669910715893</ele>
        <time>2022-04-07T10:48:12Z</time>
      </trkpt>
      <trkpt lat="34.330973729516145" lon="109.0419778463096">
        <ele>389.67824456468225</ele>
        <time>2022-04-07T10:48:16Z</time>
      </trkpt>
      <trkpt lat="34.33067936242711" lon="109.04252264798323">
        <ele>389.88056028820574</ele>
        <time>2022-04-07T10:48:22Z</time>
      </trkpt>
      <trkpt lat="34.33036211948828" lon="109.043052712727">
        <ele>389.93308419175446</ele>
        <time>2022-04-07T10:48:28Z</time>
      </trkpt>
      <trkpt lat="34.33005880642401" lon="109.043578022711">
        <ele>390.7627286547795</ele>
        <time>2022-04-07T10:48:34Z</time>
      </trkpt>
      <trkpt lat="34.32974962325467" lon="109.0441124651631">
        <ele>390.2541801845655</ele>
        <time>2022-04-07T10:48:40Z</time>
      </trkpt>
      <trkpt lat="34.32942205223156" lon="109.04462657130559">
        <ele>387.8338990462944</ele>
        <time>2022-04-07T10:48:46Z</time>
      </trkpt>
      <trkpt lat="34.32913826407023" lon="109.04516267961958">
        <ele>387.02137676626444</ele>
        <time>2022-04-07T10:48:52Z</time>
      </trkpt>
      <trkpt lat="34.329050390489634" lon="109.04533554997295">
        <ele>387.003226634115</ele>
        <time>2022-04-07T10:48:54Z</time>
      </trkpt>
      <trkpt lat="34.32886353607144" lon="109.04562681059947">
        <ele>388.8239232013002</ele>
        <time>2022-04-07T10:48:58Z</time>
      </trkpt>
      <trkpt lat="34.32892652102918" lon="109.04574505992301">
        <ele>390.2388953026384</ele>
        <time>2022-04-07T10:49:00Z</time>
      </trkpt>
      <trkpt lat="34.32906406055908" lon="109.04573419007959">
        <ele>390.423249501735</ele>
        <time>2022-04-07T10:49:02Z</time>
      </trkpt>
      <trkpt lat="34.32919296771976" lon="109.04544027754119">
        <ele>391.74717665091157</ele>
        <time>2022-04-07T10:49:06Z</time>
      </trkpt>
      <trkpt lat="34.32948267613501" lon="109.04496038787612">
        <ele>389.9722937112674</ele>
        <time>2022-04-07T10:49:14Z</time>
      </trkpt>
      <trkpt lat="34.329797807544644" lon="109.04441299067174">
        <ele>388.1644922522828</ele>
        <time>2022-04-07T10:49:22Z</time>
      </trkpt>
      <trkpt lat="34.33012492118659" lon="109.04386139032631">
        <ele>389.15691313147545</ele>
        <time>2022-04-07T10:49:30Z</time>
      </trkpt>
      <trkpt lat="34.33042240663164" lon="109.04338205306621">
        <ele>390.11470120679587</ele>
        <time>2022-04-07T10:49:36Z</time>
      </trkpt>
      <trkpt lat="34.33072655405956" lon="109.0428642010227">
        <ele>390.2195893647149</ele>
        <time>2022-04-07T10:49:42Z</time>
      </trkpt>
      <trkpt lat="34.33102599581252" lon="109.04233566432741">
        <ele>390.4201806932688</ele>
        <time>2022-04-07T10:49:48Z</time>
      </trkpt>
      <trkpt lat="34.33130264047946" lon="109.04182109460724">
        <ele>390.7069578804076</ele>
        <time>2022-04-07T10:49:54Z</time>
      </trkpt>
      <trkpt lat="34.33140271934646" lon="109.04168621041433">
        <ele>389.39679309073836</ele>
        <time>2022-04-07T10:49:56Z</time>
      </trkpt>
      <trkpt lat="34.331450987791364" lon="109.04148915630128">
        <ele>390.7620128830895</ele>
        <time>2022-04-07T10:49:58Z</time>
      </trkpt>
      <trkpt lat="34.33175057112222" lon="109.04096489096834">
        <ele>389.7963949581608</ele>
        <time>2022-04-07T10:50:04Z</time>
      </trkpt>
      <trkpt lat="34.33184916386681" lon="109.04079241076516">
        <ele>390.4809144567698</ele>
        <time>2022-04-07T10:50:06Z</time>
      </trkpt>
      <trkpt lat="34.33197862982911" lon="109.04063443010294">
        <ele>390.42097710166126</ele>
        <time>2022-04-07T10:50:08Z</time>
      </trkpt>
      <trkpt lat="34.33227941889768" lon="109.04008358559568">
        <ele>389.9943630779162</ele>
        <time>2022-04-07T10:50:14Z</time>
      </trkpt>
      <trkpt lat="34.33258248824599" lon="109.03954237863974">
        <ele>390.0677757188678</ele>
        <time>2022-04-07T10:50:20Z</time>
      </trkpt>
      <trkpt lat="34.33291144518944" lon="109.03902550894361">
        <ele>390.34072734136134</ele>
        <time>2022-04-07T10:50:26Z</time>
      </trkpt>
      <trkpt lat="34.33319936201798" lon="109.03848944769238">
        <ele>389.5608235159889</ele>
        <time>2022-04-07T10:50:32Z</time>
      </trkpt>
      <trkpt lat="34.33351630605429" lon="109.0379448154148">
        <ele>389.87798472493887</ele>
        <time>2022-04-07T10:50:38Z</time>
      </trkpt>
      <trkpt lat="34.33381770061315" lon="109.03738309806504">
        <ele>389.80720985587686</ele>
        <time>2022-04-07T10:50:44Z</time>
      </trkpt>
      <trkpt lat="34.334147246377285" lon="109.03683280332389">
        <ele>388.34788046311587</ele>
        <time>2022-04-07T10:50:50Z</time>
      </trkpt>
      <trkpt lat="34.33446658434212" lon="109.0362711206771">
        <ele>388.65894012898207</ele>
        <time>2022-04-07T10:50:56Z</time>
      </trkpt>
      <trkpt lat="34.334671331934004" lon="109.03589063096723">
        <ele>388.46996826678514</ele>
        <time>2022-04-07T10:51:00Z</time>
      </trkpt>
      <trkpt lat="34.334986292563" lon="109.03533867715686">
        <ele>388.73050417751074</ele>
        <time>2022-04-07T10:51:06Z</time>
      </trkpt>
      <trkpt lat="34.33530095121607" lon="109.03479508749719">
        <ele>387.9322053687647</ele>
        <time>2022-04-07T10:51:12Z</time>
      </trkpt>
      <trkpt lat="34.33561317616502" lon="109.03423596653911">
        <ele>387.33468317613006</ele>
        <time>2022-04-07T10:51:18Z</time>
      </trkpt>
      <trkpt lat="34.33593141800285" lon="109.03367880335965">
        <ele>387.39650860149413</ele>
        <time>2022-04-07T10:51:24Z</time>
      </trkpt>
      <trkpt lat="34.33624722159061" lon="109.03311390916788">
        <ele>387.47787256445736</ele>
        <time>2022-04-07T10:51:30Z</time>
      </trkpt>
      <trkpt lat="34.336571084812924" lon="109.03255726727112">
        <ele>386.88268831558526</ele>
        <time>2022-04-07T10:51:36Z</time>
      </trkpt>
      <trkpt lat="34.33688398956808" lon="109.03199097812177">
        <ele>387.02607333287597</ele>
        <time>2022-04-07T10:51:42Z</time>
      </trkpt>
      <trkpt lat="34.33719555072038" lon="109.03140686349059">
        <ele>387.171733006835</ele>
        <time>2022-04-07T10:51:48Z</time>
      </trkpt>
      <trkpt lat="34.337517604526994" lon="109.0308504314078">
        <ele>387.12565999943763</ele>
        <time>2022-04-07T10:51:54Z</time>
      </trkpt>
      <trkpt lat="34.33783666930562" lon="109.03029274828445">
        <ele>387.2915333369747</ele>
        <time>2022-04-07T10:52:00Z</time>
      </trkpt>
      <trkpt lat="34.33814759188652" lon="109.02975639323307">
        <ele>387.4190813386813</ele>
        <time>2022-04-07T10:52:06Z</time>
      </trkpt>
      <trkpt lat="34.33846861521106" lon="109.02922201763712">
        <ele>387.2534955954179</ele>
        <time>2022-04-07T10:52:12Z</time>
      </trkpt>
      <trkpt lat="34.338757969716184" lon="109.02866173228381">
        <ele>388.0231547867879</ele>
        <time>2022-04-07T10:52:18Z</time>
      </trkpt>
      <trkpt lat="34.33885365433102" lon="109.02847016846147">
        <ele>387.3797312565148</ele>
        <time>2022-04-07T10:52:20Z</time>
      </trkpt>
      <trkpt lat="34.33901413604266" lon="109.02806781076664">
        <ele>387.61522301100194</ele>
        <time>2022-04-07T10:52:24Z</time>
      </trkpt>
      <trkpt lat="34.339112302146084" lon="109.02787919248864">
        <ele>387.2934811320156</ele>
        <time>2022-04-07T10:52:26Z</time>
      </trkpt>
      <trkpt lat="34.33945841412319" lon="109.02736724017662">
        <ele>385.87469578068703</ele>
        <time>2022-04-07T10:52:32Z</time>
      </trkpt>
      <trkpt lat="34.33982163300923" lon="109.02684593302091">
        <ele>385.2463772594929</ele>
        <time>2022-04-07T10:52:38Z</time>
      </trkpt>
      <trkpt lat="34.34018892469993" lon="109.02632448355199">
        <ele>384.95634770486504</ele>
        <time>2022-04-07T10:52:44Z</time>
      </trkpt>
      <trkpt lat="34.34055797849493" lon="109.02579778936172">
        <ele>384.9641463495791</ele>
        <time>2022-04-07T10:52:50Z</time>
      </trkpt>
      <trkpt lat="34.340938560738024" lon="109.02529261751751">
        <ele>384.9262580908835</ele>
        <time>2022-04-07T10:52:56Z</time>
      </trkpt>
      <trkpt lat="34.34130686641531" lon="109.02481958636403">
        <ele>385.70248990133405</ele>
        <time>2022-04-07T10:53:02Z</time>
      </trkpt>
      <trkpt lat="34.341601523183584" lon="109.0243931463307">
        <ele>385.9604804571718</ele>
        <time>2022-04-07T10:53:08Z</time>
      </trkpt>
      <trkpt lat="34.34163787383919" lon="109.02428561895097">
        <ele>385.74078514706343</ele>
        <time>2022-04-07T10:53:10Z</time>
      </trkpt>
      <trkpt lat="34.341571965317215" lon="109.02424661902671">
        <ele>386.0138366166502</ele>
        <time>2022-04-07T10:53:12Z</time>
      </trkpt>
      <trkpt lat="34.341468460286386" lon="109.02425966976696">
        <ele>386.069160502404</ele>
        <time>2022-04-07T10:53:14Z</time>
      </trkpt>
      <trkpt lat="34.3411364972878" lon="109.02470714777506">
        <ele>386.4838259164244</ele>
        <time>2022-04-07T10:53:22Z</time>
      </trkpt>
      <trkpt lat="34.3410138826606" lon="109.02483648300688">
        <ele>386.0838487064466</ele>
        <time>2022-04-07T10:53:24Z</time>
      </trkpt>
      <trkpt lat="34.34068587927191" lon="109.025294206284">
        <ele>385.3561189789325</ele>
        <time>2022-04-07T10:53:30Z</time>
      </trkpt>
      <trkpt lat="34.34032908617407" lon="109.02576932525467">
        <ele>385.1358146155253</ele>
        <time>2022-04-07T10:53:36Z</time>
      </trkpt>
      <trkpt lat="34.339979236076225" lon="109.02626972580036">
        <ele>386.1714338576421</ele>
        <time>2022-04-07T10:53:42Z</time>
      </trkpt>
      <trkpt lat="34.339621238112045" lon="109.0267778456454">
        <ele>385.7800848521292</ele>
        <time>2022-04-07T10:53:48Z</time>
      </trkpt>
      <trkpt lat="34.33926692739142" lon="109.02728866412836">
        <ele>385.6644389908761</ele>
        <time>2022-04-07T10:53:54Z</time>
      </trkpt>
      <trkpt lat="34.33903732519854" lon="109.02763255072745">
        <ele>385.9416927359998</ele>
        <time>2022-04-07T10:53:58Z</time>
      </trkpt>
      <trkpt lat="34.338949879751446" lon="109.02783610665323">
        <ele>385.83320762962103</ele>
        <time>2022-04-07T10:54:00Z</time>
      </trkpt>
      <trkpt lat="34.33870349272584" lon="109.02819271402305">
        <ele>386.6979656005278</ele>
        <time>2022-04-07T10:54:04Z</time>
      </trkpt>
      <trkpt lat="34.33839497086573" lon="109.02877284878825">
        <ele>387.1607090206817</ele>
        <time>2022-04-07T10:54:10Z</time>
      </trkpt>
      <trkpt lat="34.33808318047153" lon="109.02934305878965">
        <ele>387.1671489216387</ele>
        <time>2022-04-07T10:54:16Z</time>
      </trkpt>
      <trkpt lat="34.337760603876475" lon="109.0299222059634">
        <ele>386.903962331824</ele>
        <time>2022-04-07T10:54:22Z</time>
      </trkpt>
      <trkpt lat="34.33742935354955" lon="109.03049201196167">
        <ele>386.7107604201883</ele>
        <time>2022-04-07T10:54:28Z</time>
      </trkpt>
      <trkpt lat="34.33710739670895" lon="109.03106898586513">
        <ele>386.58818471152335</ele>
        <time>2022-04-07T10:54:34Z</time>
      </trkpt>
      <trkpt lat="34.33678257084147" lon="109.03160847915618">
        <ele>387.5654689306393</ele>
        <time>2022-04-07T10:54:40Z</time>
      </trkpt>
      <trkpt lat="34.33646811250299" lon="109.03215034999835">
        <ele>387.6819880492985</ele>
        <time>2022-04-07T10:54:46Z</time>
      </trkpt>
      <trkpt lat="34.336158125117734" lon="109.03270615466177">
        <ele>387.0809212559834</ele>
        <time>2022-04-07T10:54:52Z</time>
      </trkpt>
      <trkpt lat="34.33583779365367" lon="109.03328503519974">
        <ele>387.4385378519073</ele>
        <time>2022-04-07T10:54:58Z</time>
      </trkpt>
      <trkpt lat="34.33557101413672" lon="109.03377319373828">
        <ele>388.19845210108906</ele>
        <time>2022-04-07T10:55:03Z</time>
      </trkpt>
      <trkpt lat="34.33524144522195" lon="109.03435051996614">
        <ele>388.3490068567917</ele>
        <time>2022-04-07T10:55:09Z</time>
      </trkpt>
      <trkpt lat="34.33490462297185" lon="109.03491565864665">
        <ele>387.85483874566853</ele>
        <time>2022-04-07T10:55:15Z</time>
      </trkpt>
      <trkpt lat="34.33459119336148" lon="109.03549674365887">
        <ele>387.86263900622725</ele>
        <time>2022-04-07T10:55:21Z</time>
      </trkpt>
      <trkpt lat="34.33424332557671" lon="109.03605840523997">
        <ele>387.760863693431</ele>
        <time>2022-04-07T10:55:27Z</time>
      </trkpt>
      <trkpt lat="34.33391482269855" lon="109.03665168597068">
        <ele>388.02201674412936</ele>
        <time>2022-04-07T10:55:33Z</time>
      </trkpt>
      <trkpt lat="34.33358676698547" lon="109.03725012551472">
        <ele>388.52315174788237</ele>
        <time>2022-04-07T10:55:39Z</time>
      </trkpt>
      <trkpt lat="34.333268185626736" lon="109.03785209470702">
        <ele>389.47756139282137</ele>
        <time>2022-04-07T10:55:45Z</time>
      </trkpt>
      <trkpt lat="34.333160706683095" lon="109.03803718804215">
        <ele>389.7917647054419</ele>
        <time>2022-04-07T10:55:47Z</time>
      </trkpt>
      <trkpt lat="34.33303765161001" lon="109.03819226509404">
        <ele>390.06990356370807</ele>
        <time>2022-04-07T10:55:49Z</time>
      </trkpt>
      <trkpt lat="34.33272444775309" lon="109.03874819071847">
        <ele>389.8239616677165</ele>
        <time>2022-04-07T10:55:55Z</time>
      </trkpt>
      <trkpt lat="34.3323984683715" lon="109.03930462815225">
        <ele>389.03229522984475</ele>
        <time>2022-04-07T10:56:01Z</time>
      </trkpt>
      <trkpt lat="34.332086686291106" lon="109.03989712433786">
        <ele>389.9718228401616</ele>
        <time>2022-04-07T10:56:07Z</time>
      </trkpt>
      <trkpt lat="34.331771005173046" lon="109.04046229488334">
        <ele>390.4364310121164</ele>
        <time>2022-04-07T10:56:13Z</time>
      </trkpt>
      <trkpt lat="34.331486128718794" lon="109.04095500981994">
        <ele>390.0107705052942</ele>
        <time>2022-04-07T10:56:18Z</time>
      </trkpt>
      <trkpt lat="34.331201180397805" lon="109.04158808705058">
        <ele>390.1053646057844</ele>
        <time>2022-04-07T10:56:24Z</time>
      </trkpt>
      <trkpt lat="34.33089786085467" lon="109.04217977290041">
        <ele>389.87802503444254</ele>
        <time>2022-04-07T10:56:30Z</time>
      </trkpt>
      <trkpt lat="34.33054124028952" lon="109.04275664401324">
        <ele>389.2185551188886</ele>
        <time>2022-04-07T10:56:36Z</time>
      </trkpt>
      <trkpt lat="34.33021616186804" lon="109.04331612339936">
        <ele>389.74790496658534</ele>
        <time>2022-04-07T10:56:42Z</time>
      </trkpt>
      <trkpt lat="34.329896195008246" lon="109.04387630184436">
        <ele>390.1277238307521</ele>
        <time>2022-04-07T10:56:48Z</time>
      </trkpt>
      <trkpt lat="34.32952978065143" lon="109.04442511479638">
        <ele>389.02924792002887</ele>
        <time>2022-04-07T10:56:54Z</time>
      </trkpt>
      <trkpt lat="34.32920557241" lon="109.0449949755845">
        <ele>384.6457244474441</ele>
        <time>2022-04-07T10:57:00Z</time>
      </trkpt>
      <trkpt lat="34.32911962625333" lon="109.04518986229799">
        <ele>386.0380758205429</ele>
        <time>2022-04-07T10:57:02Z</time>
      </trkpt>
      <trkpt lat="34.32892287460362" lon="109.04553996860277">
        <ele>389.66864660568535</ele>
        <time>2022-04-07T10:57:06Z</time>
      </trkpt>
      <trkpt lat="34.32878158243666" lon="109.04568050758196">
        <ele>390.85731619689614</ele>
        <time>2022-04-07T10:57:08Z</time>
      </trkpt>
      <trkpt lat="34.32912913778543" lon="109.04568559075516">
        <ele>391.6444740043953</ele>
        <time>2022-04-07T10:57:10Z</time>
      </trkpt>
      <trkpt lat="34.329125403351455" lon="109.04558338016443">
        <ele>392.29720453638583</ele>
        <time>2022-04-07T10:57:14Z</time>
      </trkpt>
      <trkpt lat="34.32945754308276" lon="109.04499716693059">
        <ele>392.14519811514765</ele>
        <time>2022-04-07T10:57:22Z</time>
      </trkpt>
      <trkpt lat="34.329776699802814" lon="109.04446419781439">
        <ele>387.02150056138635</ele>
        <time>2022-04-07T10:57:28Z</time>
      </trkpt>
      <trkpt lat="34.330085152261994" lon="109.04391938072138">
        <ele>388.7745551103726</ele>
        <time>2022-04-07T10:57:34Z</time>
      </trkpt>
      <trkpt lat="34.33039368766639" lon="109.04338423965874">
        <ele>390.14721855148673</ele>
        <time>2022-04-07T10:57:40Z</time>
      </trkpt>
      <trkpt lat="34.330708676619004" lon="109.04280004759798">
        <ele>390.3886535251513</ele>
        <time>2022-04-07T10:57:46Z</time>
      </trkpt>
      <trkpt lat="34.330965801653576" lon="109.0423665527437">
        <ele>390.1084461286664</ele>
        <time>2022-04-07T10:57:50Z</time>
      </trkpt>
      <trkpt lat="34.33121465614668" lon="109.04193700532984">
        <ele>389.08987635653466</ele>
        <time>2022-04-07T10:57:54Z</time>
      </trkpt>
      <trkpt lat="34.33145949918184" lon="109.04150827401001">
        <ele>389.03315128199756</ele>
        <time>2022-04-07T10:57:58Z</time>
      </trkpt>
      <trkpt lat="34.331565391039625" lon="109.04128915579443">
        <ele>389.8590475320816</ele>
        <time>2022-04-07T10:58:00Z</time>
      </trkpt>
      <trkpt lat="34.331710686250396" lon="109.04110696397416">
        <ele>389.2897707046941</ele>
        <time>2022-04-07T10:58:02Z</time>
      </trkpt>
      <trkpt lat="34.33205990093973" lon="109.0404458664218">
        <ele>390.02844936959445</ele>
        <time>2022-04-07T10:58:08Z</time>
      </trkpt>
      <trkpt lat="34.332314782216734" lon="109.04001288220023">
        <ele>390.255601615645</ele>
        <time>2022-04-07T10:58:12Z</time>
      </trkpt>
      <trkpt lat="34.33256588054494" lon="109.0395880965767">
        <ele>389.371044610627</ele>
        <time>2022-04-07T10:58:16Z</time>
      </trkpt>
      <trkpt lat="34.33280537367173" lon="109.03914528354123">
        <ele>389.35549538582563</ele>
        <time>2022-04-07T10:58:20Z</time>
      </trkpt>
      <trkpt lat="34.33305477160787" lon="109.03870789780224">
        <ele>389.5029009329155</ele>
        <time>2022-04-07T10:58:24Z</time>
      </trkpt>
      <trkpt lat="34.33318613095674" lon="109.03849012601634">
        <ele>389.07107299007475</ele>
        <time>2022-04-07T10:58:26Z</time>
      </trkpt>
      <trkpt lat="34.33342002565859" lon="109.038024516058">
        <ele>389.53371280338615</ele>
        <time>2022-04-07T10:58:30Z</time>
      </trkpt>
      <trkpt lat="34.33368384581712" lon="109.03756180396553">
        <ele>389.77062286343426</ele>
        <time>2022-04-07T10:58:34Z</time>
      </trkpt>
      <trkpt lat="34.333953798421305" lon="109.03709573779189">
        <ele>388.542668312788</ele>
        <time>2022-04-07T10:58:38Z</time>
      </trkpt>
      <trkpt lat="34.33421712314596" lon="109.03662902444785">
        <ele>388.5085106762126</ele>
        <time>2022-04-07T10:58:42Z</time>
      </trkpt>
      <trkpt lat="34.33448196099048" lon="109.03616928710143">
        <ele>387.72924144379795</ele>
        <time>2022-04-07T10:58:46Z</time>
      </trkpt>
      <trkpt lat="34.334746006654804" lon="109.0357102034493">
        <ele>387.4918946661055</ele>
        <time>2022-04-07T10:58:50Z</time>
      </trkpt>
      <trkpt lat="34.335001099804956" lon="109.03524239036706">
        <ele>388.12682290840894</ele>
        <time>2022-04-07T10:58:54Z</time>
      </trkpt>
      <trkpt lat="34.335246078650925" lon="109.03481888492641">
        <ele>388.10321845207363</ele>
        <time>2022-04-07T10:58:58Z</time>
      </trkpt>
      <trkpt lat="34.33550063768132" lon="109.03442940153634">
        <ele>387.16528037842363</ele>
        <time>2022-04-07T10:59:02Z</time>
      </trkpt>
      <trkpt lat="34.33574265352708" lon="109.03398984669477">
        <ele>387.425320584327</ele>
        <time>2022-04-07T10:59:06Z</time>
      </trkpt>
      <trkpt lat="34.33597403411242" lon="109.03354024955624">
        <ele>387.1517151976004</ele>
        <time>2022-04-07T10:59:10Z</time>
      </trkpt>
      <trkpt lat="34.336340288766635" lon="109.0328964276656">
        <ele>387.0043079331517</ele>
        <time>2022-04-07T10:59:16Z</time>
      </trkpt>
      <trkpt lat="34.33670775270854" lon="109.03226409867042">
        <ele>387.8050832282752</ele>
        <time>2022-04-07T10:59:22Z</time>
      </trkpt>
      <trkpt lat="34.33705715286565" lon="109.0316215944699">
        <ele>386.44778125640005</ele>
        <time>2022-04-07T10:59:28Z</time>
      </trkpt>
      <trkpt lat="34.33741664835498" lon="109.03097189339644">
        <ele>387.7422987241298</ele>
        <time>2022-04-07T10:59:34Z</time>
      </trkpt>
      <trkpt lat="34.337665100846564" lon="109.03054424047201">
        <ele>386.63761068694293</ele>
        <time>2022-04-07T10:59:38Z</time>
      </trkpt>
      <trkpt lat="34.33802109099422" lon="109.0298934503822">
        <ele>386.95528723020107</ele>
        <time>2022-04-07T10:59:44Z</time>
      </trkpt>
      <trkpt lat="34.33826333502061" lon="109.0294532398059">
        <ele>387.14257133193314</ele>
        <time>2022-04-07T10:59:48Z</time>
      </trkpt>
      <trkpt lat="34.338517148649736" lon="109.02902018630378">
        <ele>386.97975789010525</ele>
        <time>2022-04-07T10:59:52Z</time>
      </trkpt>
      <trkpt lat="34.338883140104734" lon="109.02836607336974">
        <ele>387.72346333321184</ele>
        <time>2022-04-07T10:59:58Z</time>
      </trkpt>
      <trkpt lat="34.339116615788996" lon="109.02792109836096">
        <ele>387.3089925535023</ele>
        <time>2022-04-07T11:00:02Z</time>
      </trkpt>
      <trkpt lat="34.33921634122436" lon="109.02769051763707">
        <ele>387.0881111221388</ele>
        <time>2022-04-07T11:00:04Z</time>
      </trkpt>
      <trkpt lat="34.33948278242158" lon="109.02727362428043">
        <ele>385.7828487502411</ele>
        <time>2022-04-07T11:00:08Z</time>
      </trkpt>
      <trkpt lat="34.339772733074305" lon="109.0268785294047">
        <ele>386.437299371697</ele>
        <time>2022-04-07T11:00:12Z</time>
      </trkpt>
      <trkpt lat="34.34005723390327" lon="109.02648358583556">
        <ele>385.4807967795059</ele>
        <time>2022-04-07T11:00:16Z</time>
      </trkpt>
      <trkpt lat="34.34034624470909" lon="109.02608490100846">
        <ele>386.01496571768075</ele>
        <time>2022-04-07T11:00:20Z</time>
      </trkpt>
      <trkpt lat="34.340515633591636" lon="109.02593708101573">
        <ele>384.9271860187873</ele>
        <time>2022-04-07T11:00:22Z</time>
      </trkpt>
      <trkpt lat="34.3406476097" lon="109.02575225366142">
        <ele>384.56514496263117</ele>
        <time>2022-04-07T11:00:24Z</time>
      </trkpt>
      <trkpt lat="34.340748094066186" lon="109.0255375863307">
        <ele>384.7618963904679</ele>
        <time>2022-04-07T11:00:26Z</time>
      </trkpt>
      <trkpt lat="34.341129598630225" lon="109.0250394181868">
        <ele>385.7946585016325</ele>
        <time>2022-04-07T11:00:32Z</time>
      </trkpt>
      <trkpt lat="34.3414238982047" lon="109.024643910526">
        <ele>386.8952423147857</ele>
        <time>2022-04-07T11:00:38Z</time>
      </trkpt>
      <trkpt lat="34.34159939758594" lon="109.02440713522259">
        <ele>385.75533679127693</ele>
        <time>2022-04-07T11:00:42Z</time>
      </trkpt>
      <trkpt lat="34.341637179856804" lon="109.02429749620705">
        <ele>384.93544272053987</ele>
        <time>2022-04-07T11:00:44Z</time>
      </trkpt>
      <trkpt lat="34.341537660791" lon="109.02419666466481">
        <ele>385.2342696990818</ele>
        <time>2022-04-07T11:00:48Z</time>
      </trkpt>
      <trkpt lat="34.34144295315594" lon="109.02422599840422">
        <ele>385.9015635205433</ele>
        <time>2022-04-07T11:00:50Z</time>
      </trkpt>
      <trkpt lat="34.341403984691354" lon="109.02435584243354">
        <ele>385.8517237212509</ele>
        <time>2022-04-07T11:00:52Z</time>
      </trkpt>
      <trkpt lat="34.341066385520186" lon="109.02481048220896">
        <ele>385.75307188369334</ele>
        <time>2022-04-07T11:01:00Z</time>
      </trkpt>
      <trkpt lat="34.34076104658655" lon="109.02520549184568">
        <ele>385.4902549898252</ele>
        <time>2022-04-07T11:01:06Z</time>
      </trkpt>
      <trkpt lat="34.34044387966639" lon="109.02561678137566">
        <ele>386.08242180384696</ele>
        <time>2022-04-07T11:01:12Z</time>
      </trkpt>
      <trkpt lat="34.340143600524044" lon="109.02603799254663">
        <ele>385.44984601065516</ele>
        <time>2022-04-07T11:01:18Z</time>
      </trkpt>
      <trkpt lat="34.339849703935435" lon="109.02645037167878">
        <ele>386.218429075554</ele>
        <time>2022-04-07T11:01:24Z</time>
      </trkpt>
      <trkpt lat="34.339559556529466" lon="109.02686138698321">
        <ele>386.2698244731873</ele>
        <time>2022-04-07T11:01:30Z</time>
      </trkpt>
      <trkpt lat="34.339262553922474" lon="109.02727706821953">
        <ele>385.66032343171537</ele>
        <time>2022-04-07T11:01:36Z</time>
      </trkpt>
      <trkpt lat="34.33896506388989" lon="109.02773168778307">
        <ele>385.47393051721156</ele>
        <time>2022-04-07T11:01:42Z</time>
      </trkpt>
      <trkpt lat="34.33867961248671" lon="109.02823407734735">
        <ele>386.4913956280798</ele>
        <time>2022-04-07T11:01:48Z</time>
      </trkpt>
      <trkpt lat="34.33840537401994" lon="109.02874364292634">
        <ele>387.0670496020466</ele>
        <time>2022-04-07T11:01:54Z</time>
      </trkpt>
      <trkpt lat="34.33813003402869" lon="109.02923793287022">
        <ele>386.896187084727</ele>
        <time>2022-04-07T11:02:00Z</time>
      </trkpt>
      <trkpt lat="34.337843921512196" lon="109.02973370506946">
        <ele>386.7387524759397</ele>
        <time>2022-04-07T11:02:06Z</time>
      </trkpt>
      <trkpt lat="34.337564761269135" lon="109.03023621773194">
        <ele>386.22859048005193</ele>
        <time>2022-04-07T11:02:12Z</time>
      </trkpt>
      <trkpt lat="34.337275945731854" lon="109.03073945699721">
        <ele>386.5725286155939</ele>
        <time>2022-04-07T11:02:18Z</time>
      </trkpt>
      <trkpt lat="34.336993095116284" lon="109.0312335417148">
        <ele>387.08876868803054</ele>
        <time>2022-04-07T11:02:24Z</time>
      </trkpt>
      <trkpt lat="34.336720320071215" lon="109.03170831736786">
        <ele>387.80603655055165</ele>
        <time>2022-04-07T11:02:30Z</time>
      </trkpt>
      <trkpt lat="34.336447136034074" lon="109.03218136108143">
        <ele>387.3388211429119</ele>
        <time>2022-04-07T11:02:36Z</time>
      </trkpt>
      <trkpt lat="34.33617880152352" lon="109.0326326594458">
        <ele>387.9249848984182</ele>
        <time>2022-04-07T11:02:42Z</time>
      </trkpt>
      <trkpt lat="34.33591087418837" lon="109.03309767549152">
        <ele>387.6584104038775</ele>
        <time>2022-04-07T11:02:48Z</time>
      </trkpt>
      <trkpt lat="34.33564756057338" lon="109.03357221032606">
        <ele>387.80994385574013</ele>
        <time>2022-04-07T11:02:54Z</time>
      </trkpt>
      <trkpt lat="34.33537839906499" lon="109.03404817387931">
        <ele>387.73815633915365</ele>
        <time>2022-04-07T11:03:00Z</time>
      </trkpt>
      <trkpt lat="34.33511611227996" lon="109.03452026080238">
        <ele>387.9505700133741</ele>
        <time>2022-04-07T11:03:06Z</time>
      </trkpt>
      <trkpt lat="34.334844714659624" lon="109.0349933662679">
        <ele>387.65619480330497</ele>
        <time>2022-04-07T11:03:12Z</time>
      </trkpt>
      <trkpt lat="34.33457489116927" lon="109.03547214151156">
        <ele>387.81878968141973</ele>
        <time>2022-04-07T11:03:18Z</time>
      </trkpt>
      <trkpt lat="34.33450463175195" lon="109.0356475542795">
        <ele>387.9514223076403</ele>
        <time>2022-04-07T11:03:20Z</time>
      </trkpt>
      <trkpt lat="34.3343907779984" lon="109.0357876921005">
        <ele>387.8055603634566</ele>
        <time>2022-04-07T11:03:22Z</time>
      </trkpt>
      <trkpt lat="34.334128690438" lon="109.03626121862699">
        <ele>387.91203564498574</ele>
        <time>2022-04-07T11:03:28Z</time>
      </trkpt>
      <trkpt lat="34.333867347054884" lon="109.03673215695028">
        <ele>388.56688852701336</ele>
        <time>2022-04-07T11:03:34Z</time>
      </trkpt>
      <trkpt lat="34.33360354066485" lon="109.03720168191805">
        <ele>388.42909115739167</ele>
        <time>2022-04-07T11:03:40Z</time>
      </trkpt>
      <trkpt lat="34.333324841920515" lon="109.03768898331252">
        <ele>389.1714440062642</ele>
        <time>2022-04-07T11:03:46Z</time>
      </trkpt>
      <trkpt lat="34.33306516094847" lon="109.03814828199933">
        <ele>389.0859631029889</ele>
        <time>2022-04-07T11:03:52Z</time>
      </trkpt>
      <trkpt lat="34.332793165387976" lon="109.03861120676343">
        <ele>388.9053423553705</ele>
        <time>2022-04-07T11:03:58Z</time>
      </trkpt>
      <trkpt lat="34.33252695054409" lon="109.0390858391294">
        <ele>389.5626964615658</ele>
        <time>2022-04-07T11:04:04Z</time>
      </trkpt>
      <trkpt lat="34.33226063061158" lon="109.03956072088612">
        <ele>389.4237889582291</ele>
        <time>2022-04-07T11:04:10Z</time>
      </trkpt>
      <trkpt lat="34.33198874975058" lon="109.0400294341395">
        <ele>390.17961002793163</ele>
        <time>2022-04-07T11:04:16Z</time>
      </trkpt>
      <trkpt lat="34.331724854730574" lon="109.04048963747658">
        <ele>390.6562994681299</ele>
        <time>2022-04-07T11:04:22Z</time>
      </trkpt>
      <trkpt lat="34.331459612589654" lon="109.04097211996549">
        <ele>389.8133091647178</ele>
        <time>2022-04-07T11:04:28Z</time>
      </trkpt>
      <trkpt lat="34.33118124704241" lon="109.0414594605085">
        <ele>389.1895494153723</ele>
        <time>2022-04-07T11:04:34Z</time>
      </trkpt>
      <trkpt lat="34.33091339999471" lon="109.04193255428969">
        <ele>389.6988624818623</ele>
        <time>2022-04-07T11:04:40Z</time>
      </trkpt>
      <trkpt lat="34.33064464500925" lon="109.04240446408758">
        <ele>389.5292390352115</ele>
        <time>2022-04-07T11:04:46Z</time>
      </trkpt>
      <trkpt lat="34.330379764887965" lon="109.04287706311912">
        <ele>390.4399410504848</ele>
        <time>2022-04-07T11:04:52Z</time>
      </trkpt>
      <trkpt lat="34.33010850624979" lon="109.04335421441847">
        <ele>390.3754746792838</ele>
        <time>2022-04-07T11:04:58Z</time>
      </trkpt>
      <trkpt lat="34.32983609321678" lon="109.0438142041192">
        <ele>390.4339922443032</ele>
        <time>2022-04-07T11:05:04Z</time>
      </trkpt>
      <trkpt lat="34.32968060266895" lon="109.04408809068228">
        <ele>389.72462783101946</ele>
        <time>2022-04-07T11:05:08Z</time>
      </trkpt>
      <trkpt lat="34.32956735542257" lon="109.0444086083403">
        <ele>389.0747973108664</ele>
        <time>2022-04-07T11:05:12Z</time>
      </trkpt>
      <trkpt lat="34.329273425315876" lon="109.04488393276313">
        <ele>384.9881106186658</ele>
        <time>2022-04-07T11:05:18Z</time>
      </trkpt>
      <trkpt lat="34.329021459635136" lon="109.04536798743796">
        <ele>388.82777404319495</ele>
        <time>2022-04-07T11:05:24Z</time>
      </trkpt>
      <trkpt lat="34.32893963475155" lon="109.04550554398541">
        <ele>389.7684824783355</ele>
        <time>2022-04-07T11:05:26Z</time>
      </trkpt>
      <trkpt lat="34.328889406992154" lon="109.04565115041902">
        <ele>389.823806906119</ele>
        <time>2022-04-07T11:05:28Z</time>
      </trkpt>
      <trkpt lat="34.32899807384267" lon="109.04574978369098">
        <ele>390.03725193440914</ele>
        <time>2022-04-07T11:05:30Z</time>
      </trkpt>
      <trkpt lat="34.329152265454766" lon="109.04566597449782">
        <ele>391.79461127799004</ele>
        <time>2022-04-07T11:05:32Z</time>
      </trkpt>
      <trkpt lat="34.32926497425961" lon="109.04534027033725">
        <ele>391.5597426109016</ele>
        <time>2022-04-07T11:05:36Z</time>
      </trkpt>
      <trkpt lat="34.3295342186487" lon="109.04486169338601">
        <ele>388.5228700954467</ele>
        <time>2022-04-07T11:05:42Z</time>
      </trkpt>
      <trkpt lat="34.329840925432855" lon="109.04434644756994">
        <ele>387.0600951174274</ele>
        <time>2022-04-07T11:05:48Z</time>
      </trkpt>
      <trkpt lat="34.33014908209161" lon="109.04381293672888">
        <ele>388.9162852950394</ele>
        <time>2022-04-07T11:05:54Z</time>
      </trkpt>
      <trkpt lat="34.3304591128623" lon="109.04326728033014">
        <ele>389.90677981078625</ele>
        <time>2022-04-07T11:06:00Z</time>
      </trkpt>
      <trkpt lat="34.33076249457446" lon="109.04273440605398">
        <ele>390.41091418173164</ele>
        <time>2022-04-07T11:06:06Z</time>
      </trkpt>
      <trkpt lat="34.3310699326222" lon="109.04223332623928">
        <ele>389.8067515762523</ele>
        <time>2022-04-07T11:06:12Z</time>
      </trkpt>
      <trkpt lat="34.33129802694891" lon="109.04176857810162">
        <ele>389.54580738488585</ele>
        <time>2022-04-07T11:06:18Z</time>
      </trkpt>
      <trkpt lat="34.33157616016699" lon="109.04135077639732">
        <ele>390.4316888814792</ele>
        <time>2022-04-07T11:06:24Z</time>
      </trkpt>
      <trkpt lat="34.33185873141345" lon="109.04084331693774">
        <ele>389.69886674452573</ele>
        <time>2022-04-07T11:06:30Z</time>
      </trkpt>
      <trkpt lat="34.33216174534766" lon="109.04027863473429">
        <ele>390.27261346019804</ele>
        <time>2022-04-07T11:06:36Z</time>
      </trkpt>
      <trkpt lat="34.33248592892029" lon="109.03972270155568">
        <ele>389.9586582481861</ele>
        <time>2022-04-07T11:06:42Z</time>
      </trkpt>
      <trkpt lat="34.332802030728594" lon="109.03916271068329">
        <ele>389.3903725463897</ele>
        <time>2022-04-07T11:06:48Z</time>
      </trkpt>
      <trkpt lat="34.33300525508552" lon="109.03877860359206">
        <ele>389.6472179731354</ele>
        <time>2022-04-07T11:06:52Z</time>
      </trkpt>
      <trkpt lat="34.33308953499915" lon="109.03857792990992">
        <ele>390.2781859245151</ele>
        <time>2022-04-07T11:06:54Z</time>
      </trkpt>
      <trkpt lat="34.33320874040462" lon="109.03840103762485">
        <ele>389.5487076379359</ele>
        <time>2022-04-07T11:06:56Z</time>
      </trkpt>
      <trkpt lat="34.333513058903804" lon="109.03784473452474">
        <ele>389.0909316688776</ele>
        <time>2022-04-07T11:07:02Z</time>
      </trkpt>
      <trkpt lat="34.33385245838109" lon="109.03729153270528">
        <ele>388.6158427000046</ele>
        <time>2022-04-07T11:07:08Z</time>
      </trkpt>
      <trkpt lat="34.33418223099061" lon="109.0367276581547">
        <ele>388.2978049404919</ele>
        <time>2022-04-07T11:07:14Z</time>
      </trkpt>
      <trkpt lat="34.33451744058757" lon="109.03618249024193">
        <ele>388.1550790220499</ele>
        <time>2022-04-07T11:07:20Z</time>
      </trkpt>
      <trkpt lat="34.33482372828549" lon="109.03560974152428">
        <ele>387.9148550517857</ele>
        <time>2022-04-07T11:07:26Z</time>
      </trkpt>
      <trkpt lat="34.33514604311832" lon="109.03504735213102">
        <ele>387.8787951199338</ele>
        <time>2022-04-07T11:07:32Z</time>
      </trkpt>
      <trkpt lat="34.33546698194492" lon="109.03449421688876">
        <ele>388.0784235475585</ele>
        <time>2022-04-07T11:07:38Z</time>
      </trkpt>
      <trkpt lat="34.33577454325654" lon="109.03391942259614">
        <ele>387.8954454418272</ele>
        <time>2022-04-07T11:07:44Z</time>
      </trkpt>
      <trkpt lat="34.33609439684238" lon="109.03335160701029">
        <ele>387.86864627804607</ele>
        <time>2022-04-07T11:07:50Z</time>
      </trkpt>
      <trkpt lat="34.33641964520006" lon="109.03278989676103">
        <ele>386.9684072518721</ele>
        <time>2022-04-07T11:07:56Z</time>
      </trkpt>
      <trkpt lat="34.336735063184804" lon="109.03221154459573">
        <ele>387.5663329102099</ele>
        <time>2022-04-07T11:08:02Z</time>
      </trkpt>
      <trkpt lat="34.337057827532526" lon="109.03163529966007">
        <ele>386.820176968351</ele>
        <time>2022-04-07T11:08:08Z</time>
      </trkpt>
      <trkpt lat="34.33737940188929" lon="109.03107399765709">
        <ele>387.4488586494699</ele>
        <time>2022-04-07T11:08:14Z</time>
      </trkpt>
      <trkpt lat="34.3376922008674" lon="109.03053117860208">
        <ele>387.2421969752759</ele>
        <time>2022-04-07T11:08:20Z</time>
      </trkpt>
      <trkpt lat="34.33800237882097" lon="109.02997537736543">
        <ele>386.821377504617</ele>
        <time>2022-04-07T11:08:26Z</time>
      </trkpt>
      <trkpt lat="34.33831416202298" lon="109.02942482911894">
        <ele>387.47511478327215</ele>
        <time>2022-04-07T11:08:32Z</time>
      </trkpt>
      <trkpt lat="34.33862764749296" lon="109.02888636850075">
        <ele>387.7594266543165</ele>
        <time>2022-04-07T11:08:38Z</time>
      </trkpt>
      <trkpt lat="34.33881819174573" lon="109.02850880397808">
        <ele>387.81431579589844</ele>
        <time>2022-04-07T11:08:42Z</time>
      </trkpt>
      <trkpt lat="34.33905773994156" lon="109.02794357336515">
        <ele>387.4923013513908</ele>
        <time>2022-04-07T11:08:48Z</time>
      </trkpt>
      <trkpt lat="34.33915957316698" lon="109.02776649586933">
        <ele>387.3440813329071</ele>
        <time>2022-04-07T11:08:50Z</time>
      </trkpt>
      <trkpt lat="34.33931147543365" lon="109.02764720777324">
        <ele>386.7229745257646</ele>
        <time>2022-04-07T11:08:52Z</time>
      </trkpt>
      <trkpt lat="34.33963547263826" lon="109.02716961462396">
        <ele>384.70147283468395</ele>
        <time>2022-04-07T11:08:58Z</time>
      </trkpt>
      <trkpt lat="34.33974998070743" lon="109.02700923097493">
        <ele>384.6749834753573</ele>
        <time>2022-04-07T11:09:00Z</time>
      </trkpt>
      <trkpt lat="34.34010720567407" lon="109.02650905476145">
        <ele>384.6567811043933</ele>
        <time>2022-04-07T11:09:06Z</time>
      </trkpt>
      <trkpt lat="34.340460835084116" lon="109.0260138129099">
        <ele>385.28219931945205</ele>
        <time>2022-04-07T11:09:12Z</time>
      </trkpt>
      <trkpt lat="34.340548727843995" lon="109.02582099341198">
        <ele>385.17830204125494</ele>
        <time>2022-04-07T11:09:14Z</time>
      </trkpt>
      <trkpt lat="34.34078009282608" lon="109.02547538323583">
        <ele>384.4653685968369</ele>
        <time>2022-04-07T11:09:18Z</time>
      </trkpt>
      <trkpt lat="34.340907789177294" lon="109.02532235468422">
        <ele>384.13443043641746</ele>
        <time>2022-04-07T11:09:20Z</time>
      </trkpt>
      <trkpt lat="34.341201229287734" lon="109.02489677809353">
        <ele>383.74407451506704</ele>
        <time>2022-04-07T11:09:26Z</time>
      </trkpt>
      <trkpt lat="34.34154958876236" lon="109.02440560700386">
        <ele>385.2050197683275</ele>
        <time>2022-04-07T11:09:34Z</time>
      </trkpt>
      <trkpt lat="34.34162851317886" lon="109.02418635991876">
        <ele>385.0805513719097</ele>
        <time>2022-04-07T11:09:38Z</time>
      </trkpt>
      <trkpt lat="34.34157520278112" lon="109.02412549615964">
        <ele>384.67344355676323</ele>
        <time>2022-04-07T11:09:40Z</time>
      </trkpt>
      <trkpt lat="34.341483120883254" lon="109.0241608872557">
        <ele>385.87192238867283</ele>
        <time>2022-04-07T11:09:42Z</time>
      </trkpt>
      <trkpt lat="34.341457141756635" lon="109.02428598791616">
        <ele>385.77294475305825</ele>
        <time>2022-04-07T11:09:44Z</time>
      </trkpt>
      <trkpt lat="34.341236762762726" lon="109.02457549623561">
        <ele>385.6398302707821</ele>
        <time>2022-04-07T11:09:50Z</time>
      </trkpt>
      <trkpt lat="34.34114088710081" lon="109.02465574268977">
        <ele>385.4301181929186</ele>
        <time>2022-04-07T11:09:52Z</time>
      </trkpt>
      <trkpt lat="34.34082684607746" lon="109.02510428473359">
        <ele>386.4386754119769</ele>
        <time>2022-04-07T11:10:00Z</time>
      </trkpt>
      <trkpt lat="34.340725333104906" lon="109.02522536095351">
        <ele>386.0353395547718</ele>
        <time>2022-04-07T11:10:02Z</time>
      </trkpt>
      <trkpt lat="34.34035343256144" lon="109.02577395049771">
        <ele>385.82970498874784</ele>
        <time>2022-04-07T11:10:10Z</time>
      </trkpt>
      <trkpt lat="34.3400431744343" lon="109.02620120831597">
        <ele>385.7780673215166</ele>
        <time>2022-04-07T11:10:16Z</time>
      </trkpt>
      <trkpt lat="34.33970964213555" lon="109.02663967060394">
        <ele>385.81164066679776</ele>
        <time>2022-04-07T11:10:22Z</time>
      </trkpt>
      <trkpt lat="34.33939907287605" lon="109.02710895597289">
        <ele>385.74517389573157</ele>
        <time>2022-04-07T11:10:28Z</time>
      </trkpt>
      <trkpt lat="34.33907321677404" lon="109.02757888506142">
        <ele>386.14350396674126</ele>
        <time>2022-04-07T11:10:34Z</time>
      </trkpt>
      <trkpt lat="34.33878021074211" lon="109.02809913646807">
        <ele>386.3965875171125</ele>
        <time>2022-04-07T11:10:40Z</time>
      </trkpt>
      <trkpt lat="34.338474144781266" lon="109.0286236175132">
        <ele>387.36362923588604</ele>
        <time>2022-04-07T11:10:46Z</time>
      </trkpt>
      <trkpt lat="34.33819177706675" lon="109.02916180181285">
        <ele>387.069949475117</ele>
        <time>2022-04-07T11:10:52Z</time>
      </trkpt>
      <trkpt lat="34.337887957050036" lon="109.02969480126627">
        <ele>386.7331852829084</ele>
        <time>2022-04-07T11:10:58Z</time>
      </trkpt>
      <trkpt lat="34.337579103021724" lon="109.03023778615179">
        <ele>386.60038308613</ele>
        <time>2022-04-07T11:11:04Z</time>
      </trkpt>
      <trkpt lat="34.337267944944635" lon="109.03077798447086">
        <ele>386.66931276395917</ele>
        <time>2022-04-07T11:11:10Z</time>
      </trkpt>
      <trkpt lat="34.33695838633396" lon="109.03131380488294">
        <ele>387.37199822440743</ele>
        <time>2022-04-07T11:11:16Z</time>
      </trkpt>
      <trkpt lat="34.33665464786587" lon="109.03184183329007">
        <ele>387.9109314875677</ele>
        <time>2022-04-07T11:11:22Z</time>
      </trkpt>
      <trkpt lat="34.33635605808797" lon="109.03237739681813">
        <ele>387.1045279856771</ele>
        <time>2022-04-07T11:11:28Z</time>
      </trkpt>
      <trkpt lat="34.336055567216114" lon="109.03291131866916">
        <ele>387.86255206540227</ele>
        <time>2022-04-07T11:11:34Z</time>
      </trkpt>
      <trkpt lat="34.33575530910173" lon="109.033433705018">
        <ele>387.8893162915483</ele>
        <time>2022-04-07T11:11:40Z</time>
      </trkpt>
      <trkpt lat="34.33545570528262" lon="109.03396471642255">
        <ele>387.92063695471734</ele>
        <time>2022-04-07T11:11:46Z</time>
      </trkpt>
      <trkpt lat="34.33516089841091" lon="109.03449195158376">
        <ele>388.24764235690236</ele>
        <time>2022-04-07T11:11:52Z</time>
      </trkpt>
      <trkpt lat="34.33485303860056" lon="109.03502351951721">
        <ele>388.2784441187978</ele>
        <time>2022-04-07T11:11:58Z</time>
      </trkpt>
      <trkpt lat="34.334543405970145" lon="109.03556094835105">
        <ele>388.1565783685073</ele>
        <time>2022-04-07T11:12:04Z</time>
      </trkpt>
      <trkpt lat="34.33425202079122" lon="109.03610200316602">
        <ele>387.7571801505983</ele>
        <time>2022-04-07T11:12:10Z</time>
      </trkpt>
      <trkpt lat="34.33394382690295" lon="109.03662312089227">
        <ele>389.56201065983623</ele>
        <time>2022-04-07T11:12:16Z</time>
      </trkpt>
      <trkpt lat="34.33364140351146" lon="109.03716078863707">
        <ele>388.6755947768688</ele>
        <time>2022-04-07T11:12:22Z</time>
      </trkpt>
      <trkpt lat="34.333344622827184" lon="109.03770667978381">
        <ele>388.81131429132074</ele>
        <time>2022-04-07T11:12:28Z</time>
      </trkpt>
      <trkpt lat="34.33303451096998" lon="109.03824361908312">
        <ele>389.452236328274</ele>
        <time>2022-04-07T11:12:34Z</time>
      </trkpt>
      <trkpt lat="34.332721978175776" lon="109.0387739851681">
        <ele>389.178039573133</ele>
        <time>2022-04-07T11:12:40Z</time>
      </trkpt>
      <trkpt lat="34.33242181242216" lon="109.03931500938798">
        <ele>390.2447814512998</ele>
        <time>2022-04-07T11:12:46Z</time>
      </trkpt>
      <trkpt lat="34.3322134282895" lon="109.03967948458023">
        <ele>389.93515121750534</ele>
        <time>2022-04-07T11:12:50Z</time>
      </trkpt>
      <trkpt lat="34.332021457297934" lon="109.0400588816902">
        <ele>391.1828601574525</ele>
        <time>2022-04-07T11:12:54Z</time>
      </trkpt>
      <trkpt lat="34.33171588601157" lon="109.04057115471885">
        <ele>390.2373549314216</ele>
        <time>2022-04-07T11:13:00Z</time>
      </trkpt>
      <trkpt lat="34.33142882262686" lon="109.04110559973716">
        <ele>390.04379597119987</ele>
        <time>2022-04-07T11:13:06Z</time>
      </trkpt>
      <trkpt lat="34.331208448659" lon="109.04146072920027">
        <ele>388.76752242911607</ele>
        <time>2022-04-07T11:13:10Z</time>
      </trkpt>
      <trkpt lat="34.33097051781006" lon="109.04203528713205">
        <ele>390.1638221517205</ele>
        <time>2022-04-07T11:13:16Z</time>
      </trkpt>
      <trkpt lat="34.330668269872355" lon="109.04256965349444">
        <ele>389.6076869983226</ele>
        <time>2022-04-07T11:13:22Z</time>
      </trkpt>
      <trkpt lat="34.33035774614443" lon="109.04310213080207">
        <ele>390.3438094779849</ele>
        <time>2022-04-07T11:13:28Z</time>
      </trkpt>
      <trkpt lat="34.33005280109775" lon="109.04363676073532">
        <ele>390.74148515146226</ele>
        <time>2022-04-07T11:13:34Z</time>
      </trkpt>
      <trkpt lat="34.32971655401631" lon="109.04414839903755">
        <ele>390.4397803489119</ele>
        <time>2022-04-07T11:13:40Z</time>
      </trkpt>
      <trkpt lat="34.3294099121535" lon="109.04468001248705">
        <ele>384.4877560287714</ele>
        <time>2022-04-07T11:13:46Z</time>
      </trkpt>
      <trkpt lat="34.329121766190774" lon="109.04522141667495">
        <ele>386.9086449826136</ele>
        <time>2022-04-07T11:13:52Z</time>
      </trkpt>
      <trkpt lat="34.32887227852267" lon="109.04563859453798">
        <ele>389.72878045681864</ele>
        <time>2022-04-07T11:13:58Z</time>
      </trkpt>
      <trkpt lat="34.32891881500029" lon="109.04572720545049">
        <ele>390.0263486094773</ele>
        <time>2022-04-07T11:14:00Z</time>
      </trkpt>
      <trkpt lat="34.329047295384356" lon="109.04568787241452">
        <ele>390.55585407000035</ele>
        <time>2022-04-07T11:14:02Z</time>
      </trkpt>
      <trkpt lat="34.32935357912963" lon="109.04518141423272">
        <ele>392.07398201711476</ele>
        <time>2022-04-07T11:14:10Z</time>
      </trkpt>
      <trkpt lat="34.32962081001024" lon="109.04473543404828">
        <ele>388.17510891053826</ele>
        <time>2022-04-07T11:14:16Z</time>
      </trkpt>
      <trkpt lat="34.32990228538267" lon="109.04426342802776">
        <ele>388.18587331008166</ele>
        <time>2022-04-07T11:14:22Z</time>
      </trkpt>
      <trkpt lat="34.33019115541384" lon="109.04376031566395">
        <ele>390.44543282780796</ele>
        <time>2022-04-07T11:14:28Z</time>
      </trkpt>
      <trkpt lat="34.33048321932498" lon="109.04323254988503">
        <ele>390.81480745226145</ele>
        <time>2022-04-07T11:14:34Z</time>
      </trkpt>
      <trkpt lat="34.33078741963696" lon="109.04270685897166">
        <ele>390.43515291716903</ele>
        <time>2022-04-07T11:14:40Z</time>
      </trkpt>
      <trkpt lat="34.33108741301821" lon="109.04219252154148">
        <ele>390.9657933143899</ele>
        <time>2022-04-07T11:14:46Z</time>
      </trkpt>
      <trkpt lat="34.3311973330796" lon="109.0420376420279">
        <ele>390.4767290651798</ele>
        <time>2022-04-07T11:14:48Z</time>
      </trkpt>
      <trkpt lat="34.33128928442467" lon="109.0418652473945">
        <ele>390.6419154899195</ele>
        <time>2022-04-07T11:14:50Z</time>
      </trkpt>
      <trkpt lat="34.331348194498695" lon="109.04166878332872">
        <ele>390.2575980210677</ele>
        <time>2022-04-07T11:14:52Z</time>
      </trkpt>
      <trkpt lat="34.33164554535891" lon="109.04114878902836">
        <ele>390.4752227831632</ele>
        <time>2022-04-07T11:14:58Z</time>
      </trkpt>
      <trkpt lat="34.33177380003535" lon="109.04100386335936">
        <ele>390.98822152707726</ele>
        <time>2022-04-07T11:15:00Z</time>
      </trkpt>
      <trkpt lat="34.332064586316754" lon="109.04048717256062">
        <ele>389.81815485749394</ele>
        <time>2022-04-07T11:15:06Z</time>
      </trkpt>
      <trkpt lat="34.33235930736768" lon="109.03995662333277">
        <ele>390.6496917940676</ele>
        <time>2022-04-07T11:15:12Z</time>
      </trkpt>
      <trkpt lat="34.332656228519525" lon="109.03941580976088">
        <ele>390.41093970276415</ele>
        <time>2022-04-07T11:15:18Z</time>
      </trkpt>
      <trkpt lat="34.33276079156774" lon="109.03923695305697">
        <ele>390.30578359402716</ele>
        <time>2022-04-07T11:15:20Z</time>
      </trkpt>
      <trkpt lat="34.332848024911094" lon="109.03904427497814">
        <ele>390.2136963028461</ele>
        <time>2022-04-07T11:15:22Z</time>
      </trkpt>
      <trkpt lat="34.33296530258049" lon="109.03886978440678">
        <ele>390.0412849318236</ele>
        <time>2022-04-07T11:15:24Z</time>
      </trkpt>
      <trkpt lat="34.333052332351905" lon="109.0386768254853">
        <ele>390.3442320935428</ele>
        <time>2022-04-07T11:15:26Z</time>
      </trkpt>
      <trkpt lat="34.33318009192167" lon="109.03850885294202">
        <ele>389.3565517729148</ele>
        <time>2022-04-07T11:15:28Z</time>
      </trkpt>
      <trkpt lat="34.33348615797337" lon="109.0379573016183">
        <ele>389.8610932538286</ele>
        <time>2022-04-07T11:15:34Z</time>
      </trkpt>
      <trkpt lat="34.33378642697887" lon="109.03742025077058">
        <ele>389.9989511007443</ele>
        <time>2022-04-07T11:15:40Z</time>
      </trkpt>
      <trkpt lat="34.334103592323444" lon="109.03691076738383">
        <ele>387.54260811954737</ele>
        <time>2022-04-07T11:15:46Z</time>
      </trkpt>
      <trkpt lat="34.33417029472648" lon="109.03669903178833">
        <ele>388.0464475695044</ele>
        <time>2022-04-07T11:15:48Z</time>
      </trkpt>
      <trkpt lat="34.33430451530645" lon="109.03654505685523">
        <ele>387.791716337204</ele>
        <time>2022-04-07T11:15:50Z</time>
      </trkpt>
      <trkpt lat="34.334606056130525" lon="109.03599795249201">
        <ele>388.01345632597804</ele>
        <time>2022-04-07T11:15:56Z</time>
      </trkpt>
      <trkpt lat="34.33491836782291" lon="109.03545191735923">
        <ele>388.53396964259446</ele>
        <time>2022-04-07T11:16:02Z</time>
      </trkpt>
      <trkpt lat="34.335225362364405" lon="109.03489884614771">
        <ele>391.2552385488525</ele>
        <time>2022-04-07T11:16:08Z</time>
      </trkpt>
      <trkpt lat="34.335529642742394" lon="109.03435601891957">
        <ele>388.7791375136003</ele>
        <time>2022-04-07T11:16:14Z</time>
      </trkpt>
      <trkpt lat="34.33583119446873" lon="109.03380430103122">
        <ele>388.2561559388414</ele>
        <time>2022-04-07T11:16:20Z</time>
      </trkpt>
      <trkpt lat="34.336132134808956" lon="109.03326061083608">
        <ele>388.6975009208545</ele>
        <time>2022-04-07T11:16:26Z</time>
      </trkpt>
      <trkpt lat="34.336451597352024" lon="109.03272731557615">
        <ele>387.2948021395132</ele>
        <time>2022-04-07T11:16:32Z</time>
      </trkpt>
      <trkpt lat="34.33676192032758" lon="109.03218924474186">
        <ele>387.0123447207734</ele>
        <time>2022-04-07T11:16:38Z</time>
      </trkpt>
      <trkpt lat="34.33706894260557" lon="109.0316420334651">
        <ele>387.1506531294435</ele>
        <time>2022-04-07T11:16:44Z</time>
      </trkpt>
      <trkpt lat="34.33738480658165" lon="109.03108048477364">
        <ele>387.4677849281579</ele>
        <time>2022-04-07T11:16:50Z</time>
      </trkpt>
      <trkpt lat="34.33770425713615" lon="109.03054078627049">
        <ele>387.13689743261784</ele>
        <time>2022-04-07T11:16:56Z</time>
      </trkpt>
      <trkpt lat="34.338003189837636" lon="109.02999862303025">
        <ele>387.6131426738575</ele>
        <time>2022-04-07T11:17:02Z</time>
      </trkpt>
      <trkpt lat="34.338300672995366" lon="109.02946184106308">
        <ele>388.12031108513474</ele>
        <time>2022-04-07T11:17:08Z</time>
      </trkpt>
      <trkpt lat="34.33860764793535" lon="109.02893465486811">
        <ele>388.1015879046172</ele>
        <time>2022-04-07T11:17:14Z</time>
      </trkpt>
      <trkpt lat="34.33888047049283" lon="109.02837295848637">
        <ele>388.3558471798897</ele>
        <time>2022-04-07T11:17:20Z</time>
      </trkpt>
      <trkpt lat="34.339031506031034" lon="109.02799814942047">
        <ele>387.84055986162275</ele>
        <time>2022-04-07T11:17:24Z</time>
      </trkpt>
      <trkpt lat="34.33933805419554" lon="109.02749201304631">
        <ele>387.3524801367894</ele>
        <time>2022-04-07T11:17:30Z</time>
      </trkpt>
      <trkpt lat="34.33968576514141" lon="109.02700227077172">
        <ele>385.301924277097</ele>
        <time>2022-04-07T11:17:36Z</time>
      </trkpt>
      <trkpt lat="34.34004922008707" lon="109.02650960077138">
        <ele>385.2466769022867</ele>
        <time>2022-04-07T11:17:42Z</time>
      </trkpt>
      <trkpt lat="34.340406357368494" lon="109.02599765533665">
        <ele>386.81983211357147</ele>
        <time>2022-04-07T11:17:48Z</time>
      </trkpt>
      <trkpt lat="34.34073558137257" lon="109.0255440619219">
        <ele>385.57069791760296</ele>
        <time>2022-04-07T11:17:54Z</time>
      </trkpt>
      <trkpt lat="34.34106199905482" lon="109.02509251794997">
        <ele>385.4590111207217</ele>
        <time>2022-04-07T11:18:00Z</time>
      </trkpt>
      <trkpt lat="34.34120167656293" lon="109.02498621232351">
        <ele>385.59288751799613</ele>
        <time>2022-04-07T11:18:02Z</time>
      </trkpt>
      <trkpt lat="34.341269938064606" lon="109.02480654106893">
        <ele>385.4324534647167</ele>
        <time>2022-04-07T11:18:04Z</time>
      </trkpt>
      <trkpt lat="34.34155886217409" lon="109.024404248447">
        <ele>385.35729463398457</ele>
        <time>2022-04-07T11:18:10Z</time>
      </trkpt>
      <trkpt lat="34.341586038783426" lon="109.02424613316593">
        <ele>385.034825806506</ele>
        <time>2022-04-07T11:18:12Z</time>
      </trkpt>
      <trkpt lat="34.341492372642996" lon="109.02418854938064">
        <ele>385.1902159275487</ele>
        <time>2022-04-07T11:18:14Z</time>
      </trkpt>
      <trkpt lat="34.34137787290748" lon="109.02426065404748">
        <ele>385.2993847010657</ele>
        <time>2022-04-07T11:18:16Z</time>
      </trkpt>
      <trkpt lat="34.34131095905774" lon="109.02439253018349">
        <ele>385.2404116047546</ele>
        <time>2022-04-07T11:18:18Z</time>
      </trkpt>
      <trkpt lat="34.34095314708399" lon="109.02492566952336">
        <ele>385.23735092766583</ele>
        <time>2022-04-07T11:18:26Z</time>
      </trkpt>
      <trkpt lat="34.340640498811794" lon="109.02535881553231">
        <ele>385.9447814710438</ele>
        <time>2022-04-07T11:18:32Z</time>
      </trkpt>
      <trkpt lat="34.34033107058316" lon="109.02579219560718">
        <ele>386.0955382203683</ele>
        <time>2022-04-07T11:18:38Z</time>
      </trkpt>
      <trkpt lat="34.34001204282252" lon="109.02623602397223">
        <ele>386.3581627998501</ele>
        <time>2022-04-07T11:18:44Z</time>
      </trkpt>
      <trkpt lat="34.339696477405624" lon="109.02669799189977">
        <ele>386.4476194763556</ele>
        <time>2022-04-07T11:18:50Z</time>
      </trkpt>
      <trkpt lat="34.33937585357422" lon="109.02716354115357">
        <ele>386.8459140174091</ele>
        <time>2022-04-07T11:18:56Z</time>
      </trkpt>
      <trkpt lat="34.33905391144442" lon="109.02763109406877">
        <ele>385.7265350688249</ele>
        <time>2022-04-07T11:19:02Z</time>
      </trkpt>
      <trkpt lat="34.33875451154079" lon="109.02814589181112">
        <ele>386.11394366808236</ele>
        <time>2022-04-07T11:19:08Z</time>
      </trkpt>
      <trkpt lat="34.3384588490967" lon="109.02866454163414">
        <ele>387.4005719088018</ele>
        <time>2022-04-07T11:19:14Z</time>
      </trkpt>
      <trkpt lat="34.33817296913449" lon="109.0291957129872">
        <ele>387.2468956131488</ele>
        <time>2022-04-07T11:19:20Z</time>
      </trkpt>
      <trkpt lat="34.337879535924046" lon="109.02973521173956">
        <ele>386.79530388861895</ele>
        <time>2022-04-07T11:19:26Z</time>
      </trkpt>
      <trkpt lat="34.337569569500445" lon="109.03026745756588">
        <ele>386.36443191114813</ele>
        <time>2022-04-07T11:19:32Z</time>
      </trkpt>
      <trkpt lat="34.33726572795903" lon="109.03080657916287">
        <ele>386.26758065633476</ele>
        <time>2022-04-07T11:19:38Z</time>
      </trkpt>
      <trkpt lat="34.336961053950354" lon="109.03133500588287">
        <ele>387.01903645694256</ele>
        <time>2022-04-07T11:19:44Z</time>
      </trkpt>
      <trkpt lat="34.33665699148243" lon="109.03186872659633">
        <ele>387.7349641248584</ele>
        <time>2022-04-07T11:19:50Z</time>
      </trkpt>
      <trkpt lat="34.336357406706675" lon="109.03240316788089">
        <ele>387.62604577932507</ele>
        <time>2022-04-07T11:19:56Z</time>
      </trkpt>
      <trkpt lat="34.336054954790214" lon="109.03293027482037">
        <ele>387.9093450633809</ele>
        <time>2022-04-07T11:20:02Z</time>
      </trkpt>
      <trkpt lat="34.33575152412008" lon="109.03346818544547">
        <ele>387.8245909726247</ele>
        <time>2022-04-07T11:20:08Z</time>
      </trkpt>
      <trkpt lat="34.33545212887613" lon="109.03399736889301">
        <ele>388.3460845304653</ele>
        <time>2022-04-07T11:20:14Z</time>
      </trkpt>
      <trkpt lat="34.33514878676524" lon="109.03453468034296">
        <ele>388.4421209152788</ele>
        <time>2022-04-07T11:20:20Z</time>
      </trkpt>
      <trkpt lat="34.33484208326042" lon="109.03506333050707">
        <ele>388.35136068519205</ele>
        <time>2022-04-07T11:20:26Z</time>
      </trkpt>
      <trkpt lat="34.33453743963525" lon="109.03560572447209">
        <ele>388.0674889050424</ele>
        <time>2022-04-07T11:20:32Z</time>
      </trkpt>
      <trkpt lat="34.33424529474018" lon="109.03615988458542">
        <ele>388.010925879702</ele>
        <time>2022-04-07T11:20:38Z</time>
      </trkpt>
      <trkpt lat="34.33392842195261" lon="109.03669742306542">
        <ele>388.16467207390815</ele>
        <time>2022-04-07T11:20:44Z</time>
      </trkpt>
      <trkpt lat="34.33382252234662" lon="109.0368778751887">
        <ele>387.8159384392202</ele>
        <time>2022-04-07T11:20:46Z</time>
      </trkpt>
      <trkpt lat="34.3335039710392" lon="109.03743004468653">
        <ele>388.8272319920361</ele>
        <time>2022-04-07T11:20:52Z</time>
      </trkpt>
      <trkpt lat="34.33340354893706" lon="109.03761333943456">
        <ele>388.6046735001728</ele>
        <time>2022-04-07T11:20:54Z</time>
      </trkpt>
      <trkpt lat="34.33309585315609" lon="109.03815212454637">
        <ele>389.32196591142565</ele>
        <time>2022-04-07T11:21:00Z</time>
      </trkpt>
      <trkpt lat="34.3327843077701" lon="109.0386846809955">
        <ele>389.34690836723894</ele>
        <time>2022-04-07T11:21:06Z</time>
      </trkpt>
      <trkpt lat="34.33248108150806" lon="109.03922538785835">
        <ele>389.73763064853847</ele>
        <time>2022-04-07T11:21:12Z</time>
      </trkpt>
      <trkpt lat="34.33218554096928" lon="109.03974644904662">
        <ele>390.8838653611019</ele>
        <time>2022-04-07T11:21:18Z</time>
      </trkpt>
      <trkpt lat="34.331929238638345" lon="109.04022079728624">
        <ele>390.460036823526</ele>
        <time>2022-04-07T11:21:24Z</time>
      </trkpt>
      <trkpt lat="34.33166590950811" lon="109.04066262926231">
        <ele>390.6510688373819</ele>
        <time>2022-04-07T11:21:30Z</time>
      </trkpt>
      <trkpt lat="34.331388375418136" lon="109.04114334496762">
        <ele>389.98863254487514</ele>
        <time>2022-04-07T11:21:36Z</time>
      </trkpt>
      <trkpt lat="34.33110025476955" lon="109.04165521211006">
        <ele>389.68047462869436</ele>
        <time>2022-04-07T11:21:42Z</time>
      </trkpt>
      <trkpt lat="34.33100189558645" lon="109.0418256158227">
        <ele>389.5818269420415</ele>
        <time>2022-04-07T11:21:44Z</time>
      </trkpt>
      <trkpt lat="34.33092396136272" lon="109.04200583785891">
        <ele>389.8782176217064</ele>
        <time>2022-04-07T11:21:46Z</time>
      </trkpt>
      <trkpt lat="34.33086525384451" lon="109.04219795796512">
        <ele>390.1767087802291</ele>
        <time>2022-04-07T11:21:48Z</time>
      </trkpt>
      <trkpt lat="34.33078658169217" lon="109.04237239311891">
        <ele>390.28994381427765</ele>
        <time>2022-04-07T11:21:50Z</time>
      </trkpt>
      <trkpt lat="34.330594905942455" lon="109.04271789114001">
        <ele>390.52982309274375</ele>
        <time>2022-04-07T11:21:54Z</time>
      </trkpt>
      <trkpt lat="34.33028471278328" lon="109.0432308346963">
        <ele>390.1474031219259</ele>
        <time>2022-04-07T11:22:00Z</time>
      </trkpt>
      <trkpt lat="34.32997740227926" lon="109.0437300669269">
        <ele>390.8982226373628</ele>
        <time>2022-04-07T11:22:06Z</time>
      </trkpt>
      <trkpt lat="34.32966982943544" lon="109.04421635765345">
        <ele>390.57756486255676</ele>
        <time>2022-04-07T11:22:12Z</time>
      </trkpt>
      <trkpt lat="34.32936835598818" lon="109.04474521735506">
        <ele>386.5910319648683</ele>
        <time>2022-04-07T11:22:18Z</time>
      </trkpt>
      <trkpt lat="34.32925984514959" lon="109.04491943865881">
        <ele>385.83007172495127</ele>
        <time>2022-04-07T11:22:20Z</time>
      </trkpt>
      <trkpt lat="34.32909291757457" lon="109.04527765828153">
        <ele>388.5892374087125</ele>
        <time>2022-04-07T11:22:24Z</time>
      </trkpt>
      <trkpt lat="34.328914578852284" lon="109.04557042927992">
        <ele>390.14849800337106</ele>
        <time>2022-04-07T11:22:28Z</time>
      </trkpt>
      <trkpt lat="34.328913413817084" lon="109.04571518533501">
        <ele>390.35387302562594</ele>
        <time>2022-04-07T11:22:30Z</time>
      </trkpt>
      <trkpt lat="34.32904380395423" lon="109.04575121434024">
        <ele>390.87720093969256</ele>
        <time>2022-04-07T11:22:32Z</time>
      </trkpt>
      <trkpt lat="34.32914091349227" lon="109.0456187902831">
        <ele>391.5119907502085</ele>
        <time>2022-04-07T11:22:34Z</time>
      </trkpt>
      <trkpt lat="34.3291980300507" lon="109.04546590599936">
        <ele>392.7295235088095</ele>
        <time>2022-04-07T11:22:36Z</time>
      </trkpt>
      <trkpt lat="34.329441256799974" lon="109.04503470829206">
        <ele>390.3503627348691</ele>
        <time>2022-04-07T11:22:42Z</time>
      </trkpt>
      <trkpt lat="34.329720073898024" lon="109.04454352934151">
        <ele>387.2239797748625</ele>
        <time>2022-04-07T11:22:48Z</time>
      </trkpt>
      <trkpt lat="34.33001666107015" lon="109.04403623578828">
        <ele>388.6787566570565</ele>
        <time>2022-04-07T11:22:54Z</time>
      </trkpt>
      <trkpt lat="34.33031643902514" lon="109.04351026881668">
        <ele>389.4401475125924</ele>
        <time>2022-04-07T11:23:00Z</time>
      </trkpt>
      <trkpt lat="34.33062381247634" lon="109.04296906032312">
        <ele>390.1830775337294</ele>
        <time>2022-04-07T11:23:06Z</time>
      </trkpt>
      <trkpt lat="34.33092984312197" lon="109.04242716364246">
        <ele>390.10995555017143</ele>
        <time>2022-04-07T11:23:12Z</time>
      </trkpt>
      <trkpt lat="34.33123006432353" lon="109.04188545310006">
        <ele>389.93533177580684</ele>
        <time>2022-04-07T11:23:18Z</time>
      </trkpt>
      <trkpt lat="34.33143922240614" lon="109.04153646556655">
        <ele>390.690767865628</ele>
        <time>2022-04-07T11:23:22Z</time>
      </trkpt>
      <trkpt lat="34.331722822849954" lon="109.04101350631072">
        <ele>389.753463242203</ele>
        <time>2022-04-07T11:23:28Z</time>
      </trkpt>
      <trkpt lat="34.33191944207951" lon="109.0406694192231">
        <ele>390.1498700072989</ele>
        <time>2022-04-07T11:23:32Z</time>
      </trkpt>
      <trkpt lat="34.33203709639099" lon="109.04051455986199">
        <ele>389.6530096717179</ele>
        <time>2022-04-07T11:23:34Z</time>
      </trkpt>
      <trkpt lat="34.33233061845418" lon="109.03998112391689">
        <ele>390.2370617175475</ele>
        <time>2022-04-07T11:23:40Z</time>
      </trkpt>
      <trkpt lat="34.33263449794051" lon="109.03944885455192">
        <ele>390.0884358463809</ele>
        <time>2022-04-07T11:23:46Z</time>
      </trkpt>
      <trkpt lat="34.33294156623943" lon="109.03889383101111">
        <ele>389.6470304504037</ele>
        <time>2022-04-07T11:23:52Z</time>
      </trkpt>
      <trkpt lat="34.33305173684671" lon="109.03871569038087">
        <ele>390.1984625244513</ele>
        <time>2022-04-07T11:23:54Z</time>
      </trkpt>
      <trkpt lat="34.33313631980846" lon="109.03851806399994">
        <ele>389.4499973570928</ele>
        <time>2022-04-07T11:23:56Z</time>
      </trkpt>
      <trkpt lat="34.333376456663174" lon="109.03817456429677">
        <ele>389.5900881802663</ele>
        <time>2022-04-07T11:24:00Z</time>
      </trkpt>
      <trkpt lat="34.33367792548183" lon="109.03762274169972">
        <ele>389.7815228300169</ele>
        <time>2022-04-07T11:24:06Z</time>
      </trkpt>
      <trkpt lat="34.33398131017076" lon="109.03707407271264">
        <ele>388.8698607524857</ele>
        <time>2022-04-07T11:24:12Z</time>
      </trkpt>
      <trkpt lat="34.33428931079057" lon="109.0365313133749">
        <ele>387.80136750265956</ele>
        <time>2022-04-07T11:24:18Z</time>
      </trkpt>
      <trkpt lat="34.33460123088764" lon="109.03599249601702">
        <ele>388.8128466140479</ele>
        <time>2022-04-07T11:24:24Z</time>
      </trkpt>
      <trkpt lat="34.33490734901782" lon="109.03545476575637">
        <ele>389.27274973131716</ele>
        <time>2022-04-07T11:24:30Z</time>
      </trkpt>
      <trkpt lat="34.335206934241214" lon="109.03491991852867">
        <ele>387.88579540885985</ele>
        <time>2022-04-07T11:24:36Z</time>
      </trkpt>
      <trkpt lat="34.33550572489445" lon="109.03441374310539">
        <ele>387.62913227733225</ele>
        <time>2022-04-07T11:24:42Z</time>
      </trkpt>
      <trkpt lat="34.33578145881608" lon="109.03389948048797">
        <ele>388.02597063966095</ele>
        <time>2022-04-07T11:24:48Z</time>
      </trkpt>
      <trkpt lat="34.336081458731364" lon="109.03338081123383">
        <ele>388.1382505679503</ele>
        <time>2022-04-07T11:24:54Z</time>
      </trkpt>
      <trkpt lat="34.336378725111935" lon="109.03286464955482">
        <ele>387.4340268196538</ele>
        <time>2022-04-07T11:25:00Z</time>
      </trkpt>
      <trkpt lat="34.33667582539431" lon="109.03233746390106">
        <ele>388.3056372664869</ele>
        <time>2022-04-07T11:25:06Z</time>
      </trkpt>
      <trkpt lat="34.33696365444141" lon="109.03180742205969">
        <ele>387.2690499825403</ele>
        <time>2022-04-07T11:25:12Z</time>
      </trkpt>
      <trkpt lat="34.33725204869826" lon="109.03130261460635">
        <ele>388.2835479527712</ele>
        <time>2022-04-07T11:25:18Z</time>
      </trkpt>
      <trkpt lat="34.33755038334556" lon="109.03079521137076">
        <ele>387.35701811220497</ele>
        <time>2022-04-07T11:25:24Z</time>
      </trkpt>
      <trkpt lat="34.337841038568534" lon="109.03028157628998">
        <ele>386.60165945161134</ele>
        <time>2022-04-07T11:25:30Z</time>
      </trkpt>
      <trkpt lat="34.33813353222222" lon="109.02976975961681">
        <ele>387.127512704581</ele>
        <time>2022-04-07T11:25:36Z</time>
      </trkpt>
      <trkpt lat="34.33842361342562" lon="109.02926261054382">
        <ele>387.0783599317074</ele>
        <time>2022-04-07T11:25:42Z</time>
      </trkpt>
      <trkpt lat="34.33870698946659" lon="109.02874455622997">
        <ele>387.7298816656694</ele>
        <time>2022-04-07T11:25:48Z</time>
      </trkpt>
      <trkpt lat="34.338885938963166" lon="109.02843199181694">
        <ele>388.0105835078284</ele>
        <time>2022-04-07T11:25:52Z</time>
      </trkpt>
      <trkpt lat="34.339064242246856" lon="109.0281424073023">
        <ele>386.8140225177631</ele>
        <time>2022-04-07T11:25:56Z</time>
      </trkpt>
      <trkpt lat="34.339263046589025" lon="109.02763595476918">
        <ele>386.5933841075748</ele>
        <time>2022-04-07T11:26:02Z</time>
      </trkpt>
      <trkpt lat="34.339568909818574" lon="109.02720073065417">
        <ele>386.2171659525484</ele>
        <time>2022-04-07T11:26:08Z</time>
      </trkpt>
      <trkpt lat="34.339898763906405" lon="109.02673015541644">
        <ele>386.20014040451497</ele>
        <time>2022-04-07T11:26:14Z</time>
      </trkpt>
      <trkpt lat="34.34024190666482" lon="109.02626393991733">
        <ele>385.4657934885472</ele>
        <time>2022-04-07T11:26:20Z</time>
      </trkpt>
      <trkpt lat="34.34058158209635" lon="109.02576729669998">
        <ele>384.98566256091</ele>
        <time>2022-04-07T11:26:26Z</time>
      </trkpt>
      <trkpt lat="34.34092564413861" lon="109.02529747291099">
        <ele>384.4093755977228</ele>
        <time>2022-04-07T11:26:32Z</time>
      </trkpt>
      <trkpt lat="34.341232428384295" lon="109.02485297334009">
        <ele>385.37022686190903</ele>
        <time>2022-04-07T11:26:38Z</time>
      </trkpt>
      <trkpt lat="34.341440948086536" lon="109.02462741752774">
        <ele>385.436966762878</ele>
        <time>2022-04-07T11:26:42Z</time>
      </trkpt>
      <trkpt lat="34.341568986873206" lon="109.02443054055261">
        <ele>384.39879063144326</ele>
        <time>2022-04-07T11:26:48Z</time>
      </trkpt>
      <trkpt lat="34.34160572703138" lon="109.02434837676525">
        <ele>385.015722819604</ele>
        <time>2022-04-07T11:26:52Z</time>
      </trkpt>
      <trkpt lat="34.341540828960184" lon="109.02426264016565">
        <ele>385.8250392721966</ele>
        <time>2022-04-07T11:26:56Z</time>
      </trkpt>
      <trkpt lat="34.341452863602186" lon="109.024298104797">
        <ele>386.28756613843143</ele>
        <time>2022-04-07T11:26:58Z</time>
      </trkpt>
      <trkpt lat="34.34131998879111" lon="109.02446621888463">
        <ele>386.3140531834215</ele>
        <time>2022-04-07T11:27:02Z</time>
      </trkpt>
      <trkpt lat="34.341220279636275" lon="109.02451633252976">
        <ele>385.8810931723565</ele>
        <time>2022-04-07T11:27:04Z</time>
      </trkpt>
      <trkpt lat="34.341158534161465" lon="109.024615455024">
        <ele>385.66826128587127</ele>
        <time>2022-04-07T11:27:06Z</time>
      </trkpt>
      <trkpt lat="34.34110951055984" lon="109.02474265556657">
        <ele>385.89736333768815</ele>
        <time>2022-04-07T11:27:08Z</time>
      </trkpt>
      <trkpt lat="34.340774511513864" lon="109.02521325873768">
        <ele>386.0037920102477</ele>
        <time>2022-04-07T11:27:16Z</time>
      </trkpt>
      <trkpt lat="34.340461179743485" lon="109.02563716947394">
        <ele>385.1182931093499</ele>
        <time>2022-04-07T11:27:22Z</time>
      </trkpt>
      <trkpt lat="34.3401435307807" lon="109.02610013528968">
        <ele>386.28972498420626</ele>
        <time>2022-04-07T11:27:28Z</time>
      </trkpt>
      <trkpt lat="34.33981419891817" lon="109.02655143835723">
        <ele>386.44604516774416</ele>
        <time>2022-04-07T11:27:34Z</time>
      </trkpt>
      <trkpt lat="34.33948288872676" lon="109.02700748294191">
        <ele>386.6355274999514</ele>
        <time>2022-04-07T11:27:40Z</time>
      </trkpt>
      <trkpt lat="34.339162103696" lon="109.02749050750963">
        <ele>386.76019167900085</ele>
        <time>2022-04-07T11:27:46Z</time>
      </trkpt>
      <trkpt lat="34.338842054231925" lon="109.02799306944578">
        <ele>386.8526216307655</ele>
        <time>2022-04-07T11:27:52Z</time>
      </trkpt>
      <trkpt lat="34.33855789401899" lon="109.02853275920768">
        <ele>388.1056173630059</ele>
        <time>2022-04-07T11:27:58Z</time>
      </trkpt>
      <trkpt lat="34.33835027368592" lon="109.02886004345329">
        <ele>387.81626909133047</ele>
        <time>2022-04-07T11:28:02Z</time>
      </trkpt>
      <trkpt lat="34.33816121162915" lon="109.02923068904127">
        <ele>389.0065656909719</ele>
        <time>2022-04-07T11:28:06Z</time>
      </trkpt>
      <trkpt lat="34.337876201587235" lon="109.02975219244207">
        <ele>388.100546692498</ele>
        <time>2022-04-07T11:28:12Z</time>
      </trkpt>
      <trkpt lat="34.337710081652226" lon="109.03006425594401">
        <ele>387.9985403744504</ele>
        <time>2022-04-07T11:28:16Z</time>
      </trkpt>
      <trkpt lat="34.33744440513492" lon="109.03048489469623">
        <ele>387.87264814507216</ele>
        <time>2022-04-07T11:28:22Z</time>
      </trkpt>
      <trkpt lat="34.33711910614699" lon="109.03104079146517">
        <ele>387.62781623378396</ele>
        <time>2022-04-07T11:28:30Z</time>
      </trkpt>
      <trkpt lat="34.336782504575815" lon="109.0316284274528">
        <ele>388.1836472386494</ele>
        <time>2022-04-07T11:28:38Z</time>
      </trkpt>
      <trkpt lat="34.33650032293698" lon="109.03212560651077">
        <ele>387.34397110156715</ele>
        <time>2022-04-07T11:28:44Z</time>
      </trkpt>
      <trkpt lat="34.336217594772435" lon="109.03262553449457">
        <ele>387.1539004826918</ele>
        <time>2022-04-07T11:28:50Z</time>
      </trkpt>
      <trkpt lat="34.33592769796835" lon="109.03313097065279">
        <ele>387.9015275957063</ele>
        <time>2022-04-07T11:28:56Z</time>
      </trkpt>
      <trkpt lat="34.3356406530369" lon="109.0336461342151">
        <ele>388.0067136110738</ele>
        <time>2022-04-07T11:29:02Z</time>
      </trkpt>
      <trkpt lat="34.33534540063293" lon="109.0341625068324">
        <ele>388.3462260803208</ele>
        <time>2022-04-07T11:29:08Z</time>
      </trkpt>
      <trkpt lat="34.335051375161285" lon="109.03468768245861">
        <ele>388.5222633490339</ele>
        <time>2022-04-07T11:29:14Z</time>
      </trkpt>
      <trkpt lat="34.334754200582154" lon="109.03522097051545">
        <ele>388.27637864183635</ele>
        <time>2022-04-07T11:29:20Z</time>
      </trkpt>
      <trkpt lat="34.33465154878414" lon="109.03539816162656">
        <ele>388.07327112182975</ele>
        <time>2022-04-07T11:29:22Z</time>
      </trkpt>
      <trkpt lat="34.334349777596444" lon="109.03593918240634">
        <ele>388.8101322995499</ele>
        <time>2022-04-07T11:29:28Z</time>
      </trkpt>
      <trkpt lat="34.33404767823743" lon="109.03646655759303">
        <ele>388.81686320900917</ele>
        <time>2022-04-07T11:29:34Z</time>
      </trkpt>
      <trkpt lat="34.333742386544905" lon="109.03700315090757">
        <ele>389.2156690331176</ele>
        <time>2022-04-07T11:29:40Z</time>
      </trkpt>
      <trkpt lat="34.33343800656871" lon="109.03754329287341">
        <ele>388.81695924140513</ele>
        <time>2022-04-07T11:29:46Z</time>
      </trkpt>
      <trkpt lat="34.33314259872954" lon="109.03808346893778">
        <ele>389.6720178434625</ele>
        <time>2022-04-07T11:29:52Z</time>
      </trkpt>
      <trkpt lat="34.33283448317738" lon="109.03860123428169">
        <ele>390.1747920885682</ele>
        <time>2022-04-07T11:29:58Z</time>
      </trkpt>
      <trkpt lat="34.33253076349765" lon="109.03912417581142">
        <ele>389.64042644854635</ele>
        <time>2022-04-07T11:30:04Z</time>
      </trkpt>
      <trkpt lat="34.33222850683914" lon="109.039679865024">
        <ele>390.97883875574917</ele>
        <time>2022-04-07T11:30:10Z</time>
      </trkpt>
      <trkpt lat="34.33192717969594" lon="109.04020881367657">
        <ele>390.57541844807565</ele>
        <time>2022-04-07T11:30:16Z</time>
      </trkpt>
      <trkpt lat="34.331624934206" lon="109.0407025854092">
        <ele>390.6886276919395</ele>
        <time>2022-04-07T11:30:22Z</time>
      </trkpt>
      <trkpt lat="34.331325647934875" lon="109.04123644933009">
        <ele>390.3791306987405</ele>
        <time>2022-04-07T11:30:28Z</time>
      </trkpt>
      <trkpt lat="34.331006473077906" lon="109.04178572606183">
        <ele>390.3078539967537</ele>
        <time>2022-04-07T11:30:34Z</time>
      </trkpt>
      <trkpt lat="34.33069816008532" lon="109.04232262473332">
        <ele>390.3026692336425</ele>
        <time>2022-04-07T11:30:40Z</time>
      </trkpt>
      <trkpt lat="34.33060028896948" lon="109.04250092723052">
        <ele>389.9836949966848</ele>
        <time>2022-04-07T11:30:42Z</time>
      </trkpt>
      <trkpt lat="34.33045576242628" lon="109.04290735789962">
        <ele>389.8009501984343</ele>
        <time>2022-04-07T11:30:46Z</time>
      </trkpt>
      <trkpt lat="34.330169623302815" lon="109.04343842057175">
        <ele>390.241448299028</ele>
        <time>2022-04-07T11:30:52Z</time>
      </trkpt>
      <trkpt lat="34.32987236292788" lon="109.0439364399709">
        <ele>390.8195530474186</ele>
        <time>2022-04-07T11:30:58Z</time>
      </trkpt>
      <trkpt lat="34.32955318869" lon="109.04442638066173">
        <ele>389.54062458407134</ele>
        <time>2022-04-07T11:31:04Z</time>
      </trkpt>
      <trkpt lat="34.32926307571882" lon="109.0449620159632">
        <ele>386.27930186968297</ele>
        <time>2022-04-07T11:31:10Z</time>
      </trkpt>
      <trkpt lat="34.32910270230486" lon="109.04529613360515">
        <ele>388.16537274140865</ele>
        <time>2022-04-07T11:31:14Z</time>
      </trkpt>
      <trkpt lat="34.32893284062898" lon="109.04554951279837">
        <ele>390.03874851297587</ele>
        <time>2022-04-07T11:31:18Z</time>
      </trkpt>
      <trkpt lat="34.32891724806135" lon="109.04569612370581">
        <ele>390.27766030002385</ele>
        <time>2022-04-07T11:31:20Z</time>
      </trkpt>
      <trkpt lat="34.329051666004446" lon="109.04575575258279">
        <ele>390.8475368106738</ele>
        <time>2022-04-07T11:31:22Z</time>
      </trkpt>
      <trkpt lat="34.32916526818899" lon="109.04560786131982">
        <ele>392.068567651324</ele>
        <time>2022-04-07T11:31:24Z</time>
      </trkpt>
      <trkpt lat="34.329216827128626" lon="109.04543726745787">
        <ele>391.5251008551568</ele>
        <time>2022-04-07T11:31:26Z</time>
      </trkpt>
      <trkpt lat="34.329395891307506" lon="109.04515769224285">
        <ele>392.6969934599474</ele>
        <time>2022-04-07T11:31:30Z</time>
      </trkpt>
      <trkpt lat="34.32966047546068" lon="109.04467778429935">
        <ele>388.4617422930896</ele>
        <time>2022-04-07T11:31:36Z</time>
      </trkpt>
      <trkpt lat="34.329941659500975" lon="109.04418751228148">
        <ele>388.4930910281837</ele>
        <time>2022-04-07T11:31:42Z</time>
      </trkpt>
      <trkpt lat="34.33025096877118" lon="109.04366150366118">
        <ele>390.21366371773183</ele>
        <time>2022-04-07T11:31:48Z</time>
      </trkpt>
      <trkpt lat="34.330561447153684" lon="109.04311788907937">
        <ele>390.6127469353378</ele>
        <time>2022-04-07T11:31:54Z</time>
      </trkpt>
      <trkpt lat="34.33087517613641" lon="109.042576481879">
        <ele>390.5970281511545</ele>
        <time>2022-04-07T11:32:00Z</time>
      </trkpt>
      <trkpt lat="34.33117798707849" lon="109.04204325037604">
        <ele>389.7746486272663</ele>
        <time>2022-04-07T11:32:06Z</time>
      </trkpt>
      <trkpt lat="34.331488040277215" lon="109.04149416993381">
        <ele>390.34410389885306</ele>
        <time>2022-04-07T11:32:12Z</time>
      </trkpt>
      <trkpt lat="34.33156462699365" lon="109.0412904018211">
        <ele>390.4189210208133</ele>
        <time>2022-04-07T11:32:14Z</time>
      </trkpt>
      <trkpt lat="34.33176861855633" lon="109.0409333345173">
        <ele>389.8222578400746</ele>
        <time>2022-04-07T11:32:18Z</time>
      </trkpt>
      <trkpt lat="34.332075040063536" lon="109.04039707744865">
        <ele>389.9455055054277</ele>
        <time>2022-04-07T11:32:24Z</time>
      </trkpt>
      <trkpt lat="34.3322048295045" lon="109.04022529845433">
        <ele>390.0618676748127</ele>
        <time>2022-04-07T11:32:26Z</time>
      </trkpt>
      <trkpt lat="34.33251780021406" lon="109.03964494813317">
        <ele>390.0509738046676</ele>
        <time>2022-04-07T11:32:32Z</time>
      </trkpt>
      <trkpt lat="34.33284188808123" lon="109.03907926552361">
        <ele>389.05740920081735</ele>
        <time>2022-04-07T11:32:38Z</time>
      </trkpt>
      <trkpt lat="34.333147126989005" lon="109.03853387038914">
        <ele>388.0650431634858</ele>
        <time>2022-04-07T11:32:44Z</time>
      </trkpt>
      <trkpt lat="34.33336815671949" lon="109.03819529739953">
        <ele>389.65194914955646</ele>
        <time>2022-04-07T11:32:48Z</time>
      </trkpt>
      <trkpt lat="34.33366399813158" lon="109.03764065013304">
        <ele>389.1254495466128</ele>
        <time>2022-04-07T11:32:54Z</time>
      </trkpt>
      <trkpt lat="34.33399268838693" lon="109.03709196502244">
        <ele>389.37650098465383</ele>
        <time>2022-04-07T11:33:00Z</time>
      </trkpt>
      <trkpt lat="34.334315112087545" lon="109.03652399216672">
        <ele>389.7131924787536</ele>
        <time>2022-04-07T11:33:06Z</time>
      </trkpt>
      <trkpt lat="34.33463843761282" lon="109.03595802887703">
        <ele>389.8192263310775</ele>
        <time>2022-04-07T11:33:12Z</time>
      </trkpt>
      <trkpt lat="34.3349592671178" lon="109.03540654726069">
        <ele>388.4769297009334</ele>
        <time>2022-04-07T11:33:18Z</time>
      </trkpt>
      <trkpt lat="34.33524652240144" lon="109.03489662933733">
        <ele>388.4058118192479</ele>
        <time>2022-04-07T11:33:24Z</time>
      </trkpt>
      <trkpt lat="34.33551611694766" lon="109.03441473102325">
        <ele>389.10350077878684</ele>
        <time>2022-04-07T11:33:30Z</time>
      </trkpt>
      <trkpt lat="34.33578522564908" lon="109.03393761515996">
        <ele>388.08409682195634</ele>
        <time>2022-04-07T11:33:36Z</time>
      </trkpt>
      <trkpt lat="34.33606352128842" lon="109.03342513395172">
        <ele>387.37320937309414</ele>
        <time>2022-04-07T11:33:42Z</time>
      </trkpt>
      <trkpt lat="34.33637207988876" lon="109.03289547482937">
        <ele>388.02891651075333</ele>
        <time>2022-04-07T11:33:48Z</time>
      </trkpt>
      <trkpt lat="34.336679500708414" lon="109.03237024041019">
        <ele>386.90142368525267</ele>
        <time>2022-04-07T11:33:54Z</time>
      </trkpt>
      <trkpt lat="34.3369800067986" lon="109.03181727969405">
        <ele>387.25180284585804</ele>
        <time>2022-04-07T11:34:00Z</time>
      </trkpt>
      <trkpt lat="34.337287874601714" lon="109.03125253029027">
        <ele>387.336364666</ele>
        <time>2022-04-07T11:34:06Z</time>
      </trkpt>
      <trkpt lat="34.337611180943206" lon="109.03071059608598">
        <ele>387.0151567617431</ele>
        <time>2022-04-07T11:34:12Z</time>
      </trkpt>
      <trkpt lat="34.33790225337004" lon="109.03016202990936">
        <ele>388.1405465034768</ele>
        <time>2022-04-07T11:34:18Z</time>
      </trkpt>
      <trkpt lat="34.338213750236385" lon="109.02965442709774">
        <ele>387.2972982339561</ele>
        <time>2022-04-07T11:34:24Z</time>
      </trkpt>
      <trkpt lat="34.33850533668596" lon="109.02913207362722">
        <ele>387.23945935536176</ele>
        <time>2022-04-07T11:34:30Z</time>
      </trkpt>
      <trkpt lat="34.338799717176514" lon="109.02857961017256">
        <ele>386.8166485996917</ele>
        <time>2022-04-07T11:34:36Z</time>
      </trkpt>
      <trkpt lat="34.339028560713054" lon="109.02803925648878">
        <ele>386.9658205304295</ele>
        <time>2022-04-07T11:34:42Z</time>
      </trkpt>
      <trkpt lat="34.3393006056622" lon="109.0275654939056">
        <ele>386.6037150686607</ele>
        <time>2022-04-07T11:34:48Z</time>
      </trkpt>
      <trkpt lat="34.33959711650702" lon="109.02712080811649">
        <ele>386.65500624198467</ele>
        <time>2022-04-07T11:34:54Z</time>
      </trkpt>
      <trkpt lat="34.339917687159726" lon="109.02667726513069">
        <ele>386.62735302373767</ele>
        <time>2022-04-07T11:35:00Z</time>
      </trkpt>
      <trkpt lat="34.34026995272962" lon="109.02616866946448">
        <ele>385.54158091079444</ele>
        <time>2022-04-07T11:35:06Z</time>
      </trkpt>
      <trkpt lat="34.340624141207336" lon="109.02567292412688">
        <ele>384.98103864956647</ele>
        <time>2022-04-07T11:35:12Z</time>
      </trkpt>
      <trkpt lat="34.340941211090175" lon="109.02523682453153">
        <ele>385.1312156384811</ele>
        <time>2022-04-07T11:35:18Z</time>
      </trkpt>
      <trkpt lat="34.34122441888576" lon="109.02483168741311">
        <ele>384.91247187461704</ele>
        <time>2022-04-07T11:35:24Z</time>
      </trkpt>
      <trkpt lat="34.34155133383863" lon="109.02438601517463">
        <ele>384.89567361958325</ele>
        <time>2022-04-07T11:35:32Z</time>
      </trkpt>
      <trkpt lat="34.341576879743194" lon="109.02425743517065">
        <ele>385.68292548693717</ele>
        <time>2022-04-07T11:35:34Z</time>
      </trkpt>
      <trkpt lat="34.34149126685593" lon="109.02417497302406">
        <ele>385.7592828916386</ele>
        <time>2022-04-07T11:35:36Z</time>
      </trkpt>
      <trkpt lat="34.34138518817477" lon="109.02424614883982">
        <ele>385.7807085169479</ele>
        <time>2022-04-07T11:35:38Z</time>
      </trkpt>
      <trkpt lat="34.34133573235728" lon="109.02434811698066">
        <ele>385.4491387652233</ele>
        <time>2022-04-07T11:35:40Z</time>
      </trkpt>
      <trkpt lat="34.34105820187793" lon="109.02472239210458">
        <ele>385.3728814609349</ele>
        <time>2022-04-07T11:35:50Z</time>
      </trkpt>
      <trkpt lat="34.34106374632292" lon="109.02474801030667">
        <ele>385.4916498269886</ele>
        <time>2022-04-07T11:36:00Z</time>
      </trkpt>
      <trkpt lat="34.34089726887168" lon="109.02501335419774">
        <ele>386.8288820460439</ele>
        <time>2022-04-07T11:39:35Z</time>
      </trkpt>
      <trkpt lat="34.34059106450228" lon="109.0254609965052">
        <ele>386.49019711185247</ele>
        <time>2022-04-07T11:39:43Z</time>
      </trkpt>
      <trkpt lat="34.3404262575355" lon="109.025716049906">
        <ele>386.3412351356819</ele>
        <time>2022-04-07T11:39:47Z</time>
      </trkpt>
      <trkpt lat="34.34019189422019" lon="109.02599857313744">
        <ele>385.49426969513297</ele>
        <time>2022-04-07T11:39:51Z</time>
      </trkpt>
      <trkpt lat="34.339812166025716" lon="109.02654246181862">
        <ele>387.0713432841003</ele>
        <time>2022-04-07T11:39:57Z</time>
      </trkpt>
      <trkpt lat="34.339418413222894" lon="109.02708673036923">
        <ele>386.7212183410302</ele>
        <time>2022-04-07T11:40:03Z</time>
      </trkpt>
      <trkpt lat="34.33928419162535" lon="109.0272767192954">
        <ele>386.81155887339264</ele>
        <time>2022-04-07T11:40:05Z</time>
      </trkpt>
      <trkpt lat="34.339046252745604" lon="109.02768346458743">
        <ele>386.2145702559501</ele>
        <time>2022-04-07T11:40:09Z</time>
      </trkpt>
      <trkpt lat="34.33890747437946" lon="109.02787050418081">
        <ele>386.50904253683984</ele>
        <time>2022-04-07T11:40:11Z</time>
      </trkpt>
      <trkpt lat="34.33865674588906" lon="109.02829921902726">
        <ele>386.78595632035285</ele>
        <time>2022-04-07T11:40:15Z</time>
      </trkpt>
      <trkpt lat="34.33840618268643" lon="109.02874780206386">
        <ele>388.5923628574237</ele>
        <time>2022-04-07T11:40:19Z</time>
      </trkpt>
      <trkpt lat="34.338096242429245" lon="109.02930157870462">
        <ele>387.86385564878583</ele>
        <time>2022-04-07T11:40:24Z</time>
      </trkpt>
      <trkpt lat="34.3378566505713" lon="109.02973668362876">
        <ele>386.98278973437846</ele>
        <time>2022-04-07T11:40:28Z</time>
      </trkpt>
      <trkpt lat="34.33750256931534" lon="109.0303791375641">
        <ele>388.03004758246243</ele>
        <time>2022-04-07T11:40:34Z</time>
      </trkpt>
      <trkpt lat="34.337148715145034" lon="109.0309658680992">
        <ele>387.2852597273886</ele>
        <time>2022-04-07T11:40:40Z</time>
      </trkpt>
      <trkpt lat="34.33680625404065" lon="109.03156047086009">
        <ele>389.12427376396954</ele>
        <time>2022-04-07T11:40:46Z</time>
      </trkpt>
      <trkpt lat="34.33647098418453" lon="109.03213902064047">
        <ele>387.5826373975724</ele>
        <time>2022-04-07T11:40:52Z</time>
      </trkpt>
      <trkpt lat="34.33636421769064" lon="109.03232806854547">
        <ele>387.7963650012389</ele>
        <time>2022-04-07T11:40:54Z</time>
      </trkpt>
      <trkpt lat="34.33604637092814" lon="109.03289971985235">
        <ele>388.1191227976233</ele>
        <time>2022-04-07T11:41:00Z</time>
      </trkpt>
      <trkpt lat="34.33572935789918" lon="109.03343897664772">
        <ele>388.2980127511546</ele>
        <time>2022-04-07T11:41:06Z</time>
      </trkpt>
      <trkpt lat="34.335519645380586" lon="109.03380786993542">
        <ele>388.373560750857</ele>
        <time>2022-04-07T11:41:10Z</time>
      </trkpt>
      <trkpt lat="34.33527859889762" lon="109.03425843433205">
        <ele>389.0999255683273</ele>
        <time>2022-04-07T11:41:15Z</time>
      </trkpt>
      <trkpt lat="34.3349950408573" lon="109.03479153965827">
        <ele>389.17067965399474</ele>
        <time>2022-04-07T11:41:21Z</time>
      </trkpt>
      <trkpt lat="34.334691178363144" lon="109.03531321290977">
        <ele>387.92977958731353</ele>
        <time>2022-04-07T11:41:27Z</time>
      </trkpt>
      <trkpt lat="34.334381048841486" lon="109.03585884319689">
        <ele>388.52488584723324</ele>
        <time>2022-04-07T11:41:33Z</time>
      </trkpt>
      <trkpt lat="34.3340746457745" lon="109.03639991192816">
        <ele>388.5827764812857</ele>
        <time>2022-04-07T11:41:39Z</time>
      </trkpt>
      <trkpt lat="34.33377582236781" lon="109.03695645117094">
        <ele>388.6387053159997</ele>
        <time>2022-04-07T11:41:45Z</time>
      </trkpt>
      <trkpt lat="34.33347842920483" lon="109.03750803509585">
        <ele>388.6216388149187</ele>
        <time>2022-04-07T11:41:51Z</time>
      </trkpt>
      <trkpt lat="34.33315908612074" lon="109.03806400128661">
        <ele>389.77644452732056</ele>
        <time>2022-04-07T11:41:57Z</time>
      </trkpt>
      <trkpt lat="34.3328318539153" lon="109.03862865656166">
        <ele>389.68201208207756</ele>
        <time>2022-04-07T11:42:03Z</time>
      </trkpt>
      <trkpt lat="34.33250703621837" lon="109.0391751305456">
        <ele>389.68586363457143</ele>
        <time>2022-04-07T11:42:09Z</time>
      </trkpt>
      <trkpt lat="34.33219470368038" lon="109.03973649124599">
        <ele>390.07483940571547</ele>
        <time>2022-04-07T11:42:15Z</time>
      </trkpt>
      <trkpt lat="34.331888513129044" lon="109.04029860345679">
        <ele>391.3132985616103</ele>
        <time>2022-04-07T11:42:21Z</time>
      </trkpt>
      <trkpt lat="34.331565725496" lon="109.04084255555385">
        <ele>390.0394684318453</ele>
        <time>2022-04-07T11:42:27Z</time>
      </trkpt>
      <trkpt lat="34.331289315692786" lon="109.04130794330128">
        <ele>389.7967850547284</ele>
        <time>2022-04-07T11:42:32Z</time>
      </trkpt>
      <trkpt lat="34.331033702698086" lon="109.04190511879112">
        <ele>390.0352798458189</ele>
        <time>2022-04-07T11:42:38Z</time>
      </trkpt>
      <trkpt lat="34.33072533564239" lon="109.04245183573097">
        <ele>389.56770134344697</ele>
        <time>2022-04-07T11:42:44Z</time>
      </trkpt>
      <trkpt lat="34.330414938975665" lon="109.04298501360589">
        <ele>389.8237304100767</ele>
        <time>2022-04-07T11:42:50Z</time>
      </trkpt>
      <trkpt lat="34.33009903178547" lon="109.04355559417893">
        <ele>390.28572767879814</ele>
        <time>2022-04-07T11:42:56Z</time>
      </trkpt>
      <trkpt lat="34.32978553970894" lon="109.04412977563732">
        <ele>391.4129655053839</ele>
        <time>2022-04-07T11:43:02Z</time>
      </trkpt>
      <trkpt lat="34.32947187904141" lon="109.04467254241321">
        <ele>388.34547801408917</ele>
        <time>2022-04-07T11:43:08Z</time>
      </trkpt>
      <trkpt lat="34.3291608053517" lon="109.04519860348383">
        <ele>386.4497635383159</ele>
        <time>2022-04-07T11:43:14Z</time>
      </trkpt>
      <trkpt lat="34.328980185835164" lon="109.04551471723167">
        <ele>389.0805829204619</ele>
        <time>2022-04-07T11:43:18Z</time>
      </trkpt>
      <trkpt lat="34.329116997566175" lon="109.04567345365973">
        <ele>390.6161294709891</ele>
        <time>2022-04-07T11:43:22Z</time>
      </trkpt>
      <trkpt lat="34.32919973144462" lon="109.0454538918588">
        <ele>391.84481397643685</ele>
        <time>2022-04-07T11:43:26Z</time>
      </trkpt>
      <trkpt lat="34.32929343306811" lon="109.04531409350261">
        <ele>392.3994274698198</ele>
        <time>2022-04-07T11:43:28Z</time>
      </trkpt>
      <trkpt lat="34.32937771610712" lon="109.04514844920755">
        <ele>392.35879749991</ele>
        <time>2022-04-07T11:43:30Z</time>
      </trkpt>
      <trkpt lat="34.32947665138841" lon="109.04500215752438">
        <ele>391.7694621505216</ele>
        <time>2022-04-07T11:43:32Z</time>
      </trkpt>
      <trkpt lat="34.329780875228046" lon="109.04445253984309">
        <ele>387.5461335480213</ele>
        <time>2022-04-07T11:43:38Z</time>
      </trkpt>
      <trkpt lat="34.32989887247223" lon="109.0442782758452">
        <ele>388.065181418322</ele>
        <time>2022-04-07T11:43:40Z</time>
      </trkpt>
      <trkpt lat="34.330222878386614" lon="109.04370943980175">
        <ele>389.68286779522896</ele>
        <time>2022-04-07T11:43:46Z</time>
      </trkpt>
      <trkpt lat="34.33055706572074" lon="109.0431383613439">
        <ele>389.522631614469</ele>
        <time>2022-04-07T11:43:52Z</time>
      </trkpt>
      <trkpt lat="34.33088158543959" lon="109.0425588105335">
        <ele>390.1478947214782</ele>
        <time>2022-04-07T11:43:58Z</time>
      </trkpt>
      <trkpt lat="34.33120265332658" lon="109.04198499726324">
        <ele>390.44387709349394</ele>
        <time>2022-04-07T11:44:04Z</time>
      </trkpt>
      <trkpt lat="34.331511824571265" lon="109.04144885447653">
        <ele>390.2197621995583</ele>
        <time>2022-04-07T11:44:10Z</time>
      </trkpt>
      <trkpt lat="34.33183568320329" lon="109.04091379198472">
        <ele>390.1412822753191</ele>
        <time>2022-04-07T11:44:16Z</time>
      </trkpt>
      <trkpt lat="34.332151903862226" lon="109.04034363482785">
        <ele>390.41490628104657</ele>
        <time>2022-04-07T11:44:22Z</time>
      </trkpt>
      <trkpt lat="34.33247018404037" lon="109.03976309359746">
        <ele>389.7000416200608</ele>
        <time>2022-04-07T11:44:28Z</time>
      </trkpt>
      <trkpt lat="34.33279734383696" lon="109.03917359810451">
        <ele>389.44204086251557</ele>
        <time>2022-04-07T11:44:34Z</time>
      </trkpt>
      <trkpt lat="34.33312105766131" lon="109.03857889915265">
        <ele>389.12433376163244</ele>
        <time>2022-04-07T11:44:40Z</time>
      </trkpt>
      <trkpt lat="34.3334656442643" lon="109.03800944865944">
        <ele>389.27913880348206</ele>
        <time>2022-04-07T11:44:46Z</time>
      </trkpt>
      <trkpt lat="34.333781263138306" lon="109.03740671870004">
        <ele>389.29785147309303</ele>
        <time>2022-04-07T11:44:52Z</time>
      </trkpt>
      <trkpt lat="34.33412351770406" lon="109.03682036184635">
        <ele>388.30175495985895</ele>
        <time>2022-04-07T11:44:58Z</time>
      </trkpt>
      <trkpt lat="34.33436605530405" lon="109.03644505277711">
        <ele>387.7242797408253</ele>
        <time>2022-04-07T11:45:02Z</time>
      </trkpt>
      <trkpt lat="34.334691348317975" lon="109.03584854391605">
        <ele>386.9606907516718</ele>
        <time>2022-04-07T11:45:08Z</time>
      </trkpt>
      <trkpt lat="34.33502078189296" lon="109.03523540164092">
        <ele>388.54652899038047</ele>
        <time>2022-04-07T11:45:14Z</time>
      </trkpt>
      <trkpt lat="34.33528852818904" lon="109.03478105451023">
        <ele>389.42576132621616</ele>
        <time>2022-04-07T11:45:18Z</time>
      </trkpt>
      <trkpt lat="34.33554751526098" lon="109.03434970243735">
        <ele>388.5715533019975</ele>
        <time>2022-04-07T11:45:22Z</time>
      </trkpt>
      <trkpt lat="34.33580374021996" lon="109.03389749079471">
        <ele>388.4536140356213</ele>
        <time>2022-04-07T11:45:26Z</time>
      </trkpt>
      <trkpt lat="34.33606391212569" lon="109.03344608331085">
        <ele>388.1463011633605</ele>
        <time>2022-04-07T11:45:30Z</time>
      </trkpt>
      <trkpt lat="34.33632696952455" lon="109.03298811184922">
        <ele>387.8606428373605</ele>
        <time>2022-04-07T11:45:34Z</time>
      </trkpt>
      <trkpt lat="34.33658098664371" lon="109.03252976180833">
        <ele>387.893245048821</ele>
        <time>2022-04-07T11:45:38Z</time>
      </trkpt>
      <trkpt lat="34.33683559648419" lon="109.03208563794779">
        <ele>386.6946121957153</ele>
        <time>2022-04-07T11:45:42Z</time>
      </trkpt>
      <trkpt lat="34.337086460853925" lon="109.03163230850937">
        <ele>387.70234713424</ele>
        <time>2022-04-07T11:45:46Z</time>
      </trkpt>
      <trkpt lat="34.33733877097722" lon="109.03119130799361">
        <ele>388.03965316712856</ele>
        <time>2022-04-07T11:45:50Z</time>
      </trkpt>
      <trkpt lat="34.337591322872754" lon="109.03074960767063">
        <ele>386.5009529357776</ele>
        <time>2022-04-07T11:45:54Z</time>
      </trkpt>
      <trkpt lat="34.33793843074325" lon="109.03011947316331">
        <ele>386.82644241210073</ele>
        <time>2022-04-07T11:46:00Z</time>
      </trkpt>
      <trkpt lat="34.338285988438926" lon="109.02952160781034">
        <ele>387.5488251084462</ele>
        <time>2022-04-07T11:46:06Z</time>
      </trkpt>
      <trkpt lat="34.33862063019647" lon="109.02892509034817">
        <ele>387.5894798161462</ele>
        <time>2022-04-07T11:46:12Z</time>
      </trkpt>
      <trkpt lat="34.33882335879263" lon="109.0285052316567">
        <ele>388.0655321031809</ele>
        <time>2022-04-07T11:46:16Z</time>
      </trkpt>
      <trkpt lat="34.33900312058945" lon="109.02807636594883">
        <ele>387.3939152676612</ele>
        <time>2022-04-07T11:46:20Z</time>
      </trkpt>
      <trkpt lat="34.339108084564515" lon="109.02787000018571">
        <ele>387.38842473365366</ele>
        <time>2022-04-07T11:46:22Z</time>
      </trkpt>
      <trkpt lat="34.33947049669918" lon="109.02730767935921">
        <ele>385.71776099689305</ele>
        <time>2022-04-07T11:46:28Z</time>
      </trkpt>
      <trkpt lat="34.339863473185524" lon="109.02676538748386">
        <ele>385.96462565101683</ele>
        <time>2022-04-07T11:46:34Z</time>
      </trkpt>
      <trkpt lat="34.34025602097766" lon="109.02621505318798">
        <ele>385.8976707570255</ele>
        <time>2022-04-07T11:46:40Z</time>
      </trkpt>
      <trkpt lat="34.340649721486386" lon="109.02564748435144">
        <ele>385.3297185525298</ele>
        <time>2022-04-07T11:46:46Z</time>
      </trkpt>
      <trkpt lat="34.34103821062678" lon="109.02508982326452">
        <ele>385.7510405294597</ele>
        <time>2022-04-07T11:46:52Z</time>
      </trkpt>
      <trkpt lat="34.34138426592954" lon="109.02459455054607">
        <ele>385.9944009548053</ele>
        <time>2022-04-07T11:46:58Z</time>
      </trkpt>
      <trkpt lat="34.34149978979528" lon="109.02445451277089">
        <ele>386.2889719605446</ele>
        <time>2022-04-07T11:47:00Z</time>
      </trkpt>
      <trkpt lat="34.34158999305223" lon="109.02430713398752">
        <ele>385.7351466920227</ele>
        <time>2022-04-07T11:47:02Z</time>
      </trkpt>
      <trkpt lat="34.34155047049539" lon="109.02416346173544">
        <ele>385.7812836635858</ele>
        <time>2022-04-07T11:47:04Z</time>
      </trkpt>
      <trkpt lat="34.34143768841833" lon="109.02417179956734">
        <ele>385.5783328358084</ele>
        <time>2022-04-07T11:47:06Z</time>
      </trkpt>
      <trkpt lat="34.341340226793065" lon="109.02430768906639">
        <ele>385.92987935990095</ele>
        <time>2022-04-07T11:47:08Z</time>
      </trkpt>
      <trkpt lat="34.34129791616624" lon="109.02449515437938">
        <ele>385.93570998031646</ele>
        <time>2022-04-07T11:47:10Z</time>
      </trkpt>
      <trkpt lat="34.341172038295085" lon="109.02460759275075">
        <ele>386.44976694043726</ele>
        <time>2022-04-07T11:47:12Z</time>
      </trkpt>
      <trkpt lat="34.340846707422735" lon="109.02509918014059">
        <ele>385.2192796980962</ele>
        <time>2022-04-07T11:47:18Z</time>
      </trkpt>
      <trkpt lat="34.34050026178238" lon="109.02555694779238">
        <ele>385.50405754707754</ele>
        <time>2022-04-07T11:47:24Z</time>
      </trkpt>
      <trkpt lat="34.34016258465742" lon="109.02605052989118">
        <ele>385.7013962576166</ele>
        <time>2022-04-07T11:47:30Z</time>
      </trkpt>
      <trkpt lat="34.33981998875792" lon="109.02653761972414">
        <ele>386.58197214547545</ele>
        <time>2022-04-07T11:47:36Z</time>
      </trkpt>
      <trkpt lat="34.339482263507755" lon="109.02702313513633">
        <ele>386.36207559891045</ele>
        <time>2022-04-07T11:47:42Z</time>
      </trkpt>
      <trkpt lat="34.33915010660881" lon="109.02752696701306">
        <ele>386.3693566452712</ele>
        <time>2022-04-07T11:47:48Z</time>
      </trkpt>
      <trkpt lat="34.33882325925296" lon="109.02806841892934">
        <ele>386.32738706376404</ele>
        <time>2022-04-07T11:47:54Z</time>
      </trkpt>
      <trkpt lat="34.33850006734845" lon="109.02863001764102">
        <ele>387.84109087474644</ele>
        <time>2022-04-07T11:48:00Z</time>
      </trkpt>
      <trkpt lat="34.33818781925614" lon="109.02920552449935">
        <ele>387.7361109862104</ele>
        <time>2022-04-07T11:48:06Z</time>
      </trkpt>
      <trkpt lat="34.33798421356495" lon="109.02959267547185">
        <ele>387.19744895678014</ele>
        <time>2022-04-07T11:48:10Z</time>
      </trkpt>
      <trkpt lat="34.33786155372557" lon="109.0297661338063">
        <ele>387.02012256812304</ele>
        <time>2022-04-07T11:48:12Z</time>
      </trkpt>
      <trkpt lat="34.33753153490603" lon="109.03034756385534">
        <ele>387.29442160669714</ele>
        <time>2022-04-07T11:48:18Z</time>
      </trkpt>
      <trkpt lat="34.337200457834506" lon="109.030918020604">
        <ele>387.4550585914403</ele>
        <time>2022-04-07T11:48:24Z</time>
      </trkpt>
      <trkpt lat="34.33710897421073" lon="109.03111896418031">
        <ele>387.5601337691769</ele>
        <time>2022-04-07T11:48:26Z</time>
      </trkpt>
      <trkpt lat="34.336887873521995" lon="109.03148413441826">
        <ele>388.14500570110977</ele>
        <time>2022-04-07T11:48:30Z</time>
      </trkpt>
      <trkpt lat="34.336792504963555" lon="109.03168679530681">
        <ele>388.28255601320416</ele>
        <time>2022-04-07T11:48:32Z</time>
      </trkpt>
      <trkpt lat="34.33666690106158" lon="109.03186771205456">
        <ele>388.1390302106738</ele>
        <time>2022-04-07T11:48:34Z</time>
      </trkpt>
      <trkpt lat="34.33633878566872" lon="109.03242640300775">
        <ele>387.8932457342744</ele>
        <time>2022-04-07T11:48:40Z</time>
      </trkpt>
      <trkpt lat="34.33601860923405" lon="109.03298874928859">
        <ele>387.8360031088814</ele>
        <time>2022-04-07T11:48:46Z</time>
      </trkpt>
      <trkpt lat="34.33570487810462" lon="109.03355168346054">
        <ele>387.881976169534</ele>
        <time>2022-04-07T11:48:52Z</time>
      </trkpt>
      <trkpt lat="34.33537480322083" lon="109.03411490619285">
        <ele>388.07050505746156</ele>
        <time>2022-04-07T11:48:58Z</time>
      </trkpt>
      <trkpt lat="34.33505885629672" lon="109.03468200367416">
        <ele>388.18350848089904</ele>
        <time>2022-04-07T11:49:04Z</time>
      </trkpt>
      <trkpt lat="34.334731869212604" lon="109.0352480013663">
        <ele>388.541376022622</ele>
        <time>2022-04-07T11:49:10Z</time>
      </trkpt>
      <trkpt lat="34.33441281784217" lon="109.03580106569305">
        <ele>388.06314469501376</ele>
        <time>2022-04-07T11:49:16Z</time>
      </trkpt>
      <trkpt lat="34.33408302283282" lon="109.03637207680579">
        <ele>388.1268123742193</ele>
        <time>2022-04-07T11:49:22Z</time>
      </trkpt>
      <trkpt lat="34.333776255345704" lon="109.03694729157344">
        <ele>388.50365945417434</ele>
        <time>2022-04-07T11:49:28Z</time>
      </trkpt>
      <trkpt lat="34.333479485610816" lon="109.03752165725636">
        <ele>389.4527064226568</ele>
        <time>2022-04-07T11:49:34Z</time>
      </trkpt>
      <trkpt lat="34.333167556895134" lon="109.03808259290979">
        <ele>390.06821992155164</ele>
        <time>2022-04-07T11:49:40Z</time>
      </trkpt>
      <trkpt lat="34.332843221996114" lon="109.03861720724639">
        <ele>389.9856460969895</ele>
        <time>2022-04-07T11:49:46Z</time>
      </trkpt>
      <trkpt lat="34.332527146327536" lon="109.03915524614564">
        <ele>390.10811611264944</ele>
        <time>2022-04-07T11:49:52Z</time>
      </trkpt>
      <trkpt lat="34.33233035765997" lon="109.03952307317483">
        <ele>390.3095772527158</ele>
        <time>2022-04-07T11:49:56Z</time>
      </trkpt>
      <trkpt lat="34.33211355658923" lon="109.03987587733197">
        <ele>390.80279563646764</ele>
        <time>2022-04-07T11:50:00Z</time>
      </trkpt>
      <trkpt lat="34.331810724859444" lon="109.0404406085039">
        <ele>390.54881334491074</ele>
        <time>2022-04-07T11:50:06Z</time>
      </trkpt>
      <trkpt lat="34.33150590811036" lon="109.04098802833377">
        <ele>389.3776734014973</ele>
        <time>2022-04-07T11:50:12Z</time>
      </trkpt>
      <trkpt lat="34.33129993401599" lon="109.04136456754132">
        <ele>388.94622628670186</ele>
        <time>2022-04-07T11:50:16Z</time>
      </trkpt>
      <trkpt lat="34.33114861301216" lon="109.04175900967111">
        <ele>389.61329083517194</ele>
        <time>2022-04-07T11:50:20Z</time>
      </trkpt>
      <trkpt lat="34.33100373624265" lon="109.04190361595047">
        <ele>389.1826655426994</ele>
        <time>2022-04-07T11:50:22Z</time>
      </trkpt>
      <trkpt lat="34.33079480721999" lon="109.0422736598266">
        <ele>389.45641762483865</ele>
        <time>2022-04-07T11:50:26Z</time>
      </trkpt>
      <trkpt lat="34.330486531041444" lon="109.04281813782941">
        <ele>389.9706593453884</ele>
        <time>2022-04-07T11:50:32Z</time>
      </trkpt>
      <trkpt lat="34.33038238945177" lon="109.04299922195692">
        <ele>389.7852346058935</ele>
        <time>2022-04-07T11:50:34Z</time>
      </trkpt>
      <trkpt lat="34.33027666568606" lon="109.04318304726583">
        <ele>389.6688587963581</ele>
        <time>2022-04-07T11:50:36Z</time>
      </trkpt>
      <trkpt lat="34.329967884153525" lon="109.04371981256575">
        <ele>390.2101539215073</ele>
        <time>2022-04-07T11:50:42Z</time>
      </trkpt>
      <trkpt lat="34.32987592532143" lon="109.04390537024591">
        <ele>389.9578685555607</ele>
        <time>2022-04-07T11:50:44Z</time>
      </trkpt>
      <trkpt lat="34.329550832038784" lon="109.04445068237932">
        <ele>389.8480473952368</ele>
        <time>2022-04-07T11:50:50Z</time>
      </trkpt>
      <trkpt lat="34.32923498218258" lon="109.0449987645768">
        <ele>385.4983541574329</ele>
        <time>2022-04-07T11:50:56Z</time>
      </trkpt>
      <trkpt lat="34.32893479899638" lon="109.04552170306238">
        <ele>388.82639253046364</ele>
        <time>2022-04-07T11:51:02Z</time>
      </trkpt>
      <trkpt lat="34.32869039864776" lon="109.04587167160915">
        <ele>392.20969991758466</ele>
        <time>2022-04-07T11:51:06Z</time>
      </trkpt>
      <trkpt lat="34.32910888527394" lon="109.04570848793779">
        <ele>390.365440512076</ele>
        <time>2022-04-07T11:51:08Z</time>
      </trkpt>
      <trkpt lat="34.32916298580489" lon="109.04552671488739">
        <ele>391.3060734542087</ele>
        <time>2022-04-07T11:51:10Z</time>
      </trkpt>
      <trkpt lat="34.32939989369858" lon="109.04505128175363">
        <ele>391.0179929183796</ele>
        <time>2022-04-07T11:51:16Z</time>
      </trkpt>
      <trkpt lat="34.32972567126502" lon="109.0445238115571">
        <ele>386.8574005039409</ele>
        <time>2022-04-07T11:51:22Z</time>
      </trkpt>
      <trkpt lat="34.33003915280266" lon="109.04396851897694">
        <ele>389.3262093914673</ele>
        <time>2022-04-07T11:51:28Z</time>
      </trkpt>
      <trkpt lat="34.33038266354503" lon="109.04338236162035">
        <ele>389.3543786164373</ele>
        <time>2022-04-07T11:51:34Z</time>
      </trkpt>
      <trkpt lat="34.3307383374554" lon="109.04276937802734">
        <ele>388.98669233638793</ele>
        <time>2022-04-07T11:51:40Z</time>
      </trkpt>
      <trkpt lat="34.33108510019457" lon="109.04215158999891">
        <ele>390.09189994540066</ele>
        <time>2022-04-07T11:51:46Z</time>
      </trkpt>
      <trkpt lat="34.33144026946891" lon="109.04155242176896">
        <ele>389.6252947282046</ele>
        <time>2022-04-07T11:51:52Z</time>
      </trkpt>
      <trkpt lat="34.33178629211629" lon="109.04095663146357">
        <ele>389.848065726459</ele>
        <time>2022-04-07T11:51:58Z</time>
      </trkpt>
      <trkpt lat="34.332125218637316" lon="109.04035935500106">
        <ele>389.8744676364586</ele>
        <time>2022-04-07T11:52:04Z</time>
      </trkpt>
      <trkpt lat="34.332242688908124" lon="109.0401707907868">
        <ele>389.6609501373023</ele>
        <time>2022-04-07T11:52:06Z</time>
      </trkpt>
      <trkpt lat="34.332331529921646" lon="109.0399481504962">
        <ele>390.1457861857489</ele>
        <time>2022-04-07T11:52:08Z</time>
      </trkpt>
      <trkpt lat="34.33256477204984" lon="109.03953998341962">
        <ele>389.81755530275404</ele>
        <time>2022-04-07T11:52:12Z</time>
      </trkpt>
      <trkpt lat="34.33291690469223" lon="109.03895111119398">
        <ele>389.6763883428648</ele>
        <time>2022-04-07T11:52:18Z</time>
      </trkpt>
      <trkpt lat="34.333265411359896" lon="109.03833362903646">
        <ele>388.8663832405582</ele>
        <time>2022-04-07T11:52:24Z</time>
      </trkpt>
      <trkpt lat="34.3336018787874" lon="109.03772240787133">
        <ele>389.4673169590533</ele>
        <time>2022-04-07T11:52:30Z</time>
      </trkpt>
      <trkpt lat="34.33394880138905" lon="109.0371347969359">
        <ele>388.02032669633627</ele>
        <time>2022-04-07T11:52:36Z</time>
      </trkpt>
      <trkpt lat="34.33428037988256" lon="109.03652234715585">
        <ele>389.41568837314844</ele>
        <time>2022-04-07T11:52:42Z</time>
      </trkpt>
      <trkpt lat="34.33462103260626" lon="109.03593677587493">
        <ele>388.0987396761775</ele>
        <time>2022-04-07T11:52:48Z</time>
      </trkpt>
      <trkpt lat="34.33495477465667" lon="109.03534122351518">
        <ele>389.55665092822164</ele>
        <time>2022-04-07T11:52:54Z</time>
      </trkpt>
      <trkpt lat="34.33529318094286" lon="109.03475746804257">
        <ele>388.07292415294796</ele>
        <time>2022-04-07T11:53:00Z</time>
      </trkpt>
      <trkpt lat="34.33561782159644" lon="109.03415408881173">
        <ele>388.0838706549257</ele>
        <time>2022-04-07T11:53:06Z</time>
      </trkpt>
      <trkpt lat="34.33595182974943" lon="109.0335673689628">
        <ele>388.2580117434263</ele>
        <time>2022-04-07T11:53:12Z</time>
      </trkpt>
      <trkpt lat="34.33628914750442" lon="109.03298556160766">
        <ele>386.99311502370983</ele>
        <time>2022-04-07T11:53:18Z</time>
      </trkpt>
      <trkpt lat="34.33662958465946" lon="109.03238450537302">
        <ele>386.78009600099176</ele>
        <time>2022-04-07T11:53:24Z</time>
      </trkpt>
      <trkpt lat="34.33696778474152" lon="109.03178082107614">
        <ele>387.55158128682524</ele>
        <time>2022-04-07T11:53:30Z</time>
      </trkpt>
      <trkpt lat="34.3373201270414" lon="109.03116361296438">
        <ele>387.44105528946966</ele>
        <time>2022-04-07T11:53:36Z</time>
      </trkpt>
      <trkpt lat="34.33765292515361" lon="109.03055504670031">
        <ele>387.1938453530893</ele>
        <time>2022-04-07T11:53:42Z</time>
      </trkpt>
      <trkpt lat="34.33799754837464" lon="109.02995622308597">
        <ele>386.96265996526927</ele>
        <time>2022-04-07T11:53:48Z</time>
      </trkpt>
      <trkpt lat="34.33834226286235" lon="109.02936566691952">
        <ele>387.20377023424953</ele>
        <time>2022-04-07T11:53:54Z</time>
      </trkpt>
      <trkpt lat="34.33867088169513" lon="109.02874947871332">
        <ele>388.50432597193867</ele>
        <time>2022-04-07T11:54:00Z</time>
      </trkpt>
      <trkpt lat="34.338974015791784" lon="109.02814732466162">
        <ele>387.3208266198635</ele>
        <time>2022-04-07T11:54:06Z</time>
      </trkpt>
      <trkpt lat="34.33917748275441" lon="109.02774360763813">
        <ele>386.6551577281207</ele>
        <time>2022-04-07T11:54:10Z</time>
      </trkpt>
      <trkpt lat="34.339550421082436" lon="109.02721202355869">
        <ele>386.5674851136282</ele>
        <time>2022-04-07T11:54:16Z</time>
      </trkpt>
      <trkpt lat="34.33992659679398" lon="109.0266613537962">
        <ele>386.09830456320196</ele>
        <time>2022-04-07T11:54:22Z</time>
      </trkpt>
      <trkpt lat="34.34031219898252" lon="109.02610298103737">
        <ele>385.8894731560722</ele>
        <time>2022-04-07T11:54:28Z</time>
      </trkpt>
      <trkpt lat="34.3406757355043" lon="109.02558217429531">
        <ele>384.9794791471213</ele>
        <time>2022-04-07T11:54:34Z</time>
      </trkpt>
      <trkpt lat="34.34104660220926" lon="109.02505997565368">
        <ele>385.45062771625817</ele>
        <time>2022-04-07T11:54:40Z</time>
      </trkpt>
      <trkpt lat="34.34139924128427" lon="109.02458575140815">
        <ele>385.5407996037975</ele>
        <time>2022-04-07T11:54:46Z</time>
      </trkpt>
      <trkpt lat="34.34158602853083" lon="109.0243027510121">
        <ele>385.23022650089115</ele>
        <time>2022-04-07T11:54:50Z</time>
      </trkpt>
      <trkpt lat="34.34155790232857" lon="109.02415321071929">
        <ele>384.83364458195865</ele>
        <time>2022-04-07T11:54:52Z</time>
      </trkpt>
      <trkpt lat="34.341432594161134" lon="109.02415069047623">
        <ele>385.08891987707466</ele>
        <time>2022-04-07T11:54:54Z</time>
      </trkpt>
      <trkpt lat="34.34134124438809" lon="109.02430477754926">
        <ele>385.4712814902887</ele>
        <time>2022-04-07T11:54:56Z</time>
      </trkpt>
      <trkpt lat="34.341311459990806" lon="109.02447723725824">
        <ele>385.45666407514364</ele>
        <time>2022-04-07T11:54:58Z</time>
      </trkpt>
      <trkpt lat="34.34110212932536" lon="109.02472511587352">
        <ele>386.2314390959218</ele>
        <time>2022-04-07T11:55:02Z</time>
      </trkpt>
      <trkpt lat="34.34078981904506" lon="109.02522473790138">
        <ele>385.52976436913013</ele>
        <time>2022-04-07T11:55:08Z</time>
      </trkpt>
      <trkpt lat="34.340704842591784" lon="109.02533393690406">
        <ele>385.2091459771618</ele>
        <time>2022-04-07T11:55:10Z</time>
      </trkpt>
      <trkpt lat="34.340565088695996" lon="109.02555923567198">
        <ele>386.03407020214945</ele>
        <time>2022-04-07T11:55:12Z</time>
      </trkpt>
      <trkpt lat="34.34021042682777" lon="109.02604596372134">
        <ele>386.0412439852953</ele>
        <time>2022-04-07T11:55:18Z</time>
      </trkpt>
      <trkpt lat="34.33984094306111" lon="109.02652161076783">
        <ele>386.12235963437706</ele>
        <time>2022-04-07T11:55:24Z</time>
      </trkpt>
      <trkpt lat="34.33948896591063" lon="109.02702327635552">
        <ele>386.5296431723982</ele>
        <time>2022-04-07T11:55:30Z</time>
      </trkpt>
      <trkpt lat="34.339135850657094" lon="109.02753110898502">
        <ele>386.91191019304097</ele>
        <time>2022-04-07T11:55:36Z</time>
      </trkpt>
      <trkpt lat="34.338814252511426" lon="109.02807489716834">
        <ele>385.8437457345426</ele>
        <time>2022-04-07T11:55:42Z</time>
      </trkpt>
      <trkpt lat="34.33848683972189" lon="109.0286318307467">
        <ele>388.42628524731845</ele>
        <time>2022-04-07T11:55:48Z</time>
      </trkpt>
      <trkpt lat="34.33818509088422" lon="109.02920158505538">
        <ele>387.19630127213895</ele>
        <time>2022-04-07T11:55:54Z</time>
      </trkpt>
      <trkpt lat="34.3378548888351" lon="109.02976429781836">
        <ele>387.0803900025785</ele>
        <time>2022-04-07T11:56:00Z</time>
      </trkpt>
      <trkpt lat="34.337741488331396" lon="109.02994941833688">
        <ele>386.41390021983534</ele>
        <time>2022-04-07T11:56:02Z</time>
      </trkpt>
      <trkpt lat="34.33741778327605" lon="109.03054358401305">
        <ele>387.66050191782415</ele>
        <time>2022-04-07T11:56:08Z</time>
      </trkpt>
      <trkpt lat="34.33710271375299" lon="109.0311355332257">
        <ele>387.2636488871649</ele>
        <time>2022-04-07T11:56:14Z</time>
      </trkpt>
      <trkpt lat="34.33698322821301" lon="109.03131211490243">
        <ele>387.65129393618554</ele>
        <time>2022-04-07T11:56:16Z</time>
      </trkpt>
      <trkpt lat="34.336662477008915" lon="109.03189495599203">
        <ele>387.6962870946154</ele>
        <time>2022-04-07T11:56:22Z</time>
      </trkpt>
      <trkpt lat="34.33633481757513" lon="109.03246960872744">
        <ele>387.9647692311555</ele>
        <time>2022-04-07T11:56:28Z</time>
      </trkpt>
      <trkpt lat="34.336007269900094" lon="109.0330561093015">
        <ele>388.49726902507246</ele>
        <time>2022-04-07T11:56:34Z</time>
      </trkpt>
      <trkpt lat="34.33567987007672" lon="109.03363348172154">
        <ele>388.20678307581693</ele>
        <time>2022-04-07T11:56:40Z</time>
      </trkpt>
      <trkpt lat="34.33534174435308" lon="109.03421514165682">
        <ele>387.62247084919363</ele>
        <time>2022-04-07T11:56:46Z</time>
      </trkpt>
      <trkpt lat="34.335018731876225" lon="109.03480868799892">
        <ele>388.4199107270688</ele>
        <time>2022-04-07T11:56:52Z</time>
      </trkpt>
      <trkpt lat="34.33467586591983" lon="109.03538027663092">
        <ele>387.96522391214967</ele>
        <time>2022-04-07T11:56:58Z</time>
      </trkpt>
      <trkpt lat="34.33433380118468" lon="109.03595461984901">
        <ele>388.5279892347753</ele>
        <time>2022-04-07T11:57:04Z</time>
      </trkpt>
      <trkpt lat="34.3340107383995" lon="109.03655237207192">
        <ele>388.53894498664886</ele>
        <time>2022-04-07T11:57:10Z</time>
      </trkpt>
      <trkpt lat="34.333698897536934" lon="109.03715747571067">
        <ele>388.3002548897639</ele>
        <time>2022-04-07T11:57:16Z</time>
      </trkpt>
      <trkpt lat="34.33337099910105" lon="109.03773769684094">
        <ele>388.7778632007539</ele>
        <time>2022-04-07T11:57:22Z</time>
      </trkpt>
      <trkpt lat="34.33314786272705" lon="109.03813983096467">
        <ele>391.09834967181087</ele>
        <time>2022-04-07T11:57:26Z</time>
      </trkpt>
      <trkpt lat="34.33280179594929" lon="109.03870504685764">
        <ele>389.72462804988027</ele>
        <time>2022-04-07T11:57:32Z</time>
      </trkpt>
      <trkpt lat="34.33247006173418" lon="109.03927896499668">
        <ele>389.3471341924742</ele>
        <time>2022-04-07T11:57:38Z</time>
      </trkpt>
      <trkpt lat="34.33214809381598" lon="109.03988140998942">
        <ele>390.9844858907163</ele>
        <time>2022-04-07T11:57:44Z</time>
      </trkpt>
      <trkpt lat="34.331929269018346" lon="109.04026616277874">
        <ele>392.20002668816596</ele>
        <time>2022-04-07T11:57:48Z</time>
      </trkpt>
      <trkpt lat="34.331591023583094" lon="109.04082353739885">
        <ele>389.71697398554534</ele>
        <time>2022-04-07T11:57:54Z</time>
      </trkpt>
      <trkpt lat="34.33126578697801" lon="109.04139937890021">
        <ele>390.3354262365028</ele>
        <time>2022-04-07T11:58:00Z</time>
      </trkpt>
      <trkpt lat="34.33114976945376" lon="109.0415907085356">
        <ele>390.5765079148114</ele>
        <time>2022-04-07T11:58:02Z</time>
      </trkpt>
      <trkpt lat="34.3309876146526" lon="109.042012376825">
        <ele>390.1701601985842</ele>
        <time>2022-04-07T11:58:06Z</time>
      </trkpt>
      <trkpt lat="34.33066833202141" lon="109.04257852997193">
        <ele>389.7174678342417</ele>
        <time>2022-04-07T11:58:12Z</time>
      </trkpt>
      <trkpt lat="34.33033829477232" lon="109.04315653611798">
        <ele>389.6361449388787</ele>
        <time>2022-04-07T11:58:18Z</time>
      </trkpt>
      <trkpt lat="34.32999294201751" lon="109.043730802914">
        <ele>390.7038113819435</ele>
        <time>2022-04-07T11:58:24Z</time>
      </trkpt>
      <trkpt lat="34.32966667201545" lon="109.04429936367934">
        <ele>391.1884705526754</ele>
        <time>2022-04-07T11:58:30Z</time>
      </trkpt>
      <trkpt lat="34.329336713771205" lon="109.04486044679683">
        <ele>386.18802501261234</ele>
        <time>2022-04-07T11:58:36Z</time>
      </trkpt>
      <trkpt lat="34.329134642145966" lon="109.04524218419192">
        <ele>387.24862885661423</ele>
        <time>2022-04-07T11:58:40Z</time>
      </trkpt>
      <trkpt lat="34.32894509387632" lon="109.04556928455861">
        <ele>390.48828276619315</ele>
        <time>2022-04-07T11:58:44Z</time>
      </trkpt>
      <trkpt lat="34.32896806068903" lon="109.04572318197337">
        <ele>390.80364590138197</ele>
        <time>2022-04-07T11:58:46Z</time>
      </trkpt>
      <trkpt lat="34.329086579302135" lon="109.04571888904275">
        <ele>391.2591378791258</ele>
        <time>2022-04-07T11:58:48Z</time>
      </trkpt>
      <trkpt lat="34.32916405691369" lon="109.04559990820573">
        <ele>391.84349147509784</ele>
        <time>2022-04-07T11:58:50Z</time>
      </trkpt>
      <trkpt lat="34.32921482525682" lon="109.04545013342745">
        <ele>392.5130680864677</ele>
        <time>2022-04-07T11:58:52Z</time>
      </trkpt>
      <trkpt lat="34.329448580859676" lon="109.04499868600483">
        <ele>391.3660472277552</ele>
        <time>2022-04-07T11:58:58Z</time>
      </trkpt>
      <trkpt lat="34.32973312248984" lon="109.0445102619612">
        <ele>387.11949661560357</ele>
        <time>2022-04-07T11:59:04Z</time>
      </trkpt>
      <trkpt lat="34.3300419485901" lon="109.04399694423843">
        <ele>389.0403032703325</ele>
        <time>2022-04-07T11:59:10Z</time>
      </trkpt>
      <trkpt lat="34.33032563589424" lon="109.04346791471252">
        <ele>389.74746087100357</ele>
        <time>2022-04-07T11:59:16Z</time>
      </trkpt>
      <trkpt lat="34.33063001419709" lon="109.04293030055578">
        <ele>391.199483579956</ele>
        <time>2022-04-07T11:59:22Z</time>
      </trkpt>
      <trkpt lat="34.33094177220184" lon="109.04239433175022">
        <ele>390.1176700051874</ele>
        <time>2022-04-07T11:59:28Z</time>
      </trkpt>
      <trkpt lat="34.331251886310085" lon="109.04184323738637">
        <ele>389.60850668046623</ele>
        <time>2022-04-07T11:59:34Z</time>
      </trkpt>
      <trkpt lat="34.33156103029441" lon="109.04129676817277">
        <ele>389.5741125671193</ele>
        <time>2022-04-07T11:59:40Z</time>
      </trkpt>
      <trkpt lat="34.33187114285602" lon="109.04077175098547">
        <ele>389.896308821626</ele>
        <time>2022-04-07T11:59:46Z</time>
      </trkpt>
      <trkpt lat="34.33218376905997" lon="109.04023237497952">
        <ele>390.3707982711494</ele>
        <time>2022-04-07T11:59:52Z</time>
      </trkpt>
      <trkpt lat="34.33250143067046" lon="109.0396520935834">
        <ele>390.3493105871603</ele>
        <time>2022-04-07T11:59:58Z</time>
      </trkpt>
      <trkpt lat="34.33283325336748" lon="109.03906862231982">
        <ele>389.6016988940537</ele>
        <time>2022-04-07T12:00:04Z</time>
      </trkpt>
      <trkpt lat="34.333173322485436" lon="109.03847944694469">
        <ele>389.2191541744396</ele>
        <time>2022-04-07T12:00:10Z</time>
      </trkpt>
      <trkpt lat="34.33350107341789" lon="109.03790331522393">
        <ele>389.7994476724416</ele>
        <time>2022-04-07T12:00:16Z</time>
      </trkpt>
      <trkpt lat="34.33381258683281" lon="109.03735493770995">
        <ele>388.97938552033156</ele>
        <time>2022-04-07T12:00:22Z</time>
      </trkpt>
      <trkpt lat="34.33413868584839" lon="109.03676920543465">
        <ele>387.7936764974147</ele>
        <time>2022-04-07T12:00:28Z</time>
      </trkpt>
      <trkpt lat="34.334478616078634" lon="109.03619084235719">
        <ele>388.11903455480933</ele>
        <time>2022-04-07T12:00:34Z</time>
      </trkpt>
      <trkpt lat="34.334802443154544" lon="109.03559243417934">
        <ele>388.5829988690093</ele>
        <time>2022-04-07T12:00:40Z</time>
      </trkpt>
      <trkpt lat="34.33512584756467" lon="109.03500856287194">
        <ele>388.2331301011145</ele>
        <time>2022-04-07T12:00:46Z</time>
      </trkpt>
      <trkpt lat="34.33545102571112" lon="109.0344198462778">
        <ele>388.46146661043167</ele>
        <time>2022-04-07T12:00:52Z</time>
      </trkpt>
      <trkpt lat="34.33579093435039" lon="109.03383508253744">
        <ele>388.2884876970202</ele>
        <time>2022-04-07T12:00:58Z</time>
      </trkpt>
      <trkpt lat="34.33613144948144" lon="109.03326258492505">
        <ele>388.147957906127</ele>
        <time>2022-04-07T12:01:04Z</time>
      </trkpt>
      <trkpt lat="34.33645922353074" lon="109.03267223952643">
        <ele>387.715530090034</ele>
        <time>2022-04-07T12:01:10Z</time>
      </trkpt>
      <trkpt lat="34.336789840067155" lon="109.03209086157597">
        <ele>387.4532026844099</ele>
        <time>2022-04-07T12:01:16Z</time>
      </trkpt>
      <trkpt lat="34.33710406335945" lon="109.03150994431357">
        <ele>387.3228280991316</ele>
        <time>2022-04-07T12:01:22Z</time>
      </trkpt>
      <trkpt lat="34.337202065080156" lon="109.03135411817975">
        <ele>386.91459415946156</ele>
        <time>2022-04-07T12:01:24Z</time>
      </trkpt>
      <trkpt lat="34.33727852072075" lon="109.03116605591978">
        <ele>387.46655705571175</ele>
        <time>2022-04-07T12:01:26Z</time>
      </trkpt>
      <trkpt lat="34.3374814975892" lon="109.03081003787588">
        <ele>385.95471004676074</ele>
        <time>2022-04-07T12:01:30Z</time>
      </trkpt>
      <trkpt lat="34.33771363618151" lon="109.03047580270996">
        <ele>386.23194811027497</ele>
        <time>2022-04-07T12:01:34Z</time>
      </trkpt>
      <trkpt lat="34.33803171048061" lon="109.02991009837544">
        <ele>386.57156367599964</ele>
        <time>2022-04-07T12:01:40Z</time>
      </trkpt>
      <trkpt lat="34.338349735353944" lon="109.02937040814122">
        <ele>386.8780939495191</ele>
        <time>2022-04-07T12:01:46Z</time>
      </trkpt>
      <trkpt lat="34.338660681370044" lon="109.02879604942598">
        <ele>387.42935707513243</ele>
        <time>2022-04-07T12:01:52Z</time>
      </trkpt>
      <trkpt lat="34.33876015746522" lon="109.02861974037019">
        <ele>387.3632388142869</ele>
        <time>2022-04-07T12:01:54Z</time>
      </trkpt>
      <trkpt lat="34.33888936475396" lon="109.0284923610171">
        <ele>387.45940372813493</ele>
        <time>2022-04-07T12:01:56Z</time>
      </trkpt>
      <trkpt lat="34.33901028081722" lon="109.02841489776478">
        <ele>387.5993771990761</ele>
        <time>2022-04-07T12:01:58Z</time>
      </trkpt>
      <trkpt lat="34.33906424001304" lon="109.0283354284851">
        <ele>387.5696016708389</ele>
        <time>2022-04-07T12:02:00Z</time>
      </trkpt>
      <trkpt lat="34.3391176027389" lon="109.02799632452151">
        <ele>387.97558937966824</ele>
        <time>2022-04-07T12:02:04Z</time>
      </trkpt>
      <trkpt lat="34.33916318650738" lon="109.02780391379694">
        <ele>386.8471590662375</ele>
        <time>2022-04-07T12:02:06Z</time>
      </trkpt>
      <trkpt lat="34.339444097729384" lon="109.02736435138367">
        <ele>386.4667779421434</ele>
        <time>2022-04-07T12:02:12Z</time>
      </trkpt>
      <trkpt lat="34.3397726123018" lon="109.02690155766304">
        <ele>385.36903417203575</ele>
        <time>2022-04-07T12:02:18Z</time>
      </trkpt>
      <trkpt lat="34.340106534266255" lon="109.02641116422637">
        <ele>385.94009955599904</ele>
        <time>2022-04-07T12:02:24Z</time>
      </trkpt>
      <trkpt lat="34.34046201940899" lon="109.02590619410006">
        <ele>385.02518968470395</ele>
        <time>2022-04-07T12:02:30Z</time>
      </trkpt>
      <trkpt lat="34.34080460501317" lon="109.0254066822533">
        <ele>386.0928123369813</ele>
        <time>2022-04-07T12:02:36Z</time>
      </trkpt>
      <trkpt lat="34.34112829303404" lon="109.02494478755021">
        <ele>386.01946281827986</ele>
        <time>2022-04-07T12:02:42Z</time>
      </trkpt>
      <trkpt lat="34.34143670028612" lon="109.02453783431675">
        <ele>385.9545655976981</ele>
        <time>2022-04-07T12:02:48Z</time>
      </trkpt>
      <trkpt lat="34.34153115307598" lon="109.0244260350762">
        <ele>385.5974459890276</ele>
        <time>2022-04-07T12:02:50Z</time>
      </trkpt>
      <trkpt lat="34.34159888764537" lon="109.0243025201211">
        <ele>385.27107040025294</ele>
        <time>2022-04-07T12:02:52Z</time>
      </trkpt>
      <trkpt lat="34.341528542372174" lon="109.02417274023834">
        <ele>385.6322066532448</ele>
        <time>2022-04-07T12:02:54Z</time>
      </trkpt>
      <trkpt lat="34.34141724656459" lon="109.0242057693794">
        <ele>385.0115473661572</ele>
        <time>2022-04-07T12:02:56Z</time>
      </trkpt>
      <trkpt lat="34.34123443070358" lon="109.02457504244383">
        <ele>385.14395517576486</ele>
        <time>2022-04-07T12:03:01Z</time>
      </trkpt>
      <trkpt lat="34.340911983251075" lon="109.02501595288128">
        <ele>385.54855203069746</ele>
        <time>2022-04-07T12:03:07Z</time>
      </trkpt>
      <trkpt lat="34.340568490545564" lon="109.02549157548187">
        <ele>385.7051079068333</ele>
        <time>2022-04-07T12:03:13Z</time>
      </trkpt>
      <trkpt lat="34.3402463129854" lon="109.02595638949573">
        <ele>385.52318117395043</ele>
        <time>2022-04-07T12:03:19Z</time>
      </trkpt>
      <trkpt lat="34.339918141747916" lon="109.02640930133582">
        <ele>385.4135366640985</ele>
        <time>2022-04-07T12:03:25Z</time>
      </trkpt>
      <trkpt lat="34.339544563544166" lon="109.0269645718578">
        <ele>386.9547732109204</ele>
        <time>2022-04-07T12:03:32Z</time>
      </trkpt>
      <trkpt lat="34.33921512804083" lon="109.02744645207459">
        <ele>387.5275571215898</ele>
        <time>2022-04-07T12:03:38Z</time>
      </trkpt>
      <trkpt lat="34.33889018646013" lon="109.02796061656086">
        <ele>386.41419522836804</ele>
        <time>2022-04-07T12:03:44Z</time>
      </trkpt>
      <trkpt lat="34.33858386386436" lon="109.02849574462326">
        <ele>386.771847281605</ele>
        <time>2022-04-07T12:03:50Z</time>
      </trkpt>
      <trkpt lat="34.33828551710172" lon="109.02903880166409">
        <ele>387.81849878653884</ele>
        <time>2022-04-07T12:03:56Z</time>
      </trkpt>
      <trkpt lat="34.33797270440191" lon="109.02958055475919">
        <ele>386.73810796346515</ele>
        <time>2022-04-07T12:04:02Z</time>
      </trkpt>
      <trkpt lat="34.33787566622968" lon="109.0297783099256">
        <ele>387.894905840978</ele>
        <time>2022-04-07T12:04:04Z</time>
      </trkpt>
      <trkpt lat="34.33754130335598" lon="109.03032600891878">
        <ele>386.94793994445354</ele>
        <time>2022-04-07T12:04:10Z</time>
      </trkpt>
      <trkpt lat="34.337217097945256" lon="109.03088643000137">
        <ele>387.4219421548769</ele>
        <time>2022-04-07T12:04:16Z</time>
      </trkpt>
      <trkpt lat="34.33690697052038" lon="109.0314501117257">
        <ele>387.91675884183496</ele>
        <time>2022-04-07T12:04:22Z</time>
      </trkpt>
      <trkpt lat="34.336586357987684" lon="109.03200049872193">
        <ele>388.0503766890615</ele>
        <time>2022-04-07T12:04:28Z</time>
      </trkpt>
      <trkpt lat="34.33627637175509" lon="109.03256247127432">
        <ele>387.77104938868433</ele>
        <time>2022-04-07T12:04:34Z</time>
      </trkpt>
      <trkpt lat="34.33596664881323" lon="109.03312345812121">
        <ele>387.62470240704715</ele>
        <time>2022-04-07T12:04:40Z</time>
      </trkpt>
      <trkpt lat="34.335646624212124" lon="109.03369429720206">
        <ele>388.47504169493914</ele>
        <time>2022-04-07T12:04:46Z</time>
      </trkpt>
      <trkpt lat="34.33534105799737" lon="109.03424892487972">
        <ele>388.25366920791566</ele>
        <time>2022-04-07T12:04:52Z</time>
      </trkpt>
      <trkpt lat="34.335020999612574" lon="109.03479294339388">
        <ele>388.0141312861815</ele>
        <time>2022-04-07T12:04:58Z</time>
      </trkpt>
      <trkpt lat="34.33471043571638" lon="109.03534130234746">
        <ele>388.0219686059281</ele>
        <time>2022-04-07T12:05:04Z</time>
      </trkpt>
      <trkpt lat="34.33439270846521" lon="109.035884702671">
        <ele>388.4047219613567</ele>
        <time>2022-04-07T12:05:10Z</time>
      </trkpt>
      <trkpt lat="34.334085094110975" lon="109.03644610241075">
        <ele>388.11369761731476</ele>
        <time>2022-04-07T12:05:16Z</time>
      </trkpt>
      <trkpt lat="34.333759952302835" lon="109.03700404876275">
        <ele>389.50343375932425</ele>
        <time>2022-04-07T12:05:22Z</time>
      </trkpt>
      <trkpt lat="34.33345638942742" lon="109.0375670759237">
        <ele>388.7297901548445</ele>
        <time>2022-04-07T12:05:28Z</time>
      </trkpt>
      <trkpt lat="34.3331487631897" lon="109.03811501881454">
        <ele>390.19897832814604</ele>
        <time>2022-04-07T12:05:34Z</time>
      </trkpt>
      <trkpt lat="34.33283285614588" lon="109.03866701181774">
        <ele>390.01384694036096</ele>
        <time>2022-04-07T12:05:40Z</time>
      </trkpt>
      <trkpt lat="34.332523877055564" lon="109.03920789461439">
        <ele>389.82252458296716</ele>
        <time>2022-04-07T12:05:46Z</time>
      </trkpt>
      <trkpt lat="34.33221170194231" lon="109.03974982492754">
        <ele>390.1640714239329</ele>
        <time>2022-04-07T12:05:52Z</time>
      </trkpt>
      <trkpt lat="34.33189199847047" lon="109.04030115957435">
        <ele>391.0098890410736</ele>
        <time>2022-04-07T12:05:58Z</time>
      </trkpt>
      <trkpt lat="34.331571088553105" lon="109.04083565184757">
        <ele>390.3236716231331</ele>
        <time>2022-04-07T12:06:04Z</time>
      </trkpt>
      <trkpt lat="34.331258518704516" lon="109.04140893463905">
        <ele>389.8135271323845</ele>
        <time>2022-04-07T12:06:10Z</time>
      </trkpt>
      <trkpt lat="34.33107746194413" lon="109.04179826417152">
        <ele>390.07879284676164</ele>
        <time>2022-04-07T12:06:14Z</time>
      </trkpt>
      <trkpt lat="34.33096271238183" lon="109.04197646155936">
        <ele>389.8092538192868</ele>
        <time>2022-04-07T12:06:16Z</time>
      </trkpt>
      <trkpt lat="34.330909607819585" lon="109.0422063248999">
        <ele>389.53003371413797</ele>
        <time>2022-04-07T12:06:18Z</time>
      </trkpt>
      <trkpt lat="34.3308044629823" lon="109.0423951665766">
        <ele>389.1250835256651</ele>
        <time>2022-04-07T12:06:20Z</time>
      </trkpt>
      <trkpt lat="34.33065258872294" lon="109.04252580566849">
        <ele>389.3788438308984</ele>
        <time>2022-04-07T12:06:22Z</time>
      </trkpt>
      <trkpt lat="34.330345044258785" lon="109.04306413568358">
        <ele>389.6576770655811</ele>
        <time>2022-04-07T12:06:28Z</time>
      </trkpt>
      <trkpt lat="34.33024182750748" lon="109.043243577549">
        <ele>389.72999264579266</ele>
        <time>2022-04-07T12:06:30Z</time>
      </trkpt>
      <trkpt lat="34.329925958512916" lon="109.04379266842547">
        <ele>390.1184088187292</ele>
        <time>2022-04-07T12:06:36Z</time>
      </trkpt>
      <trkpt lat="34.32961317497716" lon="109.04433639073939">
        <ele>390.7455006642267</ele>
        <time>2022-04-07T12:06:42Z</time>
      </trkpt>
      <trkpt lat="34.32930592384185" lon="109.04487053065525">
        <ele>386.2855009222403</ele>
        <time>2022-04-07T12:06:48Z</time>
      </trkpt>
      <trkpt lat="34.3292093803813" lon="109.04503836436254">
        <ele>386.1268833419308</ele>
        <time>2022-04-07T12:06:50Z</time>
      </trkpt>
      <trkpt lat="34.32894861174927" lon="109.04549715217564">
        <ele>389.4372868100181</ele>
        <time>2022-04-07T12:06:56Z</time>
      </trkpt>
      <trkpt lat="34.32889318366415" lon="109.04558704363309">
        <ele>389.8533414825797</ele>
        <time>2022-04-07T12:06:58Z</time>
      </trkpt>
      <trkpt lat="34.3285861993372" lon="109.04580884627198">
        <ele>392.2400094177574</ele>
        <time>2022-04-07T12:07:02Z</time>
      </trkpt>
      <trkpt lat="34.3289947000206" lon="109.0451191642815">
        <ele>396.19301351252943</ele>
        <time>2022-04-07T12:07:08Z</time>
      </trkpt>
      <trkpt lat="34.3294176835286" lon="109.04489061863188">
        <ele>391.751792954281</ele>
        <time>2022-04-07T12:07:12Z</time>
      </trkpt>
      <trkpt lat="34.32967170634423" lon="109.04455247498413">
        <ele>387.1000235704705</ele>
        <time>2022-04-07T12:07:16Z</time>
      </trkpt>
      <trkpt lat="34.329983051626066" lon="109.04402590508066">
        <ele>388.8824226818979</ele>
        <time>2022-04-07T12:07:22Z</time>
      </trkpt>
      <trkpt lat="34.33030222418426" lon="109.04351642994128">
        <ele>388.8917652480304</ele>
        <time>2022-04-07T12:07:28Z</time>
      </trkpt>
      <trkpt lat="34.330618088226636" lon="109.04297106145573">
        <ele>389.46807672828436</ele>
        <time>2022-04-07T12:07:34Z</time>
      </trkpt>
      <trkpt lat="34.33093628305761" lon="109.04243216542646">
        <ele>389.9569566771388</ele>
        <time>2022-04-07T12:07:40Z</time>
      </trkpt>
      <trkpt lat="34.331145836111006" lon="109.04207170513843">
        <ele>390.05619061831385</ele>
        <time>2022-04-07T12:07:44Z</time>
      </trkpt>
      <trkpt lat="34.33125978939754" lon="109.04191673263361">
        <ele>389.68934683315456</ele>
        <time>2022-04-07T12:07:46Z</time>
      </trkpt>
      <trkpt lat="34.331370548717764" lon="109.04180815891561">
        <ele>389.61146314814687</ele>
        <time>2022-04-07T12:07:48Z</time>
      </trkpt>
      <trkpt lat="34.33150162220475" lon="109.04150315224247">
        <ele>390.106494137086</ele>
        <time>2022-04-07T12:07:52Z</time>
      </trkpt>
      <trkpt lat="34.33155333041589" lon="109.04131020087777">
        <ele>390.05484983790666</ele>
        <time>2022-04-07T12:07:54Z</time>
      </trkpt>
      <trkpt lat="34.331719646058325" lon="109.04101902095384">
        <ele>389.75891006179154</ele>
        <time>2022-04-07T12:07:58Z</time>
      </trkpt>
      <trkpt lat="34.33189144286995" lon="109.04071841719214">
        <ele>390.33671117015183</ele>
        <time>2022-04-07T12:08:02Z</time>
      </trkpt>
      <trkpt lat="34.33199803449733" lon="109.04058087391856">
        <ele>391.27630627527833</ele>
        <time>2022-04-07T12:08:04Z</time>
      </trkpt>
      <trkpt lat="34.3322682945849" lon="109.0400673640674">
        <ele>389.7726966738701</ele>
        <time>2022-04-07T12:08:10Z</time>
      </trkpt>
      <trkpt lat="34.332463797906726" lon="109.0396997654677">
        <ele>390.4512136504054</ele>
        <time>2022-04-07T12:08:14Z</time>
      </trkpt>
      <trkpt lat="34.332787333047484" lon="109.03918394813562">
        <ele>390.8133242242038</ele>
        <time>2022-04-07T12:08:20Z</time>
      </trkpt>
      <trkpt lat="34.3330248918801" lon="109.03872612575769">
        <ele>389.70134706702083</ele>
        <time>2022-04-07T12:08:25Z</time>
      </trkpt>
      <trkpt lat="34.33315658199151" lon="109.03857375170726">
        <ele>390.0177383106202</ele>
        <time>2022-04-07T12:08:27Z</time>
      </trkpt>
      <trkpt lat="34.33342948396439" lon="109.03801581572344">
        <ele>389.9364535892382</ele>
        <time>2022-04-07T12:08:33Z</time>
      </trkpt>
      <trkpt lat="34.3337603010151" lon="109.03747801817092">
        <ele>389.366178936325</ele>
        <time>2022-04-07T12:08:39Z</time>
      </trkpt>
      <trkpt lat="34.33408687093685" lon="109.0369183054732">
        <ele>387.8770911311731</ele>
        <time>2022-04-07T12:08:45Z</time>
      </trkpt>
      <trkpt lat="34.33440082222278" lon="109.03635941394754">
        <ele>388.17463843058795</ele>
        <time>2022-04-07T12:08:51Z</time>
      </trkpt>
      <trkpt lat="34.334719278782444" lon="109.03579817417194">
        <ele>387.7558437353</ele>
        <time>2022-04-07T12:08:57Z</time>
      </trkpt>
      <trkpt lat="34.33503389935922" lon="109.03522388627515">
        <ele>388.252941631712</ele>
        <time>2022-04-07T12:09:03Z</time>
      </trkpt>
      <trkpt lat="34.33535195148192" lon="109.03465191767108">
        <ele>387.99862618371844</ele>
        <time>2022-04-07T12:09:09Z</time>
      </trkpt>
      <trkpt lat="34.335668412330776" lon="109.0341033566425">
        <ele>387.8832316622138</ele>
        <time>2022-04-07T12:09:15Z</time>
      </trkpt>
      <trkpt lat="34.33597809383993" lon="109.03355180145307">
        <ele>387.98987487796694</ele>
        <time>2022-04-07T12:09:21Z</time>
      </trkpt>
      <trkpt lat="34.336297614978626" lon="109.03299523861587">
        <ele>387.5794514780864</ele>
        <time>2022-04-07T12:09:27Z</time>
      </trkpt>
      <trkpt lat="34.336619917982716" lon="109.03242740441625">
        <ele>387.831832642667</ele>
        <time>2022-04-07T12:09:33Z</time>
      </trkpt>
      <trkpt lat="34.33693721850184" lon="109.03186240297815">
        <ele>387.28048027679324</ele>
        <time>2022-04-07T12:09:39Z</time>
      </trkpt>
      <trkpt lat="34.3372565531636" lon="109.03130310691374">
        <ele>387.28373770508915</ele>
        <time>2022-04-07T12:09:45Z</time>
      </trkpt>
      <trkpt lat="34.33752528895323" lon="109.03083395548148">
        <ele>387.1842960882932</ele>
        <time>2022-04-07T12:09:50Z</time>
      </trkpt>
      <trkpt lat="34.33784159996224" lon="109.03026294576719">
        <ele>386.93730968795717</ele>
        <time>2022-04-07T12:09:56Z</time>
      </trkpt>
      <trkpt lat="34.33816049613628" lon="109.02968123672098">
        <ele>387.0970789566636</ele>
        <time>2022-04-07T12:10:02Z</time>
      </trkpt>
      <trkpt lat="34.33848301615924" lon="109.0291302842624">
        <ele>387.50043510086834</ele>
        <time>2022-04-07T12:10:08Z</time>
      </trkpt>
      <trkpt lat="34.33878323947372" lon="109.02859706882481">
        <ele>387.28845360595733</ele>
        <time>2022-04-07T12:10:14Z</time>
      </trkpt>
      <trkpt lat="34.33896353037775" lon="109.02823434067508">
        <ele>387.4368040859699</ele>
        <time>2022-04-07T12:10:18Z</time>
      </trkpt>
      <trkpt lat="34.33910836804274" lon="109.02785620138884">
        <ele>386.9723671376705</ele>
        <time>2022-04-07T12:10:22Z</time>
      </trkpt>
      <trkpt lat="34.33920460150651" lon="109.02768398046702">
        <ele>386.74280142690986</ele>
        <time>2022-04-07T12:10:24Z</time>
      </trkpt>
      <trkpt lat="34.33954077727158" lon="109.02719472301912">
        <ele>385.62322786357254</ele>
        <time>2022-04-07T12:10:30Z</time>
      </trkpt>
      <trkpt lat="34.33989451654224" lon="109.02669881799486">
        <ele>385.47882453445345</ele>
        <time>2022-04-07T12:10:36Z</time>
      </trkpt>
      <trkpt lat="34.340250414507146" lon="109.02619798199257">
        <ele>385.0443471893668</ele>
        <time>2022-04-07T12:10:42Z</time>
      </trkpt>
      <trkpt lat="34.340609970757555" lon="109.02568586161873">
        <ele>384.8618635078892</ele>
        <time>2022-04-07T12:10:48Z</time>
      </trkpt>
      <trkpt lat="34.340967441719286" lon="109.0251827241481">
        <ele>384.81558367889374</ele>
        <time>2022-04-07T12:10:54Z</time>
      </trkpt>
      <trkpt lat="34.341193831314506" lon="109.02485269656667">
        <ele>385.6462146323174</ele>
        <time>2022-04-07T12:10:58Z</time>
      </trkpt>
      <trkpt lat="34.34153289140218" lon="109.02445516756782">
        <ele>385.80691359192133</ele>
        <time>2022-04-07T12:11:04Z</time>
      </trkpt>
      <trkpt lat="34.34159136687904" lon="109.02433711406458">
        <ele>385.1314842859283</ele>
        <time>2022-04-07T12:11:06Z</time>
      </trkpt>
      <trkpt lat="34.34156479396234" lon="109.02421712424221">
        <ele>384.80672274995595</ele>
        <time>2022-04-07T12:11:08Z</time>
      </trkpt>
      <trkpt lat="34.3414815903133" lon="109.02418454669188">
        <ele>385.508248928003</ele>
        <time>2022-04-07T12:11:10Z</time>
      </trkpt>
      <trkpt lat="34.34139177896289" lon="109.02426102479593">
        <ele>385.35114044044167</ele>
        <time>2022-04-07T12:11:12Z</time>
      </trkpt>
      <trkpt lat="34.341368200183375" lon="109.02440272988208">
        <ele>385.20052809175104</ele>
        <time>2022-04-07T12:11:14Z</time>
      </trkpt>
      <trkpt lat="34.34112685372429" lon="109.02473057633856">
        <ele>384.8951600957662</ele>
        <time>2022-04-07T12:11:22Z</time>
      </trkpt>
      <trkpt lat="34.3410487024345" lon="109.02481020611596">
        <ele>385.007078695111</ele>
        <time>2022-04-07T12:11:26Z</time>
      </trkpt>
      <trkpt lat="34.34079520244391" lon="109.02522161781786">
        <ele>386.2549244808033</ele>
        <time>2022-04-07T12:11:38Z</time>
      </trkpt>
      <trkpt lat="34.34044182663774" lon="109.02569978354514">
        <ele>386.83553713560104</ele>
        <time>2022-04-07T12:11:46Z</time>
      </trkpt>
      <trkpt lat="34.340142024049726" lon="109.02610575302118">
        <ele>386.4738857205957</ele>
        <time>2022-04-07T12:11:52Z</time>
      </trkpt>
      <trkpt lat="34.33984042588844" lon="109.02654796189339">
        <ele>386.63929831422865</ele>
        <time>2022-04-07T12:11:58Z</time>
      </trkpt>
      <trkpt lat="34.33951413825356" lon="109.02699587479854">
        <ele>386.9417662797496</ele>
        <time>2022-04-07T12:12:04Z</time>
      </trkpt>
      <trkpt lat="34.33919272604027" lon="109.02745330354676">
        <ele>386.66251535806805</ele>
        <time>2022-04-07T12:12:10Z</time>
      </trkpt>
      <trkpt lat="34.33889762310211" lon="109.02794426333433">
        <ele>386.6928358376026</ele>
        <time>2022-04-07T12:12:16Z</time>
      </trkpt>
      <trkpt lat="34.33860100147173" lon="109.02846139683338">
        <ele>387.86987294536084</ele>
        <time>2022-04-07T12:12:22Z</time>
      </trkpt>
      <trkpt lat="34.338312713204736" lon="109.02898672158841">
        <ele>388.1663722936064</ele>
        <time>2022-04-07T12:12:28Z</time>
      </trkpt>
      <trkpt lat="34.338027883394176" lon="109.02951321274928">
        <ele>387.2481340672821</ele>
        <time>2022-04-07T12:12:34Z</time>
      </trkpt>
      <trkpt lat="34.33771975209681" lon="109.03003707310357">
        <ele>387.92188357096165</ele>
        <time>2022-04-07T12:12:40Z</time>
      </trkpt>
      <trkpt lat="34.337430191941834" lon="109.0305782295209">
        <ele>387.65062576625496</ele>
        <time>2022-04-07T12:12:46Z</time>
      </trkpt>
      <trkpt lat="34.337121563354664" lon="109.03108769293917">
        <ele>387.57649339176714</ele>
        <time>2022-04-07T12:12:52Z</time>
      </trkpt>
      <trkpt lat="34.33682099839558" lon="109.03159007819096">
        <ele>387.6222566664219</ele>
        <time>2022-04-07T12:12:58Z</time>
      </trkpt>
      <trkpt lat="34.336539811015506" lon="109.03211535045985">
        <ele>388.2002135552466</ele>
        <time>2022-04-07T12:13:04Z</time>
      </trkpt>
      <trkpt lat="34.33623462225758" lon="109.03261048714303">
        <ele>388.85873224772513</ele>
        <time>2022-04-07T12:13:10Z</time>
      </trkpt>
      <trkpt lat="34.33594527410953" lon="109.0331404138485">
        <ele>389.17954803071916</ele>
        <time>2022-04-07T12:13:16Z</time>
      </trkpt>
      <trkpt lat="34.3356610698228" lon="109.0336683645482">
        <ele>387.78921581525356</ele>
        <time>2022-04-07T12:13:22Z</time>
      </trkpt>
      <trkpt lat="34.33536723841007" lon="109.03419493439208">
        <ele>388.2088300809264</ele>
        <time>2022-04-07T12:13:28Z</time>
      </trkpt>
      <trkpt lat="34.33506805506488" lon="109.03472572101066">
        <ele>388.60457825195044</ele>
        <time>2022-04-07T12:13:34Z</time>
      </trkpt>
      <trkpt lat="34.334759480368085" lon="109.035258756523">
        <ele>388.44705850072205</ele>
        <time>2022-04-07T12:13:40Z</time>
      </trkpt>
      <trkpt lat="34.33445121870923" lon="109.0357957375519">
        <ele>389.3044420303777</ele>
        <time>2022-04-07T12:13:46Z</time>
      </trkpt>
      <trkpt lat="34.33416065212684" lon="109.0363431035652">
        <ele>388.91306722536683</ele>
        <time>2022-04-07T12:13:52Z</time>
      </trkpt>
      <trkpt lat="34.33406802599893" lon="109.03653094371546">
        <ele>388.91819107346237</ele>
        <time>2022-04-07T12:13:54Z</time>
      </trkpt>
      <trkpt lat="34.33395030590183" lon="109.03669478013536">
        <ele>389.39325747452676</ele>
        <time>2022-04-07T12:13:56Z</time>
      </trkpt>
      <trkpt lat="34.33365345987886" lon="109.03724587590673">
        <ele>389.60913073830307</ele>
        <time>2022-04-07T12:14:02Z</time>
      </trkpt>
      <trkpt lat="34.33335245445636" lon="109.03778630410928">
        <ele>389.1832748539746</ele>
        <time>2022-04-07T12:14:08Z</time>
      </trkpt>
      <trkpt lat="34.333059100475374" lon="109.03834412248166">
        <ele>389.5143467532471</ele>
        <time>2022-04-07T12:14:14Z</time>
      </trkpt>
      <trkpt lat="34.33272117321221" lon="109.03886203992556">
        <ele>389.7096319543198</ele>
        <time>2022-04-07T12:14:20Z</time>
      </trkpt>
      <trkpt lat="34.33242028314368" lon="109.03941232046905">
        <ele>390.0652012825012</ele>
        <time>2022-04-07T12:14:26Z</time>
      </trkpt>
      <trkpt lat="34.33211018653492" lon="109.03995843548026">
        <ele>391.08272995986044</ele>
        <time>2022-04-07T12:14:32Z</time>
      </trkpt>
      <trkpt lat="34.33190692466909" lon="109.04033212368208">
        <ele>391.4899670742452</ele>
        <time>2022-04-07T12:14:36Z</time>
      </trkpt>
      <trkpt lat="34.33159480632033" lon="109.0408427807873">
        <ele>390.01950536016375</ele>
        <time>2022-04-07T12:14:42Z</time>
      </trkpt>
      <trkpt lat="34.331314622035435" lon="109.04136940229218">
        <ele>390.16040881257504</ele>
        <time>2022-04-07T12:14:48Z</time>
      </trkpt>
      <trkpt lat="34.331154613523296" lon="109.041746018394">
        <ele>389.878205711022</ele>
        <time>2022-04-07T12:14:52Z</time>
      </trkpt>
      <trkpt lat="34.330867554801685" lon="109.04227160429886">
        <ele>389.36263181455433</ele>
        <time>2022-04-07T12:14:58Z</time>
      </trkpt>
      <trkpt lat="34.33056904985224" lon="109.04278468315613">
        <ele>390.1711381226778</ele>
        <time>2022-04-07T12:15:04Z</time>
      </trkpt>
      <trkpt lat="34.33036663928698" lon="109.04311577649814">
        <ele>390.33929397910833</ele>
        <time>2022-04-07T12:15:08Z</time>
      </trkpt>
      <trkpt lat="34.330080609472944" lon="109.04363663975617">
        <ele>390.7318049483001</ele>
        <time>2022-04-07T12:15:14Z</time>
      </trkpt>
      <trkpt lat="34.32978758408181" lon="109.04413520397401">
        <ele>391.1111824242398</ele>
        <time>2022-04-07T12:15:20Z</time>
      </trkpt>
      <trkpt lat="34.32954568219664" lon="109.04455141979287">
        <ele>388.0387639468536</ele>
        <time>2022-04-07T12:15:26Z</time>
      </trkpt>
      <trkpt lat="34.3294823620901" lon="109.04470059339741">
        <ele>387.38705484662205</ele>
        <time>2022-04-07T12:15:28Z</time>
      </trkpt>
      <trkpt lat="34.32920153279858" lon="109.04516810158349">
        <ele>386.9181986935437</ele>
        <time>2022-04-07T12:15:36Z</time>
      </trkpt>
      <trkpt lat="34.32897813646915" lon="109.04553098135086">
        <ele>389.96016824804246</ele>
        <time>2022-04-07T12:15:42Z</time>
      </trkpt>
      <trkpt lat="34.32894364433015" lon="109.04562348427278">
        <ele>390.9227077336982</ele>
        <time>2022-04-07T12:15:44Z</time>
      </trkpt>
      <trkpt lat="34.32902832169415" lon="109.04571344065691">
        <ele>390.56060574762523</ele>
        <time>2022-04-07T12:15:46Z</time>
      </trkpt>
      <trkpt lat="34.32914544397011" lon="109.04564864351467">
        <ele>390.9458941994235</ele>
        <time>2022-04-07T12:15:48Z</time>
      </trkpt>
      <trkpt lat="34.32934490092816" lon="109.04522086216544">
        <ele>391.24382814206183</ele>
        <time>2022-04-07T12:15:54Z</time>
      </trkpt>
      <trkpt lat="34.32959290815612" lon="109.04475519054945">
        <ele>388.4776715300977</ele>
        <time>2022-04-07T12:16:00Z</time>
      </trkpt>
      <trkpt lat="34.32969356507969" lon="109.04460567397591">
        <ele>386.02185207698494</ele>
        <time>2022-04-07T12:16:02Z</time>
      </trkpt>
      <trkpt lat="34.32996793141984" lon="109.04410239720919">
        <ele>387.8233200693503</ele>
        <time>2022-04-07T12:16:08Z</time>
      </trkpt>
      <trkpt lat="34.33027007658845" lon="109.04359796006722">
        <ele>388.9570844490081</ele>
        <time>2022-04-07T12:16:14Z</time>
      </trkpt>
      <trkpt lat="34.33055195475038" lon="109.0430630212352">
        <ele>389.0208426201716</ele>
        <time>2022-04-07T12:16:20Z</time>
      </trkpt>
      <trkpt lat="34.33085668791239" lon="109.04255593169256">
        <ele>389.5921180918813</ele>
        <time>2022-04-07T12:16:26Z</time>
      </trkpt>
      <trkpt lat="34.33116245240803" lon="109.04204253688377">
        <ele>389.7546559032053</ele>
        <time>2022-04-07T12:16:32Z</time>
      </trkpt>
      <trkpt lat="34.33145766643208" lon="109.04150728018834">
        <ele>390.08162315841764</ele>
        <time>2022-04-07T12:16:38Z</time>
      </trkpt>
      <trkpt lat="34.33156005743422" lon="109.04133371955261">
        <ele>390.900881042704</ele>
        <time>2022-04-07T12:16:40Z</time>
      </trkpt>
      <trkpt lat="34.33164605309459" lon="109.04114797414663">
        <ele>391.8098123371601</ele>
        <time>2022-04-07T12:16:42Z</time>
      </trkpt>
      <trkpt lat="34.33194971287009" lon="109.04063435596248">
        <ele>390.5227093063295</ele>
        <time>2022-04-07T12:16:48Z</time>
      </trkpt>
      <trkpt lat="34.33224787295769" lon="109.0400893579331">
        <ele>390.2336746305227</ele>
        <time>2022-04-07T12:16:54Z</time>
      </trkpt>
      <trkpt lat="34.332554357114475" lon="109.03955439739588">
        <ele>389.65168487187475</ele>
        <time>2022-04-07T12:17:00Z</time>
      </trkpt>
      <trkpt lat="34.3328564251394" lon="109.03899222782056">
        <ele>389.8208057368174</ele>
        <time>2022-04-07T12:17:06Z</time>
      </trkpt>
      <trkpt lat="34.3331729148786" lon="109.03846300407055">
        <ele>389.3250183118507</ele>
        <time>2022-04-07T12:17:12Z</time>
      </trkpt>
      <trkpt lat="34.33347974645451" lon="109.03792616382233">
        <ele>388.93713122978806</ele>
        <time>2022-04-07T12:17:18Z</time>
      </trkpt>
      <trkpt lat="34.333777628909594" lon="109.0374052853379">
        <ele>388.5614347262308</ele>
        <time>2022-04-07T12:17:24Z</time>
      </trkpt>
      <trkpt lat="34.33407807349032" lon="109.03690290637383">
        <ele>387.81979858875275</ele>
        <time>2022-04-07T12:17:30Z</time>
      </trkpt>
      <trkpt lat="34.33437421529774" lon="109.03636864569366">
        <ele>387.53428276255727</ele>
        <time>2022-04-07T12:17:36Z</time>
      </trkpt>
      <trkpt lat="34.33468568340313" lon="109.03582891764769">
        <ele>387.2711500991136</ele>
        <time>2022-04-07T12:17:42Z</time>
      </trkpt>
      <trkpt lat="34.33499538906504" lon="109.03527747995359">
        <ele>388.84756620414555</ele>
        <time>2022-04-07T12:17:48Z</time>
      </trkpt>
      <trkpt lat="34.335290400278886" lon="109.03475386412839">
        <ele>387.9882066650316</ele>
        <time>2022-04-07T12:17:54Z</time>
      </trkpt>
      <trkpt lat="34.33558538036813" lon="109.03422467956717">
        <ele>386.9690712084994</ele>
        <time>2022-04-07T12:18:00Z</time>
      </trkpt>
      <trkpt lat="34.33589856227422" lon="109.03368952580642">
        <ele>387.1304295184091</ele>
        <time>2022-04-07T12:18:06Z</time>
      </trkpt>
      <trkpt lat="34.33621277646765" lon="109.0331466653231">
        <ele>386.71369335148484</ele>
        <time>2022-04-07T12:18:12Z</time>
      </trkpt>
      <trkpt lat="34.336520282179286" lon="109.03257307421131">
        <ele>386.94787833839655</ele>
        <time>2022-04-07T12:18:18Z</time>
      </trkpt>
      <trkpt lat="34.33683860555283" lon="109.03200599779694">
        <ele>389.0623851073906</ele>
        <time>2022-04-07T12:18:24Z</time>
      </trkpt>
      <trkpt lat="34.337152626987816" lon="109.03149375012732">
        <ele>387.4680570997298</ele>
        <time>2022-04-07T12:18:30Z</time>
      </trkpt>
      <trkpt lat="34.337456982417876" lon="109.0309645887674">
        <ele>387.183523343876</ele>
        <time>2022-04-07T12:18:36Z</time>
      </trkpt>
      <trkpt lat="34.337767122902314" lon="109.03041373865234">
        <ele>387.0757071012631</ele>
        <time>2022-04-07T12:18:42Z</time>
      </trkpt>
      <trkpt lat="34.3380666106645" lon="109.02987605514039">
        <ele>386.9965853020549</ele>
        <time>2022-04-07T12:18:48Z</time>
      </trkpt>
      <trkpt lat="34.338356129841216" lon="109.0293598618774">
        <ele>387.3882809076458</ele>
        <time>2022-04-07T12:18:54Z</time>
      </trkpt>
      <trkpt lat="34.33865325907587" lon="109.0288277227593">
        <ele>387.7141860164702</ele>
        <time>2022-04-07T12:19:00Z</time>
      </trkpt>
      <trkpt lat="34.33881446861754" lon="109.02846732813407">
        <ele>387.47542332392186</ele>
        <time>2022-04-07T12:19:04Z</time>
      </trkpt>
      <trkpt lat="34.338879983778675" lon="109.02828240324796">
        <ele>388.08321306761354</ele>
        <time>2022-04-07T12:19:06Z</time>
      </trkpt>
      <trkpt lat="34.339160495889146" lon="109.02776770367977">
        <ele>386.72206591721624</ele>
        <time>2022-04-07T12:19:12Z</time>
      </trkpt>
      <trkpt lat="34.339474108778575" lon="109.02728013815918">
        <ele>386.71821593586355</ele>
        <time>2022-04-07T12:19:18Z</time>
      </trkpt>
      <trkpt lat="34.33982945749269" lon="109.02679507120361">
        <ele>385.04256654623896</ele>
        <time>2022-04-07T12:19:24Z</time>
      </trkpt>
      <trkpt lat="34.34018471297547" lon="109.0262993972736">
        <ele>384.9700176473707</ele>
        <time>2022-04-07T12:19:30Z</time>
      </trkpt>
      <trkpt lat="34.340526047515354" lon="109.02578207655957">
        <ele>385.9689877843484</ele>
        <time>2022-04-07T12:19:36Z</time>
      </trkpt>
      <trkpt lat="34.34090098879578" lon="109.02528313965973">
        <ele>384.9508076561615</ele>
        <time>2022-04-07T12:19:42Z</time>
      </trkpt>
      <trkpt lat="34.3411390516672" lon="109.02493429388282">
        <ele>385.15398947056383</ele>
        <time>2022-04-07T12:19:46Z</time>
      </trkpt>
      <trkpt lat="34.341360652407225" lon="109.02461605549111">
        <ele>387.3935231426731</ele>
        <time>2022-04-07T12:19:50Z</time>
      </trkpt>
      <trkpt lat="34.3414785813413" lon="109.02447949389054">
        <ele>385.3034350667149</ele>
        <time>2022-04-07T12:19:52Z</time>
      </trkpt>
      <trkpt lat="34.341570457027295" lon="109.02433681364543">
        <ele>384.93529313709587</ele>
        <time>2022-04-07T12:19:54Z</time>
      </trkpt>
      <trkpt lat="34.341548737483514" lon="109.02417910441899">
        <ele>385.2136262813583</ele>
        <time>2022-04-07T12:19:56Z</time>
      </trkpt>
      <trkpt lat="34.341441320050194" lon="109.02417748526166">
        <ele>385.2345337597653</ele>
        <time>2022-04-07T12:19:58Z</time>
      </trkpt>
      <trkpt lat="34.341403799249335" lon="109.02435613052376">
        <ele>385.36267545167357</ele>
        <time>2022-04-07T12:20:00Z</time>
      </trkpt>
      <trkpt lat="34.34129605058303" lon="109.02444243884098">
        <ele>385.32889118697494</ele>
        <time>2022-04-07T12:20:02Z</time>
      </trkpt>
      <trkpt lat="34.34114715390678" lon="109.0247063255259">
        <ele>386.2834177389741</ele>
        <time>2022-04-07T12:20:06Z</time>
      </trkpt>
      <trkpt lat="34.34084103257175" lon="109.02511772048001">
        <ele>386.3654439402744</ele>
        <time>2022-04-07T12:20:12Z</time>
      </trkpt>
      <trkpt lat="34.34051862191805" lon="109.02557529114797">
        <ele>385.80609141103923</ele>
        <time>2022-04-07T12:20:18Z</time>
      </trkpt>
      <trkpt lat="34.34019872691742" lon="109.02602329051784">
        <ele>385.04109584446996</ele>
        <time>2022-04-07T12:20:24Z</time>
      </trkpt>
      <trkpt lat="34.33987033760522" lon="109.02651054652462">
        <ele>386.17263565491885</ele>
        <time>2022-04-07T12:20:30Z</time>
      </trkpt>
      <trkpt lat="34.339512938721775" lon="109.02700604725167">
        <ele>386.43392372410744</ele>
        <time>2022-04-07T12:20:36Z</time>
      </trkpt>
      <trkpt lat="34.33918407280936" lon="109.02750309365754">
        <ele>387.45729580242187</ele>
        <time>2022-04-07T12:20:42Z</time>
      </trkpt>
      <trkpt lat="34.338871512239045" lon="109.0280084248685">
        <ele>387.71248051151633</ele>
        <time>2022-04-07T12:20:48Z</time>
      </trkpt>
      <trkpt lat="34.3385656938949" lon="109.02856403406616">
        <ele>387.67855425179005</ele>
        <time>2022-04-07T12:20:54Z</time>
      </trkpt>
      <trkpt lat="34.33827294074187" lon="109.02913004561196">
        <ele>388.0636256849393</ele>
        <time>2022-04-07T12:21:00Z</time>
      </trkpt>
      <trkpt lat="34.338143250930415" lon="109.02928488132106">
        <ele>387.8470605062321</ele>
        <time>2022-04-07T12:21:02Z</time>
      </trkpt>
      <trkpt lat="34.338035872055755" lon="109.02947057020283">
        <ele>387.39609147887677</ele>
        <time>2022-04-07T12:21:04Z</time>
      </trkpt>
      <trkpt lat="34.33771069666801" lon="109.0300329571558">
        <ele>386.9620340950787</ele>
        <time>2022-04-07T12:21:10Z</time>
      </trkpt>
      <trkpt lat="34.33739412075777" lon="109.03059575461866">
        <ele>387.52623333688825</ele>
        <time>2022-04-07T12:21:16Z</time>
      </trkpt>
      <trkpt lat="34.33727247172911" lon="109.03077257228476">
        <ele>387.1342484243214</ele>
        <time>2022-04-07T12:21:18Z</time>
      </trkpt>
      <trkpt lat="34.33695442265866" lon="109.03135081267948">
        <ele>387.78325606603175</ele>
        <time>2022-04-07T12:21:24Z</time>
      </trkpt>
      <trkpt lat="34.3366309314617" lon="109.03191827066384">
        <ele>388.0909689478576</ele>
        <time>2022-04-07T12:21:30Z</time>
      </trkpt>
      <trkpt lat="34.33632508390441" lon="109.03247951868521">
        <ele>388.0474563911557</ele>
        <time>2022-04-07T12:21:36Z</time>
      </trkpt>
      <trkpt lat="34.336008229053355" lon="109.03303919238395">
        <ele>388.0609673541039</ele>
        <time>2022-04-07T12:21:42Z</time>
      </trkpt>
      <trkpt lat="34.33569341734107" lon="109.03361896475433">
        <ele>387.77397102769464</ele>
        <time>2022-04-07T12:21:48Z</time>
      </trkpt>
      <trkpt lat="34.33537547184391" lon="109.03420116575727">
        <ele>388.0441207131371</ele>
        <time>2022-04-07T12:21:54Z</time>
      </trkpt>
      <trkpt lat="34.33505479599958" lon="109.03475509406533">
        <ele>387.4910560986027</ele>
        <time>2022-04-07T12:22:00Z</time>
      </trkpt>
      <trkpt lat="34.334736202572785" lon="109.03531366255984">
        <ele>387.95360955782235</ele>
        <time>2022-04-07T12:22:06Z</time>
      </trkpt>
      <trkpt lat="34.334420867985" lon="109.03587894973344">
        <ele>388.13109219260514</ele>
        <time>2022-04-07T12:22:12Z</time>
      </trkpt>
      <trkpt lat="34.334101024158755" lon="109.03644291920016">
        <ele>388.1873300569132</ele>
        <time>2022-04-07T12:22:18Z</time>
      </trkpt>
      <trkpt lat="34.33378310387365" lon="109.03700673837115">
        <ele>388.2031075246632</ele>
        <time>2022-04-07T12:22:24Z</time>
      </trkpt>
      <trkpt lat="34.33347696529992" lon="109.0375648133542">
        <ele>388.48958144523203</ele>
        <time>2022-04-07T12:22:30Z</time>
      </trkpt>
      <trkpt lat="34.33315686290059" lon="109.03812071833771">
        <ele>389.83936733659357</ele>
        <time>2022-04-07T12:22:36Z</time>
      </trkpt>
      <trkpt lat="34.332835239547194" lon="109.03867672691682">
        <ele>389.6591382920742</ele>
        <time>2022-04-07T12:22:42Z</time>
      </trkpt>
      <trkpt lat="34.33252369441686" lon="109.03922755402873">
        <ele>389.3937419792637</ele>
        <time>2022-04-07T12:22:48Z</time>
      </trkpt>
      <trkpt lat="34.33220714823133" lon="109.03978319470991">
        <ele>390.03281342145056</ele>
        <time>2022-04-07T12:22:54Z</time>
      </trkpt>
      <trkpt lat="34.3318866154065" lon="109.04033867649937">
        <ele>390.91250152140856</ele>
        <time>2022-04-07T12:23:00Z</time>
      </trkpt>
      <trkpt lat="34.33157758471206" lon="109.04087566305243">
        <ele>390.7220488935709</ele>
        <time>2022-04-07T12:23:06Z</time>
      </trkpt>
      <trkpt lat="34.3313727958956" lon="109.0412461595393">
        <ele>390.39956864900887</ele>
        <time>2022-04-07T12:23:10Z</time>
      </trkpt>
      <trkpt lat="34.331272428811765" lon="109.04142762289663">
        <ele>390.6414576228708</ele>
        <time>2022-04-07T12:23:12Z</time>
      </trkpt>
      <trkpt lat="34.33102138513819" lon="109.04201064617395">
        <ele>390.16593351587653</ele>
        <time>2022-04-07T12:23:18Z</time>
      </trkpt>
      <trkpt lat="34.330715388312186" lon="109.0425309070241">
        <ele>389.9148093769327</ele>
        <time>2022-04-07T12:23:24Z</time>
      </trkpt>
      <trkpt lat="34.33040925915253" lon="109.04307003222759">
        <ele>390.09811157919466</ele>
        <time>2022-04-07T12:23:30Z</time>
      </trkpt>
      <trkpt lat="34.33010657681094" lon="109.04358395154412">
        <ele>390.7975948667154</ele>
        <time>2022-04-07T12:23:36Z</time>
      </trkpt>
      <trkpt lat="34.329804243675724" lon="109.04411415708663">
        <ele>391.1361461253837</ele>
        <time>2022-04-07T12:23:42Z</time>
      </trkpt>
      <trkpt lat="34.329491376612296" lon="109.0446042116088">
        <ele>388.04088315553963</ele>
        <time>2022-04-07T12:23:48Z</time>
      </trkpt>
      <trkpt lat="34.3292783927447" lon="109.04495218779778">
        <ele>385.5978531781584</ele>
        <time>2022-04-07T12:23:52Z</time>
      </trkpt>
      <trkpt lat="34.329119755108316" lon="109.04530472492024">
        <ele>388.49825557507575</ele>
        <time>2022-04-07T12:23:56Z</time>
      </trkpt>
      <trkpt lat="34.32895369442322" lon="109.0455715173965">
        <ele>389.58338343631476</ele>
        <time>2022-04-07T12:24:00Z</time>
      </trkpt>
      <trkpt lat="34.32897396538466" lon="109.0456702242715">
        <ele>390.4379541091621</ele>
        <time>2022-04-07T12:24:02Z</time>
      </trkpt>
      <trkpt lat="34.329091793293706" lon="109.04565247387652">
        <ele>390.2548707621172</ele>
        <time>2022-04-07T12:24:04Z</time>
      </trkpt>
      <trkpt lat="34.32934107767316" lon="109.0452116360944">
        <ele>391.4389261836186</ele>
        <time>2022-04-07T12:24:10Z</time>
      </trkpt>
      <trkpt lat="34.329521567887056" lon="109.04488642197808">
        <ele>390.0481562083587</ele>
        <time>2022-04-07T12:24:14Z</time>
      </trkpt>
      <trkpt lat="34.3296095683897" lon="109.04469005860092">
        <ele>388.618967147544</ele>
        <time>2022-04-07T12:24:16Z</time>
      </trkpt>
      <trkpt lat="34.32993916941821" lon="109.04411794807137">
        <ele>388.4059091815725</ele>
        <time>2022-04-07T12:24:22Z</time>
      </trkpt>
      <trkpt lat="34.330266031427364" lon="109.0435560590492">
        <ele>388.7966046379879</ele>
        <time>2022-04-07T12:24:28Z</time>
      </trkpt>
      <trkpt lat="34.33060965307533" lon="109.04298469078493">
        <ele>389.5607191231102</ele>
        <time>2022-04-07T12:24:34Z</time>
      </trkpt>
      <trkpt lat="34.3309741193639" lon="109.0423716438515">
        <ele>389.25458431243896</ele>
        <time>2022-04-07T12:24:40Z</time>
      </trkpt>
      <trkpt lat="34.33132072639641" lon="109.04173923518839">
        <ele>389.87090995907784</ele>
        <time>2022-04-07T12:24:46Z</time>
      </trkpt>
      <trkpt lat="34.331671025614085" lon="109.04113209525788">
        <ele>390.27400409895927</ele>
        <time>2022-04-07T12:24:52Z</time>
      </trkpt>
      <trkpt lat="34.332005305677264" lon="109.04050999764462">
        <ele>390.16638203151524</ele>
        <time>2022-04-07T12:24:58Z</time>
      </trkpt>
      <trkpt lat="34.33236060411291" lon="109.03990574233775">
        <ele>390.13385086134076</ele>
        <time>2022-04-07T12:25:04Z</time>
      </trkpt>
      <trkpt lat="34.33271437459221" lon="109.03928693026982">
        <ele>389.9764119395986</ele>
        <time>2022-04-07T12:25:10Z</time>
      </trkpt>
      <trkpt lat="34.333064339361655" lon="109.03869146615773">
        <ele>389.3736034585163</ele>
        <time>2022-04-07T12:25:16Z</time>
      </trkpt>
      <trkpt lat="34.33340556778756" lon="109.03809516715751">
        <ele>389.36792488303035</ele>
        <time>2022-04-07T12:25:22Z</time>
      </trkpt>
      <trkpt lat="34.33373650542277" lon="109.03748654767925">
        <ele>389.86258130148053</ele>
        <time>2022-04-07T12:25:28Z</time>
      </trkpt>
      <trkpt lat="34.33408527691286" lon="109.03688380843175">
        <ele>387.7535407533869</ele>
        <time>2022-04-07T12:25:34Z</time>
      </trkpt>
      <trkpt lat="34.33442758813973" lon="109.03625621351769">
        <ele>388.00736823957413</ele>
        <time>2022-04-07T12:25:40Z</time>
      </trkpt>
      <trkpt lat="34.33477770640488" lon="109.03563646089022">
        <ele>387.26283498108387</ele>
        <time>2022-04-07T12:25:46Z</time>
      </trkpt>
      <trkpt lat="34.335117795476876" lon="109.03500191276444">
        <ele>388.5979357007891</ele>
        <time>2022-04-07T12:25:52Z</time>
      </trkpt>
      <trkpt lat="34.33548183359163" lon="109.03439994825307">
        <ele>387.5781833603978</ele>
        <time>2022-04-07T12:25:58Z</time>
      </trkpt>
      <trkpt lat="34.33582000973413" lon="109.03377647243468">
        <ele>387.11038202326745</ele>
        <time>2022-04-07T12:26:04Z</time>
      </trkpt>
      <trkpt lat="34.336064839453705" lon="109.03338163513568">
        <ele>387.9158253194764</ele>
        <time>2022-04-07T12:26:08Z</time>
      </trkpt>
      <trkpt lat="34.336412178421504" lon="109.03275065341107">
        <ele>387.4501659348607</ele>
        <time>2022-04-07T12:26:14Z</time>
      </trkpt>
      <trkpt lat="34.33676532951652" lon="109.03212630754514">
        <ele>387.2630156148225</ele>
        <time>2022-04-07T12:26:20Z</time>
      </trkpt>
      <trkpt lat="34.33709901086829" lon="109.03147414918644">
        <ele>387.56884335167706</ele>
        <time>2022-04-07T12:26:26Z</time>
      </trkpt>
      <trkpt lat="34.337462921527184" lon="109.03087565063666">
        <ele>387.7322309203446</ele>
        <time>2022-04-07T12:26:32Z</time>
      </trkpt>
      <trkpt lat="34.33782067968458" lon="109.03027146362597">
        <ele>386.81922862213105</ele>
        <time>2022-04-07T12:26:38Z</time>
      </trkpt>
      <trkpt lat="34.33814828301048" lon="109.02967939271608">
        <ele>386.9263929920271</ele>
        <time>2022-04-07T12:26:44Z</time>
      </trkpt>
      <trkpt lat="34.33849088703699" lon="109.02907004877841">
        <ele>386.98239202797413</ele>
        <time>2022-04-07T12:26:50Z</time>
      </trkpt>
      <trkpt lat="34.33880460222481" lon="109.0284463543587">
        <ele>387.50821770820767</ele>
        <time>2022-04-07T12:26:56Z</time>
      </trkpt>
      <trkpt lat="34.3390623997174" lon="109.02799469125011">
        <ele>387.3268157169223</ele>
        <time>2022-04-07T12:27:00Z</time>
      </trkpt>
      <trkpt lat="34.339319664539076" lon="109.0275012921644">
        <ele>386.2754293102771</ele>
        <time>2022-04-07T12:27:04Z</time>
      </trkpt>
      <trkpt lat="34.33961540895504" lon="109.02709584531982">
        <ele>385.0637582587078</ele>
        <time>2022-04-07T12:27:08Z</time>
      </trkpt>
      <trkpt lat="34.339999468754826" lon="109.02654244559677">
        <ele>385.0730846077204</ele>
        <time>2022-04-07T12:27:14Z</time>
      </trkpt>
      <trkpt lat="34.340349324467546" lon="109.02603264867908">
        <ele>385.49970911443233</ele>
        <time>2022-04-07T12:27:20Z</time>
      </trkpt>
      <trkpt lat="34.34046084551949" lon="109.02587452235353">
        <ele>384.93287222180516</ele>
        <time>2022-04-07T12:27:22Z</time>
      </trkpt>
      <trkpt lat="34.34079801801498" lon="109.02541412293422">
        <ele>385.2985946070403</ele>
        <time>2022-04-07T12:27:28Z</time>
      </trkpt>
      <trkpt lat="34.341096750113635" lon="109.0249918219929">
        <ele>385.98646835330874</ele>
        <time>2022-04-07T12:27:34Z</time>
      </trkpt>
      <trkpt lat="34.34144787437971" lon="109.02449811498201">
        <ele>385.96364156436175</ele>
        <time>2022-04-07T12:27:42Z</time>
      </trkpt>
      <trkpt lat="34.341531367052426" lon="109.02438617875899">
        <ele>385.09531665220857</ele>
        <time>2022-04-07T12:27:44Z</time>
      </trkpt>
      <trkpt lat="34.341574768230096" lon="109.02425573400558">
        <ele>385.3445423133671</ele>
        <time>2022-04-07T12:27:46Z</time>
      </trkpt>
      <trkpt lat="34.34151164432272" lon="109.02417361897241">
        <ele>385.5230894740671</ele>
        <time>2022-04-07T12:27:48Z</time>
      </trkpt>
      <trkpt lat="34.3414043753927" lon="109.02423978312595">
        <ele>384.6628060117364</ele>
        <time>2022-04-07T12:27:50Z</time>
      </trkpt>
      <trkpt lat="34.34123291304419" lon="109.02451413688532">
        <ele>384.8227702435106</ele>
        <time>2022-04-07T12:27:56Z</time>
      </trkpt>
      <trkpt lat="34.34110534928784" lon="109.02466425083973">
        <ele>385.0884099472314</ele>
        <time>2022-04-07T12:28:00Z</time>
      </trkpt>
      <trkpt lat="34.341062849113136" lon="109.0247373323085">
        <ele>385.06929506361485</ele>
        <time>2022-04-07T12:28:04Z</time>
      </trkpt>
      <trkpt lat="34.341077241395034" lon="109.0247501174875">
        <ele>385.7226021485403</ele>
        <time>2022-04-07T12:28:10Z</time>
      </trkpt>
      <trkpt lat="34.341216941659454" lon="109.0243416799371">
        <ele>385.2999050319195</ele>
        <time>2022-04-07T12:42:25Z</time>
      </trkpt>
      <trkpt lat="34.34140495026955" lon="109.02410250597896">
        <ele>385.409126364626</ele>
        <time>2022-04-07T12:42:33Z</time>
      </trkpt>
      <trkpt lat="34.34144597587202" lon="109.02397293792127">
        <ele>385.7651451099664</ele>
        <time>2022-04-07T12:42:37Z</time>
      </trkpt>
      <trkpt lat="34.34147799442746" lon="109.0239316224162">
        <ele>386.0102690476924</ele>
        <time>2022-04-07T12:42:47Z</time>
      </trkpt>
      <trkpt lat="34.341534168639186" lon="109.02376044640135">
        <ele>387.52020677458495</ele>
        <time>2022-04-07T12:43:49Z</time>
      </trkpt>
      <trkpt lat="34.341536804602434" lon="109.02365822348251">
        <ele>387.35356522351503</ele>
        <time>2022-04-07T12:43:51Z</time>
      </trkpt>
      <trkpt lat="34.34149487624521" lon="109.02354960561753">
        <ele>387.19805679190904</ele>
        <time>2022-04-07T12:43:53Z</time>
      </trkpt>
      <trkpt lat="34.341129294991184" lon="109.02317623529981">
        <ele>386.58920322265476</ele>
        <time>2022-04-07T12:44:01Z</time>
      </trkpt>
      <trkpt lat="34.34087362908086" lon="109.02295437439464">
        <ele>386.8609010344371</ele>
        <time>2022-04-07T12:44:07Z</time>
      </trkpt>
      <trkpt lat="34.34065907357648" lon="109.02268023896059">
        <ele>387.27369078900665</ele>
        <time>2022-04-07T12:44:13Z</time>
      </trkpt>
      <trkpt lat="34.3402507946946" lon="109.02224125992572">
        <ele>384.8201484391466</ele>
        <time>2022-04-07T12:44:23Z</time>
      </trkpt>
      <trkpt lat="34.34014214239497" lon="109.02216565729576">
        <ele>384.01921569090337</ele>
        <time>2022-04-07T12:44:25Z</time>
      </trkpt>
      <trkpt lat="34.34005875709956" lon="109.02204866780484">
        <ele>383.482903810218</ele>
        <time>2022-04-07T12:44:27Z</time>
      </trkpt>
      <trkpt lat="34.339688161022025" lon="109.02166510708781">
        <ele>383.0862774271518</ele>
        <time>2022-04-07T12:44:35Z</time>
      </trkpt>
      <trkpt lat="34.33953629868599" lon="109.02151753792913">
        <ele>384.04640335496515</ele>
        <time>2022-04-07T12:44:39Z</time>
      </trkpt>
      <trkpt lat="34.33941327523309" lon="109.02134774890409">
        <ele>386.3801249722019</ele>
        <time>2022-04-07T12:44:49Z</time>
      </trkpt>
      <trkpt lat="34.33912627932507" lon="109.02112381908249">
        <ele>387.654699430801</ele>
        <time>2022-04-07T12:44:59Z</time>
      </trkpt>
      <trkpt lat="34.33876584279224" lon="109.0207387855561">
        <ele>386.47755636740476</ele>
        <time>2022-04-07T12:45:09Z</time>
      </trkpt>
      <trkpt lat="34.33845261580588" lon="109.02041642626506">
        <ele>384.6607816927135</ele>
        <time>2022-04-07T12:45:17Z</time>
      </trkpt>
      <trkpt lat="34.33811882494007" lon="109.02006928699173">
        <ele>382.42218871228397</ele>
        <time>2022-04-07T12:45:25Z</time>
      </trkpt>
      <trkpt lat="34.33772594637155" lon="109.01965771908192">
        <ele>381.6950355041772</ele>
        <time>2022-04-07T12:45:34Z</time>
      </trkpt>
      <trkpt lat="34.33735281502531" lon="109.01927330414996">
        <ele>381.7878359062597</ele>
        <time>2022-04-07T12:45:42Z</time>
      </trkpt>
      <trkpt lat="34.33697226170692" lon="109.01888636107473">
        <ele>381.42610651627183</ele>
        <time>2022-04-07T12:45:50Z</time>
      </trkpt>
      <trkpt lat="34.3365776247309" lon="109.01847656875621">
        <ele>380.705088541843</ele>
        <time>2022-04-07T12:45:58Z</time>
      </trkpt>
      <trkpt lat="34.3361703074234" lon="109.01807488035782">
        <ele>381.13696698565036</ele>
        <time>2022-04-07T12:46:06Z</time>
      </trkpt>
      <trkpt lat="34.335763550364454" lon="109.01764489783491">
        <ele>383.51015792414546</ele>
        <time>2022-04-07T12:46:14Z</time>
      </trkpt>
      <trkpt lat="34.33537626899984" lon="109.01721262498748">
        <ele>385.409352700226</ele>
        <time>2022-04-07T12:46:22Z</time>
      </trkpt>
      <trkpt lat="34.33498520578584" lon="109.01672696373359">
        <ele>386.30205499287695</ele>
        <time>2022-04-07T12:46:30Z</time>
      </trkpt>
      <trkpt lat="34.33460925820334" lon="109.01624868463074">
        <ele>385.9261207515374</ele>
        <time>2022-04-07T12:46:38Z</time>
      </trkpt>
      <trkpt lat="34.3342450992193" lon="109.01578856398869">
        <ele>386.3478134069592</ele>
        <time>2022-04-07T12:46:46Z</time>
      </trkpt>
      <trkpt lat="34.334158359834966" lon="109.0156832901478">
        <ele>386.4189554071054</ele>
        <time>2022-04-07T12:46:48Z</time>
      </trkpt>
      <trkpt lat="34.33384593748337" lon="109.01522877465851">
        <ele>386.5368601595983</ele>
        <time>2022-04-07T12:46:56Z</time>
      </trkpt>
      <trkpt lat="34.33353437291393" lon="109.01470210038656">
        <ele>387.20155206881464</ele>
        <time>2022-04-07T12:47:06Z</time>
      </trkpt>
      <trkpt lat="34.333254328877494" lon="109.01418310491259">
        <ele>388.1138995643705</ele>
        <time>2022-04-07T12:47:16Z</time>
      </trkpt>
      <trkpt lat="34.332977871410336" lon="109.01366659316675">
        <ele>388.05112012382597</ele>
        <time>2022-04-07T12:47:26Z</time>
      </trkpt>
      <trkpt lat="34.332930870182636" lon="109.0135686787897">
        <ele>386.96158170420676</ele>
        <time>2022-04-07T12:47:28Z</time>
      </trkpt>
      <trkpt lat="34.33272987480516" lon="109.01315345850846">
        <ele>387.1842650268227</ele>
        <time>2022-04-07T12:47:38Z</time>
      </trkpt>
      <trkpt lat="34.33272654746569" lon="109.01305070383532">
        <ele>387.0583552289754</ele>
        <time>2022-04-07T12:47:48Z</time>
      </trkpt>
      <trkpt lat="34.332530513969125" lon="109.01255864376907">
        <ele>387.54475488327444</ele>
        <time>2022-04-07T12:47:58Z</time>
      </trkpt>
      <trkpt lat="34.332471462459104" lon="109.012460040178">
        <ele>387.99267958756536</ele>
        <time>2022-04-07T12:48:00Z</time>
      </trkpt>
      <trkpt lat="34.33233888533896" lon="109.01212337331455">
        <ele>387.7412597760558</ele>
        <time>2022-04-07T12:48:06Z</time>
      </trkpt>
      <trkpt lat="34.33216200721569" lon="109.01160477644098">
        <ele>387.1113406633958</ele>
        <time>2022-04-07T12:48:14Z</time>
      </trkpt>
      <trkpt lat="34.33208054838499" lon="109.01134223944047">
        <ele>386.4090343378484</ele>
        <time>2022-04-07T12:48:18Z</time>
      </trkpt>
      <trkpt lat="34.33197325618966" lon="109.01107538251412">
        <ele>387.0942967329174</ele>
        <time>2022-04-07T12:48:22Z</time>
      </trkpt>
      <trkpt lat="34.33181447227328" lon="109.01049117082282">
        <ele>386.4885770576075</ele>
        <time>2022-04-07T12:48:30Z</time>
      </trkpt>
      <trkpt lat="34.33174503915686" lon="109.00989850791927">
        <ele>386.3068681145087</ele>
        <time>2022-04-07T12:48:38Z</time>
      </trkpt>
      <trkpt lat="34.331705319252166" lon="109.0092955773992">
        <ele>387.4557224260643</ele>
        <time>2022-04-07T12:48:46Z</time>
      </trkpt>
      <trkpt lat="34.33171813629715" lon="109.00865101313165">
        <ele>385.46328858006746</ele>
        <time>2022-04-07T12:48:54Z</time>
      </trkpt>
      <trkpt lat="34.33174131793567" lon="109.00802355952925">
        <ele>386.6329700862989</ele>
        <time>2022-04-07T12:49:02Z</time>
      </trkpt>
      <trkpt lat="34.331745250807714" lon="109.00741987419278">
        <ele>386.3110971050337</ele>
        <time>2022-04-07T12:49:10Z</time>
      </trkpt>
      <trkpt lat="34.33174978970894" lon="109.00684661121423">
        <ele>386.65136980079114</ele>
        <time>2022-04-07T12:49:18Z</time>
      </trkpt>
      <trkpt lat="34.331765471150966" lon="109.00629711330204">
        <ele>386.3278757445514</ele>
        <time>2022-04-07T12:49:26Z</time>
      </trkpt>
      <trkpt lat="34.33175501490904" lon="109.00604589652961">
        <ele>386.71706091891974</ele>
        <time>2022-04-07T12:49:30Z</time>
      </trkpt>
      <trkpt lat="34.33177418716514" lon="109.00550771304324">
        <ele>386.8048855792731</ele>
        <time>2022-04-07T12:49:38Z</time>
      </trkpt>
      <trkpt lat="34.33178148382577" lon="109.00489170872302">
        <ele>386.68996983300894</ele>
        <time>2022-04-07T12:49:48Z</time>
      </trkpt>
      <trkpt lat="34.33178561130995" lon="109.00436344218674">
        <ele>386.76664689090103</ele>
        <time>2022-04-07T12:49:56Z</time>
      </trkpt>
      <trkpt lat="34.33180837733652" lon="109.00396851903197">
        <ele>386.5687132515013</ele>
        <time>2022-04-07T12:50:02Z</time>
      </trkpt>
      <trkpt lat="34.33181263138079" lon="109.00342014844891">
        <ele>387.4788741543889</ele>
        <time>2022-04-07T12:50:10Z</time>
      </trkpt>
      <trkpt lat="34.33183275794313" lon="109.00287080764083">
        <ele>388.24827068299055</ele>
        <time>2022-04-07T12:50:18Z</time>
      </trkpt>
      <trkpt lat="34.331836360104255" lon="109.00230733445393">
        <ele>388.9611062845215</ele>
        <time>2022-04-07T12:50:26Z</time>
      </trkpt>
      <trkpt lat="34.33184648789516" lon="109.00174907997827">
        <ele>389.4321004571393</ele>
        <time>2022-04-07T12:50:34Z</time>
      </trkpt>
      <trkpt lat="34.331847308429445" lon="109.00117182846792">
        <ele>390.1523108398542</ele>
        <time>2022-04-07T12:50:42Z</time>
      </trkpt>
      <trkpt lat="34.33184974206553" lon="109.00102486289016">
        <ele>390.44139649532735</ele>
        <time>2022-04-07T12:50:44Z</time>
      </trkpt>
      <trkpt lat="34.331861732856545" lon="109.00046552646174">
        <ele>391.19152332190424</ele>
        <time>2022-04-07T12:50:52Z</time>
      </trkpt>
      <trkpt lat="34.33189272247238" lon="108.99989084685643">
        <ele>391.5585070056841</ele>
        <time>2022-04-07T12:51:00Z</time>
      </trkpt>
      <trkpt lat="34.33187248002667" lon="108.99935196884846">
        <ele>391.366118285805</ele>
        <time>2022-04-07T12:51:08Z</time>
      </trkpt>
      <trkpt lat="34.33182992434407" lon="108.99878879175486">
        <ele>392.4716652361676</ele>
        <time>2022-04-07T12:51:16Z</time>
      </trkpt>
      <trkpt lat="34.33176401717168" lon="108.99839906234367">
        <ele>392.24932674411684</ele>
        <time>2022-04-07T12:51:22Z</time>
      </trkpt>
      <trkpt lat="34.33160902799239" lon="108.99787396843402">
        <ele>392.19623063039035</ele>
        <time>2022-04-07T12:51:30Z</time>
      </trkpt>
      <trkpt lat="34.33148735373233" lon="108.99748714891284">
        <ele>391.139715872705</ele>
        <time>2022-04-07T12:51:36Z</time>
      </trkpt>
      <trkpt lat="34.33135725192411" lon="108.99695684678046">
        <ele>392.4240411827341</ele>
        <time>2022-04-07T12:51:44Z</time>
      </trkpt>
      <trkpt lat="34.33120512612348" lon="108.99644326884973">
        <ele>392.2772569442168</ele>
        <time>2022-04-07T12:51:52Z</time>
      </trkpt>
      <trkpt lat="34.3310914617113" lon="108.99602976019429">
        <ele>393.11369607876986</ele>
        <time>2022-04-07T12:51:58Z</time>
      </trkpt>
      <trkpt lat="34.331067881546105" lon="108.99588168475921">
        <ele>393.2588895680383</ele>
        <time>2022-04-07T12:52:00Z</time>
      </trkpt>
      <trkpt lat="34.33106115479363" lon="108.9954058937478">
        <ele>392.89127402566373</ele>
        <time>2022-04-07T12:52:06Z</time>
      </trkpt>
      <trkpt lat="34.331091444861215" lon="108.99474372476287">
        <ele>393.03698102384806</ele>
        <time>2022-04-07T12:52:14Z</time>
      </trkpt>
      <trkpt lat="34.33095537183212" lon="108.9944562674138">
        <ele>392.96170942578465</ele>
        <time>2022-04-07T12:52:18Z</time>
      </trkpt>
      <trkpt lat="34.33087811964609" lon="108.99422812629582">
        <ele>392.6189677817747</ele>
        <time>2022-04-07T12:52:20Z</time>
      </trkpt>
      <trkpt lat="34.33088409112008" lon="108.99398791805896">
        <ele>393.0509630450979</ele>
        <time>2022-04-07T12:52:24Z</time>
      </trkpt>
      <trkpt lat="34.33082383090582" lon="108.99361026800895">
        <ele>392.62180415168405</ele>
        <time>2022-04-07T12:52:28Z</time>
      </trkpt>
      <trkpt lat="34.3308371699409" lon="108.99347043684236">
        <ele>393.4782689716667</ele>
        <time>2022-04-07T12:52:30Z</time>
      </trkpt>
      <trkpt lat="34.3308722091388" lon="108.99338649304464">
        <ele>393.01409273874015</ele>
        <time>2022-04-07T12:52:32Z</time>
      </trkpt>
      <trkpt lat="34.330908777980184" lon="108.99285104189099">
        <ele>393.05300600174814</ele>
        <time>2022-04-07T12:52:40Z</time>
      </trkpt>
      <trkpt lat="34.33089171862815" lon="108.99224545836853">
        <ele>392.43210970889777</ele>
        <time>2022-04-07T12:52:48Z</time>
      </trkpt>
      <trkpt lat="34.33087293926131" lon="108.99178321290525">
        <ele>392.48813651595265</ele>
        <time>2022-04-07T12:52:54Z</time>
      </trkpt>
      <trkpt lat="34.330880689214474" lon="108.99148527763354">
        <ele>391.9275514418259</ele>
        <time>2022-04-07T12:52:58Z</time>
      </trkpt>
      <trkpt lat="34.330896997336865" lon="108.99136265797267">
        <ele>391.43740815576166</ele>
        <time>2022-04-07T12:53:00Z</time>
      </trkpt>
      <trkpt lat="34.33092376283465" lon="108.99136737746325">
        <ele>391.6862923540175</ele>
        <time>2022-04-07T12:53:12Z</time>
      </trkpt>
      <trkpt lat="34.33094303708516" lon="108.99126173010114">
        <ele>392.8186393706128</ele>
        <time>2022-04-07T12:53:21Z</time>
      </trkpt>
      <trkpt lat="34.33095489331008" lon="108.9910959890798">
        <ele>393.14003710076213</ele>
        <time>2022-04-07T12:53:25Z</time>
      </trkpt>
      <trkpt lat="34.33092693664882" lon="108.99075400954663">
        <ele>391.89062658976763</ele>
        <time>2022-04-07T12:53:31Z</time>
      </trkpt>
      <trkpt lat="34.33093115382403" lon="108.99061088820645">
        <ele>391.2647224701941</ele>
        <time>2022-04-07T12:53:33Z</time>
      </trkpt>
      <trkpt lat="34.3308872260057" lon="108.99006966748419">
        <ele>392.2060078093782</ele>
        <time>2022-04-07T12:53:41Z</time>
      </trkpt>
      <trkpt lat="34.3308934282656" lon="108.98981969598637">
        <ele>392.1423929845914</ele>
        <time>2022-04-07T12:53:45Z</time>
      </trkpt>
      <trkpt lat="34.33087932441636" lon="108.98966397257072">
        <ele>392.33463595993817</ele>
        <time>2022-04-07T12:53:47Z</time>
      </trkpt>
      <trkpt lat="34.330893583735886" lon="108.98954211419722">
        <ele>391.9499576687813</ele>
        <time>2022-04-07T12:53:49Z</time>
      </trkpt>
      <trkpt lat="34.33087218768083" lon="108.98942088363737">
        <ele>392.5306105334312</ele>
        <time>2022-04-07T12:53:51Z</time>
      </trkpt>
      <trkpt lat="34.330901799853805" lon="108.98920466564695">
        <ele>392.69384022429585</ele>
        <time>2022-04-07T12:53:54Z</time>
      </trkpt>
      <trkpt lat="34.33088595306095" lon="108.9890873997336">
        <ele>392.7315856497735</ele>
        <time>2022-04-07T12:53:56Z</time>
      </trkpt>
      <trkpt lat="34.33090786247576" lon="108.98849600907975">
        <ele>392.7322286982089</ele>
        <time>2022-04-07T12:54:04Z</time>
      </trkpt>
      <trkpt lat="34.33083997140591" lon="108.9879928947253">
        <ele>392.9491783604026</ele>
        <time>2022-04-07T12:54:10Z</time>
      </trkpt>
      <trkpt lat="34.33084046128454" lon="108.98788112359522">
        <ele>392.7482300437987</ele>
        <time>2022-04-07T12:54:12Z</time>
      </trkpt>
      <trkpt lat="34.330902756016236" lon="108.98755670771095">
        <ele>392.817411262542</ele>
        <time>2022-04-07T12:54:16Z</time>
      </trkpt>
      <trkpt lat="34.330923025000466" lon="108.98722180946567">
        <ele>393.05382503569126</ele>
        <time>2022-04-07T12:54:20Z</time>
      </trkpt>
      <trkpt lat="34.33091188911356" lon="108.98687271786918">
        <ele>392.9355416717008</ele>
        <time>2022-04-07T12:54:24Z</time>
      </trkpt>
      <trkpt lat="34.330893907421945" lon="108.98674067618126">
        <ele>393.04149493202567</ele>
        <time>2022-04-07T12:54:26Z</time>
      </trkpt>
      <trkpt lat="34.33088931828047" lon="108.98627630127095">
        <ele>392.90910768695176</ele>
        <time>2022-04-07T12:54:32Z</time>
      </trkpt>
      <trkpt lat="34.33086644521526" lon="108.98614049085987">
        <ele>393.5788478171453</ele>
        <time>2022-04-07T12:54:34Z</time>
      </trkpt>
      <trkpt lat="34.33090036779127" lon="108.98602799571087">
        <ele>393.83527865074575</ele>
        <time>2022-04-07T12:54:36Z</time>
      </trkpt>
      <trkpt lat="34.33090567522258" lon="108.98586936264437">
        <ele>393.4414145164192</ele>
        <time>2022-04-07T12:54:38Z</time>
      </trkpt>
      <trkpt lat="34.330890586739876" lon="108.98568563648855">
        <ele>394.1209402391687</ele>
        <time>2022-04-07T12:54:40Z</time>
      </trkpt>
      <trkpt lat="34.33094804400284" lon="108.98522911544408">
        <ele>394.09844981878996</ele>
        <time>2022-04-07T12:54:46Z</time>
      </trkpt>
      <trkpt lat="34.33099279043905" lon="108.9845853650067">
        <ele>393.8693140326068</ele>
        <time>2022-04-07T12:54:54Z</time>
      </trkpt>
      <trkpt lat="34.331021634101276" lon="108.98426872828469">
        <ele>394.48861326277256</ele>
        <time>2022-04-07T12:54:58Z</time>
      </trkpt>
      <trkpt lat="34.33102748189488" lon="108.98365785754967">
        <ele>394.5194215606898</ele>
        <time>2022-04-07T12:55:06Z</time>
      </trkpt>
      <trkpt lat="34.33103273586278" lon="108.9830443636288">
        <ele>395.0330998869613</ele>
        <time>2022-04-07T12:55:14Z</time>
      </trkpt>
      <trkpt lat="34.33105085489213" lon="108.98243380771153">
        <ele>395.5955645861104</ele>
        <time>2022-04-07T12:55:22Z</time>
      </trkpt>
      <trkpt lat="34.331046373358994" lon="108.98181460024696">
        <ele>395.13265000656247</ele>
        <time>2022-04-07T12:55:30Z</time>
      </trkpt>
      <trkpt lat="34.33106564183855" lon="108.98151163025553">
        <ele>395.50062875729054</ele>
        <time>2022-04-07T12:55:34Z</time>
      </trkpt>
      <trkpt lat="34.33105153219925" lon="108.98135407640848">
        <ele>395.93554030451924</ele>
        <time>2022-04-07T12:55:36Z</time>
      </trkpt>
      <trkpt lat="34.331055922748895" lon="108.98077032149413">
        <ele>395.64713821560144</ele>
        <time>2022-04-07T12:55:44Z</time>
      </trkpt>
      <trkpt lat="34.3310500795888" lon="108.98021676185415">
        <ele>396.0765168229118</ele>
        <time>2022-04-07T12:55:52Z</time>
      </trkpt>
      <trkpt lat="34.331069398447106" lon="108.97996705302218">
        <ele>395.66965452581644</ele>
        <time>2022-04-07T12:55:56Z</time>
      </trkpt>
      <trkpt lat="34.33103550802299" lon="108.97985792060172">
        <ele>395.9007767364383</ele>
        <time>2022-04-07T12:55:58Z</time>
      </trkpt>
      <trkpt lat="34.33093093485561" lon="108.97983693815677">
        <ele>395.88453030306846</ele>
        <time>2022-04-07T12:56:00Z</time>
      </trkpt>
      <trkpt lat="34.330832122847504" lon="108.97985734920277">
        <ele>395.7179540209472</ele>
        <time>2022-04-07T12:56:02Z</time>
      </trkpt>
      <trkpt lat="34.33073145090874" lon="108.9798485416259">
        <ele>395.576564299874</ele>
        <time>2022-04-07T12:56:04Z</time>
      </trkpt>
      <trkpt lat="34.33056948238518" lon="108.979768992621">
        <ele>395.16533278208226</ele>
        <time>2022-04-07T12:56:08Z</time>
      </trkpt>
      <trkpt lat="34.33011361092719" lon="108.97977063488521">
        <ele>394.74596833530813</ele>
        <time>2022-04-07T12:56:18Z</time>
      </trkpt>
      <trkpt lat="34.329945676195095" lon="108.97978007087073">
        <ele>395.06230142340064</ele>
        <time>2022-04-07T12:56:22Z</time>
      </trkpt>
      <trkpt lat="34.329876016134264" lon="108.97974224166185">
        <ele>395.76224244665354</ele>
        <time>2022-04-07T12:56:24Z</time>
      </trkpt>
      <trkpt lat="34.32982548952967" lon="108.97967823995333">
        <ele>395.19251682329923</ele>
        <time>2022-04-07T12:56:26Z</time>
      </trkpt>
      <trkpt lat="34.32975449552691" lon="108.97963197394023">
        <ele>395.76683616731316</ele>
        <time>2022-04-07T12:56:28Z</time>
      </trkpt>
      <trkpt lat="34.329670565476825" lon="108.97961016107303">
        <ele>395.5440755812451</ele>
        <time>2022-04-07T12:56:30Z</time>
      </trkpt>
      <trkpt lat="34.32941398598277" lon="108.9796522983059">
        <ele>395.999937412329</ele>
        <time>2022-04-07T12:56:36Z</time>
      </trkpt>
      <trkpt lat="34.3291636743943" lon="108.9796554033741">
        <ele>395.83611525874585</ele>
        <time>2022-04-07T12:56:42Z</time>
      </trkpt>
      <trkpt lat="34.329063018354354" lon="108.97971685811932">
        <ele>396.10656051989645</ele>
        <time>2022-04-07T12:56:46Z</time>
      </trkpt>
      <trkpt lat="34.32905603934145" lon="108.97980828394087">
        <ele>395.55468153674155</ele>
        <time>2022-04-07T12:56:50Z</time>
      </trkpt>
      <trkpt lat="34.329066905899204" lon="108.97977411332134">
        <ele>395.76033087819815</ele>
        <time>2022-04-07T12:56:58Z</time>
      </trkpt>
      <trkpt lat="34.32901025717714" lon="108.97991668379287">
        <ele>393.88473626133054</ele>
        <time>2022-04-07T12:57:13Z</time>
      </trkpt>
      <trkpt lat="34.32894341124715" lon="108.9801189977436">
        <ele>395.66801836621016</ele>
        <time>2022-04-07T12:57:24Z</time>
      </trkpt>
      <trkpt lat="34.32894341124715" lon="108.9801189977436">
        <ele>395.66801836621016</ele>
        <time>2022-04-07T12:57:24Z</time>
      </trkpt>
    </trkseg>
  </trk>
</gpx>