<?xml version="1.0" encoding="UTF-8"?>
<gpx xmlns="http://www.topografix.com/GPX/1/1" xmlns:gpxtpx="http://www.garmin.com/xmlschemas/TrackPointExtension/v1" xmlns:xsi="http://www.w3.org/2001/XMLSchema-instance" xsi:schemaLocation="http://www.topografix.com/GPX/1/1 http://www.topografix.com/GPX/1/1/gpx.xsd" version="1.1" creator="gpx.py -- https://github.com/tkrajina/gpxpy">
  <trk>
    <name>gpx from keep</name>
    <type>Ride</type>
    <trkseg>
      <trkpt lat="34.328167807970395" lon="108.98016863857809">
        <ele>404.3659896850586</ele>
        <time>2022-03-07T21:27:27Z</time>
      </trkpt>
      <trkpt lat="34.32822116842849" lon="108.98042389133788">
        <ele>404.29552841186523</ele>
        <time>2022-03-07T21:27:34Z</time>
      </trkpt>
      <trkpt lat="34.32827606671266" lon="108.98020638688936">
        <ele>404.5701560974121</ele>
        <time>2022-03-07T21:27:52Z</time>
      </trkpt>
      <trkpt lat="34.32822116842849" lon="108.98042389133788">
        <ele>404.6066551208496</ele>
        <time>2022-03-07T21:27:58Z</time>
      </trkpt>
      <trkpt lat="34.32823901171189" lon="108.98024874555517">
        <ele>403.99138259887695</ele>
        <time>2022-03-07T21:28:13Z</time>
      </trkpt>
      <trkpt lat="34.32822116842849" lon="108.98042389133788">
        <ele>403.9914207458496</ele>
        <time>2022-03-07T21:28:19Z</time>
      </trkpt>
      <trkpt lat="34.328400908294434" lon="108.98037813420727">
        <ele>403.25265884399414</ele>
        <time>2022-03-07T21:28:21Z</time>
      </trkpt>
      <trkpt lat="34.32822116842849" lon="108.98042389133788">
        <ele>403.75930404663086</ele>
        <time>2022-03-07T21:28:25Z</time>
      </trkpt>
      <trkpt lat="34.32837866287968" lon="108.98038931465153">
        <ele>403.64969635009766</ele>
        <time>2022-03-07T21:28:34Z</time>
      </trkpt>
      <trkpt lat="34.32830970988979" lon="108.98034761261155">
        <ele>403.28021240234375</ele>
        <time>2022-03-07T21:28:41Z</time>
      </trkpt>
      <trkpt lat="34.328390147377334" lon="108.98035841078685">
        <ele>403.89867782592773</ele>
        <time>2022-03-07T21:29:12Z</time>
      </trkpt>
      <trkpt lat="34.328339447437514" lon="108.98049410794474">
        <ele>399.24241638183594</ele>
        <time>2022-03-07T21:29:31Z</time>
      </trkpt>
      <trkpt lat="34.32813309516146" lon="108.9804735769676">
        <ele>398.29419708251953</ele>
        <time>2022-03-07T21:29:37Z</time>
      </trkpt>
      <trkpt lat="34.32817117220066" lon="108.9806181630742">
        <ele>397.17908477783203</ele>
        <time>2022-03-07T21:29:49Z</time>
      </trkpt>
      <trkpt lat="34.32872031671702" lon="108.98038145837211">
        <ele>397.1833915710449</ele>
        <time>2022-03-07T21:30:08Z</time>
      </trkpt>
      <trkpt lat="34.32846293474765" lon="108.98042678277396">
        <ele>397.13215255737305</ele>
        <time>2022-03-07T21:30:14Z</time>
      </trkpt>
      <trkpt lat="34.328325536811384" lon="108.98031420047246">
        <ele>396.9428596496582</ele>
        <time>2022-03-07T21:30:23Z</time>
      </trkpt>
      <trkpt lat="34.32857246982183" lon="108.98026421753129">
        <ele>396.8710823059082</ele>
        <time>2022-03-07T21:30:29Z</time>
      </trkpt>
      <trkpt lat="34.328715002066254" lon="108.97998613026799">
        <ele>396.9295711517334</ele>
        <time>2022-03-07T21:30:35Z</time>
      </trkpt>
      <trkpt lat="34.328652242919304" lon="108.9801963562391">
        <ele>395.90419707861577</ele>
        <time>2022-03-07T21:30:42Z</time>
      </trkpt>
      <trkpt lat="34.32853611521423" lon="108.98028971760316">
        <ele>395.8797740722075</ele>
        <time>2022-03-07T21:30:51Z</time>
      </trkpt>
      <trkpt lat="34.3286328337167" lon="108.98027691927203">
        <ele>395.88082846067846</ele>
        <time>2022-03-07T21:30:53Z</time>
      </trkpt>
      <trkpt lat="34.328626598405506" lon="108.9803983944553">
        <ele>395.86065538879484</ele>
        <time>2022-03-07T21:30:59Z</time>
      </trkpt>
      <trkpt lat="34.32856998707404" lon="108.98048241048073">
        <ele>395.8725481228903</ele>
        <time>2022-03-07T21:31:01Z</time>
      </trkpt>
      <trkpt lat="34.3285244878605" lon="108.98075005470933">
        <ele>395.42837591748685</ele>
        <time>2022-03-07T21:31:07Z</time>
      </trkpt>
      <trkpt lat="34.32846043810424" lon="108.98082644883716">
        <ele>394.64699893724173</ele>
        <time>2022-03-07T21:31:11Z</time>
      </trkpt>
      <trkpt lat="34.32835884442788" lon="108.98083384513855">
        <ele>394.7500332929194</ele>
        <time>2022-03-07T21:31:16Z</time>
      </trkpt>
      <trkpt lat="34.328100483780325" lon="108.98075479478118">
        <ele>395.0089833093807</ele>
        <time>2022-03-07T21:31:24Z</time>
      </trkpt>
      <trkpt lat="34.328084657711244" lon="108.98021113914025">
        <ele>396.34840449132025</ele>
        <time>2022-03-07T21:31:36Z</time>
      </trkpt>
      <trkpt lat="34.32808670155773" lon="108.97978310829862">
        <ele>396.2522869165987</ele>
        <time>2022-03-07T21:31:44Z</time>
      </trkpt>
      <trkpt lat="34.32811081541545" lon="108.97967246100457">
        <ele>396.20799127966166</ele>
        <time>2022-03-07T21:31:46Z</time>
      </trkpt>
      <trkpt lat="34.32817986710855" lon="108.97958738982709">
        <ele>396.0095622604713</ele>
        <time>2022-03-07T21:31:48Z</time>
      </trkpt>
      <trkpt lat="34.328269775561914" lon="108.97953085377046">
        <ele>396.0662360833958</ele>
        <time>2022-03-07T21:31:50Z</time>
      </trkpt>
      <trkpt lat="34.32837725386263" lon="108.97950943851889">
        <ele>396.1534963035956</ele>
        <time>2022-03-07T21:31:52Z</time>
      </trkpt>
      <trkpt lat="34.32883047967946" lon="108.9794918224676">
        <ele>396.19667238369584</ele>
        <time>2022-03-07T21:32:00Z</time>
      </trkpt>
      <trkpt lat="34.32928191893235" lon="108.97948049038992">
        <ele>395.776119844988</ele>
        <time>2022-03-07T21:32:08Z</time>
      </trkpt>
      <trkpt lat="34.329521024265134" lon="108.97947216598646">
        <ele>396.1045032190159</ele>
        <time>2022-03-07T21:32:12Z</time>
      </trkpt>
      <trkpt lat="34.329750603079766" lon="108.97955881805107">
        <ele>395.91739713028073</ele>
        <time>2022-03-07T21:32:16Z</time>
      </trkpt>
      <trkpt lat="34.33021099228566" lon="108.97965662982006">
        <ele>395.46903790626675</ele>
        <time>2022-03-07T21:32:24Z</time>
      </trkpt>
      <trkpt lat="34.330566322221806" lon="108.97967403678933">
        <ele>395.0726758921519</ele>
        <time>2022-03-07T21:32:30Z</time>
      </trkpt>
      <trkpt lat="34.33067067098583" lon="108.97972027516181">
        <ele>394.66423442121595</ele>
        <time>2022-03-07T21:32:32Z</time>
      </trkpt>
      <trkpt lat="34.330758793645714" lon="108.97981327541203">
        <ele>394.94473705720156</ele>
        <time>2022-03-07T21:32:34Z</time>
      </trkpt>
      <trkpt lat="34.33080408549052" lon="108.97995019367778">
        <ele>395.5094692334533</ele>
        <time>2022-03-07T21:32:36Z</time>
      </trkpt>
      <trkpt lat="34.330782121401576" lon="108.98055029064386">
        <ele>394.72578008286655</ele>
        <time>2022-03-07T21:32:44Z</time>
      </trkpt>
      <trkpt lat="34.33076892174712" lon="108.98086590746881">
        <ele>394.71155227255076</ele>
        <time>2022-03-07T21:32:48Z</time>
      </trkpt>
      <trkpt lat="34.33075922186055" lon="108.98152235801366">
        <ele>394.89804926048964</ele>
        <time>2022-03-07T21:32:56Z</time>
      </trkpt>
      <trkpt lat="34.33077208565315" lon="108.98220201330602">
        <ele>394.9166670907289</ele>
        <time>2022-03-07T21:33:04Z</time>
      </trkpt>
      <trkpt lat="34.33076773578888" lon="108.98288562484011">
        <ele>394.74613086506724</ele>
        <time>2022-03-07T21:33:12Z</time>
      </trkpt>
      <trkpt lat="34.33075938297741" lon="108.98320209083708">
        <ele>395.15349451079965</ele>
        <time>2022-03-07T21:33:16Z</time>
      </trkpt>
      <trkpt lat="34.330759779621744" lon="108.98378255029208">
        <ele>396.16842194553465</ele>
        <time>2022-03-07T21:33:24Z</time>
      </trkpt>
      <trkpt lat="34.330775885656166" lon="108.98403086523697">
        <ele>396.01934371329844</ele>
        <time>2022-03-07T21:33:28Z</time>
      </trkpt>
      <trkpt lat="34.33074417301522" lon="108.98456360391485">
        <ele>395.2425106642768</ele>
        <time>2022-03-07T21:33:36Z</time>
      </trkpt>
      <trkpt lat="34.330751364934244" lon="108.98513597130653">
        <ele>395.8447494395077</ele>
        <time>2022-03-07T21:33:44Z</time>
      </trkpt>
      <trkpt lat="34.33076382435726" lon="108.98528006087744">
        <ele>395.7842512698844</ele>
        <time>2022-03-07T21:33:46Z</time>
      </trkpt>
      <trkpt lat="34.33075178248487" lon="108.98586929016118">
        <ele>395.10942091420293</ele>
        <time>2022-03-07T21:33:54Z</time>
      </trkpt>
      <trkpt lat="34.33073728498013" lon="108.9860187765406">
        <ele>394.81747178174555</ele>
        <time>2022-03-07T21:33:56Z</time>
      </trkpt>
      <trkpt lat="34.3307307123818" lon="108.98665145056665">
        <ele>393.4316939730197</ele>
        <time>2022-03-07T21:34:04Z</time>
      </trkpt>
      <trkpt lat="34.330703951779526" lon="108.98697107251031">
        <ele>393.22182737104595</ele>
        <time>2022-03-07T21:34:08Z</time>
      </trkpt>
      <trkpt lat="34.33070833395197" lon="108.98763113634097">
        <ele>392.95808454602957</ele>
        <time>2022-03-07T21:34:16Z</time>
      </trkpt>
      <trkpt lat="34.330690086105044" lon="108.98823866724658">
        <ele>393.2938212621957</ele>
        <time>2022-03-07T21:34:23Z</time>
      </trkpt>
      <trkpt lat="34.33067582768226" lon="108.98876024570295">
        <ele>392.9568127403036</ele>
        <time>2022-03-07T21:34:29Z</time>
      </trkpt>
      <trkpt lat="34.330677328006644" lon="108.98936957954201">
        <ele>392.8803769024089</ele>
        <time>2022-03-07T21:34:36Z</time>
      </trkpt>
      <trkpt lat="34.33067489823214" lon="108.98990108471241">
        <ele>392.2241235859692</ele>
        <time>2022-03-07T21:34:42Z</time>
      </trkpt>
      <trkpt lat="34.33064861520393" lon="108.99043496773712">
        <ele>391.96583291329443</ele>
        <time>2022-03-07T21:34:48Z</time>
      </trkpt>
      <trkpt lat="34.33062045449268" lon="108.99095821618243">
        <ele>391.4867367744446</ele>
        <time>2022-03-07T21:34:54Z</time>
      </trkpt>
      <trkpt lat="34.330616981114474" lon="108.9914853875884">
        <ele>391.84625540301204</ele>
        <time>2022-03-07T21:35:00Z</time>
      </trkpt>
      <trkpt lat="34.33060960542397" lon="108.99216912905067">
        <ele>393.42460711393505</ele>
        <time>2022-03-07T21:35:08Z</time>
      </trkpt>
      <trkpt lat="34.33060835825693" lon="108.99284895526306">
        <ele>393.12081409059465</ele>
        <time>2022-03-07T21:35:16Z</time>
      </trkpt>
      <trkpt lat="34.33060404153637" lon="108.9935132089081">
        <ele>394.09086949098855</ele>
        <time>2022-03-07T21:35:24Z</time>
      </trkpt>
      <trkpt lat="34.3306156586448" lon="108.99403645269722">
        <ele>394.336060853675</ele>
        <time>2022-03-07T21:35:30Z</time>
      </trkpt>
      <trkpt lat="34.33064408662149" lon="108.99458280094579">
        <ele>393.8910220460966</ele>
        <time>2022-03-07T21:35:36Z</time>
      </trkpt>
      <trkpt lat="34.330689760673685" lon="108.99513982871828">
        <ele>393.3780827978626</ele>
        <time>2022-03-07T21:35:42Z</time>
      </trkpt>
      <trkpt lat="34.33075480908461" lon="108.9956946749437">
        <ele>393.2958533167839</ele>
        <time>2022-03-07T21:35:48Z</time>
      </trkpt>
      <trkpt lat="34.33085167638011" lon="108.99624827391482">
        <ele>392.84972572047263</ele>
        <time>2022-03-07T21:35:54Z</time>
      </trkpt>
      <trkpt lat="34.33101525110133" lon="108.99680345370666">
        <ele>392.94142850581557</ele>
        <time>2022-03-07T21:36:00Z</time>
      </trkpt>
      <trkpt lat="34.331189831454864" lon="108.99739411814231">
        <ele>391.8869168702513</ele>
        <time>2022-03-07T21:36:06Z</time>
      </trkpt>
      <trkpt lat="34.33134578662858" lon="108.9980023495226">
        <ele>391.0640365406871</ele>
        <time>2022-03-07T21:36:12Z</time>
      </trkpt>
      <trkpt lat="34.33146318634854" lon="108.99864255929376">
        <ele>389.35360921919346</ele>
        <time>2022-03-07T21:36:18Z</time>
      </trkpt>
      <trkpt lat="34.33153027402229" lon="108.99927661899817">
        <ele>388.84551630169153</ele>
        <time>2022-03-07T21:36:24Z</time>
      </trkpt>
      <trkpt lat="34.331546353006495" lon="108.99965928874113">
        <ele>389.4207221325487</ele>
        <time>2022-03-07T21:36:28Z</time>
      </trkpt>
      <trkpt lat="34.33152669351771" lon="109.00022431896915">
        <ele>389.5009490773082</ele>
        <time>2022-03-07T21:36:34Z</time>
      </trkpt>
      <trkpt lat="34.331519346151225" lon="109.00078744898792">
        <ele>389.59553476795554</ele>
        <time>2022-03-07T21:36:40Z</time>
      </trkpt>
      <trkpt lat="34.33151842244018" lon="109.00136471605856">
        <ele>390.4356857854873</ele>
        <time>2022-03-07T21:36:46Z</time>
      </trkpt>
      <trkpt lat="34.33150074840051" lon="109.00194025935714">
        <ele>390.02632348332554</ele>
        <time>2022-03-07T21:36:52Z</time>
      </trkpt>
      <trkpt lat="34.33149859090701" lon="109.00252827769776">
        <ele>389.9269395368174</ele>
        <time>2022-03-07T21:36:58Z</time>
      </trkpt>
      <trkpt lat="34.331484630796766" lon="109.00308868541771">
        <ele>388.8824265729636</ele>
        <time>2022-03-07T21:37:04Z</time>
      </trkpt>
      <trkpt lat="34.331467027640535" lon="109.00372027744964">
        <ele>388.4382371958345</ele>
        <time>2022-03-07T21:37:12Z</time>
      </trkpt>
      <trkpt lat="34.331458018290284" lon="109.0040156908739">
        <ele>387.78568443562835</ele>
        <time>2022-03-07T21:37:28Z</time>
      </trkpt>
      <trkpt lat="34.33140107201622" lon="109.00414094761683">
        <ele>387.61728026438504</ele>
        <time>2022-03-07T21:37:39Z</time>
      </trkpt>
      <trkpt lat="34.33138262839081" lon="109.00430686882804">
        <ele>387.2278173295781</ele>
        <time>2022-03-07T21:37:43Z</time>
      </trkpt>
      <trkpt lat="34.33139828308133" lon="109.00495695967679">
        <ele>385.9047741238028</ele>
        <time>2022-03-07T21:37:53Z</time>
      </trkpt>
      <trkpt lat="34.33142367438833" lon="109.0056491387017">
        <ele>386.49284585472196</ele>
        <time>2022-03-07T21:38:01Z</time>
      </trkpt>
      <trkpt lat="34.33144371327583" lon="109.0061975102782">
        <ele>386.3836922571063</ele>
        <time>2022-03-07T21:38:07Z</time>
      </trkpt>
      <trkpt lat="34.33144619203955" lon="109.00676259755936">
        <ele>387.02268342580646</ele>
        <time>2022-03-07T21:38:13Z</time>
      </trkpt>
      <trkpt lat="34.3314207112451" lon="109.00733066935994">
        <ele>386.7857169089839</ele>
        <time>2022-03-07T21:38:19Z</time>
      </trkpt>
      <trkpt lat="34.331427921363066" lon="109.00792190187842">
        <ele>386.4166389219463</ele>
        <time>2022-03-07T21:38:25Z</time>
      </trkpt>
      <trkpt lat="34.33141445026538" lon="109.0085230777136">
        <ele>386.6151108723134</ele>
        <time>2022-03-07T21:38:31Z</time>
      </trkpt>
      <trkpt lat="34.331421396273385" lon="109.00911123871448">
        <ele>386.01136798318475</ele>
        <time>2022-03-07T21:38:37Z</time>
      </trkpt>
      <trkpt lat="34.33142312017806" lon="109.00967944543633">
        <ele>386.3822231916711</ele>
        <time>2022-03-07T21:38:43Z</time>
      </trkpt>
      <trkpt lat="34.33144394614634" lon="109.01003920497793">
        <ele>387.0319897690788</ele>
        <time>2022-03-07T21:38:47Z</time>
      </trkpt>
      <trkpt lat="34.33154852325993" lon="109.01055010922899">
        <ele>387.2104370370507</ele>
        <time>2022-03-07T21:38:53Z</time>
      </trkpt>
      <trkpt lat="34.33173590736014" lon="109.0110665816248">
        <ele>388.3804571637884</ele>
        <time>2022-03-07T21:38:59Z</time>
      </trkpt>
      <trkpt lat="34.33183531067135" lon="109.01140197770358">
        <ele>387.8080552816391</ele>
        <time>2022-03-07T21:39:03Z</time>
      </trkpt>
      <trkpt lat="34.331914710808" lon="109.01154806460825">
        <ele>387.77653123345226</ele>
        <time>2022-03-07T21:39:05Z</time>
      </trkpt>
      <trkpt lat="34.3321438854987" lon="109.01207613013374">
        <ele>387.03159736748785</ele>
        <time>2022-03-07T21:39:12Z</time>
      </trkpt>
      <trkpt lat="34.33232619891963" lon="109.01254655067099">
        <ele>387.5275611206889</ele>
        <time>2022-03-07T21:39:18Z</time>
      </trkpt>
      <trkpt lat="34.33240192647329" lon="109.01269541477329">
        <ele>387.9000600129366</ele>
        <time>2022-03-07T21:39:20Z</time>
      </trkpt>
      <trkpt lat="34.332454674261825" lon="109.01284660147783">
        <ele>387.47003892995417</ele>
        <time>2022-03-07T21:39:22Z</time>
      </trkpt>
      <trkpt lat="34.33269833046864" lon="109.01326838183542">
        <ele>387.2587975729257</ele>
        <time>2022-03-07T21:39:28Z</time>
      </trkpt>
      <trkpt lat="34.33276612198175" lon="109.01341370395937">
        <ele>388.1959869880229</ele>
        <time>2022-03-07T21:39:30Z</time>
      </trkpt>
      <trkpt lat="34.333075597291696" lon="109.01399289503354">
        <ele>387.5113635743037</ele>
        <time>2022-03-07T21:39:38Z</time>
      </trkpt>
      <trkpt lat="34.3331685841557" lon="109.01413841452562">
        <ele>387.6912798183039</ele>
        <time>2022-03-07T21:39:40Z</time>
      </trkpt>
      <trkpt lat="34.33330063495927" lon="109.01445925333748">
        <ele>386.3320357706398</ele>
        <time>2022-03-07T21:39:44Z</time>
      </trkpt>
      <trkpt lat="34.3333524414344" lon="109.01463103750623">
        <ele>386.78770294133574</ele>
        <time>2022-03-07T21:39:46Z</time>
      </trkpt>
      <trkpt lat="34.333649104203204" lon="109.01514749168177">
        <ele>385.8672549556941</ele>
        <time>2022-03-07T21:39:53Z</time>
      </trkpt>
      <trkpt lat="34.33394461046156" lon="109.01558489792937">
        <ele>385.3904233779758</ele>
        <time>2022-03-07T21:39:59Z</time>
      </trkpt>
      <trkpt lat="34.334240612854806" lon="109.01600066857667">
        <ele>385.2362369596958</ele>
        <time>2022-03-07T21:40:05Z</time>
      </trkpt>
      <trkpt lat="34.33459647086144" lon="109.01647067984165">
        <ele>385.11064308322966</ele>
        <time>2022-03-07T21:40:13Z</time>
      </trkpt>
      <trkpt lat="34.3349460477245" lon="109.01692608185127">
        <ele>384.9910366553813</ele>
        <time>2022-03-07T21:40:23Z</time>
      </trkpt>
      <trkpt lat="34.335055985001695" lon="109.01706820805815">
        <ele>385.4311817884445</ele>
        <time>2022-03-07T21:40:27Z</time>
      </trkpt>
      <trkpt lat="34.33513279849354" lon="109.01713027289853">
        <ele>385.74544709175825</ele>
        <time>2022-03-07T21:40:29Z</time>
      </trkpt>
      <trkpt lat="34.335439086542976" lon="109.01752493463606">
        <ele>387.4814708484337</ele>
        <time>2022-03-07T21:40:39Z</time>
      </trkpt>
      <trkpt lat="34.335753532856906" lon="109.0178928041052">
        <ele>387.028732098639</ele>
        <time>2022-03-07T21:40:47Z</time>
      </trkpt>
      <trkpt lat="34.33612723492805" lon="109.0182653875262">
        <ele>383.0828005122021</ele>
        <time>2022-03-07T21:40:55Z</time>
      </trkpt>
      <trkpt lat="34.33650657587803" lon="109.01865466079708">
        <ele>380.7823901567608</ele>
        <time>2022-03-07T21:41:03Z</time>
      </trkpt>
      <trkpt lat="34.33691425461799" lon="109.01904089725537">
        <ele>380.8070136932656</ele>
        <time>2022-03-07T21:41:11Z</time>
      </trkpt>
      <trkpt lat="34.33725650437001" lon="109.01940587453221">
        <ele>380.4208742780611</ele>
        <time>2022-03-07T21:41:18Z</time>
      </trkpt>
      <trkpt lat="34.33764215955886" lon="109.01982122575033">
        <ele>381.4294518912211</ele>
        <time>2022-03-07T21:41:26Z</time>
      </trkpt>
      <trkpt lat="34.33805649234134" lon="109.02022597773507">
        <ele>381.1623750561848</ele>
        <time>2022-03-07T21:41:34Z</time>
      </trkpt>
      <trkpt lat="34.33850549640607" lon="109.02065200818232">
        <ele>379.8371937517077</ele>
        <time>2022-03-07T21:41:42Z</time>
      </trkpt>
      <trkpt lat="34.33872416430794" lon="109.02088297978888">
        <ele>380.1394076868892</ele>
        <time>2022-03-07T21:41:46Z</time>
      </trkpt>
      <trkpt lat="34.3390720691845" lon="109.02122272517057">
        <ele>382.64885669294745</ele>
        <time>2022-03-07T21:41:52Z</time>
      </trkpt>
      <trkpt lat="34.33950333361974" lon="109.02168052098628">
        <ele>385.8439081115648</ele>
        <time>2022-03-07T21:42:00Z</time>
      </trkpt>
      <trkpt lat="34.3398259845283" lon="109.02203016901613">
        <ele>384.98480016645044</ele>
        <time>2022-03-07T21:42:06Z</time>
      </trkpt>
      <trkpt lat="34.34023454092428" lon="109.02246707408854">
        <ele>383.8553633512929</ele>
        <time>2022-03-07T21:42:14Z</time>
      </trkpt>
      <trkpt lat="34.34059406240116" lon="109.02281347311084">
        <ele>381.43082264252007</ele>
        <time>2022-03-07T21:42:20Z</time>
      </trkpt>
      <trkpt lat="34.340969643005" lon="109.02320020346275">
        <ele>383.75387382879853</ele>
        <time>2022-03-07T21:42:26Z</time>
      </trkpt>
      <trkpt lat="34.3411003855401" lon="109.02333519673697">
        <ele>383.0432933056727</ele>
        <time>2022-03-07T21:42:28Z</time>
      </trkpt>
      <trkpt lat="34.341450800143214" lon="109.02370898146499">
        <ele>383.33696801401675</ele>
        <time>2022-03-07T21:42:34Z</time>
      </trkpt>
      <trkpt lat="34.341511380744166" lon="109.02383294234082">
        <ele>383.98146088048816</ele>
        <time>2022-03-07T21:42:36Z</time>
      </trkpt>
      <trkpt lat="34.34150704986898" lon="109.02397445783376">
        <ele>384.6962128067389</ele>
        <time>2022-03-07T21:42:38Z</time>
      </trkpt>
      <trkpt lat="34.34148695333712" lon="109.02406917168209">
        <ele>384.73254026751965</ele>
        <time>2022-03-07T21:42:40Z</time>
      </trkpt>
      <trkpt lat="34.34143335727867" lon="109.02419163048054">
        <ele>384.6957543147728</ele>
        <time>2022-03-07T21:42:44Z</time>
      </trkpt>
      <trkpt lat="34.341539471904625" lon="109.02423960451893">
        <ele>385.17393238283694</ele>
        <time>2022-03-07T21:42:48Z</time>
      </trkpt>
      <trkpt lat="34.341642041478245" lon="109.024334812475">
        <ele>384.7849732330069</ele>
        <time>2022-03-07T21:42:52Z</time>
      </trkpt>
      <trkpt lat="34.34174205771703" lon="109.0243892938305">
        <ele>384.2696110131219</ele>
        <time>2022-03-07T21:42:56Z</time>
      </trkpt>
      <trkpt lat="34.34170815122185" lon="109.02448110389282">
        <ele>384.5639811353758</ele>
        <time>2022-03-07T21:42:58Z</time>
      </trkpt>
      <trkpt lat="34.3414799127672" lon="109.0247258994928">
        <ele>384.7924109958112</ele>
        <time>2022-03-07T21:43:06Z</time>
      </trkpt>
      <trkpt lat="34.34128453550466" lon="109.02502839075372">
        <ele>385.5367516381666</ele>
        <time>2022-03-07T21:43:14Z</time>
      </trkpt>
      <trkpt lat="34.34106584821896" lon="109.0252681986542">
        <ele>385.721350136213</ele>
        <time>2022-03-07T21:43:30Z</time>
      </trkpt>
      <trkpt lat="34.34100147352031" lon="109.02513925943289">
        <ele>385.85905515868217</ele>
        <time>2022-03-07T21:43:43Z</time>
      </trkpt>
      <trkpt lat="34.34111337273334" lon="109.02497310383966">
        <ele>385.75570199545473</ele>
        <time>2022-03-07T21:43:47Z</time>
      </trkpt>
      <trkpt lat="34.34130584847808" lon="109.02470918381482">
        <ele>385.7609250191599</ele>
        <time>2022-03-07T21:43:53Z</time>
      </trkpt>
      <trkpt lat="34.34150572091299" lon="109.02440244921523">
        <ele>385.4214999321848</ele>
        <time>2022-03-07T21:43:59Z</time>
      </trkpt>
      <trkpt lat="34.34154845948535" lon="109.02430415493926">
        <ele>384.71580399386585</ele>
        <time>2022-03-07T21:44:01Z</time>
      </trkpt>
      <trkpt lat="34.34151099347343" lon="109.02420184491567">
        <ele>384.7121635908261</ele>
        <time>2022-03-07T21:44:03Z</time>
      </trkpt>
      <trkpt lat="34.34141148199349" lon="109.02419229584619">
        <ele>385.3397502815351</ele>
        <time>2022-03-07T21:44:05Z</time>
      </trkpt>
      <trkpt lat="34.34134006197125" lon="109.02428122498236">
        <ele>385.4719558544457</ele>
        <time>2022-03-07T21:44:07Z</time>
      </trkpt>
      <trkpt lat="34.340999850386275" lon="109.02479170681794">
        <ele>385.36697723250836</ele>
        <time>2022-03-07T21:44:17Z</time>
      </trkpt>
      <trkpt lat="34.340651017067195" lon="109.02527924908235">
        <ele>385.60064953006804</ele>
        <time>2022-03-07T21:44:27Z</time>
      </trkpt>
      <trkpt lat="34.340305917959" lon="109.0257831555997">
        <ele>385.61286484170705</ele>
        <time>2022-03-07T21:44:37Z</time>
      </trkpt>
      <trkpt lat="34.34000189893758" lon="109.02621516494442">
        <ele>385.8121554898098</ele>
        <time>2022-03-07T21:44:45Z</time>
      </trkpt>
      <trkpt lat="34.33969020960687" lon="109.02667610418136">
        <ele>386.23066405951977</ele>
        <time>2022-03-07T21:44:53Z</time>
      </trkpt>
      <trkpt lat="34.339364556213106" lon="109.02713479269727">
        <ele>386.3868905091658</ele>
        <time>2022-03-07T21:45:01Z</time>
      </trkpt>
      <trkpt lat="34.33904499209753" lon="109.02760799659417">
        <ele>386.3063754895702</ele>
        <time>2022-03-07T21:45:09Z</time>
      </trkpt>
      <trkpt lat="34.33875590503701" lon="109.02809750659702">
        <ele>386.33691641967744</ele>
        <time>2022-03-07T21:45:17Z</time>
      </trkpt>
      <trkpt lat="34.33854123265034" lon="109.02843237032938">
        <ele>386.85297502577305</ele>
        <time>2022-03-07T21:45:23Z</time>
      </trkpt>
      <trkpt lat="34.33832381338008" lon="109.02887861416166">
        <ele>387.3541140202433</ele>
        <time>2022-03-07T21:45:30Z</time>
      </trkpt>
      <trkpt lat="34.33802034252399" lon="109.02945820058014">
        <ele>386.9119609910995</ele>
        <time>2022-03-07T21:45:38Z</time>
      </trkpt>
      <trkpt lat="34.33776263290344" lon="109.02988833074564">
        <ele>386.8465588297695</ele>
        <time>2022-03-07T21:45:44Z</time>
      </trkpt>
      <trkpt lat="34.33750610467304" lon="109.03033380466246">
        <ele>386.78197753988206</ele>
        <time>2022-03-07T21:45:50Z</time>
      </trkpt>
      <trkpt lat="34.337261474381705" lon="109.03078474826373">
        <ele>387.0638051237911</ele>
        <time>2022-03-07T21:45:56Z</time>
      </trkpt>
      <trkpt lat="34.33700285325197" lon="109.03123298477041">
        <ele>387.57645648997277</ele>
        <time>2022-03-07T21:46:02Z</time>
      </trkpt>
      <trkpt lat="34.336740938143265" lon="109.03166521178578">
        <ele>387.82505673449486</ele>
        <time>2022-03-07T21:46:08Z</time>
      </trkpt>
      <trkpt lat="34.33650316497799" lon="109.03211612514131">
        <ele>387.5791772240773</ele>
        <time>2022-03-07T21:46:14Z</time>
      </trkpt>
      <trkpt lat="34.33633911804397" lon="109.03241300697155">
        <ele>387.0523826740682</ele>
        <time>2022-03-07T21:46:18Z</time>
      </trkpt>
      <trkpt lat="34.33607670144416" lon="109.03283022979632">
        <ele>387.1499672969803</ele>
        <time>2022-03-07T21:46:24Z</time>
      </trkpt>
      <trkpt lat="34.335829678139476" lon="109.03325829818213">
        <ele>387.06958887167275</ele>
        <time>2022-03-07T21:46:30Z</time>
      </trkpt>
      <trkpt lat="34.33559320415336" lon="109.03369851000161">
        <ele>388.0422875303775</ele>
        <time>2022-03-07T21:46:36Z</time>
      </trkpt>
      <trkpt lat="34.33527333062434" lon="109.03426653403045">
        <ele>387.99178846832365</ele>
        <time>2022-03-07T21:46:44Z</time>
      </trkpt>
      <trkpt lat="34.334978392812125" lon="109.03478503103254">
        <ele>387.1380568537861</ele>
        <time>2022-03-07T21:46:52Z</time>
      </trkpt>
      <trkpt lat="34.334795949954774" lon="109.03512238132771">
        <ele>387.1572611602023</ele>
        <time>2022-03-07T21:46:58Z</time>
      </trkpt>
      <trkpt lat="34.33472008679811" lon="109.03515903199597">
        <ele>387.20902677904814</ele>
        <time>2022-03-07T21:47:00Z</time>
      </trkpt>
      <trkpt lat="34.33465983941923" lon="109.0352126681157">
        <ele>386.5573197333142</ele>
        <time>2022-03-07T21:47:04Z</time>
      </trkpt>
      <trkpt lat="34.33466707456644" lon="109.0352270892824">
        <ele>387.4480381561443</ele>
        <time>2022-03-07T21:47:12Z</time>
      </trkpt>
      <trkpt lat="34.33464387896066" lon="109.0352286049025">
        <ele>387.99274674244225</ele>
        <time>2022-03-07T21:49:17Z</time>
      </trkpt>
      <trkpt lat="34.334694314847944" lon="109.0351422158275">
        <ele>387.48340769298375</ele>
        <time>2022-03-07T21:49:23Z</time>
      </trkpt>
      <trkpt lat="34.33468644308598" lon="109.03513232041398">
        <ele>387.8327215006575</ele>
        <time>2022-03-07T21:49:31Z</time>
      </trkpt>
      <trkpt lat="34.33471860807935" lon="109.03521459362615">
        <ele>387.8993338048458</ele>
        <time>2022-03-07T21:50:13Z</time>
      </trkpt>
      <trkpt lat="34.33442050657532" lon="109.03568034296133">
        <ele>386.7696805847809</ele>
        <time>2022-03-07T21:50:25Z</time>
      </trkpt>
      <trkpt lat="34.33437377233559" lon="109.03581157057144">
        <ele>387.2212194977328</ele>
        <time>2022-03-07T21:50:27Z</time>
      </trkpt>
      <trkpt lat="34.33404113904805" lon="109.03633711076677">
        <ele>385.9735727123916</ele>
        <time>2022-03-07T21:50:35Z</time>
      </trkpt>
      <trkpt lat="34.33397118926723" lon="109.03648384221091">
        <ele>386.5216525057331</ele>
        <time>2022-03-07T21:50:37Z</time>
      </trkpt>
      <trkpt lat="34.333651101956214" lon="109.03701799577854">
        <ele>387.55543737858534</ele>
        <time>2022-03-07T21:50:45Z</time>
      </trkpt>
      <trkpt lat="34.333350157454994" lon="109.03754422443575">
        <ele>387.8800594396889</ele>
        <time>2022-03-07T21:50:53Z</time>
      </trkpt>
      <trkpt lat="34.33305603403843" lon="109.03810014674504">
        <ele>388.8217185428366</ele>
        <time>2022-03-07T21:51:01Z</time>
      </trkpt>
      <trkpt lat="34.332757365527385" lon="109.03866015991916">
        <ele>388.5712695941329</ele>
        <time>2022-03-07T21:51:09Z</time>
      </trkpt>
      <trkpt lat="34.33244522274049" lon="109.03922326605502">
        <ele>389.1509726922959</ele>
        <time>2022-03-07T21:51:17Z</time>
      </trkpt>
      <trkpt lat="34.332117108104995" lon="109.0397840048965">
        <ele>389.4720578091219</ele>
        <time>2022-03-07T21:51:25Z</time>
      </trkpt>
      <trkpt lat="34.33181625895949" lon="109.04034156622447">
        <ele>389.89547871239483</ele>
        <time>2022-03-07T21:51:33Z</time>
      </trkpt>
      <trkpt lat="34.33149376028982" lon="109.04090141818736">
        <ele>389.0894595775753</ele>
        <time>2022-03-07T21:51:41Z</time>
      </trkpt>
      <trkpt lat="34.33120955473167" lon="109.04143065454687">
        <ele>389.6479144869372</ele>
        <time>2022-03-07T21:51:48Z</time>
      </trkpt>
      <trkpt lat="34.33100636478158" lon="109.04190536006121">
        <ele>389.25505720824003</ele>
        <time>2022-03-07T21:51:54Z</time>
      </trkpt>
      <trkpt lat="34.33076735137768" lon="109.04235951854699">
        <ele>389.18462235480547</ele>
        <time>2022-03-07T21:52:00Z</time>
      </trkpt>
      <trkpt lat="34.330471402262646" lon="109.04282957542804">
        <ele>388.27389645855874</ele>
        <time>2022-03-07T21:52:06Z</time>
      </trkpt>
      <trkpt lat="34.33017202434938" lon="109.04335287842125">
        <ele>388.6427950290963</ele>
        <time>2022-03-07T21:52:12Z</time>
      </trkpt>
      <trkpt lat="34.32987104413854" lon="109.0438689074857">
        <ele>389.2929393313825</ele>
        <time>2022-03-07T21:52:18Z</time>
      </trkpt>
      <trkpt lat="34.329586421276744" lon="109.04438116216485">
        <ele>388.93383236881346</ele>
        <time>2022-03-07T21:52:24Z</time>
      </trkpt>
      <trkpt lat="34.32927457250349" lon="109.04489644951447">
        <ele>384.8496517399326</ele>
        <time>2022-03-07T21:52:30Z</time>
      </trkpt>
      <trkpt lat="34.32898396142324" lon="109.04537493945749">
        <ele>387.83159463014454</ele>
        <time>2022-03-07T21:52:36Z</time>
      </trkpt>
      <trkpt lat="34.32889191005553" lon="109.04552068886252">
        <ele>388.18109734449536</ele>
        <time>2022-03-07T21:52:38Z</time>
      </trkpt>
      <trkpt lat="34.32888839499724" lon="109.04566856794911">
        <ele>388.739669252187</ele>
        <time>2022-03-07T21:52:40Z</time>
      </trkpt>
      <trkpt lat="34.32899700459839" lon="109.04571449985801">
        <ele>389.504361608997</ele>
        <time>2022-03-07T21:52:42Z</time>
      </trkpt>
      <trkpt lat="34.32911860118435" lon="109.0455873850611">
        <ele>389.90505243092775</ele>
        <time>2022-03-07T21:52:44Z</time>
      </trkpt>
      <trkpt lat="34.32915985050864" lon="109.04538833569919">
        <ele>391.2431739978492</ele>
        <time>2022-03-07T21:52:46Z</time>
      </trkpt>
      <trkpt lat="34.32932647166497" lon="109.04505812792766">
        <ele>391.273911180906</ele>
        <time>2022-03-07T21:52:50Z</time>
      </trkpt>
      <trkpt lat="34.32966695857593" lon="109.04452698411707">
        <ele>385.731316473335</ele>
        <time>2022-03-07T21:52:56Z</time>
      </trkpt>
      <trkpt lat="34.32997541301974" lon="109.0439797302583">
        <ele>387.1844405559823</ele>
        <time>2022-03-07T21:53:02Z</time>
      </trkpt>
      <trkpt lat="34.330277968449465" lon="109.04343373574888">
        <ele>388.9519221317023</ele>
        <time>2022-03-07T21:53:08Z</time>
      </trkpt>
      <trkpt lat="34.33058878305053" lon="109.04290619007833">
        <ele>388.4649079153314</ele>
        <time>2022-03-07T21:53:14Z</time>
      </trkpt>
      <trkpt lat="34.33088987107944" lon="109.0423628370395">
        <ele>388.7941218521446</ele>
        <time>2022-03-07T21:53:20Z</time>
      </trkpt>
      <trkpt lat="34.33108487164349" lon="109.04203508440136">
        <ele>387.44472532719374</ele>
        <time>2022-03-07T21:53:24Z</time>
      </trkpt>
      <trkpt lat="34.33120480826021" lon="109.04187638268837">
        <ele>387.5841836510226</ele>
        <time>2022-03-07T21:53:26Z</time>
      </trkpt>
      <trkpt lat="34.33152947512117" lon="109.04133532252524">
        <ele>388.776066060178</ele>
        <time>2022-03-07T21:53:32Z</time>
      </trkpt>
      <trkpt lat="34.331833148413" lon="109.04077703481151">
        <ele>389.91125950496644</ele>
        <time>2022-03-07T21:53:38Z</time>
      </trkpt>
      <trkpt lat="34.3321675073981" lon="109.04018739027244">
        <ele>389.1790727600455</ele>
        <time>2022-03-07T21:53:44Z</time>
      </trkpt>
      <trkpt lat="34.33249585555471" lon="109.03960532354596">
        <ele>388.6033241348341</ele>
        <time>2022-03-07T21:53:50Z</time>
      </trkpt>
      <trkpt lat="34.33282877161788" lon="109.03901798037408">
        <ele>389.1095030521974</ele>
        <time>2022-03-07T21:53:56Z</time>
      </trkpt>
      <trkpt lat="34.33315646922957" lon="109.0384298572539">
        <ele>388.6404157066718</ele>
        <time>2022-03-07T21:54:02Z</time>
      </trkpt>
      <trkpt lat="34.33347757419496" lon="109.03785609686713">
        <ele>389.7116139885038</ele>
        <time>2022-03-07T21:54:08Z</time>
      </trkpt>
      <trkpt lat="34.33381726830447" lon="109.03725814387555">
        <ele>388.96987715922296</ele>
        <time>2022-03-07T21:54:14Z</time>
      </trkpt>
      <trkpt lat="34.33416175505794" lon="109.03665003423815">
        <ele>388.34696981776506</ele>
        <time>2022-03-07T21:54:20Z</time>
      </trkpt>
      <trkpt lat="34.33450689822997" lon="109.03605505520426">
        <ele>387.652353127487</ele>
        <time>2022-03-07T21:54:26Z</time>
      </trkpt>
      <trkpt lat="34.33484101091144" lon="109.03546186440586">
        <ele>387.77647633105516</ele>
        <time>2022-03-07T21:54:32Z</time>
      </trkpt>
      <trkpt lat="34.33517594520598" lon="109.03487222058101">
        <ele>387.6301259212196</ele>
        <time>2022-03-07T21:54:38Z</time>
      </trkpt>
      <trkpt lat="34.33551785682396" lon="109.03427515049624">
        <ele>387.32670623157173</ele>
        <time>2022-03-07T21:54:44Z</time>
      </trkpt>
      <trkpt lat="34.33586225516549" lon="109.03366650255377">
        <ele>387.3837350476533</ele>
        <time>2022-03-07T21:54:50Z</time>
      </trkpt>
      <trkpt lat="34.336205299167844" lon="109.03306440928267">
        <ele>386.60405170731246</ele>
        <time>2022-03-07T21:54:56Z</time>
      </trkpt>
      <trkpt lat="34.33654637209603" lon="109.03244726285916">
        <ele>387.60000659059733</ele>
        <time>2022-03-07T21:55:02Z</time>
      </trkpt>
      <trkpt lat="34.336870905148814" lon="109.03187521333344">
        <ele>386.86387676838785</ele>
        <time>2022-03-07T21:55:08Z</time>
      </trkpt>
      <trkpt lat="34.33720014249745" lon="109.03127364764728">
        <ele>387.6863567493856</ele>
        <time>2022-03-07T21:55:14Z</time>
      </trkpt>
      <trkpt lat="34.33755074724597" lon="109.03069912488591">
        <ele>386.7079916810617</ele>
        <time>2022-03-07T21:55:20Z</time>
      </trkpt>
      <trkpt lat="34.33788469181858" lon="109.03009557117703">
        <ele>386.21086499094963</ele>
        <time>2022-03-07T21:55:26Z</time>
      </trkpt>
      <trkpt lat="34.338218075879574" lon="109.02950328104254">
        <ele>387.9861001325771</ele>
        <time>2022-03-07T21:55:32Z</time>
      </trkpt>
      <trkpt lat="34.338561863576956" lon="109.02891290130447">
        <ele>386.34470855630934</ele>
        <time>2022-03-07T21:55:38Z</time>
      </trkpt>
      <trkpt lat="34.33889912452823" lon="109.02831762898808">
        <ele>387.504834565334</ele>
        <time>2022-03-07T21:55:44Z</time>
      </trkpt>
      <trkpt lat="34.339249198320545" lon="109.02774056870152">
        <ele>386.50322313047945</ele>
        <time>2022-03-07T21:55:50Z</time>
      </trkpt>
      <trkpt lat="34.33961342944937" lon="109.02719532497223">
        <ele>385.14859686233103</ele>
        <time>2022-03-07T21:55:56Z</time>
      </trkpt>
      <trkpt lat="34.33999719164426" lon="109.02663821006651">
        <ele>384.17046423163265</ele>
        <time>2022-03-07T21:56:02Z</time>
      </trkpt>
      <trkpt lat="34.34038992304417" lon="109.0260758591692">
        <ele>384.886938967742</ele>
        <time>2022-03-07T21:56:08Z</time>
      </trkpt>
      <trkpt lat="34.34078537067477" lon="109.02552680209386">
        <ele>385.05433693062514</ele>
        <time>2022-03-07T21:56:14Z</time>
      </trkpt>
      <trkpt lat="34.34116485169107" lon="109.02498666712788">
        <ele>385.1492703324184</ele>
        <time>2022-03-07T21:56:20Z</time>
      </trkpt>
      <trkpt lat="34.34135757513236" lon="109.02463333723031">
        <ele>384.5286432635039</ele>
        <time>2022-03-07T21:56:24Z</time>
      </trkpt>
      <trkpt lat="34.34155508729871" lon="109.02433713779968">
        <ele>384.5233324607834</ele>
        <time>2022-03-07T21:56:28Z</time>
      </trkpt>
      <trkpt lat="34.34155119754041" lon="109.02419515780615">
        <ele>384.56897966656834</ele>
        <time>2022-03-07T21:56:30Z</time>
      </trkpt>
      <trkpt lat="34.341450155238206" lon="109.0241466614468">
        <ele>384.6909360419959</ele>
        <time>2022-03-07T21:56:32Z</time>
      </trkpt>
      <trkpt lat="34.34141220790856" lon="109.02434557900935">
        <ele>385.6439916752279</ele>
        <time>2022-03-07T21:56:34Z</time>
      </trkpt>
      <trkpt lat="34.341191460678125" lon="109.02463551628614">
        <ele>385.5681199450046</ele>
        <time>2022-03-07T21:56:38Z</time>
      </trkpt>
      <trkpt lat="34.34079057687205" lon="109.02514335208534">
        <ele>385.0563130294904</ele>
        <time>2022-03-07T21:56:44Z</time>
      </trkpt>
      <trkpt lat="34.340544618437335" lon="109.0255168439425">
        <ele>384.8053836636245</ele>
        <time>2022-03-07T21:56:48Z</time>
      </trkpt>
      <trkpt lat="34.340137635172546" lon="109.02604496634757">
        <ele>385.7947058239952</ele>
        <time>2022-03-07T21:56:54Z</time>
      </trkpt>
      <trkpt lat="34.33976472336614" lon="109.02656780060151">
        <ele>386.1382239991799</ele>
        <time>2022-03-07T21:57:00Z</time>
      </trkpt>
      <trkpt lat="34.339524049998566" lon="109.02692378867425">
        <ele>386.38010678067803</ele>
        <time>2022-03-07T21:57:04Z</time>
      </trkpt>
      <trkpt lat="34.33941997865172" lon="109.02711313581013">
        <ele>386.99461297132075</ele>
        <time>2022-03-07T21:57:06Z</time>
      </trkpt>
      <trkpt lat="34.33905492029698" lon="109.02764521559801">
        <ele>385.422491569072</ele>
        <time>2022-03-07T21:57:12Z</time>
      </trkpt>
      <trkpt lat="34.3387075740751" lon="109.02822720157685">
        <ele>386.32874046172947</ele>
        <time>2022-03-07T21:57:18Z</time>
      </trkpt>
      <trkpt lat="34.33837815520333" lon="109.0288314110189">
        <ele>386.84394439682364</ele>
        <time>2022-03-07T21:57:24Z</time>
      </trkpt>
      <trkpt lat="34.33804401270532" lon="109.02945667576888">
        <ele>387.588542544283</ele>
        <time>2022-03-07T21:57:30Z</time>
      </trkpt>
      <trkpt lat="34.337923884812966" lon="109.02966438121743">
        <ele>387.47495623026043</ele>
        <time>2022-03-07T21:57:32Z</time>
      </trkpt>
      <trkpt lat="34.33756635330599" lon="109.03029715633035">
        <ele>387.5230254298076</ele>
        <time>2022-03-07T21:57:38Z</time>
      </trkpt>
      <trkpt lat="34.337211641199055" lon="109.03092700828213">
        <ele>387.20722324680537</ele>
        <time>2022-03-07T21:57:44Z</time>
      </trkpt>
      <trkpt lat="34.33684156387193" lon="109.03154360552362">
        <ele>388.332802772522</ele>
        <time>2022-03-07T21:57:50Z</time>
      </trkpt>
      <trkpt lat="34.336469765894456" lon="109.03217282192604">
        <ele>387.8033148497343</ele>
        <time>2022-03-07T21:57:56Z</time>
      </trkpt>
      <trkpt lat="34.33612143051135" lon="109.03277589337313">
        <ele>386.7735756803304</ele>
        <time>2022-03-07T21:58:02Z</time>
      </trkpt>
      <trkpt lat="34.33578551552487" lon="109.0333837336916">
        <ele>386.9078148175031</ele>
        <time>2022-03-07T21:58:08Z</time>
      </trkpt>
      <trkpt lat="34.33543600369582" lon="109.0339829871468">
        <ele>387.7118086218834</ele>
        <time>2022-03-07T21:58:14Z</time>
      </trkpt>
      <trkpt lat="34.33510049078022" lon="109.0345737243516">
        <ele>386.7869590744376</ele>
        <time>2022-03-07T21:58:20Z</time>
      </trkpt>
      <trkpt lat="34.33475305275681" lon="109.03517965744146">
        <ele>387.21911415923387</ele>
        <time>2022-03-07T21:58:26Z</time>
      </trkpt>
      <trkpt lat="34.334403295690436" lon="109.03578418036653">
        <ele>386.09413198474795</ele>
        <time>2022-03-07T21:58:32Z</time>
      </trkpt>
      <trkpt lat="34.33406230090723" lon="109.0363933943844">
        <ele>387.5695414096117</ele>
        <time>2022-03-07T21:58:38Z</time>
      </trkpt>
      <trkpt lat="34.33371580369995" lon="109.03700748073796">
        <ele>388.99412172753364</ele>
        <time>2022-03-07T21:58:44Z</time>
      </trkpt>
      <trkpt lat="34.33347603759918" lon="109.03741177684584">
        <ele>388.87767654284835</ele>
        <time>2022-03-07T21:58:48Z</time>
      </trkpt>
      <trkpt lat="34.33337566233462" lon="109.03762235571972">
        <ele>389.1888002473861</ele>
        <time>2022-03-07T21:58:50Z</time>
      </trkpt>
      <trkpt lat="34.33303189695044" lon="109.03823416871367">
        <ele>389.027791550383</ele>
        <time>2022-03-07T21:58:56Z</time>
      </trkpt>
      <trkpt lat="34.33268413409166" lon="109.03884429288996">
        <ele>388.93817117623985</ele>
        <time>2022-03-07T21:59:02Z</time>
      </trkpt>
      <trkpt lat="34.33232710333417" lon="109.03946013870693">
        <ele>388.9411320304498</ele>
        <time>2022-03-07T21:59:08Z</time>
      </trkpt>
      <trkpt lat="34.331978702068376" lon="109.0400657564198">
        <ele>390.5713926255703</ele>
        <time>2022-03-07T21:59:14Z</time>
      </trkpt>
      <trkpt lat="34.33163035532994" lon="109.04068698936136">
        <ele>389.90188645012677</ele>
        <time>2022-03-07T21:59:20Z</time>
      </trkpt>
      <trkpt lat="34.33127670882034" lon="109.04130497246568">
        <ele>389.1848931927234</ele>
        <time>2022-03-07T21:59:26Z</time>
      </trkpt>
      <trkpt lat="34.33094164838419" lon="109.041940625867">
        <ele>389.406413118355</ele>
        <time>2022-03-07T21:59:32Z</time>
      </trkpt>
      <trkpt lat="34.33057736870308" lon="109.04254782367501">
        <ele>389.25447908136994</ele>
        <time>2022-03-07T21:59:38Z</time>
      </trkpt>
      <trkpt lat="34.330220936306574" lon="109.04317791721344">
        <ele>389.8178074499592</ele>
        <time>2022-03-07T21:59:44Z</time>
      </trkpt>
      <trkpt lat="34.32987791046326" lon="109.04377878117904">
        <ele>391.0960756437853</ele>
        <time>2022-03-07T21:59:50Z</time>
      </trkpt>
      <trkpt lat="34.329529582772174" lon="109.0443706216031">
        <ele>389.5336000379175</ele>
        <time>2022-03-07T21:59:56Z</time>
      </trkpt>
      <trkpt lat="34.32919548314912" lon="109.04496738763068">
        <ele>384.0338549101725</ele>
        <time>2022-03-07T22:00:02Z</time>
      </trkpt>
      <trkpt lat="34.32890447949349" lon="109.04548772177188">
        <ele>388.2559363488108</ele>
        <time>2022-03-07T22:00:08Z</time>
      </trkpt>
      <trkpt lat="34.32884257929494" lon="109.04562352161638">
        <ele>389.01610778365284</ele>
        <time>2022-03-07T22:00:10Z</time>
      </trkpt>
      <trkpt lat="34.32894971470811" lon="109.04578045993236">
        <ele>390.0268099112436</ele>
        <time>2022-03-07T22:00:12Z</time>
      </trkpt>
      <trkpt lat="34.32909026275264" lon="109.04567438041663">
        <ele>389.6474881414324</ele>
        <time>2022-03-07T22:00:14Z</time>
      </trkpt>
      <trkpt lat="34.32920628383829" lon="109.04532429736896">
        <ele>391.3896570438519</ele>
        <time>2022-03-07T22:00:18Z</time>
      </trkpt>
      <trkpt lat="34.32950373497109" lon="109.0447897327172">
        <ele>389.41671646852046</ele>
        <time>2022-03-07T22:00:24Z</time>
      </trkpt>
      <trkpt lat="34.3298288399621" lon="109.04418915387532">
        <ele>387.2496295645833</ele>
        <time>2022-03-07T22:00:30Z</time>
      </trkpt>
      <trkpt lat="34.330174222667246" lon="109.0435865825068">
        <ele>388.75804894044995</ele>
        <time>2022-03-07T22:00:36Z</time>
      </trkpt>
      <trkpt lat="34.330524474253345" lon="109.04298563867125">
        <ele>388.95462468918413</ele>
        <time>2022-03-07T22:00:42Z</time>
      </trkpt>
      <trkpt lat="34.33076653411327" lon="109.04257279896234">
        <ele>388.90536248497665</ele>
        <time>2022-03-07T22:00:46Z</time>
      </trkpt>
      <trkpt lat="34.33087013736012" lon="109.04236512428753">
        <ele>389.1026017498225</ele>
        <time>2022-03-07T22:00:48Z</time>
      </trkpt>
      <trkpt lat="34.33099266802387" lon="109.04218312296233">
        <ele>389.3783116238192</ele>
        <time>2022-03-07T22:00:50Z</time>
      </trkpt>
      <trkpt lat="34.331094089026415" lon="109.04197329542376">
        <ele>388.7405510507524</ele>
        <time>2022-03-07T22:00:52Z</time>
      </trkpt>
      <trkpt lat="34.331462674946636" lon="109.04136320377017">
        <ele>390.59711053594947</ele>
        <time>2022-03-07T22:00:58Z</time>
      </trkpt>
      <trkpt lat="34.33181975557685" lon="109.0407381736494">
        <ele>390.2594837732613</ele>
        <time>2022-03-07T22:01:04Z</time>
      </trkpt>
      <trkpt lat="34.33205504537982" lon="109.04029761850107">
        <ele>389.2623735303059</ele>
        <time>2022-03-07T22:01:08Z</time>
      </trkpt>
      <trkpt lat="34.332193994805415" lon="109.04008318338579">
        <ele>390.12229975592345</ele>
        <time>2022-03-07T22:01:10Z</time>
      </trkpt>
      <trkpt lat="34.33230540120225" lon="109.03984987141573">
        <ele>389.5367684410885</ele>
        <time>2022-03-07T22:01:12Z</time>
      </trkpt>
      <trkpt lat="34.332560651712456" lon="109.03942059674108">
        <ele>389.2566704088822</ele>
        <time>2022-03-07T22:01:16Z</time>
      </trkpt>
      <trkpt lat="34.33267000493062" lon="109.03920105822473">
        <ele>389.686348086223</ele>
        <time>2022-03-07T22:01:18Z</time>
      </trkpt>
      <trkpt lat="34.332799590837624" lon="109.03899000621034">
        <ele>389.0157108558342</ele>
        <time>2022-03-07T22:01:20Z</time>
      </trkpt>
      <trkpt lat="34.33315103394086" lon="109.0383419394571">
        <ele>389.82837276440114</ele>
        <time>2022-03-07T22:01:26Z</time>
      </trkpt>
      <trkpt lat="34.33351224132579" lon="109.03770638274104">
        <ele>388.914364377968</ele>
        <time>2022-03-07T22:01:32Z</time>
      </trkpt>
      <trkpt lat="34.33389057799482" lon="109.03706498605332">
        <ele>387.8151988927275</ele>
        <time>2022-03-07T22:01:38Z</time>
      </trkpt>
      <trkpt lat="34.33414292205283" lon="109.03661515015693">
        <ele>388.6550042349845</ele>
        <time>2022-03-07T22:01:42Z</time>
      </trkpt>
      <trkpt lat="34.33439988975391" lon="109.03617045070946">
        <ele>388.07185917906463</ele>
        <time>2022-03-07T22:01:46Z</time>
      </trkpt>
      <trkpt lat="34.33465167856055" lon="109.0357112560653">
        <ele>387.8747451994568</ele>
        <time>2022-03-07T22:01:50Z</time>
      </trkpt>
      <trkpt lat="34.334903648191435" lon="109.03527811569833">
        <ele>386.9681154889986</ele>
        <time>2022-03-07T22:01:54Z</time>
      </trkpt>
      <trkpt lat="34.33514340637433" lon="109.03483128303797">
        <ele>387.497002764605</ele>
        <time>2022-03-07T22:01:58Z</time>
      </trkpt>
      <trkpt lat="34.335395814276026" lon="109.03439828567386">
        <ele>386.7256628777832</ele>
        <time>2022-03-07T22:02:02Z</time>
      </trkpt>
      <trkpt lat="34.335643172789965" lon="109.03396134339451">
        <ele>386.9177712034434</ele>
        <time>2022-03-07T22:02:06Z</time>
      </trkpt>
      <trkpt lat="34.33600536862798" lon="109.0333143039592">
        <ele>387.67885989975184</ele>
        <time>2022-03-07T22:02:12Z</time>
      </trkpt>
      <trkpt lat="34.33636513497301" lon="109.03267644152486">
        <ele>387.0799929993227</ele>
        <time>2022-03-07T22:02:18Z</time>
      </trkpt>
      <trkpt lat="34.33673060741407" lon="109.03204531779386">
        <ele>386.90311414562166</ele>
        <time>2022-03-07T22:02:24Z</time>
      </trkpt>
      <trkpt lat="34.33685870325963" lon="109.03183808836668">
        <ele>386.9113604342565</ele>
        <time>2022-03-07T22:02:26Z</time>
      </trkpt>
      <trkpt lat="34.33709743414613" lon="109.03139064234911">
        <ele>386.714098026976</ele>
        <time>2022-03-07T22:02:30Z</time>
      </trkpt>
      <trkpt lat="34.33733971027978" lon="109.03095559677584">
        <ele>388.01876054517925</ele>
        <time>2022-03-07T22:02:34Z</time>
      </trkpt>
      <trkpt lat="34.33759064853955" lon="109.03052538886767">
        <ele>387.33420500997454</ele>
        <time>2022-03-07T22:02:38Z</time>
      </trkpt>
      <trkpt lat="34.33783502033916" lon="109.03008750897268">
        <ele>387.426730168052</ele>
        <time>2022-03-07T22:02:42Z</time>
      </trkpt>
      <trkpt lat="34.33808607465249" lon="109.02965826131262">
        <ele>386.8859261693433</ele>
        <time>2022-03-07T22:02:46Z</time>
      </trkpt>
      <trkpt lat="34.3384519170224" lon="109.02902156942078">
        <ele>388.28208194766194</ele>
        <time>2022-03-07T22:02:52Z</time>
      </trkpt>
      <trkpt lat="34.33856760005779" lon="109.02881702523956">
        <ele>388.81436980795115</ele>
        <time>2022-03-07T22:02:54Z</time>
      </trkpt>
      <trkpt lat="34.338708865644215" lon="109.02862387674463">
        <ele>388.4933218918741</ele>
        <time>2022-03-07T22:02:56Z</time>
      </trkpt>
      <trkpt lat="34.33880237574166" lon="109.02838677068858">
        <ele>387.74457204621285</ele>
        <time>2022-03-07T22:02:58Z</time>
      </trkpt>
      <trkpt lat="34.339188408233014" lon="109.02776275480525">
        <ele>387.6151884905994</ele>
        <time>2022-03-07T22:03:04Z</time>
      </trkpt>
      <trkpt lat="34.33960060700646" lon="109.02717045068157">
        <ele>385.6202827896923</ele>
        <time>2022-03-07T22:03:10Z</time>
      </trkpt>
      <trkpt lat="34.33988621959824" lon="109.02676946512331">
        <ele>384.81798974983394</ele>
        <time>2022-03-07T22:03:14Z</time>
      </trkpt>
      <trkpt lat="34.34016911329903" lon="109.02636665012548">
        <ele>384.5288220560178</ele>
        <time>2022-03-07T22:03:18Z</time>
      </trkpt>
      <trkpt lat="34.34058598375901" lon="109.02578122237738">
        <ele>384.6638855487108</ele>
        <time>2022-03-07T22:03:24Z</time>
      </trkpt>
      <trkpt lat="34.34086383085602" lon="109.02538032101488">
        <ele>385.1418655393645</ele>
        <time>2022-03-07T22:03:28Z</time>
      </trkpt>
      <trkpt lat="34.341244701429474" lon="109.02479920977817">
        <ele>385.95228767953813</ele>
        <time>2022-03-07T22:03:34Z</time>
      </trkpt>
      <trkpt lat="34.34147085510934" lon="109.02447245393648">
        <ele>386.0036802617833</ele>
        <time>2022-03-07T22:03:38Z</time>
      </trkpt>
      <trkpt lat="34.341546030654534" lon="109.02432933747815">
        <ele>384.6462247790769</ele>
        <time>2022-03-07T22:03:40Z</time>
      </trkpt>
      <trkpt lat="34.341491164549055" lon="109.02419372402971">
        <ele>384.4163322271779</ele>
        <time>2022-03-07T22:03:42Z</time>
      </trkpt>
      <trkpt lat="34.34137378323677" lon="109.02420974468737">
        <ele>385.2577649606392</ele>
        <time>2022-03-07T22:03:44Z</time>
      </trkpt>
      <trkpt lat="34.341344459561476" lon="109.02443461232527">
        <ele>385.6200948385522</ele>
        <time>2022-03-07T22:03:46Z</time>
      </trkpt>
      <trkpt lat="34.340967760388374" lon="109.02492933160228">
        <ele>384.59629566874355</ele>
        <time>2022-03-07T22:03:52Z</time>
      </trkpt>
      <trkpt lat="34.34082839019453" lon="109.02507214874313">
        <ele>383.87486514728516</ele>
        <time>2022-03-07T22:03:54Z</time>
      </trkpt>
      <trkpt lat="34.34045931653037" lon="109.0256098678007">
        <ele>385.95339842978865</ele>
        <time>2022-03-07T22:04:00Z</time>
      </trkpt>
      <trkpt lat="34.34010344433259" lon="109.02613755642682">
        <ele>385.3757820446044</ele>
        <time>2022-03-07T22:04:06Z</time>
      </trkpt>
      <trkpt lat="34.33972992525902" lon="109.02665617894307">
        <ele>386.14841931313276</ele>
        <time>2022-03-07T22:04:12Z</time>
      </trkpt>
      <trkpt lat="34.33936039719125" lon="109.02718228588861">
        <ele>386.2552134534344</ele>
        <time>2022-03-07T22:04:18Z</time>
      </trkpt>
      <trkpt lat="34.339228824771496" lon="109.02735573963506">
        <ele>386.2907693469897</ele>
        <time>2022-03-07T22:04:20Z</time>
      </trkpt>
      <trkpt lat="34.338863714177684" lon="109.02792692147453">
        <ele>385.36998660862446</ele>
        <time>2022-03-07T22:04:26Z</time>
      </trkpt>
      <trkpt lat="34.33851296758444" lon="109.02852799944291">
        <ele>385.51679150760174</ele>
        <time>2022-03-07T22:04:32Z</time>
      </trkpt>
      <trkpt lat="34.33817744736779" lon="109.029123686617">
        <ele>386.49685389269143</ele>
        <time>2022-03-07T22:04:38Z</time>
      </trkpt>
      <trkpt lat="34.33785804785567" lon="109.02975456351106">
        <ele>386.8634473485872</ele>
        <time>2022-03-07T22:04:44Z</time>
      </trkpt>
      <trkpt lat="34.33752250184844" lon="109.03035853503357">
        <ele>386.8180325096473</ele>
        <time>2022-03-07T22:04:50Z</time>
      </trkpt>
      <trkpt lat="34.33717450247473" lon="109.03098533410578">
        <ele>387.3601702833548</ele>
        <time>2022-03-07T22:04:56Z</time>
      </trkpt>
      <trkpt lat="34.33695274698877" lon="109.03140258048916">
        <ele>387.97181010246277</ele>
        <time>2022-03-07T22:05:00Z</time>
      </trkpt>
      <trkpt lat="34.33660068031482" lon="109.03195924223348">
        <ele>387.1221559206024</ele>
        <time>2022-03-07T22:05:06Z</time>
      </trkpt>
      <trkpt lat="34.336258517343595" lon="109.03254695243946">
        <ele>386.68978844676167</ele>
        <time>2022-03-07T22:05:12Z</time>
      </trkpt>
      <trkpt lat="34.335915438748245" lon="109.03313605666794">
        <ele>387.38643625564873</ele>
        <time>2022-03-07T22:05:18Z</time>
      </trkpt>
      <trkpt lat="34.33559376240341" lon="109.03372059038237">
        <ele>387.42185677215457</ele>
        <time>2022-03-07T22:05:24Z</time>
      </trkpt>
      <trkpt lat="34.33528033998801" lon="109.03430460744731">
        <ele>388.8229982359335</ele>
        <time>2022-03-07T22:05:30Z</time>
      </trkpt>
      <trkpt lat="34.33494069431774" lon="109.03491289374163">
        <ele>387.80445162020624</ele>
        <time>2022-03-07T22:05:36Z</time>
      </trkpt>
      <trkpt lat="34.33459333400566" lon="109.03550949643525">
        <ele>387.588915290311</ele>
        <time>2022-03-07T22:05:42Z</time>
      </trkpt>
      <trkpt lat="34.33424821693733" lon="109.03611436973755">
        <ele>388.1681380979717</ele>
        <time>2022-03-07T22:05:48Z</time>
      </trkpt>
      <trkpt lat="34.3339075643355" lon="109.03672169232131">
        <ele>388.6339474301785</ele>
        <time>2022-03-07T22:05:54Z</time>
      </trkpt>
      <trkpt lat="34.33355405146332" lon="109.03733506043213">
        <ele>389.2184018762782</ele>
        <time>2022-03-07T22:06:00Z</time>
      </trkpt>
      <trkpt lat="34.33323211019852" lon="109.03793783341862">
        <ele>389.480743015185</ele>
        <time>2022-03-07T22:06:06Z</time>
      </trkpt>
      <trkpt lat="34.33290634052857" lon="109.03853228081331">
        <ele>389.37290104757994</ele>
        <time>2022-03-07T22:06:12Z</time>
      </trkpt>
      <trkpt lat="34.332574026074965" lon="109.03913793187164">
        <ele>389.04732187092304</ele>
        <time>2022-03-07T22:06:18Z</time>
      </trkpt>
      <trkpt lat="34.3322352190581" lon="109.03973489288592">
        <ele>390.1590543622151</ele>
        <time>2022-03-07T22:06:24Z</time>
      </trkpt>
      <trkpt lat="34.33190540671909" lon="109.04033297826011">
        <ele>390.7565064597875</ele>
        <time>2022-03-07T22:06:30Z</time>
      </trkpt>
      <trkpt lat="34.331556888116495" lon="109.04091432729925">
        <ele>389.6869887346402</ele>
        <time>2022-03-07T22:06:36Z</time>
      </trkpt>
      <trkpt lat="34.33117339754093" lon="109.0415203490059">
        <ele>388.89067173656076</ele>
        <time>2022-03-07T22:06:42Z</time>
      </trkpt>
      <trkpt lat="34.330792707193766" lon="109.04212704898981">
        <ele>388.74148364178836</ele>
        <time>2022-03-07T22:06:48Z</time>
      </trkpt>
      <trkpt lat="34.330433039404916" lon="109.04274454075716">
        <ele>389.14912956021726</ele>
        <time>2022-03-07T22:06:54Z</time>
      </trkpt>
      <trkpt lat="34.330081558074426" lon="109.0433627143889">
        <ele>389.7966330945492</ele>
        <time>2022-03-07T22:07:00Z</time>
      </trkpt>
      <trkpt lat="34.329753977895635" lon="109.0439395285562">
        <ele>390.3692509410903</ele>
        <time>2022-03-07T22:07:06Z</time>
      </trkpt>
      <trkpt lat="34.3294415119591" lon="109.04453129693692">
        <ele>388.62277389410883</ele>
        <time>2022-03-07T22:07:12Z</time>
      </trkpt>
      <trkpt lat="34.329144697182" lon="109.04505412516174">
        <ele>384.5366613799706</ele>
        <time>2022-03-07T22:07:18Z</time>
      </trkpt>
      <trkpt lat="34.32896470211258" lon="109.04537278421886">
        <ele>387.08410456962883</ele>
        <time>2022-03-07T22:07:22Z</time>
      </trkpt>
      <trkpt lat="34.32891578929337" lon="109.04548575959585">
        <ele>387.97058245912194</ele>
        <time>2022-03-07T22:07:24Z</time>
      </trkpt>
      <trkpt lat="34.32912362365929" lon="109.04538219431885">
        <ele>391.20176601037383</ele>
        <time>2022-03-07T22:07:30Z</time>
      </trkpt>
      <trkpt lat="34.329217422711764" lon="109.04521009563399">
        <ele>390.9510830389336</ele>
        <time>2022-03-07T22:07:32Z</time>
      </trkpt>
      <trkpt lat="34.329287179969796" lon="109.04503501988854">
        <ele>390.5393006633967</ele>
        <time>2022-03-07T22:07:34Z</time>
      </trkpt>
      <trkpt lat="34.32964063362877" lon="109.04451141451618">
        <ele>385.757422760129</ele>
        <time>2022-03-07T22:07:40Z</time>
      </trkpt>
      <trkpt lat="34.329910305728795" lon="109.04404687833281">
        <ele>386.3964660577476</ele>
        <time>2022-03-07T22:07:45Z</time>
      </trkpt>
      <trkpt lat="34.33012054299491" lon="109.04365523447127">
        <ele>387.95668370090425</ele>
        <time>2022-03-07T22:07:49Z</time>
      </trkpt>
      <trkpt lat="34.33023682713366" lon="109.04348521785182">
        <ele>388.2151565058157</ele>
        <time>2022-03-07T22:07:51Z</time>
      </trkpt>
      <trkpt lat="34.330484779535425" lon="109.04322467454574">
        <ele>388.38077778182924</ele>
        <time>2022-03-07T22:07:55Z</time>
      </trkpt>
      <trkpt lat="34.33074845748738" lon="109.0426031302202">
        <ele>388.37409453839064</ele>
        <time>2022-03-07T22:08:01Z</time>
      </trkpt>
      <trkpt lat="34.33107942210916" lon="109.04200761539978">
        <ele>389.52014579996467</ele>
        <time>2022-03-07T22:08:07Z</time>
      </trkpt>
      <trkpt lat="34.33142465123061" lon="109.04142201152092">
        <ele>389.21544420253485</ele>
        <time>2022-03-07T22:08:13Z</time>
      </trkpt>
      <trkpt lat="34.33175329553418" lon="109.04085430696439">
        <ele>389.2700335290283</ele>
        <time>2022-03-07T22:08:19Z</time>
      </trkpt>
      <trkpt lat="34.332084530692676" lon="109.04028337686998">
        <ele>389.82455593533814</ele>
        <time>2022-03-07T22:08:25Z</time>
      </trkpt>
      <trkpt lat="34.33234716432604" lon="109.03978173462366">
        <ele>389.8304719598964</ele>
        <time>2022-03-07T22:08:30Z</time>
      </trkpt>
      <trkpt lat="34.332688582890086" lon="109.0391914446331">
        <ele>388.99349941127</ele>
        <time>2022-03-07T22:08:36Z</time>
      </trkpt>
      <trkpt lat="34.33303642168641" lon="109.0385942127695">
        <ele>389.4019304579124</ele>
        <time>2022-03-07T22:08:42Z</time>
      </trkpt>
      <trkpt lat="34.333365876942594" lon="109.03796941768016">
        <ele>389.44427370186895</ele>
        <time>2022-03-07T22:08:48Z</time>
      </trkpt>
      <trkpt lat="34.333477724162826" lon="109.03775363068551">
        <ele>390.0121524594724</ele>
        <time>2022-03-07T22:08:50Z</time>
      </trkpt>
      <trkpt lat="34.333725712526025" lon="109.0373326269261">
        <ele>388.38889207784086</ele>
        <time>2022-03-07T22:08:54Z</time>
      </trkpt>
      <trkpt lat="34.333993816920234" lon="109.03687458125998">
        <ele>387.9523109411821</ele>
        <time>2022-03-07T22:08:58Z</time>
      </trkpt>
      <trkpt lat="34.334236151520564" lon="109.03643417789496">
        <ele>386.9737615631893</ele>
        <time>2022-03-07T22:09:02Z</time>
      </trkpt>
      <trkpt lat="34.334597821720685" lon="109.03577687999743">
        <ele>387.9303006287664</ele>
        <time>2022-03-07T22:09:08Z</time>
      </trkpt>
      <trkpt lat="34.334856566987675" lon="109.0353334753196">
        <ele>387.5979838613421</ele>
        <time>2022-03-07T22:09:12Z</time>
      </trkpt>
      <trkpt lat="34.335110208757065" lon="109.034895229281">
        <ele>387.47991848923266</ele>
        <time>2022-03-07T22:09:16Z</time>
      </trkpt>
      <trkpt lat="34.335360421168254" lon="109.03445615523005">
        <ele>387.43654054775834</ele>
        <time>2022-03-07T22:09:20Z</time>
      </trkpt>
      <trkpt lat="34.33561362625592" lon="109.03402681412253">
        <ele>387.80299416929483</ele>
        <time>2022-03-07T22:09:24Z</time>
      </trkpt>
      <trkpt lat="34.33585969998976" lon="109.03358302817308">
        <ele>388.20266976300627</ele>
        <time>2022-03-07T22:09:28Z</time>
      </trkpt>
      <trkpt lat="34.3361062814548" lon="109.03314324501481">
        <ele>387.66522459778935</ele>
        <time>2022-03-07T22:09:32Z</time>
      </trkpt>
      <trkpt lat="34.33634945881301" lon="109.03271205604335">
        <ele>387.7358309896663</ele>
        <time>2022-03-07T22:09:36Z</time>
      </trkpt>
      <trkpt lat="34.33672385189928" lon="109.03206414752587">
        <ele>386.3475918956101</ele>
        <time>2022-03-07T22:09:42Z</time>
      </trkpt>
      <trkpt lat="34.33697137059803" lon="109.03163091137348">
        <ele>386.443287210539</ele>
        <time>2022-03-07T22:09:46Z</time>
      </trkpt>
      <trkpt lat="34.33721508165794" lon="109.03118460679632">
        <ele>386.6801804937422</ele>
        <time>2022-03-07T22:09:50Z</time>
      </trkpt>
      <trkpt lat="34.33747203950308" lon="109.03075551035394">
        <ele>386.36486168578267</ele>
        <time>2022-03-07T22:09:54Z</time>
      </trkpt>
      <trkpt lat="34.3378296479968" lon="109.03010355444867">
        <ele>386.96189977414906</ele>
        <time>2022-03-07T22:10:00Z</time>
      </trkpt>
      <trkpt lat="34.33808910468262" lon="109.0296685379692">
        <ele>386.7449735729024</ele>
        <time>2022-03-07T22:10:04Z</time>
      </trkpt>
      <trkpt lat="34.33833501721134" lon="109.02923343791568">
        <ele>387.18609047401696</ele>
        <time>2022-03-07T22:10:08Z</time>
      </trkpt>
      <trkpt lat="34.33868355488926" lon="109.0286029701559">
        <ele>387.1378724947572</ele>
        <time>2022-03-07T22:10:14Z</time>
      </trkpt>
      <trkpt lat="34.33904179411377" lon="109.02800552869492">
        <ele>386.4327592300251</ele>
        <time>2022-03-07T22:10:20Z</time>
      </trkpt>
      <trkpt lat="34.339159887832984" lon="109.0277953884463">
        <ele>387.6878971243277</ele>
        <time>2022-03-07T22:10:22Z</time>
      </trkpt>
      <trkpt lat="34.339544323374035" lon="109.02722936525265">
        <ele>386.22670572437346</ele>
        <time>2022-03-07T22:10:28Z</time>
      </trkpt>
      <trkpt lat="34.33968385486682" lon="109.02705022084241">
        <ele>385.2758865598589</ele>
        <time>2022-03-07T22:10:30Z</time>
      </trkpt>
      <trkpt lat="34.340036833532906" lon="109.02648050626337">
        <ele>385.05673270858824</ele>
        <time>2022-03-07T22:10:36Z</time>
      </trkpt>
      <trkpt lat="34.34025631353385" lon="109.02613487618237">
        <ele>385.7545516649261</ele>
        <time>2022-03-07T22:10:40Z</time>
      </trkpt>
      <trkpt lat="34.34046764952091" lon="109.02583019043796">
        <ele>384.4156421152875</ele>
        <time>2022-03-07T22:10:44Z</time>
      </trkpt>
      <trkpt lat="34.34077639803571" lon="109.02541731330413">
        <ele>384.6059521958232</ele>
        <time>2022-03-07T22:10:50Z</time>
      </trkpt>
      <trkpt lat="34.34096970580617" lon="109.02516010091375">
        <ele>383.74121166206896</ele>
        <time>2022-03-07T22:10:54Z</time>
      </trkpt>
      <trkpt lat="34.34103513679606" lon="109.02504097644454">
        <ele>385.63021260872483</ele>
        <time>2022-03-07T22:10:56Z</time>
      </trkpt>
      <trkpt lat="34.34135377148177" lon="109.02461398410668">
        <ele>385.4402506891638</ele>
        <time>2022-03-07T22:11:06Z</time>
      </trkpt>
      <trkpt lat="34.34155204945038" lon="109.02433446697746">
        <ele>383.9921642653644</ele>
        <time>2022-03-07T22:11:14Z</time>
      </trkpt>
      <trkpt lat="34.34155593371958" lon="109.02423918924539">
        <ele>384.72022322844714</ele>
        <time>2022-03-07T22:11:16Z</time>
      </trkpt>
      <trkpt lat="34.34148311041235" lon="109.02418225504967">
        <ele>385.09345467109233</ele>
        <time>2022-03-07T22:11:18Z</time>
      </trkpt>
      <trkpt lat="34.34141118156756" lon="109.02421754674886">
        <ele>384.7775723794475</ele>
        <time>2022-03-07T22:11:20Z</time>
      </trkpt>
      <trkpt lat="34.34112146756473" lon="109.02462517961608">
        <ele>384.91517851129174</ele>
        <time>2022-03-07T22:11:30Z</time>
      </trkpt>
      <trkpt lat="34.34082906033636" lon="109.02505004456826">
        <ele>384.75964929163456</ele>
        <time>2022-03-07T22:11:40Z</time>
      </trkpt>
      <trkpt lat="34.34060086206156" lon="109.02543322837911">
        <ele>385.53533312585205</ele>
        <time>2022-03-07T22:11:48Z</time>
      </trkpt>
      <trkpt lat="34.34024290201264" lon="109.02590384481488">
        <ele>385.4022060893476</ele>
        <time>2022-03-07T22:11:58Z</time>
      </trkpt>
      <trkpt lat="34.33990773083557" lon="109.0264007016287">
        <ele>385.7202214933932</ele>
        <time>2022-03-07T22:12:08Z</time>
      </trkpt>
      <trkpt lat="34.33969021130185" lon="109.02668123296372">
        <ele>385.57840020768344</ele>
        <time>2022-03-07T22:12:14Z</time>
      </trkpt>
      <trkpt lat="34.33963767984356" lon="109.02679954895497">
        <ele>386.25628523156047</ele>
        <time>2022-03-07T22:12:16Z</time>
      </trkpt>
      <trkpt lat="34.33942405219737" lon="109.02710550802124">
        <ele>386.07516492530704</ele>
        <time>2022-03-07T22:12:22Z</time>
      </trkpt>
      <trkpt lat="34.33934490358119" lon="109.02719254154064">
        <ele>385.77227403689176</ele>
        <time>2022-03-07T22:12:24Z</time>
      </trkpt>
      <trkpt lat="34.339057132016464" lon="109.02761450890821">
        <ele>385.6379833165556</ele>
        <time>2022-03-07T22:12:32Z</time>
      </trkpt>
      <trkpt lat="34.3387758458957" lon="109.02808399852364">
        <ele>386.0625453591347</ele>
        <time>2022-03-07T22:12:40Z</time>
      </trkpt>
      <trkpt lat="34.33851436806791" lon="109.02854406304573">
        <ele>387.2502563968301</ele>
        <time>2022-03-07T22:12:48Z</time>
      </trkpt>
      <trkpt lat="34.33839121477721" lon="109.02875993802105">
        <ele>387.37094319891185</ele>
        <time>2022-03-07T22:12:52Z</time>
      </trkpt>
      <trkpt lat="34.338161025891644" lon="109.02921525169849">
        <ele>386.82520946115255</ele>
        <time>2022-03-07T22:13:00Z</time>
      </trkpt>
      <trkpt lat="34.337853611125844" lon="109.02975227696409">
        <ele>386.759007669054</ele>
        <time>2022-03-07T22:13:08Z</time>
      </trkpt>
      <trkpt lat="34.33761225040392" lon="109.03019587001924">
        <ele>386.6659926632419</ele>
        <time>2022-03-07T22:13:14Z</time>
      </trkpt>
      <trkpt lat="34.33735489104815" lon="109.03064955808945">
        <ele>387.4633079143241</ele>
        <time>2022-03-07T22:13:20Z</time>
      </trkpt>
      <trkpt lat="34.33710098636309" lon="109.03110105010255">
        <ele>387.2073454912752</ele>
        <time>2022-03-07T22:13:26Z</time>
      </trkpt>
      <trkpt lat="34.33684819161411" lon="109.03154576600882">
        <ele>387.44679241720587</ele>
        <time>2022-03-07T22:13:32Z</time>
      </trkpt>
      <trkpt lat="34.336670352384075" lon="109.03182573857949">
        <ele>387.5933222984895</ele>
        <time>2022-03-07T22:13:36Z</time>
      </trkpt>
      <trkpt lat="34.33659009780678" lon="109.03199126899545">
        <ele>387.5631254715845</ele>
        <time>2022-03-07T22:13:38Z</time>
      </trkpt>
      <trkpt lat="34.336329526276536" lon="109.03242847950449">
        <ele>386.5284645659849</ele>
        <time>2022-03-07T22:13:44Z</time>
      </trkpt>
      <trkpt lat="34.336081285511945" lon="109.03287208181297">
        <ele>387.07544037047774</ele>
        <time>2022-03-07T22:13:50Z</time>
      </trkpt>
      <trkpt lat="34.33581650783994" lon="109.03329023692892">
        <ele>387.00979301612824</ele>
        <time>2022-03-07T22:13:56Z</time>
      </trkpt>
      <trkpt lat="34.33549593432089" lon="109.03386762175953">
        <ele>387.13351806625724</ele>
        <time>2022-03-07T22:14:04Z</time>
      </trkpt>
      <trkpt lat="34.335246911437515" lon="109.03429728617546">
        <ele>387.2936139628291</ele>
        <time>2022-03-07T22:14:10Z</time>
      </trkpt>
      <trkpt lat="34.33500398803421" lon="109.03473149603403">
        <ele>387.1448505530134</ele>
        <time>2022-03-07T22:14:16Z</time>
      </trkpt>
      <trkpt lat="34.334767052564075" lon="109.0351690270575">
        <ele>387.4264561776072</ele>
        <time>2022-03-07T22:14:22Z</time>
      </trkpt>
      <trkpt lat="34.334435650941536" lon="109.03572704030279">
        <ele>387.6241724267602</ele>
        <time>2022-03-07T22:14:30Z</time>
      </trkpt>
      <trkpt lat="34.33412021140261" lon="109.03628190116777">
        <ele>386.97683172579855</ele>
        <time>2022-03-07T22:14:38Z</time>
      </trkpt>
      <trkpt lat="34.33380252833371" lon="109.0368601596174">
        <ele>388.18435005191714</ele>
        <time>2022-03-07T22:14:46Z</time>
      </trkpt>
      <trkpt lat="34.333555192403026" lon="109.03729805276072">
        <ele>388.4292365787551</ele>
        <time>2022-03-07T22:14:52Z</time>
      </trkpt>
      <trkpt lat="34.33331428402535" lon="109.03773490642932">
        <ele>389.10107717011124</ele>
        <time>2022-03-07T22:14:58Z</time>
      </trkpt>
      <trkpt lat="34.333154716827075" lon="109.03804962220099">
        <ele>389.0173922292888</ele>
        <time>2022-03-07T22:15:02Z</time>
      </trkpt>
      <trkpt lat="34.33305559661452" lon="109.03818061204208">
        <ele>387.9844591654837</ele>
        <time>2022-03-07T22:15:04Z</time>
      </trkpt>
      <trkpt lat="34.332787272119454" lon="109.03866714547627">
        <ele>388.5336224511266</ele>
        <time>2022-03-07T22:15:10Z</time>
      </trkpt>
      <trkpt lat="34.33249913695661" lon="109.03914803173464">
        <ele>388.9757431708276</ele>
        <time>2022-03-07T22:15:16Z</time>
      </trkpt>
      <trkpt lat="34.33221925023725" lon="109.03964197126449">
        <ele>389.66536756325513</ele>
        <time>2022-03-07T22:15:22Z</time>
      </trkpt>
      <trkpt lat="34.33193928385675" lon="109.04011859400033">
        <ele>389.74542913306504</ele>
        <time>2022-03-07T22:15:28Z</time>
      </trkpt>
      <trkpt lat="34.331684162281576" lon="109.04058104302425">
        <ele>389.99747790861875</ele>
        <time>2022-03-07T22:15:34Z</time>
      </trkpt>
      <trkpt lat="34.331419727744624" lon="109.04107309744116">
        <ele>389.0799350971356</ele>
        <time>2022-03-07T22:15:40Z</time>
      </trkpt>
      <trkpt lat="34.33112071890149" lon="109.0415729747229">
        <ele>388.7058948138729</ele>
        <time>2022-03-07T22:15:46Z</time>
      </trkpt>
      <trkpt lat="34.33102669790033" lon="109.04174658086063">
        <ele>389.0452489871532</ele>
        <time>2022-03-07T22:15:48Z</time>
      </trkpt>
      <trkpt lat="34.3308803494418" lon="109.0421220314257">
        <ele>388.9305273881182</ele>
        <time>2022-03-07T22:15:52Z</time>
      </trkpt>
      <trkpt lat="34.33069718058841" lon="109.04246854996266">
        <ele>389.2973942272365</ele>
        <time>2022-03-07T22:15:56Z</time>
      </trkpt>
      <trkpt lat="34.33040791464861" lon="109.04296798419023">
        <ele>388.6158080594614</ele>
        <time>2022-03-07T22:16:02Z</time>
      </trkpt>
      <trkpt lat="34.33012785699422" lon="109.04346693073066">
        <ele>389.0097851436585</ele>
        <time>2022-03-07T22:16:08Z</time>
      </trkpt>
      <trkpt lat="34.32983969998293" lon="109.04395194055255">
        <ele>389.5161920171231</ele>
        <time>2022-03-07T22:16:14Z</time>
      </trkpt>
      <trkpt lat="34.329668564002404" lon="109.04423937839894">
        <ele>388.49825360812247</ele>
        <time>2022-03-07T22:16:18Z</time>
      </trkpt>
      <trkpt lat="34.329426476328564" lon="109.04468825268349">
        <ele>385.86127547267824</ele>
        <time>2022-03-07T22:16:24Z</time>
      </trkpt>
      <trkpt lat="34.32912109136862" lon="109.04520390392027">
        <ele>386.4769579116255</ele>
        <time>2022-03-07T22:16:32Z</time>
      </trkpt>
      <trkpt lat="34.32891521382691" lon="109.0455691599088">
        <ele>389.803480274044</ele>
        <time>2022-03-07T22:16:38Z</time>
      </trkpt>
      <trkpt lat="34.32893324371617" lon="109.04568151386779">
        <ele>390.4492174545303</ele>
        <time>2022-03-07T22:16:40Z</time>
      </trkpt>
      <trkpt lat="34.32904458667284" lon="109.04568751760506">
        <ele>390.869128764607</ele>
        <time>2022-03-07T22:16:42Z</time>
      </trkpt>
      <trkpt lat="34.32912185082684" lon="109.04557399645492">
        <ele>390.762025908567</ele>
        <time>2022-03-07T22:16:44Z</time>
      </trkpt>
      <trkpt lat="34.329245902651955" lon="109.04518213384074">
        <ele>391.0436123954132</ele>
        <time>2022-03-07T22:16:50Z</time>
      </trkpt>
      <trkpt lat="34.329337674402105" lon="109.04501894673912">
        <ele>389.51259738206863</ele>
        <time>2022-03-07T22:16:54Z</time>
      </trkpt>
      <trkpt lat="34.32954068998114" lon="109.04475001490809">
        <ele>385.9928674297407</ele>
        <time>2022-03-07T22:17:00Z</time>
      </trkpt>
      <trkpt lat="34.32983063216173" lon="109.04428909565385">
        <ele>386.1841188753024</ele>
        <time>2022-03-07T22:17:08Z</time>
      </trkpt>
      <trkpt lat="34.33009302945662" lon="109.04381925533208">
        <ele>388.79081157408655</ele>
        <time>2022-03-07T22:17:16Z</time>
      </trkpt>
      <trkpt lat="34.330255884908404" lon="109.04359809402884">
        <ele>389.25340683571994</ele>
        <time>2022-03-07T22:17:20Z</time>
      </trkpt>
      <trkpt lat="34.33033976116627" lon="109.04350969305027">
        <ele>388.895946434699</ele>
        <time>2022-03-07T22:17:22Z</time>
      </trkpt>
      <trkpt lat="34.33052070271382" lon="109.04311650466931">
        <ele>389.12491181120276</ele>
        <time>2022-03-07T22:17:28Z</time>
      </trkpt>
      <trkpt lat="34.33059475325559" lon="109.04298834427993">
        <ele>389.4498667055741</ele>
        <time>2022-03-07T22:17:30Z</time>
      </trkpt>
      <trkpt lat="34.330854590120495" lon="109.04267573267882">
        <ele>389.2598442668095</ele>
        <time>2022-03-07T22:17:36Z</time>
      </trkpt>
      <trkpt lat="34.33113016161276" lon="109.04219302089423">
        <ele>388.6147964000702</ele>
        <time>2022-03-07T22:17:44Z</time>
      </trkpt>
      <trkpt lat="34.33127228105466" lon="109.04193303358">
        <ele>388.854843031615</ele>
        <time>2022-03-07T22:17:48Z</time>
      </trkpt>
      <trkpt lat="34.33150281757959" lon="109.04141286804193">
        <ele>389.45459557976574</ele>
        <time>2022-03-07T22:17:56Z</time>
      </trkpt>
      <trkpt lat="34.33175015558423" lon="109.04097997150188">
        <ele>389.7714314395562</ele>
        <time>2022-03-07T22:18:04Z</time>
      </trkpt>
      <trkpt lat="34.332025332463076" lon="109.04050814335966">
        <ele>388.7908571297303</ele>
        <time>2022-03-07T22:18:14Z</time>
      </trkpt>
      <trkpt lat="34.33229718865426" lon="109.04005032469915">
        <ele>388.96434573084116</ele>
        <time>2022-03-07T22:18:24Z</time>
      </trkpt>
      <trkpt lat="34.332547608951494" lon="109.03960179067249">
        <ele>389.4658957608044</ele>
        <time>2022-03-07T22:18:34Z</time>
      </trkpt>
      <trkpt lat="34.33283429560469" lon="109.03909936747563">
        <ele>389.7759430492297</ele>
        <time>2022-03-07T22:18:44Z</time>
      </trkpt>
      <trkpt lat="34.33295727098907" lon="109.03885370469183">
        <ele>389.0555110499263</ele>
        <time>2022-03-07T22:18:48Z</time>
      </trkpt>
      <trkpt lat="34.33323302722229" lon="109.03836978782181">
        <ele>389.37050732504576</ele>
        <time>2022-03-07T22:18:56Z</time>
      </trkpt>
      <trkpt lat="34.33353788663215" lon="109.037816270954">
        <ele>388.4677354702726</ele>
        <time>2022-03-07T22:19:04Z</time>
      </trkpt>
      <trkpt lat="34.33380392620388" lon="109.03734480617935">
        <ele>388.5674954354763</ele>
        <time>2022-03-07T22:19:10Z</time>
      </trkpt>
      <trkpt lat="34.33407480280382" lon="109.03685011798922">
        <ele>388.2721796967089</ele>
        <time>2022-03-07T22:19:16Z</time>
      </trkpt>
      <trkpt lat="34.33436408123749" lon="109.0363632236296">
        <ele>386.8532588556409</ele>
        <time>2022-03-07T22:19:22Z</time>
      </trkpt>
      <trkpt lat="34.33463762686296" lon="109.03586448729241">
        <ele>387.391759281978</ele>
        <time>2022-03-07T22:19:28Z</time>
      </trkpt>
      <trkpt lat="34.33491727865607" lon="109.0353709728947">
        <ele>387.57917339447886</ele>
        <time>2022-03-07T22:19:34Z</time>
      </trkpt>
      <trkpt lat="34.3351892385021" lon="109.03487373888579">
        <ele>387.84066893253475</ele>
        <time>2022-03-07T22:19:40Z</time>
      </trkpt>
      <trkpt lat="34.33546928628346" lon="109.03438384083523">
        <ele>386.91369720734656</ele>
        <time>2022-03-07T22:19:46Z</time>
      </trkpt>
      <trkpt lat="34.335746438089714" lon="109.0338933628082">
        <ele>386.8309397511184</ele>
        <time>2022-03-07T22:19:52Z</time>
      </trkpt>
      <trkpt lat="34.33602934702116" lon="109.03339840954656">
        <ele>387.71985538396984</ele>
        <time>2022-03-07T22:19:58Z</time>
      </trkpt>
      <trkpt lat="34.336308197303396" lon="109.03291487738458">
        <ele>386.9570787558332</ele>
        <time>2022-03-07T22:20:04Z</time>
      </trkpt>
      <trkpt lat="34.33658431222583" lon="109.03242025387627">
        <ele>387.08174100052565</ele>
        <time>2022-03-07T22:20:10Z</time>
      </trkpt>
      <trkpt lat="34.336859749661464" lon="109.03193607036069">
        <ele>386.45235550869256</ele>
        <time>2022-03-07T22:20:16Z</time>
      </trkpt>
      <trkpt lat="34.337141708516874" lon="109.0314192994255">
        <ele>385.5618690075353</ele>
        <time>2022-03-07T22:20:22Z</time>
      </trkpt>
      <trkpt lat="34.33743019220863" lon="109.03088298979932">
        <ele>386.51246695034206</ele>
        <time>2022-03-07T22:20:28Z</time>
      </trkpt>
      <trkpt lat="34.337713400939435" lon="109.03037113859772">
        <ele>386.3667587870732</ele>
        <time>2022-03-07T22:20:34Z</time>
      </trkpt>
      <trkpt lat="34.33800821191828" lon="109.0298735488499">
        <ele>386.21473324578255</ele>
        <time>2022-03-07T22:20:40Z</time>
      </trkpt>
      <trkpt lat="34.33828907470422" lon="109.02936894460504">
        <ele>386.5537659795955</ele>
        <time>2022-03-07T22:20:46Z</time>
      </trkpt>
      <trkpt lat="34.33857163518662" lon="109.02887066390731">
        <ele>387.10064730234444</ele>
        <time>2022-03-07T22:20:52Z</time>
      </trkpt>
      <trkpt lat="34.33875717902429" lon="109.02853785637424">
        <ele>387.22359867207706</ele>
        <time>2022-03-07T22:20:56Z</time>
      </trkpt>
      <trkpt lat="34.339001844148314" lon="109.0280054892108">
        <ele>386.5275595765561</ele>
        <time>2022-03-07T22:21:02Z</time>
      </trkpt>
      <trkpt lat="34.33908298603883" lon="109.02783051893239">
        <ele>386.80301318410784</ele>
        <time>2022-03-07T22:21:04Z</time>
      </trkpt>
      <trkpt lat="34.339405563843904" lon="109.02733994682191">
        <ele>385.2079042447731</ele>
        <time>2022-03-07T22:21:10Z</time>
      </trkpt>
      <trkpt lat="34.339757834055284" lon="109.02685764769343">
        <ele>384.43111883476377</ele>
        <time>2022-03-07T22:21:16Z</time>
      </trkpt>
      <trkpt lat="34.34011350973703" lon="109.0263555969353">
        <ele>384.8568130340427</ele>
        <time>2022-03-07T22:21:22Z</time>
      </trkpt>
      <trkpt lat="34.34035173779384" lon="109.026033880539">
        <ele>384.49331380892545</ele>
        <time>2022-03-07T22:21:26Z</time>
      </trkpt>
      <trkpt lat="34.34058229320018" lon="109.02568937245982">
        <ele>384.2570620318875</ele>
        <time>2022-03-07T22:21:30Z</time>
      </trkpt>
      <trkpt lat="34.34093432440878" lon="109.02518574353239">
        <ele>385.463139154017</ele>
        <time>2022-03-07T22:21:36Z</time>
      </trkpt>
      <trkpt lat="34.34126228873605" lon="109.02474966865697">
        <ele>384.90316393226385</ele>
        <time>2022-03-07T22:21:42Z</time>
      </trkpt>
      <trkpt lat="34.34145411474818" lon="109.02447715431236">
        <ele>384.8137163845822</ele>
        <time>2022-03-07T22:21:46Z</time>
      </trkpt>
      <trkpt lat="34.341552635624126" lon="109.02436487248062">
        <ele>384.7259831847623</ele>
        <time>2022-03-07T22:21:48Z</time>
      </trkpt>
      <trkpt lat="34.34157700482622" lon="109.02422034421515">
        <ele>384.8453054353595</ele>
        <time>2022-03-07T22:21:50Z</time>
      </trkpt>
      <trkpt lat="34.341475531285944" lon="109.02413839936773">
        <ele>384.89186529722065</ele>
        <time>2022-03-07T22:21:52Z</time>
      </trkpt>
      <trkpt lat="34.34135638914079" lon="109.02426149577765">
        <ele>384.9917868748307</ele>
        <time>2022-03-07T22:21:54Z</time>
      </trkpt>
      <trkpt lat="34.34120909660063" lon="109.0245274943979">
        <ele>385.1935726283118</ele>
        <time>2022-03-07T22:21:58Z</time>
      </trkpt>
      <trkpt lat="34.34083351866868" lon="109.0250342560933">
        <ele>385.6509517310187</ele>
        <time>2022-03-07T22:22:06Z</time>
      </trkpt>
      <trkpt lat="34.34055961740081" lon="109.0254553760981">
        <ele>385.07177577447146</ele>
        <time>2022-03-07T22:22:12Z</time>
      </trkpt>
      <trkpt lat="34.34046611451428" lon="109.02560766816559">
        <ele>385.0194284589961</ele>
        <time>2022-03-07T22:22:14Z</time>
      </trkpt>
      <trkpt lat="34.340348736049904" lon="109.02573466127913">
        <ele>385.5771086420864</ele>
        <time>2022-03-07T22:22:16Z</time>
      </trkpt>
      <trkpt lat="34.34005185160655" lon="109.02615481964916">
        <ele>385.2968077911064</ele>
        <time>2022-03-07T22:22:22Z</time>
      </trkpt>
      <trkpt lat="34.33973852659344" lon="109.02657843745277">
        <ele>386.08896399848163</ele>
        <time>2022-03-07T22:22:28Z</time>
      </trkpt>
      <trkpt lat="34.33943210432798" lon="109.0270149539251">
        <ele>386.2467811284587</ele>
        <time>2022-03-07T22:22:34Z</time>
      </trkpt>
      <trkpt lat="34.33913582266874" lon="109.02745617329374">
        <ele>385.31495123915374</ele>
        <time>2022-03-07T22:22:40Z</time>
      </trkpt>
      <trkpt lat="34.33893734406141" lon="109.02776271325506">
        <ele>385.61409739404917</ele>
        <time>2022-03-07T22:22:44Z</time>
      </trkpt>
      <trkpt lat="34.338666976940864" lon="109.02825182112632">
        <ele>385.6728995507583</ele>
        <time>2022-03-07T22:22:50Z</time>
      </trkpt>
      <trkpt lat="34.33848407501309" lon="109.02857617238035">
        <ele>386.4897371791303</ele>
        <time>2022-03-07T22:22:54Z</time>
      </trkpt>
      <trkpt lat="34.33838179667423" lon="109.02872523061289">
        <ele>387.12213844433427</ele>
        <time>2022-03-07T22:22:56Z</time>
      </trkpt>
      <trkpt lat="34.33812752222732" lon="109.0292217580947">
        <ele>386.6141669265926</ele>
        <time>2022-03-07T22:23:02Z</time>
      </trkpt>
      <trkpt lat="34.337852932506856" lon="109.02971641974604">
        <ele>386.56499147601426</ele>
        <time>2022-03-07T22:23:08Z</time>
      </trkpt>
      <trkpt lat="34.33757845753874" lon="109.0302156447146">
        <ele>386.597380772233</ele>
        <time>2022-03-07T22:23:14Z</time>
      </trkpt>
      <trkpt lat="34.33730551318447" lon="109.03071185663123">
        <ele>386.72059834748507</ele>
        <time>2022-03-07T22:23:20Z</time>
      </trkpt>
      <trkpt lat="34.3370254173286" lon="109.03119439462668">
        <ele>386.992392109707</ele>
        <time>2022-03-07T22:23:26Z</time>
      </trkpt>
      <trkpt lat="34.33675887464059" lon="109.03167793677879">
        <ele>387.9196622893214</ele>
        <time>2022-03-07T22:23:32Z</time>
      </trkpt>
      <trkpt lat="34.33648373020312" lon="109.03215747964431">
        <ele>387.2101676724851</ele>
        <time>2022-03-07T22:23:38Z</time>
      </trkpt>
      <trkpt lat="34.33619494319875" lon="109.03263409941891">
        <ele>386.9449845580384</ele>
        <time>2022-03-07T22:23:44Z</time>
      </trkpt>
      <trkpt lat="34.33591028152734" lon="109.03311319940603">
        <ele>385.3839338738471</ele>
        <time>2022-03-07T22:23:50Z</time>
      </trkpt>
      <trkpt lat="34.335743400510665" lon="109.03345362361085">
        <ele>386.8133509038016</ele>
        <time>2022-03-07T22:23:54Z</time>
      </trkpt>
      <trkpt lat="34.33547002523959" lon="109.03391726214586">
        <ele>387.2021715911105</ele>
        <time>2022-03-07T22:24:00Z</time>
      </trkpt>
      <trkpt lat="34.33519931777097" lon="109.03438360428068">
        <ele>387.97877616621554</ele>
        <time>2022-03-07T22:24:06Z</time>
      </trkpt>
      <trkpt lat="34.33494138308947" lon="109.03485988146409">
        <ele>387.8377399370074</ele>
        <time>2022-03-07T22:24:12Z</time>
      </trkpt>
      <trkpt lat="34.334676963394834" lon="109.03532652982356">
        <ele>387.5393816810101</ele>
        <time>2022-03-07T22:24:18Z</time>
      </trkpt>
      <trkpt lat="34.33439712175803" lon="109.03581243488544">
        <ele>387.75858564674854</ele>
        <time>2022-03-07T22:24:24Z</time>
      </trkpt>
      <trkpt lat="34.33413020786184" lon="109.03629149457213">
        <ele>387.7275226274505</ele>
        <time>2022-03-07T22:24:30Z</time>
      </trkpt>
      <trkpt lat="34.33385658731097" lon="109.03677862158735">
        <ele>387.9277223115787</ele>
        <time>2022-03-07T22:24:36Z</time>
      </trkpt>
      <trkpt lat="34.33357626175093" lon="109.03725582240149">
        <ele>388.1687148073688</ele>
        <time>2022-03-07T22:24:42Z</time>
      </trkpt>
      <trkpt lat="34.33330773809553" lon="109.03772635475761">
        <ele>388.21823586523533</ele>
        <time>2022-03-07T22:24:48Z</time>
      </trkpt>
      <trkpt lat="34.33312575515588" lon="109.03806309140823">
        <ele>388.36964959837496</ele>
        <time>2022-03-07T22:24:52Z</time>
      </trkpt>
      <trkpt lat="34.332864945710895" lon="109.03856163583858">
        <ele>389.02764098066837</ele>
        <time>2022-03-07T22:24:58Z</time>
      </trkpt>
      <trkpt lat="34.33259814072098" lon="109.03904447491907">
        <ele>388.9061633627862</ele>
        <time>2022-03-07T22:25:04Z</time>
      </trkpt>
      <trkpt lat="34.33232032294278" lon="109.03952137873254">
        <ele>389.1429544230923</ele>
        <time>2022-03-07T22:25:10Z</time>
      </trkpt>
      <trkpt lat="34.33205151080216" lon="109.04000812635525">
        <ele>390.2071544555947</ele>
        <time>2022-03-07T22:25:16Z</time>
      </trkpt>
      <trkpt lat="34.331769082741346" lon="109.0404802705608">
        <ele>389.6384126385674</ele>
        <time>2022-03-07T22:25:22Z</time>
      </trkpt>
      <trkpt lat="34.33149651930359" lon="109.04096441194687">
        <ele>388.6196411307901</ele>
        <time>2022-03-07T22:25:28Z</time>
      </trkpt>
      <trkpt lat="34.33123221884689" lon="109.04146715361922">
        <ele>389.16319387964904</ele>
        <time>2022-03-07T22:25:34Z</time>
      </trkpt>
      <trkpt lat="34.33116357394183" lon="109.0416478477906">
        <ele>389.2118340106681</ele>
        <time>2022-03-07T22:25:36Z</time>
      </trkpt>
      <trkpt lat="34.33088951071505" lon="109.042155591785">
        <ele>388.0522834761068</ele>
        <time>2022-03-07T22:25:42Z</time>
      </trkpt>
      <trkpt lat="34.330599338941035" lon="109.0426362812604">
        <ele>387.6797530967742</ele>
        <time>2022-03-07T22:25:48Z</time>
      </trkpt>
      <trkpt lat="34.33049859452793" lon="109.04279490991745">
        <ele>387.5176674295217</ele>
        <time>2022-03-07T22:25:50Z</time>
      </trkpt>
      <trkpt lat="34.33021066046943" lon="109.04329859912215">
        <ele>388.15359340049326</ele>
        <time>2022-03-07T22:25:56Z</time>
      </trkpt>
      <trkpt lat="34.32990987845368" lon="109.04382628906275">
        <ele>389.14088376425207</ele>
        <time>2022-03-07T22:26:02Z</time>
      </trkpt>
      <trkpt lat="34.32960591364862" lon="109.04434014908327">
        <ele>388.7437379984185</ele>
        <time>2022-03-07T22:26:08Z</time>
      </trkpt>
      <trkpt lat="34.329289091288246" lon="109.04486673124661">
        <ele>384.0852682357654</ele>
        <time>2022-03-07T22:26:14Z</time>
      </trkpt>
      <trkpt lat="34.32899366000005" lon="109.04537622523723">
        <ele>387.2664159378037</ele>
        <time>2022-03-07T22:26:20Z</time>
      </trkpt>
      <trkpt lat="34.328901947678276" lon="109.04551323468908">
        <ele>388.3791900379583</ele>
        <time>2022-03-07T22:26:22Z</time>
      </trkpt>
      <trkpt lat="34.328879840409556" lon="109.04564777154653">
        <ele>389.0797582594678</ele>
        <time>2022-03-07T22:26:24Z</time>
      </trkpt>
      <trkpt lat="34.32895760297928" lon="109.04569282167276">
        <ele>389.6062644487247</ele>
        <time>2022-03-07T22:26:26Z</time>
      </trkpt>
      <trkpt lat="34.32911677673867" lon="109.04557737095378">
        <ele>390.3175386330113</ele>
        <time>2022-03-07T22:26:28Z</time>
      </trkpt>
      <trkpt lat="34.3291783694828" lon="109.04541014658258">
        <ele>390.79739661701024</ele>
        <time>2022-03-07T22:26:30Z</time>
      </trkpt>
      <trkpt lat="34.32945210491642" lon="109.04500757889606">
        <ele>389.6617143470794</ele>
        <time>2022-03-07T22:26:36Z</time>
      </trkpt>
      <trkpt lat="34.32972193053561" lon="109.04452454957743">
        <ele>386.1576821357012</ele>
        <time>2022-03-07T22:26:42Z</time>
      </trkpt>
      <trkpt lat="34.33001399852564" lon="109.0440102197941">
        <ele>387.4764301981777</ele>
        <time>2022-03-07T22:26:48Z</time>
      </trkpt>
      <trkpt lat="34.33030730471833" lon="109.04347631136932">
        <ele>389.3464021971449</ele>
        <time>2022-03-07T22:26:54Z</time>
      </trkpt>
      <trkpt lat="34.330606018507964" lon="109.04296619267433">
        <ele>389.57666065264493</ele>
        <time>2022-03-07T22:27:00Z</time>
      </trkpt>
      <trkpt lat="34.33085225347725" lon="109.0426779418018">
        <ele>388.7549703475088</ele>
        <time>2022-03-07T22:27:04Z</time>
      </trkpt>
      <trkpt lat="34.331134384767026" lon="109.04218715500254">
        <ele>389.02424822282046</ele>
        <time>2022-03-07T22:27:10Z</time>
      </trkpt>
      <trkpt lat="34.331231848449484" lon="109.04202344423071">
        <ele>388.7135584373027</ele>
        <time>2022-03-07T22:27:12Z</time>
      </trkpt>
      <trkpt lat="34.33131276080945" lon="109.04184683774507">
        <ele>388.7462245132774</ele>
        <time>2022-03-07T22:27:14Z</time>
      </trkpt>
      <trkpt lat="34.3314281227247" lon="109.04147005071577">
        <ele>389.9525238731876</ele>
        <time>2022-03-07T22:27:18Z</time>
      </trkpt>
      <trkpt lat="34.33158857990125" lon="109.04109230428392">
        <ele>389.53341357875615</ele>
        <time>2022-03-07T22:27:22Z</time>
      </trkpt>
      <trkpt lat="34.33187898425917" lon="109.04058298884222">
        <ele>388.984696588479</ele>
        <time>2022-03-07T22:27:28Z</time>
      </trkpt>
      <trkpt lat="34.33208543046962" lon="109.04025076734173">
        <ele>388.3661414170638</ele>
        <time>2022-03-07T22:27:32Z</time>
      </trkpt>
      <trkpt lat="34.33237698222885" lon="109.03971580523505">
        <ele>388.9036280820146</ele>
        <time>2022-03-07T22:27:38Z</time>
      </trkpt>
      <trkpt lat="34.33268187078252" lon="109.03917654245815">
        <ele>388.5283570503816</ele>
        <time>2022-03-07T22:27:44Z</time>
      </trkpt>
      <trkpt lat="34.33299441250655" lon="109.03861664222495">
        <ele>388.8412587400526</ele>
        <time>2022-03-07T22:27:50Z</time>
      </trkpt>
      <trkpt lat="34.33330684146229" lon="109.03805412104501">
        <ele>389.0414154268801</ele>
        <time>2022-03-07T22:27:56Z</time>
      </trkpt>
      <trkpt lat="34.33342108119881" lon="109.03787128311376">
        <ele>388.6507012527436</ele>
        <time>2022-03-07T22:27:58Z</time>
      </trkpt>
      <trkpt lat="34.333623442309445" lon="109.03748465824809">
        <ele>389.64361551590264</ele>
        <time>2022-03-07T22:28:02Z</time>
      </trkpt>
      <trkpt lat="34.333946051638385" lon="109.03694811880618">
        <ele>385.52360146678984</ele>
        <time>2022-03-07T22:28:08Z</time>
      </trkpt>
      <trkpt lat="34.33425562098224" lon="109.03637739954364">
        <ele>387.20393423736095</ele>
        <time>2022-03-07T22:28:14Z</time>
      </trkpt>
      <trkpt lat="34.334569207053114" lon="109.03581202199979">
        <ele>387.64492860250175</ele>
        <time>2022-03-07T22:28:20Z</time>
      </trkpt>
      <trkpt lat="34.334889166473644" lon="109.03524056466465">
        <ele>387.60481422767043</ele>
        <time>2022-03-07T22:28:26Z</time>
      </trkpt>
      <trkpt lat="34.33521878202963" lon="109.03467432186241">
        <ele>387.3393779983744</ele>
        <time>2022-03-07T22:28:32Z</time>
      </trkpt>
      <trkpt lat="34.3355292148652" lon="109.03410364902334">
        <ele>387.24354280903935</ele>
        <time>2022-03-07T22:28:38Z</time>
      </trkpt>
      <trkpt lat="34.335844546419516" lon="109.03355068110123">
        <ele>386.93278215639293</ele>
        <time>2022-03-07T22:28:44Z</time>
      </trkpt>
      <trkpt lat="34.33616735789749" lon="109.03299752776854">
        <ele>385.8728001397103</ele>
        <time>2022-03-07T22:28:50Z</time>
      </trkpt>
      <trkpt lat="34.336477685252845" lon="109.03243560985443">
        <ele>386.87036820687354</ele>
        <time>2022-03-07T22:28:56Z</time>
      </trkpt>
      <trkpt lat="34.33678630142873" lon="109.03188218017829">
        <ele>387.96912594884634</ele>
        <time>2022-03-07T22:29:02Z</time>
      </trkpt>
      <trkpt lat="34.33708114643795" lon="109.03135392349651">
        <ele>387.8673171773553</ele>
        <time>2022-03-07T22:29:08Z</time>
      </trkpt>
      <trkpt lat="34.33739148299038" lon="109.0308308678136">
        <ele>387.1049855342135</ele>
        <time>2022-03-07T22:29:14Z</time>
      </trkpt>
      <trkpt lat="34.33768421131459" lon="109.03031883255277">
        <ele>386.58682943787426</ele>
        <time>2022-03-07T22:29:20Z</time>
      </trkpt>
      <trkpt lat="34.33797955227566" lon="109.02980170904763">
        <ele>386.88963613379747</ele>
        <time>2022-03-07T22:29:26Z</time>
      </trkpt>
      <trkpt lat="34.33827243131458" lon="109.02928464664329">
        <ele>386.80753545463085</ele>
        <time>2022-03-07T22:29:32Z</time>
      </trkpt>
      <trkpt lat="34.33856323244121" lon="109.02877065480203">
        <ele>386.8741111056879</ele>
        <time>2022-03-07T22:29:38Z</time>
      </trkpt>
      <trkpt lat="34.338829319228935" lon="109.02827355158313">
        <ele>387.3419015100226</ele>
        <time>2022-03-07T22:29:44Z</time>
      </trkpt>
      <trkpt lat="34.339091938569645" lon="109.02785273234528">
        <ele>386.3508297819644</ele>
        <time>2022-03-07T22:29:50Z</time>
      </trkpt>
      <trkpt lat="34.33935066079688" lon="109.02744252390855">
        <ele>386.1586265908554</ele>
        <time>2022-03-07T22:29:56Z</time>
      </trkpt>
      <trkpt lat="34.33965442410221" lon="109.02704048387149">
        <ele>384.89406377915293</ele>
        <time>2022-03-07T22:30:02Z</time>
      </trkpt>
      <trkpt lat="34.33996668373485" lon="109.02658358335334">
        <ele>384.7232442833483</ele>
        <time>2022-03-07T22:30:08Z</time>
      </trkpt>
      <trkpt lat="34.340307255192684" lon="109.02611113173742">
        <ele>385.0695542320609</ele>
        <time>2022-03-07T22:30:14Z</time>
      </trkpt>
      <trkpt lat="34.34064657626619" lon="109.02560939112135">
        <ele>385.0236144429073</ele>
        <time>2022-03-07T22:30:20Z</time>
      </trkpt>
      <trkpt lat="34.34099781240732" lon="109.02511211114059">
        <ele>385.8138899449259</ele>
        <time>2022-03-07T22:30:26Z</time>
      </trkpt>
      <trkpt lat="34.34133023534267" lon="109.02463062459826">
        <ele>386.6262862253934</ele>
        <time>2022-03-07T22:30:32Z</time>
      </trkpt>
      <trkpt lat="34.341542916531886" lon="109.02437370050608">
        <ele>385.2870423067361</ele>
        <time>2022-03-07T22:30:36Z</time>
      </trkpt>
      <trkpt lat="34.34166254157228" lon="109.02434574063285">
        <ele>385.2501021558419</ele>
        <time>2022-03-07T22:30:38Z</time>
      </trkpt>
      <trkpt lat="34.34145682741575" lon="109.02416778051077">
        <ele>385.30906996130943</ele>
        <time>2022-03-07T22:30:40Z</time>
      </trkpt>
      <trkpt lat="34.341420226283404" lon="109.02433498341621">
        <ele>385.88367616198957</ele>
        <time>2022-03-07T22:30:42Z</time>
      </trkpt>
      <trkpt lat="34.34132585320001" lon="109.0244588918967">
        <ele>385.9454062413424</ele>
        <time>2022-03-07T22:30:44Z</time>
      </trkpt>
      <trkpt lat="34.34099247269677" lon="109.02489666055209">
        <ele>384.84483860246837</ele>
        <time>2022-03-07T22:30:50Z</time>
      </trkpt>
      <trkpt lat="34.340854115280635" lon="109.025056946226">
        <ele>385.01411604415625</ele>
        <time>2022-03-07T22:30:52Z</time>
      </trkpt>
      <trkpt lat="34.34051771253704" lon="109.02554670097807">
        <ele>385.52352069411427</ele>
        <time>2022-03-07T22:30:58Z</time>
      </trkpt>
      <trkpt lat="34.34030415868256" lon="109.02586914696005">
        <ele>385.27571839187294</ele>
        <time>2022-03-07T22:31:02Z</time>
      </trkpt>
      <trkpt lat="34.339971791508034" lon="109.02631059310089">
        <ele>385.7458051079884</ele>
        <time>2022-03-07T22:31:08Z</time>
      </trkpt>
      <trkpt lat="34.339647345921215" lon="109.02674605332032">
        <ele>386.24917644262314</ele>
        <time>2022-03-07T22:31:14Z</time>
      </trkpt>
      <trkpt lat="34.3393466712807" lon="109.02717932220501">
        <ele>387.04694715421647</ele>
        <time>2022-03-07T22:31:20Z</time>
      </trkpt>
      <trkpt lat="34.33915656530836" lon="109.02747695859046">
        <ele>386.386610776186</ele>
        <time>2022-03-07T22:31:24Z</time>
      </trkpt>
      <trkpt lat="34.33906812655978" lon="109.02764896527741">
        <ele>385.90607520379126</ele>
        <time>2022-03-07T22:31:26Z</time>
      </trkpt>
      <trkpt lat="34.338765536144834" lon="109.02815751534013">
        <ele>385.69326646998525</ele>
        <time>2022-03-07T22:31:32Z</time>
      </trkpt>
      <trkpt lat="34.33847493257074" lon="109.0286689992293">
        <ele>387.20276195462793</ele>
        <time>2022-03-07T22:31:38Z</time>
      </trkpt>
      <trkpt lat="34.33818968822667" lon="109.02917880996674">
        <ele>387.5888552656397</ele>
        <time>2022-03-07T22:31:44Z</time>
      </trkpt>
      <trkpt lat="34.33787922527284" lon="109.02969762960292">
        <ele>386.8802386363968</ele>
        <time>2022-03-07T22:31:50Z</time>
      </trkpt>
      <trkpt lat="34.3376830717207" lon="109.03006675540556">
        <ele>387.12296892888844</ele>
        <time>2022-03-07T22:31:54Z</time>
      </trkpt>
      <trkpt lat="34.3375767065695" lon="109.03023430504163">
        <ele>386.9211969356984</ele>
        <time>2022-03-07T22:31:56Z</time>
      </trkpt>
      <trkpt lat="34.33739044578051" lon="109.03060452715604">
        <ele>387.13929098285735</ele>
        <time>2022-03-07T22:32:00Z</time>
      </trkpt>
      <trkpt lat="34.33728090928559" lon="109.03077653508008">
        <ele>387.12908938806504</ele>
        <time>2022-03-07T22:32:02Z</time>
      </trkpt>
      <trkpt lat="34.337195377183455" lon="109.03096725736418">
        <ele>387.01959188561887</ele>
        <time>2022-03-07T22:32:04Z</time>
      </trkpt>
      <trkpt lat="34.33688442585567" lon="109.03148769120864">
        <ele>387.98412773758173</ele>
        <time>2022-03-07T22:32:10Z</time>
      </trkpt>
      <trkpt lat="34.33659830640662" lon="109.0319988745115">
        <ele>387.6469792854041</ele>
        <time>2022-03-07T22:32:16Z</time>
      </trkpt>
      <trkpt lat="34.33630217902093" lon="109.0325106333205">
        <ele>387.6901041008532</ele>
        <time>2022-03-07T22:32:22Z</time>
      </trkpt>
      <trkpt lat="34.335982691998176" lon="109.03303847015205">
        <ele>387.6508659319952</ele>
        <time>2022-03-07T22:32:28Z</time>
      </trkpt>
      <trkpt lat="34.335670912446005" lon="109.03357559865164">
        <ele>387.6791520472616</ele>
        <time>2022-03-07T22:32:34Z</time>
      </trkpt>
      <trkpt lat="34.33537961030196" lon="109.03411041338653">
        <ele>388.16061231680214</ele>
        <time>2022-03-07T22:32:40Z</time>
      </trkpt>
      <trkpt lat="34.3350797449909" lon="109.03463221466735">
        <ele>388.38755416776985</ele>
        <time>2022-03-07T22:32:46Z</time>
      </trkpt>
      <trkpt lat="34.33477784412594" lon="109.0351608816731">
        <ele>387.8703974504024</ele>
        <time>2022-03-07T22:32:52Z</time>
      </trkpt>
      <trkpt lat="34.334478781996005" lon="109.03569926784549">
        <ele>387.9332468714565</ele>
        <time>2022-03-07T22:32:58Z</time>
      </trkpt>
      <trkpt lat="34.3341848006188" lon="109.0362304603591">
        <ele>387.8989887535572</ele>
        <time>2022-03-07T22:33:04Z</time>
      </trkpt>
      <trkpt lat="34.333867973403805" lon="109.03674185366735">
        <ele>388.14925814047456</ele>
        <time>2022-03-07T22:33:10Z</time>
      </trkpt>
      <trkpt lat="34.33357516973128" lon="109.03728590878943">
        <ele>388.11843606457114</ele>
        <time>2022-03-07T22:33:16Z</time>
      </trkpt>
      <trkpt lat="34.333297066398025" lon="109.03781733522204">
        <ele>388.875804326497</ele>
        <time>2022-03-07T22:33:22Z</time>
      </trkpt>
      <trkpt lat="34.333002654661435" lon="109.03829667161679">
        <ele>389.45391564257443</ele>
        <time>2022-03-07T22:33:28Z</time>
      </trkpt>
      <trkpt lat="34.332725159856366" lon="109.03883252064989">
        <ele>390.1925674723461</ele>
        <time>2022-03-07T22:33:34Z</time>
      </trkpt>
      <trkpt lat="34.33244794909941" lon="109.03933128105412">
        <ele>388.57211103569716</ele>
        <time>2022-03-07T22:33:40Z</time>
      </trkpt>
      <trkpt lat="34.33216933518887" lon="109.0398165582069">
        <ele>389.24545960873365</ele>
        <time>2022-03-07T22:33:46Z</time>
      </trkpt>
      <trkpt lat="34.33189176490155" lon="109.04030179939528">
        <ele>390.1446905396879</ele>
        <time>2022-03-07T22:33:52Z</time>
      </trkpt>
      <trkpt lat="34.331634328517865" lon="109.04074738563402">
        <ele>389.5618526097387</ele>
        <time>2022-03-07T22:33:58Z</time>
      </trkpt>
      <trkpt lat="34.33137101870483" lon="109.0411961005889">
        <ele>388.85851785261184</ele>
        <time>2022-03-07T22:34:04Z</time>
      </trkpt>
      <trkpt lat="34.331150415888146" lon="109.041695876377">
        <ele>389.39909123349935</ele>
        <time>2022-03-07T22:34:10Z</time>
      </trkpt>
      <trkpt lat="34.33098703747859" lon="109.04201667698321">
        <ele>389.27720479108393</ele>
        <time>2022-03-07T22:34:14Z</time>
      </trkpt>
      <trkpt lat="34.330720252520145" lon="109.0424631511767">
        <ele>387.5359579687938</ele>
        <time>2022-03-07T22:34:20Z</time>
      </trkpt>
      <trkpt lat="34.33045558567787" lon="109.04291925580428">
        <ele>387.3999433722347</ele>
        <time>2022-03-07T22:34:26Z</time>
      </trkpt>
      <trkpt lat="34.33018800746012" lon="109.04337290967919">
        <ele>388.945322166197</ele>
        <time>2022-03-07T22:34:32Z</time>
      </trkpt>
      <trkpt lat="34.32990985594136" lon="109.04383495763746">
        <ele>388.8689647158608</ele>
        <time>2022-03-07T22:34:38Z</time>
      </trkpt>
      <trkpt lat="34.32963830204558" lon="109.04432533481726">
        <ele>389.98434969689697</ele>
        <time>2022-03-07T22:34:44Z</time>
      </trkpt>
      <trkpt lat="34.32935140236616" lon="109.0448147654267">
        <ele>384.96843552868813</ele>
        <time>2022-03-07T22:34:50Z</time>
      </trkpt>
      <trkpt lat="34.32916314931969" lon="109.04512418008247">
        <ele>385.141827092506</ele>
        <time>2022-03-07T22:34:54Z</time>
      </trkpt>
      <trkpt lat="34.32908737375332" lon="109.04528632477707">
        <ele>386.8472086628899</ele>
        <time>2022-03-07T22:34:56Z</time>
      </trkpt>
      <trkpt lat="34.32892156482167" lon="109.04553707143121">
        <ele>388.555700709112</ele>
        <time>2022-03-07T22:35:00Z</time>
      </trkpt>
      <trkpt lat="34.32889562366875" lon="109.04566289963049">
        <ele>388.9324809713289</ele>
        <time>2022-03-07T22:35:02Z</time>
      </trkpt>
      <trkpt lat="34.328971366005774" lon="109.04572441920973">
        <ele>389.792162370868</ele>
        <time>2022-03-07T22:35:04Z</time>
      </trkpt>
      <trkpt lat="34.329119208179996" lon="109.04558611246522">
        <ele>390.12888251803815</ele>
        <time>2022-03-07T22:35:06Z</time>
      </trkpt>
      <trkpt lat="34.32927302009288" lon="109.04529686072674">
        <ele>391.3139596451074</ele>
        <time>2022-03-07T22:35:10Z</time>
      </trkpt>
      <trkpt lat="34.329367527312094" lon="109.04516460469364">
        <ele>390.98257035017014</ele>
        <time>2022-03-07T22:35:12Z</time>
      </trkpt>
      <trkpt lat="34.32962561057468" lon="109.04470418279199">
        <ele>387.5403334554285</ele>
        <time>2022-03-07T22:35:18Z</time>
      </trkpt>
      <trkpt lat="34.32989200370023" lon="109.04420436169165">
        <ele>387.7823711130768</ele>
        <time>2022-03-07T22:35:24Z</time>
      </trkpt>
      <trkpt lat="34.33018764272854" lon="109.04369782962686">
        <ele>389.6672096820548</ele>
        <time>2022-03-07T22:35:30Z</time>
      </trkpt>
      <trkpt lat="34.330466928290456" lon="109.04317706753649">
        <ele>389.35489259753376</ele>
        <time>2022-03-07T22:35:36Z</time>
      </trkpt>
      <trkpt lat="34.33056676589573" lon="109.04299677124051">
        <ele>390.1165190367028</ele>
        <time>2022-03-07T22:35:38Z</time>
      </trkpt>
      <trkpt lat="34.330818809089166" lon="109.04272533045346">
        <ele>389.91136062610894</ele>
        <time>2022-03-07T22:35:42Z</time>
      </trkpt>
      <trkpt lat="34.33111210924644" lon="109.04223077223595">
        <ele>389.56409166380763</ele>
        <time>2022-03-07T22:35:48Z</time>
      </trkpt>
      <trkpt lat="34.33120797705248" lon="109.04206166740842">
        <ele>389.4983319910243</ele>
        <time>2022-03-07T22:35:50Z</time>
      </trkpt>
      <trkpt lat="34.33128869196863" lon="109.0418734533782">
        <ele>390.0727380486205</ele>
        <time>2022-03-07T22:35:52Z</time>
      </trkpt>
      <trkpt lat="34.33140046372514" lon="109.04149187174048">
        <ele>389.5707489727065</ele>
        <time>2022-03-07T22:35:56Z</time>
      </trkpt>
      <trkpt lat="34.331680480967286" lon="109.04098204653563">
        <ele>389.79154001548886</ele>
        <time>2022-03-07T22:36:02Z</time>
      </trkpt>
      <trkpt lat="34.33197805842917" lon="109.04046122662272">
        <ele>389.92254726961255</ele>
        <time>2022-03-07T22:36:08Z</time>
      </trkpt>
      <trkpt lat="34.33207805267065" lon="109.04028619611181">
        <ele>389.8108876887709</ele>
        <time>2022-03-07T22:36:10Z</time>
      </trkpt>
      <trkpt lat="34.332379233075415" lon="109.03975915010973">
        <ele>390.04712188243866</ele>
        <time>2022-03-07T22:36:16Z</time>
      </trkpt>
      <trkpt lat="34.332584468015405" lon="109.03939998625147">
        <ele>389.9067137669772</ele>
        <time>2022-03-07T22:36:20Z</time>
      </trkpt>
      <trkpt lat="34.33288763602299" lon="109.03886935786961">
        <ele>389.67617327068</ele>
        <time>2022-03-07T22:36:26Z</time>
      </trkpt>
      <trkpt lat="34.332984508508076" lon="109.03869805225908">
        <ele>389.2163092875853</ele>
        <time>2022-03-07T22:36:28Z</time>
      </trkpt>
      <trkpt lat="34.333038592155226" lon="109.03849455694335">
        <ele>388.79632939677685</ele>
        <time>2022-03-07T22:36:30Z</time>
      </trkpt>
      <trkpt lat="34.33334950035803" lon="109.037960549737">
        <ele>389.40962505247444</ele>
        <time>2022-03-07T22:36:36Z</time>
      </trkpt>
      <trkpt lat="34.33356238669532" lon="109.03762659069648">
        <ele>389.78840493317693</ele>
        <time>2022-03-07T22:36:40Z</time>
      </trkpt>
      <trkpt lat="34.33385953313229" lon="109.03709531595949">
        <ele>388.8873164942488</ele>
        <time>2022-03-07T22:36:46Z</time>
      </trkpt>
      <trkpt lat="34.33416584832889" lon="109.03652517110504">
        <ele>388.30251453164965</ele>
        <time>2022-03-07T22:36:52Z</time>
      </trkpt>
      <trkpt lat="34.334467442313986" lon="109.03597233031154">
        <ele>387.88109660707414</ele>
        <time>2022-03-07T22:36:58Z</time>
      </trkpt>
      <trkpt lat="34.33477179947542" lon="109.03542882672264">
        <ele>387.556913157925</ele>
        <time>2022-03-07T22:37:04Z</time>
      </trkpt>
      <trkpt lat="34.33509389060328" lon="109.03489360859265">
        <ele>387.73554133065045</ele>
        <time>2022-03-07T22:37:10Z</time>
      </trkpt>
      <trkpt lat="34.33538073151355" lon="109.03437931149261">
        <ele>386.4257807992399</ele>
        <time>2022-03-07T22:37:16Z</time>
      </trkpt>
      <trkpt lat="34.33567591216056" lon="109.03388408263652">
        <ele>386.6062775179744</ele>
        <time>2022-03-07T22:37:22Z</time>
      </trkpt>
      <trkpt lat="34.33576835422038" lon="109.03370312117644">
        <ele>387.44115836918354</ele>
        <time>2022-03-07T22:37:24Z</time>
      </trkpt>
      <trkpt lat="34.33607848023617" lon="109.03317824331111">
        <ele>387.4277103114873</ele>
        <time>2022-03-07T22:37:30Z</time>
      </trkpt>
      <trkpt lat="34.336383448961655" lon="109.03263289897833">
        <ele>387.58638647571206</ele>
        <time>2022-03-07T22:37:36Z</time>
      </trkpt>
      <trkpt lat="34.336589358563245" lon="109.0322745398901">
        <ele>387.3189085246995</ele>
        <time>2022-03-07T22:37:40Z</time>
      </trkpt>
      <trkpt lat="34.33671092220305" lon="109.03210662202325">
        <ele>388.1379272369668</ele>
        <time>2022-03-07T22:37:42Z</time>
      </trkpt>
      <trkpt lat="34.33689048274612" lon="109.0317260024175">
        <ele>387.68231470230967</ele>
        <time>2022-03-07T22:37:46Z</time>
      </trkpt>
      <trkpt lat="34.33719843421132" lon="109.0311598518517">
        <ele>388.2049214784056</ele>
        <time>2022-03-07T22:37:52Z</time>
      </trkpt>
      <trkpt lat="34.33751528854214" lon="109.03062284665803">
        <ele>386.3383360216394</ele>
        <time>2022-03-07T22:37:58Z</time>
      </trkpt>
      <trkpt lat="34.33783301516059" lon="109.03010713426605">
        <ele>386.0632873987779</ele>
        <time>2022-03-07T22:38:04Z</time>
      </trkpt>
      <trkpt lat="34.338130790620504" lon="109.02955815354133">
        <ele>387.49468092247844</ele>
        <time>2022-03-07T22:38:10Z</time>
      </trkpt>
      <trkpt lat="34.33842453259893" lon="109.02901496544793">
        <ele>387.0210155528039</ele>
        <time>2022-03-07T22:38:16Z</time>
      </trkpt>
      <trkpt lat="34.33862752667624" lon="109.02867153925338">
        <ele>388.01278066542</ele>
        <time>2022-03-07T22:38:20Z</time>
      </trkpt>
      <trkpt lat="34.33881231460895" lon="109.02828921454407">
        <ele>387.9687002953142</ele>
        <time>2022-03-07T22:38:24Z</time>
      </trkpt>
      <trkpt lat="34.339013830662765" lon="109.02794816176451">
        <ele>387.14197624567896</ele>
        <time>2022-03-07T22:38:28Z</time>
      </trkpt>
      <trkpt lat="34.33918370274425" lon="109.02784392665446">
        <ele>386.9887955710292</ele>
        <time>2022-03-07T22:38:30Z</time>
      </trkpt>
      <trkpt lat="34.33951316644526" lon="109.02734604799043">
        <ele>385.73654148261994</ele>
        <time>2022-03-07T22:38:36Z</time>
      </trkpt>
      <trkpt lat="34.339868478321975" lon="109.02684374672963">
        <ele>385.62039759289473</ele>
        <time>2022-03-07T22:38:42Z</time>
      </trkpt>
      <trkpt lat="34.339987532285484" lon="109.02667706420607">
        <ele>385.4147567693144</ele>
        <time>2022-03-07T22:38:44Z</time>
      </trkpt>
      <trkpt lat="34.340348301588925" lon="109.02617191214945">
        <ele>385.5058922916651</ele>
        <time>2022-03-07T22:38:50Z</time>
      </trkpt>
      <trkpt lat="34.34040941123927" lon="109.02593149366429">
        <ele>384.92222177423537</ele>
        <time>2022-03-07T22:38:52Z</time>
      </trkpt>
      <trkpt lat="34.34078530768509" lon="109.0254217071374">
        <ele>385.4222827106714</ele>
        <time>2022-03-07T22:38:58Z</time>
      </trkpt>
      <trkpt lat="34.341144249453784" lon="109.02490502229413">
        <ele>385.93109374679625</ele>
        <time>2022-03-07T22:39:04Z</time>
      </trkpt>
      <trkpt lat="34.341467686493665" lon="109.02445892303162">
        <ele>385.46542480494827</ele>
        <time>2022-03-07T22:39:10Z</time>
      </trkpt>
      <trkpt lat="34.34155846229403" lon="109.02434274597019">
        <ele>384.72844089102</ele>
        <time>2022-03-07T22:39:12Z</time>
      </trkpt>
      <trkpt lat="34.34158085175558" lon="109.02419394030186">
        <ele>385.1465325700119</ele>
        <time>2022-03-07T22:39:14Z</time>
      </trkpt>
      <trkpt lat="34.34152284685226" lon="109.02410550203362">
        <ele>384.806997962296</ele>
        <time>2022-03-07T22:39:16Z</time>
      </trkpt>
      <trkpt lat="34.34142005383429" lon="109.02415851083057">
        <ele>385.6222340790555</ele>
        <time>2022-03-07T22:39:18Z</time>
      </trkpt>
      <trkpt lat="34.341413398349346" lon="109.02434388837872">
        <ele>385.5569573836401</ele>
        <time>2022-03-07T22:39:20Z</time>
      </trkpt>
      <trkpt lat="34.34124078662065" lon="109.02457055187556">
        <ele>385.2294090036303</ele>
        <time>2022-03-07T22:39:24Z</time>
      </trkpt>
      <trkpt lat="34.341032000252454" lon="109.02484492694933">
        <ele>384.9945546006784</ele>
        <time>2022-03-07T22:39:28Z</time>
      </trkpt>
      <trkpt lat="34.340909755490635" lon="109.02496296292124">
        <ele>384.85392752010375</ele>
        <time>2022-03-07T22:39:30Z</time>
      </trkpt>
      <trkpt lat="34.34061564440334" lon="109.02541900187583">
        <ele>385.8481263574213</ele>
        <time>2022-03-07T22:39:36Z</time>
      </trkpt>
      <trkpt lat="34.340301739942724" lon="109.02584736229747">
        <ele>385.50981569476426</ele>
        <time>2022-03-07T22:39:42Z</time>
      </trkpt>
      <trkpt lat="34.33997226548024" lon="109.02629632368995">
        <ele>385.207301014103</ele>
        <time>2022-03-07T22:39:48Z</time>
      </trkpt>
      <trkpt lat="34.33965237342173" lon="109.02676402693963">
        <ele>385.9194588921964</ele>
        <time>2022-03-07T22:39:54Z</time>
      </trkpt>
      <trkpt lat="34.33934841727928" lon="109.02723806105523">
        <ele>385.89549238514155</ele>
        <time>2022-03-07T22:40:00Z</time>
      </trkpt>
      <trkpt lat="34.339126779242896" lon="109.02753418755555">
        <ele>385.6725026322529</ele>
        <time>2022-03-07T22:40:04Z</time>
      </trkpt>
      <trkpt lat="34.33893182446101" lon="109.02786626339471">
        <ele>384.43272222112864</ele>
        <time>2022-03-07T22:40:08Z</time>
      </trkpt>
      <trkpt lat="34.33863610752" lon="109.02838720012893">
        <ele>385.44845206383616</ele>
        <time>2022-03-07T22:40:14Z</time>
      </trkpt>
      <trkpt lat="34.33835246764078" lon="109.02889519548009">
        <ele>386.30127750430256</ele>
        <time>2022-03-07T22:40:20Z</time>
      </trkpt>
      <trkpt lat="34.338066738237224" lon="109.02938022520317">
        <ele>385.423722431995</ele>
        <time>2022-03-07T22:40:26Z</time>
      </trkpt>
      <trkpt lat="34.337782514290055" lon="109.02986777837067">
        <ele>385.08332561701536</ele>
        <time>2022-03-07T22:40:32Z</time>
      </trkpt>
      <trkpt lat="34.3375047889062" lon="109.03033439684292">
        <ele>385.13776005711406</ele>
        <time>2022-03-07T22:40:38Z</time>
      </trkpt>
      <trkpt lat="34.3372458838721" lon="109.03081312177953">
        <ele>385.93832792621106</ele>
        <time>2022-03-07T22:40:44Z</time>
      </trkpt>
      <trkpt lat="34.33707695162453" lon="109.03113603399328">
        <ele>386.20412655733526</ele>
        <time>2022-03-07T22:40:48Z</time>
      </trkpt>
      <trkpt lat="34.33679771093537" lon="109.03159372411889">
        <ele>387.50044687557966</ele>
        <time>2022-03-07T22:40:54Z</time>
      </trkpt>
      <trkpt lat="34.33662888841855" lon="109.0319112331921">
        <ele>387.7420765310526</ele>
        <time>2022-03-07T22:40:58Z</time>
      </trkpt>
      <trkpt lat="34.33634074805073" lon="109.03237057806727">
        <ele>387.3296380508691</ele>
        <time>2022-03-07T22:41:04Z</time>
      </trkpt>
      <trkpt lat="34.336069759363184" lon="109.03285483824612">
        <ele>386.8267250061035</ele>
        <time>2022-03-07T22:41:10Z</time>
      </trkpt>
      <trkpt lat="34.335801554042774" lon="109.03334089177854">
        <ele>386.9690156755969</ele>
        <time>2022-03-07T22:41:16Z</time>
      </trkpt>
      <trkpt lat="34.33552948244375" lon="109.03381200895349">
        <ele>386.99872063379735</ele>
        <time>2022-03-07T22:41:22Z</time>
      </trkpt>
      <trkpt lat="34.33527241552451" lon="109.03427054780765">
        <ele>386.7827505758032</ele>
        <time>2022-03-07T22:41:28Z</time>
      </trkpt>
      <trkpt lat="34.335002838776276" lon="109.03472939684416">
        <ele>387.3548031132668</ele>
        <time>2022-03-07T22:41:34Z</time>
      </trkpt>
      <trkpt lat="34.334730276586455" lon="109.03520227166717">
        <ele>387.17670552711934</ele>
        <time>2022-03-07T22:41:40Z</time>
      </trkpt>
      <trkpt lat="34.334447568476065" lon="109.03569003246795">
        <ele>387.1767489211634</ele>
        <time>2022-03-07T22:41:46Z</time>
      </trkpt>
      <trkpt lat="34.33416390942786" lon="109.03617542392371">
        <ele>386.5860638320446</ele>
        <time>2022-03-07T22:41:52Z</time>
      </trkpt>
      <trkpt lat="34.334074265232495" lon="109.03635088629545">
        <ele>386.88276385422796</ele>
        <time>2022-03-07T22:41:54Z</time>
      </trkpt>
      <trkpt lat="34.33377199862945" lon="109.03681862624317">
        <ele>386.16704597882926</ele>
        <time>2022-03-07T22:42:00Z</time>
      </trkpt>
      <trkpt lat="34.33348839229182" lon="109.03734482267517">
        <ele>387.3781487252563</ele>
        <time>2022-03-07T22:42:06Z</time>
      </trkpt>
      <trkpt lat="34.33328056385229" lon="109.03770547194549">
        <ele>387.59635788947344</ele>
        <time>2022-03-07T22:42:10Z</time>
      </trkpt>
      <trkpt lat="34.33301196120023" lon="109.0382285940138">
        <ele>388.3131430288777</ele>
        <time>2022-03-07T22:42:16Z</time>
      </trkpt>
      <trkpt lat="34.332735770702335" lon="109.0387410432537">
        <ele>388.36362874973565</ele>
        <time>2022-03-07T22:42:22Z</time>
      </trkpt>
      <trkpt lat="34.33246033230174" lon="109.03922834425263">
        <ele>388.5373331196606</ele>
        <time>2022-03-07T22:42:28Z</time>
      </trkpt>
      <trkpt lat="34.33218655616743" lon="109.0397187000487">
        <ele>388.67951111588627</ele>
        <time>2022-03-07T22:42:34Z</time>
      </trkpt>
      <trkpt lat="34.33192111680262" lon="109.04019454806354">
        <ele>389.57413930259645</ele>
        <time>2022-03-07T22:42:40Z</time>
      </trkpt>
      <trkpt lat="34.331589112213365" lon="109.04074646373577">
        <ele>388.9690384566784</ele>
        <time>2022-03-07T22:42:48Z</time>
      </trkpt>
      <trkpt lat="34.331278421871374" lon="109.04132691399853">
        <ele>388.94362910464406</ele>
        <time>2022-03-07T22:42:56Z</time>
      </trkpt>
      <trkpt lat="34.331099617772004" lon="109.04160247029994">
        <ele>389.2788205491379</ele>
        <time>2022-03-07T22:43:00Z</time>
      </trkpt>
      <trkpt lat="34.33102790179164" lon="109.04175705490289">
        <ele>388.4055416788906</ele>
        <time>2022-03-07T22:43:02Z</time>
      </trkpt>
      <trkpt lat="34.33092764779149" lon="109.04210103713113">
        <ele>388.512486028485</ele>
        <time>2022-03-07T22:43:06Z</time>
      </trkpt>
      <trkpt lat="34.33064884122736" lon="109.0425482956295">
        <ele>388.2020683949813</ele>
        <time>2022-03-07T22:43:12Z</time>
      </trkpt>
      <trkpt lat="34.33037322124161" lon="109.04303528358831">
        <ele>388.9564771382138</ele>
        <time>2022-03-07T22:43:18Z</time>
      </trkpt>
      <trkpt lat="34.33009040843334" lon="109.04352809471453">
        <ele>389.09990759566426</ele>
        <time>2022-03-07T22:43:24Z</time>
      </trkpt>
      <trkpt lat="34.32976924897571" lon="109.04410678593149">
        <ele>389.42580147460103</ele>
        <time>2022-03-07T22:43:31Z</time>
      </trkpt>
      <trkpt lat="34.32947302724056" lon="109.044592549045">
        <ele>386.75994073506445</ele>
        <time>2022-03-07T22:43:37Z</time>
      </trkpt>
      <trkpt lat="34.329177481556734" lon="109.04509500446018">
        <ele>384.89996866416186</ele>
        <time>2022-03-07T22:43:43Z</time>
      </trkpt>
      <trkpt lat="34.329013478106624" lon="109.0454075788504">
        <ele>386.9560419227928</ele>
        <time>2022-03-07T22:43:47Z</time>
      </trkpt>
      <trkpt lat="34.328921718176396" lon="109.0455217027535">
        <ele>388.0218775914982</ele>
        <time>2022-03-07T22:43:49Z</time>
      </trkpt>
      <trkpt lat="34.32889001620728" lon="109.04564291203543">
        <ele>388.879099894315</ele>
        <time>2022-03-07T22:43:51Z</time>
      </trkpt>
      <trkpt lat="34.328960430065564" lon="109.0457164889989">
        <ele>389.368533459492</ele>
        <time>2022-03-07T22:43:53Z</time>
      </trkpt>
      <trkpt lat="34.32905807649981" lon="109.04563116637159">
        <ele>389.77237977366894</ele>
        <time>2022-03-07T22:43:55Z</time>
      </trkpt>
      <trkpt lat="34.329390103475376" lon="109.04508839104899">
        <ele>390.6420074785128</ele>
        <time>2022-03-07T22:44:03Z</time>
      </trkpt>
      <trkpt lat="34.329680392888214" lon="109.04461992931729">
        <ele>386.61833908129483</ele>
        <time>2022-03-07T22:44:09Z</time>
      </trkpt>
      <trkpt lat="34.329903646705546" lon="109.04419166708371">
        <ele>387.55391612276435</ele>
        <time>2022-03-07T22:44:14Z</time>
      </trkpt>
      <trkpt lat="34.330209771814914" lon="109.04367648719494">
        <ele>389.68533444684</ele>
        <time>2022-03-07T22:44:20Z</time>
      </trkpt>
      <trkpt lat="34.3304827401958" lon="109.04317530142019">
        <ele>389.2890616999939</ele>
        <time>2022-03-07T22:44:26Z</time>
      </trkpt>
      <trkpt lat="34.330585303696346" lon="109.04302255264923">
        <ele>389.03358966391534</ele>
        <time>2022-03-07T22:44:28Z</time>
      </trkpt>
      <trkpt lat="34.33085378738947" lon="109.04254326047459">
        <ele>389.1551239974797</ele>
        <time>2022-03-07T22:44:34Z</time>
      </trkpt>
      <trkpt lat="34.331120961208036" lon="109.04209333046428">
        <ele>389.4322827840224</ele>
        <time>2022-03-07T22:44:40Z</time>
      </trkpt>
      <trkpt lat="34.33121869378396" lon="109.04194545947155">
        <ele>389.42299038451165</ele>
        <time>2022-03-07T22:44:42Z</time>
      </trkpt>
      <trkpt lat="34.331289636821666" lon="109.04177009858867">
        <ele>390.1377387754619</ele>
        <time>2022-03-07T22:44:44Z</time>
      </trkpt>
      <trkpt lat="34.33139936622548" lon="109.0416258403021">
        <ele>389.4423717558384</ele>
        <time>2022-03-07T22:44:46Z</time>
      </trkpt>
      <trkpt lat="34.331565466422305" lon="109.04127185040272">
        <ele>390.2741677770391</ele>
        <time>2022-03-07T22:44:50Z</time>
      </trkpt>
      <trkpt lat="34.331624511324534" lon="109.04108003332041">
        <ele>388.6563683412969</ele>
        <time>2022-03-07T22:44:52Z</time>
      </trkpt>
      <trkpt lat="34.33178844896568" lon="109.04073708517879">
        <ele>388.77618406899273</ele>
        <time>2022-03-07T22:44:56Z</time>
      </trkpt>
      <trkpt lat="34.33189046463642" lon="109.04058434347439">
        <ele>388.58438494987786</ele>
        <time>2022-03-07T22:44:58Z</time>
      </trkpt>
      <trkpt lat="34.33207226498894" lon="109.04024084113395">
        <ele>389.61626150552183</ele>
        <time>2022-03-07T22:45:02Z</time>
      </trkpt>
      <trkpt lat="34.33236949048666" lon="109.0397214702423">
        <ele>389.61072075460106</ele>
        <time>2022-03-07T22:45:08Z</time>
      </trkpt>
      <trkpt lat="34.332664490791664" lon="109.03920226187823">
        <ele>389.6578105809167</ele>
        <time>2022-03-07T22:45:14Z</time>
      </trkpt>
      <trkpt lat="34.3329664111194" lon="109.03867377839049">
        <ele>388.4642390925437</ele>
        <time>2022-03-07T22:45:20Z</time>
      </trkpt>
      <trkpt lat="34.33325773829003" lon="109.03814546518355">
        <ele>389.41534902341664</ele>
        <time>2022-03-07T22:45:26Z</time>
      </trkpt>
      <trkpt lat="34.33354949679148" lon="109.0376308749596">
        <ele>389.37271926086396</ele>
        <time>2022-03-07T22:45:32Z</time>
      </trkpt>
      <trkpt lat="34.33385655043188" lon="109.03709428736401">
        <ele>388.85800156369805</ele>
        <time>2022-03-07T22:45:38Z</time>
      </trkpt>
      <trkpt lat="34.334181140589486" lon="109.03655449651927">
        <ele>387.9373568817973</ele>
        <time>2022-03-07T22:45:44Z</time>
      </trkpt>
      <trkpt lat="34.33448010042965" lon="109.03601561353118">
        <ele>387.90600524190813</ele>
        <time>2022-03-07T22:45:50Z</time>
      </trkpt>
      <trkpt lat="34.334783206158534" lon="109.03546934869763">
        <ele>387.58255742955953</ele>
        <time>2022-03-07T22:45:56Z</time>
      </trkpt>
      <trkpt lat="34.33508924017135" lon="109.03491390132879">
        <ele>387.81756135076284</ele>
        <time>2022-03-07T22:46:02Z</time>
      </trkpt>
      <trkpt lat="34.33538959030355" lon="109.03436950330354">
        <ele>388.357470006682</ele>
        <time>2022-03-07T22:46:08Z</time>
      </trkpt>
      <trkpt lat="34.33570741150539" lon="109.03383364591025">
        <ele>388.0801792629063</ele>
        <time>2022-03-07T22:46:14Z</time>
      </trkpt>
      <trkpt lat="34.33600796144305" lon="109.03329714912978">
        <ele>387.7634124374017</ele>
        <time>2022-03-07T22:46:20Z</time>
      </trkpt>
      <trkpt lat="34.336315127657116" lon="109.03275502854149">
        <ele>387.1823344724253</ele>
        <time>2022-03-07T22:46:26Z</time>
      </trkpt>
      <trkpt lat="34.336630174125844" lon="109.03220315107367">
        <ele>386.9733605859801</ele>
        <time>2022-03-07T22:46:32Z</time>
      </trkpt>
      <trkpt lat="34.33693844652157" lon="109.03164497715396">
        <ele>386.72998679522425</ele>
        <time>2022-03-07T22:46:38Z</time>
      </trkpt>
      <trkpt lat="34.337138198291875" lon="109.0312678003671">
        <ele>387.08111188653857</ele>
        <time>2022-03-07T22:46:42Z</time>
      </trkpt>
      <trkpt lat="34.33725906637995" lon="109.03111835769555">
        <ele>386.7366086849943</ele>
        <time>2022-03-07T22:46:44Z</time>
      </trkpt>
      <trkpt lat="34.33756598632196" lon="109.03060448046931">
        <ele>386.41889779735357</ele>
        <time>2022-03-07T22:46:50Z</time>
      </trkpt>
      <trkpt lat="34.33785153071308" lon="109.03005202981292">
        <ele>386.85814183484763</ele>
        <time>2022-03-07T22:46:56Z</time>
      </trkpt>
      <trkpt lat="34.33815124894259" lon="109.02953468803209">
        <ele>385.89792739227414</ele>
        <time>2022-03-07T22:47:02Z</time>
      </trkpt>
      <trkpt lat="34.33845270679594" lon="109.02900572098679">
        <ele>386.72402335423976</ele>
        <time>2022-03-07T22:47:08Z</time>
      </trkpt>
      <trkpt lat="34.33872538931727" lon="109.02850654707036">
        <ele>386.8078193636611</ele>
        <time>2022-03-07T22:47:14Z</time>
      </trkpt>
      <trkpt lat="34.339020582105945" lon="109.02797908832112">
        <ele>386.8305337270722</ele>
        <time>2022-03-07T22:47:20Z</time>
      </trkpt>
      <trkpt lat="34.33933184333585" lon="109.02749293821422">
        <ele>385.8856633147225</ele>
        <time>2022-03-07T22:47:26Z</time>
      </trkpt>
      <trkpt lat="34.33968357881464" lon="109.02700285853483">
        <ele>385.0613633999601</ele>
        <time>2022-03-07T22:47:32Z</time>
      </trkpt>
      <trkpt lat="34.339915379303356" lon="109.02665399986346">
        <ele>385.63950588274747</ele>
        <time>2022-03-07T22:47:36Z</time>
      </trkpt>
      <trkpt lat="34.34027734046404" lon="109.02614874994386">
        <ele>385.44142927695066</ele>
        <time>2022-03-07T22:47:42Z</time>
      </trkpt>
      <trkpt lat="34.34038921936492" lon="109.02597796333006">
        <ele>384.78438679501414</ele>
        <time>2022-03-07T22:47:44Z</time>
      </trkpt>
      <trkpt lat="34.340572596387254" lon="109.02585776306826">
        <ele>385.175431098789</ele>
        <time>2022-03-07T22:47:46Z</time>
      </trkpt>
      <trkpt lat="34.34063975055957" lon="109.02561708085031">
        <ele>384.7926278486848</ele>
        <time>2022-03-07T22:47:48Z</time>
      </trkpt>
      <trkpt lat="34.340995648641915" lon="109.02511497039337">
        <ele>385.56778789125383</ele>
        <time>2022-03-07T22:47:54Z</time>
      </trkpt>
      <trkpt lat="34.341326185413386" lon="109.02464352810946">
        <ele>385.5984911620617</ele>
        <time>2022-03-07T22:48:00Z</time>
      </trkpt>
      <trkpt lat="34.341425215299495" lon="109.02449184839716">
        <ele>385.25965599901974</ele>
        <time>2022-03-07T22:48:02Z</time>
      </trkpt>
      <trkpt lat="34.34153895216276" lon="109.02435589330834">
        <ele>385.4095095861703</ele>
        <time>2022-03-07T22:48:04Z</time>
      </trkpt>
      <trkpt lat="34.341591184510264" lon="109.02423098484692">
        <ele>385.23248265776783</ele>
        <time>2022-03-07T22:48:06Z</time>
      </trkpt>
      <trkpt lat="34.3415313785537" lon="109.02411861920721">
        <ele>385.8179300427437</ele>
        <time>2022-03-07T22:48:08Z</time>
      </trkpt>
      <trkpt lat="34.3414012408092" lon="109.02417672721235">
        <ele>385.7449934259057</ele>
        <time>2022-03-07T22:48:10Z</time>
      </trkpt>
      <trkpt lat="34.34132085368437" lon="109.02434176038753">
        <ele>385.93776337150484</ele>
        <time>2022-03-07T22:48:12Z</time>
      </trkpt>
      <trkpt lat="34.34127278894661" lon="109.02452843661766">
        <ele>385.47979089058936</ele>
        <time>2022-03-07T22:48:14Z</time>
      </trkpt>
      <trkpt lat="34.34114629025904" lon="109.02462718287248">
        <ele>385.58621775265783</ele>
        <time>2022-03-07T22:48:16Z</time>
      </trkpt>
      <trkpt lat="34.341075677286526" lon="109.02473008476251">
        <ele>384.568281349726</ele>
        <time>2022-03-07T22:48:18Z</time>
      </trkpt>
      <trkpt lat="34.340990505195364" lon="109.0247809280686">
        <ele>383.99950581230223</ele>
        <time>2022-03-07T22:48:22Z</time>
      </trkpt>
      <trkpt lat="34.34100479529687" lon="109.02480772905692">
        <ele>385.41906773112714</ele>
        <time>2022-03-07T22:48:30Z</time>
      </trkpt>
      <trkpt lat="34.34115250683767" lon="109.02455670506471">
        <ele>385.8491335157305</ele>
        <time>2022-03-07T22:55:15Z</time>
      </trkpt>
      <trkpt lat="34.34143177028794" lon="109.0241825495181">
        <ele>385.5190146518871</ele>
        <time>2022-03-07T22:55:23Z</time>
      </trkpt>
      <trkpt lat="34.34147392461446" lon="109.0241069441628">
        <ele>385.1734388526529</ele>
        <time>2022-03-07T22:55:25Z</time>
      </trkpt>
      <trkpt lat="34.3414435283543" lon="109.02396471239443">
        <ele>385.4946676744148</ele>
        <time>2022-03-07T22:55:29Z</time>
      </trkpt>
      <trkpt lat="34.34146054695037" lon="109.0239179595094">
        <ele>385.311934848316</ele>
        <time>2022-03-07T22:55:39Z</time>
      </trkpt>
      <trkpt lat="34.34159397144224" lon="109.02372279051268">
        <ele>387.10384249314666</ele>
        <time>2022-03-07T22:56:06Z</time>
      </trkpt>
      <trkpt lat="34.341566619811005" lon="109.02360372453144">
        <ele>386.8408395573497</ele>
        <time>2022-03-07T22:56:08Z</time>
      </trkpt>
      <trkpt lat="34.34148520441761" lon="109.02349757317056">
        <ele>385.8432203801349</ele>
        <time>2022-03-07T22:56:10Z</time>
      </trkpt>
      <trkpt lat="34.34136893538756" lon="109.02342646637025">
        <ele>386.19753876142204</ele>
        <time>2022-03-07T22:56:12Z</time>
      </trkpt>
      <trkpt lat="34.34128227799056" lon="109.0232966102891">
        <ele>385.8215927919373</ele>
        <time>2022-03-07T22:56:14Z</time>
      </trkpt>
      <trkpt lat="34.34091871124051" lon="109.02294055560195">
        <ele>386.7693914324045</ele>
        <time>2022-03-07T22:56:20Z</time>
      </trkpt>
      <trkpt lat="34.340624755827406" lon="109.02266027977">
        <ele>385.83647188264877</ele>
        <time>2022-03-07T22:56:24Z</time>
      </trkpt>
      <trkpt lat="34.34036485108392" lon="109.02235600877184">
        <ele>383.0066274078563</ele>
        <time>2022-03-07T22:56:28Z</time>
      </trkpt>
      <trkpt lat="34.33993280861406" lon="109.02192416172898">
        <ele>381.051750626415</ele>
        <time>2022-03-07T22:56:34Z</time>
      </trkpt>
      <trkpt lat="34.339588800593404" lon="109.02161808133373">
        <ele>381.2101343758404</ele>
        <time>2022-03-07T22:56:38Z</time>
      </trkpt>
      <trkpt lat="34.339125638823035" lon="109.02117104434313">
        <ele>384.06947660725564</ele>
        <time>2022-03-07T22:56:44Z</time>
      </trkpt>
      <trkpt lat="34.338701392552174" lon="109.02072978815414">
        <ele>384.78706828691065</ele>
        <time>2022-03-07T22:56:50Z</time>
      </trkpt>
      <trkpt lat="34.33836868204864" lon="109.02038948629131">
        <ele>382.7222584653646</ele>
        <time>2022-03-07T22:56:56Z</time>
      </trkpt>
      <trkpt lat="34.33793822910045" lon="109.01994758599605">
        <ele>379.94720308389515</ele>
        <time>2022-03-07T22:57:04Z</time>
      </trkpt>
      <trkpt lat="34.33759410658886" lon="109.0196083584201">
        <ele>380.3903559669852</ele>
        <time>2022-03-07T22:57:10Z</time>
      </trkpt>
      <trkpt lat="34.33724621544318" lon="109.01924517013587">
        <ele>380.7751950370148</ele>
        <time>2022-03-07T22:57:16Z</time>
      </trkpt>
      <trkpt lat="34.33689595511243" lon="109.0188818310888">
        <ele>382.1653972910717</ele>
        <time>2022-03-07T22:57:22Z</time>
      </trkpt>
      <trkpt lat="34.3365465553973" lon="109.0185335621844">
        <ele>382.2171983104199</ele>
        <time>2022-03-07T22:57:28Z</time>
      </trkpt>
      <trkpt lat="34.33621268671443" lon="109.01816574209279">
        <ele>380.62640543002635</ele>
        <time>2022-03-07T22:57:34Z</time>
      </trkpt>
      <trkpt lat="34.335838145000245" lon="109.0177981075564">
        <ele>381.60812759492546</ele>
        <time>2022-03-07T22:57:40Z</time>
      </trkpt>
      <trkpt lat="34.335485557909955" lon="109.01739990879665">
        <ele>384.912670340389</ele>
        <time>2022-03-07T22:57:46Z</time>
      </trkpt>
      <trkpt lat="34.33514837217544" lon="109.01696870516339">
        <ele>385.1326344292611</ele>
        <time>2022-03-07T22:57:52Z</time>
      </trkpt>
      <trkpt lat="34.33477233880665" lon="109.01649304358101">
        <ele>385.5206033522263</ele>
        <time>2022-03-07T22:57:58Z</time>
      </trkpt>
      <trkpt lat="34.33451781616562" lon="109.01617437810818">
        <ele>385.4831518754363</ele>
        <time>2022-03-07T22:58:02Z</time>
      </trkpt>
      <trkpt lat="34.33413933637634" lon="109.01568846523038">
        <ele>386.23216739762574</ele>
        <time>2022-03-07T22:58:08Z</time>
      </trkpt>
      <trkpt lat="34.333912917742715" lon="109.01535925884748">
        <ele>386.7027763752267</ele>
        <time>2022-03-07T22:58:12Z</time>
      </trkpt>
      <trkpt lat="34.33377069298655" lon="109.01519864227826">
        <ele>386.56883322726935</ele>
        <time>2022-03-07T22:58:14Z</time>
      </trkpt>
      <trkpt lat="34.333422125773474" lon="109.01458878073538">
        <ele>387.07438300922513</ele>
        <time>2022-03-07T22:58:20Z</time>
      </trkpt>
      <trkpt lat="34.33329149425997" lon="109.01436371125666">
        <ele>387.55548210442066</ele>
        <time>2022-03-07T22:58:22Z</time>
      </trkpt>
      <trkpt lat="34.3330095145969" lon="109.01375631981499">
        <ele>386.844852110371</ele>
        <time>2022-03-07T22:58:28Z</time>
      </trkpt>
      <trkpt lat="34.332771734135356" lon="109.01329826265409">
        <ele>386.20853520091623</ele>
        <time>2022-03-07T22:58:34Z</time>
      </trkpt>
      <trkpt lat="34.33270860957177" lon="109.01311424713393">
        <ele>386.2800873424858</ele>
        <time>2022-03-07T22:58:40Z</time>
      </trkpt>
      <trkpt lat="34.33268410344472" lon="109.01314784077347">
        <ele>387.4883298194036</ele>
        <time>2022-03-07T22:58:48Z</time>
      </trkpt>
      <trkpt lat="34.33262109669737" lon="109.0130072849102">
        <ele>387.8671372011304</ele>
        <time>2022-03-07T22:58:55Z</time>
      </trkpt>
      <trkpt lat="34.33246413397804" lon="109.01260101872907">
        <ele>388.70050073508173</ele>
        <time>2022-03-07T22:59:02Z</time>
      </trkpt>
      <trkpt lat="34.3323115173788" lon="109.01227268193509">
        <ele>387.98579135071486</ele>
        <time>2022-03-07T22:59:06Z</time>
      </trkpt>
      <trkpt lat="34.33217815847366" lon="109.01184431146973">
        <ele>387.7382366396487</ele>
        <time>2022-03-07T22:59:10Z</time>
      </trkpt>
      <trkpt lat="34.33196194332268" lon="109.01124114957021">
        <ele>387.280276697129</ele>
        <time>2022-03-07T22:59:16Z</time>
      </trkpt>
      <trkpt lat="34.33183076324653" lon="109.01058560558937">
        <ele>386.2616062965244</ele>
        <time>2022-03-07T22:59:22Z</time>
      </trkpt>
      <trkpt lat="34.33174374803155" lon="109.0101366397873">
        <ele>386.3056945418939</ele>
        <time>2022-03-07T22:59:26Z</time>
      </trkpt>
      <trkpt lat="34.33171408288441" lon="109.00968602693243">
        <ele>386.37022227980196</ele>
        <time>2022-03-07T22:59:30Z</time>
      </trkpt>
      <trkpt lat="34.331659241377295" lon="109.0094822925602">
        <ele>386.5540963821113</ele>
        <time>2022-03-07T22:59:32Z</time>
      </trkpt>
      <trkpt lat="34.33165165225364" lon="109.00906383960049">
        <ele>386.2541860565543</ele>
        <time>2022-03-07T22:59:36Z</time>
      </trkpt>
      <trkpt lat="34.331670333871486" lon="109.00884535396051">
        <ele>385.7311216490343</ele>
        <time>2022-03-07T22:59:38Z</time>
      </trkpt>
      <trkpt lat="34.33162216744478" lon="109.00818485404132">
        <ele>384.74967603664845</ele>
        <time>2022-03-07T22:59:44Z</time>
      </trkpt>
      <trkpt lat="34.3316446197995" lon="109.00748874035077">
        <ele>386.61653609294444</ele>
        <time>2022-03-07T22:59:50Z</time>
      </trkpt>
      <trkpt lat="34.33166579735652" lon="109.00677496916585">
        <ele>387.6864198744297</ele>
        <time>2022-03-07T22:59:56Z</time>
      </trkpt>
      <trkpt lat="34.33168476765557" lon="109.00607660051402">
        <ele>387.4243508512154</ele>
        <time>2022-03-07T23:00:02Z</time>
      </trkpt>
      <trkpt lat="34.331685607856315" lon="109.00537288233699">
        <ele>387.67843587044626</ele>
        <time>2022-03-07T23:00:08Z</time>
      </trkpt>
      <trkpt lat="34.33171661086764" lon="109.00466057756424">
        <ele>388.597320494242</ele>
        <time>2022-03-07T23:00:14Z</time>
      </trkpt>
      <trkpt lat="34.3317342041524" lon="109.00395422227498">
        <ele>387.8629566784948</ele>
        <time>2022-03-07T23:00:20Z</time>
      </trkpt>
      <trkpt lat="34.33173567607955" lon="109.0032632178721">
        <ele>387.49422567151487</ele>
        <time>2022-03-07T23:00:26Z</time>
      </trkpt>
      <trkpt lat="34.33174676790823" lon="109.00266119534888">
        <ele>387.6806226707995</ele>
        <time>2022-03-07T23:00:32Z</time>
      </trkpt>
      <trkpt lat="34.331754630001576" lon="109.00209580747227">
        <ele>388.6895932657644</ele>
        <time>2022-03-07T23:00:38Z</time>
      </trkpt>
      <trkpt lat="34.33176853422341" lon="109.00152700473642">
        <ele>389.53741237241775</ele>
        <time>2022-03-07T23:00:44Z</time>
      </trkpt>
      <trkpt lat="34.33177608629024" lon="109.00096435269916">
        <ele>390.4504009000957</ele>
        <time>2022-03-07T23:00:50Z</time>
      </trkpt>
      <trkpt lat="34.33179409775015" lon="109.00039556793395">
        <ele>391.15351954009384</ele>
        <time>2022-03-07T23:00:56Z</time>
      </trkpt>
      <trkpt lat="34.33182447831988" lon="108.99983030124876">
        <ele>391.7269912669435</ele>
        <time>2022-03-07T23:01:02Z</time>
      </trkpt>
      <trkpt lat="34.33182081866002" lon="108.99928216637548">
        <ele>391.20302180107683</ele>
        <time>2022-03-07T23:01:08Z</time>
      </trkpt>
      <trkpt lat="34.33181589480032" lon="108.99911121432137">
        <ele>391.45649275090545</ele>
        <time>2022-03-07T23:01:10Z</time>
      </trkpt>
      <trkpt lat="34.33177525289044" lon="108.99875693482261">
        <ele>392.14279939141124</ele>
        <time>2022-03-07T23:01:14Z</time>
      </trkpt>
      <trkpt lat="34.331667098944074" lon="108.99821519049044">
        <ele>392.87573083955795</ele>
        <time>2022-03-07T23:01:20Z</time>
      </trkpt>
      <trkpt lat="34.33153242063455" lon="108.99767339527992">
        <ele>391.694480788894</ele>
        <time>2022-03-07T23:01:26Z</time>
      </trkpt>
      <trkpt lat="34.33137097039795" lon="108.99709528966844">
        <ele>391.9660853520036</ele>
        <time>2022-03-07T23:01:32Z</time>
      </trkpt>
      <trkpt lat="34.331189280475385" lon="108.99649577956214">
        <ele>392.9318856019527</ele>
        <time>2022-03-07T23:01:38Z</time>
      </trkpt>
      <trkpt lat="34.33100296992622" lon="108.99592369325597">
        <ele>393.0501838782802</ele>
        <time>2022-03-07T23:01:44Z</time>
      </trkpt>
      <trkpt lat="34.330940955562866" lon="108.99554149697242">
        <ele>392.5744733316824</ele>
        <time>2022-03-07T23:01:48Z</time>
      </trkpt>
      <trkpt lat="34.33092623522103" lon="108.99519549635912">
        <ele>392.82893093675375</ele>
        <time>2022-03-07T23:01:52Z</time>
      </trkpt>
      <trkpt lat="34.330936972978364" lon="108.99506734138225">
        <ele>393.1134756067768</ele>
        <time>2022-03-07T23:01:54Z</time>
      </trkpt>
      <trkpt lat="34.33084040351019" lon="108.99467463999702">
        <ele>392.79485866893083</ele>
        <time>2022-03-07T23:01:58Z</time>
      </trkpt>
      <trkpt lat="34.33079721090499" lon="108.99431282432997">
        <ele>392.69734584353864</ele>
        <time>2022-03-07T23:02:02Z</time>
      </trkpt>
      <trkpt lat="34.330828544873604" lon="108.99363001809188">
        <ele>392.7930628359318</ele>
        <time>2022-03-07T23:02:08Z</time>
      </trkpt>
      <trkpt lat="34.33083810819736" lon="108.99336356063893">
        <ele>393.08045659866184</ele>
        <time>2022-03-07T23:02:10Z</time>
      </trkpt>
      <trkpt lat="34.33079680679777" lon="108.99274663775243">
        <ele>392.64474286697805</ele>
        <time>2022-03-07T23:02:16Z</time>
      </trkpt>
      <trkpt lat="34.330848081380054" lon="108.99206863164773">
        <ele>391.9526061452925</ele>
        <time>2022-03-07T23:02:24Z</time>
      </trkpt>
      <trkpt lat="34.330834536519234" lon="108.99177076912585">
        <ele>392.9664972508326</ele>
        <time>2022-03-07T23:02:28Z</time>
      </trkpt>
      <trkpt lat="34.33087591165987" lon="108.9913601639956">
        <ele>391.87247517425567</ele>
        <time>2022-03-07T23:02:44Z</time>
      </trkpt>
      <trkpt lat="34.33088147004273" lon="108.99110727708218">
        <ele>391.9720053775236</ele>
        <time>2022-03-07T23:03:29Z</time>
      </trkpt>
      <trkpt lat="34.330938311114" lon="108.99084875844085">
        <ele>390.9292069124058</ele>
        <time>2022-03-07T23:03:37Z</time>
      </trkpt>
      <trkpt lat="34.33090852227944" lon="108.9906858067884">
        <ele>390.9539095489308</ele>
        <time>2022-03-07T23:03:41Z</time>
      </trkpt>
      <trkpt lat="34.33090285110714" lon="108.9905112660379">
        <ele>391.2868501218036</ele>
        <time>2022-03-07T23:03:45Z</time>
      </trkpt>
      <trkpt lat="34.33082854488622" lon="108.99025835167033">
        <ele>391.74855317454785</ele>
        <time>2022-03-07T23:03:51Z</time>
      </trkpt>
      <trkpt lat="34.3308451783078" lon="108.9896513366585">
        <ele>391.75855086836964</ele>
        <time>2022-03-07T23:03:59Z</time>
      </trkpt>
      <trkpt lat="34.330850544859686" lon="108.98947993052633">
        <ele>391.9984830887988</ele>
        <time>2022-03-07T23:04:01Z</time>
      </trkpt>
      <trkpt lat="34.33083581165831" lon="108.98912687090771">
        <ele>392.666759355925</ele>
        <time>2022-03-07T23:04:05Z</time>
      </trkpt>
      <trkpt lat="34.33084940930873" lon="108.9885839433145">
        <ele>392.9110135147348</ele>
        <time>2022-03-07T23:04:11Z</time>
      </trkpt>
      <trkpt lat="34.330844315237535" lon="108.98841678279082">
        <ele>392.87791637983173</ele>
        <time>2022-03-07T23:04:13Z</time>
      </trkpt>
      <trkpt lat="34.330893001014594" lon="108.98800382112815">
        <ele>393.46799528971314</ele>
        <time>2022-03-07T23:04:17Z</time>
      </trkpt>
      <trkpt lat="34.330873742940966" lon="108.98744670799569">
        <ele>392.91385623719543</ele>
        <time>2022-03-07T23:04:23Z</time>
      </trkpt>
      <trkpt lat="34.33086965879057" lon="108.9872390550181">
        <ele>393.1748629566282</ele>
        <time>2022-03-07T23:04:25Z</time>
      </trkpt>
      <trkpt lat="34.3308862680562" lon="108.98705030212602">
        <ele>393.29525433294475</ele>
        <time>2022-03-07T23:04:27Z</time>
      </trkpt>
      <trkpt lat="34.33087827235292" lon="108.98645174710701">
        <ele>392.90218037366867</ele>
        <time>2022-03-07T23:04:33Z</time>
      </trkpt>
      <trkpt lat="34.33085927324541" lon="108.98605650226489">
        <ele>394.0300348121673</ele>
        <time>2022-03-07T23:04:37Z</time>
      </trkpt>
      <trkpt lat="34.33075834973358" lon="108.98564593549833">
        <ele>393.7960982620716</ele>
        <time>2022-03-07T23:04:41Z</time>
      </trkpt>
      <trkpt lat="34.33065041990126" lon="108.98547956213089">
        <ele>393.9059392288327</ele>
        <time>2022-03-07T23:04:43Z</time>
      </trkpt>
      <trkpt lat="34.33059836119132" lon="108.98528107799466">
        <ele>394.20566193480045</ele>
        <time>2022-03-07T23:04:45Z</time>
      </trkpt>
      <trkpt lat="34.33090172254121" lon="108.9847499149634">
        <ele>394.2638095729053</ele>
        <time>2022-03-07T23:04:49Z</time>
      </trkpt>
      <trkpt lat="34.33099107645296" lon="108.98448859946642">
        <ele>394.55457584094256</ele>
        <time>2022-03-07T23:04:51Z</time>
      </trkpt>
      <trkpt lat="34.33101709297674" lon="108.98406658701312">
        <ele>394.7385813742876</ele>
        <time>2022-03-07T23:04:55Z</time>
      </trkpt>
      <trkpt lat="34.33100776284189" lon="108.98367012724533">
        <ele>394.9557928852737</ele>
        <time>2022-03-07T23:04:59Z</time>
      </trkpt>
      <trkpt lat="34.33102354030134" lon="108.98307617264365">
        <ele>394.94645653665066</ele>
        <time>2022-03-07T23:05:05Z</time>
      </trkpt>
      <trkpt lat="34.33102087970065" lon="108.98250516438792">
        <ele>395.2106270575896</ele>
        <time>2022-03-07T23:05:11Z</time>
      </trkpt>
      <trkpt lat="34.33099702016455" lon="108.98181421239599">
        <ele>395.11419816780835</ele>
        <time>2022-03-07T23:05:18Z</time>
      </trkpt>
      <trkpt lat="34.33102040895398" lon="108.98122532770887">
        <ele>395.6426315968856</ele>
        <time>2022-03-07T23:05:24Z</time>
      </trkpt>
      <trkpt lat="34.331019901047796" lon="108.9808424807551">
        <ele>395.3438990889117</ele>
        <time>2022-03-07T23:05:28Z</time>
      </trkpt>
      <trkpt lat="34.33103262870033" lon="108.98029720901403">
        <ele>395.5513093387708</ele>
        <time>2022-03-07T23:05:34Z</time>
      </trkpt>
      <trkpt lat="34.331037088554886" lon="108.9798739644869">
        <ele>394.91671450901777</ele>
        <time>2022-03-07T23:05:40Z</time>
      </trkpt>
      <trkpt lat="34.33102779429934" lon="108.97985773873545">
        <ele>395.9869315242395</ele>
        <time>2022-03-07T23:05:50Z</time>
      </trkpt>
      <trkpt lat="34.33097244310234" lon="108.97970599900181">
        <ele>396.1448755674064</ele>
        <time>2022-03-07T23:06:35Z</time>
      </trkpt>
      <trkpt lat="34.3308202786898" lon="108.97964248971621">
        <ele>395.2585024712607</ele>
        <time>2022-03-07T23:06:39Z</time>
      </trkpt>
      <trkpt lat="34.330439759493515" lon="108.9796072131697">
        <ele>395.01356372796</ele>
        <time>2022-03-07T23:06:45Z</time>
      </trkpt>
      <trkpt lat="34.33030995790907" lon="108.9794886789897">
        <ele>395.4713161922991</ele>
        <time>2022-03-07T23:06:47Z</time>
      </trkpt>
      <trkpt lat="34.330156914715786" lon="108.97963119320531">
        <ele>395.5686948476359</ele>
        <time>2022-03-07T23:06:49Z</time>
      </trkpt>
      <trkpt lat="34.32989604658055" lon="108.97959138221829">
        <ele>395.187644649297</ele>
        <time>2022-03-07T23:06:53Z</time>
      </trkpt>
      <trkpt lat="34.329359673661465" lon="108.97959649858768">
        <ele>396.26490858756006</ele>
        <time>2022-03-07T23:07:03Z</time>
      </trkpt>
      <trkpt lat="34.329163958704825" lon="108.97959760389678">
        <ele>395.7610196750611</ele>
        <time>2022-03-07T23:07:07Z</time>
      </trkpt>
      <trkpt lat="34.32911010718674" lon="108.9796739501391">
        <ele>394.53335493803024</ele>
        <time>2022-03-07T23:07:13Z</time>
      </trkpt>
      <trkpt lat="34.329097651125714" lon="108.97963672982897">
        <ele>395.3836709242314</ele>
        <time>2022-03-07T23:07:22Z</time>
      </trkpt>
      <trkpt lat="34.329057968529305" lon="108.97942483242082">
        <ele>394.1757210250944</ele>
        <time>2022-03-07T23:07:39Z</time>
      </trkpt>
      <trkpt lat="34.329120595641875" lon="108.97964080677454">
        <ele>395.7477399893105</ele>
        <time>2022-03-07T23:07:41Z</time>
      </trkpt>
      <trkpt lat="34.32910286184654" lon="108.9797731229553">
        <ele>387.6965026855469</ele>
        <time>2022-03-07T23:07:52Z</time>
      </trkpt>
      <trkpt lat="34.32864358161041" lon="108.98114124559321">
        <ele>387.171630859375</ele>
        <time>2022-03-07T23:08:13Z</time>
      </trkpt>
      <trkpt lat="34.32866435035388" lon="108.98031341717943">
        <ele>387.16796875</ele>
        <time>2022-03-07T23:09:03Z</time>
      </trkpt>
      <trkpt lat="34.328108374313615" lon="108.98044115922926">
        <ele>387.16796875</ele>
        <time>2022-03-07T23:09:42Z</time>
      </trkpt>
      <trkpt lat="34.32803611846891" lon="108.98045798996634">
        <ele>387.16796875</ele>
        <time>2022-03-07T23:09:43Z</time>
      </trkpt>
      <trkpt lat="34.328216512673606" lon="108.98066761719728">
        <ele>398.7679138183594</ele>
        <time>2022-03-07T23:09:51Z</time>
      </trkpt>
      <trkpt lat="34.32822116842849" lon="108.98042389133788">
        <ele>417.7111511230469</ele>
        <time>2022-03-07T23:10:00Z</time>
      </trkpt>
      <trkpt lat="34.328366547581126" lon="108.98034025586387">
        <ele>475.97222900390625</ele>
        <time>2022-03-07T23:10:33Z</time>
      </trkpt>
      <trkpt lat="34.32822116842849" lon="108.98042389133788">
        <ele>478.5808410644531</ele>
        <time>2022-03-07T23:10:39Z</time>
      </trkpt>
      <trkpt lat="34.328249587179776" lon="108.98027791935183">
        <ele>480.6700744628906</ele>
        <time>2022-03-07T23:10:45Z</time>
      </trkpt>
      <trkpt lat="34.328160009357674" lon="108.9801832993718">
        <ele>480.7264099121094</ele>
        <time>2022-03-07T23:10:51Z</time>
      </trkpt>
      <trkpt lat="34.328160009357674" lon="108.9801832993718">
        <ele>480.7264099121094</ele>
        <time>2022-03-07T23:14:02Z</time>
      </trkpt>
    </trkseg>
  </trk>
</gpx>