<?xml version="1.0" encoding="UTF-8"?>
<gpx xmlns="http://www.topografix.com/GPX/1/1" xmlns:gpxtpx="http://www.garmin.com/xmlschemas/TrackPointExtension/v1" xmlns:xsi="http://www.w3.org/2001/XMLSchema-instance" xsi:schemaLocation="http://www.topografix.com/GPX/1/1 http://www.topografix.com/GPX/1/1/gpx.xsd" version="1.1" creator="gpx.py -- https://github.com/tkrajina/gpxpy">
  <trk>
    <name>gpx from keep</name>
    <type>Ride</type>
    <trkseg>
      <trkpt lat="34.296443696890286" lon="108.7121189688476">
        <ele>382.9399642944336</ele>
        <time>2026-10-08T10:41:47Z</time>
      </trkpt>
      <trkpt lat="34.296500950962866" lon="108.71231996511091">
        <ele>383.70284383464605</ele>
        <time>2026-10-08T10:41:57Z</time>
      </trkpt>
      <trkpt lat="34.29652183946265" lon="108.71247494734276">
        <ele>384.31472134031355</ele>
        <time>2026-10-08T10:42:01Z</time>
      </trkpt>
      <trkpt lat="34.2964127577401" lon="108.71261602069289">
        <ele>383.8650145884603</ele>
        <time>2026-10-08T10:42:05Z</time>
      </trkpt>
      <trkpt lat="34.29636342991787" lon="108.71270830498383">
        <ele>383.9125003349036</ele>
        <time>2026-10-08T10:42:07Z</time>
      </trkpt>
      <trkpt lat="34.29634181048772" lon="108.712802081922">
        <ele>383.934961033985</ele>
        <time>2026-10-08T10:42:09Z</time>
      </trkpt>
      <trkpt lat="34.29640465912019" lon="108.71338199767759">
        <ele>389.9461513487622</ele>
        <time>2026-10-08T10:42:19Z</time>
      </trkpt>
      <trkpt lat="34.29647245051736" lon="108.71387608735412">
        <ele>390.09576643817127</ele>
        <time>2026-10-08T10:42:27Z</time>
      </trkpt>
      <trkpt lat="34.29651679820066" lon="108.71374316848369">
        <ele>389.78748155850917</ele>
        <time>2026-10-08T10:42:35Z</time>
      </trkpt>
      <trkpt lat="34.296503488714144" lon="108.71353301490856">
        <ele>389.69546899572015</ele>
        <time>2026-10-08T10:42:39Z</time>
      </trkpt>
      <trkpt lat="34.2964077606203" lon="108.71296297876069">
        <ele>389.4412443349138</ele>
        <time>2026-10-08T10:42:49Z</time>
      </trkpt>
      <trkpt lat="34.296378083697604" lon="108.7127701451524">
        <ele>389.42779317498207</ele>
        <time>2026-10-08T10:42:53Z</time>
      </trkpt>
      <trkpt lat="34.29639732643348" lon="108.71263990718529">
        <ele>389.0484502259642</ele>
        <time>2026-10-08T10:42:56Z</time>
      </trkpt>
      <trkpt lat="34.296443556844345" lon="108.71255224035468">
        <ele>388.99994038883597</ele>
        <time>2026-10-08T10:42:58Z</time>
      </trkpt>
      <trkpt lat="34.296497265291144" lon="108.71248989161333">
        <ele>388.8297260534018</ele>
        <time>2026-10-08T10:43:00Z</time>
      </trkpt>
      <trkpt lat="34.29689475584603" lon="108.71226900668006">
        <ele>390.6604643939063</ele>
        <time>2026-10-08T10:43:10Z</time>
      </trkpt>
      <trkpt lat="34.29709900528738" lon="108.71217869249816">
        <ele>390.5138256214559</ele>
        <time>2026-10-08T10:43:14Z</time>
      </trkpt>
      <trkpt lat="34.29718447840197" lon="108.7120619745072">
        <ele>389.8048698082566</ele>
        <time>2026-10-08T10:43:16Z</time>
      </trkpt>
      <trkpt lat="34.29763066334374" lon="108.71187538843694">
        <ele>389.7365812212229</ele>
        <time>2026-10-08T10:43:26Z</time>
      </trkpt>
      <trkpt lat="34.2978415778354" lon="108.71178455924294">
        <ele>389.64338286966085</ele>
        <time>2026-10-08T10:43:30Z</time>
      </trkpt>
      <trkpt lat="34.298051222992086" lon="108.71169429688754">
        <ele>389.5491724945605</ele>
        <time>2026-10-08T10:43:34Z</time>
      </trkpt>
      <trkpt lat="34.298479301156505" lon="108.7115141446757">
        <ele>389.4046309394762</ele>
        <time>2026-10-08T10:43:42Z</time>
      </trkpt>
      <trkpt lat="34.298763247002285" lon="108.7113971683909">
        <ele>388.6680437056348</ele>
        <time>2026-10-08T10:43:48Z</time>
      </trkpt>
      <trkpt lat="34.29886097992662" lon="108.71135691253122">
        <ele>388.8953384850174</ele>
        <time>2026-10-08T10:43:50Z</time>
      </trkpt>
      <trkpt lat="34.299271711241836" lon="108.71118803136956">
        <ele>389.76694463193417</ele>
        <time>2026-10-08T10:43:58Z</time>
      </trkpt>
      <trkpt lat="34.299762823538444" lon="108.71098964095827">
        <ele>389.57520691584796</ele>
        <time>2026-10-08T10:44:08Z</time>
      </trkpt>
      <trkpt lat="34.29991917346214" lon="108.71092672302176">
        <ele>389.45554659329355</ele>
        <time>2026-10-08T10:44:12Z</time>
      </trkpt>
      <trkpt lat="34.30000793044031" lon="108.71095256951108">
        <ele>390.4029297484085</ele>
        <time>2026-10-08T10:44:14Z</time>
      </trkpt>
      <trkpt lat="34.300079973303106" lon="108.7110197018411">
        <ele>390.4348874138668</ele>
        <time>2026-10-08T10:44:16Z</time>
      </trkpt>
      <trkpt lat="34.300126364013416" lon="108.71109274061111">
        <ele>390.80129312723875</ele>
        <time>2026-10-08T10:44:18Z</time>
      </trkpt>
      <trkpt lat="34.30016274202259" lon="108.71119742843987">
        <ele>390.62374771386385</ele>
        <time>2026-10-08T10:44:20Z</time>
      </trkpt>
      <trkpt lat="34.300238904835204" lon="108.71162278506225">
        <ele>391.55948974285275</ele>
        <time>2026-10-08T10:44:26Z</time>
      </trkpt>
      <trkpt lat="34.30026488260298" lon="108.71191352864588">
        <ele>390.40293960180134</ele>
        <time>2026-10-08T10:44:30Z</time>
      </trkpt>
      <trkpt lat="34.30034611051127" lon="108.71246333599893">
        <ele>389.95825536362827</ele>
        <time>2026-10-08T10:44:38Z</time>
      </trkpt>
      <trkpt lat="34.30041252597185" lon="108.71299327568481">
        <ele>390.2206818042323</ele>
        <time>2026-10-08T10:44:46Z</time>
      </trkpt>
      <trkpt lat="34.30047752021599" lon="108.71311217827734">
        <ele>390.4118169210851</ele>
        <time>2026-10-08T10:44:48Z</time>
      </trkpt>
      <trkpt lat="34.30049487725622" lon="108.71323686123903">
        <ele>390.43176895566285</ele>
        <time>2026-10-08T10:44:50Z</time>
      </trkpt>
      <trkpt lat="34.30057076931689" lon="108.71378195666087">
        <ele>390.776844881475</ele>
        <time>2026-10-08T10:44:58Z</time>
      </trkpt>
      <trkpt lat="34.30054948443819" lon="108.71392526355827">
        <ele>390.7853355621919</ele>
        <time>2026-10-08T10:45:00Z</time>
      </trkpt>
      <trkpt lat="34.3005892504463" lon="108.71437243521734">
        <ele>390.63113317545503</ele>
        <time>2026-10-08T10:45:06Z</time>
      </trkpt>
      <trkpt lat="34.30066149374023" lon="108.71443346140808">
        <ele>391.31013432051986</ele>
        <time>2026-10-08T10:45:07Z</time>
      </trkpt>
      <trkpt lat="34.300681210872284" lon="108.71457565391015">
        <ele>390.357921811752</ele>
        <time>2026-10-08T10:45:09Z</time>
      </trkpt>
      <trkpt lat="34.3006406802197" lon="108.71465616651534">
        <ele>389.62681407947093</ele>
        <time>2026-10-08T10:45:10Z</time>
      </trkpt>
      <trkpt lat="34.300705737439074" lon="108.71522566417468">
        <ele>390.48767114803195</ele>
        <time>2026-10-08T10:45:18Z</time>
      </trkpt>
      <trkpt lat="34.30079123497215" lon="108.71536799541984">
        <ele>390.59299347922206</ele>
        <time>2026-10-08T10:45:20Z</time>
      </trkpt>
      <trkpt lat="34.300811927421485" lon="108.71551533877987">
        <ele>390.20724005252123</ele>
        <time>2026-10-08T10:45:22Z</time>
      </trkpt>
      <trkpt lat="34.30076174588812" lon="108.715681297068">
        <ele>390.03967699594796</ele>
        <time>2026-10-08T10:45:24Z</time>
      </trkpt>
      <trkpt lat="34.30079340693944" lon="108.71599445790233">
        <ele>390.68725950922817</ele>
        <time>2026-10-08T10:45:28Z</time>
      </trkpt>
      <trkpt lat="34.30082281136019" lon="108.71614375626767">
        <ele>389.92851475905627</ele>
        <time>2026-10-08T10:45:30Z</time>
      </trkpt>
      <trkpt lat="34.300918674558346" lon="108.71628272877071">
        <ele>390.35455268993974</ele>
        <time>2026-10-08T10:45:32Z</time>
      </trkpt>
      <trkpt lat="34.30100157761524" lon="108.71687562068286">
        <ele>391.05841537285596</ele>
        <time>2026-10-08T10:45:40Z</time>
      </trkpt>
      <trkpt lat="34.3010206757537" lon="108.71701244163707">
        <ele>391.5137522108853</ele>
        <time>2026-10-08T10:45:42Z</time>
      </trkpt>
      <trkpt lat="34.300949697022304" lon="108.7171861926735">
        <ele>390.70530411973596</ele>
        <time>2026-10-08T10:45:44Z</time>
      </trkpt>
      <trkpt lat="34.30104854382185" lon="108.71771474738368">
        <ele>390.1321925651282</ele>
        <time>2026-10-08T10:45:52Z</time>
      </trkpt>
      <trkpt lat="34.301093883498325" lon="108.71795048728447">
        <ele>389.962715937756</ele>
        <time>2026-10-08T10:45:56Z</time>
      </trkpt>
      <trkpt lat="34.30119926956614" lon="108.7180457419386">
        <ele>390.19292376190424</ele>
        <time>2026-10-08T10:45:58Z</time>
      </trkpt>
      <trkpt lat="34.30106797526576" lon="108.71837425955574">
        <ele>389.79245221987367</ele>
        <time>2026-10-08T10:46:22Z</time>
      </trkpt>
      <trkpt lat="34.301090920660194" lon="108.71848769606926">
        <ele>389.63000417873263</ele>
        <time>2026-10-08T10:46:26Z</time>
      </trkpt>
      <trkpt lat="34.301165307590445" lon="108.71855874054611">
        <ele>389.83984224125743</ele>
        <time>2026-10-08T10:46:29Z</time>
      </trkpt>
      <trkpt lat="34.30119552146438" lon="108.71865609129613">
        <ele>389.55825347453356</ele>
        <time>2026-10-08T10:46:32Z</time>
      </trkpt>
      <trkpt lat="34.30117847966061" lon="108.71877352760166">
        <ele>389.60399627219886</ele>
        <time>2026-10-08T10:46:35Z</time>
      </trkpt>
      <trkpt lat="34.30125325161992" lon="108.71908614883039">
        <ele>389.8208310827613</ele>
        <time>2026-10-08T10:46:41Z</time>
      </trkpt>
      <trkpt lat="34.30131778073721" lon="108.71960370842648">
        <ele>390.0243451446295</ele>
        <time>2026-10-08T10:46:49Z</time>
      </trkpt>
      <trkpt lat="34.30138857856748" lon="108.72014049057539">
        <ele>390.0037703998387</ele>
        <time>2026-10-08T10:46:57Z</time>
      </trkpt>
      <trkpt lat="34.30141730488056" lon="108.72042745023545">
        <ele>390.097389196977</ele>
        <time>2026-10-08T10:47:01Z</time>
      </trkpt>
      <trkpt lat="34.30147064820632" lon="108.7207043421224">
        <ele>390.2000409858301</ele>
        <time>2026-10-08T10:47:05Z</time>
      </trkpt>
      <trkpt lat="34.30149455842325" lon="108.72103763839826">
        <ele>390.1881333310157</ele>
        <time>2026-10-08T10:47:10Z</time>
      </trkpt>
      <trkpt lat="34.30155233376181" lon="108.72126570230134">
        <ele>389.9498385293409</ele>
        <time>2026-10-08T10:47:14Z</time>
      </trkpt>
      <trkpt lat="34.30162548144777" lon="108.72180881252795">
        <ele>390.79070635326207</ele>
        <time>2026-10-08T10:47:22Z</time>
      </trkpt>
      <trkpt lat="34.30171256485259" lon="108.72239657553766">
        <ele>389.7115431483835</ele>
        <time>2026-10-08T10:47:30Z</time>
      </trkpt>
      <trkpt lat="34.301771502206" lon="108.72285994196271">
        <ele>389.4475846160203</ele>
        <time>2026-10-08T10:47:36Z</time>
      </trkpt>
      <trkpt lat="34.301817168309285" lon="108.72301650312691">
        <ele>390.2957345210016</ele>
        <time>2026-10-08T10:47:38Z</time>
      </trkpt>
      <trkpt lat="34.30189554543051" lon="108.72365403009131">
        <ele>389.52259834297</ele>
        <time>2026-10-08T10:47:46Z</time>
      </trkpt>
      <trkpt lat="34.30193677144268" lon="108.72396270151735">
        <ele>389.5881510907784</ele>
        <time>2026-10-08T10:47:50Z</time>
      </trkpt>
      <trkpt lat="34.3019336064146" lon="108.72412453496217">
        <ele>389.2664722893387</ele>
        <time>2026-10-08T10:47:52Z</time>
      </trkpt>
      <trkpt lat="34.302016366925436" lon="108.72468436985">
        <ele>388.63546459097415</ele>
        <time>2026-10-08T10:47:59Z</time>
      </trkpt>
      <trkpt lat="34.30210086906793" lon="108.72531525796337">
        <ele>388.8967221546918</ele>
        <time>2026-10-08T10:48:07Z</time>
      </trkpt>
      <trkpt lat="34.3021490690617" lon="108.72553471388649">
        <ele>388.95599020738155</ele>
        <time>2026-10-08T10:48:10Z</time>
      </trkpt>
      <trkpt lat="34.302214979396574" lon="108.72611828545288">
        <ele>389.4140493385494</ele>
        <time>2026-10-08T10:48:18Z</time>
      </trkpt>
      <trkpt lat="34.30221917732162" lon="108.72628801492208">
        <ele>389.63920766301453</ele>
        <time>2026-10-08T10:48:20Z</time>
      </trkpt>
      <trkpt lat="34.30234428268213" lon="108.72695196589443">
        <ele>390.4724592482671</ele>
        <time>2026-10-08T10:48:28Z</time>
      </trkpt>
      <trkpt lat="34.30242343269606" lon="108.72753939958801">
        <ele>391.32337098475546</ele>
        <time>2026-10-08T10:48:36Z</time>
      </trkpt>
      <trkpt lat="34.30245103406668" lon="108.72783161316367">
        <ele>391.15147465467453</ele>
        <time>2026-10-08T10:48:40Z</time>
      </trkpt>
      <trkpt lat="34.302487173824346" lon="108.72797099748551">
        <ele>390.8261034730822</ele>
        <time>2026-10-08T10:48:42Z</time>
      </trkpt>
      <trkpt lat="34.30250366475735" lon="108.72811911176898">
        <ele>391.0156005900353</ele>
        <time>2026-10-08T10:48:44Z</time>
      </trkpt>
      <trkpt lat="34.302580779448924" lon="108.72818112503401">
        <ele>391.3340482600033</ele>
        <time>2026-10-08T10:48:45Z</time>
      </trkpt>
      <trkpt lat="34.302637739142114" lon="108.72864554373253">
        <ele>390.4887788882479</ele>
        <time>2026-10-08T10:48:51Z</time>
      </trkpt>
      <trkpt lat="34.30261133767336" lon="108.7292607467904">
        <ele>390.17679401673377</ele>
        <time>2026-10-08T10:48:59Z</time>
      </trkpt>
      <trkpt lat="34.302589042888904" lon="108.72971435384642">
        <ele>390.0583594702184</ele>
        <time>2026-10-08T10:49:05Z</time>
      </trkpt>
      <trkpt lat="34.30255901935767" lon="108.73032552477868">
        <ele>389.49227071460336</ele>
        <time>2026-10-08T10:49:13Z</time>
      </trkpt>
      <trkpt lat="34.30246930327618" lon="108.73039644383363">
        <ele>389.7237800071016</ele>
        <time>2026-10-08T10:49:14Z</time>
      </trkpt>
      <trkpt lat="34.30255164386536" lon="108.73047575170409">
        <ele>389.8843863205984</ele>
        <time>2026-10-08T10:49:15Z</time>
      </trkpt>
      <trkpt lat="34.30254400969674" lon="108.73063118695836">
        <ele>389.67943764012307</ele>
        <time>2026-10-08T10:49:17Z</time>
      </trkpt>
      <trkpt lat="34.30252866464208" lon="108.73094359899939">
        <ele>389.06890843622386</ele>
        <time>2026-10-08T10:49:21Z</time>
      </trkpt>
      <trkpt lat="34.30249659671834" lon="108.73157412014173">
        <ele>388.8680125847459</ele>
        <time>2026-10-08T10:49:29Z</time>
      </trkpt>
      <trkpt lat="34.302480959623026" lon="108.73187782492352">
        <ele>388.6108325663954</ele>
        <time>2026-10-08T10:49:33Z</time>
      </trkpt>
      <trkpt lat="34.30247316604139" lon="108.73202920106019">
        <ele>388.73115747701377</ele>
        <time>2026-10-08T10:49:35Z</time>
      </trkpt>
      <trkpt lat="34.302450335341724" lon="108.73247273476895">
        <ele>388.4892955599353</ele>
        <time>2026-10-08T10:49:41Z</time>
      </trkpt>
      <trkpt lat="34.30241682913161" lon="108.73307090505041">
        <ele>388.9140075100586</ele>
        <time>2026-10-08T10:49:49Z</time>
      </trkpt>
      <trkpt lat="34.30239871228734" lon="108.73337824878978">
        <ele>388.4249358708039</ele>
        <time>2026-10-08T10:49:53Z</time>
      </trkpt>
      <trkpt lat="34.302300089677864" lon="108.73344607426206">
        <ele>388.36483622156084</ele>
        <time>2026-10-08T10:49:54Z</time>
      </trkpt>
      <trkpt lat="34.30227373078708" lon="108.73404327305335">
        <ele>388.3396851113066</ele>
        <time>2026-10-08T10:50:02Z</time>
      </trkpt>
      <trkpt lat="34.302234037580725" lon="108.73461920800764">
        <ele>388.0702686086297</ele>
        <time>2026-10-08T10:50:10Z</time>
      </trkpt>
      <trkpt lat="34.30224364695417" lon="108.73479542259761">
        <ele>388.00152720231563</ele>
        <time>2026-10-08T10:50:13Z</time>
      </trkpt>
      <trkpt lat="34.30220410275388" lon="108.73540092155122">
        <ele>389.107184804976</ele>
        <time>2026-10-08T10:50:22Z</time>
      </trkpt>
      <trkpt lat="34.30219720352804" lon="108.73553594122549">
        <ele>388.7691460652277</ele>
        <time>2026-10-08T10:50:24Z</time>
      </trkpt>
      <trkpt lat="34.30217629521618" lon="108.7360892072975">
        <ele>388.83483209554106</ele>
        <time>2026-10-08T10:50:32Z</time>
      </trkpt>
      <trkpt lat="34.30214745229072" lon="108.73666283154681">
        <ele>389.70209737401456</ele>
        <time>2026-10-08T10:50:40Z</time>
      </trkpt>
      <trkpt lat="34.302100338924824" lon="108.73726890653842">
        <ele>388.78338988963515</ele>
        <time>2026-10-08T10:50:48Z</time>
      </trkpt>
      <trkpt lat="34.302085175913554" lon="108.73783792429236">
        <ele>389.0367639353499</ele>
        <time>2026-10-08T10:50:56Z</time>
      </trkpt>
      <trkpt lat="34.302046528128834" lon="108.73837505379889">
        <ele>389.1872206367552</ele>
        <time>2026-10-08T10:51:04Z</time>
      </trkpt>
      <trkpt lat="34.30201405142674" lon="108.7390081411536">
        <ele>389.2867228863761</ele>
        <time>2026-10-08T10:51:14Z</time>
      </trkpt>
      <trkpt lat="34.30200322261843" lon="108.7391257514031">
        <ele>389.40264176018536</ele>
        <time>2026-10-08T10:51:16Z</time>
      </trkpt>
      <trkpt lat="34.3020162148156" lon="108.73939448170715">
        <ele>390.99472187645733</ele>
        <time>2026-10-08T10:51:21Z</time>
      </trkpt>
      <trkpt lat="34.30200384212097" lon="108.7397393837817">
        <ele>389.54267256334424</ele>
        <time>2026-10-08T10:51:28Z</time>
      </trkpt>
      <trkpt lat="34.30201780887512" lon="108.73998201944922">
        <ele>390.0006273481995</ele>
        <time>2026-10-08T10:51:32Z</time>
      </trkpt>
      <trkpt lat="34.301980517904816" lon="108.74035796252605">
        <ele>390.9441867992282</ele>
        <time>2026-10-08T10:51:38Z</time>
      </trkpt>
      <trkpt lat="34.302050875371044" lon="108.74081568234051">
        <ele>390.06190755590796</ele>
        <time>2026-10-08T10:51:46Z</time>
      </trkpt>
      <trkpt lat="34.30201560720253" lon="108.740937613565">
        <ele>389.97481029853225</ele>
        <time>2026-10-08T10:51:47Z</time>
      </trkpt>
      <trkpt lat="34.3020094310138" lon="108.74106518886374">
        <ele>389.9827597886324</ele>
        <time>2026-10-08T10:51:49Z</time>
      </trkpt>
      <trkpt lat="34.30193639271103" lon="108.74114623753186">
        <ele>390.90422424674034</ele>
        <time>2026-10-08T10:51:51Z</time>
      </trkpt>
      <trkpt lat="34.3019453837768" lon="108.74133872895077">
        <ele>391.4920940063894</ele>
        <time>2026-10-08T10:51:55Z</time>
      </trkpt>
      <trkpt lat="34.30189896587364" lon="108.74167110721753">
        <ele>389.7463850174099</ele>
        <time>2026-10-08T10:52:01Z</time>
      </trkpt>
      <trkpt lat="34.30182664613429" lon="108.7417223434882">
        <ele>389.7894893307239</ele>
        <time>2026-10-08T10:52:05Z</time>
      </trkpt>
      <trkpt lat="34.301334684449884" lon="108.74154423853348">
        <ele>386.98352212272584</ele>
        <time>2026-10-08T10:52:16Z</time>
      </trkpt>
      <trkpt lat="34.30109999490223" lon="108.74150684994822">
        <ele>387.2882302161306</ele>
        <time>2026-10-08T10:52:22Z</time>
      </trkpt>
      <trkpt lat="34.300876126041594" lon="108.74150839939843">
        <ele>387.3867469811812</ele>
        <time>2026-10-08T10:52:28Z</time>
      </trkpt>
      <trkpt lat="34.3006360342781" lon="108.74143991596505">
        <ele>387.3834803570062</ele>
        <time>2026-10-08T10:52:34Z</time>
      </trkpt>
      <trkpt lat="34.30056960532617" lon="108.74139667427382">
        <ele>386.58850789722055</ele>
        <time>2026-10-08T10:52:36Z</time>
      </trkpt>
      <trkpt lat="34.30048010577562" lon="108.74136837081451">
        <ele>386.4836255479604</ele>
        <time>2026-10-08T10:52:42Z</time>
      </trkpt>
      <trkpt lat="34.30015673166635" lon="108.74114473409819">
        <ele>387.4620678210631</ele>
        <time>2026-10-08T10:52:52Z</time>
      </trkpt>
      <trkpt lat="34.29981951009024" lon="108.7411005829889">
        <ele>387.0974444244057</ele>
        <time>2026-10-08T10:53:01Z</time>
      </trkpt>
      <trkpt lat="34.299785037958266" lon="108.74119329811086">
        <ele>388.2930520400405</ele>
        <time>2026-10-08T10:53:05Z</time>
      </trkpt>
      <trkpt lat="34.29976722195114" lon="108.74129503432029">
        <ele>389.2535947887227</ele>
        <time>2026-10-08T10:53:09Z</time>
      </trkpt>
      <trkpt lat="34.299789979626475" lon="108.74137984603058">
        <ele>389.2914397381246</ele>
        <time>2026-10-08T10:53:12Z</time>
      </trkpt>
      <trkpt lat="34.29993356199893" lon="108.7415574609891">
        <ele>388.4516843985766</ele>
        <time>2026-10-08T10:53:18Z</time>
      </trkpt>
      <trkpt lat="34.29995100502597" lon="108.74167480218047">
        <ele>388.7799689825624</ele>
        <time>2026-10-08T10:53:21Z</time>
      </trkpt>
      <trkpt lat="34.29990484084594" lon="108.74174574436681">
        <ele>388.85960390232503</ele>
        <time>2026-10-08T10:53:25Z</time>
      </trkpt>
      <trkpt lat="34.299442754236" lon="108.74158400079847">
        <ele>388.5104522034526</ele>
        <time>2026-10-08T10:53:40Z</time>
      </trkpt>
      <trkpt lat="34.29937466865543" lon="108.74155535306846">
        <ele>388.4289466952905</ele>
        <time>2026-10-08T10:53:42Z</time>
      </trkpt>
      <trkpt lat="34.29919480736539" lon="108.74153202574988">
        <ele>388.28428022470325</ele>
        <time>2026-10-08T10:53:47Z</time>
      </trkpt>
      <trkpt lat="34.29909727602791" lon="108.74149245531726">
        <ele>387.98480330593884</ele>
        <time>2026-10-08T10:53:50Z</time>
      </trkpt>
      <trkpt lat="34.298668318255935" lon="108.74140941721272">
        <ele>387.81188446935266</ele>
        <time>2026-10-08T10:54:01Z</time>
      </trkpt>
      <trkpt lat="34.29816124705859" lon="108.74133728794163">
        <ele>388.22684125974774</ele>
        <time>2026-10-08T10:54:14Z</time>
      </trkpt>
      <trkpt lat="34.297847636465484" lon="108.7413016424875">
        <ele>388.1252402057871</ele>
        <time>2026-10-08T10:54:19Z</time>
      </trkpt>
      <trkpt lat="34.29734824820429" lon="108.74136684091901">
        <ele>388.298114429228</ele>
        <time>2026-10-08T10:54:28Z</time>
      </trkpt>
      <trkpt lat="34.29685947021463" lon="108.74142047524896">
        <ele>389.2150487713516</ele>
        <time>2026-10-08T10:54:38Z</time>
      </trkpt>
      <trkpt lat="34.29636800262898" lon="108.74153673368278">
        <ele>389.6365833217278</ele>
        <time>2026-10-08T10:54:50Z</time>
      </trkpt>
      <trkpt lat="34.2959156306032" lon="108.74168151280138">
        <ele>388.35400220006704</ele>
        <time>2026-10-08T10:54:59Z</time>
      </trkpt>
      <trkpt lat="34.295604300088414" lon="108.74182790057635">
        <ele>388.73321912344545</ele>
        <time>2026-10-08T10:55:05Z</time>
      </trkpt>
      <trkpt lat="34.29519672220559" lon="108.74205721575052">
        <ele>390.8775764852762</ele>
        <time>2026-10-08T10:55:18Z</time>
      </trkpt>
      <trkpt lat="34.29506719710315" lon="108.74217068269127">
        <ele>389.98263737745583</ele>
        <time>2026-10-08T10:55:22Z</time>
      </trkpt>
      <trkpt lat="34.294989603699385" lon="108.74219031941904">
        <ele>390.2794300178066</ele>
        <time>2026-10-08T10:55:24Z</time>
      </trkpt>
      <trkpt lat="34.294808065507134" lon="108.74232359432528">
        <ele>389.930198838003</ele>
        <time>2026-10-08T10:55:29Z</time>
      </trkpt>
      <trkpt lat="34.294711159298735" lon="108.742369186414">
        <ele>389.4277622308582</ele>
        <time>2026-10-08T10:55:32Z</time>
      </trkpt>
      <trkpt lat="34.294284641901264" lon="108.74264222121118">
        <ele>389.61682646535337</ele>
        <time>2026-10-08T10:55:42Z</time>
      </trkpt>
      <trkpt lat="34.29393743154376" lon="108.7428857471257">
        <ele>390.43754459545016</ele>
        <time>2026-10-08T10:55:52Z</time>
      </trkpt>
      <trkpt lat="34.29387404513797" lon="108.74295244106536">
        <ele>390.888145214878</ele>
        <time>2026-10-08T10:55:54Z</time>
      </trkpt>
      <trkpt lat="34.29379502754778" lon="108.74298548872929">
        <ele>390.3369732676074</ele>
        <time>2026-10-08T10:55:56Z</time>
      </trkpt>
      <trkpt lat="34.293642795060336" lon="108.74311367461769">
        <ele>389.89132771268487</ele>
        <time>2026-10-08T10:56:01Z</time>
      </trkpt>
      <trkpt lat="34.29325544081054" lon="108.74336927290149">
        <ele>387.5510505512357</ele>
        <time>2026-10-08T10:56:03Z</time>
      </trkpt>
      <trkpt lat="34.292812331784056" lon="108.743677843451">
        <ele>387.39577828068286</ele>
        <time>2026-10-08T10:56:13Z</time>
      </trkpt>
      <trkpt lat="34.29252096042958" lon="108.74387494750543">
        <ele>387.631007168442</ele>
        <time>2026-10-08T10:56:19Z</time>
      </trkpt>
      <trkpt lat="34.29236481354625" lon="108.7439528861857">
        <ele>388.9548261454329</ele>
        <time>2026-10-08T10:56:23Z</time>
      </trkpt>
      <trkpt lat="34.2920517650294" lon="108.74417512143256">
        <ele>389.0816980013624</ele>
        <time>2026-10-08T10:56:37Z</time>
      </trkpt>
      <trkpt lat="34.29215236747017" lon="108.74415113474895">
        <ele>389.6599640240893</ele>
        <time>2026-10-08T10:57:02Z</time>
      </trkpt>
      <trkpt lat="34.29236224364284" lon="108.74401325428163">
        <ele>389.53890071529895</ele>
        <time>2026-10-08T10:57:08Z</time>
      </trkpt>
      <trkpt lat="34.29241380486429" lon="108.74392503765746">
        <ele>389.95980390161276</ele>
        <time>2026-10-08T10:57:11Z</time>
      </trkpt>
      <trkpt lat="34.29225349513146" lon="108.74355377266217">
        <ele>388.0918283518404</ele>
        <time>2026-10-08T10:57:26Z</time>
      </trkpt>
      <trkpt lat="34.29222269161477" lon="108.74345209634907">
        <ele>387.62657728232443</ele>
        <time>2026-10-08T10:57:29Z</time>
      </trkpt>
      <trkpt lat="34.29216465958487" lon="108.74339823989544">
        <ele>389.20745032001287</ele>
        <time>2026-10-08T10:57:34Z</time>
      </trkpt>
      <trkpt lat="34.29199578032462" lon="108.74351490645438">
        <ele>389.578792989254</ele>
        <time>2026-10-08T10:57:40Z</time>
      </trkpt>
      <trkpt lat="34.2918661556655" lon="108.7437666030039">
        <ele>391.370619119145</ele>
        <time>2026-10-08T10:57:49Z</time>
      </trkpt>
      <trkpt lat="34.29183449439923" lon="108.74387107213504">
        <ele>391.2463289964944</ele>
        <time>2026-10-08T10:57:52Z</time>
      </trkpt>
      <trkpt lat="34.29190511659328" lon="108.74362813980187">
        <ele>388.59536192845553</ele>
        <time>2026-10-08T10:58:09Z</time>
      </trkpt>
      <trkpt lat="34.292027874645164" lon="108.74347832029554">
        <ele>389.3933152137324</ele>
        <time>2026-10-08T10:58:13Z</time>
      </trkpt>
      <trkpt lat="34.29210006468078" lon="108.74343245899561">
        <ele>389.3342500254512</ele>
        <time>2026-10-08T10:58:15Z</time>
      </trkpt>
      <trkpt lat="34.2921359115883" lon="108.74333939059511">
        <ele>389.43263431917876</ele>
        <time>2026-10-08T10:58:22Z</time>
      </trkpt>
      <trkpt lat="34.29214153630604" lon="108.74324592662927">
        <ele>389.91135301906615</ele>
        <time>2026-10-08T10:58:27Z</time>
      </trkpt>
      <trkpt lat="34.29223459606067" lon="108.74310659163118">
        <ele>389.7588962763548</ele>
        <time>2026-10-08T10:58:37Z</time>
      </trkpt>
      <trkpt lat="34.2924805576701" lon="108.74311754806781">
        <ele>389.10561466030777</ele>
        <time>2026-10-08T10:58:50Z</time>
      </trkpt>
      <trkpt lat="34.29255587468329" lon="108.74308142258512">
        <ele>388.89376007858664</ele>
        <time>2026-10-08T10:58:54Z</time>
      </trkpt>
      <trkpt lat="34.29272196490319" lon="108.74269737597169">
        <ele>388.7471994655207</ele>
        <time>2026-10-08T10:59:07Z</time>
      </trkpt>
      <trkpt lat="34.29270176713424" lon="108.74260249679324">
        <ele>388.9356580162421</ele>
        <time>2026-10-08T10:59:10Z</time>
      </trkpt>
      <trkpt lat="34.292644952110315" lon="108.74254732158326">
        <ele>388.675355149433</ele>
        <time>2026-10-08T10:59:12Z</time>
      </trkpt>
      <trkpt lat="34.29255475240908" lon="108.74251469054785">
        <ele>388.72004941664636</ele>
        <time>2026-10-08T10:59:15Z</time>
      </trkpt>
      <trkpt lat="34.292489626639444" lon="108.74269075750398">
        <ele>389.83091914560646</ele>
        <time>2026-10-08T10:59:21Z</time>
      </trkpt>
      <trkpt lat="34.292355150092284" lon="108.74280938352969">
        <ele>390.4884868217632</ele>
        <time>2026-10-08T10:59:27Z</time>
      </trkpt>
      <trkpt lat="34.29230797365119" lon="108.74288836257901">
        <ele>390.603313437663</ele>
        <time>2026-10-08T10:59:32Z</time>
      </trkpt>
      <trkpt lat="34.29238538323485" lon="108.7428990899968">
        <ele>390.93069666810334</ele>
        <time>2026-10-08T10:59:35Z</time>
      </trkpt>
      <trkpt lat="34.29254223062622" lon="108.74274111840437">
        <ele>390.4372768783942</ele>
        <time>2026-10-08T10:59:41Z</time>
      </trkpt>
      <trkpt lat="34.292577060368174" lon="108.74265512625949">
        <ele>390.0695491377264</ele>
        <time>2026-10-08T10:59:44Z</time>
      </trkpt>
      <trkpt lat="34.29250040263683" lon="108.7426428344598">
        <ele>390.2332154503092</ele>
        <time>2026-10-08T10:59:47Z</time>
      </trkpt>
      <trkpt lat="34.292449564518904" lon="108.7427234117069">
        <ele>390.378372955136</ele>
        <time>2026-10-08T10:59:50Z</time>
      </trkpt>
      <trkpt lat="34.29237209186994" lon="108.74268455002277">
        <ele>390.6143113123253</ele>
        <time>2026-10-08T10:59:54Z</time>
      </trkpt>
      <trkpt lat="34.292311874035235" lon="108.742616116281">
        <ele>390.7162077408284</ele>
        <time>2026-10-08T10:59:57Z</time>
      </trkpt>
      <trkpt lat="34.29245443363868" lon="108.7427149454858">
        <ele>391.160665679723</ele>
        <time>2026-10-08T11:00:21Z</time>
      </trkpt>
      <trkpt lat="34.29251063685602" lon="108.74264856581685">
        <ele>391.07563728652894</ele>
        <time>2026-10-08T11:00:23Z</time>
      </trkpt>
      <trkpt lat="34.2925131586929" lon="108.7425433143105">
        <ele>390.8510665325448</ele>
        <time>2026-10-08T11:00:26Z</time>
      </trkpt>
      <trkpt lat="34.29255497736127" lon="108.74246127584912">
        <ele>390.70892781578004</ele>
        <time>2026-10-08T11:00:29Z</time>
      </trkpt>
      <trkpt lat="34.292708529825696" lon="108.74236436564392">
        <ele>390.1871181288734</ele>
        <time>2026-10-08T11:00:34Z</time>
      </trkpt>
      <trkpt lat="34.292770675698016" lon="108.74230610808894">
        <ele>389.6376058170572</ele>
        <time>2026-10-08T11:00:37Z</time>
      </trkpt>
      <trkpt lat="34.2925147346802" lon="108.74201589396974">
        <ele>389.9110172027722</ele>
        <time>2026-10-08T11:01:36Z</time>
      </trkpt>
      <trkpt lat="34.292436289844666" lon="108.74197161768743">
        <ele>390.1659731930122</ele>
        <time>2026-10-08T11:01:39Z</time>
      </trkpt>
      <trkpt lat="34.292056518372036" lon="108.74224674650426">
        <ele>392.5193136604503</ele>
        <time>2026-10-08T11:01:54Z</time>
      </trkpt>
      <trkpt lat="34.29190134076627" lon="108.74234528165599">
        <ele>392.3916769037023</ele>
        <time>2026-10-08T11:02:03Z</time>
      </trkpt>
      <trkpt lat="34.29184908747111" lon="108.74241615159309">
        <ele>392.92694602161646</ele>
        <time>2026-10-08T11:02:06Z</time>
      </trkpt>
      <trkpt lat="34.29144990919307" lon="108.7426824817476">
        <ele>392.8260168917477</ele>
        <time>2026-10-08T11:02:21Z</time>
      </trkpt>
      <trkpt lat="34.29103921156239" lon="108.74297752318657">
        <ele>391.97722665127367</ele>
        <time>2026-10-08T11:02:36Z</time>
      </trkpt>
      <trkpt lat="34.290641877257585" lon="108.74324886062416">
        <ele>390.7906125318259</ele>
        <time>2026-10-08T11:02:52Z</time>
      </trkpt>
      <trkpt lat="34.290338937326354" lon="108.74340803268981">
        <ele>391.7473420193419</ele>
        <time>2026-10-08T11:03:34Z</time>
      </trkpt>
      <trkpt lat="34.290098470414584" lon="108.74358199335595">
        <ele>390.14113242179155</ele>
        <time>2026-10-08T11:04:11Z</time>
      </trkpt>
      <trkpt lat="34.290060855740805" lon="108.74366355006794">
        <ele>390.7289336724207</ele>
        <time>2026-10-08T11:04:15Z</time>
      </trkpt>
      <trkpt lat="34.289769306502826" lon="108.74388022131018">
        <ele>389.790554959327</ele>
        <time>2026-10-08T11:04:24Z</time>
      </trkpt>
      <trkpt lat="34.28938340971455" lon="108.74413417128477">
        <ele>387.2638910114765</ele>
        <time>2026-10-08T11:04:36Z</time>
      </trkpt>
      <trkpt lat="34.289292785531934" lon="108.74418242197603">
        <ele>387.20384673122317</ele>
        <time>2026-10-08T11:04:39Z</time>
      </trkpt>
      <trkpt lat="34.288927784784896" lon="108.74446605760878">
        <ele>387.74897742271423</ele>
        <time>2026-10-08T11:04:52Z</time>
      </trkpt>
      <trkpt lat="34.288642478614996" lon="108.74465224867309">
        <ele>387.6565949479118</ele>
        <time>2026-10-08T11:05:01Z</time>
      </trkpt>
      <trkpt lat="34.28821669600908" lon="108.74486494439091">
        <ele>386.41160803008825</ele>
        <time>2026-10-08T11:05:12Z</time>
      </trkpt>
      <trkpt lat="34.288043585314256" lon="108.74495043800913">
        <ele>388.15196195524186</ele>
        <time>2026-10-08T11:05:17Z</time>
      </trkpt>
      <trkpt lat="34.28759963893446" lon="108.74504967526302">
        <ele>388.24519461300224</ele>
        <time>2026-10-08T11:05:29Z</time>
      </trkpt>
      <trkpt lat="34.28750254958819" lon="108.74508422071732">
        <ele>388.05840716604143</ele>
        <time>2026-10-08T11:05:32Z</time>
      </trkpt>
      <trkpt lat="34.28698774923374" lon="108.74512485510982">
        <ele>388.0724182240665</ele>
        <time>2026-10-08T11:05:44Z</time>
      </trkpt>
      <trkpt lat="34.28654805554782" lon="108.7451168454462">
        <ele>388.74211869295686</ele>
        <time>2026-10-08T11:05:54Z</time>
      </trkpt>
      <trkpt lat="34.28640060272008" lon="108.74510124589338">
        <ele>388.5639197109267</ele>
        <time>2026-10-08T11:05:58Z</time>
      </trkpt>
      <trkpt lat="34.28612680577465" lon="108.74509239600715">
        <ele>388.5064334841445</ele>
        <time>2026-10-08T11:06:03Z</time>
      </trkpt>
      <trkpt lat="34.285875918748744" lon="108.74502599969972">
        <ele>388.90716732107103</ele>
        <time>2026-10-08T11:06:10Z</time>
      </trkpt>
      <trkpt lat="34.28580764509448" lon="108.7449915556605">
        <ele>388.5472556455061</ele>
        <time>2026-10-08T11:06:13Z</time>
      </trkpt>
      <trkpt lat="34.28573327034962" lon="108.74498147165251">
        <ele>388.7037250492722</ele>
        <time>2026-10-08T11:06:17Z</time>
      </trkpt>
      <trkpt lat="34.285670125140044" lon="108.74504546203197">
        <ele>388.6947815371677</ele>
        <time>2026-10-08T11:06:20Z</time>
      </trkpt>
      <trkpt lat="34.285597738587214" lon="108.74502985388808">
        <ele>389.10937430895865</ele>
        <time>2026-10-08T11:06:23Z</time>
      </trkpt>
      <trkpt lat="34.28518203941996" lon="108.74485099072483">
        <ele>388.9791099522263</ele>
        <time>2026-10-08T11:06:34Z</time>
      </trkpt>
      <trkpt lat="34.285069342316" lon="108.74480429676358">
        <ele>389.1015654178336</ele>
        <time>2026-10-08T11:06:37Z</time>
      </trkpt>
      <trkpt lat="34.284914013330074" lon="108.74470973323001">
        <ele>388.9117318643257</ele>
        <time>2026-10-08T11:06:41Z</time>
      </trkpt>
      <trkpt lat="34.28484872455397" lon="108.74452672330823">
        <ele>388.90551431756467</ele>
        <time>2026-10-08T11:06:50Z</time>
      </trkpt>
      <trkpt lat="34.284382286067206" lon="108.74419188073767">
        <ele>388.6486793067306</ele>
        <time>2026-10-08T11:07:04Z</time>
      </trkpt>
      <trkpt lat="34.28412164772596" lon="108.7439532970271">
        <ele>388.2653901465237</ele>
        <time>2026-10-08T11:07:12Z</time>
      </trkpt>
      <trkpt lat="34.28387162164166" lon="108.74379205162451">
        <ele>388.78067330736667</ele>
        <time>2026-10-08T11:07:18Z</time>
      </trkpt>
      <trkpt lat="34.28350979744436" lon="108.7434669644103">
        <ele>388.93175229243934</ele>
        <time>2026-10-08T11:07:28Z</time>
      </trkpt>
      <trkpt lat="34.28314043662301" lon="108.7431122343282">
        <ele>390.0790752796456</ele>
        <time>2026-10-08T11:07:40Z</time>
      </trkpt>
      <trkpt lat="34.28302158712302" lon="108.74298697435157">
        <ele>390.08697105478495</ele>
        <time>2026-10-08T11:07:44Z</time>
      </trkpt>
      <trkpt lat="34.28286438008771" lon="108.74286978027344">
        <ele>390.729740222916</ele>
        <time>2026-10-08T11:07:49Z</time>
      </trkpt>
      <trkpt lat="34.282593439487236" lon="108.74264262961333">
        <ele>391.3388891881332</ele>
        <time>2026-10-08T11:07:57Z</time>
      </trkpt>
      <trkpt lat="34.28252303812107" lon="108.74260349643811">
        <ele>391.4646169440821</ele>
        <time>2026-10-08T11:07:59Z</time>
      </trkpt>
      <trkpt lat="34.28229294299287" lon="108.74237401789586">
        <ele>392.7592590544373</ele>
        <time>2026-10-08T11:08:09Z</time>
      </trkpt>
      <trkpt lat="34.28192119571826" lon="108.74207090291851">
        <ele>392.98158635012805</ele>
        <time>2026-10-08T11:08:20Z</time>
      </trkpt>
      <trkpt lat="34.28162254196548" lon="108.74184584881719">
        <ele>393.219806920737</ele>
        <time>2026-10-08T11:08:28Z</time>
      </trkpt>
      <trkpt lat="34.28115941037934" lon="108.7415757014288">
        <ele>392.9783431366086</ele>
        <time>2026-10-08T11:08:43Z</time>
      </trkpt>
      <trkpt lat="34.28099461145247" lon="108.74149205338925">
        <ele>392.8660876248032</ele>
        <time>2026-10-08T11:08:50Z</time>
      </trkpt>
      <trkpt lat="34.28092370558484" lon="108.74143661728311">
        <ele>392.8279459141195</ele>
        <time>2026-10-08T11:08:53Z</time>
      </trkpt>
      <trkpt lat="34.280439843987196" lon="108.74124732988147">
        <ele>390.2758667776361</ele>
        <time>2026-10-08T11:09:07Z</time>
      </trkpt>
      <trkpt lat="34.28024759503767" lon="108.74116742773072">
        <ele>389.131165554747</ele>
        <time>2026-10-08T11:09:13Z</time>
      </trkpt>
      <trkpt lat="34.28017857850665" lon="108.74106496125498">
        <ele>389.0448467647657</ele>
        <time>2026-10-08T11:09:16Z</time>
      </trkpt>
      <trkpt lat="34.28015371157719" lon="108.7407478485847">
        <ele>387.9231607671827</ele>
        <time>2026-10-08T11:09:22Z</time>
      </trkpt>
      <trkpt lat="34.28016841589598" lon="108.74011152993212">
        <ele>387.894180576317</ele>
        <time>2026-10-08T11:09:32Z</time>
      </trkpt>
      <trkpt lat="34.2801784634275" lon="108.73952338278137">
        <ele>387.3890546923503</ele>
        <time>2026-10-08T11:09:40Z</time>
      </trkpt>
      <trkpt lat="34.2801677287329" lon="108.7392563558898">
        <ele>387.3742197547108</ele>
        <time>2026-10-08T11:09:44Z</time>
      </trkpt>
      <trkpt lat="34.28017865243164" lon="108.73913043310034">
        <ele>387.1227994877845</ele>
        <time>2026-10-08T11:09:46Z</time>
      </trkpt>
      <trkpt lat="34.28010298442309" lon="108.7390721946757">
        <ele>387.2623656857759</ele>
        <time>2026-10-08T11:09:47Z</time>
      </trkpt>
      <trkpt lat="34.28010225407544" lon="108.73894869649126">
        <ele>387.0521264458075</ele>
        <time>2026-10-08T11:09:49Z</time>
      </trkpt>
      <trkpt lat="34.280100117848725" lon="108.7385911947186">
        <ele>387.5287358844653</ele>
        <time>2026-10-08T11:09:55Z</time>
      </trkpt>
      <trkpt lat="34.28009878199639" lon="108.73836753667878">
        <ele>388.13901718053967</ele>
        <time>2026-10-08T11:09:59Z</time>
      </trkpt>
      <trkpt lat="34.2801435239947" lon="108.73829734764305">
        <ele>388.21603123564273</ele>
        <time>2026-10-08T11:10:01Z</time>
      </trkpt>
      <trkpt lat="34.28014423221878" lon="108.73783211591355">
        <ele>387.58892070967704</ele>
        <time>2026-10-08T11:10:11Z</time>
      </trkpt>
      <trkpt lat="34.280168386708816" lon="108.73755607542877">
        <ele>388.2066213032231</ele>
        <time>2026-10-08T11:10:15Z</time>
      </trkpt>
      <trkpt lat="34.280170733588164" lon="108.73693353476351">
        <ele>388.08315266203135</ele>
        <time>2026-10-08T11:10:23Z</time>
      </trkpt>
      <trkpt lat="34.280163496709505" lon="108.73626405290105">
        <ele>388.7001678189263</ele>
        <time>2026-10-08T11:10:31Z</time>
      </trkpt>
      <trkpt lat="34.28016355096539" lon="108.73566423530688">
        <ele>387.9993806760758</ele>
        <time>2026-10-08T11:10:39Z</time>
      </trkpt>
      <trkpt lat="34.28016843570593" lon="108.73507227041047">
        <ele>387.72097431961447</ele>
        <time>2026-10-08T11:10:47Z</time>
      </trkpt>
      <trkpt lat="34.28016409751533" lon="108.73445690252564">
        <ele>388.26417207717896</ele>
        <time>2026-10-08T11:10:55Z</time>
      </trkpt>
      <trkpt lat="34.280164803912704" lon="108.73380704233647">
        <ele>388.32635291758925</ele>
        <time>2026-10-08T11:11:03Z</time>
      </trkpt>
      <trkpt lat="34.28016337821607" lon="108.73319534017627">
        <ele>388.2885322486982</ele>
        <time>2026-10-08T11:11:10Z</time>
      </trkpt>
      <trkpt lat="34.28015585156884" lon="108.73266676386554">
        <ele>388.0710810851306</ele>
        <time>2026-10-08T11:11:16Z</time>
      </trkpt>
      <trkpt lat="34.28015949344419" lon="108.73213945571617">
        <ele>388.15185627527535</ele>
        <time>2026-10-08T11:11:22Z</time>
      </trkpt>
      <trkpt lat="34.280152608621414" lon="108.73144945322133">
        <ele>388.08995328564197</ele>
        <time>2026-10-08T11:11:30Z</time>
      </trkpt>
      <trkpt lat="34.28015659757241" lon="108.73083764141442">
        <ele>387.880717006512</ele>
        <time>2026-10-08T11:11:38Z</time>
      </trkpt>
      <trkpt lat="34.28014876965146" lon="108.73070538506225">
        <ele>388.2694238880649</ele>
        <time>2026-10-08T11:11:40Z</time>
      </trkpt>
      <trkpt lat="34.28008903496066" lon="108.73059512206417">
        <ele>387.9210611600429</ele>
        <time>2026-10-08T11:11:42Z</time>
      </trkpt>
      <trkpt lat="34.28008971569416" lon="108.73028654816883">
        <ele>388.544810783118</ele>
        <time>2026-10-08T11:11:50Z</time>
      </trkpt>
      <trkpt lat="34.28019522765589" lon="108.73020569786705">
        <ele>388.84784661978483</ele>
        <time>2026-10-08T11:11:52Z</time>
      </trkpt>
      <trkpt lat="34.28020593220063" lon="108.72980896204207">
        <ele>388.9783111140132</ele>
        <time>2026-10-08T11:12:02Z</time>
      </trkpt>
      <trkpt lat="34.28015366735292" lon="108.72956909183696">
        <ele>388.7865065857768</ele>
        <time>2026-10-08T11:12:08Z</time>
      </trkpt>
      <trkpt lat="34.28015822787946" lon="108.72904360504438">
        <ele>388.49493313767016</ele>
        <time>2026-10-08T11:12:16Z</time>
      </trkpt>
      <trkpt lat="34.28014970207255" lon="108.72849339754639">
        <ele>388.6653732797131</ele>
        <time>2026-10-08T11:12:24Z</time>
      </trkpt>
      <trkpt lat="34.280155102624285" lon="108.72790037099344">
        <ele>389.03043652232736</ele>
        <time>2026-10-08T11:12:32Z</time>
      </trkpt>
      <trkpt lat="34.28016656878708" lon="108.72730379458466">
        <ele>383.9623589143157</ele>
        <time>2026-10-08T11:12:40Z</time>
      </trkpt>
      <trkpt lat="34.2801699765614" lon="108.7267111003709">
        <ele>382.60862658079714</ele>
        <time>2026-10-08T11:12:48Z</time>
      </trkpt>
      <trkpt lat="34.280168393235186" lon="108.72605366600033">
        <ele>381.86108519975096</ele>
        <time>2026-10-08T11:12:57Z</time>
      </trkpt>
      <trkpt lat="34.280154708528705" lon="108.72544164969327">
        <ele>381.14326465222985</ele>
        <time>2026-10-08T11:13:05Z</time>
      </trkpt>
      <trkpt lat="34.28013901121066" lon="108.72512131476931">
        <ele>381.3974845614284</ele>
        <time>2026-10-08T11:13:09Z</time>
      </trkpt>
      <trkpt lat="34.28016434290873" lon="108.72480275378439">
        <ele>382.3647753642872</ele>
        <time>2026-10-08T11:13:13Z</time>
      </trkpt>
      <trkpt lat="34.28015228037777" lon="108.72417381427914">
        <ele>386.78611331246793</ele>
        <time>2026-10-08T11:13:22Z</time>
      </trkpt>
      <trkpt lat="34.280126347692836" lon="108.7235917368554">
        <ele>386.94083625636995</ele>
        <time>2026-10-08T11:13:30Z</time>
      </trkpt>
      <trkpt lat="34.28013036479612" lon="108.72296289283902">
        <ele>388.91355235874653</ele>
        <time>2026-10-08T11:13:38Z</time>
      </trkpt>
      <trkpt lat="34.28014169923574" lon="108.7224419501935">
        <ele>388.2279261285439</ele>
        <time>2026-10-08T11:13:44Z</time>
      </trkpt>
      <trkpt lat="34.280132132110595" lon="108.72191496854582">
        <ele>388.09419935010374</ele>
        <time>2026-10-08T11:13:50Z</time>
      </trkpt>
      <trkpt lat="34.280086534291144" lon="108.72130201126018">
        <ele>388.3125867797062</ele>
        <time>2026-10-08T11:13:57Z</time>
      </trkpt>
      <trkpt lat="34.28006971250248" lon="108.72077507366015">
        <ele>388.4569154223427</ele>
        <time>2026-10-08T11:14:03Z</time>
      </trkpt>
      <trkpt lat="34.28005799415651" lon="108.72023313021376">
        <ele>388.1652118032798</ele>
        <time>2026-10-08T11:14:09Z</time>
      </trkpt>
      <trkpt lat="34.28005093816029" lon="108.71966445624847">
        <ele>389.7247504508123</ele>
        <time>2026-10-08T11:14:15Z</time>
      </trkpt>
      <trkpt lat="34.28005082851345" lon="108.71909467170858">
        <ele>390.33187755197287</ele>
        <time>2026-10-08T11:14:21Z</time>
      </trkpt>
      <trkpt lat="34.2800443276703" lon="108.71852642698548">
        <ele>391.36364553216845</ele>
        <time>2026-10-08T11:14:27Z</time>
      </trkpt>
      <trkpt lat="34.28003895914854" lon="108.7179665726367">
        <ele>391.0993875460699</ele>
        <time>2026-10-08T11:14:33Z</time>
      </trkpt>
      <trkpt lat="34.28003809372663" lon="108.717416215295">
        <ele>390.7317542163655</ele>
        <time>2026-10-08T11:14:39Z</time>
      </trkpt>
      <trkpt lat="34.2800186701052" lon="108.7167546569052">
        <ele>390.7520300783217</ele>
        <time>2026-10-08T11:14:47Z</time>
      </trkpt>
      <trkpt lat="34.28003921908998" lon="108.71623334575885">
        <ele>389.88584483321756</ele>
        <time>2026-10-08T11:14:54Z</time>
      </trkpt>
      <trkpt lat="34.28004208205229" lon="108.71569716575188">
        <ele>389.27937864139676</ele>
        <time>2026-10-08T11:14:59Z</time>
      </trkpt>
      <trkpt lat="34.28004926791605" lon="108.71512964161873">
        <ele>388.57693067844957</ele>
        <time>2026-10-08T11:15:04Z</time>
      </trkpt>
      <trkpt lat="34.2800391219334" lon="108.71454567467104">
        <ele>389.30575848091394</ele>
        <time>2026-10-08T11:15:09Z</time>
      </trkpt>
      <trkpt lat="34.28004520889282" lon="108.71394438961656">
        <ele>388.8734157336876</ele>
        <time>2026-10-08T11:15:14Z</time>
      </trkpt>
      <trkpt lat="34.2800459399224" lon="108.71334149782132">
        <ele>390.1573463566601</ele>
        <time>2026-10-08T11:15:19Z</time>
      </trkpt>
      <trkpt lat="34.28005840009084" lon="108.71262702419818">
        <ele>389.9579781955108</ele>
        <time>2026-10-08T11:15:25Z</time>
      </trkpt>
      <trkpt lat="34.280049280519165" lon="108.71190657134655">
        <ele>389.72744449973106</ele>
        <time>2026-10-08T11:15:31Z</time>
      </trkpt>
      <trkpt lat="34.28005031718275" lon="108.71177959264163">
        <ele>389.12805574573576</ele>
        <time>2026-10-08T11:15:32Z</time>
      </trkpt>
      <trkpt lat="34.2800508184964" lon="108.71117569813796">
        <ele>390.19292944297194</ele>
        <time>2026-10-08T11:15:37Z</time>
      </trkpt>
      <trkpt lat="34.28005475151027" lon="108.71057966886596">
        <ele>389.5833537178114</ele>
        <time>2026-10-08T11:15:42Z</time>
      </trkpt>
      <trkpt lat="34.280066556285576" lon="108.71000816775245">
        <ele>388.90569296479225</ele>
        <time>2026-10-08T11:15:47Z</time>
      </trkpt>
      <trkpt lat="34.28005769180934" lon="108.70939763017275">
        <ele>389.67948719114065</ele>
        <time>2026-10-08T11:15:53Z</time>
      </trkpt>
      <trkpt lat="34.28005180757635" lon="108.70875735069544">
        <ele>389.47031602356583</ele>
        <time>2026-10-08T11:16:00Z</time>
      </trkpt>
      <trkpt lat="34.28006171941597" lon="108.7081065625332">
        <ele>389.61483115237206</ele>
        <time>2026-10-08T11:16:08Z</time>
      </trkpt>
      <trkpt lat="34.280050893796215" lon="108.70753279265102">
        <ele>389.45789749361575</ele>
        <time>2026-10-08T11:16:16Z</time>
      </trkpt>
      <trkpt lat="34.280055546700794" lon="108.70694674781679">
        <ele>389.70254207681865</ele>
        <time>2026-10-08T11:16:26Z</time>
      </trkpt>
      <trkpt lat="34.28007215336932" lon="108.70673767214257">
        <ele>389.6083007948473</ele>
        <time>2026-10-08T11:16:33Z</time>
      </trkpt>
      <trkpt lat="34.280099925021624" lon="108.70664691062042">
        <ele>389.3555454974994</ele>
        <time>2026-10-08T11:16:37Z</time>
      </trkpt>
      <trkpt lat="34.28010081019861" lon="108.70654516092256">
        <ele>389.45042669028044</ele>
        <time>2026-10-08T11:16:41Z</time>
      </trkpt>
      <trkpt lat="34.280575863145536" lon="108.70656104570978">
        <ele>389.6082160426304</ele>
        <time>2026-10-08T11:16:51Z</time>
      </trkpt>
      <trkpt lat="34.28085960945858" lon="108.70655717985443">
        <ele>389.86500961333513</ele>
        <time>2026-10-08T11:16:57Z</time>
      </trkpt>
      <trkpt lat="34.28132618643271" lon="108.70656586313203">
        <ele>390.7118879230693</ele>
        <time>2026-10-08T11:17:07Z</time>
      </trkpt>
      <trkpt lat="34.281806482368516" lon="108.70657518545869">
        <ele>390.62771453149617</ele>
        <time>2026-10-08T11:17:15Z</time>
      </trkpt>
      <trkpt lat="34.28230194000726" lon="108.70657809297907">
        <ele>389.49576240684837</ele>
        <time>2026-10-08T11:17:23Z</time>
      </trkpt>
      <trkpt lat="34.28276389221871" lon="108.70657914248117">
        <ele>389.42284503765404</ele>
        <time>2026-10-08T11:17:31Z</time>
      </trkpt>
      <trkpt lat="34.283273648446844" lon="108.70656439567831">
        <ele>389.3666988387704</ele>
        <time>2026-10-08T11:17:40Z</time>
      </trkpt>
      <trkpt lat="34.283748962658315" lon="108.70655674523817">
        <ele>389.30887122638524</ele>
        <time>2026-10-08T11:17:48Z</time>
      </trkpt>
      <trkpt lat="34.28418437560062" lon="108.70657367260803">
        <ele>389.2385783530772</ele>
        <time>2026-10-08T11:17:56Z</time>
      </trkpt>
      <trkpt lat="34.284632329171295" lon="108.70658033434866">
        <ele>389.0300018331036</ele>
        <time>2026-10-08T11:18:04Z</time>
      </trkpt>
      <trkpt lat="34.28513708789456" lon="108.70656912188267">
        <ele>389.1518619423732</ele>
        <time>2026-10-08T11:18:14Z</time>
      </trkpt>
      <trkpt lat="34.285672454142514" lon="108.70658123382489">
        <ele>387.9760606959462</ele>
        <time>2026-10-08T11:18:24Z</time>
      </trkpt>
      <trkpt lat="34.2860117591134" lon="108.70656948234263">
        <ele>388.35182252526283</ele>
        <time>2026-10-08T11:18:30Z</time>
      </trkpt>
      <trkpt lat="34.28613098490768" lon="108.7065873110987">
        <ele>388.83079299516976</ele>
        <time>2026-10-08T11:18:32Z</time>
      </trkpt>
      <trkpt lat="34.28618711388849" lon="108.70648303595051">
        <ele>388.8066953988746</ele>
        <time>2026-10-08T11:18:33Z</time>
      </trkpt>
      <trkpt lat="34.28629825079226" lon="108.70648354396069">
        <ele>389.9932990092784</ele>
        <time>2026-10-08T11:18:35Z</time>
      </trkpt>
      <trkpt lat="34.28640415648273" lon="108.70651532552884">
        <ele>390.21973172575235</ele>
        <time>2026-10-08T11:18:37Z</time>
      </trkpt>
      <trkpt lat="34.28687430251693" lon="108.70651156226332">
        <ele>390.00100006721914</ele>
        <time>2026-10-08T11:18:46Z</time>
      </trkpt>
      <trkpt lat="34.28694634512293" lon="108.70648571676502">
        <ele>389.77911332808435</ele>
        <time>2026-10-08T11:18:47Z</time>
      </trkpt>
      <trkpt lat="34.28718500456765" lon="108.7065217885954">
        <ele>389.5279610818252</ele>
        <time>2026-10-08T11:18:51Z</time>
      </trkpt>
      <trkpt lat="34.2876367546075" lon="108.70654624745485">
        <ele>389.140020580031</ele>
        <time>2026-10-08T11:18:59Z</time>
      </trkpt>
      <trkpt lat="34.28816439499639" lon="108.70654059109891">
        <ele>390.0270447656512</ele>
        <time>2026-10-08T11:19:12Z</time>
      </trkpt>
      <trkpt lat="34.28864402508565" lon="108.70653701060613">
        <ele>389.5335100889206</ele>
        <time>2026-10-08T11:19:20Z</time>
      </trkpt>
      <trkpt lat="34.288862841664155" lon="108.70653664944392">
        <ele>389.9798366902396</ele>
        <time>2026-10-08T11:19:24Z</time>
      </trkpt>
      <trkpt lat="34.28920563385721" lon="108.70656824001686">
        <ele>388.0939323315397</ele>
        <time>2026-10-08T11:19:30Z</time>
      </trkpt>
      <trkpt lat="34.28931053849467" lon="108.7065526428744">
        <ele>389.49555356428027</ele>
        <time>2026-10-08T11:19:32Z</time>
      </trkpt>
      <trkpt lat="34.289422269899966" lon="108.70656810514873">
        <ele>388.1881161434576</ele>
        <time>2026-10-08T11:19:34Z</time>
      </trkpt>
      <trkpt lat="34.289589090279875" lon="108.70651339396049">
        <ele>388.4218431422487</ele>
        <time>2026-10-08T11:19:37Z</time>
      </trkpt>
      <trkpt lat="34.289749187707784" lon="108.70654791691253">
        <ele>390.0589906871319</ele>
        <time>2026-10-08T11:19:40Z</time>
      </trkpt>
      <trkpt lat="34.2901549403127" lon="108.70654680630625">
        <ele>389.71453289687634</ele>
        <time>2026-10-08T11:19:48Z</time>
      </trkpt>
      <trkpt lat="34.29032387162996" lon="108.70653288929827">
        <ele>389.27760889194906</ele>
        <time>2026-10-08T11:19:52Z</time>
      </trkpt>
      <trkpt lat="34.29041729824887" lon="108.70655275201365">
        <ele>389.75275435112417</ele>
        <time>2026-10-08T11:19:54Z</time>
      </trkpt>
      <trkpt lat="34.29051929181547" lon="108.70654699211607">
        <ele>389.0940258698538</ele>
        <time>2026-10-08T11:19:57Z</time>
      </trkpt>
      <trkpt lat="34.29068416112927" lon="108.7065160817949">
        <ele>388.5839507551864</ele>
        <time>2026-10-08T11:20:40Z</time>
      </trkpt>
      <trkpt lat="34.2910880903058" lon="108.70655144576565">
        <ele>387.40741190407425</ele>
        <time>2026-10-08T11:20:51Z</time>
      </trkpt>
      <trkpt lat="34.291567921813204" lon="108.7065654645009">
        <ele>388.234100388363</ele>
        <time>2026-10-08T11:21:02Z</time>
      </trkpt>
      <trkpt lat="34.29188678499241" lon="108.7065438787842">
        <ele>387.98028089944273</ele>
        <time>2026-10-08T11:21:08Z</time>
      </trkpt>
      <trkpt lat="34.29196388074875" lon="108.70657209459999">
        <ele>389.173369104974</ele>
        <time>2026-10-08T11:21:10Z</time>
      </trkpt>
      <trkpt lat="34.292045194549516" lon="108.70652463962779">
        <ele>390.1892641475424</ele>
        <time>2026-10-08T11:21:14Z</time>
      </trkpt>
      <trkpt lat="34.2925431100601" lon="108.70652243630009">
        <ele>389.2616521473974</ele>
        <time>2026-10-08T11:21:25Z</time>
      </trkpt>
      <trkpt lat="34.29300109623859" lon="108.70649181968336">
        <ele>388.8946520779282</ele>
        <time>2026-10-08T11:21:31Z</time>
      </trkpt>
      <trkpt lat="34.29307092502433" lon="108.70646099353483">
        <ele>388.99187281914055</ele>
        <time>2026-10-08T11:21:32Z</time>
      </trkpt>
      <trkpt lat="34.29331699846336" lon="108.7064229923314">
        <ele>387.59320370014757</ele>
        <time>2026-10-08T11:21:36Z</time>
      </trkpt>
      <trkpt lat="34.29382920926402" lon="108.70637109663933">
        <ele>388.7480811588466</ele>
        <time>2026-10-08T11:21:46Z</time>
      </trkpt>
      <trkpt lat="34.29419133773643" lon="108.70633838031107">
        <ele>388.1314833164215</ele>
        <time>2026-10-08T11:21:56Z</time>
      </trkpt>
      <trkpt lat="34.294471313690195" lon="108.70628752173002">
        <ele>388.4304799353704</ele>
        <time>2026-10-08T11:22:03Z</time>
      </trkpt>
      <trkpt lat="34.294627218970696" lon="108.70622062113637">
        <ele>388.18593114893883</ele>
        <time>2026-10-08T11:22:07Z</time>
      </trkpt>
      <trkpt lat="34.29469946647837" lon="108.70623295790234">
        <ele>386.594196498394</ele>
        <time>2026-10-08T11:22:09Z</time>
      </trkpt>
      <trkpt lat="34.295154570375246" lon="108.70616884676797">
        <ele>388.74668161943555</ele>
        <time>2026-10-08T11:22:15Z</time>
      </trkpt>
      <trkpt lat="34.29563358747573" lon="108.70609947058267">
        <ele>388.9905863115564</ele>
        <time>2026-10-08T11:22:23Z</time>
      </trkpt>
      <trkpt lat="34.295846806622144" lon="108.70607555381065">
        <ele>388.3547254744917</ele>
        <time>2026-10-08T11:22:27Z</time>
      </trkpt>
      <trkpt lat="34.29620445022392" lon="108.70598277336063">
        <ele>387.94930032640696</ele>
        <time>2026-10-08T11:22:33Z</time>
      </trkpt>
      <trkpt lat="34.29632887771683" lon="108.70597275186424">
        <ele>388.6368428366259</ele>
        <time>2026-10-08T11:22:35Z</time>
      </trkpt>
      <trkpt lat="34.29644710287856" lon="108.70593346815147">
        <ele>387.8851751340553</ele>
        <time>2026-10-08T11:22:37Z</time>
      </trkpt>
      <trkpt lat="34.29657390462897" lon="108.70594184090096">
        <ele>388.13918672315776</ele>
        <time>2026-10-08T11:22:39Z</time>
      </trkpt>
      <trkpt lat="34.29670351506636" lon="108.70591990001911">
        <ele>388.21842854097486</ele>
        <time>2026-10-08T11:22:41Z</time>
      </trkpt>
      <trkpt lat="34.296822131586346" lon="108.70585603080272">
        <ele>388.52057816274464</ele>
        <time>2026-10-08T11:22:43Z</time>
      </trkpt>
      <trkpt lat="34.29694460166336" lon="108.70583074587645">
        <ele>387.3167592603713</ele>
        <time>2026-10-08T11:22:45Z</time>
      </trkpt>
      <trkpt lat="34.29718511877124" lon="108.70578111216523">
        <ele>388.1523678796366</ele>
        <time>2026-10-08T11:22:49Z</time>
      </trkpt>
      <trkpt lat="34.29743460341404" lon="108.70577385514949">
        <ele>387.14460976887494</ele>
        <time>2026-10-08T11:22:53Z</time>
      </trkpt>
      <trkpt lat="34.2975491020731" lon="108.70573283467726">
        <ele>387.8825973495841</ele>
        <time>2026-10-08T11:22:55Z</time>
      </trkpt>
      <trkpt lat="34.29766680618469" lon="108.70573542242641">
        <ele>387.3003850094974</ele>
        <time>2026-10-08T11:22:57Z</time>
      </trkpt>
      <trkpt lat="34.297722713416896" lon="108.70567011620099">
        <ele>388.7578893583268</ele>
        <time>2026-10-08T11:22:58Z</time>
      </trkpt>
      <trkpt lat="34.29782131958073" lon="108.70564975738607">
        <ele>387.21073209587485</ele>
        <time>2026-10-08T11:23:00Z</time>
      </trkpt>
      <trkpt lat="34.29826349045326" lon="108.70555851079205">
        <ele>388.4075248744339</ele>
        <time>2026-10-08T11:23:08Z</time>
      </trkpt>
      <trkpt lat="34.29837628508115" lon="108.70553259498647">
        <ele>389.19038258399814</ele>
        <time>2026-10-08T11:23:10Z</time>
      </trkpt>
      <trkpt lat="34.29849523707927" lon="108.70552969525295">
        <ele>389.3431304246187</ele>
        <time>2026-10-08T11:23:14Z</time>
      </trkpt>
      <trkpt lat="34.29903422499307" lon="108.70546761352908">
        <ele>388.9913594936952</ele>
        <time>2026-10-08T11:23:24Z</time>
      </trkpt>
      <trkpt lat="34.29953356820955" lon="108.70531153623189">
        <ele>389.2125327484682</ele>
        <time>2026-10-08T11:23:34Z</time>
      </trkpt>
      <trkpt lat="34.2997613723148" lon="108.70519423938163">
        <ele>388.50209154747427</ele>
        <time>2026-10-08T11:23:40Z</time>
      </trkpt>
      <trkpt lat="34.29986382093559" lon="108.70518790383979">
        <ele>388.22463846951723</ele>
        <time>2026-10-08T11:23:42Z</time>
      </trkpt>
      <trkpt lat="34.30038613593276" lon="108.7050703680272">
        <ele>388.86430910322815</ele>
        <time>2026-10-08T11:23:52Z</time>
      </trkpt>
      <trkpt lat="34.30074826350623" lon="108.70500900728105">
        <ele>387.9945406187326</ele>
        <time>2026-10-08T11:23:58Z</time>
      </trkpt>
      <trkpt lat="34.301093020258584" lon="108.70491642431342">
        <ele>388.3677351074293</ele>
        <time>2026-10-08T11:24:04Z</time>
      </trkpt>
      <trkpt lat="34.301321638647615" lon="108.70479908783136">
        <ele>388.04200660903007</ele>
        <time>2026-10-08T11:24:08Z</time>
      </trkpt>
      <trkpt lat="34.30154819364294" lon="108.70453182220469">
        <ele>387.8348165573552</ele>
        <time>2026-10-08T11:24:14Z</time>
      </trkpt>
      <trkpt lat="34.30166633838347" lon="108.70451200505916">
        <ele>387.6553141893819</ele>
        <time>2026-10-08T11:24:16Z</time>
      </trkpt>
      <trkpt lat="34.301750800406026" lon="108.70443380372137">
        <ele>387.3643527487293</ele>
        <time>2026-10-08T11:24:18Z</time>
      </trkpt>
      <trkpt lat="34.301981439799164" lon="108.70434028179028">
        <ele>387.68285151943564</ele>
        <time>2026-10-08T11:24:22Z</time>
      </trkpt>
      <trkpt lat="34.30242908529621" lon="108.70424235909408">
        <ele>388.53551724459976</ele>
        <time>2026-10-08T11:24:28Z</time>
      </trkpt>
      <trkpt lat="34.302921493864865" lon="108.70415036823925">
        <ele>388.0628271410242</ele>
        <time>2026-10-08T11:24:34Z</time>
      </trkpt>
      <trkpt lat="34.30331545773866" lon="108.70408590237716">
        <ele>388.5026250202209</ele>
        <time>2026-10-08T11:24:39Z</time>
      </trkpt>
      <trkpt lat="34.303397964845885" lon="108.70409341188686">
        <ele>386.94974280614406</ele>
        <time>2026-10-08T11:24:40Z</time>
      </trkpt>
      <trkpt lat="34.30382548445209" lon="108.70399726513507">
        <ele>387.0621920870617</ele>
        <time>2026-10-08T11:24:46Z</time>
      </trkpt>
      <trkpt lat="34.304131350333904" lon="108.70394382030666">
        <ele>387.41705599892884</ele>
        <time>2026-10-08T11:24:50Z</time>
      </trkpt>
      <trkpt lat="34.304413611325444" lon="108.7039905962976">
        <ele>386.8139136508107</ele>
        <time>2026-10-08T11:24:54Z</time>
      </trkpt>
      <trkpt lat="34.304641540406045" lon="108.70415305703887">
        <ele>387.3270178316161</ele>
        <time>2026-10-08T11:24:58Z</time>
      </trkpt>
      <trkpt lat="34.3048680591658" lon="108.70415650871901">
        <ele>386.87074393592775</ele>
        <time>2026-10-08T11:25:02Z</time>
      </trkpt>
      <trkpt lat="34.305354697473526" lon="108.70406871436049">
        <ele>387.67875612434</ele>
        <time>2026-10-08T11:25:10Z</time>
      </trkpt>
      <trkpt lat="34.305474012170336" lon="108.70404706084707">
        <ele>388.0331757059321</ele>
        <time>2026-10-08T11:25:12Z</time>
      </trkpt>
      <trkpt lat="34.30572336444606" lon="108.70400176675166">
        <ele>388.2665306283161</ele>
        <time>2026-10-08T11:25:16Z</time>
      </trkpt>
      <trkpt lat="34.305850268827065" lon="108.70397872318853">
        <ele>388.8044319236651</ele>
        <time>2026-10-08T11:25:18Z</time>
      </trkpt>
      <trkpt lat="34.30598564211517" lon="108.70403792812809">
        <ele>389.12621987145394</ele>
        <time>2026-10-08T11:25:20Z</time>
      </trkpt>
      <trkpt lat="34.306510793981545" lon="108.70394740180309">
        <ele>389.82012632582337</ele>
        <time>2026-10-08T11:25:28Z</time>
      </trkpt>
      <trkpt lat="34.3065893030597" lon="108.70395459837052">
        <ele>389.35559224523604</ele>
        <time>2026-10-08T11:25:29Z</time>
      </trkpt>
      <trkpt lat="34.30704669821388" lon="108.70386080354957">
        <ele>389.94819913432</ele>
        <time>2026-10-08T11:25:36Z</time>
      </trkpt>
      <trkpt lat="34.30727910336185" lon="108.70381928052294">
        <ele>390.0360266044736</ele>
        <time>2026-10-08T11:25:40Z</time>
      </trkpt>
      <trkpt lat="34.30772088705796" lon="108.70372794906795">
        <ele>390.37087826710194</ele>
        <time>2026-10-08T11:25:48Z</time>
      </trkpt>
      <trkpt lat="34.30793765305781" lon="108.70368000735228">
        <ele>389.9746724870056</ele>
        <time>2026-10-08T11:25:52Z</time>
      </trkpt>
      <trkpt lat="34.30801510336996" lon="108.70386625264884">
        <ele>389.9834778988734</ele>
        <time>2026-10-08T11:25:53Z</time>
      </trkpt>
      <trkpt lat="34.30811958204943" lon="108.70384790872974">
        <ele>389.8032393157482</ele>
        <time>2026-10-08T11:25:55Z</time>
      </trkpt>
      <trkpt lat="34.308642739318834" lon="108.70375614293502">
        <ele>388.1769033810124</ele>
        <time>2026-10-08T11:26:04Z</time>
      </trkpt>
      <trkpt lat="34.30907724090706" lon="108.70367964686369">
        <ele>387.08247298002243</ele>
        <time>2026-10-08T11:26:10Z</time>
      </trkpt>
      <trkpt lat="34.3091539209704" lon="108.7036661429729">
        <ele>386.2651587026194</ele>
        <time>2026-10-08T11:26:11Z</time>
      </trkpt>
      <trkpt lat="34.30958226993775" lon="108.70357783652106">
        <ele>385.96794611401856</ele>
        <time>2026-10-08T11:26:16Z</time>
      </trkpt>
      <trkpt lat="34.309940196376864" lon="108.70349938972915">
        <ele>384.7290270095691</ele>
        <time>2026-10-08T11:26:20Z</time>
      </trkpt>
      <trkpt lat="34.31029708314168" lon="108.70342112225637">
        <ele>386.9984460324049</ele>
        <time>2026-10-08T11:26:24Z</time>
      </trkpt>
      <trkpt lat="34.31074127503658" lon="108.70332373440385">
        <ele>387.83631584234536</ele>
        <time>2026-10-08T11:26:29Z</time>
      </trkpt>
      <trkpt lat="34.31123232432629" lon="108.7031824340561">
        <ele>388.88899278547615</ele>
        <time>2026-10-08T11:26:35Z</time>
      </trkpt>
      <trkpt lat="34.311607404040146" lon="108.70306807972823">
        <ele>388.45139816682786</ele>
        <time>2026-10-08T11:26:40Z</time>
      </trkpt>
      <trkpt lat="34.311679447496324" lon="108.7030461094262">
        <ele>389.2261065049097</ele>
        <time>2026-10-08T11:26:41Z</time>
      </trkpt>
      <trkpt lat="34.31214972090434" lon="108.70289997042288">
        <ele>388.7958846800029</ele>
        <time>2026-10-08T11:26:48Z</time>
      </trkpt>
      <trkpt lat="34.31227106579872" lon="108.70286293186675">
        <ele>386.50316304247826</ele>
        <time>2026-10-08T11:26:50Z</time>
      </trkpt>
      <trkpt lat="34.31277429218177" lon="108.70276167446687">
        <ele>389.8097480991855</ele>
        <time>2026-10-08T11:27:05Z</time>
      </trkpt>
      <trkpt lat="34.312961776974134" lon="108.70272637261994">
        <ele>390.0720378635451</ele>
        <time>2026-10-08T11:27:09Z</time>
      </trkpt>
      <trkpt lat="34.313175136259304" lon="108.70275791783973">
        <ele>389.75634816568345</ele>
        <time>2026-10-08T11:27:13Z</time>
      </trkpt>
      <trkpt lat="34.31328799685702" lon="108.70275655343488">
        <ele>389.7133986549452</ele>
        <time>2026-10-08T11:27:15Z</time>
      </trkpt>
      <trkpt lat="34.313715623946976" lon="108.70266573101354">
        <ele>388.5471366075799</ele>
        <time>2026-10-08T11:27:22Z</time>
      </trkpt>
      <trkpt lat="34.31382241740121" lon="108.70265296429734">
        <ele>389.23483065422624</ele>
        <time>2026-10-08T11:27:24Z</time>
      </trkpt>
      <trkpt lat="34.31407871854905" lon="108.70257049275206">
        <ele>389.802271714434</ele>
        <time>2026-10-08T11:27:31Z</time>
      </trkpt>
      <trkpt lat="34.31446321250515" lon="108.70252310717734">
        <ele>389.86619602236897</ele>
        <time>2026-10-08T11:27:38Z</time>
      </trkpt>
      <trkpt lat="34.314658618488714" lon="108.70259340343276">
        <ele>390.43193859420717</ele>
        <time>2026-10-08T11:27:42Z</time>
      </trkpt>
      <trkpt lat="34.314903947924385" lon="108.70257981330555">
        <ele>390.97574606817216</ele>
        <time>2026-10-08T11:27:48Z</time>
      </trkpt>
      <trkpt lat="34.3152560556595" lon="108.70248639595347">
        <ele>389.886397799477</ele>
        <time>2026-10-08T11:27:56Z</time>
      </trkpt>
      <trkpt lat="34.31534725193431" lon="108.70247719683498">
        <ele>389.7573800496757</ele>
        <time>2026-10-08T11:27:58Z</time>
      </trkpt>
      <trkpt lat="34.31552529853659" lon="108.70249861805362">
        <ele>389.35915346071124</ele>
        <time>2026-10-08T11:28:03Z</time>
      </trkpt>
      <trkpt lat="34.3156108587801" lon="108.70247059942464">
        <ele>389.28538850229234</ele>
        <time>2026-10-08T11:28:05Z</time>
      </trkpt>
      <trkpt lat="34.31568837210723" lon="108.702396404062">
        <ele>389.1635458599776</ele>
        <time>2026-10-08T11:28:07Z</time>
      </trkpt>
      <trkpt lat="34.31581439601443" lon="108.70232158840578">
        <ele>389.72354640904814</ele>
        <time>2026-10-08T11:28:10Z</time>
      </trkpt>
      <trkpt lat="34.316004591061265" lon="108.70227892740779">
        <ele>390.75669827125967</ele>
        <time>2026-10-08T11:28:14Z</time>
      </trkpt>
      <trkpt lat="34.31638038421235" lon="108.70224858178429">
        <ele>390.3900919435546</ele>
        <time>2026-10-08T11:28:22Z</time>
      </trkpt>
      <trkpt lat="34.31666490735437" lon="108.70220154960222">
        <ele>390.4943870306015</ele>
        <time>2026-10-08T11:28:28Z</time>
      </trkpt>
      <trkpt lat="34.316800978684235" lon="108.7020988314914">
        <ele>390.62085450440645</ele>
        <time>2026-10-08T11:28:35Z</time>
      </trkpt>
      <trkpt lat="34.31699316387569" lon="108.70205911456813">
        <ele>391.1677827266976</ele>
        <time>2026-10-08T11:28:38Z</time>
      </trkpt>
      <trkpt lat="34.31743223770099" lon="108.70204263735052">
        <ele>391.574295097962</ele>
        <time>2026-10-08T11:28:44Z</time>
      </trkpt>
      <trkpt lat="34.31765881974928" lon="108.70201684848267">
        <ele>391.5779647035524</ele>
        <time>2026-10-08T11:28:48Z</time>
      </trkpt>
      <trkpt lat="34.31778963599521" lon="108.7019739198869">
        <ele>391.1127486648038</ele>
        <time>2026-10-08T11:28:50Z</time>
      </trkpt>
      <trkpt lat="34.31831546270937" lon="108.70192352732533">
        <ele>390.88916224986315</ele>
        <time>2026-10-08T11:29:00Z</time>
      </trkpt>
      <trkpt lat="34.31877155148584" lon="108.70186178790466">
        <ele>390.96250134613365</ele>
        <time>2026-10-08T11:29:10Z</time>
      </trkpt>
      <trkpt lat="34.31916451809992" lon="108.70178214928065">
        <ele>391.18821921758354</ele>
        <time>2026-10-08T11:29:18Z</time>
      </trkpt>
      <trkpt lat="34.319546137462936" lon="108.70168156141366">
        <ele>388.98563545942307</ele>
        <time>2026-10-08T11:29:26Z</time>
      </trkpt>
      <trkpt lat="34.319625377444105" lon="108.70167816299396">
        <ele>389.1481790356338</ele>
        <time>2026-10-08T11:29:28Z</time>
      </trkpt>
      <trkpt lat="34.31971473963109" lon="108.7016392822628">
        <ele>389.44278768543154</ele>
        <time>2026-10-08T11:29:31Z</time>
      </trkpt>
      <trkpt lat="34.320205957355725" lon="108.7015513312737">
        <ele>389.1231089020148</ele>
        <time>2026-10-08T11:29:44Z</time>
      </trkpt>
      <trkpt lat="34.32067883155085" lon="108.7014940120885">
        <ele>387.5925027653575</ele>
        <time>2026-10-08T11:29:58Z</time>
      </trkpt>
      <trkpt lat="34.321126722108175" lon="108.70143265527038">
        <ele>385.21278132591397</ele>
        <time>2026-10-08T11:30:09Z</time>
      </trkpt>
      <trkpt lat="34.321611581536644" lon="108.70135925605163">
        <ele>384.33387569431216</ele>
        <time>2026-10-08T11:30:19Z</time>
      </trkpt>
      <trkpt lat="34.32215107259296" lon="108.70128429327833">
        <ele>382.9678858034313</ele>
        <time>2026-10-08T11:30:29Z</time>
      </trkpt>
      <trkpt lat="34.322595824004665" lon="108.70121497495722">
        <ele>383.18695042282343</ele>
        <time>2026-10-08T11:30:37Z</time>
      </trkpt>
      <trkpt lat="34.323083892571425" lon="108.70114660222656">
        <ele>383.7398597765714</ele>
        <time>2026-10-08T11:30:47Z</time>
      </trkpt>
      <trkpt lat="34.32352926892899" lon="108.70108175183911">
        <ele>383.7440153742209</ele>
        <time>2026-10-08T11:30:58Z</time>
      </trkpt>
      <trkpt lat="34.32383416174492" lon="108.70104265953954">
        <ele>383.72205096203834</ele>
        <time>2026-10-08T11:31:04Z</time>
      </trkpt>
      <trkpt lat="34.32392936892965" lon="108.7009964418096">
        <ele>382.8955942373723</ele>
        <time>2026-10-08T11:31:06Z</time>
      </trkpt>
      <trkpt lat="34.324118836749996" lon="108.70096807864364">
        <ele>384.1097802510485</ele>
        <time>2026-10-08T11:31:10Z</time>
      </trkpt>
      <trkpt lat="34.32462967844563" lon="108.70091100648506">
        <ele>386.5188075546175</ele>
        <time>2026-10-08T11:31:20Z</time>
      </trkpt>
      <trkpt lat="34.32508763650054" lon="108.70084012420548">
        <ele>384.50158850848675</ele>
        <time>2026-10-08T11:31:32Z</time>
      </trkpt>
      <trkpt lat="34.32517127290262" lon="108.70086248614342">
        <ele>384.1423820629716</ele>
        <time>2026-10-08T11:31:36Z</time>
      </trkpt>
      <trkpt lat="34.325654463276535" lon="108.70076152806571">
        <ele>386.02948687411845</ele>
        <time>2026-10-08T11:31:45Z</time>
      </trkpt>
      <trkpt lat="34.32616974164377" lon="108.70066743033833">
        <ele>389.6657810732722</ele>
        <time>2026-10-08T11:31:53Z</time>
      </trkpt>
      <trkpt lat="34.326559201816664" lon="108.70059732526663">
        <ele>390.68743447214365</ele>
        <time>2026-10-08T11:31:59Z</time>
      </trkpt>
      <trkpt lat="34.326822224939725" lon="108.70058552347356">
        <ele>391.27662317454815</ele>
        <time>2026-10-08T11:32:03Z</time>
      </trkpt>
      <trkpt lat="34.3272645498648" lon="108.70049433597255">
        <ele>391.3088068701327</ele>
        <time>2026-10-08T11:32:10Z</time>
      </trkpt>
      <trkpt lat="34.32785110505978" lon="108.70041122991711">
        <ele>392.0844081742689</ele>
        <time>2026-10-08T11:32:19Z</time>
      </trkpt>
      <trkpt lat="34.328203470368116" lon="108.70035400607124">
        <ele>392.1408619014546</ele>
        <time>2026-10-08T11:32:24Z</time>
      </trkpt>
      <trkpt lat="34.32868220087639" lon="108.70024521099029">
        <ele>392.6469389311969</ele>
        <time>2026-10-08T11:32:32Z</time>
      </trkpt>
      <trkpt lat="34.32916968855404" lon="108.70015699398081">
        <ele>392.38297407515347</ele>
        <time>2026-10-08T11:32:40Z</time>
      </trkpt>
      <trkpt lat="34.3296329745925" lon="108.70011032800934">
        <ele>392.1277365796268</ele>
        <time>2026-10-08T11:32:48Z</time>
      </trkpt>
      <trkpt lat="34.329885750656516" lon="108.70009573892592">
        <ele>391.9812906747684</ele>
        <time>2026-10-08T11:33:07Z</time>
      </trkpt>
      <trkpt lat="34.32999130123009" lon="108.7000699973221">
        <ele>392.1397265139967</ele>
        <time>2026-10-08T11:34:05Z</time>
      </trkpt>
      <trkpt lat="34.3304513967462" lon="108.70007274348694">
        <ele>392.6150750713423</ele>
        <time>2026-10-08T11:34:13Z</time>
      </trkpt>
      <trkpt lat="34.33070857726611" lon="108.7000161630537">
        <ele>391.9106720732525</ele>
        <time>2026-10-08T11:34:17Z</time>
      </trkpt>
      <trkpt lat="34.33097896972768" lon="108.69999125419002">
        <ele>390.076469225809</ele>
        <time>2026-10-08T11:34:21Z</time>
      </trkpt>
      <trkpt lat="34.33137336402201" lon="108.69990100519792">
        <ele>392.0711768986657</ele>
        <time>2026-10-08T11:34:28Z</time>
      </trkpt>
      <trkpt lat="34.33151341198962" lon="108.69988760479632">
        <ele>391.9175275089219</ele>
        <time>2026-10-08T11:34:30Z</time>
      </trkpt>
      <trkpt lat="34.33162831269961" lon="108.69984849252549">
        <ele>392.64209313225</ele>
        <time>2026-10-08T11:34:32Z</time>
      </trkpt>
      <trkpt lat="34.33183142220259" lon="108.69984645206468">
        <ele>392.7916058935225</ele>
        <time>2026-10-08T11:34:35Z</time>
      </trkpt>
      <trkpt lat="34.33218110030751" lon="108.69980765773855">
        <ele>392.99094324186444</ele>
        <time>2026-10-08T11:34:41Z</time>
      </trkpt>
      <trkpt lat="34.33264005369485" lon="108.69971877168027">
        <ele>392.42292133625597</ele>
        <time>2026-10-08T11:34:51Z</time>
      </trkpt>
      <trkpt lat="34.33297998849962" lon="108.69968314177947">
        <ele>393.38322543539107</ele>
        <time>2026-10-08T11:34:57Z</time>
      </trkpt>
      <trkpt lat="34.333090315962224" lon="108.69965693442035">
        <ele>392.34567912481725</ele>
        <time>2026-10-08T11:34:59Z</time>
      </trkpt>
      <trkpt lat="34.333203076051404" lon="108.6995944130508">
        <ele>392.31305825710297</ele>
        <time>2026-10-08T11:35:01Z</time>
      </trkpt>
      <trkpt lat="34.33372184854652" lon="108.6995221556007">
        <ele>392.41653923597187</ele>
        <time>2026-10-08T11:35:11Z</time>
      </trkpt>
      <trkpt lat="34.33416052669817" lon="108.69945190164441">
        <ele>394.5445765359327</ele>
        <time>2026-10-08T11:35:21Z</time>
      </trkpt>
      <trkpt lat="34.334537116390806" lon="108.69939620354394">
        <ele>393.9284184575081</ele>
        <time>2026-10-08T11:35:29Z</time>
      </trkpt>
      <trkpt lat="34.334635774687605" lon="108.69944590007965">
        <ele>394.8595551652834</ele>
        <time>2026-10-08T11:35:31Z</time>
      </trkpt>
      <trkpt lat="34.3347358672102" lon="108.699425137142">
        <ele>394.89822029788047</ele>
        <time>2026-10-08T11:35:33Z</time>
      </trkpt>
      <trkpt lat="34.334783452096175" lon="108.69935729731179">
        <ele>395.4015510901809</ele>
        <time>2026-10-08T11:35:34Z</time>
      </trkpt>
      <trkpt lat="34.334870127869294" lon="108.69934354332999">
        <ele>395.79541291762143</ele>
        <time>2026-10-08T11:35:36Z</time>
      </trkpt>
      <trkpt lat="34.33494347145662" lon="108.69937784996299">
        <ele>395.0443689925596</ele>
        <time>2026-10-08T11:35:38Z</time>
      </trkpt>
      <trkpt lat="34.33531007966695" lon="108.69934955434653">
        <ele>395.4692934360355</ele>
        <time>2026-10-08T11:35:49Z</time>
      </trkpt>
      <trkpt lat="34.33542656089168" lon="108.69932174988712">
        <ele>395.28980994969606</ele>
        <time>2026-10-08T11:35:51Z</time>
      </trkpt>
      <trkpt lat="34.33553256951081" lon="108.69923137160114">
        <ele>394.56103682983667</ele>
        <time>2026-10-08T11:35:53Z</time>
      </trkpt>
      <trkpt lat="34.33598506584768" lon="108.69915785588739">
        <ele>392.87101824302226</ele>
        <time>2026-10-08T11:36:03Z</time>
      </trkpt>
      <trkpt lat="34.336070312998814" lon="108.69920828218756">
        <ele>392.86509880796075</ele>
        <time>2026-10-08T11:36:05Z</time>
      </trkpt>
      <trkpt lat="34.336421486973556" lon="108.69920023624064">
        <ele>392.2037638342008</ele>
        <time>2026-10-08T11:36:13Z</time>
      </trkpt>
      <trkpt lat="34.3365751409644" lon="108.69916933426302">
        <ele>391.63680964149535</ele>
        <time>2026-10-08T11:36:17Z</time>
      </trkpt>
      <trkpt lat="34.33666076182165" lon="108.69917210469191">
        <ele>391.6276061087847</ele>
        <time>2026-10-08T11:36:44Z</time>
      </trkpt>
      <trkpt lat="34.33681770607834" lon="108.69915153874908">
        <ele>391.67885069642216</ele>
        <time>2026-10-08T11:36:49Z</time>
      </trkpt>
      <trkpt lat="34.33692169706558" lon="108.69911887672207">
        <ele>391.39601497445256</ele>
        <time>2026-10-08T11:36:52Z</time>
      </trkpt>
      <trkpt lat="34.33699789038864" lon="108.69912037809794">
        <ele>391.14193595480174</ele>
        <time>2026-10-08T11:36:54Z</time>
      </trkpt>
      <trkpt lat="34.33716203666262" lon="108.6990258067959">
        <ele>390.6959658693522</ele>
        <time>2026-10-08T11:36:59Z</time>
      </trkpt>
      <trkpt lat="34.337324344893176" lon="108.69899037161443">
        <ele>390.3931608116254</ele>
        <time>2026-10-08T11:37:03Z</time>
      </trkpt>
      <trkpt lat="34.33775852426864" lon="108.69895304690928">
        <ele>390.5426518106833</ele>
        <time>2026-10-08T11:37:16Z</time>
      </trkpt>
      <trkpt lat="34.338018205657846" lon="108.69892374652103">
        <ele>391.03842168021947</ele>
        <time>2026-10-08T11:37:26Z</time>
      </trkpt>
      <trkpt lat="34.33809089501986" lon="108.6989461913954">
        <ele>391.10132879111916</ele>
        <time>2026-10-08T11:37:28Z</time>
      </trkpt>
      <trkpt lat="34.33818133106416" lon="108.69891447035343">
        <ele>391.23785472940654</ele>
        <time>2026-10-08T11:37:31Z</time>
      </trkpt>
      <trkpt lat="34.33847706191861" lon="108.69888717326893">
        <ele>390.780580425635</ele>
        <time>2026-10-08T11:37:39Z</time>
      </trkpt>
      <trkpt lat="34.33866017048435" lon="108.69882128823741">
        <ele>391.3993805758655</ele>
        <time>2026-10-08T11:37:46Z</time>
      </trkpt>
      <trkpt lat="34.3391126300621" lon="108.69877132685171">
        <ele>392.6028084522113</ele>
        <time>2026-10-08T11:37:56Z</time>
      </trkpt>
      <trkpt lat="34.33926478227596" lon="108.69875125428501">
        <ele>393.3458505263552</ele>
        <time>2026-10-08T11:38:00Z</time>
      </trkpt>
      <trkpt lat="34.339537081448455" lon="108.6986645257226">
        <ele>393.03166965022683</ele>
        <time>2026-10-08T11:38:15Z</time>
      </trkpt>
      <trkpt lat="34.33962458663463" lon="108.6986199766068">
        <ele>393.0919955242425</ele>
        <time>2026-10-08T11:38:19Z</time>
      </trkpt>
      <trkpt lat="34.3397748381242" lon="108.69862356430728">
        <ele>393.1474740495905</ele>
        <time>2026-10-08T11:38:24Z</time>
      </trkpt>
      <trkpt lat="34.340093541112964" lon="108.69856257052112">
        <ele>393.3184640435502</ele>
        <time>2026-10-08T11:38:31Z</time>
      </trkpt>
      <trkpt lat="34.34025979280193" lon="108.69857771346938">
        <ele>392.8275998001918</ele>
        <time>2026-10-08T11:38:34Z</time>
      </trkpt>
      <trkpt lat="34.34055423082481" lon="108.69849572926124">
        <ele>393.1818100763485</ele>
        <time>2026-10-08T11:38:43Z</time>
      </trkpt>
      <trkpt lat="34.34060777671727" lon="108.69841101996948">
        <ele>393.47891277540475</ele>
        <time>2026-10-08T11:39:07Z</time>
      </trkpt>
      <trkpt lat="34.340540846649816" lon="108.69848683020211">
        <ele>393.46923705469817</ele>
        <time>2026-10-08T11:40:35Z</time>
      </trkpt>
      <trkpt lat="34.34047022839388" lon="108.6985326828918">
        <ele>393.78619959950447</ele>
        <time>2026-10-08T11:40:38Z</time>
      </trkpt>
      <trkpt lat="34.34039309494475" lon="108.69855154000356">
        <ele>393.13971248455346</ele>
        <time>2026-10-08T11:40:41Z</time>
      </trkpt>
      <trkpt lat="34.340234295217066" lon="108.69863190057357">
        <ele>393.64930127188563</ele>
        <time>2026-10-08T11:40:47Z</time>
      </trkpt>
      <trkpt lat="34.34004435060631" lon="108.69865735050324">
        <ele>393.570192954503</ele>
        <time>2026-10-08T11:40:54Z</time>
      </trkpt>
      <trkpt lat="34.33996752210447" lon="108.69869434890592">
        <ele>393.76840892620385</ele>
        <time>2026-10-08T11:40:57Z</time>
      </trkpt>
      <trkpt lat="34.33958767618493" lon="108.69871523046943">
        <ele>392.84619381837547</ele>
        <time>2026-10-08T11:41:11Z</time>
      </trkpt>
      <trkpt lat="34.33943814892155" lon="108.69876134233043">
        <ele>393.9272487582639</ele>
        <time>2026-10-08T11:41:20Z</time>
      </trkpt>
      <trkpt lat="34.33936195080978" lon="108.69881204994743">
        <ele>393.81433659698814</ele>
        <time>2026-10-08T11:41:57Z</time>
      </trkpt>
      <trkpt lat="34.33927441884064" lon="108.69880309936102">
        <ele>393.70022059511393</ele>
        <time>2026-10-08T11:42:00Z</time>
      </trkpt>
      <trkpt lat="34.33911531738307" lon="108.6988349712333">
        <ele>393.68766706064343</ele>
        <time>2026-10-08T11:42:04Z</time>
      </trkpt>
      <trkpt lat="34.3390331298637" lon="108.69883100382464">
        <ele>393.3271661074832</ele>
        <time>2026-10-08T11:42:07Z</time>
      </trkpt>
      <trkpt lat="34.33896192760138" lon="108.69885347856399">
        <ele>393.4069689977914</ele>
        <time>2026-10-08T11:42:09Z</time>
      </trkpt>
      <trkpt lat="34.33889227886943" lon="108.69890882664778">
        <ele>393.8231199318543</ele>
        <time>2026-10-08T11:42:11Z</time>
      </trkpt>
      <trkpt lat="34.338705634954934" lon="108.69889719617858">
        <ele>393.4645907012746</ele>
        <time>2026-10-08T11:42:16Z</time>
      </trkpt>
      <trkpt lat="34.3385977939793" lon="108.6989093952349">
        <ele>393.40257921256125</ele>
        <time>2026-10-08T11:42:19Z</time>
      </trkpt>
      <trkpt lat="34.33852630182256" lon="108.6989414234579">
        <ele>392.8037756839767</ele>
        <time>2026-10-08T11:42:21Z</time>
      </trkpt>
      <trkpt lat="34.33825158881242" lon="108.69893030509083">
        <ele>392.18673968315125</ele>
        <time>2026-10-08T11:42:29Z</time>
      </trkpt>
      <trkpt lat="34.33814824996459" lon="108.6988914421799">
        <ele>391.669574749656</ele>
        <time>2026-10-08T11:42:32Z</time>
      </trkpt>
      <trkpt lat="34.33798509716261" lon="108.69893047478884">
        <ele>391.58430822752416</ele>
        <time>2026-10-08T11:42:36Z</time>
      </trkpt>
      <trkpt lat="34.33790333156108" lon="108.69896812997003">
        <ele>391.02272891253233</ele>
        <time>2026-10-08T11:42:38Z</time>
      </trkpt>
      <trkpt lat="34.337553884640734" lon="108.69903399789523">
        <ele>389.8466876046732</ele>
        <time>2026-10-08T11:42:47Z</time>
      </trkpt>
      <trkpt lat="34.337224801782696" lon="108.69905950696972">
        <ele>390.21552332211286</ele>
        <time>2026-10-08T11:42:59Z</time>
      </trkpt>
      <trkpt lat="34.3371622199846" lon="108.69911232396599">
        <ele>390.6488571409136</ele>
        <time>2026-10-08T11:43:03Z</time>
      </trkpt>
      <trkpt lat="34.337238003796365" lon="108.69928014979628">
        <ele>390.2256635213271</ele>
        <time>2026-10-08T11:43:27Z</time>
      </trkpt>
      <trkpt lat="34.33729477477196" lon="108.6993586177557">
        <ele>390.4255032008514</ele>
        <time>2026-10-08T11:43:31Z</time>
      </trkpt>
      <trkpt lat="34.33729973359761" lon="108.69945143993505">
        <ele>390.19629685394466</ele>
        <time>2026-10-08T11:43:34Z</time>
      </trkpt>
      <trkpt lat="34.33725436352591" lon="108.69954122215891">
        <ele>390.43883756082505</ele>
        <time>2026-10-08T11:43:37Z</time>
      </trkpt>
      <trkpt lat="34.337178535902034" lon="108.6995469111176">
        <ele>390.22853917535394</ele>
        <time>2026-10-08T11:43:40Z</time>
      </trkpt>
      <trkpt lat="34.33719995270676" lon="108.69964489248713">
        <ele>389.66950376704335</ele>
        <time>2026-10-08T11:43:54Z</time>
      </trkpt>
      <trkpt lat="34.337198486946804" lon="108.69985021920905">
        <ele>389.7133590960875</ele>
        <time>2026-10-08T11:44:00Z</time>
      </trkpt>
      <trkpt lat="34.337261049213915" lon="108.70047451798222">
        <ele>389.4779173117131</ele>
        <time>2026-10-08T11:44:43Z</time>
      </trkpt>
      <trkpt lat="34.33726090792199" lon="108.70061388967922">
        <ele>389.9857732541859</ele>
        <time>2026-10-08T11:44:46Z</time>
      </trkpt>
      <trkpt lat="34.33730237762749" lon="108.7008451556508">
        <ele>389.9631745768711</ele>
        <time>2026-10-08T11:44:52Z</time>
      </trkpt>
      <trkpt lat="34.33731020102377" lon="108.70097119072742">
        <ele>389.8694084761664</ele>
        <time>2026-10-08T11:44:55Z</time>
      </trkpt>
      <trkpt lat="34.33734798229002" lon="108.70128529443699">
        <ele>389.9928077030927</ele>
        <time>2026-10-08T11:45:03Z</time>
      </trkpt>
      <trkpt lat="34.33735995581444" lon="108.7018529086127">
        <ele>391.59569058939815</ele>
        <time>2026-10-08T11:45:25Z</time>
      </trkpt>
      <trkpt lat="34.337336140507624" lon="108.70238861173662">
        <ele>392.39116344600916</ele>
        <time>2026-10-08T11:45:39Z</time>
      </trkpt>
      <trkpt lat="34.33730259440232" lon="108.70258056455752">
        <ele>392.60774667933583</ele>
        <time>2026-10-08T11:45:43Z</time>
      </trkpt>
      <trkpt lat="34.33730371726212" lon="108.70268579101499">
        <ele>392.69860233273357</ele>
        <time>2026-10-08T11:45:46Z</time>
      </trkpt>
      <trkpt lat="34.3373694770828" lon="108.70275740232819">
        <ele>392.71145166363567</ele>
        <time>2026-10-08T11:45:49Z</time>
      </trkpt>
      <trkpt lat="34.3374090369298" lon="108.70285042758165">
        <ele>392.47916060406715</ele>
        <time>2026-10-08T11:45:57Z</time>
      </trkpt>
      <trkpt lat="34.33742207300496" lon="108.70304542019691">
        <ele>392.34740480035543</ele>
        <time>2026-10-08T11:46:02Z</time>
      </trkpt>
      <trkpt lat="34.33748584860961" lon="108.70335831492744">
        <ele>392.5039925891906</ele>
        <time>2026-10-08T11:46:11Z</time>
      </trkpt>
      <trkpt lat="34.337427799140016" lon="108.70341976744331">
        <ele>392.5287079438567</ele>
        <time>2026-10-08T11:46:25Z</time>
      </trkpt>
      <trkpt lat="34.33744017898174" lon="108.70353504605349">
        <ele>392.8299366366118</ele>
        <time>2026-10-08T11:47:30Z</time>
      </trkpt>
      <trkpt lat="34.33750501446592" lon="108.70358327442723">
        <ele>392.64784870669246</ele>
        <time>2026-10-08T11:47:32Z</time>
      </trkpt>
      <trkpt lat="34.3375135173409" lon="108.70368259500282">
        <ele>392.29914343263954</ele>
        <time>2026-10-08T11:47:36Z</time>
      </trkpt>
      <trkpt lat="34.33747208545545" lon="108.70388274773269">
        <ele>392.3200997505337</ele>
        <time>2026-10-08T11:47:44Z</time>
      </trkpt>
      <trkpt lat="34.337540897157794" lon="108.70409676850592">
        <ele>392.1738488152623</ele>
        <time>2026-10-08T11:47:51Z</time>
      </trkpt>
      <trkpt lat="34.337563790992064" lon="108.70431177251652">
        <ele>392.1344889961183</ele>
        <time>2026-10-08T11:47:57Z</time>
      </trkpt>
      <trkpt lat="34.33749308274244" lon="108.70434852144275">
        <ele>391.9614737862721</ele>
        <time>2026-10-08T11:48:02Z</time>
      </trkpt>
      <trkpt lat="34.33751312337862" lon="108.70426148351525">
        <ele>392.4136722860858</ele>
        <time>2026-10-08T11:48:14Z</time>
      </trkpt>
      <trkpt lat="34.337419058940064" lon="108.70423362783902">
        <ele>392.54477836657315</ele>
        <time>2026-10-08T11:49:31Z</time>
      </trkpt>
      <trkpt lat="34.337283548957565" lon="108.70434950447805">
        <ele>392.02095549646765</ele>
        <time>2026-10-08T11:49:36Z</time>
      </trkpt>
      <trkpt lat="34.33728203298145" lon="108.70456832260153">
        <ele>392.2382502174005</ele>
        <time>2026-10-08T11:50:01Z</time>
      </trkpt>
      <trkpt lat="34.337310370827396" lon="108.7048199713808">
        <ele>392.5297954203561</ele>
        <time>2026-10-08T11:50:05Z</time>
      </trkpt>
      <trkpt lat="34.337372984730536" lon="108.70511090435708">
        <ele>393.28602911438793</ele>
        <time>2026-10-08T11:50:08Z</time>
      </trkpt>
      <trkpt lat="34.3374214948771" lon="108.70562838645249">
        <ele>391.4089419087395</ele>
        <time>2026-10-08T11:50:13Z</time>
      </trkpt>
      <trkpt lat="34.3374518796143" lon="108.70621487080057">
        <ele>390.3459443030879</ele>
        <time>2026-10-08T11:50:18Z</time>
      </trkpt>
      <trkpt lat="34.33749125136024" lon="108.70664585042589">
        <ele>390.55478319805115</ele>
        <time>2026-10-08T11:50:22Z</time>
      </trkpt>
      <trkpt lat="34.337530142675135" lon="108.70674285639076">
        <ele>389.2230534758419</ele>
        <time>2026-10-08T11:50:23Z</time>
      </trkpt>
      <trkpt lat="34.33754577492356" lon="108.70694460541401">
        <ele>390.04137175995857</ele>
        <time>2026-10-08T11:50:25Z</time>
      </trkpt>
      <trkpt lat="34.33758839233152" lon="108.70747367227318">
        <ele>389.38820041157305</ele>
        <time>2026-10-08T11:50:30Z</time>
      </trkpt>
      <trkpt lat="34.33762401916115" lon="108.70790495456328">
        <ele>389.83941579516977</ele>
        <time>2026-10-08T11:50:34Z</time>
      </trkpt>
      <trkpt lat="34.337606381876874" lon="108.7080151702971">
        <ele>390.39127772208303</ele>
        <time>2026-10-08T11:50:35Z</time>
      </trkpt>
      <trkpt lat="34.337628842147275" lon="108.70858879946442">
        <ele>390.02534241601825</ele>
        <time>2026-10-08T11:50:41Z</time>
      </trkpt>
      <trkpt lat="34.337686144477615" lon="108.70866350378375">
        <ele>390.3199727004394</ele>
        <time>2026-10-08T11:50:42Z</time>
      </trkpt>
      <trkpt lat="34.337698274719706" lon="108.70881277116331">
        <ele>389.19931139890105</ele>
        <time>2026-10-08T11:50:44Z</time>
      </trkpt>
      <trkpt lat="34.33772575682527" lon="108.70914306943081">
        <ele>389.3003971995786</ele>
        <time>2026-10-08T11:50:50Z</time>
      </trkpt>
      <trkpt lat="34.337664025686045" lon="108.70921104187245">
        <ele>389.30387835763395</ele>
        <time>2026-10-08T11:50:51Z</time>
      </trkpt>
      <trkpt lat="34.33773615314171" lon="108.70926621741161">
        <ele>389.71813645679504</ele>
        <time>2026-10-08T11:50:52Z</time>
      </trkpt>
      <trkpt lat="34.33777843945259" lon="108.70978650620263">
        <ele>389.329489200376</ele>
        <time>2026-10-08T11:51:00Z</time>
      </trkpt>
      <trkpt lat="34.33779777368429" lon="108.71002250690329">
        <ele>388.86539531406015</ele>
        <time>2026-10-08T11:51:04Z</time>
      </trkpt>
      <trkpt lat="34.33780585188442" lon="108.71012100196769">
        <ele>388.6989284446463</ele>
        <time>2026-10-08T11:51:08Z</time>
      </trkpt>
      <trkpt lat="34.337849060520185" lon="108.71071185765241">
        <ele>389.6230864506215</ele>
        <time>2026-10-08T11:51:23Z</time>
      </trkpt>
      <trkpt lat="34.33785943440581" lon="108.71083972507523">
        <ele>389.052974274382</ele>
        <time>2026-10-08T11:51:25Z</time>
      </trkpt>
      <trkpt lat="34.33790757913284" lon="108.71144802640029">
        <ele>390.0088052758947</ele>
        <time>2026-10-08T11:51:35Z</time>
      </trkpt>
      <trkpt lat="34.33795805381774" lon="108.71198983544905">
        <ele>390.5592274470255</ele>
        <time>2026-10-08T11:51:43Z</time>
      </trkpt>
      <trkpt lat="34.33800181704549" lon="108.71255653821747">
        <ele>390.4329301575199</ele>
        <time>2026-10-08T11:51:51Z</time>
      </trkpt>
      <trkpt lat="34.33802084503294" lon="108.7128116133217">
        <ele>390.4635642664507</ele>
        <time>2026-10-08T11:51:55Z</time>
      </trkpt>
      <trkpt lat="34.33804117575973" lon="108.71308404694201">
        <ele>390.79503650125116</ele>
        <time>2026-10-08T11:51:59Z</time>
      </trkpt>
      <trkpt lat="34.338076796643776" lon="108.71347888741272">
        <ele>390.52147985063493</ele>
        <time>2026-10-08T11:52:05Z</time>
      </trkpt>
      <trkpt lat="34.3380232109176" lon="108.71356091547337">
        <ele>390.54276000894606</ele>
        <time>2026-10-08T11:52:06Z</time>
      </trkpt>
      <trkpt lat="34.338048808134424" lon="108.7136451177005">
        <ele>390.71489606052637</ele>
        <time>2026-10-08T11:52:07Z</time>
      </trkpt>
      <trkpt lat="34.33806414910292" lon="108.71406079382425">
        <ele>390.3682441189885</ele>
        <time>2026-10-08T11:52:13Z</time>
      </trkpt>
      <trkpt lat="34.33809473485753" lon="108.71419126952664">
        <ele>390.8221063967794</ele>
        <time>2026-10-08T11:52:15Z</time>
      </trkpt>
      <trkpt lat="34.33810943698733" lon="108.7146213239765">
        <ele>390.25423077121377</ele>
        <time>2026-10-08T11:52:26Z</time>
      </trkpt>
      <trkpt lat="34.33814994075628" lon="108.71486162400838">
        <ele>390.3970726840198</ele>
        <time>2026-10-08T11:52:30Z</time>
      </trkpt>
      <trkpt lat="34.33820464624579" lon="108.71498657155378">
        <ele>390.79557517543435</ele>
        <time>2026-10-08T11:52:32Z</time>
      </trkpt>
      <trkpt lat="34.33825014887174" lon="108.71556761666935">
        <ele>391.6076148226857</ele>
        <time>2026-10-08T11:52:39Z</time>
      </trkpt>
      <trkpt lat="34.33830708970867" lon="108.71620148181853">
        <ele>390.9147537946701</ele>
        <time>2026-10-08T11:52:47Z</time>
      </trkpt>
      <trkpt lat="34.33837579173187" lon="108.71686119805177">
        <ele>391.266552651301</ele>
        <time>2026-10-08T11:52:55Z</time>
      </trkpt>
      <trkpt lat="34.338398630122555" lon="108.71702759524405">
        <ele>391.60675931721926</ele>
        <time>2026-10-08T11:52:57Z</time>
      </trkpt>
      <trkpt lat="34.33835066084552" lon="108.71720428889769">
        <ele>391.23702990915626</ele>
        <time>2026-10-08T11:52:59Z</time>
      </trkpt>
      <trkpt lat="34.338371882771554" lon="108.71736381503621">
        <ele>390.8540540225804</ele>
        <time>2026-10-08T11:53:01Z</time>
      </trkpt>
      <trkpt lat="34.33845284886229" lon="108.71743338835965">
        <ele>390.23088558390737</ele>
        <time>2026-10-08T11:53:02Z</time>
      </trkpt>
      <trkpt lat="34.33847604749037" lon="108.71760690410812">
        <ele>390.5439792778343</ele>
        <time>2026-10-08T11:53:04Z</time>
      </trkpt>
      <trkpt lat="34.33841821662184" lon="108.71770866448955">
        <ele>390.4480504821986</ele>
        <time>2026-10-08T11:53:05Z</time>
      </trkpt>
      <trkpt lat="34.338451265434166" lon="108.71811984925135">
        <ele>389.9309492111206</ele>
        <time>2026-10-08T11:53:10Z</time>
      </trkpt>
      <trkpt lat="34.338491581052025" lon="108.71819539662175">
        <ele>389.35143077373505</ele>
        <time>2026-10-08T11:53:11Z</time>
      </trkpt>
      <trkpt lat="34.33850694555236" lon="108.71834554601435">
        <ele>389.69009827263653</ele>
        <time>2026-10-08T11:53:13Z</time>
      </trkpt>
      <trkpt lat="34.33860085193903" lon="108.71840643901467">
        <ele>389.7285396642983</ele>
        <time>2026-10-08T11:53:14Z</time>
      </trkpt>
      <trkpt lat="34.338710530276174" lon="108.7190598969592">
        <ele>390.0025551151484</ele>
        <time>2026-10-08T11:53:22Z</time>
      </trkpt>
      <trkpt lat="34.338736485842446" lon="108.71920880118375">
        <ele>389.49454479198903</ele>
        <time>2026-10-08T11:53:24Z</time>
      </trkpt>
      <trkpt lat="34.33879740150827" lon="108.71955829435501">
        <ele>389.5268480870873</ele>
        <time>2026-10-08T11:53:28Z</time>
      </trkpt>
      <trkpt lat="34.338849489162406" lon="108.7198571158387">
        <ele>389.8542642854154</ele>
        <time>2026-10-08T11:53:32Z</time>
      </trkpt>
      <trkpt lat="34.3387950495855" lon="108.71994761975628">
        <ele>389.26184899918735</ele>
        <time>2026-10-08T11:53:33Z</time>
      </trkpt>
      <trkpt lat="34.33890660674041" lon="108.72059020326012">
        <ele>389.81435427442193</ele>
        <time>2026-10-08T11:53:41Z</time>
      </trkpt>
      <trkpt lat="34.339007765996094" lon="108.72118073537307">
        <ele>389.83844964951277</ele>
        <time>2026-10-08T11:53:48Z</time>
      </trkpt>
      <trkpt lat="34.339030639240924" lon="108.72126333642362">
        <ele>389.7390397051349</ele>
        <time>2026-10-08T11:53:49Z</time>
      </trkpt>
      <trkpt lat="34.3390236845255" lon="108.72135301814126">
        <ele>390.6935323132202</ele>
        <time>2026-10-08T11:53:50Z</time>
      </trkpt>
      <trkpt lat="34.33912216923574" lon="108.72149361486805">
        <ele>390.0328612877056</ele>
        <time>2026-10-08T11:53:52Z</time>
      </trkpt>
      <trkpt lat="34.33921812904444" lon="108.72206207491448">
        <ele>390.02079814393073</ele>
        <time>2026-10-08T11:53:59Z</time>
      </trkpt>
      <trkpt lat="34.339168048677784" lon="108.72224885686036">
        <ele>390.0213833488524</ele>
        <time>2026-10-08T11:54:01Z</time>
      </trkpt>
      <trkpt lat="34.339199056276954" lon="108.72233037648476">
        <ele>389.5414903797209</ele>
        <time>2026-10-08T11:54:02Z</time>
      </trkpt>
      <trkpt lat="34.33919202518787" lon="108.72246500037541">
        <ele>389.64913001004606</ele>
        <time>2026-10-08T11:54:04Z</time>
      </trkpt>
      <trkpt lat="34.33927891042766" lon="108.72284369781369">
        <ele>390.569551801309</ele>
        <time>2026-10-08T11:54:11Z</time>
      </trkpt>
      <trkpt lat="34.33932072675572" lon="108.72295834015597">
        <ele>390.28612576052547</ele>
        <time>2026-10-08T11:54:13Z</time>
      </trkpt>
      <trkpt lat="34.33933317417864" lon="108.72307600567154">
        <ele>390.08973768074065</ele>
        <time>2026-10-08T11:54:15Z</time>
      </trkpt>
      <trkpt lat="34.339409281399455" lon="108.72359762704245">
        <ele>390.0574468774721</ele>
        <time>2026-10-08T11:54:25Z</time>
      </trkpt>
      <trkpt lat="34.33947975950268" lon="108.7238569295262">
        <ele>390.3660994870588</ele>
        <time>2026-10-08T11:54:29Z</time>
      </trkpt>
      <trkpt lat="34.339495137909026" lon="108.72399910188712">
        <ele>390.2441005529836</ele>
        <time>2026-10-08T11:54:31Z</time>
      </trkpt>
      <trkpt lat="34.33954410448026" lon="108.72406363451394">
        <ele>390.20995914563537</ele>
        <time>2026-10-08T11:54:32Z</time>
      </trkpt>
      <trkpt lat="34.339531085235684" lon="108.72421072435844">
        <ele>389.9557543126866</ele>
        <time>2026-10-08T11:54:34Z</time>
      </trkpt>
      <trkpt lat="34.33955120773275" lon="108.72435211787027">
        <ele>389.32168121729046</ele>
        <time>2026-10-08T11:54:36Z</time>
      </trkpt>
      <trkpt lat="34.339620675871366" lon="108.72447243562206">
        <ele>389.22196190897375</ele>
        <time>2026-10-08T11:54:38Z</time>
      </trkpt>
      <trkpt lat="34.33964487607208" lon="108.7246064846309">
        <ele>389.23201500903815</ele>
        <time>2026-10-08T11:54:40Z</time>
      </trkpt>
      <trkpt lat="34.33960565758472" lon="108.72468696394768">
        <ele>389.06361963041127</ele>
        <time>2026-10-08T11:54:41Z</time>
      </trkpt>
      <trkpt lat="34.3396958898962" lon="108.72505728720871">
        <ele>389.09333111997694</ele>
        <time>2026-10-08T11:54:47Z</time>
      </trkpt>
      <trkpt lat="34.339761587862654" lon="108.72560705560494">
        <ele>388.9383455282077</ele>
        <time>2026-10-08T11:54:55Z</time>
      </trkpt>
      <trkpt lat="34.33981878692831" lon="108.72622742845176">
        <ele>388.8709391737357</ele>
        <time>2026-10-08T11:55:03Z</time>
      </trkpt>
      <trkpt lat="34.33986521564197" lon="108.72663824613261">
        <ele>389.2996842395514</ele>
        <time>2026-10-08T11:55:09Z</time>
      </trkpt>
      <trkpt lat="34.33993298060015" lon="108.72692275938812">
        <ele>389.63312041573226</ele>
        <time>2026-10-08T11:55:13Z</time>
      </trkpt>
      <trkpt lat="34.34002067349261" lon="108.72758911892149">
        <ele>389.0390394097194</ele>
        <time>2026-10-08T11:55:22Z</time>
      </trkpt>
      <trkpt lat="34.34010521817486" lon="108.72823323288169">
        <ele>388.46509856544435</ele>
        <time>2026-10-08T11:55:31Z</time>
      </trkpt>
      <trkpt lat="34.34016385963306" lon="108.72854140456367">
        <ele>389.0022695278749</ele>
        <time>2026-10-08T11:55:35Z</time>
      </trkpt>
      <trkpt lat="34.34017627389952" lon="108.72870971552496">
        <ele>389.0666226800531</ele>
        <time>2026-10-08T11:55:37Z</time>
      </trkpt>
      <trkpt lat="34.340260211004484" lon="108.72901066686394">
        <ele>390.86752274632454</ele>
        <time>2026-10-08T11:55:41Z</time>
      </trkpt>
      <trkpt lat="34.340278634817075" lon="108.72944919357943">
        <ele>389.45359931513667</ele>
        <time>2026-10-08T11:55:47Z</time>
      </trkpt>
      <trkpt lat="34.34034383559148" lon="108.72998217116229">
        <ele>389.8340383116156</ele>
        <time>2026-10-08T11:55:55Z</time>
      </trkpt>
      <trkpt lat="34.34044663965029" lon="108.7305284604402">
        <ele>389.14602753147483</ele>
        <time>2026-10-08T11:56:03Z</time>
      </trkpt>
      <trkpt lat="34.340538759847114" lon="108.73111680304841">
        <ele>389.487993741408</ele>
        <time>2026-10-08T11:56:13Z</time>
      </trkpt>
      <trkpt lat="34.34057829436335" lon="108.73132984916097">
        <ele>389.47769706044346</ele>
        <time>2026-10-08T11:56:17Z</time>
      </trkpt>
      <trkpt lat="34.34058345228691" lon="108.73145155530082">
        <ele>388.95990857016295</ele>
        <time>2026-10-08T11:56:19Z</time>
      </trkpt>
      <trkpt lat="34.340618373604954" lon="108.73167491529826">
        <ele>389.07803323399276</ele>
        <time>2026-10-08T11:56:23Z</time>
      </trkpt>
      <trkpt lat="34.34065064630678" lon="108.7317658656328">
        <ele>389.7505020769313</ele>
        <time>2026-10-08T11:56:25Z</time>
      </trkpt>
      <trkpt lat="34.34067025971639" lon="108.73210067003924">
        <ele>389.8171289982274</ele>
        <time>2026-10-08T11:56:31Z</time>
      </trkpt>
      <trkpt lat="34.34073445208044" lon="108.73248767318034">
        <ele>389.9035213300958</ele>
        <time>2026-10-08T11:56:37Z</time>
      </trkpt>
      <trkpt lat="34.340798467041466" lon="108.73275310603796">
        <ele>390.32879736088216</ele>
        <time>2026-10-08T11:56:41Z</time>
      </trkpt>
      <trkpt lat="34.340829694191456" lon="108.73327208116201">
        <ele>390.2070277193561</ele>
        <time>2026-10-08T11:56:49Z</time>
      </trkpt>
      <trkpt lat="34.34089042673309" lon="108.73360062397514">
        <ele>389.62872314918786</ele>
        <time>2026-10-08T11:56:55Z</time>
      </trkpt>
      <trkpt lat="34.34089105219009" lon="108.73369831997334">
        <ele>389.2179837645963</ele>
        <time>2026-10-08T11:56:57Z</time>
      </trkpt>
      <trkpt lat="34.340940815288974" lon="108.73398965419139">
        <ele>388.87266271654516</ele>
        <time>2026-10-08T11:57:04Z</time>
      </trkpt>
      <trkpt lat="34.34091968879376" lon="108.73408873047912">
        <ele>388.6461622538045</ele>
        <time>2026-10-08T11:57:07Z</time>
      </trkpt>
      <trkpt lat="34.34086437785438" lon="108.73415252889447">
        <ele>388.7362411059439</ele>
        <time>2026-10-08T11:57:10Z</time>
      </trkpt>
      <trkpt lat="34.34077618377604" lon="108.73416537410526">
        <ele>388.5749807888642</ele>
        <time>2026-10-08T11:57:13Z</time>
      </trkpt>
      <trkpt lat="34.34070261030874" lon="108.73419877250845">
        <ele>388.4376143598929</ele>
        <time>2026-10-08T11:57:16Z</time>
      </trkpt>
      <trkpt lat="34.34069385509301" lon="108.7343231477162">
        <ele>388.713778745383</ele>
        <time>2026-10-08T11:57:19Z</time>
      </trkpt>
      <trkpt lat="34.34073530631876" lon="108.73446687201017">
        <ele>388.929142748937</ele>
        <time>2026-10-08T11:57:22Z</time>
      </trkpt>
      <trkpt lat="34.34073720433216" lon="108.73463354033453">
        <ele>389.810549557209</ele>
        <time>2026-10-08T11:57:25Z</time>
      </trkpt>
      <trkpt lat="34.34068608356376" lon="108.73477888265353">
        <ele>389.28234938532114</ele>
        <time>2026-10-08T11:57:28Z</time>
      </trkpt>
      <trkpt lat="34.340627907463464" lon="108.73485044694499">
        <ele>388.99504578486085</ele>
        <time>2026-10-08T11:57:30Z</time>
      </trkpt>
      <trkpt lat="34.34029100929822" lon="108.73500257626179">
        <ele>386.8549663964659</ele>
        <time>2026-10-08T11:57:38Z</time>
      </trkpt>
      <trkpt lat="34.34002731051053" lon="108.73520820690747">
        <ele>389.3213352179155</ele>
        <time>2026-10-08T11:57:43Z</time>
      </trkpt>
      <trkpt lat="34.33990996662913" lon="108.73523468729087">
        <ele>389.3108668830246</ele>
        <time>2026-10-08T11:57:45Z</time>
      </trkpt>
      <trkpt lat="34.339798413296194" lon="108.73528595583532">
        <ele>389.63354143407196</ele>
        <time>2026-10-08T11:57:47Z</time>
      </trkpt>
      <trkpt lat="34.339700548606025" lon="108.73535663940328">
        <ele>390.1590886004269</ele>
        <time>2026-10-08T11:57:49Z</time>
      </trkpt>
      <trkpt lat="34.33938369302572" lon="108.73552268615109">
        <ele>390.13910455070436</ele>
        <time>2026-10-08T11:57:55Z</time>
      </trkpt>
      <trkpt lat="34.338955880344855" lon="108.73577954636431">
        <ele>389.61297025345266</ele>
        <time>2026-10-08T11:58:03Z</time>
      </trkpt>
      <trkpt lat="34.33884530291711" lon="108.73583506029745">
        <ele>389.4324829708785</ele>
        <time>2026-10-08T11:58:05Z</time>
      </trkpt>
      <trkpt lat="34.33875276109567" lon="108.73593314249578">
        <ele>389.15766854118556</ele>
        <time>2026-10-08T11:58:07Z</time>
      </trkpt>
      <trkpt lat="34.33862704053302" lon="108.73594973427853">
        <ele>389.2731177210808</ele>
        <time>2026-10-08T11:58:09Z</time>
      </trkpt>
      <trkpt lat="34.33818948654713" lon="108.73620004467023">
        <ele>392.4884090414271</ele>
        <time>2026-10-08T11:58:17Z</time>
      </trkpt>
      <trkpt lat="34.337739479149946" lon="108.73642209348955">
        <ele>384.9717379650101</ele>
        <time>2026-10-08T11:58:25Z</time>
      </trkpt>
      <trkpt lat="34.33762589144159" lon="108.7364824303586">
        <ele>384.40139065962285</ele>
        <time>2026-10-08T11:58:27Z</time>
      </trkpt>
      <trkpt lat="34.33759377513145" lon="108.73657796558464">
        <ele>384.3064110465348</ele>
        <time>2026-10-08T11:58:28Z</time>
      </trkpt>
      <trkpt lat="34.33748415675958" lon="108.73663700878383">
        <ele>384.9967465521768</ele>
        <time>2026-10-08T11:58:30Z</time>
      </trkpt>
      <trkpt lat="34.33736367715475" lon="108.73670191065493">
        <ele>386.07458867598325</ele>
        <time>2026-10-08T11:58:32Z</time>
      </trkpt>
      <trkpt lat="34.337123542695295" lon="108.73683129554148">
        <ele>387.77093068603426</ele>
        <time>2026-10-08T11:58:36Z</time>
      </trkpt>
      <trkpt lat="34.33667701161917" lon="108.73707188090206">
        <ele>390.19951759371907</ele>
        <time>2026-10-08T11:58:44Z</time>
      </trkpt>
      <trkpt lat="34.33645538389959" lon="108.73719129819332">
        <ele>391.40081464499235</ele>
        <time>2026-10-08T11:58:48Z</time>
      </trkpt>
      <trkpt lat="34.33633717907585" lon="108.73721601268507">
        <ele>392.8424745714292</ele>
        <time>2026-10-08T11:58:50Z</time>
      </trkpt>
      <trkpt lat="34.33586580927303" lon="108.73745342068125">
        <ele>391.8873021407053</ele>
        <time>2026-10-08T11:59:00Z</time>
      </trkpt>
      <trkpt lat="34.335408442150126" lon="108.73770513721671">
        <ele>390.70999392401427</ele>
        <time>2026-10-08T11:59:10Z</time>
      </trkpt>
      <trkpt lat="34.3349716560646" lon="108.73793489601722">
        <ele>384.1618422344327</ele>
        <time>2026-10-08T11:59:20Z</time>
      </trkpt>
      <trkpt lat="34.33477015347387" lon="108.73802950976517">
        <ele>384.11361854802817</ele>
        <time>2026-10-08T11:59:24Z</time>
      </trkpt>
      <trkpt lat="34.33430986902838" lon="108.73830869708277">
        <ele>384.9783464074135</ele>
        <time>2026-10-08T11:59:34Z</time>
      </trkpt>
      <trkpt lat="34.33415167954381" lon="108.73839664730794">
        <ele>384.4054237175733</ele>
        <time>2026-10-08T11:59:37Z</time>
      </trkpt>
      <trkpt lat="34.333735764447084" lon="108.73861001920169">
        <ele>388.72691271454096</ele>
        <time>2026-10-08T11:59:44Z</time>
      </trkpt>
      <trkpt lat="34.33326635850168" lon="108.7388655839826">
        <ele>389.85215060133487</ele>
        <time>2026-10-08T11:59:52Z</time>
      </trkpt>
      <trkpt lat="34.332891136663086" lon="108.73902763111195">
        <ele>390.0703013073653</ele>
        <time>2026-10-08T12:00:00Z</time>
      </trkpt>
      <trkpt lat="34.33278746519037" lon="108.73909252011772">
        <ele>390.1144244251773</ele>
        <time>2026-10-08T12:00:02Z</time>
      </trkpt>
      <trkpt lat="34.33233994479462" lon="108.73933279087082">
        <ele>391.04535243846476</ele>
        <time>2026-10-08T12:00:10Z</time>
      </trkpt>
      <trkpt lat="34.332218521731185" lon="108.73938826781674">
        <ele>390.25807669200003</ele>
        <time>2026-10-08T12:00:12Z</time>
      </trkpt>
      <trkpt lat="34.33211987059784" lon="108.73951119011046">
        <ele>389.99081930797547</ele>
        <time>2026-10-08T12:00:14Z</time>
      </trkpt>
      <trkpt lat="34.33203543387957" lon="108.7394874173715">
        <ele>389.92707611620426</ele>
        <time>2026-10-08T12:00:15Z</time>
      </trkpt>
      <trkpt lat="34.33192038517413" lon="108.73956784743568">
        <ele>390.8454995211214</ele>
        <time>2026-10-08T12:00:17Z</time>
      </trkpt>
      <trkpt lat="34.33140067866226" lon="108.73984987340613">
        <ele>389.67189664393663</ele>
        <time>2026-10-08T12:00:25Z</time>
      </trkpt>
      <trkpt lat="34.3309982927563" lon="108.74003388560354">
        <ele>389.0247909389436</ele>
        <time>2026-10-08T12:00:31Z</time>
      </trkpt>
      <trkpt lat="34.330531365260946" lon="108.74030379987362">
        <ele>388.1423683753237</ele>
        <time>2026-10-08T12:00:39Z</time>
      </trkpt>
      <trkpt lat="34.330419220045925" lon="108.74036518874273">
        <ele>388.955456151627</ele>
        <time>2026-10-08T12:00:41Z</time>
      </trkpt>
      <trkpt lat="34.33032667177292" lon="108.74048049845787">
        <ele>388.54169696196914</ele>
        <time>2026-10-08T12:00:43Z</time>
      </trkpt>
      <trkpt lat="34.33021094679576" lon="108.74054423857575">
        <ele>388.38260331656784</ele>
        <time>2026-10-08T12:00:45Z</time>
      </trkpt>
      <trkpt lat="34.33013706747929" lon="108.74052081819843">
        <ele>389.0051818853244</ele>
        <time>2026-10-08T12:00:46Z</time>
      </trkpt>
      <trkpt lat="34.32973507171741" lon="108.74077947896767">
        <ele>388.71303290501237</ele>
        <time>2026-10-08T12:00:54Z</time>
      </trkpt>
      <trkpt lat="34.329457025032205" lon="108.7409196161036">
        <ele>389.2088194824755</ele>
        <time>2026-10-08T12:01:00Z</time>
      </trkpt>
      <trkpt lat="34.32907708568365" lon="108.74121127380386">
        <ele>389.3398912092671</ele>
        <time>2026-10-08T12:01:11Z</time>
      </trkpt>
      <trkpt lat="34.32901403736971" lon="108.74125669517437">
        <ele>389.19373102206737</ele>
        <time>2026-10-08T12:01:14Z</time>
      </trkpt>
      <trkpt lat="34.329042202108596" lon="108.74134228948726">
        <ele>388.38874395750463</ele>
        <time>2026-10-08T12:01:57Z</time>
      </trkpt>
      <trkpt lat="34.32914649351021" lon="108.7414823073414">
        <ele>388.1930635049939</ele>
        <time>2026-10-08T12:02:04Z</time>
      </trkpt>
      <trkpt lat="34.32912115987863" lon="108.7415685323329">
        <ele>388.5436042882502</ele>
        <time>2026-10-08T12:02:10Z</time>
      </trkpt>
      <trkpt lat="34.32897573765773" lon="108.74145369977155">
        <ele>388.8663421710953</ele>
        <time>2026-10-08T12:02:13Z</time>
      </trkpt>
      <trkpt lat="34.32890538457631" lon="108.74151298965313">
        <ele>389.05056076776236</ele>
        <time>2026-10-08T12:02:16Z</time>
      </trkpt>
      <trkpt lat="34.32861173322727" lon="108.74177078689442">
        <ele>390.41610707435757</ele>
        <time>2026-10-08T12:02:27Z</time>
      </trkpt>
      <trkpt lat="34.328664227203106" lon="108.74192742049914">
        <ele>390.23734256625175</ele>
        <time>2026-10-08T12:02:28Z</time>
      </trkpt>
      <trkpt lat="34.32863713762556" lon="108.74201698707195">
        <ele>390.0841546440497</ele>
        <time>2026-10-08T12:02:31Z</time>
      </trkpt>
      <trkpt lat="34.32910536410522" lon="108.74225232599967">
        <ele>387.44182154443115</ele>
        <time>2026-10-08T12:02:41Z</time>
      </trkpt>
      <trkpt lat="34.32921457873381" lon="108.74230187828122">
        <ele>386.65724604856223</ele>
        <time>2026-10-08T12:02:43Z</time>
      </trkpt>
      <trkpt lat="34.32932457953957" lon="108.74231940902668">
        <ele>387.61829706002027</ele>
        <time>2026-10-08T12:02:45Z</time>
      </trkpt>
      <trkpt lat="34.329760155532746" lon="108.74246617630506">
        <ele>386.598140835762</ele>
        <time>2026-10-08T12:02:53Z</time>
      </trkpt>
      <trkpt lat="34.33022210405098" lon="108.7425985196975">
        <ele>386.07669241912663</ele>
        <time>2026-10-08T12:03:01Z</time>
      </trkpt>
      <trkpt lat="34.330679880528116" lon="108.7427633418819">
        <ele>386.0377875138074</ele>
        <time>2026-10-08T12:03:09Z</time>
      </trkpt>
      <trkpt lat="34.331126362775365" lon="108.74292649064151">
        <ele>386.4247658159584</ele>
        <time>2026-10-08T12:03:17Z</time>
      </trkpt>
      <trkpt lat="34.331583103299685" lon="108.74308504598724">
        <ele>387.7106794025749</ele>
        <time>2026-10-08T12:03:25Z</time>
      </trkpt>
      <trkpt lat="34.33169873934201" lon="108.74312700013876">
        <ele>387.5163664119318</ele>
        <time>2026-10-08T12:03:27Z</time>
      </trkpt>
      <trkpt lat="34.33213235154039" lon="108.74334876997585">
        <ele>387.58562626317143</ele>
        <time>2026-10-08T12:03:35Z</time>
      </trkpt>
      <trkpt lat="34.332651513253" lon="108.74366701376263">
        <ele>386.49409363791347</ele>
        <time>2026-10-08T12:03:46Z</time>
      </trkpt>
      <trkpt lat="34.333011898786374" lon="108.7439032342017">
        <ele>387.50512686837465</ele>
        <time>2026-10-08T12:03:54Z</time>
      </trkpt>
      <trkpt lat="34.33306109026522" lon="108.74397992063652">
        <ele>387.46150067076087</ele>
        <time>2026-10-08T12:03:55Z</time>
      </trkpt>
      <trkpt lat="34.33313263581524" lon="108.7440050306778">
        <ele>386.8791312072426</ele>
        <time>2026-10-08T12:03:56Z</time>
      </trkpt>
      <trkpt lat="34.33322485258838" lon="108.74409732880324">
        <ele>386.28836644627154</ele>
        <time>2026-10-08T12:03:58Z</time>
      </trkpt>
      <trkpt lat="34.333334079634724" lon="108.74415801715786">
        <ele>386.1072598686442</ele>
        <time>2026-10-08T12:04:00Z</time>
      </trkpt>
      <trkpt lat="34.333513674900395" lon="108.74431976397493">
        <ele>386.1276481151581</ele>
        <time>2026-10-08T12:04:04Z</time>
      </trkpt>
      <trkpt lat="34.333859430860414" lon="108.74465336591788">
        <ele>387.54649188555777</ele>
        <time>2026-10-08T12:04:12Z</time>
      </trkpt>
      <trkpt lat="34.3342306351452" lon="108.74500871474326">
        <ele>387.5433041686192</ele>
        <time>2026-10-08T12:04:20Z</time>
      </trkpt>
      <trkpt lat="34.3345808358687" lon="108.74541394344743">
        <ele>386.06157359760255</ele>
        <time>2026-10-08T12:04:27Z</time>
      </trkpt>
      <trkpt lat="34.334911086044606" lon="108.74587954220807">
        <ele>384.80314685590565</ele>
        <time>2026-10-08T12:04:33Z</time>
      </trkpt>
      <trkpt lat="34.33515055827603" lon="108.7463572941684">
        <ele>385.3410667954013</ele>
        <time>2026-10-08T12:04:38Z</time>
      </trkpt>
      <trkpt lat="34.335359894547295" lon="108.74687029464933">
        <ele>386.3350820662454</ele>
        <time>2026-10-08T12:04:43Z</time>
      </trkpt>
      <trkpt lat="34.33541970486935" lon="108.7469655842852">
        <ele>385.84227478224784</ele>
        <time>2026-10-08T12:04:44Z</time>
      </trkpt>
      <trkpt lat="34.33560970381416" lon="108.74752245592623">
        <ele>387.07621000055224</ele>
        <time>2026-10-08T12:04:50Z</time>
      </trkpt>
      <trkpt lat="34.33580066122783" lon="108.74805219503138">
        <ele>386.02395916264504</ele>
        <time>2026-10-08T12:04:56Z</time>
      </trkpt>
      <trkpt lat="34.33591836082382" lon="108.7485665514446">
        <ele>386.9014563988894</ele>
        <time>2026-10-08T12:05:01Z</time>
      </trkpt>
      <trkpt lat="34.33601331194029" lon="108.74912438602607">
        <ele>386.93508266471326</ele>
        <time>2026-10-08T12:05:06Z</time>
      </trkpt>
      <trkpt lat="34.336044283288956" lon="108.74973805006081">
        <ele>385.4950171960518</ele>
        <time>2026-10-08T12:05:11Z</time>
      </trkpt>
      <trkpt lat="34.33604950807858" lon="108.74986600975791">
        <ele>384.8673440050334</ele>
        <time>2026-10-08T12:05:12Z</time>
      </trkpt>
      <trkpt lat="34.33602894919092" lon="108.74999537287562">
        <ele>384.75688848271966</ele>
        <time>2026-10-08T12:05:13Z</time>
      </trkpt>
      <trkpt lat="34.33603471660604" lon="108.75011825330853">
        <ele>384.47984086722136</ele>
        <time>2026-10-08T12:05:14Z</time>
      </trkpt>
      <trkpt lat="34.336062492570875" lon="108.75068092289231">
        <ele>385.0331036094576</ele>
        <time>2026-10-08T12:05:19Z</time>
      </trkpt>
      <trkpt lat="34.33608955854817" lon="108.75088804826053">
        <ele>384.3852541819215</ele>
        <time>2026-10-08T12:05:21Z</time>
      </trkpt>
      <trkpt lat="34.33607967452503" lon="108.75099350919282">
        <ele>384.7559123914689</ele>
        <time>2026-10-08T12:05:22Z</time>
      </trkpt>
      <trkpt lat="34.336100755332154" lon="108.75109900819285">
        <ele>384.64674294553697</ele>
        <time>2026-10-08T12:05:23Z</time>
      </trkpt>
      <trkpt lat="34.33609062752633" lon="108.75119275311361">
        <ele>384.4175282921642</ele>
        <time>2026-10-08T12:05:24Z</time>
      </trkpt>
      <trkpt lat="34.33610746168807" lon="108.75128927486853">
        <ele>384.64686127752066</ele>
        <time>2026-10-08T12:05:25Z</time>
      </trkpt>
      <trkpt lat="34.33609495796834" lon="108.75192071897341">
        <ele>384.09242595825344</ele>
        <time>2026-10-08T12:05:32Z</time>
      </trkpt>
      <trkpt lat="34.336098738633304" lon="108.7525921958175">
        <ele>384.38409628905356</ele>
        <time>2026-10-08T12:05:40Z</time>
      </trkpt>
      <trkpt lat="34.336075674386024" lon="108.75333959122001">
        <ele>386.1741025755182</ele>
        <time>2026-10-08T12:05:49Z</time>
      </trkpt>
      <trkpt lat="34.336044795890906" lon="108.75381831846208">
        <ele>386.5184953501448</ele>
        <time>2026-10-08T12:05:55Z</time>
      </trkpt>
      <trkpt lat="34.335984238658206" lon="108.75438602543693">
        <ele>386.39987529534847</ele>
        <time>2026-10-08T12:06:02Z</time>
      </trkpt>
      <trkpt lat="34.33588191834443" lon="108.75504279865085">
        <ele>386.5492100333795</ele>
        <time>2026-10-08T12:06:10Z</time>
      </trkpt>
      <trkpt lat="34.33576407233571" lon="108.7556990324378">
        <ele>386.85618158988655</ele>
        <time>2026-10-08T12:06:18Z</time>
      </trkpt>
      <trkpt lat="34.33570147619903" lon="108.75630188425609">
        <ele>386.2111476967111</ele>
        <time>2026-10-08T12:06:25Z</time>
      </trkpt>
      <trkpt lat="34.33572003176128" lon="108.7567228375294">
        <ele>385.58327133301646</ele>
        <time>2026-10-08T12:06:30Z</time>
      </trkpt>
      <trkpt lat="34.335808645481265" lon="108.75721827717827">
        <ele>385.4533570166677</ele>
        <time>2026-10-08T12:06:36Z</time>
      </trkpt>
      <trkpt lat="34.335900909084934" lon="108.75753996672388">
        <ele>385.6058553373441</ele>
        <time>2026-10-08T12:06:40Z</time>
      </trkpt>
      <trkpt lat="34.336140509025796" lon="108.75807988411734">
        <ele>385.9931685747579</ele>
        <time>2026-10-08T12:06:47Z</time>
      </trkpt>
      <trkpt lat="34.336407071158575" lon="108.75850272687678">
        <ele>386.2380459578708</ele>
        <time>2026-10-08T12:06:53Z</time>
      </trkpt>
      <trkpt lat="34.33656982034731" lon="108.75869832154528">
        <ele>386.1967120729387</ele>
        <time>2026-10-08T12:06:56Z</time>
      </trkpt>
      <trkpt lat="34.33660875425106" lon="108.75877795199858">
        <ele>386.0907749691978</ele>
        <time>2026-10-08T12:06:57Z</time>
      </trkpt>
      <trkpt lat="34.33693061932893" lon="108.75918986849939">
        <ele>385.82205805927515</ele>
        <time>2026-10-08T12:07:03Z</time>
      </trkpt>
      <trkpt lat="34.33699007928325" lon="108.75925303475657">
        <ele>385.9587553208694</ele>
        <time>2026-10-08T12:07:04Z</time>
      </trkpt>
      <trkpt lat="34.33724056487361" lon="108.75973882800211">
        <ele>384.54401853494346</ele>
        <time>2026-10-08T12:07:10Z</time>
      </trkpt>
      <trkpt lat="34.337471020800955" lon="108.76023637579668">
        <ele>384.10986100137234</ele>
        <time>2026-10-08T12:07:16Z</time>
      </trkpt>
      <trkpt lat="34.33765950906498" lon="108.76077824730487">
        <ele>384.10034241713583</ele>
        <time>2026-10-08T12:07:22Z</time>
      </trkpt>
      <trkpt lat="34.33780422235269" lon="108.76133247183698">
        <ele>383.8016780670732</ele>
        <time>2026-10-08T12:07:28Z</time>
      </trkpt>
      <trkpt lat="34.33787120558983" lon="108.76170472182554">
        <ele>384.05469656549394</ele>
        <time>2026-10-08T12:07:33Z</time>
      </trkpt>
      <trkpt lat="34.337904491314795" lon="108.76225584515434">
        <ele>382.13092171307653</ele>
        <time>2026-10-08T12:07:41Z</time>
      </trkpt>
      <trkpt lat="34.337916357167124" lon="108.76252131076495">
        <ele>382.8174374178052</ele>
        <time>2026-10-08T12:07:45Z</time>
      </trkpt>
      <trkpt lat="34.337893860068526" lon="108.76305095718203">
        <ele>384.1065146578476</ele>
        <time>2026-10-08T12:07:52Z</time>
      </trkpt>
      <trkpt lat="34.337823310154235" lon="108.76362430548802">
        <ele>383.4481007969007</ele>
        <time>2026-10-08T12:07:58Z</time>
      </trkpt>
      <trkpt lat="34.33783184284735" lon="108.76410866023139">
        <ele>383.4667102918029</ele>
        <time>2026-10-08T12:08:02Z</time>
      </trkpt>
      <trkpt lat="34.337920757269686" lon="108.76472270945962">
        <ele>384.1473437147215</ele>
        <time>2026-10-08T12:08:07Z</time>
      </trkpt>
      <trkpt lat="34.338033191058884" lon="108.76524663976959">
        <ele>384.47620566003025</ele>
        <time>2026-10-08T12:08:12Z</time>
      </trkpt>
      <trkpt lat="34.338263433761924" lon="108.7657320872707">
        <ele>383.5548299718648</ele>
        <time>2026-10-08T12:08:18Z</time>
      </trkpt>
      <trkpt lat="34.33863726495375" lon="108.76622472425845">
        <ele>383.97582003381103</ele>
        <time>2026-10-08T12:08:26Z</time>
      </trkpt>
      <trkpt lat="34.33901443385462" lon="108.76657527015027">
        <ele>382.666716536507</ele>
        <time>2026-10-08T12:08:33Z</time>
      </trkpt>
      <trkpt lat="34.33925375072628" lon="108.76675285662509">
        <ele>382.7014749981463</ele>
        <time>2026-10-08T12:08:37Z</time>
      </trkpt>
      <trkpt lat="34.33972987998269" lon="108.76695653960009">
        <ele>382.6613792926073</ele>
        <time>2026-10-08T12:08:44Z</time>
      </trkpt>
      <trkpt lat="34.34017230529206" lon="108.76712915215289">
        <ele>382.26609722245485</ele>
        <time>2026-10-08T12:08:50Z</time>
      </trkpt>
      <trkpt lat="34.34061809132835" lon="108.76730252516855">
        <ele>382.20402945484966</ele>
        <time>2026-10-08T12:08:56Z</time>
      </trkpt>
      <trkpt lat="34.34107361989735" lon="108.76748328308636">
        <ele>383.15702369157225</ele>
        <time>2026-10-08T12:09:02Z</time>
      </trkpt>
      <trkpt lat="34.341531638086074" lon="108.76767977276711">
        <ele>381.9856761051342</ele>
        <time>2026-10-08T12:09:08Z</time>
      </trkpt>
      <trkpt lat="34.342013168515386" lon="108.76784985256235">
        <ele>380.7791968425736</ele>
        <time>2026-10-08T12:09:14Z</time>
      </trkpt>
      <trkpt lat="34.34233786397809" lon="108.76799544245279">
        <ele>379.3629571571946</ele>
        <time>2026-10-08T12:09:18Z</time>
      </trkpt>
      <trkpt lat="34.342825746474354" lon="108.76818871624981">
        <ele>380.5887935385108</ele>
        <time>2026-10-08T12:09:24Z</time>
      </trkpt>
      <trkpt lat="34.343243202118906" lon="108.76835137781156">
        <ele>380.556919997558</ele>
        <time>2026-10-08T12:09:29Z</time>
      </trkpt>
      <trkpt lat="34.3437342998594" lon="108.76857387434778">
        <ele>381.0546844191849</ele>
        <time>2026-10-08T12:09:35Z</time>
      </trkpt>
      <trkpt lat="34.344154538702234" lon="108.76876992505039">
        <ele>382.56606661435217</ele>
        <time>2026-10-08T12:09:40Z</time>
      </trkpt>
      <trkpt lat="34.344560191947494" lon="108.7689605839336">
        <ele>382.64367413986474</ele>
        <time>2026-10-08T12:09:44Z</time>
      </trkpt>
      <trkpt lat="34.34501576093638" lon="108.7691566377073">
        <ele>384.04831020720303</ele>
        <time>2026-10-08T12:09:48Z</time>
      </trkpt>
      <trkpt lat="34.34543140922002" lon="108.76934517283759">
        <ele>382.12641268689185</ele>
        <time>2026-10-08T12:09:52Z</time>
      </trkpt>
      <trkpt lat="34.34599154602403" lon="108.76959897889938">
        <ele>381.93230678793043</ele>
        <time>2026-10-08T12:09:58Z</time>
      </trkpt>
      <trkpt lat="34.34646245998149" lon="108.76985052452034">
        <ele>381.3033655360341</ele>
        <time>2026-10-08T12:10:04Z</time>
      </trkpt>
      <trkpt lat="34.34666052638792" lon="108.76999170117679">
        <ele>380.28662150073797</ele>
        <time>2026-10-08T12:10:07Z</time>
      </trkpt>
      <trkpt lat="34.34685054028952" lon="108.77007053071357">
        <ele>380.37520776875317</ele>
        <time>2026-10-08T12:10:10Z</time>
      </trkpt>
      <trkpt lat="34.347332200170314" lon="108.7703077797981">
        <ele>381.61974205076694</ele>
        <time>2026-10-08T12:10:20Z</time>
      </trkpt>
      <trkpt lat="34.34761197015046" lon="108.77041275326066">
        <ele>381.50491380319</ele>
        <time>2026-10-08T12:10:28Z</time>
      </trkpt>
      <trkpt lat="34.34779584119265" lon="108.77098151520791">
        <ele>383.5453501967713</ele>
        <time>2026-10-08T12:10:39Z</time>
      </trkpt>
      <trkpt lat="34.347875115318224" lon="108.77129363036492">
        <ele>384.78086023870856</ele>
        <time>2026-10-08T12:10:47Z</time>
      </trkpt>
      <trkpt lat="34.34796939875887" lon="108.77166480370802">
        <ele>387.6307220906019</ele>
        <time>2026-10-08T12:10:57Z</time>
      </trkpt>
      <trkpt lat="34.34795708370538" lon="108.77179961763758">
        <ele>387.89688141830266</ele>
        <time>2026-10-08T12:10:59Z</time>
      </trkpt>
      <trkpt lat="34.34804185226498" lon="108.77209848462104">
        <ele>386.8762461077422</ele>
        <time>2026-10-08T12:11:05Z</time>
      </trkpt>
      <trkpt lat="34.348079306460015" lon="108.77234830885004">
        <ele>384.3610973590985</ele>
        <time>2026-10-08T12:11:10Z</time>
      </trkpt>
      <trkpt lat="34.348215442006364" lon="108.77290854335452">
        <ele>379.76559217181057</ele>
        <time>2026-10-08T12:11:20Z</time>
      </trkpt>
      <trkpt lat="34.34830324448313" lon="108.77321939789746">
        <ele>380.8912482811138</ele>
        <time>2026-10-08T12:11:26Z</time>
      </trkpt>
      <trkpt lat="34.3483165123328" lon="108.77331137362538">
        <ele>381.66019281651825</ele>
        <time>2026-10-08T12:11:29Z</time>
      </trkpt>
      <trkpt lat="34.34826972218455" lon="108.77339380815162">
        <ele>382.1078802589327</ele>
        <time>2026-10-08T12:11:33Z</time>
      </trkpt>
      <trkpt lat="34.34818459533583" lon="108.77337076118347">
        <ele>382.7849314045161</ele>
        <time>2026-10-08T12:11:38Z</time>
      </trkpt>
      <trkpt lat="34.3481026032775" lon="108.77332396325563">
        <ele>382.3060002559796</ele>
        <time>2026-10-08T12:11:42Z</time>
      </trkpt>
      <trkpt lat="34.34816791224518" lon="108.77338438976658">
        <ele>383.7241523079574</ele>
        <time>2026-10-08T12:12:00Z</time>
      </trkpt>
      <trkpt lat="34.348344326648636" lon="108.77345225199687">
        <ele>382.914585493505</ele>
        <time>2026-10-08T12:12:10Z</time>
      </trkpt>
      <trkpt lat="34.34842207727132" lon="108.77344373395249">
        <ele>382.9294865867123</ele>
        <time>2026-10-08T12:12:22Z</time>
      </trkpt>
      <trkpt lat="34.348495116859134" lon="108.77341203273495">
        <ele>382.5275550642982</ele>
        <time>2026-10-08T12:12:27Z</time>
      </trkpt>
      <trkpt lat="34.34863107160348" lon="108.77351547287853">
        <ele>382.3578251013532</ele>
        <time>2026-10-08T12:12:33Z</time>
      </trkpt>
      <trkpt lat="34.348700990667936" lon="108.77353927594928">
        <ele>381.9362566983327</ele>
        <time>2026-10-08T12:12:35Z</time>
      </trkpt>
      <trkpt lat="34.3488517436338" lon="108.77365992852148">
        <ele>382.1547673596069</ele>
        <time>2026-10-08T12:12:46Z</time>
      </trkpt>
      <trkpt lat="34.34921062056383" lon="108.7740050779573">
        <ele>382.6935340166092</ele>
        <time>2026-10-08T12:12:59Z</time>
      </trkpt>
      <trkpt lat="34.34928694047278" lon="108.77407807623032">
        <ele>382.99193684663624</ele>
        <time>2026-10-08T12:13:02Z</time>
      </trkpt>
      <trkpt lat="34.3493346553086" lon="108.77418150161611">
        <ele>383.0064267460257</ele>
        <time>2026-10-08T12:13:05Z</time>
      </trkpt>
      <trkpt lat="34.34930699616551" lon="108.77408612447441">
        <ele>382.56908765714616</ele>
        <time>2026-10-08T12:13:11Z</time>
      </trkpt>
      <trkpt lat="34.349218720460925" lon="108.77402906474171">
        <ele>382.50230366457254</ele>
        <time>2026-10-08T12:13:14Z</time>
      </trkpt>
      <trkpt lat="34.34899883192161" lon="108.77377234290871">
        <ele>382.8325490336865</ele>
        <time>2026-10-08T12:13:23Z</time>
      </trkpt>
      <trkpt lat="34.34882882114192" lon="108.77363712039853">
        <ele>383.24956356547773</ele>
        <time>2026-10-08T12:13:29Z</time>
      </trkpt>
      <trkpt lat="34.34859344209455" lon="108.77347978888193">
        <ele>382.50307168625295</ele>
        <time>2026-10-08T12:13:38Z</time>
      </trkpt>
      <trkpt lat="34.34854312593058" lon="108.77341521782508">
        <ele>382.1377479759976</ele>
        <time>2026-10-08T12:13:41Z</time>
      </trkpt>
      <trkpt lat="34.348385415586584" lon="108.77346925095237">
        <ele>382.2114763073623</ele>
        <time>2026-10-08T12:13:53Z</time>
      </trkpt>
      <trkpt lat="34.34797170949642" lon="108.77326568538476">
        <ele>382.41925071924925</ele>
        <time>2026-10-08T12:14:05Z</time>
      </trkpt>
      <trkpt lat="34.34776767212761" lon="108.7731682834442">
        <ele>381.6261302633211</ele>
        <time>2026-10-08T12:14:10Z</time>
      </trkpt>
      <trkpt lat="34.34767724759652" lon="108.77310284507482">
        <ele>382.02015590667725</ele>
        <time>2026-10-08T12:14:12Z</time>
      </trkpt>
      <trkpt lat="34.347578988754115" lon="108.77307653023752">
        <ele>380.89490463305265</ele>
        <time>2026-10-08T12:14:14Z</time>
      </trkpt>
      <trkpt lat="34.34718633977076" lon="108.77281737847579">
        <ele>380.8586030593142</ele>
        <time>2026-10-08T12:14:22Z</time>
      </trkpt>
      <trkpt lat="34.346994996964575" lon="108.77267718364322">
        <ele>380.53133359737694</ele>
        <time>2026-10-08T12:14:26Z</time>
      </trkpt>
      <trkpt lat="34.34654224213643" lon="108.77243972969542">
        <ele>379.188274692744</ele>
        <time>2026-10-08T12:14:34Z</time>
      </trkpt>
      <trkpt lat="34.346047403664805" lon="108.77222485825513">
        <ele>381.2367428475991</ele>
        <time>2026-10-08T12:14:42Z</time>
      </trkpt>
      <trkpt lat="34.34556429124086" lon="108.77199170013314">
        <ele>382.3773347157985</ele>
        <time>2026-10-08T12:14:50Z</time>
      </trkpt>
      <trkpt lat="34.34506819513873" lon="108.77176628217505">
        <ele>382.6370194517076</ele>
        <time>2026-10-08T12:14:58Z</time>
      </trkpt>
      <trkpt lat="34.34456893715066" lon="108.77155537020104">
        <ele>381.7191357091069</ele>
        <time>2026-10-08T12:15:06Z</time>
      </trkpt>
      <trkpt lat="34.344057909609425" lon="108.77133559926979">
        <ele>382.80345818493515</ele>
        <time>2026-10-08T12:15:14Z</time>
      </trkpt>
      <trkpt lat="34.34354164154889" lon="108.7711221942074">
        <ele>382.699524872005</ele>
        <time>2026-10-08T12:15:22Z</time>
      </trkpt>
      <trkpt lat="34.34305101636097" lon="108.7708993742528">
        <ele>382.23128916695714</ele>
        <time>2026-10-08T12:15:30Z</time>
      </trkpt>
      <trkpt lat="34.342543937906264" lon="108.77067983661621">
        <ele>381.6878519831225</ele>
        <time>2026-10-08T12:15:38Z</time>
      </trkpt>
      <trkpt lat="34.342024234715176" lon="108.7704685887575">
        <ele>382.58643581625074</ele>
        <time>2026-10-08T12:15:46Z</time>
      </trkpt>
      <trkpt lat="34.34150804793947" lon="108.77025209339911">
        <ele>381.8208911130205</ele>
        <time>2026-10-08T12:15:54Z</time>
      </trkpt>
      <trkpt lat="34.34111303217244" lon="108.7700839236174">
        <ele>380.4577210471034</ele>
        <time>2026-10-08T12:16:00Z</time>
      </trkpt>
      <trkpt lat="34.34058802089805" lon="108.7698877466223">
        <ele>380.47872721776366</ele>
        <time>2026-10-08T12:16:08Z</time>
      </trkpt>
      <trkpt lat="34.34006636855427" lon="108.76966044590475">
        <ele>382.16388756223023</ele>
        <time>2026-10-08T12:16:16Z</time>
      </trkpt>
      <trkpt lat="34.3394734270914" lon="108.7694175740533">
        <ele>381.9845708310604</ele>
        <time>2026-10-08T12:16:25Z</time>
      </trkpt>
      <trkpt lat="34.3390146154606" lon="108.76921774360787">
        <ele>382.11717060394585</ele>
        <time>2026-10-08T12:16:32Z</time>
      </trkpt>
      <trkpt lat="34.338554640754694" lon="108.76902229686078">
        <ele>382.12596016190946</ele>
        <time>2026-10-08T12:16:39Z</time>
      </trkpt>
      <trkpt lat="34.33808434371421" lon="108.76882048855119">
        <ele>383.3155289264396</ele>
        <time>2026-10-08T12:16:46Z</time>
      </trkpt>
      <trkpt lat="34.33767147511516" lon="108.76865716677526">
        <ele>383.67340197134763</ele>
        <time>2026-10-08T12:16:52Z</time>
      </trkpt>
      <trkpt lat="34.337227614501046" lon="108.76849081211947">
        <ele>383.75105502828956</ele>
        <time>2026-10-08T12:16:58Z</time>
      </trkpt>
      <trkpt lat="34.33678727618142" lon="108.76829912956867">
        <ele>383.9695052532479</ele>
        <time>2026-10-08T12:17:04Z</time>
      </trkpt>
      <trkpt lat="34.33635053958113" lon="108.76811060263078">
        <ele>383.85313466284424</ele>
        <time>2026-10-08T12:17:10Z</time>
      </trkpt>
      <trkpt lat="34.33584789971248" lon="108.7678761020561">
        <ele>384.638052017428</ele>
        <time>2026-10-08T12:17:18Z</time>
      </trkpt>
      <trkpt lat="34.33541675968605" lon="108.76770416468297">
        <ele>385.54190167598426</ele>
        <time>2026-10-08T12:17:26Z</time>
      </trkpt>
      <trkpt lat="34.334966445290284" lon="108.76753773267446">
        <ele>385.68189686723053</ele>
        <time>2026-10-08T12:17:34Z</time>
      </trkpt>
      <trkpt lat="34.33447969188789" lon="108.76733546347518">
        <ele>385.16500337515026</ele>
        <time>2026-10-08T12:17:42Z</time>
      </trkpt>
      <trkpt lat="34.33398722607903" lon="108.76706584775465">
        <ele>384.3169456459582</ele>
        <time>2026-10-08T12:17:50Z</time>
      </trkpt>
      <trkpt lat="34.333748285699954" lon="108.76690613425677">
        <ele>384.0316939447075</ele>
        <time>2026-10-08T12:17:54Z</time>
      </trkpt>
      <trkpt lat="34.3333049417252" lon="108.76650377819807">
        <ele>382.7471039639786</ele>
        <time>2026-10-08T12:18:02Z</time>
      </trkpt>
      <trkpt lat="34.3330827852437" lon="108.76628364207092">
        <ele>383.6892233211547</ele>
        <time>2026-10-08T12:18:06Z</time>
      </trkpt>
      <trkpt lat="34.33277773965659" lon="108.76589664929267">
        <ele>383.5631290720776</ele>
        <time>2026-10-08T12:18:12Z</time>
      </trkpt>
      <trkpt lat="34.33247166472861" lon="108.76546305514188">
        <ele>382.62178420834243</ele>
        <time>2026-10-08T12:18:18Z</time>
      </trkpt>
      <trkpt lat="34.332237807487886" lon="108.76505876335895">
        <ele>382.8910826770589</ele>
        <time>2026-10-08T12:18:23Z</time>
      </trkpt>
      <trkpt lat="34.33212473213" lon="108.76481893255611">
        <ele>384.29741111397743</ele>
        <time>2026-10-08T12:18:26Z</time>
      </trkpt>
      <trkpt lat="34.33209373866591" lon="108.76463920296177">
        <ele>385.07265166565776</ele>
        <time>2026-10-08T12:18:28Z</time>
      </trkpt>
      <trkpt lat="34.331927887483644" lon="108.764129082738">
        <ele>384.71451125480235</ele>
        <time>2026-10-08T12:18:34Z</time>
      </trkpt>
      <trkpt lat="34.33180440904109" lon="108.763563654597">
        <ele>384.12510543596</ele>
        <time>2026-10-08T12:18:40Z</time>
      </trkpt>
      <trkpt lat="34.3317217009433" lon="108.76299277300946">
        <ele>386.2590187313035</ele>
        <time>2026-10-08T12:18:46Z</time>
      </trkpt>
      <trkpt lat="34.33169690414292" lon="108.76239215829575">
        <ele>386.3952305773273</ele>
        <time>2026-10-08T12:18:52Z</time>
      </trkpt>
      <trkpt lat="34.33169910605418" lon="108.7622975104884">
        <ele>386.183788173832</ele>
        <time>2026-10-08T12:18:53Z</time>
      </trkpt>
      <trkpt lat="34.331735779135315" lon="108.7617069152209">
        <ele>386.52784761600196</ele>
        <time>2026-10-08T12:18:59Z</time>
      </trkpt>
      <trkpt lat="34.33183050998223" lon="108.7611140033814">
        <ele>386.72335966769606</ele>
        <time>2026-10-08T12:19:05Z</time>
      </trkpt>
      <trkpt lat="34.33185388136717" lon="108.76101636716884">
        <ele>385.5799853829667</ele>
        <time>2026-10-08T12:19:06Z</time>
      </trkpt>
      <trkpt lat="34.331988376482236" lon="108.76045585323769">
        <ele>385.88158716540784</ele>
        <time>2026-10-08T12:19:12Z</time>
      </trkpt>
      <trkpt lat="34.33200959284544" lon="108.76036873087226">
        <ele>385.4881970398128</ele>
        <time>2026-10-08T12:19:13Z</time>
      </trkpt>
      <trkpt lat="34.332052006984306" lon="108.76019456654943">
        <ele>385.14812359120697</ele>
        <time>2026-10-08T12:19:15Z</time>
      </trkpt>
      <trkpt lat="34.33209617342216" lon="108.76001321943072">
        <ele>385.4579642089084</ele>
        <time>2026-10-08T12:19:17Z</time>
      </trkpt>
      <trkpt lat="34.332140659586706" lon="108.75983110840292">
        <ele>385.4819879354909</ele>
        <time>2026-10-08T12:19:19Z</time>
      </trkpt>
      <trkpt lat="34.33212219780458" lon="108.75972146637417">
        <ele>384.80382878985256</ele>
        <time>2026-10-08T12:19:20Z</time>
      </trkpt>
      <trkpt lat="34.3322567547653" lon="108.75915021729898">
        <ele>385.1819447539747</ele>
        <time>2026-10-08T12:19:26Z</time>
      </trkpt>
      <trkpt lat="34.33239039066473" lon="108.75857371691004">
        <ele>383.9988194126636</ele>
        <time>2026-10-08T12:19:32Z</time>
      </trkpt>
      <trkpt lat="34.33252594994831" lon="108.75799288286201">
        <ele>384.0990788936615</ele>
        <time>2026-10-08T12:19:38Z</time>
      </trkpt>
      <trkpt lat="34.33259902950526" lon="108.75770803530612">
        <ele>384.21709522698075</ele>
        <time>2026-10-08T12:19:41Z</time>
      </trkpt>
      <trkpt lat="34.33265988585649" lon="108.75763345701503">
        <ele>383.8904538974166</ele>
        <time>2026-10-08T12:19:42Z</time>
      </trkpt>
      <trkpt lat="34.33278684990174" lon="108.75707833862108">
        <ele>384.2420814828947</ele>
        <time>2026-10-08T12:19:48Z</time>
      </trkpt>
      <trkpt lat="34.33283419000737" lon="108.75686986159036">
        <ele>385.05959002580494</ele>
        <time>2026-10-08T12:19:50Z</time>
      </trkpt>
      <trkpt lat="34.33284011072287" lon="108.75677041610817">
        <ele>385.02781091909856</ele>
        <time>2026-10-08T12:19:51Z</time>
      </trkpt>
      <trkpt lat="34.332957919601064" lon="108.75626203572924">
        <ele>385.4582405714318</ele>
        <time>2026-10-08T12:19:56Z</time>
      </trkpt>
      <trkpt lat="34.33307236686563" lon="108.75575790956428">
        <ele>385.3156346036121</ele>
        <time>2026-10-08T12:20:01Z</time>
      </trkpt>
      <trkpt lat="34.33313249641377" lon="108.75545167327279">
        <ele>386.01903293374926</ele>
        <time>2026-10-08T12:20:04Z</time>
      </trkpt>
      <trkpt lat="34.33318328473127" lon="108.75524533449983">
        <ele>384.8674834277481</ele>
        <time>2026-10-08T12:20:06Z</time>
      </trkpt>
      <trkpt lat="34.33318004474694" lon="108.75513963908604">
        <ele>385.1080421116203</ele>
        <time>2026-10-08T12:20:07Z</time>
      </trkpt>
      <trkpt lat="34.333247820308856" lon="108.75459831404082">
        <ele>385.093265558593</ele>
        <time>2026-10-08T12:20:12Z</time>
      </trkpt>
      <trkpt lat="34.333311964579686" lon="108.75406900289374">
        <ele>386.1518733073026</ele>
        <time>2026-10-08T12:20:17Z</time>
      </trkpt>
      <trkpt lat="34.333383849820876" lon="108.75353530147333">
        <ele>386.5936601953581</ele>
        <time>2026-10-08T12:20:22Z</time>
      </trkpt>
      <trkpt lat="34.33341215582945" lon="108.75310924882658">
        <ele>386.16765030659735</ele>
        <time>2026-10-08T12:20:26Z</time>
      </trkpt>
      <trkpt lat="34.3334201136005" lon="108.75256255739602">
        <ele>386.10377253219485</ele>
        <time>2026-10-08T12:20:31Z</time>
      </trkpt>
      <trkpt lat="34.333378646187796" lon="108.75189655161718">
        <ele>386.3060610340908</ele>
        <time>2026-10-08T12:20:37Z</time>
      </trkpt>
      <trkpt lat="34.33335716467743" lon="108.75134263895508">
        <ele>386.35253335908055</ele>
        <time>2026-10-08T12:20:42Z</time>
      </trkpt>
      <trkpt lat="34.33332511753012" lon="108.75075966205326">
        <ele>384.8479261705652</ele>
        <time>2026-10-08T12:20:47Z</time>
      </trkpt>
      <trkpt lat="34.33332508810227" lon="108.75064816433408">
        <ele>382.5078587597236</ele>
        <time>2026-10-08T12:20:48Z</time>
      </trkpt>
      <trkpt lat="34.3332900055343" lon="108.7504150355749">
        <ele>383.4490786669776</ele>
        <time>2026-10-08T12:20:50Z</time>
      </trkpt>
      <trkpt lat="34.33324724088221" lon="108.74978128736487">
        <ele>382.868715999648</ele>
        <time>2026-10-08T12:20:55Z</time>
      </trkpt>
      <trkpt lat="34.333211311854136" lon="108.74953077104985">
        <ele>383.76618123147637</ele>
        <time>2026-10-08T12:20:57Z</time>
      </trkpt>
      <trkpt lat="34.33300707817462" lon="108.748973018598">
        <ele>386.463170892559</ele>
        <time>2026-10-08T12:21:02Z</time>
      </trkpt>
      <trkpt lat="34.332965738472836" lon="108.74887253926647">
        <ele>386.8568660058081</ele>
        <time>2026-10-08T12:21:03Z</time>
      </trkpt>
      <trkpt lat="34.33281475792942" lon="108.7483615186861">
        <ele>387.67548650410026</ele>
        <time>2026-10-08T12:21:08Z</time>
      </trkpt>
      <trkpt lat="34.332606982020394" lon="108.74788072991507">
        <ele>387.359781303443</ele>
        <time>2026-10-08T12:21:13Z</time>
      </trkpt>
      <trkpt lat="34.332479330944444" lon="108.74762027645293">
        <ele>385.69162549916655</ele>
        <time>2026-10-08T12:21:16Z</time>
      </trkpt>
      <trkpt lat="34.332312346773485" lon="108.74738563641262">
        <ele>385.03335407190025</ele>
        <time>2026-10-08T12:21:19Z</time>
      </trkpt>
      <trkpt lat="34.33191627331315" lon="108.74701005983003">
        <ele>386.273893751204</ele>
        <time>2026-10-08T12:21:25Z</time>
      </trkpt>
      <trkpt lat="34.33184672043871" lon="108.74694035403645">
        <ele>385.3173988405615</ele>
        <time>2026-10-08T12:21:26Z</time>
      </trkpt>
      <trkpt lat="34.33149122101622" lon="108.74658404836144">
        <ele>385.316519247368</ele>
        <time>2026-10-08T12:21:32Z</time>
      </trkpt>
      <trkpt lat="34.331443784718616" lon="108.74651426292507">
        <ele>385.336890864186</ele>
        <time>2026-10-08T12:21:33Z</time>
      </trkpt>
      <trkpt lat="34.33107838239651" lon="108.74621580202653">
        <ele>384.8492014463991</ele>
        <time>2026-10-08T12:21:39Z</time>
      </trkpt>
      <trkpt lat="34.330698905246685" lon="108.74593298701788">
        <ele>384.85066121444106</ele>
        <time>2026-10-08T12:21:45Z</time>
      </trkpt>
      <trkpt lat="34.33062680673851" lon="108.74591316009092">
        <ele>385.0146772759035</ele>
        <time>2026-10-08T12:21:46Z</time>
      </trkpt>
      <trkpt lat="34.330239673848354" lon="108.74566577431696">
        <ele>385.0478938007727</ele>
        <time>2026-10-08T12:21:52Z</time>
      </trkpt>
      <trkpt lat="34.329852970033144" lon="108.74541520377196">
        <ele>384.68423457443714</ele>
        <time>2026-10-08T12:21:58Z</time>
      </trkpt>
      <trkpt lat="34.329607005913935" lon="108.74529422915089">
        <ele>385.858574940823</ele>
        <time>2026-10-08T12:22:02Z</time>
      </trkpt>
      <trkpt lat="34.32950106694293" lon="108.74519272017088">
        <ele>384.8773509673774</ele>
        <time>2026-10-08T12:22:04Z</time>
      </trkpt>
      <trkpt lat="34.32901934046885" lon="108.74492908366537">
        <ele>386.74392934143543</ele>
        <time>2026-10-08T12:22:12Z</time>
      </trkpt>
      <trkpt lat="34.328511882328755" lon="108.74464373665786">
        <ele>386.8292975863442</ele>
        <time>2026-10-08T12:22:20Z</time>
      </trkpt>
      <trkpt lat="34.32803340170556" lon="108.74444473739584">
        <ele>387.1606224626303</ele>
        <time>2026-10-08T12:22:27Z</time>
      </trkpt>
      <trkpt lat="34.32775404313239" lon="108.74436422423483">
        <ele>388.4578740466386</ele>
        <time>2026-10-08T12:22:31Z</time>
      </trkpt>
      <trkpt lat="34.32756784710201" lon="108.7443479063188">
        <ele>388.7139237402007</ele>
        <time>2026-10-08T12:22:34Z</time>
      </trkpt>
      <trkpt lat="34.327369248852264" lon="108.7443574589344">
        <ele>388.47962593100965</ele>
        <time>2026-10-08T12:22:37Z</time>
      </trkpt>
      <trkpt lat="34.32716816029974" lon="108.7443394905423">
        <ele>387.83936660643667</ele>
        <time>2026-10-08T12:22:40Z</time>
      </trkpt>
      <trkpt lat="34.326783041961136" lon="108.74433031097769">
        <ele>387.6285515734926</ele>
        <time>2026-10-08T12:22:46Z</time>
      </trkpt>
      <trkpt lat="34.32655379827303" lon="108.7442652769186">
        <ele>388.6759569076821</ele>
        <time>2026-10-08T12:22:50Z</time>
      </trkpt>
      <trkpt lat="34.32633418967805" lon="108.74416095084774">
        <ele>388.13281601760536</ele>
        <time>2026-10-08T12:22:54Z</time>
      </trkpt>
      <trkpt lat="34.32624947194161" lon="108.74409566802726">
        <ele>388.3450767463073</ele>
        <time>2026-10-08T12:22:56Z</time>
      </trkpt>
      <trkpt lat="34.32614495615348" lon="108.74419694801547">
        <ele>388.6797330323607</ele>
        <time>2026-10-08T12:22:58Z</time>
      </trkpt>
      <trkpt lat="34.326070142966145" lon="108.74420691750825">
        <ele>388.3070943541825</ele>
        <time>2026-10-08T12:22:59Z</time>
      </trkpt>
      <trkpt lat="34.32572561828984" lon="108.74454264517512">
        <ele>388.05847116559744</ele>
        <time>2026-10-08T12:23:05Z</time>
      </trkpt>
      <trkpt lat="34.3254800508671" lon="108.74480470242774">
        <ele>388.39852790534496</ele>
        <time>2026-10-08T12:23:09Z</time>
      </trkpt>
      <trkpt lat="34.32508277897216" lon="108.74517696594928">
        <ele>387.8987854607403</ele>
        <time>2026-10-08T12:23:15Z</time>
      </trkpt>
      <trkpt lat="34.32485334477635" lon="108.74541626954297">
        <ele>388.04550179466605</ele>
        <time>2026-10-08T12:23:19Z</time>
      </trkpt>
      <trkpt lat="34.32477497592059" lon="108.74556302886722">
        <ele>387.5921805445105</ele>
        <time>2026-10-08T12:23:21Z</time>
      </trkpt>
      <trkpt lat="34.32439100209052" lon="108.74595115093281">
        <ele>387.42685055639595</ele>
        <time>2026-10-08T12:23:27Z</time>
      </trkpt>
      <trkpt lat="34.32416222212058" lon="108.74618336049782">
        <ele>388.6293665012345</ele>
        <time>2026-10-08T12:23:30Z</time>
      </trkpt>
      <trkpt lat="34.3240729588159" lon="108.74624997075091">
        <ele>388.40779677405953</ele>
        <time>2026-10-08T12:23:31Z</time>
      </trkpt>
      <trkpt lat="34.32373873721936" lon="108.74661608659598">
        <ele>388.7243982506916</ele>
        <time>2026-10-08T12:23:36Z</time>
      </trkpt>
      <trkpt lat="34.323531573620976" lon="108.74680228297613">
        <ele>388.5336547847837</ele>
        <time>2026-10-08T12:23:39Z</time>
      </trkpt>
      <trkpt lat="34.323361015937564" lon="108.74700358178373">
        <ele>388.37887747213244</ele>
        <time>2026-10-08T12:23:42Z</time>
      </trkpt>
      <trkpt lat="34.32317741919689" lon="108.7471440729704">
        <ele>387.10368191450834</ele>
        <time>2026-10-08T12:23:45Z</time>
      </trkpt>
      <trkpt lat="34.322746664893145" lon="108.747541141689">
        <ele>386.69677314255387</ele>
        <time>2026-10-08T12:23:53Z</time>
      </trkpt>
      <trkpt lat="34.32265605591857" lon="108.7476432727371">
        <ele>387.4581101061776</ele>
        <time>2026-10-08T12:23:55Z</time>
      </trkpt>
      <trkpt lat="34.32258876586858" lon="108.747682510645">
        <ele>387.48735101427883</ele>
        <time>2026-10-08T12:23:56Z</time>
      </trkpt>
      <trkpt lat="34.322213040768354" lon="108.74802026957579">
        <ele>387.7630286933854</ele>
        <time>2026-10-08T12:24:09Z</time>
      </trkpt>
      <trkpt lat="34.322050386794295" lon="108.74787958368093">
        <ele>387.63478653505445</ele>
        <time>2026-10-08T12:24:11Z</time>
      </trkpt>
      <trkpt lat="34.32195852013806" lon="108.74760526560334">
        <ele>387.59663306362927</ele>
        <time>2026-10-08T12:24:15Z</time>
      </trkpt>
      <trkpt lat="34.321859465575855" lon="108.74705261836452">
        <ele>386.3990511633456</ele>
        <time>2026-10-08T12:24:23Z</time>
      </trkpt>
      <trkpt lat="34.32174546021944" lon="108.74644571633553">
        <ele>387.3727688975632</ele>
        <time>2026-10-08T12:24:31Z</time>
      </trkpt>
      <trkpt lat="34.32164837789688" lon="108.74572122231356">
        <ele>387.8463883744553</ele>
        <time>2026-10-08T12:24:40Z</time>
      </trkpt>
      <trkpt lat="34.321556353047555" lon="108.74525563426799">
        <ele>388.27944512851536</ele>
        <time>2026-10-08T12:24:46Z</time>
      </trkpt>
      <trkpt lat="34.32155564238803" lon="108.74502694064846">
        <ele>388.83297552075237</ele>
        <time>2026-10-08T12:24:49Z</time>
      </trkpt>
      <trkpt lat="34.32147909725183" lon="108.74450646982395">
        <ele>389.317535398528</ele>
        <time>2026-10-08T12:24:56Z</time>
      </trkpt>
      <trkpt lat="34.321385811058555" lon="108.74392911492838">
        <ele>389.7080798316747</ele>
        <time>2026-10-08T12:25:03Z</time>
      </trkpt>
      <trkpt lat="34.32132680436891" lon="108.74357977322828">
        <ele>389.61728177126497</ele>
        <time>2026-10-08T12:25:07Z</time>
      </trkpt>
      <trkpt lat="34.32133072396891" lon="108.7434852461284">
        <ele>388.40863406006247</ele>
        <time>2026-10-08T12:25:08Z</time>
      </trkpt>
      <trkpt lat="34.32128423662522" lon="108.74333167904639">
        <ele>389.40103596728295</ele>
        <time>2026-10-08T12:25:10Z</time>
      </trkpt>
      <trkpt lat="34.321207437884894" lon="108.74276944781838">
        <ele>388.180322047323</ele>
        <time>2026-10-08T12:25:17Z</time>
      </trkpt>
      <trkpt lat="34.32106562987947" lon="108.74220260254185">
        <ele>388.602771778591</ele>
        <time>2026-10-08T12:25:24Z</time>
      </trkpt>
      <trkpt lat="34.32095870693308" lon="108.74164269262893">
        <ele>389.2161524351686</ele>
        <time>2026-10-08T12:25:31Z</time>
      </trkpt>
      <trkpt lat="34.32086407797887" lon="108.7409892454602">
        <ele>388.17759144026786</ele>
        <time>2026-10-08T12:25:39Z</time>
      </trkpt>
      <trkpt lat="34.32076548496029" lon="108.74033992552656">
        <ele>386.28524639457464</ele>
        <time>2026-10-08T12:25:47Z</time>
      </trkpt>
      <trkpt lat="34.32067848709584" lon="108.73968329712446">
        <ele>384.416443053633</ele>
        <time>2026-10-08T12:25:55Z</time>
      </trkpt>
      <trkpt lat="34.32063427990598" lon="108.73937668588374">
        <ele>384.55424064118415</ele>
        <time>2026-10-08T12:25:59Z</time>
      </trkpt>
      <trkpt lat="34.32064488530494" lon="108.73893706683896">
        <ele>384.1076790066436</ele>
        <time>2026-10-08T12:26:05Z</time>
      </trkpt>
      <trkpt lat="34.320612201438415" lon="108.7388009521817">
        <ele>384.88864087406546</ele>
        <time>2026-10-08T12:26:07Z</time>
      </trkpt>
      <trkpt lat="34.32055477239691" lon="108.73865675481815">
        <ele>385.2686712173745</ele>
        <time>2026-10-08T12:26:09Z</time>
      </trkpt>
      <trkpt lat="34.32057142718972" lon="108.73849928540409">
        <ele>386.97358724754304</ele>
        <time>2026-10-08T12:26:11Z</time>
      </trkpt>
      <trkpt lat="34.320478500541746" lon="108.73788396846896">
        <ele>389.0207008002326</ele>
        <time>2026-10-08T12:26:19Z</time>
      </trkpt>
      <trkpt lat="34.320387465852114" lon="108.73729433843015">
        <ele>389.3973973803222</ele>
        <time>2026-10-08T12:26:26Z</time>
      </trkpt>
      <trkpt lat="34.32031584392518" lon="108.73668571368971">
        <ele>388.9146493114531</ele>
        <time>2026-10-08T12:26:33Z</time>
      </trkpt>
      <trkpt lat="34.32027101029536" lon="108.73641601486901">
        <ele>388.86800326313823</ele>
        <time>2026-10-08T12:26:36Z</time>
      </trkpt>
      <trkpt lat="34.320224147661904" lon="108.73601563546332">
        <ele>388.4508976712823</ele>
        <time>2026-10-08T12:26:41Z</time>
      </trkpt>
      <trkpt lat="34.320167239705754" lon="108.7357165092303">
        <ele>387.20623247046024</ele>
        <time>2026-10-08T12:26:46Z</time>
      </trkpt>
      <trkpt lat="34.32009262007944" lon="108.73516077426436">
        <ele>389.01523412112147</ele>
        <time>2026-10-08T12:26:55Z</time>
      </trkpt>
      <trkpt lat="34.320034701571664" lon="108.73477265381213">
        <ele>389.9265578035265</ele>
        <time>2026-10-08T12:27:00Z</time>
      </trkpt>
      <trkpt lat="34.320013399863136" lon="108.7344764743723">
        <ele>389.1609942195937</ele>
        <time>2026-10-08T12:27:04Z</time>
      </trkpt>
      <trkpt lat="34.31993055733852" lon="108.73388842830654">
        <ele>389.10422579571605</ele>
        <time>2026-10-08T12:27:19Z</time>
      </trkpt>
      <trkpt lat="34.31994245885191" lon="108.73380151325387">
        <ele>389.2469080640003</ele>
        <time>2026-10-08T12:27:25Z</time>
      </trkpt>
      <trkpt lat="34.319899533374056" lon="108.73359269238338">
        <ele>389.27536896057427</ele>
        <time>2026-10-08T12:27:37Z</time>
      </trkpt>
      <trkpt lat="34.319943741275516" lon="108.73341114910865">
        <ele>388.852836644277</ele>
        <time>2026-10-08T12:27:41Z</time>
      </trkpt>
      <trkpt lat="34.319896291811965" lon="108.73323964380786">
        <ele>389.55168209038675</ele>
        <time>2026-10-08T12:27:45Z</time>
      </trkpt>
      <trkpt lat="34.31984347007237" lon="108.73266530105596">
        <ele>388.9859109548852</ele>
        <time>2026-10-08T12:27:55Z</time>
      </trkpt>
      <trkpt lat="34.31976677977271" lon="108.73210854229988">
        <ele>389.3655767766759</ele>
        <time>2026-10-08T12:28:03Z</time>
      </trkpt>
      <trkpt lat="34.31972504083445" lon="108.73184523703874">
        <ele>389.91719690989703</ele>
        <time>2026-10-08T12:28:07Z</time>
      </trkpt>
      <trkpt lat="34.31967102341683" lon="108.73159204748714">
        <ele>388.5478220693767</ele>
        <time>2026-10-08T12:28:11Z</time>
      </trkpt>
      <trkpt lat="34.319655721431765" lon="108.7313916574464">
        <ele>389.5139696476981</ele>
        <time>2026-10-08T12:28:17Z</time>
      </trkpt>
      <trkpt lat="34.31953927716916" lon="108.73077276551751">
        <ele>389.52806899603456</ele>
        <time>2026-10-08T12:28:29Z</time>
      </trkpt>
      <trkpt lat="34.31944511770956" lon="108.73018778246103">
        <ele>389.8745596408844</ele>
        <time>2026-10-08T12:28:39Z</time>
      </trkpt>
      <trkpt lat="34.319323188151095" lon="108.7297175662852">
        <ele>389.2505138767883</ele>
        <time>2026-10-08T12:28:47Z</time>
      </trkpt>
      <trkpt lat="34.3192508411901" lon="108.7293486833092">
        <ele>388.6194170229137</ele>
        <time>2026-10-08T12:28:52Z</time>
      </trkpt>
      <trkpt lat="34.31915013990726" lon="108.72866774558453">
        <ele>388.60603543836623</ele>
        <time>2026-10-08T12:29:01Z</time>
      </trkpt>
      <trkpt lat="34.319102543997566" lon="108.72844520868748">
        <ele>388.6682028993964</ele>
        <time>2026-10-08T12:29:04Z</time>
      </trkpt>
      <trkpt lat="34.31909262855113" lon="108.72827914332659">
        <ele>388.34617994353175</ele>
        <time>2026-10-08T12:29:06Z</time>
      </trkpt>
      <trkpt lat="34.31902565659705" lon="108.72795066610215">
        <ele>388.8447148306295</ele>
        <time>2026-10-08T12:29:10Z</time>
      </trkpt>
      <trkpt lat="34.318955076159384" lon="108.72738253590704">
        <ele>389.18251141440123</ele>
        <time>2026-10-08T12:29:16Z</time>
      </trkpt>
      <trkpt lat="34.31889748431372" lon="108.72685327433827">
        <ele>389.73040163051337</ele>
        <time>2026-10-08T12:29:21Z</time>
      </trkpt>
      <trkpt lat="34.318806380497826" lon="108.72631822874342">
        <ele>389.3174535315484</ele>
        <time>2026-10-08T12:29:26Z</time>
      </trkpt>
      <trkpt lat="34.31870935470041" lon="108.72579163538028">
        <ele>390.13479611929506</ele>
        <time>2026-10-08T12:29:31Z</time>
      </trkpt>
      <trkpt lat="34.318639638490176" lon="108.72525782723088">
        <ele>390.3545376667753</ele>
        <time>2026-10-08T12:29:36Z</time>
      </trkpt>
      <trkpt lat="34.31856770440177" lon="108.724639713709">
        <ele>390.5734907463193</ele>
        <time>2026-10-08T12:29:42Z</time>
      </trkpt>
      <trkpt lat="34.318480478103886" lon="108.7240679624586">
        <ele>389.6412525437772</ele>
        <time>2026-10-08T12:29:48Z</time>
      </trkpt>
      <trkpt lat="34.31839662833102" lon="108.7235344807466">
        <ele>389.70257879886776</ele>
        <time>2026-10-08T12:29:54Z</time>
      </trkpt>
      <trkpt lat="34.318308732187596" lon="108.72286110400952">
        <ele>389.56736546196043</ele>
        <time>2026-10-08T12:30:02Z</time>
      </trkpt>
      <trkpt lat="34.318273803554725" lon="108.7225325965551">
        <ele>389.9534671874717</ele>
        <time>2026-10-08T12:30:06Z</time>
      </trkpt>
      <trkpt lat="34.31817178662815" lon="108.72195103163978">
        <ele>389.6769678676501</ele>
        <time>2026-10-08T12:30:13Z</time>
      </trkpt>
      <trkpt lat="34.318144533623915" lon="108.72186921013903">
        <ele>390.44670031871647</ele>
        <time>2026-10-08T12:30:14Z</time>
      </trkpt>
      <trkpt lat="34.318080212413015" lon="108.72128172630724">
        <ele>389.6423865640536</ele>
        <time>2026-10-08T12:30:21Z</time>
      </trkpt>
      <trkpt lat="34.317982206076366" lon="108.72061304968672">
        <ele>389.10661029815674</ele>
        <time>2026-10-08T12:30:29Z</time>
      </trkpt>
      <trkpt lat="34.31789981139302" lon="108.72002790879965">
        <ele>389.28242923039943</ele>
        <time>2026-10-08T12:30:36Z</time>
      </trkpt>
      <trkpt lat="34.31780138655675" lon="108.71951427815493">
        <ele>388.5650182608515</ele>
        <time>2026-10-08T12:30:42Z</time>
      </trkpt>
      <trkpt lat="34.317711742005315" lon="108.71899965427657">
        <ele>390.04374019242823</ele>
        <time>2026-10-08T12:30:48Z</time>
      </trkpt>
      <trkpt lat="34.31762858332111" lon="108.71844713796492">
        <ele>389.9474598802626</ele>
        <time>2026-10-08T12:30:55Z</time>
      </trkpt>
      <trkpt lat="34.317580481388966" lon="108.71779225727707">
        <ele>391.86935914773494</ele>
        <time>2026-10-08T12:31:04Z</time>
      </trkpt>
      <trkpt lat="34.31748958199495" lon="108.71715542340021">
        <ele>391.5538290878758</ele>
        <time>2026-10-08T12:31:12Z</time>
      </trkpt>
      <trkpt lat="34.31741191301091" lon="108.71663486179035">
        <ele>392.02954933047295</ele>
        <time>2026-10-08T12:31:20Z</time>
      </trkpt>
      <trkpt lat="34.31729692766588" lon="108.71603591281666">
        <ele>391.62503387592733</ele>
        <time>2026-10-08T12:31:30Z</time>
      </trkpt>
      <trkpt lat="34.317242270937" lon="108.71567998081773">
        <ele>391.5328393476084</ele>
        <time>2026-10-08T12:31:36Z</time>
      </trkpt>
      <trkpt lat="34.317216327257334" lon="108.71559038339764">
        <ele>391.61903963238</ele>
        <time>2026-10-08T12:31:38Z</time>
      </trkpt>
      <trkpt lat="34.31715748516126" lon="108.71509511869296">
        <ele>391.3539043068886</ele>
        <time>2026-10-08T12:31:47Z</time>
      </trkpt>
      <trkpt lat="34.31705800627151" lon="108.71450998325338">
        <ele>390.663401119411</ele>
        <time>2026-10-08T12:31:55Z</time>
      </trkpt>
      <trkpt lat="34.316967242886456" lon="108.7139677129311">
        <ele>391.2232331968844</ele>
        <time>2026-10-08T12:32:03Z</time>
      </trkpt>
      <trkpt lat="34.3169443237689" lon="108.71361269488747">
        <ele>391.3457715725526</ele>
        <time>2026-10-08T12:32:11Z</time>
      </trkpt>
      <trkpt lat="34.31689798611107" lon="108.71333074295401">
        <ele>390.8933927640319</ele>
        <time>2026-10-08T12:32:15Z</time>
      </trkpt>
      <trkpt lat="34.316857836191744" lon="108.71279933078354">
        <ele>390.8640415482223</ele>
        <time>2026-10-08T12:32:23Z</time>
      </trkpt>
      <trkpt lat="34.31685523005945" lon="108.7126889761542">
        <ele>390.94718344230205</ele>
        <time>2026-10-08T12:32:26Z</time>
      </trkpt>
      <trkpt lat="34.31680451300803" lon="108.71249778580652">
        <ele>390.91958828642964</ele>
        <time>2026-10-08T12:32:31Z</time>
      </trkpt>
      <trkpt lat="34.3167286497988" lon="108.71187291610494">
        <ele>391.32788169011474</ele>
        <time>2026-10-08T12:32:41Z</time>
      </trkpt>
      <trkpt lat="34.31663897622425" lon="108.71133176352875">
        <ele>391.0509351398796</ele>
        <time>2026-10-08T12:32:51Z</time>
      </trkpt>
      <trkpt lat="34.316608850824764" lon="108.7110326392859">
        <ele>390.7006419701502</ele>
        <time>2026-10-08T12:32:58Z</time>
      </trkpt>
      <trkpt lat="34.316564617543094" lon="108.71093579556121">
        <ele>391.00445369724184</ele>
        <time>2026-10-08T12:33:00Z</time>
      </trkpt>
      <trkpt lat="34.316485982357634" lon="108.71025604280624">
        <ele>390.8243800122291</ele>
        <time>2026-10-08T12:33:10Z</time>
      </trkpt>
      <trkpt lat="34.316372479379325" lon="108.70969779234561">
        <ele>390.73612357862294</ele>
        <time>2026-10-08T12:33:16Z</time>
      </trkpt>
      <trkpt lat="34.31634076306369" lon="108.70934672863878">
        <ele>390.34771353006363</ele>
        <time>2026-10-08T12:33:20Z</time>
      </trkpt>
      <trkpt lat="34.31630756117165" lon="108.70917136756813">
        <ele>391.2450772356242</ele>
        <time>2026-10-08T12:33:22Z</time>
      </trkpt>
      <trkpt lat="34.31629416597152" lon="108.70889177992457">
        <ele>389.57838732842356</ele>
        <time>2026-10-08T12:33:25Z</time>
      </trkpt>
      <trkpt lat="34.31625638362939" lon="108.70870653083536">
        <ele>390.65372279286385</ele>
        <time>2026-10-08T12:33:27Z</time>
      </trkpt>
      <trkpt lat="34.31616819903813" lon="108.7081306151966">
        <ele>390.54233147762716</ele>
        <time>2026-10-08T12:33:33Z</time>
      </trkpt>
      <trkpt lat="34.31607408673671" lon="108.70756289344196">
        <ele>390.61845272406936</ele>
        <time>2026-10-08T12:33:39Z</time>
      </trkpt>
      <trkpt lat="34.3160059190928" lon="108.70700919988647">
        <ele>390.3962552016601</ele>
        <time>2026-10-08T12:33:45Z</time>
      </trkpt>
      <trkpt lat="34.31598360835463" lon="108.70690995870511">
        <ele>390.32680777367204</ele>
        <time>2026-10-08T12:33:46Z</time>
      </trkpt>
      <trkpt lat="34.3159295921873" lon="108.70638499442157">
        <ele>389.8977343449369</ele>
        <time>2026-10-08T12:33:52Z</time>
      </trkpt>
      <trkpt lat="34.31585689510169" lon="108.70584417891249">
        <ele>389.4825176578015</ele>
        <time>2026-10-08T12:33:59Z</time>
      </trkpt>
      <trkpt lat="34.31586901930206" lon="108.70561428569263">
        <ele>390.2058790726587</ele>
        <time>2026-10-08T12:34:04Z</time>
      </trkpt>
      <trkpt lat="34.315782366051465" lon="108.70557408189863">
        <ele>390.524300343357</ele>
        <time>2026-10-08T12:34:05Z</time>
      </trkpt>
      <trkpt lat="34.31574441100098" lon="108.70529641736172">
        <ele>390.7294694473967</ele>
        <time>2026-10-08T12:34:09Z</time>
      </trkpt>
      <trkpt lat="34.315754112508195" lon="108.70514313463651">
        <ele>390.76813384424895</ele>
        <time>2026-10-08T12:34:11Z</time>
      </trkpt>
      <trkpt lat="34.315720284477315" lon="108.70481130765764">
        <ele>391.3851572936401</ele>
        <time>2026-10-08T12:34:15Z</time>
      </trkpt>
      <trkpt lat="34.31569726554837" lon="108.70472364332274">
        <ele>391.38288826681674</ele>
        <time>2026-10-08T12:34:16Z</time>
      </trkpt>
      <trkpt lat="34.31569476466623" lon="108.70463354563074">
        <ele>390.71957538835704</ele>
        <time>2026-10-08T12:34:17Z</time>
      </trkpt>
      <trkpt lat="34.31560215120243" lon="108.70411230724609">
        <ele>391.4383543590084</ele>
        <time>2026-10-08T12:34:23Z</time>
      </trkpt>
      <trkpt lat="34.315499824900954" lon="108.70350653997995">
        <ele>390.1473831469193</ele>
        <time>2026-10-08T12:34:31Z</time>
      </trkpt>
      <trkpt lat="34.31546390037172" lon="108.70341688796215">
        <ele>390.178190340288</ele>
        <time>2026-10-08T12:34:33Z</time>
      </trkpt>
      <trkpt lat="34.315389095088356" lon="108.7028528777981">
        <ele>390.78778939228505</ele>
        <time>2026-10-08T12:34:43Z</time>
      </trkpt>
      <trkpt lat="34.315361642379706" lon="108.70261078860233">
        <ele>390.7478080857545</ele>
        <time>2026-10-08T12:34:47Z</time>
      </trkpt>
      <trkpt lat="34.31533491562039" lon="108.70251201208306">
        <ele>390.126583407633</ele>
        <time>2026-10-08T12:34:49Z</time>
      </trkpt>
      <trkpt lat="34.31522894680765" lon="108.70247148150152">
        <ele>389.6910912403837</ele>
        <time>2026-10-08T12:34:52Z</time>
      </trkpt>
      <trkpt lat="34.3151202129428" lon="108.7024738103127">
        <ele>389.17660014890134</ele>
        <time>2026-10-08T12:34:54Z</time>
      </trkpt>
      <trkpt lat="34.31495010112292" lon="108.70254735783654">
        <ele>389.43524145148695</ele>
        <time>2026-10-08T12:34:58Z</time>
      </trkpt>
      <trkpt lat="34.31486910302852" lon="108.70255704445786">
        <ele>388.83285432867706</ele>
        <time>2026-10-08T12:35:00Z</time>
      </trkpt>
      <trkpt lat="34.314794441080906" lon="108.70259825909545">
        <ele>389.3590575521812</ele>
        <time>2026-10-08T12:35:03Z</time>
      </trkpt>
      <trkpt lat="34.31466258049248" lon="108.70273046959883">
        <ele>390.4499815031886</ele>
        <time>2026-10-08T12:35:22Z</time>
      </trkpt>
      <trkpt lat="34.314570030310016" lon="108.70272759736119">
        <ele>390.0329494541511</ele>
        <time>2026-10-08T12:35:25Z</time>
      </trkpt>
      <trkpt lat="34.314493977222874" lon="108.70268349944867">
        <ele>389.6356163257733</ele>
        <time>2026-10-08T12:35:28Z</time>
      </trkpt>
      <trkpt lat="34.31443118657788" lon="108.70261976533779">
        <ele>389.81206402834505</ele>
        <time>2026-10-08T12:35:31Z</time>
      </trkpt>
      <trkpt lat="34.31399149191768" lon="108.7028297685694">
        <ele>392.62971313484013</ele>
        <time>2026-10-08T12:35:58Z</time>
      </trkpt>
      <trkpt lat="34.313921086389755" lon="108.70285148007957">
        <ele>391.5206160368398</ele>
        <time>2026-10-08T12:36:01Z</time>
      </trkpt>
      <trkpt lat="34.31382076112296" lon="108.70282622702636">
        <ele>391.74706688150764</ele>
        <time>2026-10-08T12:36:04Z</time>
      </trkpt>
      <trkpt lat="34.31371769078352" lon="108.70282899710885">
        <ele>392.1583694284782</ele>
        <time>2026-10-08T12:36:07Z</time>
      </trkpt>
      <trkpt lat="34.31354876746335" lon="108.70285243906336">
        <ele>392.84733174555004</ele>
        <time>2026-10-08T12:36:12Z</time>
      </trkpt>
      <trkpt lat="34.31334121193391" lon="108.70282417325838">
        <ele>392.41697150748223</ele>
        <time>2026-10-08T12:36:17Z</time>
      </trkpt>
      <trkpt lat="34.313169090661916" lon="108.70285330158259">
        <ele>391.9166901027784</ele>
        <time>2026-10-08T12:36:23Z</time>
      </trkpt>
      <trkpt lat="34.312907439599606" lon="108.70292147449203">
        <ele>391.3031651042402</ele>
        <time>2026-10-08T12:36:31Z</time>
      </trkpt>
      <trkpt lat="34.3128266655444" lon="108.70295886774592">
        <ele>391.15142141096294</ele>
        <time>2026-10-08T12:36:33Z</time>
      </trkpt>
      <trkpt lat="34.3127689272061" lon="108.70305879225435">
        <ele>391.1861349726096</ele>
        <time>2026-10-08T12:36:35Z</time>
      </trkpt>
      <trkpt lat="34.312841199251665" lon="108.70350501025239">
        <ele>390.78308446053416</ele>
        <time>2026-10-08T12:36:41Z</time>
      </trkpt>
      <trkpt lat="34.312854633958786" lon="108.70366910151279">
        <ele>391.2916510691866</ele>
        <time>2026-10-08T12:36:43Z</time>
      </trkpt>
      <trkpt lat="34.31288264385854" lon="108.70375319212951">
        <ele>389.7248197728768</ele>
        <time>2026-10-08T12:36:44Z</time>
      </trkpt>
      <trkpt lat="34.312990039216004" lon="108.70435515771374">
        <ele>391.2045048903674</ele>
        <time>2026-10-08T12:36:51Z</time>
      </trkpt>
      <trkpt lat="34.31303230254162" lon="108.70476012739344">
        <ele>391.70269345585257</ele>
        <time>2026-10-08T12:36:55Z</time>
      </trkpt>
      <trkpt lat="34.31302514665354" lon="108.70485740873711">
        <ele>391.43425993062556</ele>
        <time>2026-10-08T12:36:56Z</time>
      </trkpt>
      <trkpt lat="34.31306842316133" lon="108.70504075791152">
        <ele>391.08580665756017</ele>
        <time>2026-10-08T12:36:58Z</time>
      </trkpt>
      <trkpt lat="34.313072959594784" lon="108.7051899554246">
        <ele>390.1632906459272</ele>
        <time>2026-10-08T12:37:00Z</time>
      </trkpt>
      <trkpt lat="34.31305807451685" lon="108.70532833448759">
        <ele>389.8154718494043</ele>
        <time>2026-10-08T12:37:02Z</time>
      </trkpt>
      <trkpt lat="34.312896738258154" lon="108.70571107082675">
        <ele>390.17627859674394</ele>
        <time>2026-10-08T12:37:07Z</time>
      </trkpt>
      <trkpt lat="34.3124957978014" lon="108.7060269042736">
        <ele>389.85028657782823</ele>
        <time>2026-10-08T12:37:13Z</time>
      </trkpt>
      <trkpt lat="34.3121554180073" lon="108.7061757733647">
        <ele>390.4642425039783</ele>
        <time>2026-10-08T12:37:17Z</time>
      </trkpt>
      <trkpt lat="34.311702078249546" lon="108.70632095326751">
        <ele>390.85806751810014</ele>
        <time>2026-10-08T12:37:22Z</time>
      </trkpt>
      <trkpt lat="34.3111651020442" lon="108.70650436721814">
        <ele>392.00254759471864</ele>
        <time>2026-10-08T12:37:28Z</time>
      </trkpt>
      <trkpt lat="34.31107080658189" lon="108.70653578607117">
        <ele>391.92699617054313</ele>
        <time>2026-10-08T12:37:29Z</time>
      </trkpt>
      <trkpt lat="34.310982021693555" lon="108.70656537168637">
        <ele>392.0687044179067</ele>
        <time>2026-10-08T12:37:30Z</time>
      </trkpt>
      <trkpt lat="34.31089518002686" lon="108.70659429382573">
        <ele>392.34505361970514</ele>
        <time>2026-10-08T12:37:31Z</time>
      </trkpt>
      <trkpt lat="34.310537413373424" lon="108.70671346893054">
        <ele>391.77718424052</ele>
        <time>2026-10-08T12:37:35Z</time>
      </trkpt>
      <trkpt lat="34.31006929289871" lon="108.70687015396784">
        <ele>392.86752731446177</ele>
        <time>2026-10-08T12:37:40Z</time>
      </trkpt>
      <trkpt lat="34.30998251670536" lon="108.70689935986283">
        <ele>392.09921460039914</ele>
        <time>2026-10-08T12:37:41Z</time>
      </trkpt>
      <trkpt lat="34.309518424051596" lon="108.70705559213344">
        <ele>392.4581739399582</ele>
        <time>2026-10-08T12:37:46Z</time>
      </trkpt>
      <trkpt lat="34.309424869481" lon="108.7070870850143">
        <ele>391.0748700276017</ele>
        <time>2026-10-08T12:37:47Z</time>
      </trkpt>
      <trkpt lat="34.30924244946339" lon="108.7071484460971">
        <ele>390.4346867194399</ele>
        <time>2026-10-08T12:37:49Z</time>
      </trkpt>
      <trkpt lat="34.30904924426232" lon="108.70721345870734">
        <ele>389.84004608914256</ele>
        <time>2026-10-08T12:37:51Z</time>
      </trkpt>
      <trkpt lat="34.30856125741078" lon="108.70737455692922">
        <ele>389.34761221148074</ele>
        <time>2026-10-08T12:37:56Z</time>
      </trkpt>
      <trkpt lat="34.308463826560285" lon="108.70740653738794">
        <ele>388.31558381859213</ele>
        <time>2026-10-08T12:37:57Z</time>
      </trkpt>
      <trkpt lat="34.30806222681937" lon="108.70753773661032">
        <ele>389.15772109944373</ele>
        <time>2026-10-08T12:38:01Z</time>
      </trkpt>
      <trkpt lat="34.307854451663935" lon="108.70758871720021">
        <ele>389.2474674275145</ele>
        <time>2026-10-08T12:38:03Z</time>
      </trkpt>
      <trkpt lat="34.30775661286153" lon="108.70763755578255">
        <ele>389.32512592338026</ele>
        <time>2026-10-08T12:38:04Z</time>
      </trkpt>
      <trkpt lat="34.307648904839645" lon="108.70765326209938">
        <ele>388.4369082842022</ele>
        <time>2026-10-08T12:38:05Z</time>
      </trkpt>
      <trkpt lat="34.307144131455786" lon="108.7078693575063">
        <ele>388.64459303114563</ele>
        <time>2026-10-08T12:38:10Z</time>
      </trkpt>
      <trkpt lat="34.30663439586356" lon="108.70803978925096">
        <ele>389.53312865365297</ele>
        <time>2026-10-08T12:38:15Z</time>
      </trkpt>
      <trkpt lat="34.30613924507774" lon="108.70822514066126">
        <ele>390.28568318951875</ele>
        <time>2026-10-08T12:38:20Z</time>
      </trkpt>
      <trkpt lat="34.30577076037144" lon="108.70839259390624">
        <ele>391.38499401975423</ele>
        <time>2026-10-08T12:38:24Z</time>
      </trkpt>
      <trkpt lat="34.30558491982161" lon="108.708426786141">
        <ele>390.28816116042435</ele>
        <time>2026-10-08T12:38:26Z</time>
      </trkpt>
      <trkpt lat="34.30549198648657" lon="108.70848827670565">
        <ele>391.2276624981314</ele>
        <time>2026-10-08T12:38:27Z</time>
      </trkpt>
      <trkpt lat="34.30530035412166" lon="108.7085577509148">
        <ele>391.1403455566615</ele>
        <time>2026-10-08T12:38:29Z</time>
      </trkpt>
      <trkpt lat="34.30511116901693" lon="108.70859407485672">
        <ele>390.0403207652271</ele>
        <time>2026-10-08T12:38:31Z</time>
      </trkpt>
      <trkpt lat="34.30501977454404" lon="108.7086285788746">
        <ele>390.1577918017283</ele>
        <time>2026-10-08T12:38:32Z</time>
      </trkpt>
      <trkpt lat="34.30457819435141" lon="108.7088495182407">
        <ele>391.1915552485734</ele>
        <time>2026-10-08T12:38:37Z</time>
      </trkpt>
      <trkpt lat="34.30450161621705" lon="108.70888114104078">
        <ele>390.36516514234245</ele>
        <time>2026-10-08T12:38:38Z</time>
      </trkpt>
      <trkpt lat="34.30407420222834" lon="108.709057589122">
        <ele>390.4156232653186</ele>
        <time>2026-10-08T12:38:43Z</time>
      </trkpt>
      <trkpt lat="34.303897209954435" lon="108.70911054782609">
        <ele>392.147469160147</ele>
        <time>2026-10-08T12:38:45Z</time>
      </trkpt>
      <trkpt lat="34.303509265090405" lon="108.7092908676245">
        <ele>391.2008291101083</ele>
        <time>2026-10-08T12:38:50Z</time>
      </trkpt>
      <trkpt lat="34.303380200785135" lon="108.70932522163">
        <ele>391.0578818116337</ele>
        <time>2026-10-08T12:38:52Z</time>
      </trkpt>
      <trkpt lat="34.3033249733394" lon="108.7093814748062">
        <ele>391.4455463234335</ele>
        <time>2026-10-08T12:38:53Z</time>
      </trkpt>
      <trkpt lat="34.30287215206683" lon="108.70952482734323">
        <ele>391.7784692691639</ele>
        <time>2026-10-08T12:38:59Z</time>
      </trkpt>
      <trkpt lat="34.302425854145845" lon="108.70972670211539">
        <ele>391.81358819734305</ele>
        <time>2026-10-08T12:39:05Z</time>
      </trkpt>
      <trkpt lat="34.30204426773442" lon="108.70989016266833">
        <ele>392.22190540190786</ele>
        <time>2026-10-08T12:39:10Z</time>
      </trkpt>
      <trkpt lat="34.30161439549573" lon="108.71008549902773">
        <ele>392.16764230374247</ele>
        <time>2026-10-08T12:39:15Z</time>
      </trkpt>
      <trkpt lat="34.30107773138469" lon="108.71030613682424">
        <ele>391.0941785965115</ele>
        <time>2026-10-08T12:39:22Z</time>
      </trkpt>
      <trkpt lat="34.30089301719946" lon="108.71038201273568">
        <ele>390.2775669666007</ele>
        <time>2026-10-08T12:39:25Z</time>
      </trkpt>
      <trkpt lat="34.30079243861322" lon="108.71040456913882">
        <ele>390.88780721277</ele>
        <time>2026-10-08T12:39:27Z</time>
      </trkpt>
      <trkpt lat="34.30053280097719" lon="108.71053016468194">
        <ele>391.5077788569033</ele>
        <time>2026-10-08T12:39:35Z</time>
      </trkpt>
      <trkpt lat="34.300395658552354" lon="108.71032257792076">
        <ele>391.5247237794101</ele>
        <time>2026-10-08T12:39:41Z</time>
      </trkpt>
      <trkpt lat="34.30031989719325" lon="108.71031363997373">
        <ele>391.2985824961215</ele>
        <time>2026-10-08T12:40:21Z</time>
      </trkpt>
      <trkpt lat="34.30014050456108" lon="108.71038849823812">
        <ele>390.79941449780017</ele>
        <time>2026-10-08T12:40:27Z</time>
      </trkpt>
      <trkpt lat="34.29997602580553" lon="108.71063624521256">
        <ele>389.9170441972092</ele>
        <time>2026-10-08T12:40:33Z</time>
      </trkpt>
      <trkpt lat="34.29990085169438" lon="108.7106968359601">
        <ele>389.6683982005343</ele>
        <time>2026-10-08T12:40:35Z</time>
      </trkpt>
      <trkpt lat="34.29979721873962" lon="108.71069092142092">
        <ele>389.57176638022065</ele>
        <time>2026-10-08T12:40:37Z</time>
      </trkpt>
      <trkpt lat="34.29941814164082" lon="108.71083309787542">
        <ele>389.48907123785466</ele>
        <time>2026-10-08T12:40:45Z</time>
      </trkpt>
      <trkpt lat="34.29937725649401" lon="108.71100182752858">
        <ele>389.1757338764146</ele>
        <time>2026-10-08T12:40:47Z</time>
      </trkpt>
      <trkpt lat="34.29917523147055" lon="108.71108362248455">
        <ele>390.82052141148597</ele>
        <time>2026-10-08T12:40:51Z</time>
      </trkpt>
      <trkpt lat="34.29911770359616" lon="108.71100469892818">
        <ele>390.61395892314613</ele>
        <time>2026-10-08T12:40:52Z</time>
      </trkpt>
      <trkpt lat="34.29894419392585" lon="108.71108732608126">
        <ele>389.9019518615678</ele>
        <time>2026-10-08T12:40:56Z</time>
      </trkpt>
      <trkpt lat="34.29884310818635" lon="108.71111352804185">
        <ele>389.860258939676</ele>
        <time>2026-10-08T12:40:58Z</time>
      </trkpt>
      <trkpt lat="34.298550288826284" lon="108.7112449082278">
        <ele>388.51715771853924</ele>
        <time>2026-10-08T12:41:04Z</time>
      </trkpt>
      <trkpt lat="34.29826460024824" lon="108.71134236879877">
        <ele>388.13329011108726</ele>
        <time>2026-10-08T12:41:10Z</time>
      </trkpt>
      <trkpt lat="34.298175586895795" lon="108.71131666940096">
        <ele>388.50107911787927</ele>
        <time>2026-10-08T12:41:13Z</time>
      </trkpt>
      <trkpt lat="34.29815833500019" lon="108.71097311935844">
        <ele>389.0507174534723</ele>
        <time>2026-10-08T12:41:21Z</time>
      </trkpt>
      <trkpt lat="34.29810370768464" lon="108.71067597495745">
        <ele>389.09444403182715</ele>
        <time>2026-10-08T12:41:29Z</time>
      </trkpt>
      <trkpt lat="34.298056905159605" lon="108.71057721883003">
        <ele>389.26542749255896</ele>
        <time>2026-10-08T12:41:31Z</time>
      </trkpt>
      <trkpt lat="34.29805937272172" lon="108.71043179513288">
        <ele>389.0339797185734</ele>
        <time>2026-10-08T12:41:34Z</time>
      </trkpt>
      <trkpt lat="34.29803364034256" lon="108.71030253314252">
        <ele>388.53834987431765</ele>
        <time>2026-10-08T12:41:37Z</time>
      </trkpt>
      <trkpt lat="34.297974407347006" lon="108.71021242864894">
        <ele>388.8254664381966</ele>
        <time>2026-10-08T12:41:40Z</time>
      </trkpt>
      <trkpt lat="34.29789702008235" lon="108.71020558547374">
        <ele>388.5146074248478</ele>
        <time>2026-10-08T12:41:45Z</time>
      </trkpt>
      <trkpt lat="34.29771488926681" lon="108.71025021018167">
        <ele>387.7047885423526</ele>
        <time>2026-10-08T12:41:51Z</time>
      </trkpt>
      <trkpt lat="34.29774371222523" lon="108.7105774959768">
        <ele>387.12581140361726</ele>
        <time>2026-10-08T12:42:01Z</time>
      </trkpt>
      <trkpt lat="34.297764994442254" lon="108.71066219063565">
        <ele>387.7419085474685</ele>
        <time>2026-10-08T12:42:05Z</time>
      </trkpt>
      <trkpt lat="34.297829466643336" lon="108.71070289237188">
        <ele>387.95314642135054</ele>
        <time>2026-10-08T12:42:07Z</time>
      </trkpt>
      <trkpt lat="34.2979319497231" lon="108.71084740958159">
        <ele>388.4801254449412</ele>
        <time>2026-10-08T12:42:23Z</time>
      </trkpt>
      <trkpt lat="34.29786816937475" lon="108.7108941875875">
        <ele>388.7181625524536</ele>
        <time>2026-10-08T12:42:28Z</time>
      </trkpt>
      <trkpt lat="34.29786816937475" lon="108.7108941875875">
        <ele>388.7181625524536</ele>
        <time>2026-10-08T12:43:01Z</time>
      </trkpt>
    </trkseg>
  </trk>
</gpx>