<?xml version="1.0" encoding="UTF-8"?>
<gpx xmlns="http://www.topografix.com/GPX/1/1" xmlns:gpxtpx="http://www.garmin.com/xmlschemas/TrackPointExtension/v1" xmlns:xsi="http://www.w3.org/2001/XMLSchema-instance" xsi:schemaLocation="http://www.topografix.com/GPX/1/1 http://www.topografix.com/GPX/1/1/gpx.xsd" version="1.1" creator="gpx.py -- https://github.com/tkrajina/gpxpy">
  <trk>
    <name>gpx from keep</name>
    <type>Ride</type>
    <trkseg>
      <trkpt lat="34.32845184348047" lon="108.98006282272007">
        <ele>494.5931091308594</ele>
        <time>2022-04-28T10:35:21Z</time>
      </trkpt>
      <trkpt lat="34.32833522231861" lon="108.98026359721567">
        <ele>494.5931091308594</ele>
        <time>2022-04-28T10:35:30Z</time>
      </trkpt>
      <trkpt lat="34.32845184348047" lon="108.98006282272007">
        <ele>494.5931091308594</ele>
        <time>2022-04-28T10:35:39Z</time>
      </trkpt>
      <trkpt lat="34.328320052553444" lon="108.98027651593151">
        <ele>494.5931091308594</ele>
        <time>2022-04-28T10:36:45Z</time>
      </trkpt>
      <trkpt lat="34.32845184348047" lon="108.98006282272007">
        <ele>494.5931091308594</ele>
        <time>2022-04-28T10:36:51Z</time>
      </trkpt>
      <trkpt lat="34.32833836481142" lon="108.98028974679373">
        <ele>494.5931091308594</ele>
        <time>2022-04-28T10:37:03Z</time>
      </trkpt>
      <trkpt lat="34.32845184348047" lon="108.98006282272007">
        <ele>494.5931091308594</ele>
        <time>2022-04-28T10:37:09Z</time>
      </trkpt>
      <trkpt lat="34.32831956392527" lon="108.98027554870447">
        <ele>494.5931091308594</ele>
        <time>2022-04-28T10:37:33Z</time>
      </trkpt>
      <trkpt lat="34.32845184348047" lon="108.98006282272007">
        <ele>494.5931091308594</ele>
        <time>2022-04-28T10:37:57Z</time>
      </trkpt>
      <trkpt lat="34.32831636190303" lon="108.98027050118971">
        <ele>494.5931091308594</ele>
        <time>2022-04-28T10:38:03Z</time>
      </trkpt>
      <trkpt lat="34.32845184348047" lon="108.98006282272007">
        <ele>494.5931091308594</ele>
        <time>2022-04-28T10:41:52Z</time>
      </trkpt>
      <trkpt lat="34.32829435553687" lon="108.98024117287665">
        <ele>494.5931091308594</ele>
        <time>2022-04-28T10:42:02Z</time>
      </trkpt>
      <trkpt lat="34.32845184348047" lon="108.98006282272007">
        <ele>494.5931091308594</ele>
        <time>2022-04-28T10:42:10Z</time>
      </trkpt>
      <trkpt lat="34.32833621433416" lon="108.9803044516872">
        <ele>494.5931091308594</ele>
        <time>2022-04-28T10:43:12Z</time>
      </trkpt>
      <trkpt lat="34.32841837797763" lon="108.98035354094436">
        <ele>494.5931091308594</ele>
        <time>2022-04-28T10:43:28Z</time>
      </trkpt>
      <trkpt lat="34.32834104961823" lon="108.98035203222166">
        <ele>494.5931091308594</ele>
        <time>2022-04-28T10:43:42Z</time>
      </trkpt>
      <trkpt lat="34.3285887338814" lon="108.98025111435396">
        <ele>494.5931091308594</ele>
        <time>2022-04-28T10:44:03Z</time>
      </trkpt>
      <trkpt lat="34.32830205019932" lon="108.98047946991703">
        <ele>457.63580322265625</ele>
        <time>2022-04-28T10:44:27Z</time>
      </trkpt>
      <trkpt lat="34.32808216005579" lon="108.98040851561528">
        <ele>446.60382080078125</ele>
        <time>2022-04-28T10:44:32Z</time>
      </trkpt>
      <trkpt lat="34.32836768055119" lon="108.98040159806446">
        <ele>430.06536865234375</ele>
        <time>2022-04-28T10:44:40Z</time>
      </trkpt>
      <trkpt lat="34.328576443979514" lon="108.98036739231374">
        <ele>411.07208251953125</ele>
        <time>2022-04-28T10:44:58Z</time>
      </trkpt>
      <trkpt lat="34.32884490675334" lon="108.98018089927784">
        <ele>347.7935323379934</ele>
        <time>2022-04-28T10:45:07Z</time>
      </trkpt>
      <trkpt lat="34.32887571112557" lon="108.9802676060449">
        <ele>347.6962565453723</ele>
        <time>2022-04-28T10:45:09Z</time>
      </trkpt>
      <trkpt lat="34.3288049748043" lon="108.9803425817918">
        <ele>349.827110234648</ele>
        <time>2022-04-28T10:45:11Z</time>
      </trkpt>
      <trkpt lat="34.328716111659716" lon="108.98035776361294">
        <ele>358.2719400757924</ele>
        <time>2022-04-28T10:45:22Z</time>
      </trkpt>
      <trkpt lat="34.32866529535836" lon="108.98073462947463">
        <ele>395.7970853317529</ele>
        <time>2022-04-28T10:45:35Z</time>
      </trkpt>
      <trkpt lat="34.32860029179128" lon="108.98079804311273">
        <ele>395.5906709237024</ele>
        <time>2022-04-28T10:45:37Z</time>
      </trkpt>
      <trkpt lat="34.32851918565279" lon="108.9808076796151">
        <ele>394.7301730411127</ele>
        <time>2022-04-28T10:45:41Z</time>
      </trkpt>
      <trkpt lat="34.32841700027566" lon="108.98077716291264">
        <ele>395.04521042015404</ele>
        <time>2022-04-28T10:45:45Z</time>
      </trkpt>
      <trkpt lat="34.32818648323641" lon="108.98079023858136">
        <ele>395.1742940125987</ele>
        <time>2022-04-28T10:45:51Z</time>
      </trkpt>
      <trkpt lat="34.32813914199589" lon="108.98072284105488">
        <ele>394.74746855255216</ele>
        <time>2022-04-28T10:45:53Z</time>
      </trkpt>
      <trkpt lat="34.32810659901715" lon="108.98018345892065">
        <ele>395.77513480652124</ele>
        <time>2022-04-28T10:46:03Z</time>
      </trkpt>
      <trkpt lat="34.328119704286735" lon="108.97984260421819">
        <ele>395.9239915981889</ele>
        <time>2022-04-28T10:46:09Z</time>
      </trkpt>
      <trkpt lat="34.32814272904122" lon="108.97973323454552">
        <ele>395.6419985610992</ele>
        <time>2022-04-28T10:46:11Z</time>
      </trkpt>
      <trkpt lat="34.32819653897176" lon="108.97963516576561">
        <ele>395.6855166722089</ele>
        <time>2022-04-28T10:46:13Z</time>
      </trkpt>
      <trkpt lat="34.32834046467896" lon="108.97950762304207">
        <ele>396.6778576504439</ele>
        <time>2022-04-28T10:46:17Z</time>
      </trkpt>
      <trkpt lat="34.32842564621411" lon="108.97949096224517">
        <ele>396.1143481070176</ele>
        <time>2022-04-28T10:46:19Z</time>
      </trkpt>
      <trkpt lat="34.328596912412905" lon="108.97951172277051">
        <ele>396.5153751093894</ele>
        <time>2022-04-28T10:46:23Z</time>
      </trkpt>
      <trkpt lat="34.32911847917142" lon="108.97945856913692">
        <ele>396.32517874613404</ele>
        <time>2022-04-28T10:46:33Z</time>
      </trkpt>
      <trkpt lat="34.329632208392546" lon="108.97948523042852">
        <ele>396.32334632612765</ele>
        <time>2022-04-28T10:46:41Z</time>
      </trkpt>
      <trkpt lat="34.329767465530395" lon="108.97952220036271">
        <ele>396.0485330224037</ele>
        <time>2022-04-28T10:46:43Z</time>
      </trkpt>
      <trkpt lat="34.3300204344488" lon="108.97964093038355">
        <ele>395.99419052898884</ele>
        <time>2022-04-28T10:46:47Z</time>
      </trkpt>
      <trkpt lat="34.33014327864672" lon="108.97967884735966">
        <ele>395.81958512216806</ele>
        <time>2022-04-28T10:46:49Z</time>
      </trkpt>
      <trkpt lat="34.33060051200295" lon="108.9796922088698">
        <ele>395.3962018964812</ele>
        <time>2022-04-28T10:46:57Z</time>
      </trkpt>
      <trkpt lat="34.3306830452019" lon="108.97972756555457">
        <ele>394.94443583115935</ele>
        <time>2022-04-28T10:46:59Z</time>
      </trkpt>
      <trkpt lat="34.33076535088517" lon="108.97981362933902">
        <ele>395.2903053285554</ele>
        <time>2022-04-28T10:47:01Z</time>
      </trkpt>
      <trkpt lat="34.33079932053924" lon="108.97994978610349">
        <ele>395.609456689097</ele>
        <time>2022-04-28T10:47:03Z</time>
      </trkpt>
      <trkpt lat="34.330751963567614" lon="108.98061067134768">
        <ele>394.1459969142452</ele>
        <time>2022-04-28T10:47:11Z</time>
      </trkpt>
      <trkpt lat="34.330754686130184" lon="108.98125801815797">
        <ele>394.1610363442451</ele>
        <time>2022-04-28T10:47:18Z</time>
      </trkpt>
      <trkpt lat="34.330725747609584" lon="108.98190520598989">
        <ele>393.8395604463294</ele>
        <time>2022-04-28T10:47:25Z</time>
      </trkpt>
      <trkpt lat="34.330694527347696" lon="108.9824362120542">
        <ele>394.4754191953689</ele>
        <time>2022-04-28T10:47:31Z</time>
      </trkpt>
      <trkpt lat="34.33068545331464" lon="108.9829145565846">
        <ele>394.3639487400651</ele>
        <time>2022-04-28T10:47:37Z</time>
      </trkpt>
      <trkpt lat="34.33067978391978" lon="108.98360598313937">
        <ele>394.1598017271608</ele>
        <time>2022-04-28T10:47:45Z</time>
      </trkpt>
      <trkpt lat="34.330686534493395" lon="108.98414132011256">
        <ele>394.2696950668469</ele>
        <time>2022-04-28T10:47:51Z</time>
      </trkpt>
      <trkpt lat="34.33070792411881" lon="108.98469554726023">
        <ele>394.6102721160278</ele>
        <time>2022-04-28T10:47:57Z</time>
      </trkpt>
      <trkpt lat="34.330729906883256" lon="108.98505778907794">
        <ele>393.9391107717529</ele>
        <time>2022-04-28T10:48:01Z</time>
      </trkpt>
      <trkpt lat="34.330704804822936" lon="108.98558889082682">
        <ele>394.13920436706394</ele>
        <time>2022-04-28T10:48:07Z</time>
      </trkpt>
      <trkpt lat="34.3306707321931" lon="108.9859500297605">
        <ele>393.0844008298591</ele>
        <time>2022-04-28T10:48:11Z</time>
      </trkpt>
      <trkpt lat="34.330681051024094" lon="108.98634006512245">
        <ele>394.0542674679309</ele>
        <time>2022-04-28T10:48:15Z</time>
      </trkpt>
      <trkpt lat="34.330755377822854" lon="108.9867229253971">
        <ele>393.31884745974094</ele>
        <time>2022-04-28T10:48:19Z</time>
      </trkpt>
      <trkpt lat="34.330766648641465" lon="108.9871608528978">
        <ele>392.60190513171256</ele>
        <time>2022-04-28T10:48:23Z</time>
      </trkpt>
      <trkpt lat="34.33090849283151" lon="108.98721091506253">
        <ele>393.06020680069923</ele>
        <time>2022-04-28T10:48:25Z</time>
      </trkpt>
      <trkpt lat="34.331005303840634" lon="108.98770969463446">
        <ele>392.9150557918474</ele>
        <time>2022-04-28T10:48:31Z</time>
      </trkpt>
      <trkpt lat="34.33103474064254" lon="108.98793008763266">
        <ele>393.01881534792483</ele>
        <time>2022-04-28T10:48:33Z</time>
      </trkpt>
      <trkpt lat="34.330816667510724" lon="108.98810407314726">
        <ele>392.5743959574029</ele>
        <time>2022-04-28T10:48:35Z</time>
      </trkpt>
      <trkpt lat="34.330665431482586" lon="108.98828927297205">
        <ele>392.2878617765382</ele>
        <time>2022-04-28T10:48:37Z</time>
      </trkpt>
      <trkpt lat="34.330621434180756" lon="108.98847231187548">
        <ele>393.2271048100665</ele>
        <time>2022-04-28T10:48:39Z</time>
      </trkpt>
      <trkpt lat="34.33064711770265" lon="108.98905458448166">
        <ele>393.0636915676296</ele>
        <time>2022-04-28T10:48:45Z</time>
      </trkpt>
      <trkpt lat="34.33062828551453" lon="108.98952383738434">
        <ele>392.1021773349494</ele>
        <time>2022-04-28T10:48:51Z</time>
      </trkpt>
      <trkpt lat="34.33068338713874" lon="108.99002269969372">
        <ele>391.90421181358397</ele>
        <time>2022-04-28T10:48:59Z</time>
      </trkpt>
      <trkpt lat="34.33068144654221" lon="108.99014235929123">
        <ele>392.1376701919362</ele>
        <time>2022-04-28T10:49:01Z</time>
      </trkpt>
      <trkpt lat="34.330712435834165" lon="108.99036010919878">
        <ele>391.256735207513</ele>
        <time>2022-04-28T10:49:05Z</time>
      </trkpt>
      <trkpt lat="34.33065732033361" lon="108.99043493005777">
        <ele>391.20369567815214</ele>
        <time>2022-04-28T10:49:09Z</time>
      </trkpt>
      <trkpt lat="34.330667909161846" lon="108.99036375759641">
        <ele>391.427726553753</ele>
        <time>2022-04-28T10:49:19Z</time>
      </trkpt>
      <trkpt lat="34.330646808769075" lon="108.9906948879615">
        <ele>392.0816346751526</ele>
        <time>2022-04-28T10:49:52Z</time>
      </trkpt>
      <trkpt lat="34.33069716460364" lon="108.99108368315355">
        <ele>391.4812784716487</ele>
        <time>2022-04-28T10:49:58Z</time>
      </trkpt>
      <trkpt lat="34.33067426409062" lon="108.99168398691486">
        <ele>392.1679331706837</ele>
        <time>2022-04-28T10:50:06Z</time>
      </trkpt>
      <trkpt lat="34.33068330286951" lon="108.99203283745625">
        <ele>392.568288192153</ele>
        <time>2022-04-28T10:50:10Z</time>
      </trkpt>
      <trkpt lat="34.33064557380874" lon="108.99220228750528">
        <ele>392.3475414533168</ele>
        <time>2022-04-28T10:50:12Z</time>
      </trkpt>
      <trkpt lat="34.33063055485043" lon="108.99253940107182">
        <ele>392.2095011295751</ele>
        <time>2022-04-28T10:50:16Z</time>
      </trkpt>
      <trkpt lat="34.330640678490795" lon="108.99270829549332">
        <ele>393.33154926635325</ele>
        <time>2022-04-28T10:50:18Z</time>
      </trkpt>
      <trkpt lat="34.330574052178996" lon="108.99306024994328">
        <ele>394.524894493632</ele>
        <time>2022-04-28T10:50:22Z</time>
      </trkpt>
      <trkpt lat="34.3306142996394" lon="108.99322361569529">
        <ele>393.4417792512104</ele>
        <time>2022-04-28T10:50:24Z</time>
      </trkpt>
      <trkpt lat="34.33064090259029" lon="108.9937507789334">
        <ele>393.843832494691</ele>
        <time>2022-04-28T10:50:30Z</time>
      </trkpt>
      <trkpt lat="34.33067895298806" lon="108.99423396872034">
        <ele>393.19263518974185</ele>
        <time>2022-04-28T10:50:36Z</time>
      </trkpt>
      <trkpt lat="34.33075186966756" lon="108.99476400167939">
        <ele>392.3674642518163</ele>
        <time>2022-04-28T10:50:42Z</time>
      </trkpt>
      <trkpt lat="34.33079873869583" lon="108.99508122684945">
        <ele>393.2892224844545</ele>
        <time>2022-04-28T10:50:46Z</time>
      </trkpt>
      <trkpt lat="34.33087009039257" lon="108.99530556021115">
        <ele>392.8918464910239</ele>
        <time>2022-04-28T10:50:48Z</time>
      </trkpt>
      <trkpt lat="34.33089169852106" lon="108.99544838189424">
        <ele>393.11682355217636</ele>
        <time>2022-04-28T10:50:50Z</time>
      </trkpt>
      <trkpt lat="34.33086250109386" lon="108.99561174938559">
        <ele>391.96932428050786</ele>
        <time>2022-04-28T10:50:52Z</time>
      </trkpt>
      <trkpt lat="34.33089109305814" lon="108.99576495466874">
        <ele>393.2614523181692</ele>
        <time>2022-04-28T10:50:54Z</time>
      </trkpt>
      <trkpt lat="34.33083126248236" lon="108.99590233615857">
        <ele>392.48839397355914</ele>
        <time>2022-04-28T10:50:56Z</time>
      </trkpt>
      <trkpt lat="34.33085192252491" lon="108.99610566191016">
        <ele>393.6012391857803</ele>
        <time>2022-04-28T10:50:58Z</time>
      </trkpt>
      <trkpt lat="34.33083942887808" lon="108.99632860083305">
        <ele>392.8909391500056</ele>
        <time>2022-04-28T10:51:00Z</time>
      </trkpt>
      <trkpt lat="34.33085671295898" lon="108.99654155695536">
        <ele>392.5151185542345</ele>
        <time>2022-04-28T10:51:02Z</time>
      </trkpt>
      <trkpt lat="34.330983687496285" lon="108.99667003004093">
        <ele>392.92187274619937</ele>
        <time>2022-04-28T10:51:04Z</time>
      </trkpt>
      <trkpt lat="34.331061090278546" lon="108.99719709111201">
        <ele>392.6449107956141</ele>
        <time>2022-04-28T10:51:09Z</time>
      </trkpt>
      <trkpt lat="34.331232347810754" lon="108.99772773874041">
        <ele>392.82094611413777</ele>
        <time>2022-04-28T10:51:15Z</time>
      </trkpt>
      <trkpt lat="34.33137594391796" lon="108.99828271401648">
        <ele>392.36264532990754</ele>
        <time>2022-04-28T10:51:21Z</time>
      </trkpt>
      <trkpt lat="34.33147733573476" lon="108.99884846697633">
        <ele>392.31838065665215</ele>
        <time>2022-04-28T10:51:27Z</time>
      </trkpt>
      <trkpt lat="34.33151830177497" lon="108.9994061671033">
        <ele>391.2379164788872</ele>
        <time>2022-04-28T10:51:33Z</time>
      </trkpt>
      <trkpt lat="34.33156042562234" lon="108.99997520014065">
        <ele>391.0460925316438</ele>
        <time>2022-04-28T10:51:39Z</time>
      </trkpt>
      <trkpt lat="34.33157640849156" lon="109.00054722127088">
        <ele>389.68138576392084</ele>
        <time>2022-04-28T10:51:45Z</time>
      </trkpt>
      <trkpt lat="34.33154996904646" lon="109.00111951238836">
        <ele>388.764998793602</ele>
        <time>2022-04-28T10:51:51Z</time>
      </trkpt>
      <trkpt lat="34.331520846357144" lon="109.00170798875028">
        <ele>388.9981423197314</ele>
        <time>2022-04-28T10:51:57Z</time>
      </trkpt>
      <trkpt lat="34.33151692885733" lon="109.00228974792422">
        <ele>390.0639650663361</ele>
        <time>2022-04-28T10:52:03Z</time>
      </trkpt>
      <trkpt lat="34.33149706168096" lon="109.0028760036696">
        <ele>388.6229540305212</ele>
        <time>2022-04-28T10:52:09Z</time>
      </trkpt>
      <trkpt lat="34.33148881203833" lon="109.00348265748397">
        <ele>388.3424212904647</ele>
        <time>2022-04-28T10:52:15Z</time>
      </trkpt>
      <trkpt lat="34.33150623555366" lon="109.00409773061196">
        <ele>387.72034141235054</ele>
        <time>2022-04-28T10:52:21Z</time>
      </trkpt>
      <trkpt lat="34.33148254869844" lon="109.00463247289669">
        <ele>387.08012132626027</ele>
        <time>2022-04-28T10:52:27Z</time>
      </trkpt>
      <trkpt lat="34.331435691892516" lon="109.00518202018523">
        <ele>386.629310852848</ele>
        <time>2022-04-28T10:52:33Z</time>
      </trkpt>
      <trkpt lat="34.33141351237161" lon="109.00574963970044">
        <ele>387.6255282610655</ele>
        <time>2022-04-28T10:52:39Z</time>
      </trkpt>
      <trkpt lat="34.3313866587728" lon="109.00636090145763">
        <ele>387.3564223572612</ele>
        <time>2022-04-28T10:52:45Z</time>
      </trkpt>
      <trkpt lat="34.33138808866298" lon="109.00698074709055">
        <ele>386.8034855686128</ele>
        <time>2022-04-28T10:52:51Z</time>
      </trkpt>
      <trkpt lat="34.33136628912089" lon="109.00760484570438">
        <ele>386.5235496480018</ele>
        <time>2022-04-28T10:52:57Z</time>
      </trkpt>
      <trkpt lat="34.33134312745555" lon="109.00798727050352">
        <ele>383.9106773547828</ele>
        <time>2022-04-28T10:53:01Z</time>
      </trkpt>
      <trkpt lat="34.33134466893549" lon="109.0086157291951">
        <ele>386.369402712211</ele>
        <time>2022-04-28T10:53:09Z</time>
      </trkpt>
      <trkpt lat="34.33133031622311" lon="109.00900505564981">
        <ele>386.4023366253823</ele>
        <time>2022-04-28T10:53:15Z</time>
      </trkpt>
      <trkpt lat="34.33130691477259" lon="109.00913843351279">
        <ele>385.334615576081</ele>
        <time>2022-04-28T10:53:27Z</time>
      </trkpt>
      <trkpt lat="34.331335412274186" lon="109.00932282710326">
        <ele>385.71519221458584</ele>
        <time>2022-04-28T10:53:56Z</time>
      </trkpt>
      <trkpt lat="34.33136924272432" lon="109.00990735265455">
        <ele>386.09488814044744</ele>
        <time>2022-04-28T10:54:06Z</time>
      </trkpt>
      <trkpt lat="34.33143292326685" lon="109.0105117195374">
        <ele>386.7338660405949</ele>
        <time>2022-04-28T10:54:14Z</time>
      </trkpt>
      <trkpt lat="34.33145441262568" lon="109.01068688456158">
        <ele>386.0738753648475</ele>
        <time>2022-04-28T10:54:16Z</time>
      </trkpt>
      <trkpt lat="34.33161520486643" lon="109.0113430711309">
        <ele>387.7438625441864</ele>
        <time>2022-04-28T10:54:24Z</time>
      </trkpt>
      <trkpt lat="34.33169950108765" lon="109.01166850345801">
        <ele>387.1399977495894</ele>
        <time>2022-04-28T10:54:28Z</time>
      </trkpt>
      <trkpt lat="34.33188166213245" lon="109.01215720728715">
        <ele>388.56941053736955</ele>
        <time>2022-04-28T10:54:34Z</time>
      </trkpt>
      <trkpt lat="34.332010070402966" lon="109.01250512096169">
        <ele>389.02297324873507</ele>
        <time>2022-04-28T10:54:38Z</time>
      </trkpt>
      <trkpt lat="34.33223907534197" lon="109.01296660905582">
        <ele>388.57095244619995</ele>
        <time>2022-04-28T10:54:44Z</time>
      </trkpt>
      <trkpt lat="34.332416719476875" lon="109.01319498660396">
        <ele>389.61716162599623</ele>
        <time>2022-04-28T10:54:48Z</time>
      </trkpt>
      <trkpt lat="34.33252632218392" lon="109.01327425592306">
        <ele>389.57592231128365</ele>
        <time>2022-04-28T10:54:50Z</time>
      </trkpt>
      <trkpt lat="34.33262065975344" lon="109.013399100338">
        <ele>389.4334872448817</ele>
        <time>2022-04-28T10:54:52Z</time>
      </trkpt>
      <trkpt lat="34.33291774811331" lon="109.01395081315825">
        <ele>386.93013490829617</ele>
        <time>2022-04-28T10:55:00Z</time>
      </trkpt>
      <trkpt lat="34.33319059606312" lon="109.0144611809553">
        <ele>385.4319466166198</ele>
        <time>2022-04-28T10:55:07Z</time>
      </trkpt>
      <trkpt lat="34.333258528276076" lon="109.01461921555679">
        <ele>385.4288627244532</ele>
        <time>2022-04-28T10:55:09Z</time>
      </trkpt>
      <trkpt lat="34.333560631799884" lon="109.01505256187778">
        <ele>385.1784397000447</ele>
        <time>2022-04-28T10:55:15Z</time>
      </trkpt>
      <trkpt lat="34.33385577082439" lon="109.01553970220516">
        <ele>384.68563345074654</ele>
        <time>2022-04-28T10:55:21Z</time>
      </trkpt>
      <trkpt lat="34.334208156182775" lon="109.01599118605579">
        <ele>385.18282210826874</ele>
        <time>2022-04-28T10:55:27Z</time>
      </trkpt>
      <trkpt lat="34.3345484911831" lon="109.01642389907687">
        <ele>384.9300411529839</ele>
        <time>2022-04-28T10:55:33Z</time>
      </trkpt>
      <trkpt lat="34.334897229192954" lon="109.01684199890815">
        <ele>384.5816460447386</ele>
        <time>2022-04-28T10:55:39Z</time>
      </trkpt>
      <trkpt lat="34.33522258873567" lon="109.01726212753616">
        <ele>386.2381290337071</ele>
        <time>2022-04-28T10:55:45Z</time>
      </trkpt>
      <trkpt lat="34.33543226684308" lon="109.01752518257847">
        <ele>386.8627821691334</ele>
        <time>2022-04-28T10:55:49Z</time>
      </trkpt>
      <trkpt lat="34.335513170283264" lon="109.01765659935961">
        <ele>386.81565822381526</ele>
        <time>2022-04-28T10:55:51Z</time>
      </trkpt>
      <trkpt lat="34.33560791845917" lon="109.01774693790863">
        <ele>387.2971974425018</ele>
        <time>2022-04-28T10:55:53Z</time>
      </trkpt>
      <trkpt lat="34.33572492422118" lon="109.01782715559877">
        <ele>386.98915976285934</ele>
        <time>2022-04-28T10:55:55Z</time>
      </trkpt>
      <trkpt lat="34.33608174574301" lon="109.01818946281459">
        <ele>384.9910816559568</ele>
        <time>2022-04-28T10:56:01Z</time>
      </trkpt>
      <trkpt lat="34.33646231051173" lon="109.01857799934683">
        <ele>381.4500553961843</ele>
        <time>2022-04-28T10:56:07Z</time>
      </trkpt>
      <trkpt lat="34.33685414883885" lon="109.01898580350745">
        <ele>380.72524276096374</ele>
        <time>2022-04-28T10:56:13Z</time>
      </trkpt>
      <trkpt lat="34.33723860642554" lon="109.0193913860572">
        <ele>380.6168016279116</ele>
        <time>2022-04-28T10:56:19Z</time>
      </trkpt>
      <trkpt lat="34.337622862263856" lon="109.01977177672619">
        <ele>381.19524267408997</ele>
        <time>2022-04-28T10:56:25Z</time>
      </trkpt>
      <trkpt lat="34.33797263279253" lon="109.02012859437359">
        <ele>380.7353098541498</ele>
        <time>2022-04-28T10:56:31Z</time>
      </trkpt>
      <trkpt lat="34.33833316951835" lon="109.02047003818569">
        <ele>381.2042478490621</ele>
        <time>2022-04-28T10:56:37Z</time>
      </trkpt>
      <trkpt lat="34.33874189174099" lon="109.02089494389513">
        <ele>380.15352738276124</ele>
        <time>2022-04-28T10:56:45Z</time>
      </trkpt>
      <trkpt lat="34.339141450308624" lon="109.02129491893287">
        <ele>380.9037106251344</ele>
        <time>2022-04-28T10:56:53Z</time>
      </trkpt>
      <trkpt lat="34.3393171927069" lon="109.02154580543252">
        <ele>383.0704663200304</ele>
        <time>2022-04-28T10:56:57Z</time>
      </trkpt>
      <trkpt lat="34.33955390837217" lon="109.02174882631925">
        <ele>384.80942135490477</ele>
        <time>2022-04-28T10:57:01Z</time>
      </trkpt>
      <trkpt lat="34.339899937516805" lon="109.02211166954527">
        <ele>383.9884427655488</ele>
        <time>2022-04-28T10:57:07Z</time>
      </trkpt>
      <trkpt lat="34.34024363901992" lon="109.02247187856022">
        <ele>383.17433918081224</ele>
        <time>2022-04-28T10:57:13Z</time>
      </trkpt>
      <trkpt lat="34.340617769802826" lon="109.02285804415256">
        <ele>381.4515859214589</ele>
        <time>2022-04-28T10:57:19Z</time>
      </trkpt>
      <trkpt lat="34.341008831847184" lon="109.02325250264595">
        <ele>383.08406021259725</ele>
        <time>2022-04-28T10:57:25Z</time>
      </trkpt>
      <trkpt lat="34.341386561150266" lon="109.02363678047526">
        <ele>383.96844482049346</ele>
        <time>2022-04-28T10:57:31Z</time>
      </trkpt>
      <trkpt lat="34.341511379229644" lon="109.02375485676473">
        <ele>384.3429643791169</ele>
        <time>2022-04-28T10:57:33Z</time>
      </trkpt>
      <trkpt lat="34.34158581258054" lon="109.02391332662688">
        <ele>384.10408883169293</ele>
        <time>2022-04-28T10:57:35Z</time>
      </trkpt>
      <trkpt lat="34.341541691676774" lon="109.02409630957969">
        <ele>385.6964474823326</ele>
        <time>2022-04-28T10:57:37Z</time>
      </trkpt>
      <trkpt lat="34.34137331622843" lon="109.02440077947317">
        <ele>385.73737828433514</ele>
        <time>2022-04-28T10:57:41Z</time>
      </trkpt>
      <trkpt lat="34.341161489437305" lon="109.02472226282056">
        <ele>386.4844619790092</ele>
        <time>2022-04-28T10:57:45Z</time>
      </trkpt>
      <trkpt lat="34.3407845687134" lon="109.02522738510822">
        <ele>386.92798898462206</ele>
        <time>2022-04-28T10:57:51Z</time>
      </trkpt>
      <trkpt lat="34.34042488174047" lon="109.02572895751055">
        <ele>387.31508116051555</ele>
        <time>2022-04-28T10:57:57Z</time>
      </trkpt>
      <trkpt lat="34.34008534565196" lon="109.02622332296231">
        <ele>387.24161920603365</ele>
        <time>2022-04-28T10:58:03Z</time>
      </trkpt>
      <trkpt lat="34.33976508184516" lon="109.02670347533439">
        <ele>387.258495667018</ele>
        <time>2022-04-28T10:58:09Z</time>
      </trkpt>
      <trkpt lat="34.33943804402332" lon="109.02717059300728">
        <ele>388.04678567592055</ele>
        <time>2022-04-28T10:58:15Z</time>
      </trkpt>
      <trkpt lat="34.33921010451881" lon="109.02747611045963">
        <ele>388.68545282818377</ele>
        <time>2022-04-28T10:58:19Z</time>
      </trkpt>
      <trkpt lat="34.3389105991381" lon="109.02797301173001">
        <ele>387.40941562410444</ele>
        <time>2022-04-28T10:58:25Z</time>
      </trkpt>
      <trkpt lat="34.33861706266476" lon="109.02848607422295">
        <ele>387.32723156083375</ele>
        <time>2022-04-28T10:58:31Z</time>
      </trkpt>
      <trkpt lat="34.33842265509687" lon="109.02882907959047">
        <ele>387.5640829699114</ele>
        <time>2022-04-28T10:58:35Z</time>
      </trkpt>
      <trkpt lat="34.33811161015605" lon="109.02933986643345">
        <ele>387.6016484508291</ele>
        <time>2022-04-28T10:58:41Z</time>
      </trkpt>
      <trkpt lat="34.337811071849956" lon="109.02986035809289">
        <ele>387.6169929560274</ele>
        <time>2022-04-28T10:58:47Z</time>
      </trkpt>
      <trkpt lat="34.33771792075492" lon="109.03004573025028">
        <ele>388.03713757917285</ele>
        <time>2022-04-28T10:58:49Z</time>
      </trkpt>
      <trkpt lat="34.337604272651475" lon="109.03020682682514">
        <ele>388.1039634589106</ele>
        <time>2022-04-28T10:58:51Z</time>
      </trkpt>
      <trkpt lat="34.337316226414615" lon="109.03072706166232">
        <ele>387.882964595221</ele>
        <time>2022-04-28T10:58:57Z</time>
      </trkpt>
      <trkpt lat="34.337060965822715" lon="109.03119156398759">
        <ele>387.1418192908168</ele>
        <time>2022-04-28T10:59:03Z</time>
      </trkpt>
      <trkpt lat="34.336813769162205" lon="109.03165198529494">
        <ele>386.29315690975636</ele>
        <time>2022-04-28T10:59:09Z</time>
      </trkpt>
      <trkpt lat="34.33671642603062" lon="109.03178591693876">
        <ele>386.5970791215077</ele>
        <time>2022-04-28T10:59:11Z</time>
      </trkpt>
      <trkpt lat="34.3365667620255" lon="109.03210209198038">
        <ele>388.01605899911374</ele>
        <time>2022-04-28T10:59:15Z</time>
      </trkpt>
      <trkpt lat="34.33637609767845" lon="109.03239564613702">
        <ele>388.2498463289812</ele>
        <time>2022-04-28T10:59:19Z</time>
      </trkpt>
      <trkpt lat="34.33611898273598" lon="109.03286526663678">
        <ele>388.8105357354507</ele>
        <time>2022-04-28T10:59:25Z</time>
      </trkpt>
      <trkpt lat="34.33585687233792" lon="109.03334846838001">
        <ele>388.9436731664464</ele>
        <time>2022-04-28T10:59:31Z</time>
      </trkpt>
      <trkpt lat="34.335601776702006" lon="109.03381891573251">
        <ele>389.3465258786455</ele>
        <time>2022-04-28T10:59:37Z</time>
      </trkpt>
      <trkpt lat="34.33532340337994" lon="109.0343116179959">
        <ele>389.2039820412174</ele>
        <time>2022-04-28T10:59:43Z</time>
      </trkpt>
      <trkpt lat="34.3350485986242" lon="109.034809549177">
        <ele>389.0789099773392</ele>
        <time>2022-04-28T10:59:49Z</time>
      </trkpt>
      <trkpt lat="34.33475820334313" lon="109.03529229597892">
        <ele>389.25006673578173</ele>
        <time>2022-04-28T10:59:55Z</time>
      </trkpt>
      <trkpt lat="34.33448345137848" lon="109.03578636431632">
        <ele>388.6725345496088</ele>
        <time>2022-04-28T11:00:01Z</time>
      </trkpt>
      <trkpt lat="34.33420645989725" lon="109.03629366602166">
        <ele>388.7363279899582</ele>
        <time>2022-04-28T11:00:07Z</time>
      </trkpt>
      <trkpt lat="34.33391408877931" lon="109.03678197078557">
        <ele>388.8383293347433</ele>
        <time>2022-04-28T11:00:13Z</time>
      </trkpt>
      <trkpt lat="34.33381586187194" lon="109.03695306858047">
        <ele>388.69553363416344</ele>
        <time>2022-04-28T11:00:15Z</time>
      </trkpt>
      <trkpt lat="34.33361822897695" lon="109.03729734323962">
        <ele>388.51674539688975</ele>
        <time>2022-04-28T11:00:19Z</time>
      </trkpt>
      <trkpt lat="34.33331783724824" lon="109.03782070848544">
        <ele>389.6910502212122</ele>
        <time>2022-04-28T11:00:25Z</time>
      </trkpt>
      <trkpt lat="34.33302324140551" lon="109.03833686465849">
        <ele>390.1823525056243</ele>
        <time>2022-04-28T11:00:31Z</time>
      </trkpt>
      <trkpt lat="34.332947341503655" lon="109.03852690712388">
        <ele>390.0127095617354</ele>
        <time>2022-04-28T11:00:33Z</time>
      </trkpt>
      <trkpt lat="34.33282726722994" lon="109.03868033572982">
        <ele>389.92851481959224</ele>
        <time>2022-04-28T11:00:35Z</time>
      </trkpt>
      <trkpt lat="34.33275233032765" lon="109.03886888060856">
        <ele>389.7532072868198</ele>
        <time>2022-04-28T11:00:37Z</time>
      </trkpt>
      <trkpt lat="34.33247247816962" lon="109.0393795040808">
        <ele>389.90799601748586</ele>
        <time>2022-04-28T11:00:43Z</time>
      </trkpt>
      <trkpt lat="34.33219103486177" lon="109.03989492380126">
        <ele>391.0825807787478</ele>
        <time>2022-04-28T11:00:49Z</time>
      </trkpt>
      <trkpt lat="34.33188580691148" lon="109.0403958558365">
        <ele>391.6400316860527</ele>
        <time>2022-04-28T11:00:55Z</time>
      </trkpt>
      <trkpt lat="34.33158298288583" lon="109.0408965080679">
        <ele>390.4582317043096</ele>
        <time>2022-04-28T11:01:01Z</time>
      </trkpt>
      <trkpt lat="34.33129790246022" lon="109.0414168217845">
        <ele>390.3245705291629</ele>
        <time>2022-04-28T11:01:07Z</time>
      </trkpt>
      <trkpt lat="34.33111389483687" lon="109.041762550524">
        <ele>390.8266309397295</ele>
        <time>2022-04-28T11:01:11Z</time>
      </trkpt>
      <trkpt lat="34.33105675152714" lon="109.04195339225393">
        <ele>390.63531195372343</ele>
        <time>2022-04-28T11:01:13Z</time>
      </trkpt>
      <trkpt lat="34.330782040176615" lon="109.04248373240732">
        <ele>389.7614132910967</ele>
        <time>2022-04-28T11:01:19Z</time>
      </trkpt>
      <trkpt lat="34.33049152425547" lon="109.04294806966922">
        <ele>390.13304962590337</ele>
        <time>2022-04-28T11:01:25Z</time>
      </trkpt>
      <trkpt lat="34.3302001689466" lon="109.04344251033574">
        <ele>390.7156144725159</ele>
        <time>2022-04-28T11:01:31Z</time>
      </trkpt>
      <trkpt lat="34.32992409245047" lon="109.04394200791239">
        <ele>390.56688225176185</ele>
        <time>2022-04-28T11:01:37Z</time>
      </trkpt>
      <trkpt lat="34.3296256813947" lon="109.04443380673538">
        <ele>390.34173426311463</ele>
        <time>2022-04-28T11:01:43Z</time>
      </trkpt>
      <trkpt lat="34.329339287833385" lon="109.04492707906945">
        <ele>385.8405454913154</ele>
        <time>2022-04-28T11:01:49Z</time>
      </trkpt>
      <trkpt lat="34.32907693194491" lon="109.04538811540945">
        <ele>388.8373428499326</ele>
        <time>2022-04-28T11:01:55Z</time>
      </trkpt>
      <trkpt lat="34.32900536681877" lon="109.04550911445418">
        <ele>389.71129235159606</ele>
        <time>2022-04-28T11:01:57Z</time>
      </trkpt>
      <trkpt lat="34.328999225896574" lon="109.04564177922285">
        <ele>390.40320815704763</ele>
        <time>2022-04-28T11:01:59Z</time>
      </trkpt>
      <trkpt lat="34.32910603847549" lon="109.0457217308327">
        <ele>391.0189696243033</ele>
        <time>2022-04-28T11:02:01Z</time>
      </trkpt>
      <trkpt lat="34.32919734344497" lon="109.04564082221164">
        <ele>391.9338434226811</ele>
        <time>2022-04-28T11:02:03Z</time>
      </trkpt>
      <trkpt lat="34.32947090508591" lon="109.04506219813909">
        <ele>392.30980844516307</ele>
        <time>2022-04-28T11:02:11Z</time>
      </trkpt>
      <trkpt lat="34.329632832951106" lon="109.0447514930537">
        <ele>389.0321698784828</ele>
        <time>2022-04-28T11:02:15Z</time>
      </trkpt>
      <trkpt lat="34.32991422026621" lon="109.0442810553858">
        <ele>388.2383684394881</ele>
        <time>2022-04-28T11:02:21Z</time>
      </trkpt>
      <trkpt lat="34.33019949585387" lon="109.04379609844729">
        <ele>389.6459871539846</ele>
        <time>2022-04-28T11:02:27Z</time>
      </trkpt>
      <trkpt lat="34.330479356466086" lon="109.04327835374404">
        <ele>390.2932684859261</ele>
        <time>2022-04-28T11:02:33Z</time>
      </trkpt>
      <trkpt lat="34.330768326800985" lon="109.04276424484118">
        <ele>390.0935303075239</ele>
        <time>2022-04-28T11:02:39Z</time>
      </trkpt>
      <trkpt lat="34.33105344287766" lon="109.04226611011745">
        <ele>389.97191355004907</ele>
        <time>2022-04-28T11:02:45Z</time>
      </trkpt>
      <trkpt lat="34.331344487889424" lon="109.04174617963834">
        <ele>390.26080015674233</ele>
        <time>2022-04-28T11:02:51Z</time>
      </trkpt>
      <trkpt lat="34.33164042856639" lon="109.0412395540396">
        <ele>389.7911770353094</ele>
        <time>2022-04-28T11:02:57Z</time>
      </trkpt>
      <trkpt lat="34.331839647671444" lon="109.0409033117121">
        <ele>389.8758449126035</ele>
        <time>2022-04-28T11:03:01Z</time>
      </trkpt>
      <trkpt lat="34.332116023795805" lon="109.04039839157623">
        <ele>390.14250592142344</ele>
        <time>2022-04-28T11:03:07Z</time>
      </trkpt>
      <trkpt lat="34.33240275196674" lon="109.03988440978048">
        <ele>390.1822693319991</ele>
        <time>2022-04-28T11:03:13Z</time>
      </trkpt>
      <trkpt lat="34.33269388650694" lon="109.03936356408177">
        <ele>390.417969411239</ele>
        <time>2022-04-28T11:03:19Z</time>
      </trkpt>
      <trkpt lat="34.332988577324556" lon="109.03883718445492">
        <ele>390.05674897134304</ele>
        <time>2022-04-28T11:03:25Z</time>
      </trkpt>
      <trkpt lat="34.33329839943221" lon="109.03830810348106">
        <ele>389.7539674555883</ele>
        <time>2022-04-28T11:03:31Z</time>
      </trkpt>
      <trkpt lat="34.333599342273416" lon="109.03779770039787">
        <ele>389.4644135311246</ele>
        <time>2022-04-28T11:03:37Z</time>
      </trkpt>
      <trkpt lat="34.333779177799855" lon="109.03743171140857">
        <ele>389.2403778824955</ele>
        <time>2022-04-28T11:03:41Z</time>
      </trkpt>
      <trkpt lat="34.33409890925897" lon="109.03692184534232">
        <ele>388.10602556169033</ele>
        <time>2022-04-28T11:03:47Z</time>
      </trkpt>
      <trkpt lat="34.334397036377105" lon="109.03637909819452">
        <ele>387.7171960044652</ele>
        <time>2022-04-28T11:03:53Z</time>
      </trkpt>
      <trkpt lat="34.33469393380373" lon="109.03584046315005">
        <ele>387.82454280462116</ele>
        <time>2022-04-28T11:03:59Z</time>
      </trkpt>
      <trkpt lat="34.33499652616758" lon="109.03531119338217">
        <ele>388.4092566827312</ele>
        <time>2022-04-28T11:04:05Z</time>
      </trkpt>
      <trkpt lat="34.33529872114866" lon="109.03480470985578">
        <ele>388.5328122526407</ele>
        <time>2022-04-28T11:04:11Z</time>
      </trkpt>
      <trkpt lat="34.335581442435" lon="109.03425437136958">
        <ele>388.5616573514417</ele>
        <time>2022-04-28T11:04:17Z</time>
      </trkpt>
      <trkpt lat="34.335887260131784" lon="109.03370704662791">
        <ele>388.1440391521901</ele>
        <time>2022-04-28T11:04:23Z</time>
      </trkpt>
      <trkpt lat="34.336203054403185" lon="109.0331861809323">
        <ele>387.68692428804934</ele>
        <time>2022-04-28T11:04:29Z</time>
      </trkpt>
      <trkpt lat="34.3365069727176" lon="109.03267074408473">
        <ele>386.8754020323977</ele>
        <time>2022-04-28T11:04:35Z</time>
      </trkpt>
      <trkpt lat="34.33680725424304" lon="109.03213158542852">
        <ele>386.9628069475293</ele>
        <time>2022-04-28T11:04:41Z</time>
      </trkpt>
      <trkpt lat="34.33710584956144" lon="109.03160121225453">
        <ele>386.7957354588434</ele>
        <time>2022-04-28T11:04:47Z</time>
      </trkpt>
      <trkpt lat="34.33732251364889" lon="109.03130398338288">
        <ele>387.0720296576619</ele>
        <time>2022-04-28T11:04:51Z</time>
      </trkpt>
      <trkpt lat="34.33758102445962" lon="109.03080615845187">
        <ele>387.1798769645393</ele>
        <time>2022-04-28T11:04:57Z</time>
      </trkpt>
      <trkpt lat="34.337851514615764" lon="109.03029322241002">
        <ele>387.85172423906624</ele>
        <time>2022-04-28T11:05:03Z</time>
      </trkpt>
      <trkpt lat="34.33813963302753" lon="109.02977549598533">
        <ele>388.2376749617979</ele>
        <time>2022-04-28T11:05:09Z</time>
      </trkpt>
      <trkpt lat="34.33842484974693" lon="109.02926250002886">
        <ele>388.4690163144842</ele>
        <time>2022-04-28T11:05:15Z</time>
      </trkpt>
      <trkpt lat="34.3387084339521" lon="109.0287613706586">
        <ele>387.5584249701351</ele>
        <time>2022-04-28T11:05:21Z</time>
      </trkpt>
      <trkpt lat="34.33879986871585" lon="109.02858458130157">
        <ele>388.3391712764278</ele>
        <time>2022-04-28T11:05:23Z</time>
      </trkpt>
      <trkpt lat="34.33890389815022" lon="109.02842733165198">
        <ele>388.29657979961485</ele>
        <time>2022-04-28T11:05:25Z</time>
      </trkpt>
      <trkpt lat="34.33918599461705" lon="109.02791993209219">
        <ele>386.89485230483115</ele>
        <time>2022-04-28T11:05:31Z</time>
      </trkpt>
      <trkpt lat="34.33942788461267" lon="109.02740054861187">
        <ele>386.6770843937993</ele>
        <time>2022-04-28T11:05:37Z</time>
      </trkpt>
      <trkpt lat="34.33975980608503" lon="109.02691686791663">
        <ele>385.79867365118116</ele>
        <time>2022-04-28T11:05:43Z</time>
      </trkpt>
      <trkpt lat="34.34009813687531" lon="109.02641700190581">
        <ele>386.25451484229416</ele>
        <time>2022-04-28T11:05:49Z</time>
      </trkpt>
      <trkpt lat="34.340460995625" lon="109.02592286091203">
        <ele>385.64967431966215</ele>
        <time>2022-04-28T11:05:55Z</time>
      </trkpt>
      <trkpt lat="34.34082034490854" lon="109.02541256029748">
        <ele>385.5679203616455</ele>
        <time>2022-04-28T11:06:01Z</time>
      </trkpt>
      <trkpt lat="34.34119074577738" lon="109.02493513616119">
        <ele>386.0321662314236</ele>
        <time>2022-04-28T11:06:07Z</time>
      </trkpt>
      <trkpt lat="34.34151846120977" lon="109.02450564507885">
        <ele>386.0427517266944</ele>
        <time>2022-04-28T11:06:13Z</time>
      </trkpt>
      <trkpt lat="34.34162290213133" lon="109.0243790568629">
        <ele>386.1774038467556</ele>
        <time>2022-04-28T11:06:15Z</time>
      </trkpt>
      <trkpt lat="34.34168418459703" lon="109.0242534297565">
        <ele>385.33149160724133</ele>
        <time>2022-04-28T11:06:17Z</time>
      </trkpt>
      <trkpt lat="34.34164630453358" lon="109.02416108951607">
        <ele>385.6554121952504</ele>
        <time>2022-04-28T11:06:19Z</time>
      </trkpt>
      <trkpt lat="34.34154172052478" lon="109.02415309004874">
        <ele>385.9472474139184</ele>
        <time>2022-04-28T11:06:21Z</time>
      </trkpt>
      <trkpt lat="34.341459133893004" lon="109.0242457987702">
        <ele>385.6355239422992</ele>
        <time>2022-04-28T11:06:23Z</time>
      </trkpt>
      <trkpt lat="34.34111132449156" lon="109.02478701708257">
        <ele>385.48425648733974</ele>
        <time>2022-04-28T11:06:31Z</time>
      </trkpt>
      <trkpt lat="34.340773448030276" lon="109.02524401935389">
        <ele>386.4878634829074</ele>
        <time>2022-04-28T11:06:37Z</time>
      </trkpt>
      <trkpt lat="34.34045695667168" lon="109.02567819998939">
        <ele>386.28248958010226</ele>
        <time>2022-04-28T11:06:43Z</time>
      </trkpt>
      <trkpt lat="34.340129092150754" lon="109.02612928085215">
        <ele>386.1293988209218</ele>
        <time>2022-04-28T11:06:49Z</time>
      </trkpt>
      <trkpt lat="34.33982141997674" lon="109.02658520908936">
        <ele>386.2911691889167</ele>
        <time>2022-04-28T11:06:55Z</time>
      </trkpt>
      <trkpt lat="34.33950560777497" lon="109.02704312305113">
        <ele>386.50667807552963</ele>
        <time>2022-04-28T11:07:01Z</time>
      </trkpt>
      <trkpt lat="34.33919748614035" lon="109.02749556056602">
        <ele>387.37267284374684</ele>
        <time>2022-04-28T11:07:07Z</time>
      </trkpt>
      <trkpt lat="34.3390171917566" lon="109.02777925693525">
        <ele>386.9614753834903</ele>
        <time>2022-04-28T11:07:11Z</time>
      </trkpt>
      <trkpt lat="34.3388684938187" lon="109.02807343508228">
        <ele>387.26258744392544</ele>
        <time>2022-04-28T11:07:15Z</time>
      </trkpt>
      <trkpt lat="34.33860427119914" lon="109.02852819451677">
        <ele>388.02935088798404</ele>
        <time>2022-04-28T11:07:21Z</time>
      </trkpt>
      <trkpt lat="34.33833213592529" lon="109.02903843095629">
        <ele>387.9490037728101</ele>
        <time>2022-04-28T11:07:27Z</time>
      </trkpt>
      <trkpt lat="34.338037980604206" lon="109.02952706446501">
        <ele>387.8100190758705</ele>
        <time>2022-04-28T11:07:33Z</time>
      </trkpt>
      <trkpt lat="34.337836139241006" lon="109.0298498566291">
        <ele>387.5549146765843</ele>
        <time>2022-04-28T11:07:37Z</time>
      </trkpt>
      <trkpt lat="34.337552963916494" lon="109.03037002355971">
        <ele>387.5300588812679</ele>
        <time>2022-04-28T11:07:43Z</time>
      </trkpt>
      <trkpt lat="34.33746178655275" lon="109.0305504168989">
        <ele>387.0057648103684</ele>
        <time>2022-04-28T11:07:45Z</time>
      </trkpt>
      <trkpt lat="34.337158800843305" lon="109.03104742347982">
        <ele>387.5336675308645</ele>
        <time>2022-04-28T11:07:51Z</time>
      </trkpt>
      <trkpt lat="34.33687893163109" lon="109.03155909717337">
        <ele>388.7535166051239</ele>
        <time>2022-04-28T11:07:57Z</time>
      </trkpt>
      <trkpt lat="34.33667313278296" lon="109.03186721804094">
        <ele>388.64431498292834</ele>
        <time>2022-04-28T11:08:01Z</time>
      </trkpt>
      <trkpt lat="34.336579393801365" lon="109.0320342996851">
        <ele>387.339926565066</ele>
        <time>2022-04-28T11:08:03Z</time>
      </trkpt>
      <trkpt lat="34.33648996470398" lon="109.032193738446">
        <ele>387.6627869978547</ele>
        <time>2022-04-28T11:08:05Z</time>
      </trkpt>
      <trkpt lat="34.33641705500992" lon="109.03238233075415">
        <ele>388.5506352316588</ele>
        <time>2022-04-28T11:08:07Z</time>
      </trkpt>
      <trkpt lat="34.33614012505124" lon="109.03287891599997">
        <ele>388.3601064933464</ele>
        <time>2022-04-28T11:08:13Z</time>
      </trkpt>
      <trkpt lat="34.3358622391269" lon="109.03338156593472">
        <ele>388.48058148566633</ele>
        <time>2022-04-28T11:08:19Z</time>
      </trkpt>
      <trkpt lat="34.33558097101218" lon="109.03388065084798">
        <ele>389.33049493003637</ele>
        <time>2022-04-28T11:08:25Z</time>
      </trkpt>
      <trkpt lat="34.33532025666246" lon="109.03433202339387">
        <ele>388.7995229009539</ele>
        <time>2022-04-28T11:08:31Z</time>
      </trkpt>
      <trkpt lat="34.33506176431887" lon="109.03476246062255">
        <ele>388.54580313526094</ele>
        <time>2022-04-28T11:08:37Z</time>
      </trkpt>
      <trkpt lat="34.334790646490006" lon="109.03523202122678">
        <ele>387.460260621272</ele>
        <time>2022-04-28T11:08:43Z</time>
      </trkpt>
      <trkpt lat="34.33451328728728" lon="109.03570045260221">
        <ele>387.89631335809827</ele>
        <time>2022-04-28T11:08:49Z</time>
      </trkpt>
      <trkpt lat="34.33425430434777" lon="109.03617863048851">
        <ele>387.48524690046906</ele>
        <time>2022-04-28T11:08:55Z</time>
      </trkpt>
      <trkpt lat="34.33398900202962" lon="109.03666958461066">
        <ele>388.1772289276123</ele>
        <time>2022-04-28T11:09:01Z</time>
      </trkpt>
      <trkpt lat="34.33372060046618" lon="109.03716954460737">
        <ele>389.28145520947874</ele>
        <time>2022-04-28T11:09:07Z</time>
      </trkpt>
      <trkpt lat="34.333442336617026" lon="109.03766224661668">
        <ele>389.8865009266883</ele>
        <time>2022-04-28T11:09:13Z</time>
      </trkpt>
      <trkpt lat="34.333158965670336" lon="109.03815897813166">
        <ele>389.99258527252823</ele>
        <time>2022-04-28T11:09:19Z</time>
      </trkpt>
      <trkpt lat="34.33288786261113" lon="109.03864396724975">
        <ele>389.812910573557</ele>
        <time>2022-04-28T11:09:25Z</time>
      </trkpt>
      <trkpt lat="34.33260181180157" lon="109.03911714437713">
        <ele>389.7927290983498</ele>
        <time>2022-04-28T11:09:31Z</time>
      </trkpt>
      <trkpt lat="34.33232719894931" lon="109.03961535548707">
        <ele>390.35092901438475</ele>
        <time>2022-04-28T11:09:37Z</time>
      </trkpt>
      <trkpt lat="34.33205830237557" lon="109.04012904283609">
        <ele>391.6627110661939</ele>
        <time>2022-04-28T11:09:43Z</time>
      </trkpt>
      <trkpt lat="34.33175077444044" lon="109.04063539144856">
        <ele>391.67342809587717</ele>
        <time>2022-04-28T11:09:49Z</time>
      </trkpt>
      <trkpt lat="34.33144450769121" lon="109.04114477875345">
        <ele>390.28795863408595</ele>
        <time>2022-04-28T11:09:55Z</time>
      </trkpt>
      <trkpt lat="34.33114796858743" lon="109.04165376548019">
        <ele>390.14170430600643</ele>
        <time>2022-04-28T11:10:01Z</time>
      </trkpt>
      <trkpt lat="34.3310575353714" lon="109.04182455229439">
        <ele>390.77791183721274</ele>
        <time>2022-04-28T11:10:03Z</time>
      </trkpt>
      <trkpt lat="34.33092653213596" lon="109.04220048087488">
        <ele>391.0336383925751</ele>
        <time>2022-04-28T11:10:07Z</time>
      </trkpt>
      <trkpt lat="34.33065356376528" lon="109.04270927984726">
        <ele>390.3233671374619</ele>
        <time>2022-04-28T11:10:13Z</time>
      </trkpt>
      <trkpt lat="34.3303707649131" lon="109.04319381175382">
        <ele>390.5090421354398</ele>
        <time>2022-04-28T11:10:19Z</time>
      </trkpt>
      <trkpt lat="34.33008754203342" lon="109.04366323671263">
        <ele>390.6185857113451</ele>
        <time>2022-04-28T11:10:25Z</time>
      </trkpt>
      <trkpt lat="34.32982593905534" lon="109.04415397539127">
        <ele>391.34560976643115</ele>
        <time>2022-04-28T11:10:31Z</time>
      </trkpt>
      <trkpt lat="34.329541221876454" lon="109.04458023880657">
        <ele>388.72698132228106</ele>
        <time>2022-04-28T11:10:37Z</time>
      </trkpt>
      <trkpt lat="34.329231280117234" lon="109.04513291309684">
        <ele>387.1821671053767</ele>
        <time>2022-04-28T11:10:45Z</time>
      </trkpt>
      <trkpt lat="34.3289717955943" lon="109.04558644624284">
        <ele>390.5872563039884</ele>
        <time>2022-04-28T11:10:53Z</time>
      </trkpt>
      <trkpt lat="34.32899246579933" lon="109.04569769923116">
        <ele>389.9462723741308</ele>
        <time>2022-04-28T11:10:55Z</time>
      </trkpt>
      <trkpt lat="34.32910712612241" lon="109.0456983320867">
        <ele>390.8694373704493</ele>
        <time>2022-04-28T11:10:57Z</time>
      </trkpt>
      <trkpt lat="34.32918212888539" lon="109.0455858020597">
        <ele>391.344478527084</ele>
        <time>2022-04-28T11:10:59Z</time>
      </trkpt>
      <trkpt lat="34.329399167167274" lon="109.04515298437235">
        <ele>391.8681134413928</ele>
        <time>2022-04-28T11:11:05Z</time>
      </trkpt>
      <trkpt lat="34.32965553455902" lon="109.04471181115957">
        <ele>388.5427546314895</ele>
        <time>2022-04-28T11:11:11Z</time>
      </trkpt>
      <trkpt lat="34.32993767105401" lon="109.04423930952149">
        <ele>388.6600814079866</ele>
        <time>2022-04-28T11:11:17Z</time>
      </trkpt>
      <trkpt lat="34.33020723474845" lon="109.04376090549526">
        <ele>390.00746218208224</ele>
        <time>2022-04-28T11:11:23Z</time>
      </trkpt>
      <trkpt lat="34.330493349762975" lon="109.04327778229839">
        <ele>390.75468356441706</ele>
        <time>2022-04-28T11:11:29Z</time>
      </trkpt>
      <trkpt lat="34.33077879719703" lon="109.04278172044062">
        <ele>390.5150571176782</ele>
        <time>2022-04-28T11:11:35Z</time>
      </trkpt>
      <trkpt lat="34.33105465657732" lon="109.04227625540939">
        <ele>390.78680354729295</ele>
        <time>2022-04-28T11:11:41Z</time>
      </trkpt>
      <trkpt lat="34.33134114759602" lon="109.04176902195174">
        <ele>390.25596074201167</ele>
        <time>2022-04-28T11:11:47Z</time>
      </trkpt>
      <trkpt lat="34.33162343890189" lon="109.04125036414854">
        <ele>390.40737660974264</ele>
        <time>2022-04-28T11:11:53Z</time>
      </trkpt>
      <trkpt lat="34.33191553724555" lon="109.04072729219415">
        <ele>390.80800289753824</ele>
        <time>2022-04-28T11:11:59Z</time>
      </trkpt>
      <trkpt lat="34.33222327099651" lon="109.04019651166523">
        <ele>390.60925995744765</ele>
        <time>2022-04-28T11:12:05Z</time>
      </trkpt>
      <trkpt lat="34.33254659488935" lon="109.03964179878685">
        <ele>391.11482963804156</ele>
        <time>2022-04-28T11:12:11Z</time>
      </trkpt>
      <trkpt lat="34.33287915307872" lon="109.03906127142568">
        <ele>390.27344342134893</ele>
        <time>2022-04-28T11:12:17Z</time>
      </trkpt>
      <trkpt lat="34.33321389456591" lon="109.03846954156973">
        <ele>388.2899206196889</ele>
        <time>2022-04-28T11:12:23Z</time>
      </trkpt>
      <trkpt lat="34.33353821103522" lon="109.03787510537059">
        <ele>390.0510680032894</ele>
        <time>2022-04-28T11:12:29Z</time>
      </trkpt>
      <trkpt lat="34.33375301826622" lon="109.0374789714682">
        <ele>389.71768080443144</ele>
        <time>2022-04-28T11:12:33Z</time>
      </trkpt>
      <trkpt lat="34.33410119811909" lon="109.0369137603631">
        <ele>388.22389593254775</ele>
        <time>2022-04-28T11:12:39Z</time>
      </trkpt>
      <trkpt lat="34.3344393603382" lon="109.03633084904423">
        <ele>388.2706554727629</ele>
        <time>2022-04-28T11:12:45Z</time>
      </trkpt>
      <trkpt lat="34.334766525905884" lon="109.03574637179278">
        <ele>388.24517722800374</ele>
        <time>2022-04-28T11:12:51Z</time>
      </trkpt>
      <trkpt lat="34.33509078535359" lon="109.03516880139667">
        <ele>388.1854481426999</ele>
        <time>2022-04-28T11:12:57Z</time>
      </trkpt>
      <trkpt lat="34.33540639785847" lon="109.0346208209635">
        <ele>387.1481306152418</ele>
        <time>2022-04-28T11:13:03Z</time>
      </trkpt>
      <trkpt lat="34.3357122786362" lon="109.0340539401238">
        <ele>386.79444181732833</ele>
        <time>2022-04-28T11:13:09Z</time>
      </trkpt>
      <trkpt lat="34.33594189182158" lon="109.03368795540209">
        <ele>387.22944856248796</ele>
        <time>2022-04-28T11:13:13Z</time>
      </trkpt>
      <trkpt lat="34.33624982702783" lon="109.03310256328076">
        <ele>387.9803870525211</ele>
        <time>2022-04-28T11:13:19Z</time>
      </trkpt>
      <trkpt lat="34.33657977189619" lon="109.03253262287335">
        <ele>388.0305160237476</ele>
        <time>2022-04-28T11:13:25Z</time>
      </trkpt>
      <trkpt lat="34.33691398175009" lon="109.03195071890185">
        <ele>387.7347179893404</ele>
        <time>2022-04-28T11:13:31Z</time>
      </trkpt>
      <trkpt lat="34.337240953214994" lon="109.03137054698574">
        <ele>387.72539527062327</ele>
        <time>2022-04-28T11:13:37Z</time>
      </trkpt>
      <trkpt lat="34.33756539619967" lon="109.0308009592295">
        <ele>387.53329979628325</ele>
        <time>2022-04-28T11:13:43Z</time>
      </trkpt>
      <trkpt lat="34.33786774727065" lon="109.03021400916563">
        <ele>387.4105240246281</ele>
        <time>2022-04-28T11:13:49Z</time>
      </trkpt>
      <trkpt lat="34.33818081180146" lon="109.02965669242754">
        <ele>387.7096899971366</ele>
        <time>2022-04-28T11:13:55Z</time>
      </trkpt>
      <trkpt lat="34.33850823395401" lon="109.02911525540179">
        <ele>387.7370908912271</ele>
        <time>2022-04-28T11:14:01Z</time>
      </trkpt>
      <trkpt lat="34.33880464267341" lon="109.02857897456528">
        <ele>388.14060517121106</ele>
        <time>2022-04-28T11:14:07Z</time>
      </trkpt>
      <trkpt lat="34.338948533443194" lon="109.02830175837126">
        <ele>387.87110367417336</ele>
        <time>2022-04-28T11:14:11Z</time>
      </trkpt>
      <trkpt lat="34.3390822035723" lon="109.02796968501784">
        <ele>387.4026888469234</ele>
        <time>2022-04-28T11:14:15Z</time>
      </trkpt>
      <trkpt lat="34.33937010632278" lon="109.0274673976698">
        <ele>385.74123172461987</ele>
        <time>2022-04-28T11:14:21Z</time>
      </trkpt>
      <trkpt lat="34.33971992864785" lon="109.0269736183183">
        <ele>386.3644485194236</ele>
        <time>2022-04-28T11:14:27Z</time>
      </trkpt>
      <trkpt lat="34.34009456872955" lon="109.02645550813017">
        <ele>386.2424263525754</ele>
        <time>2022-04-28T11:14:33Z</time>
      </trkpt>
      <trkpt lat="34.34021616949136" lon="109.0262622153148">
        <ele>386.7273684050888</ele>
        <time>2022-04-28T11:14:35Z</time>
      </trkpt>
      <trkpt lat="34.34061918050244" lon="109.02570470240174">
        <ele>385.88714676350355</ele>
        <time>2022-04-28T11:14:41Z</time>
      </trkpt>
      <trkpt lat="34.3409834979402" lon="109.02519082318969">
        <ele>385.7575853439048</ele>
        <time>2022-04-28T11:14:47Z</time>
      </trkpt>
      <trkpt lat="34.34129360146243" lon="109.02474614488433">
        <ele>386.499508052133</ele>
        <time>2022-04-28T11:14:53Z</time>
      </trkpt>
      <trkpt lat="34.34156759679288" lon="109.02440288936887">
        <ele>385.6683978745714</ele>
        <time>2022-04-28T11:14:59Z</time>
      </trkpt>
      <trkpt lat="34.341616083999384" lon="109.02428999349374">
        <ele>385.509797077626</ele>
        <time>2022-04-28T11:15:01Z</time>
      </trkpt>
      <trkpt lat="34.34157796808453" lon="109.02419778711042">
        <ele>385.6187113476917</ele>
        <time>2022-04-28T11:15:03Z</time>
      </trkpt>
      <trkpt lat="34.34147013858878" lon="109.02421029751187">
        <ele>385.9885254856199</ele>
        <time>2022-04-28T11:15:05Z</time>
      </trkpt>
      <trkpt lat="34.3414115592305" lon="109.02434612246012">
        <ele>386.0584344761446</ele>
        <time>2022-04-28T11:15:07Z</time>
      </trkpt>
      <trkpt lat="34.341208947681324" lon="109.02458534826705">
        <ele>386.26500998903066</ele>
        <time>2022-04-28T11:15:11Z</time>
      </trkpt>
      <trkpt lat="34.340918316100655" lon="109.02504853140171">
        <ele>386.03871558234096</ele>
        <time>2022-04-28T11:15:17Z</time>
      </trkpt>
      <trkpt lat="34.34057742555405" lon="109.02552790380662">
        <ele>386.08366030827165</ele>
        <time>2022-04-28T11:15:23Z</time>
      </trkpt>
      <trkpt lat="34.34022939498402" lon="109.0260127304768">
        <ele>385.8153871661052</ele>
        <time>2022-04-28T11:15:29Z</time>
      </trkpt>
      <trkpt lat="34.3398859068491" lon="109.026502417731">
        <ele>386.64264255575836</ele>
        <time>2022-04-28T11:15:35Z</time>
      </trkpt>
      <trkpt lat="34.33955744047633" lon="109.02698444714702">
        <ele>386.70186894666404</ele>
        <time>2022-04-28T11:15:41Z</time>
      </trkpt>
      <trkpt lat="34.33923513806822" lon="109.02745396497687">
        <ele>385.9756298009306</ele>
        <time>2022-04-28T11:15:47Z</time>
      </trkpt>
      <trkpt lat="34.33892282479515" lon="109.02795158018323">
        <ele>385.444777648896</ele>
        <time>2022-04-28T11:15:53Z</time>
      </trkpt>
      <trkpt lat="34.338605900122886" lon="109.02848262936763">
        <ele>386.53627253882587</ele>
        <time>2022-04-28T11:15:59Z</time>
      </trkpt>
      <trkpt lat="34.3383119310141" lon="109.02901901605027">
        <ele>387.9854049971327</ele>
        <time>2022-04-28T11:16:05Z</time>
      </trkpt>
      <trkpt lat="34.33819228079004" lon="109.0291812198844">
        <ele>387.45603535789996</ele>
        <time>2022-04-28T11:16:07Z</time>
      </trkpt>
      <trkpt lat="34.337899388519794" lon="109.02973036931486">
        <ele>387.46547471825033</ele>
        <time>2022-04-28T11:16:13Z</time>
      </trkpt>
      <trkpt lat="34.33778179359435" lon="109.02989627767836">
        <ele>387.10857857298106</ele>
        <time>2022-04-28T11:16:15Z</time>
      </trkpt>
      <trkpt lat="34.33748174612303" lon="109.0304426839541">
        <ele>387.220456186682</ele>
        <time>2022-04-28T11:16:21Z</time>
      </trkpt>
      <trkpt lat="34.33718790788505" lon="109.03097619982447">
        <ele>387.69611770194024</ele>
        <time>2022-04-28T11:16:27Z</time>
      </trkpt>
      <trkpt lat="34.33689897984795" lon="109.0314888313863">
        <ele>388.6270685242489</ele>
        <time>2022-04-28T11:16:33Z</time>
      </trkpt>
      <trkpt lat="34.33659854302165" lon="109.03200610275582">
        <ele>388.91440391168</ele>
        <time>2022-04-28T11:16:39Z</time>
      </trkpt>
      <trkpt lat="34.33631152159078" lon="109.03252050464148">
        <ele>388.49125181138515</ele>
        <time>2022-04-28T11:16:45Z</time>
      </trkpt>
      <trkpt lat="34.33602450761824" lon="109.03303726990232">
        <ele>387.7908413205296</ele>
        <time>2022-04-28T11:16:51Z</time>
      </trkpt>
      <trkpt lat="34.33573901437638" lon="109.03356128188084">
        <ele>387.83888662420213</ele>
        <time>2022-04-28T11:16:57Z</time>
      </trkpt>
      <trkpt lat="34.335442646517905" lon="109.0340760024375">
        <ele>387.7607942391187</ele>
        <time>2022-04-28T11:17:03Z</time>
      </trkpt>
      <trkpt lat="34.335134786523206" lon="109.03461739405347">
        <ele>388.2856945460662</ele>
        <time>2022-04-28T11:17:09Z</time>
      </trkpt>
      <trkpt lat="34.33483665162936" lon="109.03514118868814">
        <ele>388.2861978150904</ele>
        <time>2022-04-28T11:17:15Z</time>
      </trkpt>
      <trkpt lat="34.334541740389845" lon="109.03566517448053">
        <ele>388.2565200161189</ele>
        <time>2022-04-28T11:17:21Z</time>
      </trkpt>
      <trkpt lat="34.33425515840674" lon="109.03618247074414">
        <ele>388.8941497374326</ele>
        <time>2022-04-28T11:17:27Z</time>
      </trkpt>
      <trkpt lat="34.33397949765955" lon="109.03669478879496">
        <ele>388.649303663522</ele>
        <time>2022-04-28T11:17:33Z</time>
      </trkpt>
      <trkpt lat="34.33369441181025" lon="109.03719094043024">
        <ele>388.12511041387916</ele>
        <time>2022-04-28T11:17:39Z</time>
      </trkpt>
      <trkpt lat="34.33341597803648" lon="109.03766462628977">
        <ele>388.7494098925963</ele>
        <time>2022-04-28T11:17:45Z</time>
      </trkpt>
      <trkpt lat="34.33314722021344" lon="109.03815702735284">
        <ele>389.84442951343954</ele>
        <time>2022-04-28T11:17:51Z</time>
      </trkpt>
      <trkpt lat="34.33286561010359" lon="109.03861380105323">
        <ele>389.41795811988413</ele>
        <time>2022-04-28T11:17:57Z</time>
      </trkpt>
      <trkpt lat="34.332683970154385" lon="109.0389096631724">
        <ele>389.2943997280672</ele>
        <time>2022-04-28T11:18:01Z</time>
      </trkpt>
      <trkpt lat="34.332422951650116" lon="109.03940532889503">
        <ele>389.83828542381525</ele>
        <time>2022-04-28T11:18:07Z</time>
      </trkpt>
      <trkpt lat="34.33213084038372" lon="109.03994094484663">
        <ele>390.2647993816063</ele>
        <time>2022-04-28T11:18:13Z</time>
      </trkpt>
      <trkpt lat="34.331914157676465" lon="109.04033096241142">
        <ele>391.08756954967976</ele>
        <time>2022-04-28T11:18:17Z</time>
      </trkpt>
      <trkpt lat="34.331565282757225" lon="109.04088691908399">
        <ele>391.40670031961054</ele>
        <time>2022-04-28T11:18:23Z</time>
      </trkpt>
      <trkpt lat="34.33134565794697" lon="109.04126615616063">
        <ele>390.7123325187713</ele>
        <time>2022-04-28T11:18:27Z</time>
      </trkpt>
      <trkpt lat="34.331203552452564" lon="109.0416865713041">
        <ele>390.39391837641597</ele>
        <time>2022-04-28T11:18:31Z</time>
      </trkpt>
      <trkpt lat="34.330906001074965" lon="109.04223896696546">
        <ele>390.0049579376355</ele>
        <time>2022-04-28T11:18:37Z</time>
      </trkpt>
      <trkpt lat="34.33061652286583" lon="109.04275692506614">
        <ele>390.8909198762849</ele>
        <time>2022-04-28T11:18:43Z</time>
      </trkpt>
      <trkpt lat="34.3304521848071" lon="109.04287790021053">
        <ele>390.47662468627095</ele>
        <time>2022-04-28T11:18:45Z</time>
      </trkpt>
      <trkpt lat="34.330357357019984" lon="109.04304271574256">
        <ele>389.3974180156365</ele>
        <time>2022-04-28T11:18:47Z</time>
      </trkpt>
      <trkpt lat="34.3300540439645" lon="109.04356988257791">
        <ele>390.388176321052</ele>
        <time>2022-04-28T11:18:53Z</time>
      </trkpt>
      <trkpt lat="34.33001528162589" lon="109.04379288571013">
        <ele>390.71517567243427</ele>
        <time>2022-04-28T11:18:55Z</time>
      </trkpt>
      <trkpt lat="34.32992452903357" lon="109.043978955932">
        <ele>390.221200555563</ele>
        <time>2022-04-28T11:18:57Z</time>
      </trkpt>
      <trkpt lat="34.32960302056697" lon="109.04451835334932">
        <ele>389.7982793794945</ele>
        <time>2022-04-28T11:19:03Z</time>
      </trkpt>
      <trkpt lat="34.32927764055692" lon="109.04505986276595">
        <ele>387.1268984917551</ele>
        <time>2022-04-28T11:19:09Z</time>
      </trkpt>
      <trkpt lat="34.3289646433133" lon="109.0455597169062">
        <ele>390.46226872783154</ele>
        <time>2022-04-28T11:19:15Z</time>
      </trkpt>
      <trkpt lat="34.32894674018665" lon="109.04569128283913">
        <ele>390.51931477244943</ele>
        <time>2022-04-28T11:19:17Z</time>
      </trkpt>
      <trkpt lat="34.329034195428655" lon="109.04574431508738">
        <ele>389.44373749848455</ele>
        <time>2022-04-28T11:19:19Z</time>
      </trkpt>
      <trkpt lat="34.3291614518321" lon="109.04565250322996">
        <ele>390.3943930026144</ele>
        <time>2022-04-28T11:19:21Z</time>
      </trkpt>
      <trkpt lat="34.32929778346048" lon="109.04535152249747">
        <ele>392.0124803185463</ele>
        <time>2022-04-28T11:19:25Z</time>
      </trkpt>
      <trkpt lat="34.329555848282276" lon="109.0448986702907">
        <ele>390.44889319874346</ele>
        <time>2022-04-28T11:19:31Z</time>
      </trkpt>
      <trkpt lat="34.3298757370914" lon="109.04436123047806">
        <ele>387.95778522174805</ele>
        <time>2022-04-28T11:19:37Z</time>
      </trkpt>
      <trkpt lat="34.33019175691347" lon="109.0437889776447">
        <ele>388.836952640675</ele>
        <time>2022-04-28T11:19:43Z</time>
      </trkpt>
      <trkpt lat="34.33028723912636" lon="109.04359446497307">
        <ele>389.9178137658164</ele>
        <time>2022-04-28T11:19:45Z</time>
      </trkpt>
      <trkpt lat="34.330516858656004" lon="109.04322658281909">
        <ele>389.61813266482204</ele>
        <time>2022-04-28T11:19:49Z</time>
      </trkpt>
      <trkpt lat="34.33084577735144" lon="109.04263756859841">
        <ele>390.66889883205295</ele>
        <time>2022-04-28T11:19:55Z</time>
      </trkpt>
      <trkpt lat="34.33116740804816" lon="109.04207922497767">
        <ele>390.1775069832802</ele>
        <time>2022-04-28T11:20:01Z</time>
      </trkpt>
      <trkpt lat="34.33150059348788" lon="109.04150855625151">
        <ele>389.1937694083899</ele>
        <time>2022-04-28T11:20:07Z</time>
      </trkpt>
      <trkpt lat="34.33182140373229" lon="109.04094193956195">
        <ele>390.3803890552372</ele>
        <time>2022-04-28T11:20:13Z</time>
      </trkpt>
      <trkpt lat="34.3321347564864" lon="109.04039109690078">
        <ele>390.1730617824942</ele>
        <time>2022-04-28T11:20:19Z</time>
      </trkpt>
      <trkpt lat="34.33246295770545" lon="109.03978857274153">
        <ele>390.9325211746618</ele>
        <time>2022-04-28T11:20:25Z</time>
      </trkpt>
      <trkpt lat="34.33271424385569" lon="109.03935483481098">
        <ele>391.0074683446437</ele>
        <time>2022-04-28T11:20:29Z</time>
      </trkpt>
      <trkpt lat="34.33306920458503" lon="109.03875726780672">
        <ele>389.0740882316604</ele>
        <time>2022-04-28T11:20:35Z</time>
      </trkpt>
      <trkpt lat="34.33340288500676" lon="109.03814408330807">
        <ele>390.0874893637374</ele>
        <time>2022-04-28T11:20:41Z</time>
      </trkpt>
      <trkpt lat="34.33372524822031" lon="109.03757419536625">
        <ele>389.88789700809866</ele>
        <time>2022-04-28T11:20:47Z</time>
      </trkpt>
      <trkpt lat="34.33405002727501" lon="109.03699951352677">
        <ele>389.64935957919806</ele>
        <time>2022-04-28T11:20:53Z</time>
      </trkpt>
      <trkpt lat="34.33437583333076" lon="109.0364248342319">
        <ele>388.7859389698133</ele>
        <time>2022-04-28T11:20:59Z</time>
      </trkpt>
      <trkpt lat="34.3347004188455" lon="109.03587501967257">
        <ele>387.5913598528132</ele>
        <time>2022-04-28T11:21:05Z</time>
      </trkpt>
      <trkpt lat="34.33500189039429" lon="109.03530918571327">
        <ele>388.4458087934181</ele>
        <time>2022-04-28T11:21:11Z</time>
      </trkpt>
      <trkpt lat="34.335318534502576" lon="109.0347827031137">
        <ele>387.0398771110922</ele>
        <time>2022-04-28T11:21:17Z</time>
      </trkpt>
      <trkpt lat="34.33562459969394" lon="109.0342301627357">
        <ele>387.6529902862385</ele>
        <time>2022-04-28T11:21:23Z</time>
      </trkpt>
      <trkpt lat="34.335929280521476" lon="109.0336937498135">
        <ele>387.63074932433665</ele>
        <time>2022-04-28T11:21:29Z</time>
      </trkpt>
      <trkpt lat="34.33623605209887" lon="109.03315795613592">
        <ele>387.96221337560564</ele>
        <time>2022-04-28T11:21:35Z</time>
      </trkpt>
      <trkpt lat="34.33653512160724" lon="109.03262046491123">
        <ele>387.90753853227943</ele>
        <time>2022-04-28T11:21:41Z</time>
      </trkpt>
      <trkpt lat="34.336853113255124" lon="109.03209187198959">
        <ele>387.501717207022</ele>
        <time>2022-04-28T11:21:47Z</time>
      </trkpt>
      <trkpt lat="34.33714077682258" lon="109.0315364108113">
        <ele>387.4070750204846</ele>
        <time>2022-04-28T11:21:53Z</time>
      </trkpt>
      <trkpt lat="34.33728692373577" lon="109.03131621451523">
        <ele>387.71260030474514</ele>
        <time>2022-04-28T11:21:57Z</time>
      </trkpt>
      <trkpt lat="34.337372172202265" lon="109.03127786808508">
        <ele>387.756200353615</ele>
        <time>2022-04-28T11:21:59Z</time>
      </trkpt>
      <trkpt lat="34.337449019604165" lon="109.0312184794425">
        <ele>387.6144371284172</ele>
        <time>2022-04-28T11:22:01Z</time>
      </trkpt>
      <trkpt lat="34.33759379303633" lon="109.03077768290167">
        <ele>387.5599243687466</ele>
        <time>2022-04-28T11:22:07Z</time>
      </trkpt>
      <trkpt lat="34.337667096030394" lon="109.0306167165627">
        <ele>388.2157173641026</ele>
        <time>2022-04-28T11:22:09Z</time>
      </trkpt>
      <trkpt lat="34.33794925983427" lon="109.03013141720663">
        <ele>388.1076152389869</ele>
        <time>2022-04-28T11:22:15Z</time>
      </trkpt>
      <trkpt lat="34.33814502080359" lon="109.0297908037114">
        <ele>388.72977105434984</ele>
        <time>2022-04-28T11:22:19Z</time>
      </trkpt>
      <trkpt lat="34.33847747083697" lon="109.02923052567093">
        <ele>386.3478759964928</ele>
        <time>2022-04-28T11:22:25Z</time>
      </trkpt>
      <trkpt lat="34.33878740603123" lon="109.02865131561313">
        <ele>387.01143651269376</ele>
        <time>2022-04-28T11:22:31Z</time>
      </trkpt>
      <trkpt lat="34.33898128416101" lon="109.02827182992489">
        <ele>387.05201378650963</ele>
        <time>2022-04-28T11:22:35Z</time>
      </trkpt>
      <trkpt lat="34.33912436521138" lon="109.02787296904113">
        <ele>387.1454593157396</ele>
        <time>2022-04-28T11:22:39Z</time>
      </trkpt>
      <trkpt lat="34.33921391761273" lon="109.02769126210542">
        <ele>387.07223027199507</ele>
        <time>2022-04-28T11:22:41Z</time>
      </trkpt>
      <trkpt lat="34.33943244503866" lon="109.02736512600264">
        <ele>386.7143194824457</ele>
        <time>2022-04-28T11:22:45Z</time>
      </trkpt>
      <trkpt lat="34.339560285405646" lon="109.02722456461645">
        <ele>386.53360027913004</ele>
        <time>2022-04-28T11:22:47Z</time>
      </trkpt>
      <trkpt lat="34.339668055197386" lon="109.0270663859975">
        <ele>386.03856193087995</ele>
        <time>2022-04-28T11:22:49Z</time>
      </trkpt>
      <trkpt lat="34.34001545905004" lon="109.02656603511159">
        <ele>386.02547798585147</ele>
        <time>2022-04-28T11:22:55Z</time>
      </trkpt>
      <trkpt lat="34.34037187721714" lon="109.02606223424634">
        <ele>386.2327221846208</ele>
        <time>2022-04-28T11:23:01Z</time>
      </trkpt>
      <trkpt lat="34.34072819834305" lon="109.0255528035193">
        <ele>385.5366548113525</ele>
        <time>2022-04-28T11:23:07Z</time>
      </trkpt>
      <trkpt lat="34.34108105912153" lon="109.02506086163969">
        <ele>385.494446946308</ele>
        <time>2022-04-28T11:23:13Z</time>
      </trkpt>
      <trkpt lat="34.341188771428136" lon="109.02488982849142">
        <ele>386.39604884013534</ele>
        <time>2022-04-28T11:23:15Z</time>
      </trkpt>
      <trkpt lat="34.34152072274997" lon="109.02446344221461">
        <ele>385.5574552770704</ele>
        <time>2022-04-28T11:23:21Z</time>
      </trkpt>
      <trkpt lat="34.3416198081847" lon="109.02432850262439">
        <ele>385.5338091114536</ele>
        <time>2022-04-28T11:23:23Z</time>
      </trkpt>
      <trkpt lat="34.34162837641239" lon="109.02419471673007">
        <ele>385.5755586186424</ele>
        <time>2022-04-28T11:23:25Z</time>
      </trkpt>
      <trkpt lat="34.341533163316825" lon="109.02414267775187">
        <ele>385.5833884039894</ele>
        <time>2022-04-28T11:23:27Z</time>
      </trkpt>
      <trkpt lat="34.3414350735492" lon="109.02421912492046">
        <ele>385.689670949243</ele>
        <time>2022-04-28T11:23:29Z</time>
      </trkpt>
      <trkpt lat="34.34137599990028" lon="109.02436203318709">
        <ele>386.02618228364736</ele>
        <time>2022-04-28T11:23:31Z</time>
      </trkpt>
      <trkpt lat="34.3410792962888" lon="109.02476664828995">
        <ele>385.1819769963622</ele>
        <time>2022-04-28T11:23:39Z</time>
      </trkpt>
      <trkpt lat="34.341051416425664" lon="109.0248294451631">
        <ele>385.9658558089286</ele>
        <time>2022-04-28T11:23:49Z</time>
      </trkpt>
      <trkpt lat="34.34093372964004" lon="109.02496847168672">
        <ele>386.0074100457132</ele>
        <time>2022-04-28T11:24:54Z</time>
      </trkpt>
      <trkpt lat="34.34064176842772" lon="109.02548776614753">
        <ele>386.38085995893925</ele>
        <time>2022-04-28T11:25:04Z</time>
      </trkpt>
      <trkpt lat="34.340268044797384" lon="109.02599028844023">
        <ele>385.6703018983826</ele>
        <time>2022-04-28T11:25:13Z</time>
      </trkpt>
      <trkpt lat="34.339925237542204" lon="109.02647509822565">
        <ele>385.5836530001834</ele>
        <time>2022-04-28T11:25:21Z</time>
      </trkpt>
      <trkpt lat="34.33955044025082" lon="109.02698902156736">
        <ele>386.7004028437659</ele>
        <time>2022-04-28T11:25:29Z</time>
      </trkpt>
      <trkpt lat="34.33919224760345" lon="109.02751938746272">
        <ele>386.5329208727926</ele>
        <time>2022-04-28T11:25:37Z</time>
      </trkpt>
      <trkpt lat="34.33892244513129" lon="109.02793944196296">
        <ele>385.996149931103</ele>
        <time>2022-04-28T11:25:43Z</time>
      </trkpt>
      <trkpt lat="34.33866369338477" lon="109.0283945310719">
        <ele>386.81030267011374</ele>
        <time>2022-04-28T11:25:49Z</time>
      </trkpt>
      <trkpt lat="34.33840874162208" lon="109.02883835960563">
        <ele>387.0456465128809</ele>
        <time>2022-04-28T11:25:55Z</time>
      </trkpt>
      <trkpt lat="34.33815049358603" lon="109.02929876896387">
        <ele>386.53013719338924</ele>
        <time>2022-04-28T11:26:01Z</time>
      </trkpt>
      <trkpt lat="34.337879652947144" lon="109.0297724136641">
        <ele>386.70684155263007</ele>
        <time>2022-04-28T11:26:07Z</time>
      </trkpt>
      <trkpt lat="34.33760318979132" lon="109.03024987797531">
        <ele>386.90555253252387</ele>
        <time>2022-04-28T11:26:13Z</time>
      </trkpt>
      <trkpt lat="34.33734077032712" lon="109.03071105063947">
        <ele>385.0643072621897</ele>
        <time>2022-04-28T11:26:19Z</time>
      </trkpt>
      <trkpt lat="34.33707552003677" lon="109.03117640650399">
        <ele>386.4296056050807</ele>
        <time>2022-04-28T11:26:25Z</time>
      </trkpt>
      <trkpt lat="34.33681694384023" lon="109.03163815049354">
        <ele>387.1154956780374</ele>
        <time>2022-04-28T11:26:31Z</time>
      </trkpt>
      <trkpt lat="34.33656332651072" lon="109.03209368852957">
        <ele>387.4286837782711</ele>
        <time>2022-04-28T11:26:37Z</time>
      </trkpt>
      <trkpt lat="34.3363070956933" lon="109.03255740333957">
        <ele>387.8408988909796</ele>
        <time>2022-04-28T11:26:43Z</time>
      </trkpt>
      <trkpt lat="34.33605120709472" lon="109.03300873513513">
        <ele>387.86374997347593</ele>
        <time>2022-04-28T11:26:49Z</time>
      </trkpt>
      <trkpt lat="34.33579606211516" lon="109.03348015721195">
        <ele>388.0684072142467</ele>
        <time>2022-04-28T11:26:55Z</time>
      </trkpt>
      <trkpt lat="34.33553262843121" lon="109.03396285528176">
        <ele>387.97957038041204</ele>
        <time>2022-04-28T11:27:01Z</time>
      </trkpt>
      <trkpt lat="34.3352633462128" lon="109.03444500479831">
        <ele>387.97648098226637</ele>
        <time>2022-04-28T11:27:07Z</time>
      </trkpt>
      <trkpt lat="34.33498381329704" lon="109.03490778998658">
        <ele>387.990998968482</ele>
        <time>2022-04-28T11:27:13Z</time>
      </trkpt>
      <trkpt lat="34.33472628647169" lon="109.03537743611875">
        <ele>387.6809229692444</ele>
        <time>2022-04-28T11:27:19Z</time>
      </trkpt>
      <trkpt lat="34.334460433220144" lon="109.03584810590023">
        <ele>387.95128815062344</ele>
        <time>2022-04-28T11:27:25Z</time>
      </trkpt>
      <trkpt lat="34.33418900302528" lon="109.03631150482376">
        <ele>388.9547311598435</ele>
        <time>2022-04-28T11:27:31Z</time>
      </trkpt>
      <trkpt lat="34.33391968723092" lon="109.03678398482472">
        <ele>387.97400889731944</ele>
        <time>2022-04-28T11:27:37Z</time>
      </trkpt>
      <trkpt lat="34.333643856449605" lon="109.03725905007238">
        <ele>388.6003852505237</ele>
        <time>2022-04-28T11:27:43Z</time>
      </trkpt>
      <trkpt lat="34.33332345404777" lon="109.03781534350261">
        <ele>389.28112177178264</ele>
        <time>2022-04-28T11:27:50Z</time>
      </trkpt>
      <trkpt lat="34.33305351659165" lon="109.03829241865697">
        <ele>389.7626765407622</ele>
        <time>2022-04-28T11:27:56Z</time>
      </trkpt>
      <trkpt lat="34.332784365726184" lon="109.03876470159584">
        <ele>389.6708292858675</ele>
        <time>2022-04-28T11:28:02Z</time>
      </trkpt>
      <trkpt lat="34.33252991884752" lon="109.03924892064921">
        <ele>389.8590620281175</ele>
        <time>2022-04-28T11:28:08Z</time>
      </trkpt>
      <trkpt lat="34.33226000581767" lon="109.03973634391133">
        <ele>390.6888095019385</ele>
        <time>2022-04-28T11:28:14Z</time>
      </trkpt>
      <trkpt lat="34.33200008650385" lon="109.04022126982935">
        <ele>390.9094595182687</ele>
        <time>2022-04-28T11:28:20Z</time>
      </trkpt>
      <trkpt lat="34.331715324229314" lon="109.04068830889253">
        <ele>390.6298701884225</ele>
        <time>2022-04-28T11:28:26Z</time>
      </trkpt>
      <trkpt lat="34.331435154676335" lon="109.04117780531926">
        <ele>389.85927851404995</ele>
        <time>2022-04-28T11:28:32Z</time>
      </trkpt>
      <trkpt lat="34.33125716017229" lon="109.0415121751974">
        <ele>389.6133176004514</ele>
        <time>2022-04-28T11:28:36Z</time>
      </trkpt>
      <trkpt lat="34.331106624491795" lon="109.04188208585687">
        <ele>389.45510442368686</ele>
        <time>2022-04-28T11:28:40Z</time>
      </trkpt>
      <trkpt lat="34.330930888465474" lon="109.04222936435417">
        <ele>389.99317863583565</ele>
        <time>2022-04-28T11:28:44Z</time>
      </trkpt>
      <trkpt lat="34.33064719502791" lon="109.04271019432515">
        <ele>389.45606058463454</ele>
        <time>2022-04-28T11:28:50Z</time>
      </trkpt>
      <trkpt lat="34.33040712214787" lon="109.04314564510878">
        <ele>389.71166755259037</ele>
        <time>2022-04-28T11:28:56Z</time>
      </trkpt>
      <trkpt lat="34.330106364247804" lon="109.04369451952222">
        <ele>389.7206023018807</ele>
        <time>2022-04-28T11:29:04Z</time>
      </trkpt>
      <trkpt lat="34.32979044185474" lon="109.04425395806217">
        <ele>390.9501530136913</ele>
        <time>2022-04-28T11:29:12Z</time>
      </trkpt>
      <trkpt lat="34.32952392936844" lon="109.04468345566679">
        <ele>388.50448643695563</ele>
        <time>2022-04-28T11:29:18Z</time>
      </trkpt>
      <trkpt lat="34.32932899236897" lon="109.04504093125335">
        <ele>386.8136895056814</ele>
        <time>2022-04-28T11:29:23Z</time>
      </trkpt>
      <trkpt lat="34.32900774275466" lon="109.0455350636408">
        <ele>390.43297826498747</ele>
        <time>2022-04-28T11:29:31Z</time>
      </trkpt>
      <trkpt lat="34.32896330202711" lon="109.04564171304571">
        <ele>391.50931284204125</ele>
        <time>2022-04-28T11:29:33Z</time>
      </trkpt>
      <trkpt lat="34.329029997758624" lon="109.04573178435834">
        <ele>390.72653236892074</ele>
        <time>2022-04-28T11:29:35Z</time>
      </trkpt>
      <trkpt lat="34.32915250016766" lon="109.04567496779903">
        <ele>391.67794253118336</ele>
        <time>2022-04-28T11:29:37Z</time>
      </trkpt>
      <trkpt lat="34.32938426864663" lon="109.04523451552652">
        <ele>391.48918461892754</ele>
        <time>2022-04-28T11:29:43Z</time>
      </trkpt>
      <trkpt lat="34.32953810310538" lon="109.04491163582571">
        <ele>390.3139541214332</ele>
        <time>2022-04-28T11:29:47Z</time>
      </trkpt>
      <trkpt lat="34.32979646874396" lon="109.04446213748645">
        <ele>387.6936593251303</ele>
        <time>2022-04-28T11:29:53Z</time>
      </trkpt>
      <trkpt lat="34.32998127476992" lon="109.04415178273202">
        <ele>388.91142350807786</ele>
        <time>2022-04-28T11:29:57Z</time>
      </trkpt>
      <trkpt lat="34.330281402858446" lon="109.0436830188124">
        <ele>389.55228222254664</ele>
        <time>2022-04-28T11:30:03Z</time>
      </trkpt>
      <trkpt lat="34.330566006821854" lon="109.0431789614059">
        <ele>390.0024260301143</ele>
        <time>2022-04-28T11:30:09Z</time>
      </trkpt>
      <trkpt lat="34.33084575671968" lon="109.04267076614444">
        <ele>390.5858422173187</ele>
        <time>2022-04-28T11:30:15Z</time>
      </trkpt>
      <trkpt lat="34.33113301976113" lon="109.04216543879234">
        <ele>390.2055504936725</ele>
        <time>2022-04-28T11:30:21Z</time>
      </trkpt>
      <trkpt lat="34.33142287612614" lon="109.04165807721436">
        <ele>389.9182006297633</ele>
        <time>2022-04-28T11:30:27Z</time>
      </trkpt>
      <trkpt lat="34.33172626257458" lon="109.0411485952912">
        <ele>390.71135560423136</ele>
        <time>2022-04-28T11:30:33Z</time>
      </trkpt>
      <trkpt lat="34.33200263305431" lon="109.04064205829424">
        <ele>390.13984221965075</ele>
        <time>2022-04-28T11:30:39Z</time>
      </trkpt>
      <trkpt lat="34.332289508676936" lon="109.0401275418729">
        <ele>390.44781312253326</ele>
        <time>2022-04-28T11:30:45Z</time>
      </trkpt>
      <trkpt lat="34.33258117004698" lon="109.03961546432814">
        <ele>390.41354820877314</ele>
        <time>2022-04-28T11:30:51Z</time>
      </trkpt>
      <trkpt lat="34.332876211229454" lon="109.03910312798139">
        <ele>389.35270855296403</ele>
        <time>2022-04-28T11:30:57Z</time>
      </trkpt>
      <trkpt lat="34.33316935336763" lon="109.03856847502135">
        <ele>389.9270331636071</ele>
        <time>2022-04-28T11:31:03Z</time>
      </trkpt>
      <trkpt lat="34.33346484150577" lon="109.03805700738195">
        <ele>390.6735075907782</ele>
        <time>2022-04-28T11:31:09Z</time>
      </trkpt>
      <trkpt lat="34.3337567059193" lon="109.03754697019131">
        <ele>389.9555699247867</ele>
        <time>2022-04-28T11:31:15Z</time>
      </trkpt>
      <trkpt lat="34.33406137624584" lon="109.03703549106586">
        <ele>387.8667394230142</ele>
        <time>2022-04-28T11:31:21Z</time>
      </trkpt>
      <trkpt lat="34.33436196168735" lon="109.03650899760007">
        <ele>387.9239485291764</ele>
        <time>2022-04-28T11:31:27Z</time>
      </trkpt>
      <trkpt lat="34.334652521865586" lon="109.03598341164853">
        <ele>388.21403105184436</ele>
        <time>2022-04-28T11:31:33Z</time>
      </trkpt>
      <trkpt lat="34.33494332907036" lon="109.03545251783468">
        <ele>388.23991571273655</ele>
        <time>2022-04-28T11:31:39Z</time>
      </trkpt>
      <trkpt lat="34.33523355913928" lon="109.03494310413576">
        <ele>388.4012553608045</ele>
        <time>2022-04-28T11:31:45Z</time>
      </trkpt>
      <trkpt lat="34.335524739607195" lon="109.03444613734668">
        <ele>388.1519207460806</ele>
        <time>2022-04-28T11:31:51Z</time>
      </trkpt>
      <trkpt lat="34.33581136323276" lon="109.03394773495535">
        <ele>388.0669535137713</ele>
        <time>2022-04-28T11:31:57Z</time>
      </trkpt>
      <trkpt lat="34.33608975965072" lon="109.03345149036528">
        <ele>387.67534362804145</ele>
        <time>2022-04-28T11:32:03Z</time>
      </trkpt>
      <trkpt lat="34.33637261653705" lon="109.03294031696191">
        <ele>387.7713649608195</ele>
        <time>2022-04-28T11:32:09Z</time>
      </trkpt>
      <trkpt lat="34.336651571388636" lon="109.03242774485473">
        <ele>388.2577056866139</ele>
        <time>2022-04-28T11:32:15Z</time>
      </trkpt>
      <trkpt lat="34.336934122136064" lon="109.03191808874486">
        <ele>388.68525830004364</ele>
        <time>2022-04-28T11:32:21Z</time>
      </trkpt>
      <trkpt lat="34.337220405637254" lon="109.03141497304311">
        <ele>387.7081856196746</ele>
        <time>2022-04-28T11:32:27Z</time>
      </trkpt>
      <trkpt lat="34.337514083135005" lon="109.03090813751876">
        <ele>387.53210577555</ele>
        <time>2022-04-28T11:32:33Z</time>
      </trkpt>
      <trkpt lat="34.337804531473516" lon="109.03038622001993">
        <ele>387.4398811319843</ele>
        <time>2022-04-28T11:32:39Z</time>
      </trkpt>
      <trkpt lat="34.33809250831854" lon="109.02986937840762">
        <ele>388.0132140563801</ele>
        <time>2022-04-28T11:32:45Z</time>
      </trkpt>
      <trkpt lat="34.33838570896732" lon="109.02936363717403">
        <ele>387.76331226620823</ele>
        <time>2022-04-28T11:32:51Z</time>
      </trkpt>
      <trkpt lat="34.33867368723299" lon="109.0288589745125">
        <ele>387.2591628525406</ele>
        <time>2022-04-28T11:32:57Z</time>
      </trkpt>
      <trkpt lat="34.338843066526856" lon="109.02851316169088">
        <ele>386.5288368742913</ele>
        <time>2022-04-28T11:33:01Z</time>
      </trkpt>
      <trkpt lat="34.33898805592126" lon="109.02812622048208">
        <ele>388.1727522648871</ele>
        <time>2022-04-28T11:33:05Z</time>
      </trkpt>
      <trkpt lat="34.33927783158241" lon="109.02761527032364">
        <ele>387.5199911445379</ele>
        <time>2022-04-28T11:33:11Z</time>
      </trkpt>
      <trkpt lat="34.339601633218855" lon="109.02715722322917">
        <ele>386.9290323155001</ele>
        <time>2022-04-28T11:33:17Z</time>
      </trkpt>
      <trkpt lat="34.33993286254239" lon="109.02668172133707">
        <ele>386.4829673571512</ele>
        <time>2022-04-28T11:33:23Z</time>
      </trkpt>
      <trkpt lat="34.34027621367651" lon="109.02621428907594">
        <ele>386.05662738066167</ele>
        <time>2022-04-28T11:33:29Z</time>
      </trkpt>
      <trkpt lat="34.340614066228824" lon="109.02573607755251">
        <ele>384.6590998284519</ele>
        <time>2022-04-28T11:33:35Z</time>
      </trkpt>
      <trkpt lat="34.34094812645085" lon="109.02526612381568">
        <ele>384.66348135564476</ele>
        <time>2022-04-28T11:33:41Z</time>
      </trkpt>
      <trkpt lat="34.34126848318689" lon="109.02480015442393">
        <ele>386.13778568618</ele>
        <time>2022-04-28T11:33:47Z</time>
      </trkpt>
      <trkpt lat="34.34156039750403" lon="109.02439981735411">
        <ele>385.3866433482617</ele>
        <time>2022-04-28T11:33:53Z</time>
      </trkpt>
      <trkpt lat="34.34161959995642" lon="109.0242947580864">
        <ele>384.44234063941985</ele>
        <time>2022-04-28T11:33:55Z</time>
      </trkpt>
      <trkpt lat="34.34158984466377" lon="109.0242022028129">
        <ele>385.1259240331128</ele>
        <time>2022-04-28T11:33:57Z</time>
      </trkpt>
      <trkpt lat="34.34145061923437" lon="109.02428453221086">
        <ele>385.93182539753616</ele>
        <time>2022-04-28T11:34:01Z</time>
      </trkpt>
      <trkpt lat="34.34113930822661" lon="109.02473742723156">
        <ele>386.2054680902511</ele>
        <time>2022-04-28T11:34:09Z</time>
      </trkpt>
      <trkpt lat="34.34087006620797" lon="109.02517940423962">
        <ele>386.2645103055984</ele>
        <time>2022-04-28T11:34:15Z</time>
      </trkpt>
      <trkpt lat="34.340571015315014" lon="109.02560731021684">
        <ele>385.607852127403</ele>
        <time>2022-04-28T11:34:21Z</time>
      </trkpt>
      <trkpt lat="34.34027237645221" lon="109.02603748696501">
        <ele>385.8071412919089</ele>
        <time>2022-04-28T11:34:27Z</time>
      </trkpt>
      <trkpt lat="34.33996379429041" lon="109.02643697394308">
        <ele>386.139412923716</ele>
        <time>2022-04-28T11:34:33Z</time>
      </trkpt>
      <trkpt lat="34.3398695671076" lon="109.0265744026189">
        <ele>386.60078795906156</ele>
        <time>2022-04-28T11:34:35Z</time>
      </trkpt>
      <trkpt lat="34.33975341399299" lon="109.02669220738515">
        <ele>386.3782147606835</ele>
        <time>2022-04-28T11:34:37Z</time>
      </trkpt>
      <trkpt lat="34.339682448665094" lon="109.02684744339453">
        <ele>385.7534148544073</ele>
        <time>2022-04-28T11:34:39Z</time>
      </trkpt>
      <trkpt lat="34.33940312498129" lon="109.02725396285841">
        <ele>386.4496212499216</ele>
        <time>2022-04-28T11:34:45Z</time>
      </trkpt>
      <trkpt lat="34.33912772735131" lon="109.0276902497821">
        <ele>385.5908143762499</ele>
        <time>2022-04-28T11:34:51Z</time>
      </trkpt>
      <trkpt lat="34.33895303709241" lon="109.0280146032871">
        <ele>386.25598038733006</ele>
        <time>2022-04-28T11:34:55Z</time>
      </trkpt>
      <trkpt lat="34.33865719386174" lon="109.02848404125508">
        <ele>387.23726406879723</ele>
        <time>2022-04-28T11:35:01Z</time>
      </trkpt>
      <trkpt lat="34.33838443819693" lon="109.028966571045">
        <ele>387.1720323218033</ele>
        <time>2022-04-28T11:35:07Z</time>
      </trkpt>
      <trkpt lat="34.33819659132299" lon="109.02929314095383">
        <ele>386.9946559648961</ele>
        <time>2022-04-28T11:35:11Z</time>
      </trkpt>
      <trkpt lat="34.33789720488302" lon="109.02976003722593">
        <ele>386.191088905558</ele>
        <time>2022-04-28T11:35:17Z</time>
      </trkpt>
      <trkpt lat="34.33762059714731" lon="109.03026212927365">
        <ele>387.67944722622633</ele>
        <time>2022-04-28T11:35:23Z</time>
      </trkpt>
      <trkpt lat="34.33736038027382" lon="109.03074174453552">
        <ele>386.4827784774825</ele>
        <time>2022-04-28T11:35:29Z</time>
      </trkpt>
      <trkpt lat="34.33708218543894" lon="109.0312243345713">
        <ele>386.57209798134863</ele>
        <time>2022-04-28T11:35:35Z</time>
      </trkpt>
      <trkpt lat="34.33680639018432" lon="109.03170242227552">
        <ele>387.74637441243976</ele>
        <time>2022-04-28T11:35:41Z</time>
      </trkpt>
      <trkpt lat="34.33653953146608" lon="109.03218201702502">
        <ele>386.78307489678264</ele>
        <time>2022-04-28T11:35:47Z</time>
      </trkpt>
      <trkpt lat="34.3362598830494" lon="109.03265635184772">
        <ele>386.36400008853525</ele>
        <time>2022-04-28T11:35:53Z</time>
      </trkpt>
      <trkpt lat="34.33599246265636" lon="109.03313665171325">
        <ele>387.2548101665452</ele>
        <time>2022-04-28T11:35:59Z</time>
      </trkpt>
      <trkpt lat="34.33571611874492" lon="109.0336180221995">
        <ele>387.6992442617193</ele>
        <time>2022-04-28T11:36:05Z</time>
      </trkpt>
      <trkpt lat="34.33544041209717" lon="109.03409667065542">
        <ele>387.6572350105271</ele>
        <time>2022-04-28T11:36:11Z</time>
      </trkpt>
      <trkpt lat="34.3351722796234" lon="109.03457876307726">
        <ele>387.9933918910101</ele>
        <time>2022-04-28T11:36:17Z</time>
      </trkpt>
      <trkpt lat="34.33490247495838" lon="109.0350760409574">
        <ele>388.30183013062924</ele>
        <time>2022-04-28T11:36:23Z</time>
      </trkpt>
      <trkpt lat="34.33462579491652" lon="109.03553714889752">
        <ele>388.1091803088784</ele>
        <time>2022-04-28T11:36:29Z</time>
      </trkpt>
      <trkpt lat="34.33434534099033" lon="109.0359951975057">
        <ele>387.5213110893965</ele>
        <time>2022-04-28T11:36:35Z</time>
      </trkpt>
      <trkpt lat="34.334159069754364" lon="109.03630347339553">
        <ele>388.22518174536526</ele>
        <time>2022-04-28T11:36:39Z</time>
      </trkpt>
      <trkpt lat="34.33390733677872" lon="109.03679536871529">
        <ele>387.9289176100865</ele>
        <time>2022-04-28T11:36:45Z</time>
      </trkpt>
      <trkpt lat="34.333633719875984" lon="109.03727646021797">
        <ele>388.19167291000485</ele>
        <time>2022-04-28T11:36:51Z</time>
      </trkpt>
      <trkpt lat="34.3333842088475" lon="109.03778686960281">
        <ele>389.6968952519819</ele>
        <time>2022-04-28T11:36:57Z</time>
      </trkpt>
      <trkpt lat="34.33330490903675" lon="109.03795257304033">
        <ele>389.3655931511894</ele>
        <time>2022-04-28T11:36:59Z</time>
      </trkpt>
      <trkpt lat="34.33302576120994" lon="109.03842631038212">
        <ele>389.65066769439727</ele>
        <time>2022-04-28T11:37:05Z</time>
      </trkpt>
      <trkpt lat="34.332733086302056" lon="109.03889601008156">
        <ele>389.182134619914</ele>
        <time>2022-04-28T11:37:11Z</time>
      </trkpt>
      <trkpt lat="34.332445077980935" lon="109.03936922363222">
        <ele>389.86248167138547</ele>
        <time>2022-04-28T11:37:17Z</time>
      </trkpt>
      <trkpt lat="34.332176483503886" lon="109.03985054359838">
        <ele>390.5271561238915</ele>
        <time>2022-04-28T11:37:23Z</time>
      </trkpt>
      <trkpt lat="34.33190003374518" lon="109.04034960468779">
        <ele>390.72154000774026</ele>
        <time>2022-04-28T11:37:29Z</time>
      </trkpt>
      <trkpt lat="34.33160770282704" lon="109.04082899413743">
        <ele>390.19405444152653</ele>
        <time>2022-04-28T11:37:35Z</time>
      </trkpt>
      <trkpt lat="34.3313403470329" lon="109.04133924101816">
        <ele>389.2289501717314</ele>
        <time>2022-04-28T11:37:41Z</time>
      </trkpt>
      <trkpt lat="34.331198726395264" lon="109.04170647007622">
        <ele>389.91726175136864</ele>
        <time>2022-04-28T11:37:45Z</time>
      </trkpt>
      <trkpt lat="34.33102778340824" lon="109.0420521574714">
        <ele>389.2316713705659</ele>
        <time>2022-04-28T11:37:49Z</time>
      </trkpt>
      <trkpt lat="34.33074325670345" lon="109.04253750680151">
        <ele>389.262574092485</ele>
        <time>2022-04-28T11:37:55Z</time>
      </trkpt>
      <trkpt lat="34.33047504950061" lon="109.04302511189887">
        <ele>390.3421890633181</ele>
        <time>2022-04-28T11:38:01Z</time>
      </trkpt>
      <trkpt lat="34.33020136204319" lon="109.04349546468222">
        <ele>390.1770918322727</ele>
        <time>2022-04-28T11:38:07Z</time>
      </trkpt>
      <trkpt lat="34.32992867182412" lon="109.0439742347882">
        <ele>389.7881598090753</ele>
        <time>2022-04-28T11:38:13Z</time>
      </trkpt>
      <trkpt lat="34.32964835689899" lon="109.04444739361566">
        <ele>389.6680172337219</ele>
        <time>2022-04-28T11:38:19Z</time>
      </trkpt>
      <trkpt lat="34.32937331673584" lon="109.04491802921487">
        <ele>386.0521553028375</ele>
        <time>2022-04-28T11:38:25Z</time>
      </trkpt>
      <trkpt lat="34.32911406111357" lon="109.04539891821238">
        <ele>388.7728242855519</ele>
        <time>2022-04-28T11:38:31Z</time>
      </trkpt>
      <trkpt lat="34.3289680597499" lon="109.04565126029726">
        <ele>389.9798276666552</ele>
        <time>2022-04-28T11:38:35Z</time>
      </trkpt>
      <trkpt lat="34.32899833653593" lon="109.04578275414765">
        <ele>390.4185634357855</ele>
        <time>2022-04-28T11:38:37Z</time>
      </trkpt>
      <trkpt lat="34.32910998553404" lon="109.04578219034858">
        <ele>390.19717050809413</ele>
        <time>2022-04-28T11:38:39Z</time>
      </trkpt>
      <trkpt lat="34.32919370052367" lon="109.04565783758397">
        <ele>390.952736498788</ele>
        <time>2022-04-28T11:38:41Z</time>
      </trkpt>
      <trkpt lat="34.32922043653785" lon="109.04551455931465">
        <ele>392.31070444826037</ele>
        <time>2022-04-28T11:38:43Z</time>
      </trkpt>
      <trkpt lat="34.3295157757792" lon="109.04494547152096">
        <ele>390.5155419204384</ele>
        <time>2022-04-28T11:38:51Z</time>
      </trkpt>
      <trkpt lat="34.32982955242936" lon="109.04442330974499">
        <ele>387.500436428003</ele>
        <time>2022-04-28T11:38:57Z</time>
      </trkpt>
      <trkpt lat="34.33012573160078" lon="109.04391208961052">
        <ele>389.1015096772462</ele>
        <time>2022-04-28T11:39:03Z</time>
      </trkpt>
      <trkpt lat="34.330330101676736" lon="109.04357413167685">
        <ele>390.59634341020137</ele>
        <time>2022-04-28T11:39:07Z</time>
      </trkpt>
      <trkpt lat="34.3306119293153" lon="109.0430534365146">
        <ele>389.73846228886396</ele>
        <time>2022-04-28T11:39:13Z</time>
      </trkpt>
      <trkpt lat="34.33089842914305" lon="109.04256516571144">
        <ele>391.1679358910769</ele>
        <time>2022-04-28T11:39:19Z</time>
      </trkpt>
      <trkpt lat="34.33117162000345" lon="109.04208547399632">
        <ele>389.5675501804799</ele>
        <time>2022-04-28T11:39:25Z</time>
      </trkpt>
      <trkpt lat="34.33136104171494" lon="109.04175737932276">
        <ele>389.8167803026736</ele>
        <time>2022-04-28T11:39:29Z</time>
      </trkpt>
      <trkpt lat="34.33146894294496" lon="109.04161085569454">
        <ele>390.1589978048578</ele>
        <time>2022-04-28T11:39:31Z</time>
      </trkpt>
      <trkpt lat="34.33174395535615" lon="109.04109115089169">
        <ele>391.68577337637544</ele>
        <time>2022-04-28T11:39:37Z</time>
      </trkpt>
      <trkpt lat="34.332019037581865" lon="109.04061676931242">
        <ele>390.74718054942787</ele>
        <time>2022-04-28T11:39:43Z</time>
      </trkpt>
      <trkpt lat="34.33229568111533" lon="109.04011647510546">
        <ele>391.10962619353086</ele>
        <time>2022-04-28T11:39:49Z</time>
      </trkpt>
      <trkpt lat="34.3325932092297" lon="109.03961587424106">
        <ele>389.997681341134</ele>
        <time>2022-04-28T11:39:55Z</time>
      </trkpt>
      <trkpt lat="34.332883301969424" lon="109.03909584438864">
        <ele>389.76662611961365</ele>
        <time>2022-04-28T11:40:01Z</time>
      </trkpt>
      <trkpt lat="34.333183888570076" lon="109.03857065232714">
        <ele>390.1521311933175</ele>
        <time>2022-04-28T11:40:07Z</time>
      </trkpt>
      <trkpt lat="34.33347679026456" lon="109.03804822103288">
        <ele>390.3567633982748</ele>
        <time>2022-04-28T11:40:13Z</time>
      </trkpt>
      <trkpt lat="34.3337785838649" lon="109.0375105671516">
        <ele>389.77422142308205</ele>
        <time>2022-04-28T11:40:19Z</time>
      </trkpt>
      <trkpt lat="34.33409639135267" lon="109.03695436254168">
        <ele>388.58142888732255</ele>
        <time>2022-04-28T11:40:25Z</time>
      </trkpt>
      <trkpt lat="34.33441003571082" lon="109.03639698350044">
        <ele>388.12270737532526</ele>
        <time>2022-04-28T11:40:31Z</time>
      </trkpt>
      <trkpt lat="34.33472044579727" lon="109.03580993710105">
        <ele>388.9794993409887</ele>
        <time>2022-04-28T11:40:37Z</time>
      </trkpt>
      <trkpt lat="34.33504874485014" lon="109.03524658775433">
        <ele>388.62026076205075</ele>
        <time>2022-04-28T11:40:43Z</time>
      </trkpt>
      <trkpt lat="34.335365025183236" lon="109.03470534161893">
        <ele>388.2324476065114</ele>
        <time>2022-04-28T11:40:49Z</time>
      </trkpt>
      <trkpt lat="34.335675358681094" lon="109.03415390640886">
        <ele>388.0413199989125</ele>
        <time>2022-04-28T11:40:55Z</time>
      </trkpt>
      <trkpt lat="34.335994655355954" lon="109.033610599615">
        <ele>387.93140808679163</ele>
        <time>2022-04-28T11:41:01Z</time>
      </trkpt>
      <trkpt lat="34.336089648788324" lon="109.03340544202563">
        <ele>388.14535901416093</ele>
        <time>2022-04-28T11:41:03Z</time>
      </trkpt>
      <trkpt lat="34.33640777162596" lon="109.03285092957957">
        <ele>387.52233728859574</ele>
        <time>2022-04-28T11:41:09Z</time>
      </trkpt>
      <trkpt lat="34.33673166661019" lon="109.0322847410273">
        <ele>387.1103706881404</ele>
        <time>2022-04-28T11:41:15Z</time>
      </trkpt>
      <trkpt lat="34.33705021474632" lon="109.03173745885881">
        <ele>386.66858291625977</ele>
        <time>2022-04-28T11:41:21Z</time>
      </trkpt>
      <trkpt lat="34.33736212641773" lon="109.03117398426832">
        <ele>387.3568494077772</ele>
        <time>2022-04-28T11:41:27Z</time>
      </trkpt>
      <trkpt lat="34.337666943536234" lon="109.03059712827785">
        <ele>387.6533355638385</ele>
        <time>2022-04-28T11:41:33Z</time>
      </trkpt>
      <trkpt lat="34.337967522670574" lon="109.03005953415143">
        <ele>387.7355961576104</ele>
        <time>2022-04-28T11:41:39Z</time>
      </trkpt>
      <trkpt lat="34.338272360915596" lon="109.02953433396367">
        <ele>387.65012010838836</ele>
        <time>2022-04-28T11:41:45Z</time>
      </trkpt>
      <trkpt lat="34.33857282954146" lon="109.0290317068727">
        <ele>387.81758761499077</ele>
        <time>2022-04-28T11:41:51Z</time>
      </trkpt>
      <trkpt lat="34.338851539119226" lon="109.02851315763414">
        <ele>387.87386205326766</ele>
        <time>2022-04-28T11:41:57Z</time>
      </trkpt>
      <trkpt lat="34.33913427313532" lon="109.02799870157185">
        <ele>387.5867079878226</ele>
        <time>2022-04-28T11:42:03Z</time>
      </trkpt>
      <trkpt lat="34.339299147505386" lon="109.02762091198443">
        <ele>386.73053777962923</ele>
        <time>2022-04-28T11:42:07Z</time>
      </trkpt>
      <trkpt lat="34.33964430673815" lon="109.02708527474819">
        <ele>386.85460378974676</ele>
        <time>2022-04-28T11:42:13Z</time>
      </trkpt>
      <trkpt lat="34.340025535696284" lon="109.02654386988654">
        <ele>386.0512153757736</ele>
        <time>2022-04-28T11:42:19Z</time>
      </trkpt>
      <trkpt lat="34.340416804544176" lon="109.02598779268614">
        <ele>385.9812844367698</ele>
        <time>2022-04-28T11:42:25Z</time>
      </trkpt>
      <trkpt lat="34.34080089586539" lon="109.02545087617204">
        <ele>385.86050912737846</ele>
        <time>2022-04-28T11:42:31Z</time>
      </trkpt>
      <trkpt lat="34.34115565334162" lon="109.02494777964007">
        <ele>386.21658249851316</ele>
        <time>2022-04-28T11:42:37Z</time>
      </trkpt>
      <trkpt lat="34.34145689122745" lon="109.02453804112798">
        <ele>385.8324608532712</ele>
        <time>2022-04-28T11:42:45Z</time>
      </trkpt>
      <trkpt lat="34.34158758790688" lon="109.02435679571256">
        <ele>385.6195180080831</ele>
        <time>2022-04-28T11:42:49Z</time>
      </trkpt>
      <trkpt lat="34.34159670400135" lon="109.02424107098751">
        <ele>385.7730745486915</ele>
        <time>2022-04-28T11:42:51Z</time>
      </trkpt>
      <trkpt lat="34.34151723306211" lon="109.02419418130077">
        <ele>386.00959201622754</ele>
        <time>2022-04-28T11:42:53Z</time>
      </trkpt>
      <trkpt lat="34.34141863404021" lon="109.02426544817911">
        <ele>385.9042728766799</ele>
        <time>2022-04-28T11:42:55Z</time>
      </trkpt>
      <trkpt lat="34.34136388942197" lon="109.02440868099696">
        <ele>386.259201570414</ele>
        <time>2022-04-28T11:42:57Z</time>
      </trkpt>
      <trkpt lat="34.341272572028295" lon="109.02450326187237">
        <ele>385.6019519008696</ele>
        <time>2022-04-28T11:42:59Z</time>
      </trkpt>
      <trkpt lat="34.34094044126651" lon="109.025034135715">
        <ele>386.00166432745755</ele>
        <time>2022-04-28T11:43:07Z</time>
      </trkpt>
      <trkpt lat="34.34057349128024" lon="109.0255566247709">
        <ele>386.04713640455157</ele>
        <time>2022-04-28T11:43:15Z</time>
      </trkpt>
      <trkpt lat="34.34019166352925" lon="109.02609222998925">
        <ele>386.47961623128504</ele>
        <time>2022-04-28T11:43:23Z</time>
      </trkpt>
      <trkpt lat="34.33990701089919" lon="109.02650292846008">
        <ele>386.7170099718496</ele>
        <time>2022-04-28T11:43:29Z</time>
      </trkpt>
      <trkpt lat="34.33961258058453" lon="109.02692411594863">
        <ele>386.39716153778136</ele>
        <time>2022-04-28T11:43:35Z</time>
      </trkpt>
      <trkpt lat="34.33932168910867" lon="109.02735553167905">
        <ele>386.4395380746573</ele>
        <time>2022-04-28T11:43:41Z</time>
      </trkpt>
      <trkpt lat="34.33913213373008" lon="109.0276528677055">
        <ele>386.54427854623646</ele>
        <time>2022-04-28T11:43:45Z</time>
      </trkpt>
      <trkpt lat="34.33902050260341" lon="109.02779345919953">
        <ele>386.68327909708023</ele>
        <time>2022-04-28T11:43:47Z</time>
      </trkpt>
      <trkpt lat="34.338947471975835" lon="109.02796641499887">
        <ele>386.25590172968805</ele>
        <time>2022-04-28T11:43:49Z</time>
      </trkpt>
      <trkpt lat="34.33867961335067" lon="109.02842910158722">
        <ele>386.12906072102487</ele>
        <time>2022-04-28T11:43:55Z</time>
      </trkpt>
      <trkpt lat="34.33842464125349" lon="109.02889741137102">
        <ele>387.46863818727434</ele>
        <time>2022-04-28T11:44:01Z</time>
      </trkpt>
      <trkpt lat="34.33816025945644" lon="109.02936651986496">
        <ele>387.1810047077015</ele>
        <time>2022-04-28T11:44:07Z</time>
      </trkpt>
      <trkpt lat="34.33789116530271" lon="109.02985603574383">
        <ele>387.2038337951526</ele>
        <time>2022-04-28T11:44:13Z</time>
      </trkpt>
      <trkpt lat="34.33761082409257" lon="109.03032835139282">
        <ele>387.1551102809608</ele>
        <time>2022-04-28T11:44:19Z</time>
      </trkpt>
      <trkpt lat="34.337343182768755" lon="109.03079211649727">
        <ele>386.791587411426</ele>
        <time>2022-04-28T11:44:25Z</time>
      </trkpt>
      <trkpt lat="34.33706974194264" lon="109.03125317888144">
        <ele>386.73054430633783</ele>
        <time>2022-04-28T11:44:31Z</time>
      </trkpt>
      <trkpt lat="34.336806767567026" lon="109.03172735145253">
        <ele>387.3039958542213</ele>
        <time>2022-04-28T11:44:37Z</time>
      </trkpt>
      <trkpt lat="34.336543108140084" lon="109.03220273160991">
        <ele>386.92228650674224</ele>
        <time>2022-04-28T11:44:43Z</time>
      </trkpt>
      <trkpt lat="34.33628183914651" lon="109.03268122383894">
        <ele>386.9371706377715</ele>
        <time>2022-04-28T11:44:49Z</time>
      </trkpt>
      <trkpt lat="34.336008754144686" lon="109.03314907713674">
        <ele>387.2301506679505</ele>
        <time>2022-04-28T11:44:55Z</time>
      </trkpt>
      <trkpt lat="34.335732613957106" lon="109.03362002256618">
        <ele>387.6129610519856</ele>
        <time>2022-04-28T11:45:01Z</time>
      </trkpt>
      <trkpt lat="34.33546888440146" lon="109.03408210457455">
        <ele>388.2230702582747</ele>
        <time>2022-04-28T11:45:07Z</time>
      </trkpt>
      <trkpt lat="34.335207151355675" lon="109.03454462957905">
        <ele>387.9395955298096</ele>
        <time>2022-04-28T11:45:13Z</time>
      </trkpt>
      <trkpt lat="34.33494446948752" lon="109.03501055037654">
        <ele>387.83028309512883</ele>
        <time>2022-04-28T11:45:19Z</time>
      </trkpt>
      <trkpt lat="34.334678111442074" lon="109.03547393050899">
        <ele>388.14970983192325</ele>
        <time>2022-04-28T11:45:25Z</time>
      </trkpt>
      <trkpt lat="34.3344122383343" lon="109.03593525018655">
        <ele>388.17795959394425</ele>
        <time>2022-04-28T11:45:31Z</time>
      </trkpt>
      <trkpt lat="34.33433736665254" lon="109.03609924566882">
        <ele>388.62145802006125</ele>
        <time>2022-04-28T11:45:33Z</time>
      </trkpt>
      <trkpt lat="34.33408194371887" lon="109.0365669380776">
        <ele>388.760922097601</ele>
        <time>2022-04-28T11:45:39Z</time>
      </trkpt>
      <trkpt lat="34.33379975913003" lon="109.0370223977783">
        <ele>388.28470422606915</ele>
        <time>2022-04-28T11:45:45Z</time>
      </trkpt>
      <trkpt lat="34.333525290390774" lon="109.03750518181437">
        <ele>388.6776467934251</ele>
        <time>2022-04-28T11:45:51Z</time>
      </trkpt>
      <trkpt lat="34.333257621370265" lon="109.03799828045095">
        <ele>388.8378660501912</ele>
        <time>2022-04-28T11:45:57Z</time>
      </trkpt>
      <trkpt lat="34.33308227757998" lon="109.03833205779884">
        <ele>389.2504021115601</ele>
        <time>2022-04-28T11:46:01Z</time>
      </trkpt>
      <trkpt lat="34.33279695066158" lon="109.03879972795423">
        <ele>388.84918657224625</ele>
        <time>2022-04-28T11:46:07Z</time>
      </trkpt>
      <trkpt lat="34.332514558035676" lon="109.03927715157424">
        <ele>389.0264929095283</ele>
        <time>2022-04-28T11:46:13Z</time>
      </trkpt>
      <trkpt lat="34.33242583605138" lon="109.03945684830069">
        <ele>389.3535357154906</ele>
        <time>2022-04-28T11:46:15Z</time>
      </trkpt>
      <trkpt lat="34.33216439888125" lon="109.03991825292839">
        <ele>390.6893124692142</ele>
        <time>2022-04-28T11:46:21Z</time>
      </trkpt>
      <trkpt lat="34.331882064751525" lon="109.04041173010943">
        <ele>390.3248750269413</ele>
        <time>2022-04-28T11:46:27Z</time>
      </trkpt>
      <trkpt lat="34.331600851312004" lon="109.04090446976299">
        <ele>390.17596652172506</ele>
        <time>2022-04-28T11:46:33Z</time>
      </trkpt>
      <trkpt lat="34.33131778636204" lon="109.04140254175658">
        <ele>389.5076304078102</ele>
        <time>2022-04-28T11:46:39Z</time>
      </trkpt>
      <trkpt lat="34.33102266984976" lon="109.04189894157864">
        <ele>389.60322535410523</ele>
        <time>2022-04-28T11:46:45Z</time>
      </trkpt>
      <trkpt lat="34.330740178292935" lon="109.04239214333808">
        <ele>389.8424961306155</ele>
        <time>2022-04-28T11:46:51Z</time>
      </trkpt>
      <trkpt lat="34.33047203918304" lon="109.0428812415648">
        <ele>389.51396659202874</ele>
        <time>2022-04-28T11:46:57Z</time>
      </trkpt>
      <trkpt lat="34.33021226488322" lon="109.04334504115491">
        <ele>389.15708088781685</ele>
        <time>2022-04-28T11:47:03Z</time>
      </trkpt>
      <trkpt lat="34.33008000288833" lon="109.04370120722498">
        <ele>389.20509340427816</ele>
        <time>2022-04-28T11:47:07Z</time>
      </trkpt>
      <trkpt lat="34.329817650000045" lon="109.04418889983998">
        <ele>390.2187417158857</ele>
        <time>2022-04-28T11:47:13Z</time>
      </trkpt>
      <trkpt lat="34.32954281240134" lon="109.04464268726711">
        <ele>388.215335464105</ele>
        <time>2022-04-28T11:47:19Z</time>
      </trkpt>
      <trkpt lat="34.329254110161166" lon="109.04510885450642">
        <ele>387.34787340834737</ele>
        <time>2022-04-28T11:47:25Z</time>
      </trkpt>
      <trkpt lat="34.3290134261952" lon="109.04553110592849">
        <ele>389.9156026933342</ele>
        <time>2022-04-28T11:47:31Z</time>
      </trkpt>
      <trkpt lat="34.3289635826126" lon="109.04566419630093">
        <ele>390.028805969283</ele>
        <time>2022-04-28T11:47:33Z</time>
      </trkpt>
      <trkpt lat="34.329013327351504" lon="109.04575796168548">
        <ele>390.3912025205791</ele>
        <time>2022-04-28T11:47:35Z</time>
      </trkpt>
      <trkpt lat="34.32913230948124" lon="109.0457053834586">
        <ele>390.5260798931122</ele>
        <time>2022-04-28T11:47:37Z</time>
      </trkpt>
      <trkpt lat="34.329203611769415" lon="109.04558945729887">
        <ele>391.04517866205424</ele>
        <time>2022-04-28T11:47:39Z</time>
      </trkpt>
      <trkpt lat="34.329402156110994" lon="109.04515903575695">
        <ele>391.0315616549924</ele>
        <time>2022-04-28T11:47:45Z</time>
      </trkpt>
      <trkpt lat="34.32968792977634" lon="109.04468074839946">
        <ele>388.22265153657645</ele>
        <time>2022-04-28T11:47:51Z</time>
      </trkpt>
      <trkpt lat="34.32998620915169" lon="109.0441790927789">
        <ele>388.48693945165724</ele>
        <time>2022-04-28T11:47:57Z</time>
      </trkpt>
      <trkpt lat="34.33028062820125" lon="109.04366440966838">
        <ele>389.5000120671466</ele>
        <time>2022-04-28T11:48:03Z</time>
      </trkpt>
      <trkpt lat="34.3305714755578" lon="109.04314942759387">
        <ele>389.7631370285526</ele>
        <time>2022-04-28T11:48:09Z</time>
      </trkpt>
      <trkpt lat="34.330875119402855" lon="109.04263894075503">
        <ele>388.99287489429116</ele>
        <time>2022-04-28T11:48:15Z</time>
      </trkpt>
      <trkpt lat="34.33095914099198" lon="109.04245335835512">
        <ele>390.61409599892795</ele>
        <time>2022-04-28T11:48:17Z</time>
      </trkpt>
      <trkpt lat="34.33115868664175" lon="109.0421211619177">
        <ele>389.3764513274655</ele>
        <time>2022-04-28T11:48:21Z</time>
      </trkpt>
      <trkpt lat="34.33131219880261" lon="109.04180912747027">
        <ele>389.6161048039794</ele>
        <time>2022-04-28T11:48:25Z</time>
      </trkpt>
      <trkpt lat="34.3313705991088" lon="109.04163037961672">
        <ele>390.1676337616518</ele>
        <time>2022-04-28T11:48:27Z</time>
      </trkpt>
      <trkpt lat="34.33155961716313" lon="109.0412992494894">
        <ele>390.440571654588</ele>
        <time>2022-04-28T11:48:31Z</time>
      </trkpt>
      <trkpt lat="34.331704924248925" lon="109.04116737769179">
        <ele>389.9078937107697</ele>
        <time>2022-04-28T11:48:33Z</time>
      </trkpt>
      <trkpt lat="34.331969648582565" lon="109.0406824319296">
        <ele>389.6763844182715</ele>
        <time>2022-04-28T11:48:39Z</time>
      </trkpt>
      <trkpt lat="34.33223364184272" lon="109.04022039161339">
        <ele>389.55204267892987</ele>
        <time>2022-04-28T11:48:45Z</time>
      </trkpt>
      <trkpt lat="34.33250451461875" lon="109.03974355341474">
        <ele>389.39214446023107</ele>
        <time>2022-04-28T11:48:51Z</time>
      </trkpt>
      <trkpt lat="34.332772482758664" lon="109.03925951376613">
        <ele>389.7159190746024</ele>
        <time>2022-04-28T11:48:57Z</time>
      </trkpt>
      <trkpt lat="34.33305265167998" lon="109.03876111495077">
        <ele>389.77061571739614</ele>
        <time>2022-04-28T11:49:03Z</time>
      </trkpt>
      <trkpt lat="34.33324126335991" lon="109.03843415562253">
        <ele>389.39879009034485</ele>
        <time>2022-04-28T11:49:07Z</time>
      </trkpt>
      <trkpt lat="34.33352996385906" lon="109.0379417230655">
        <ele>389.46112978830934</ele>
        <time>2022-04-28T11:49:13Z</time>
      </trkpt>
      <trkpt lat="34.33379818609419" lon="109.03743935143422">
        <ele>389.4526047008112</ele>
        <time>2022-04-28T11:49:19Z</time>
      </trkpt>
      <trkpt lat="34.3340793759318" lon="109.03694966736305">
        <ele>388.69135713763535</ele>
        <time>2022-04-28T11:49:25Z</time>
      </trkpt>
      <trkpt lat="34.33436034159099" lon="109.03645570109039">
        <ele>388.45038720127195</ele>
        <time>2022-04-28T11:49:31Z</time>
      </trkpt>
      <trkpt lat="34.33463943259795" lon="109.03596403253911">
        <ele>388.06126025877893</ele>
        <time>2022-04-28T11:49:37Z</time>
      </trkpt>
      <trkpt lat="34.334918006573275" lon="109.03546318893558">
        <ele>388.4789381129667</ele>
        <time>2022-04-28T11:49:43Z</time>
      </trkpt>
      <trkpt lat="34.33520053316379" lon="109.03497189023248">
        <ele>388.0189063642174</ele>
        <time>2022-04-28T11:49:49Z</time>
      </trkpt>
      <trkpt lat="34.33548700773232" lon="109.03449225023162">
        <ele>388.3547543492168</ele>
        <time>2022-04-28T11:49:55Z</time>
      </trkpt>
      <trkpt lat="34.335767186842745" lon="109.03399845487424">
        <ele>387.644720912911</ele>
        <time>2022-04-28T11:50:01Z</time>
      </trkpt>
      <trkpt lat="34.33605760626327" lon="109.03350353097373">
        <ele>387.28713783528656</ele>
        <time>2022-04-28T11:50:07Z</time>
      </trkpt>
      <trkpt lat="34.33633975403079" lon="109.03299187298623">
        <ele>387.7291242349893</ele>
        <time>2022-04-28T11:50:13Z</time>
      </trkpt>
      <trkpt lat="34.336627383630024" lon="109.03249426556258">
        <ele>387.09790140297264</ele>
        <time>2022-04-28T11:50:19Z</time>
      </trkpt>
      <trkpt lat="34.33690671479619" lon="109.03198799062302">
        <ele>387.2087606471032</ele>
        <time>2022-04-28T11:50:25Z</time>
      </trkpt>
      <trkpt lat="34.33719515272929" lon="109.03148892377429">
        <ele>386.2731505315751</ele>
        <time>2022-04-28T11:50:31Z</time>
      </trkpt>
      <trkpt lat="34.337477966679" lon="109.0309604707988">
        <ele>387.7865572832525</ele>
        <time>2022-04-28T11:50:37Z</time>
      </trkpt>
      <trkpt lat="34.33777828433694" lon="109.03044120659084">
        <ele>387.74620042648166</ele>
        <time>2022-04-28T11:50:43Z</time>
      </trkpt>
      <trkpt lat="34.33806238385578" lon="109.02992849634113">
        <ele>387.64666066132486</ele>
        <time>2022-04-28T11:50:49Z</time>
      </trkpt>
      <trkpt lat="34.33834809691018" lon="109.0294368728443">
        <ele>387.9009959967807</ele>
        <time>2022-04-28T11:50:55Z</time>
      </trkpt>
      <trkpt lat="34.338622772858365" lon="109.02895859401103">
        <ele>387.557663901709</ele>
        <time>2022-04-28T11:51:01Z</time>
      </trkpt>
      <trkpt lat="34.338875407080835" lon="109.028487394973">
        <ele>386.6982360864058</ele>
        <time>2022-04-28T11:51:07Z</time>
      </trkpt>
      <trkpt lat="34.33910394570228" lon="109.02798832808851">
        <ele>387.214219504036</ele>
        <time>2022-04-28T11:51:13Z</time>
      </trkpt>
      <trkpt lat="34.339174574235706" lon="109.02780550730041">
        <ele>387.42267357278615</ele>
        <time>2022-04-28T11:51:15Z</time>
      </trkpt>
      <trkpt lat="34.339475769109086" lon="109.02733558382862">
        <ele>386.4484376171604</ele>
        <time>2022-04-28T11:51:21Z</time>
      </trkpt>
      <trkpt lat="34.33979556511507" lon="109.02688265432847">
        <ele>385.9931200305</ele>
        <time>2022-04-28T11:51:27Z</time>
      </trkpt>
      <trkpt lat="34.340123856749585" lon="109.02643421291252">
        <ele>385.6300010457635</ele>
        <time>2022-04-28T11:51:33Z</time>
      </trkpt>
      <trkpt lat="34.34044533413383" lon="109.02597624998548">
        <ele>385.0060889897868</ele>
        <time>2022-04-28T11:51:39Z</time>
      </trkpt>
      <trkpt lat="34.34077697130532" lon="109.02551226099013">
        <ele>385.48953203111887</ele>
        <time>2022-04-28T11:51:45Z</time>
      </trkpt>
      <trkpt lat="34.34110488856117" lon="109.02504569953713">
        <ele>385.61483896616846</ele>
        <time>2022-04-28T11:51:51Z</time>
      </trkpt>
      <trkpt lat="34.34141320935991" lon="109.024615408628">
        <ele>385.58541382290423</ele>
        <time>2022-04-28T11:51:57Z</time>
      </trkpt>
      <trkpt lat="34.341610506816345" lon="109.02439216708436">
        <ele>385.0821839366108</ele>
        <time>2022-04-28T11:52:01Z</time>
      </trkpt>
      <trkpt lat="34.34167027128027" lon="109.02426419165552">
        <ele>384.59690643288195</ele>
        <time>2022-04-28T11:52:03Z</time>
      </trkpt>
      <trkpt lat="34.3416207899562" lon="109.02413722438087">
        <ele>385.3736338810995</ele>
        <time>2022-04-28T11:52:05Z</time>
      </trkpt>
      <trkpt lat="34.341506423577655" lon="109.02414933373325">
        <ele>385.6554050287232</ele>
        <time>2022-04-28T11:52:07Z</time>
      </trkpt>
      <trkpt lat="34.341417179440356" lon="109.02425731386943">
        <ele>385.89311796426773</ele>
        <time>2022-04-28T11:52:09Z</time>
      </trkpt>
      <trkpt lat="34.34134538626699" lon="109.0244054461002">
        <ele>385.75672124512494</ele>
        <time>2022-04-28T11:52:11Z</time>
      </trkpt>
      <trkpt lat="34.34105605989407" lon="109.02483720475522">
        <ele>385.6800480633974</ele>
        <time>2022-04-28T11:52:17Z</time>
      </trkpt>
      <trkpt lat="34.34073279221488" lon="109.02530618914206">
        <ele>386.13938139751554</ele>
        <time>2022-04-28T11:52:23Z</time>
      </trkpt>
      <trkpt lat="34.340423890624166" lon="109.02576654497305">
        <ele>385.714255371131</ele>
        <time>2022-04-28T11:52:29Z</time>
      </trkpt>
      <trkpt lat="34.340307688999594" lon="109.02590709252743">
        <ele>385.2020580470562</ele>
        <time>2022-04-28T11:52:31Z</time>
      </trkpt>
      <trkpt lat="34.34009112021055" lon="109.02624780882005">
        <ele>384.7051645014435</ele>
        <time>2022-04-28T11:52:35Z</time>
      </trkpt>
      <trkpt lat="34.33972948350372" lon="109.02675350485246">
        <ele>385.62511186581105</ele>
        <time>2022-04-28T11:52:41Z</time>
      </trkpt>
      <trkpt lat="34.3393772103145" lon="109.02724930709728">
        <ele>386.2111153444275</ele>
        <time>2022-04-28T11:52:47Z</time>
      </trkpt>
      <trkpt lat="34.339038259546676" lon="109.02777674784221">
        <ele>385.93391522113234</ele>
        <time>2022-04-28T11:52:53Z</time>
      </trkpt>
      <trkpt lat="34.33869950598619" lon="109.02834978765905">
        <ele>385.646909664385</ele>
        <time>2022-04-28T11:52:59Z</time>
      </trkpt>
      <trkpt lat="34.338462716994826" lon="109.02873265425514">
        <ele>387.01895007584244</ele>
        <time>2022-04-28T11:53:03Z</time>
      </trkpt>
      <trkpt lat="34.33837579887254" lon="109.02895984715214">
        <ele>387.7903297925368</ele>
        <time>2022-04-28T11:53:05Z</time>
      </trkpt>
      <trkpt lat="34.33804091827818" lon="109.02954212594678">
        <ele>386.8327491702512</ele>
        <time>2022-04-28T11:53:11Z</time>
      </trkpt>
      <trkpt lat="34.337694293026864" lon="109.03013902554252">
        <ele>385.59505262225866</ele>
        <time>2022-04-28T11:53:17Z</time>
      </trkpt>
      <trkpt lat="34.3373732189658" lon="109.0307433633951">
        <ele>387.0677225338295</ele>
        <time>2022-04-28T11:53:23Z</time>
      </trkpt>
      <trkpt lat="34.337151481512976" lon="109.0311091181132">
        <ele>386.344605660066</ele>
        <time>2022-04-28T11:53:27Z</time>
      </trkpt>
      <trkpt lat="34.337006160764155" lon="109.03127328220539">
        <ele>387.22442158311605</ele>
        <time>2022-04-28T11:53:29Z</time>
      </trkpt>
      <trkpt lat="34.33670479745933" lon="109.03183556207486">
        <ele>386.8019046895206</ele>
        <time>2022-04-28T11:53:35Z</time>
      </trkpt>
      <trkpt lat="34.33638291584477" lon="109.03240679008556">
        <ele>386.7772782854736</ele>
        <time>2022-04-28T11:53:41Z</time>
      </trkpt>
      <trkpt lat="34.33617351265494" lon="109.03278221189281">
        <ele>387.1946668010205</ele>
        <time>2022-04-28T11:53:45Z</time>
      </trkpt>
      <trkpt lat="34.33605066075465" lon="109.03294526828365">
        <ele>386.9667073721066</ele>
        <time>2022-04-28T11:53:47Z</time>
      </trkpt>
      <trkpt lat="34.33574767071216" lon="109.03349410711077">
        <ele>388.1895627118647</ele>
        <time>2022-04-28T11:53:53Z</time>
      </trkpt>
      <trkpt lat="34.33545170367444" lon="109.03402287736225">
        <ele>387.9902736097574</ele>
        <time>2022-04-28T11:53:59Z</time>
      </trkpt>
      <trkpt lat="34.33517646203586" lon="109.03457829782236">
        <ele>387.03748201485723</ele>
        <time>2022-04-28T11:54:05Z</time>
      </trkpt>
      <trkpt lat="34.33496970821774" lon="109.03493343776269">
        <ele>387.3476088969037</ele>
        <time>2022-04-28T11:54:09Z</time>
      </trkpt>
      <trkpt lat="34.33465951034575" lon="109.03550345955875">
        <ele>387.87853571772575</ele>
        <time>2022-04-28T11:54:15Z</time>
      </trkpt>
      <trkpt lat="34.33433188393817" lon="109.03606871238425">
        <ele>386.68520093429834</ele>
        <time>2022-04-28T11:54:21Z</time>
      </trkpt>
      <trkpt lat="34.334022715935504" lon="109.03667658501787">
        <ele>388.450442831032</ele>
        <time>2022-04-28T11:54:27Z</time>
      </trkpt>
      <trkpt lat="34.33368621580617" lon="109.03720963781674">
        <ele>388.0178345814347</ele>
        <time>2022-04-28T11:54:33Z</time>
      </trkpt>
      <trkpt lat="34.33342200653646" lon="109.03771359600074">
        <ele>388.7296294271946</ele>
        <time>2022-04-28T11:54:39Z</time>
      </trkpt>
      <trkpt lat="34.33314073662194" lon="109.0381936296483">
        <ele>389.3300550635904</ele>
        <time>2022-04-28T11:54:45Z</time>
      </trkpt>
      <trkpt lat="34.332942990793256" lon="109.03852411984411">
        <ele>390.1374457301572</ele>
        <time>2022-04-28T11:54:49Z</time>
      </trkpt>
      <trkpt lat="34.33283414315075" lon="109.03867589511965">
        <ele>388.9868207927793</ele>
        <time>2022-04-28T11:54:51Z</time>
      </trkpt>
      <trkpt lat="34.332546168086644" lon="109.03919001910539">
        <ele>389.045719766058</ele>
        <time>2022-04-28T11:54:57Z</time>
      </trkpt>
      <trkpt lat="34.332251532503925" lon="109.03972700243993">
        <ele>390.15806503314525</ele>
        <time>2022-04-28T11:55:03Z</time>
      </trkpt>
      <trkpt lat="34.331956485259575" lon="109.04025809068631">
        <ele>389.4783545397222</ele>
        <time>2022-04-28T11:55:09Z</time>
      </trkpt>
      <trkpt lat="34.331745625691966" lon="109.04059481689315">
        <ele>389.6281367307529</ele>
        <time>2022-04-28T11:55:13Z</time>
      </trkpt>
      <trkpt lat="34.33145379508794" lon="109.04115004014106">
        <ele>389.46054682321846</ele>
        <time>2022-04-28T11:55:19Z</time>
      </trkpt>
      <trkpt lat="34.33119915676348" lon="109.04172850785238">
        <ele>388.5270415917039</ele>
        <time>2022-04-28T11:55:25Z</time>
      </trkpt>
      <trkpt lat="34.33087372385531" lon="109.04227236971309">
        <ele>389.45328693650663</ele>
        <time>2022-04-28T11:55:31Z</time>
      </trkpt>
      <trkpt lat="34.33056617926762" lon="109.04280120929295">
        <ele>388.15552608203143</ele>
        <time>2022-04-28T11:55:37Z</time>
      </trkpt>
      <trkpt lat="34.33024830735999" lon="109.04333461194885">
        <ele>389.58952696993947</ele>
        <time>2022-04-28T11:55:43Z</time>
      </trkpt>
      <trkpt lat="34.329921785063036" lon="109.04386548802259">
        <ele>389.90396464336663</ele>
        <time>2022-04-28T11:55:49Z</time>
      </trkpt>
      <trkpt lat="34.32961898859725" lon="109.04440857802065">
        <ele>389.5292735276744</ele>
        <time>2022-04-28T11:55:55Z</time>
      </trkpt>
      <trkpt lat="34.32940981183488" lon="109.04474328754947">
        <ele>385.38536708801985</ele>
        <time>2022-04-28T11:55:59Z</time>
      </trkpt>
      <trkpt lat="34.329130705848726" lon="109.04528433736232">
        <ele>387.2229545181617</ele>
        <time>2022-04-28T11:56:05Z</time>
      </trkpt>
      <trkpt lat="34.328957570182986" lon="109.04557015068943">
        <ele>389.29417333751917</ele>
        <time>2022-04-28T11:56:09Z</time>
      </trkpt>
      <trkpt lat="34.32893041966157" lon="109.04570501255931">
        <ele>389.29486642498523</ele>
        <time>2022-04-28T11:56:11Z</time>
      </trkpt>
      <trkpt lat="34.32900992510363" lon="109.0457913971201">
        <ele>389.4541627857834</ele>
        <time>2022-04-28T11:56:13Z</time>
      </trkpt>
      <trkpt lat="34.32911844758261" lon="109.04576954658546">
        <ele>389.22747240029275</ele>
        <time>2022-04-28T11:56:15Z</time>
      </trkpt>
      <trkpt lat="34.32921301868509" lon="109.04551507038657">
        <ele>391.6013877047226</ele>
        <time>2022-04-28T11:56:19Z</time>
      </trkpt>
      <trkpt lat="34.329363125381875" lon="109.0452164391626">
        <ele>392.07549712155014</ele>
        <time>2022-04-28T11:56:23Z</time>
      </trkpt>
      <trkpt lat="34.329682852402236" lon="109.04470562448893">
        <ele>387.66710473038256</ele>
        <time>2022-04-28T11:56:29Z</time>
      </trkpt>
      <trkpt lat="34.32998916701565" lon="109.04417976140195">
        <ele>387.141607420519</ele>
        <time>2022-04-28T11:56:35Z</time>
      </trkpt>
      <trkpt lat="34.330086467626735" lon="109.04401983888549">
        <ele>388.4397019362077</ele>
        <time>2022-04-28T11:56:37Z</time>
      </trkpt>
      <trkpt lat="34.3301729400501" lon="109.0438393160968">
        <ele>389.2929130187258</ele>
        <time>2022-04-28T11:56:39Z</time>
      </trkpt>
      <trkpt lat="34.330498345047914" lon="109.04328550794325">
        <ele>389.5547538176179</ele>
        <time>2022-04-28T11:56:45Z</time>
      </trkpt>
      <trkpt lat="34.330833247333516" lon="109.04269471547656">
        <ele>390.28157316800207</ele>
        <time>2022-04-28T11:56:51Z</time>
      </trkpt>
      <trkpt lat="34.331172481488395" lon="109.04213280179086">
        <ele>389.5059657776728</ele>
        <time>2022-04-28T11:56:57Z</time>
      </trkpt>
      <trkpt lat="34.33151410790821" lon="109.0415283934317">
        <ele>389.64256405830383</ele>
        <time>2022-04-28T11:57:03Z</time>
      </trkpt>
      <trkpt lat="34.331863569911036" lon="109.04092319846322">
        <ele>389.79730292595923</ele>
        <time>2022-04-28T11:57:09Z</time>
      </trkpt>
      <trkpt lat="34.332086422673854" lon="109.0405022121608">
        <ele>390.1980121554807</ele>
        <time>2022-04-28T11:57:13Z</time>
      </trkpt>
      <trkpt lat="34.33241450784126" lon="109.03996617771752">
        <ele>389.5762095488608</ele>
        <time>2022-04-28T11:57:19Z</time>
      </trkpt>
      <trkpt lat="34.33270425947963" lon="109.03939704912531">
        <ele>390.24823003076017</ele>
        <time>2022-04-28T11:57:25Z</time>
      </trkpt>
      <trkpt lat="34.33292441225212" lon="109.0390466435505">
        <ele>389.19594193995</ele>
        <time>2022-04-28T11:57:29Z</time>
      </trkpt>
      <trkpt lat="34.33321517204523" lon="109.03850629158855">
        <ele>388.6076966477558</ele>
        <time>2022-04-28T11:57:35Z</time>
      </trkpt>
      <trkpt lat="34.33349923654834" lon="109.0380357417103">
        <ele>389.3384400056675</ele>
        <time>2022-04-28T11:57:41Z</time>
      </trkpt>
      <trkpt lat="34.33376946881491" lon="109.03753573225701">
        <ele>389.5396108170971</ele>
        <time>2022-04-28T11:57:47Z</time>
      </trkpt>
      <trkpt lat="34.33387497286626" lon="109.03736929793385">
        <ele>389.0580886853859</ele>
        <time>2022-04-28T11:57:49Z</time>
      </trkpt>
      <trkpt lat="34.33419364318373" lon="109.03680121630379">
        <ele>388.39562569744885</ele>
        <time>2022-04-28T11:57:55Z</time>
      </trkpt>
      <trkpt lat="34.334295602666145" lon="109.03660207242396">
        <ele>388.2727023754269</ele>
        <time>2022-04-28T11:57:57Z</time>
      </trkpt>
      <trkpt lat="34.33461546896669" lon="109.03601875909376">
        <ele>388.4872495913878</ele>
        <time>2022-04-28T11:58:03Z</time>
      </trkpt>
      <trkpt lat="34.334844542682774" lon="109.03565528942548">
        <ele>387.2651863740757</ele>
        <time>2022-04-28T11:58:07Z</time>
      </trkpt>
      <trkpt lat="34.33517201737133" lon="109.03507271471175">
        <ele>387.7361406451091</ele>
        <time>2022-04-28T11:58:13Z</time>
      </trkpt>
      <trkpt lat="34.33549414503413" lon="109.03449250390702">
        <ele>387.2312572216615</ele>
        <time>2022-04-28T11:58:19Z</time>
      </trkpt>
      <trkpt lat="34.335816210263076" lon="109.03388670494773">
        <ele>387.78206247091293</ele>
        <time>2022-04-28T11:58:25Z</time>
      </trkpt>
      <trkpt lat="34.3361531373031" lon="109.03332647932588">
        <ele>386.94420401286334</ele>
        <time>2022-04-28T11:58:31Z</time>
      </trkpt>
      <trkpt lat="34.33647653277779" lon="109.03275530342306">
        <ele>387.2813994511962</ele>
        <time>2022-04-28T11:58:37Z</time>
      </trkpt>
      <trkpt lat="34.336792633046755" lon="109.03218708173745">
        <ele>386.9940443029627</ele>
        <time>2022-04-28T11:58:43Z</time>
      </trkpt>
      <trkpt lat="34.337122169344916" lon="109.03162530069922">
        <ele>385.96275308169425</ele>
        <time>2022-04-28T11:58:49Z</time>
      </trkpt>
      <trkpt lat="34.33743841094922" lon="109.03105830000325">
        <ele>387.0017257342115</ele>
        <time>2022-04-28T11:58:55Z</time>
      </trkpt>
      <trkpt lat="34.33765543060788" lon="109.03068563254746">
        <ele>387.08814276382327</ele>
        <time>2022-04-28T11:58:59Z</time>
      </trkpt>
      <trkpt lat="34.33797242697472" lon="109.0301036415967">
        <ele>388.4486151980236</ele>
        <time>2022-04-28T11:59:05Z</time>
      </trkpt>
      <trkpt lat="34.338290217326936" lon="109.02955969841376">
        <ele>387.25396167393774</ele>
        <time>2022-04-28T11:59:11Z</time>
      </trkpt>
      <trkpt lat="34.33860019554061" lon="109.02899675261683">
        <ele>387.04443024937063</ele>
        <time>2022-04-28T11:59:17Z</time>
      </trkpt>
      <trkpt lat="34.33890437520423" lon="109.0284397293789">
        <ele>387.0104282274842</ele>
        <time>2022-04-28T11:59:23Z</time>
      </trkpt>
      <trkpt lat="34.33914775023748" lon="109.02785384553916">
        <ele>386.9734640400857</ele>
        <time>2022-04-28T11:59:29Z</time>
      </trkpt>
      <trkpt lat="34.33924772068753" lon="109.02766921204896">
        <ele>387.08813101425767</ele>
        <time>2022-04-28T11:59:31Z</time>
      </trkpt>
      <trkpt lat="34.339604923627384" lon="109.02715361806452">
        <ele>386.40390880964696</ele>
        <time>2022-04-28T11:59:37Z</time>
      </trkpt>
      <trkpt lat="34.33996755479565" lon="109.02663864795528">
        <ele>385.5557132558897</ele>
        <time>2022-04-28T11:59:43Z</time>
      </trkpt>
      <trkpt lat="34.34034540941532" lon="109.02610786477203">
        <ele>385.2540237503126</ele>
        <time>2022-04-28T11:59:49Z</time>
      </trkpt>
      <trkpt lat="34.34071108222993" lon="109.0255969552131">
        <ele>385.14945869520307</ele>
        <time>2022-04-28T11:59:55Z</time>
      </trkpt>
      <trkpt lat="34.34106681006334" lon="109.02508929710658">
        <ele>385.76061940938234</ele>
        <time>2022-04-28T12:00:01Z</time>
      </trkpt>
      <trkpt lat="34.34138034588008" lon="109.02466071898309">
        <ele>386.1545240813866</ele>
        <time>2022-04-28T12:00:07Z</time>
      </trkpt>
      <trkpt lat="34.341563206111715" lon="109.02442032145287">
        <ele>385.61437714193016</ele>
        <time>2022-04-28T12:00:11Z</time>
      </trkpt>
      <trkpt lat="34.34160272020566" lon="109.0242990599377">
        <ele>385.34954322408885</ele>
        <time>2022-04-28T12:00:13Z</time>
      </trkpt>
      <trkpt lat="34.34155631339971" lon="109.02420353635168">
        <ele>385.54448881279677</ele>
        <time>2022-04-28T12:00:15Z</time>
      </trkpt>
      <trkpt lat="34.34145919038069" lon="109.02421119257872">
        <ele>385.64169590361416</ele>
        <time>2022-04-28T12:00:17Z</time>
      </trkpt>
      <trkpt lat="34.341410525419235" lon="109.02434747288801">
        <ele>385.5101847331971</ele>
        <time>2022-04-28T12:00:19Z</time>
      </trkpt>
      <trkpt lat="34.34131751676708" lon="109.02444097362064">
        <ele>385.56545393168926</ele>
        <time>2022-04-28T12:00:21Z</time>
      </trkpt>
      <trkpt lat="34.34104368901207" lon="109.024835411835">
        <ele>385.7019215049222</ele>
        <time>2022-04-28T12:00:27Z</time>
      </trkpt>
      <trkpt lat="34.34086517239741" lon="109.02516045173829">
        <ele>386.1040428187698</ele>
        <time>2022-04-28T12:00:31Z</time>
      </trkpt>
      <trkpt lat="34.34063028564574" lon="109.02547436979786">
        <ele>385.4397669751197</ele>
        <time>2022-04-28T12:00:35Z</time>
      </trkpt>
      <trkpt lat="34.34031520653855" lon="109.02595194394215">
        <ele>385.20679402165115</ele>
        <time>2022-04-28T12:00:41Z</time>
      </trkpt>
      <trkpt lat="34.34018809530157" lon="109.02609054197805">
        <ele>385.53488025814295</ele>
        <time>2022-04-28T12:00:43Z</time>
      </trkpt>
      <trkpt lat="34.339877922908954" lon="109.02651565010014">
        <ele>386.9446242628619</ele>
        <time>2022-04-28T12:00:49Z</time>
      </trkpt>
      <trkpt lat="34.339572942350365" lon="109.0269361050024">
        <ele>386.49178680218756</ele>
        <time>2022-04-28T12:00:55Z</time>
      </trkpt>
      <trkpt lat="34.33926415009534" lon="109.02740380474215">
        <ele>386.422312611714</ele>
        <time>2022-04-28T12:01:01Z</time>
      </trkpt>
      <trkpt lat="34.338957395234836" lon="109.02787297064442">
        <ele>385.6506543830037</ele>
        <time>2022-04-28T12:01:07Z</time>
      </trkpt>
      <trkpt lat="34.33876152210875" lon="109.02819553901102">
        <ele>385.86485961452127</ele>
        <time>2022-04-28T12:01:11Z</time>
      </trkpt>
      <trkpt lat="34.338580270239106" lon="109.02855420893238">
        <ele>386.3338932301849</ele>
        <time>2022-04-28T12:01:15Z</time>
      </trkpt>
      <trkpt lat="34.338288753045425" lon="109.02906957755144">
        <ele>387.91283345222473</ele>
        <time>2022-04-28T12:01:21Z</time>
      </trkpt>
      <trkpt lat="34.33797791752798" lon="109.02960402692634">
        <ele>387.2144676409662</ele>
        <time>2022-04-28T12:01:27Z</time>
      </trkpt>
      <trkpt lat="34.337662716738336" lon="109.03014324870834">
        <ele>386.59555195458233</ele>
        <time>2022-04-28T12:01:33Z</time>
      </trkpt>
      <trkpt lat="34.33736380924596" lon="109.03070003501252">
        <ele>387.64728187490255</ele>
        <time>2022-04-28T12:01:39Z</time>
      </trkpt>
      <trkpt lat="34.33707699243776" lon="109.03121033850468">
        <ele>386.8046127939597</ele>
        <time>2022-04-28T12:01:45Z</time>
      </trkpt>
      <trkpt lat="34.336982363989414" lon="109.03139850389371">
        <ele>387.5029415069148</ele>
        <time>2022-04-28T12:01:47Z</time>
      </trkpt>
      <trkpt lat="34.336777372058556" lon="109.03175275072817">
        <ele>387.1623886534944</ele>
        <time>2022-04-28T12:01:51Z</time>
      </trkpt>
      <trkpt lat="34.33659838094728" lon="109.03212999697573">
        <ele>386.5581755852327</ele>
        <time>2022-04-28T12:01:55Z</time>
      </trkpt>
      <trkpt lat="34.33626938123637" lon="109.0326458193739">
        <ele>387.35761787649244</ele>
        <time>2022-04-28T12:02:01Z</time>
      </trkpt>
      <trkpt lat="34.33596798510691" lon="109.03317007332332">
        <ele>387.3319632196799</ele>
        <time>2022-04-28T12:02:07Z</time>
      </trkpt>
      <trkpt lat="34.335669798017285" lon="109.03368816377856">
        <ele>387.3132665529847</ele>
        <time>2022-04-28T12:02:13Z</time>
      </trkpt>
      <trkpt lat="34.335378653025984" lon="109.03421540907016">
        <ele>387.6299134492874</ele>
        <time>2022-04-28T12:02:19Z</time>
      </trkpt>
      <trkpt lat="34.335079480433926" lon="109.0347355265368">
        <ele>387.7645929036662</ele>
        <time>2022-04-28T12:02:25Z</time>
      </trkpt>
      <trkpt lat="34.33488669498327" lon="109.03509462244526">
        <ele>388.2251617414877</ele>
        <time>2022-04-28T12:02:29Z</time>
      </trkpt>
      <trkpt lat="34.3345746421648" lon="109.03561501199614">
        <ele>387.0601802477613</ele>
        <time>2022-04-28T12:02:35Z</time>
      </trkpt>
      <trkpt lat="34.334458559493626" lon="109.03577784617815">
        <ele>386.8965559825301</ele>
        <time>2022-04-28T12:02:37Z</time>
      </trkpt>
      <trkpt lat="34.334357402370834" lon="109.03596279365665">
        <ele>386.77146188076586</ele>
        <time>2022-04-28T12:02:39Z</time>
      </trkpt>
      <trkpt lat="34.33424328364595" lon="109.03613236507302">
        <ele>387.0080632828176</ele>
        <time>2022-04-28T12:02:41Z</time>
      </trkpt>
      <trkpt lat="34.33415817020365" lon="109.03633629606963">
        <ele>387.3580624908209</ele>
        <time>2022-04-28T12:02:43Z</time>
      </trkpt>
      <trkpt lat="34.33393629093867" lon="109.03668105106966">
        <ele>386.7794243209064</ele>
        <time>2022-04-28T12:02:47Z</time>
      </trkpt>
      <trkpt lat="34.33362856234773" lon="109.0372248534722">
        <ele>386.9483923697844</ele>
        <time>2022-04-28T12:02:53Z</time>
      </trkpt>
      <trkpt lat="34.33333445693716" lon="109.03778779174839">
        <ele>390.8473740303889</ele>
        <time>2022-04-28T12:02:59Z</time>
      </trkpt>
      <trkpt lat="34.333126235547944" lon="109.03814420424442">
        <ele>390.6634470401332</ele>
        <time>2022-04-28T12:03:03Z</time>
      </trkpt>
      <trkpt lat="34.33303822328864" lon="109.03832704064172">
        <ele>389.7184872273356</ele>
        <time>2022-04-28T12:03:05Z</time>
      </trkpt>
      <trkpt lat="34.33271884692798" lon="109.03887445126668">
        <ele>389.2538854274899</ele>
        <time>2022-04-28T12:03:11Z</time>
      </trkpt>
      <trkpt lat="34.332413444130026" lon="109.03939985289303">
        <ele>390.150240149349</ele>
        <time>2022-04-28T12:03:17Z</time>
      </trkpt>
      <trkpt lat="34.332118499411855" lon="109.03993935412538">
        <ele>391.0386984013021</ele>
        <time>2022-04-28T12:03:23Z</time>
      </trkpt>
      <trkpt lat="34.33181170469039" lon="109.04047387391203">
        <ele>390.8756791912019</ele>
        <time>2022-04-28T12:03:29Z</time>
      </trkpt>
      <trkpt lat="34.331508959772954" lon="109.04100988159674">
        <ele>389.64524341840297</ele>
        <time>2022-04-28T12:03:35Z</time>
      </trkpt>
      <trkpt lat="34.331305870419705" lon="109.04137103011365">
        <ele>390.07028741948307</ele>
        <time>2022-04-28T12:03:39Z</time>
      </trkpt>
      <trkpt lat="34.33121538794279" lon="109.04156363692546">
        <ele>390.4612138234079</ele>
        <time>2022-04-28T12:03:41Z</time>
      </trkpt>
      <trkpt lat="34.330884699818704" lon="109.04207095017021">
        <ele>389.5315191457048</ele>
        <time>2022-04-28T12:03:47Z</time>
      </trkpt>
      <trkpt lat="34.33058492352729" lon="109.04259814517417">
        <ele>390.138443951495</ele>
        <time>2022-04-28T12:03:53Z</time>
      </trkpt>
      <trkpt lat="34.33038551340896" lon="109.04294959210257">
        <ele>390.0705558815971</ele>
        <time>2022-04-28T12:03:57Z</time>
      </trkpt>
      <trkpt lat="34.33029632684343" lon="109.04314158720362">
        <ele>391.69408371672034</ele>
        <time>2022-04-28T12:03:59Z</time>
      </trkpt>
      <trkpt lat="34.33023013879543" lon="109.0433457987183">
        <ele>391.5299463458359</ele>
        <time>2022-04-28T12:04:01Z</time>
      </trkpt>
      <trkpt lat="34.33005079605693" lon="109.0436947729094">
        <ele>390.73263718094677</ele>
        <time>2022-04-28T12:04:05Z</time>
      </trkpt>
      <trkpt lat="34.32985012173105" lon="109.04402038073016">
        <ele>389.8374907383695</ele>
        <time>2022-04-28T12:04:09Z</time>
      </trkpt>
      <trkpt lat="34.32975474425371" lon="109.04420396983731">
        <ele>390.13040023949</ele>
        <time>2022-04-28T12:04:11Z</time>
      </trkpt>
      <trkpt lat="34.329426760126005" lon="109.04469315684187">
        <ele>385.85546691156924</ele>
        <time>2022-04-28T12:04:17Z</time>
      </trkpt>
      <trkpt lat="34.32912398075768" lon="109.04523133308423">
        <ele>386.4467266937718</ele>
        <time>2022-04-28T12:04:23Z</time>
      </trkpt>
      <trkpt lat="34.328950205635316" lon="109.04551951799688">
        <ele>388.81486996077</ele>
        <time>2022-04-28T12:04:27Z</time>
      </trkpt>
      <trkpt lat="34.32892497730194" lon="109.04565743809243">
        <ele>388.4089796664193</ele>
        <time>2022-04-28T12:04:29Z</time>
      </trkpt>
      <trkpt lat="34.329008333587524" lon="109.04575368134063">
        <ele>389.8351341225207</ele>
        <time>2022-04-28T12:04:31Z</time>
      </trkpt>
      <trkpt lat="34.329135053795554" lon="109.04567004190916">
        <ele>390.3438174184412</ele>
        <time>2022-04-28T12:04:33Z</time>
      </trkpt>
      <trkpt lat="34.32925214419674" lon="109.04539162853489">
        <ele>391.8848077971488</ele>
        <time>2022-04-28T12:04:37Z</time>
      </trkpt>
      <trkpt lat="34.32950490409935" lon="109.04495960947636">
        <ele>391.3387848297134</ele>
        <time>2022-04-28T12:04:43Z</time>
      </trkpt>
      <trkpt lat="34.32981771281946" lon="109.04448672646122">
        <ele>386.6536579821259</ele>
        <time>2022-04-28T12:04:49Z</time>
      </trkpt>
      <trkpt lat="34.330107249997724" lon="109.04394015571312">
        <ele>388.73803041595966</ele>
        <time>2022-04-28T12:04:55Z</time>
      </trkpt>
      <trkpt lat="34.330420859221185" lon="109.04342494211906">
        <ele>389.34342028107494</ele>
        <time>2022-04-28T12:05:01Z</time>
      </trkpt>
      <trkpt lat="34.33073881837651" lon="109.04284471897259">
        <ele>390.1888462007046</ele>
        <time>2022-04-28T12:05:07Z</time>
      </trkpt>
      <trkpt lat="34.33106220581728" lon="109.04229018364218">
        <ele>389.64831689279526</ele>
        <time>2022-04-28T12:05:13Z</time>
      </trkpt>
      <trkpt lat="34.33138387865477" lon="109.04173022988412">
        <ele>389.0702983988449</ele>
        <time>2022-04-28T12:05:19Z</time>
      </trkpt>
      <trkpt lat="34.331702337755246" lon="109.04116264860843">
        <ele>390.0921502998099</ele>
        <time>2022-04-28T12:05:25Z</time>
      </trkpt>
      <trkpt lat="34.332018707305195" lon="109.04061490092333">
        <ele>389.93005926255137</ele>
        <time>2022-04-28T12:05:31Z</time>
      </trkpt>
      <trkpt lat="34.332335720936825" lon="109.04004889392932">
        <ele>389.80601424816996</ele>
        <time>2022-04-28T12:05:37Z</time>
      </trkpt>
      <trkpt lat="34.332661549826526" lon="109.03948812967936">
        <ele>389.7372483154759</ele>
        <time>2022-04-28T12:05:43Z</time>
      </trkpt>
      <trkpt lat="34.33298116419041" lon="109.0389131826231">
        <ele>389.08366950508207</ele>
        <time>2022-04-28T12:05:49Z</time>
      </trkpt>
      <trkpt lat="34.33329850608336" lon="109.03833641036798">
        <ele>389.0092323133722</ele>
        <time>2022-04-28T12:05:55Z</time>
      </trkpt>
      <trkpt lat="34.33363180241548" lon="109.03776267567343">
        <ele>389.2365054776892</ele>
        <time>2022-04-28T12:06:01Z</time>
      </trkpt>
      <trkpt lat="34.33398129430054" lon="109.03715556137534">
        <ele>387.9993121782318</ele>
        <time>2022-04-28T12:06:07Z</time>
      </trkpt>
      <trkpt lat="34.33431999554779" lon="109.03657247994009">
        <ele>387.2912673233077</ele>
        <time>2022-04-28T12:06:13Z</time>
      </trkpt>
      <trkpt lat="34.334644158903544" lon="109.03598958349292">
        <ele>386.39449841715395</ele>
        <time>2022-04-28T12:06:19Z</time>
      </trkpt>
      <trkpt lat="34.33496491448212" lon="109.03541515815698">
        <ele>387.240026676096</ele>
        <time>2022-04-28T12:06:25Z</time>
      </trkpt>
      <trkpt lat="34.33529994898864" lon="109.0348403452813">
        <ele>387.8702646680176</ele>
        <time>2022-04-28T12:06:31Z</time>
      </trkpt>
      <trkpt lat="34.335635313249966" lon="109.03425331592902">
        <ele>387.4897487228736</ele>
        <time>2022-04-28T12:06:37Z</time>
      </trkpt>
      <trkpt lat="34.3359732113188" lon="109.0336581235325">
        <ele>387.6084608817473</ele>
        <time>2022-04-28T12:06:43Z</time>
      </trkpt>
      <trkpt lat="34.33631030560844" lon="109.03307448853833">
        <ele>387.41677017044276</ele>
        <time>2022-04-28T12:06:49Z</time>
      </trkpt>
      <trkpt lat="34.3366347769315" lon="109.03248009104244">
        <ele>387.3820648547262</ele>
        <time>2022-04-28T12:06:55Z</time>
      </trkpt>
      <trkpt lat="34.33695106237358" lon="109.03189049060735">
        <ele>387.37306070514023</ele>
        <time>2022-04-28T12:07:01Z</time>
      </trkpt>
      <trkpt lat="34.33726816747367" lon="109.0313118940929">
        <ele>387.4118739804253</ele>
        <time>2022-04-28T12:07:07Z</time>
      </trkpt>
      <trkpt lat="34.3374893560159" lon="109.03094288154189">
        <ele>387.21082357224077</ele>
        <time>2022-04-28T12:07:11Z</time>
      </trkpt>
      <trkpt lat="34.337803935490285" lon="109.03035544605017">
        <ele>386.83632825594395</ele>
        <time>2022-04-28T12:07:17Z</time>
      </trkpt>
      <trkpt lat="34.33791011019786" lon="109.03014577544864">
        <ele>388.411141961813</ele>
        <time>2022-04-28T12:07:19Z</time>
      </trkpt>
      <trkpt lat="34.33825199675731" lon="109.02958500000511">
        <ele>387.9642183687538</ele>
        <time>2022-04-28T12:07:25Z</time>
      </trkpt>
      <trkpt lat="34.338588193890395" lon="109.02902263970903">
        <ele>386.58756045624614</ele>
        <time>2022-04-28T12:07:31Z</time>
      </trkpt>
      <trkpt lat="34.338868160285" lon="109.02847905514699">
        <ele>387.126691237092</ele>
        <time>2022-04-28T12:07:37Z</time>
      </trkpt>
      <trkpt lat="34.33902696562402" lon="109.02810055115754">
        <ele>388.0658722734079</ele>
        <time>2022-04-28T12:07:41Z</time>
      </trkpt>
      <trkpt lat="34.33921131920814" lon="109.02772914455115">
        <ele>387.16867155674845</ele>
        <time>2022-04-28T12:07:45Z</time>
      </trkpt>
      <trkpt lat="34.339562642378866" lon="109.02720234082287">
        <ele>386.4134139781818</ele>
        <time>2022-04-28T12:07:51Z</time>
      </trkpt>
      <trkpt lat="34.33993750563289" lon="109.02668343549448">
        <ele>385.4636475313455</ele>
        <time>2022-04-28T12:07:57Z</time>
      </trkpt>
      <trkpt lat="34.34030437543581" lon="109.02615706376493">
        <ele>385.5693305237219</ele>
        <time>2022-04-28T12:08:03Z</time>
      </trkpt>
      <trkpt lat="34.340689505618236" lon="109.02563783857372">
        <ele>384.0922205261886</ele>
        <time>2022-04-28T12:08:09Z</time>
      </trkpt>
      <trkpt lat="34.341058740136226" lon="109.0250981707509">
        <ele>385.3214139090851</ele>
        <time>2022-04-28T12:08:15Z</time>
      </trkpt>
      <trkpt lat="34.34117759809678" lon="109.0249205529289">
        <ele>385.02859460934997</ele>
        <time>2022-04-28T12:08:17Z</time>
      </trkpt>
      <trkpt lat="34.34152924534787" lon="109.02446660222363">
        <ele>385.62338010501117</ele>
        <time>2022-04-28T12:08:23Z</time>
      </trkpt>
      <trkpt lat="34.34161944314183" lon="109.02433346685137">
        <ele>385.0312742134556</ele>
        <time>2022-04-28T12:08:25Z</time>
      </trkpt>
      <trkpt lat="34.34163074854312" lon="109.02418659066063">
        <ele>384.68886112514883</ele>
        <time>2022-04-28T12:08:27Z</time>
      </trkpt>
      <trkpt lat="34.341534143253675" lon="109.0241368377875">
        <ele>384.88877116236836</ele>
        <time>2022-04-28T12:08:29Z</time>
      </trkpt>
      <trkpt lat="34.341435491126546" lon="109.0242157127802">
        <ele>386.0649323053658</ele>
        <time>2022-04-28T12:08:31Z</time>
      </trkpt>
      <trkpt lat="34.34112845819177" lon="109.02471528896716">
        <ele>385.3241611002013</ele>
        <time>2022-04-28T12:08:39Z</time>
      </trkpt>
      <trkpt lat="34.34080663274641" lon="109.02520656053915">
        <ele>385.53856911789626</ele>
        <time>2022-04-28T12:08:45Z</time>
      </trkpt>
      <trkpt lat="34.340405968191135" lon="109.02580151560822">
        <ele>384.6409841552377</ele>
        <time>2022-04-28T12:08:51Z</time>
      </trkpt>
      <trkpt lat="34.339987775693615" lon="109.02636725648752">
        <ele>385.12772988248616</ele>
        <time>2022-04-28T12:08:57Z</time>
      </trkpt>
      <trkpt lat="34.339604840365354" lon="109.02692192178525">
        <ele>386.5378241920844</ele>
        <time>2022-04-28T12:09:03Z</time>
      </trkpt>
      <trkpt lat="34.33922402782636" lon="109.0274654602059">
        <ele>385.790590159595</ele>
        <time>2022-04-28T12:09:10Z</time>
      </trkpt>
      <trkpt lat="34.3390728442193" lon="109.02771185717377">
        <ele>385.26317530777305</ele>
        <time>2022-04-28T12:09:13Z</time>
      </trkpt>
      <trkpt lat="34.338759899125286" lon="109.02824207143551">
        <ele>386.0635169772431</ele>
        <time>2022-04-28T12:09:19Z</time>
      </trkpt>
      <trkpt lat="34.33847974800049" lon="109.02876347624097">
        <ele>386.1168026290834</ele>
        <time>2022-04-28T12:09:25Z</time>
      </trkpt>
      <trkpt lat="34.338182688346606" lon="109.0292710824905">
        <ele>386.45740378368646</ele>
        <time>2022-04-28T12:09:31Z</time>
      </trkpt>
      <trkpt lat="34.33788977052498" lon="109.02979092371775">
        <ele>387.02912973891944</ele>
        <time>2022-04-28T12:09:37Z</time>
      </trkpt>
      <trkpt lat="34.33758857329703" lon="109.03028851861961">
        <ele>385.9787184409797</ele>
        <time>2022-04-28T12:09:43Z</time>
      </trkpt>
      <trkpt lat="34.33729308507581" lon="109.03080844236517">
        <ele>386.32774452585727</ele>
        <time>2022-04-28T12:09:49Z</time>
      </trkpt>
      <trkpt lat="34.33718630045165" lon="109.03097655185792">
        <ele>386.67162304837257</ele>
        <time>2022-04-28T12:09:51Z</time>
      </trkpt>
      <trkpt lat="34.336901645506536" lon="109.03151796810788">
        <ele>387.4879620829597</ele>
        <time>2022-04-28T12:09:57Z</time>
      </trkpt>
      <trkpt lat="34.336603468811475" lon="109.03204030834547">
        <ele>387.85741759836674</ele>
        <time>2022-04-28T12:10:03Z</time>
      </trkpt>
      <trkpt lat="34.3364928954312" lon="109.03220771474868">
        <ele>387.31935254111886</ele>
        <time>2022-04-28T12:10:05Z</time>
      </trkpt>
      <trkpt lat="34.336408113390426" lon="109.03238613438486">
        <ele>387.12484859954566</ele>
        <time>2022-04-28T12:10:07Z</time>
      </trkpt>
      <trkpt lat="34.33629962124112" lon="109.03253440910042">
        <ele>386.8593499530107</ele>
        <time>2022-04-28T12:10:09Z</time>
      </trkpt>
      <trkpt lat="34.33601529170847" lon="109.03305560305513">
        <ele>387.12131273932755</ele>
        <time>2022-04-28T12:10:15Z</time>
      </trkpt>
      <trkpt lat="34.33582376390772" lon="109.03341426104085">
        <ele>387.4999242974445</ele>
        <time>2022-04-28T12:10:19Z</time>
      </trkpt>
      <trkpt lat="34.33551399340598" lon="109.03392790733915">
        <ele>387.04990658257157</ele>
        <time>2022-04-28T12:10:25Z</time>
      </trkpt>
      <trkpt lat="34.33521715253987" lon="109.03447657907445">
        <ele>387.7048714701086</ele>
        <time>2022-04-28T12:10:31Z</time>
      </trkpt>
      <trkpt lat="34.33491101276804" lon="109.03502427797741">
        <ele>387.6659106342122</ele>
        <time>2022-04-28T12:10:37Z</time>
      </trkpt>
      <trkpt lat="34.33459608173809" lon="109.03557732607905">
        <ele>387.79369862098247</ele>
        <time>2022-04-28T12:10:43Z</time>
      </trkpt>
      <trkpt lat="34.33428023773314" lon="109.03611687774158">
        <ele>388.1652540238574</ele>
        <time>2022-04-28T12:10:49Z</time>
      </trkpt>
      <trkpt lat="34.33397114357332" lon="109.03665515075798">
        <ele>387.66993802413344</ele>
        <time>2022-04-28T12:10:55Z</time>
      </trkpt>
      <trkpt lat="34.33365780133849" lon="109.03719802995695">
        <ele>388.08663959242404</ele>
        <time>2022-04-28T12:11:01Z</time>
      </trkpt>
      <trkpt lat="34.33334473456641" lon="109.03775591271962">
        <ele>389.3027620408684</ele>
        <time>2022-04-28T12:11:07Z</time>
      </trkpt>
      <trkpt lat="34.333040589787025" lon="109.03830289928436">
        <ele>389.89993391837925</ele>
        <time>2022-04-28T12:11:13Z</time>
      </trkpt>
      <trkpt lat="34.33273509287175" lon="109.03885370305409">
        <ele>389.74635182134807</ele>
        <time>2022-04-28T12:11:19Z</time>
      </trkpt>
      <trkpt lat="34.33263973786824" lon="109.0390416350086">
        <ele>389.50677399430424</ele>
        <time>2022-04-28T12:11:21Z</time>
      </trkpt>
      <trkpt lat="34.332348443501715" lon="109.03956420214922">
        <ele>390.572839461267</ele>
        <time>2022-04-28T12:11:27Z</time>
      </trkpt>
      <trkpt lat="34.33206628519289" lon="109.04006491834944">
        <ele>390.20368598774076</ele>
        <time>2022-04-28T12:11:33Z</time>
      </trkpt>
      <trkpt lat="34.33177438547161" lon="109.04055978447322">
        <ele>390.5390029633418</ele>
        <time>2022-04-28T12:11:39Z</time>
      </trkpt>
      <trkpt lat="34.33148717063614" lon="109.04107232919972">
        <ele>389.44698912650347</ele>
        <time>2022-04-28T12:11:45Z</time>
      </trkpt>
      <trkpt lat="34.33123517503875" lon="109.04163897632212">
        <ele>389.8679110361263</ele>
        <time>2022-04-28T12:11:51Z</time>
      </trkpt>
      <trkpt lat="34.331155941123285" lon="109.04182812857928">
        <ele>390.03880627825856</ele>
        <time>2022-04-28T12:11:53Z</time>
      </trkpt>
      <trkpt lat="34.33086449001144" lon="109.04232494538395">
        <ele>389.52082892507315</ele>
        <time>2022-04-28T12:11:59Z</time>
      </trkpt>
      <trkpt lat="34.33056401571377" lon="109.04282101414">
        <ele>389.2340365825221</ele>
        <time>2022-04-28T12:12:05Z</time>
      </trkpt>
      <trkpt lat="34.330374997047436" lon="109.04315813572482">
        <ele>389.26426167506725</ele>
        <time>2022-04-28T12:12:09Z</time>
      </trkpt>
      <trkpt lat="34.33017123529689" lon="109.04347966027466">
        <ele>388.3968163970858</ele>
        <time>2022-04-28T12:12:13Z</time>
      </trkpt>
      <trkpt lat="34.329870240639416" lon="109.04401438882748">
        <ele>389.228808734566</ele>
        <time>2022-04-28T12:12:19Z</time>
      </trkpt>
      <trkpt lat="34.32954392920111" lon="109.04450238175252">
        <ele>388.6750137740746</ele>
        <time>2022-04-28T12:12:25Z</time>
      </trkpt>
      <trkpt lat="34.329254793873574" lon="109.04503044445039">
        <ele>385.8613280886784</ele>
        <time>2022-04-28T12:12:31Z</time>
      </trkpt>
      <trkpt lat="34.32899514039177" lon="109.04550907713373">
        <ele>389.1184885110706</ele>
        <time>2022-04-28T12:12:37Z</time>
      </trkpt>
      <trkpt lat="34.328939660719826" lon="109.04564032114597">
        <ele>389.33962164632976</ele>
        <time>2022-04-28T12:12:39Z</time>
      </trkpt>
      <trkpt lat="34.328986635748365" lon="109.04571880197442">
        <ele>389.9704660773277</ele>
        <time>2022-04-28T12:12:41Z</time>
      </trkpt>
      <trkpt lat="34.329100020667276" lon="109.0456944840228">
        <ele>390.2604108955711</ele>
        <time>2022-04-28T12:12:43Z</time>
      </trkpt>
      <trkpt lat="34.329432610794925" lon="109.04515413478143">
        <ele>389.86334604676813</ele>
        <time>2022-04-28T12:12:51Z</time>
      </trkpt>
      <trkpt lat="34.329700257354105" lon="109.04467506504811">
        <ele>387.3571404861286</ele>
        <time>2022-04-28T12:12:57Z</time>
      </trkpt>
      <trkpt lat="34.330003330012" lon="109.04420368441079">
        <ele>388.119614851661</ele>
        <time>2022-04-28T12:13:03Z</time>
      </trkpt>
      <trkpt lat="34.33028534749348" lon="109.04368100318459">
        <ele>389.1189476819709</ele>
        <time>2022-04-28T12:13:09Z</time>
      </trkpt>
      <trkpt lat="34.33039580830841" lon="109.04350955347218">
        <ele>389.5552034927532</ele>
        <time>2022-04-28T12:13:11Z</time>
      </trkpt>
      <trkpt lat="34.33071551207316" lon="109.04293571251104">
        <ele>389.4351140204817</ele>
        <time>2022-04-28T12:13:17Z</time>
      </trkpt>
      <trkpt lat="34.331048849292344" lon="109.04235179527474">
        <ele>390.0427739620209</ele>
        <time>2022-04-28T12:13:23Z</time>
      </trkpt>
      <trkpt lat="34.33139595679916" lon="109.04174993425157">
        <ele>390.0622668620199</ele>
        <time>2022-04-28T12:13:29Z</time>
      </trkpt>
      <trkpt lat="34.331738311431934" lon="109.0411392130747">
        <ele>390.6939729433507</ele>
        <time>2022-04-28T12:13:35Z</time>
      </trkpt>
      <trkpt lat="34.33194758519882" lon="109.04074386241734">
        <ele>391.00063400901854</ele>
        <time>2022-04-28T12:13:39Z</time>
      </trkpt>
      <trkpt lat="34.3322886676652" lon="109.0401629556829">
        <ele>390.3931283634156</ele>
        <time>2022-04-28T12:13:45Z</time>
      </trkpt>
      <trkpt lat="34.33262469761857" lon="109.03955529977573">
        <ele>390.0643725693226</ele>
        <time>2022-04-28T12:13:51Z</time>
      </trkpt>
      <trkpt lat="34.33297756253863" lon="109.03895386392058">
        <ele>389.03378865588456</ele>
        <time>2022-04-28T12:13:57Z</time>
      </trkpt>
      <trkpt lat="34.33332194717919" lon="109.03834011463533">
        <ele>389.82727186288685</ele>
        <time>2022-04-28T12:14:03Z</time>
      </trkpt>
      <trkpt lat="34.33365666568772" lon="109.03772527004615">
        <ele>389.5279857488349</ele>
        <time>2022-04-28T12:14:09Z</time>
      </trkpt>
      <trkpt lat="34.33400386304233" lon="109.03712674398344">
        <ele>388.7429941724986</ele>
        <time>2022-04-28T12:14:15Z</time>
      </trkpt>
      <trkpt lat="34.33434882433333" lon="109.03651030287222">
        <ele>388.53687468450516</ele>
        <time>2022-04-28T12:14:21Z</time>
      </trkpt>
      <trkpt lat="34.33447382001974" lon="109.03631476527717">
        <ele>388.4907764745876</ele>
        <time>2022-04-28T12:14:23Z</time>
      </trkpt>
      <trkpt lat="34.33481081786079" lon="109.03571206453215">
        <ele>388.0881378026679</ele>
        <time>2022-04-28T12:14:29Z</time>
      </trkpt>
      <trkpt lat="34.33513559570228" lon="109.03512809601276">
        <ele>387.9229956418276</ele>
        <time>2022-04-28T12:14:35Z</time>
      </trkpt>
      <trkpt lat="34.33547112934135" lon="109.0345437259085">
        <ele>388.47181705664843</ele>
        <time>2022-04-28T12:14:41Z</time>
      </trkpt>
      <trkpt lat="34.33557888251838" lon="109.03434528311875">
        <ele>388.0932137593627</ele>
        <time>2022-04-28T12:14:43Z</time>
      </trkpt>
      <trkpt lat="34.33581943361179" lon="109.03396212070054">
        <ele>388.51215397007763</ele>
        <time>2022-04-28T12:14:47Z</time>
      </trkpt>
      <trkpt lat="34.33614543933617" lon="109.03337897941483">
        <ele>388.91828766372055</ele>
        <time>2022-04-28T12:14:53Z</time>
      </trkpt>
      <trkpt lat="34.33647975543947" lon="109.03278217004176">
        <ele>388.71814549714327</ele>
        <time>2022-04-28T12:14:59Z</time>
      </trkpt>
      <trkpt lat="34.336815173043874" lon="109.03219236259216">
        <ele>387.5234505366534</ele>
        <time>2022-04-28T12:15:05Z</time>
      </trkpt>
      <trkpt lat="34.33713358576707" lon="109.03163575918629">
        <ele>386.7576252389699</ele>
        <time>2022-04-28T12:15:11Z</time>
      </trkpt>
      <trkpt lat="34.33740143200961" lon="109.03112181413297">
        <ele>387.2981297709048</ele>
        <time>2022-04-28T12:15:17Z</time>
      </trkpt>
      <trkpt lat="34.33770242071158" lon="109.03059614639739">
        <ele>387.23493211716413</ele>
        <time>2022-04-28T12:15:23Z</time>
      </trkpt>
      <trkpt lat="34.338026182421785" lon="109.03006355075921">
        <ele>387.47828707657754</ele>
        <time>2022-04-28T12:15:29Z</time>
      </trkpt>
      <trkpt lat="34.33833778247873" lon="109.02951244837747">
        <ele>387.6726220184937</ele>
        <time>2022-04-28T12:15:35Z</time>
      </trkpt>
      <trkpt lat="34.33864572966981" lon="109.02896218616581">
        <ele>387.8031549686566</ele>
        <time>2022-04-28T12:15:41Z</time>
      </trkpt>
      <trkpt lat="34.338852995117534" lon="109.02859952656183">
        <ele>387.5660371053964</ele>
        <time>2022-04-28T12:15:45Z</time>
      </trkpt>
      <trkpt lat="34.339056278213036" lon="109.0283028284114">
        <ele>387.23198749218136</ele>
        <time>2022-04-28T12:15:49Z</time>
      </trkpt>
      <trkpt lat="34.339258449324866" lon="109.02776034789623">
        <ele>387.77976968325675</ele>
        <time>2022-04-28T12:15:55Z</time>
      </trkpt>
      <trkpt lat="34.339460352458765" lon="109.02738408991333">
        <ele>387.38398032914847</ele>
        <time>2022-04-28T12:15:59Z</time>
      </trkpt>
      <trkpt lat="34.33984286626522" lon="109.02684666957322">
        <ele>386.1444105748087</ele>
        <time>2022-04-28T12:16:05Z</time>
      </trkpt>
      <trkpt lat="34.340216580033925" lon="109.02631808281659">
        <ele>385.6409528674558</ele>
        <time>2022-04-28T12:16:11Z</time>
      </trkpt>
      <trkpt lat="34.340576169866004" lon="109.02579817941533">
        <ele>384.97116832993925</ele>
        <time>2022-04-28T12:16:17Z</time>
      </trkpt>
      <trkpt lat="34.34093360990663" lon="109.02529040438259">
        <ele>384.9281141869724</ele>
        <time>2022-04-28T12:16:23Z</time>
      </trkpt>
      <trkpt lat="34.34125304401662" lon="109.02485082324277">
        <ele>386.0954562490806</ele>
        <time>2022-04-28T12:16:29Z</time>
      </trkpt>
      <trkpt lat="34.34158159762452" lon="109.02439803971147">
        <ele>385.1073463317007</ele>
        <time>2022-04-28T12:16:37Z</time>
      </trkpt>
      <trkpt lat="34.341601429477265" lon="109.02430834483515">
        <ele>384.90668955631554</ele>
        <time>2022-04-28T12:16:39Z</time>
      </trkpt>
      <trkpt lat="34.34147769190303" lon="109.0242692508871">
        <ele>385.57134319096804</ele>
        <time>2022-04-28T12:16:43Z</time>
      </trkpt>
      <trkpt lat="34.34140420166232" lon="109.02432980061154">
        <ele>385.5893645817414</ele>
        <time>2022-04-28T12:16:45Z</time>
      </trkpt>
      <trkpt lat="34.34112266338227" lon="109.0247357279915">
        <ele>385.8305028863251</ele>
        <time>2022-04-28T12:17:05Z</time>
      </trkpt>
      <trkpt lat="34.341031085978784" lon="109.02480417127907">
        <ele>386.1750454083085</ele>
        <time>2022-04-28T12:38:36Z</time>
      </trkpt>
      <trkpt lat="34.340896259083216" lon="109.02498778774284">
        <ele>385.3837144477293</ele>
        <time>2022-04-28T12:38:43Z</time>
      </trkpt>
      <trkpt lat="34.34090750625105" lon="109.02500080543604">
        <ele>385.9723267350346</ele>
        <time>2022-04-28T12:38:51Z</time>
      </trkpt>
      <trkpt lat="34.34084793748821" lon="109.0251424553245">
        <ele>386.59139960166067</ele>
        <time>2022-04-28T12:39:20Z</time>
      </trkpt>
      <trkpt lat="34.34072516699858" lon="109.02528900383834">
        <ele>386.4138024067506</ele>
        <time>2022-04-28T12:39:24Z</time>
      </trkpt>
      <trkpt lat="34.34065664746727" lon="109.02539608414912">
        <ele>386.65786511078477</ele>
        <time>2022-04-28T12:39:26Z</time>
      </trkpt>
      <trkpt lat="34.340324798372244" lon="109.02582266524152">
        <ele>386.2040871055797</ele>
        <time>2022-04-28T12:39:34Z</time>
      </trkpt>
      <trkpt lat="34.33997028139988" lon="109.0263024783486">
        <ele>386.35517093911767</ele>
        <time>2022-04-28T12:39:42Z</time>
      </trkpt>
      <trkpt lat="34.339604335710234" lon="109.02680625223978">
        <ele>386.84650695696473</ele>
        <time>2022-04-28T12:39:50Z</time>
      </trkpt>
      <trkpt lat="34.33923433828335" lon="109.02733193868018">
        <ele>386.6249066302553</ele>
        <time>2022-04-28T12:39:58Z</time>
      </trkpt>
      <trkpt lat="34.338965959687854" lon="109.02777130804024">
        <ele>387.1200263770297</ele>
        <time>2022-04-28T12:40:04Z</time>
      </trkpt>
      <trkpt lat="34.338696166651346" lon="109.02824568322664">
        <ele>386.36774856969714</ele>
        <time>2022-04-28T12:40:10Z</time>
      </trkpt>
      <trkpt lat="34.338412641724354" lon="109.02874840653334">
        <ele>386.3934564264491</ele>
        <time>2022-04-28T12:40:16Z</time>
      </trkpt>
      <trkpt lat="34.33812194122817" lon="109.02927430125057">
        <ele>386.7739910176024</ele>
        <time>2022-04-28T12:40:22Z</time>
      </trkpt>
      <trkpt lat="34.33783540239696" lon="109.02979744327392">
        <ele>386.5960877686739</ele>
        <time>2022-04-28T12:40:28Z</time>
      </trkpt>
      <trkpt lat="34.33754836517406" lon="109.03030826644115">
        <ele>386.64733696263283</ele>
        <time>2022-04-28T12:40:34Z</time>
      </trkpt>
      <trkpt lat="34.33727292611325" lon="109.03080350058416">
        <ele>386.62575202062726</ele>
        <time>2022-04-28T12:40:40Z</time>
      </trkpt>
      <trkpt lat="34.33693092749518" lon="109.03138631019922">
        <ele>387.25800445023924</ele>
        <time>2022-04-28T12:40:47Z</time>
      </trkpt>
      <trkpt lat="34.33665167406076" lon="109.031889389996">
        <ele>387.5368213588372</ele>
        <time>2022-04-28T12:40:53Z</time>
      </trkpt>
      <trkpt lat="34.336347199360524" lon="109.03241043397473">
        <ele>387.46933163143694</ele>
        <time>2022-04-28T12:40:59Z</time>
      </trkpt>
      <trkpt lat="34.336049749685834" lon="109.03294556591675">
        <ele>387.75502960104495</ele>
        <time>2022-04-28T12:41:05Z</time>
      </trkpt>
      <trkpt lat="34.33575249427046" lon="109.03347539838354">
        <ele>388.1936151124537</ele>
        <time>2022-04-28T12:41:11Z</time>
      </trkpt>
      <trkpt lat="34.335448298751665" lon="109.03399385776768">
        <ele>388.44306056015193</ele>
        <time>2022-04-28T12:41:17Z</time>
      </trkpt>
      <trkpt lat="34.335148255697526" lon="109.03451671556279">
        <ele>388.0488754976541</ele>
        <time>2022-04-28T12:41:23Z</time>
      </trkpt>
      <trkpt lat="34.334849301231316" lon="109.03503819557115">
        <ele>388.12588239926845</ele>
        <time>2022-04-28T12:41:29Z</time>
      </trkpt>
      <trkpt lat="34.33455322468371" lon="109.03555302852268">
        <ele>387.8333001099527</ele>
        <time>2022-04-28T12:41:35Z</time>
      </trkpt>
      <trkpt lat="34.334253946257064" lon="109.03606046673049">
        <ele>388.09423297736794</ele>
        <time>2022-04-28T12:41:41Z</time>
      </trkpt>
      <trkpt lat="34.333965163831664" lon="109.03657895034247">
        <ele>387.84627010207623</ele>
        <time>2022-04-28T12:41:47Z</time>
      </trkpt>
      <trkpt lat="34.33367852528042" lon="109.03712053232194">
        <ele>388.21456731297076</ele>
        <time>2022-04-28T12:41:53Z</time>
      </trkpt>
      <trkpt lat="34.33338675006314" lon="109.03763395327299">
        <ele>388.59007665421814</ele>
        <time>2022-04-28T12:41:59Z</time>
      </trkpt>
      <trkpt lat="34.33309862084049" lon="109.0381424822127">
        <ele>389.2695601237938</ele>
        <time>2022-04-28T12:42:05Z</time>
      </trkpt>
      <trkpt lat="34.33279644843559" lon="109.03866961823576">
        <ele>389.03630467131734</ele>
        <time>2022-04-28T12:42:11Z</time>
      </trkpt>
      <trkpt lat="34.33249677142809" lon="109.03920468200738">
        <ele>389.44025064632297</ele>
        <time>2022-04-28T12:42:17Z</time>
      </trkpt>
      <trkpt lat="34.332202239880445" lon="109.03972696609407">
        <ele>390.1931006712839</ele>
        <time>2022-04-28T12:42:23Z</time>
      </trkpt>
      <trkpt lat="34.331896239065806" lon="109.04025408162829">
        <ele>390.9754554927349</ele>
        <time>2022-04-28T12:42:29Z</time>
      </trkpt>
      <trkpt lat="34.33159864300241" lon="109.04078240243209">
        <ele>390.2691883472726</ele>
        <time>2022-04-28T12:42:35Z</time>
      </trkpt>
      <trkpt lat="34.33140168913795" lon="109.04114929694124">
        <ele>389.39231470320374</ele>
        <time>2022-04-28T12:42:39Z</time>
      </trkpt>
      <trkpt lat="34.331193099294175" lon="109.04149513105668">
        <ele>389.50496079958975</ele>
        <time>2022-04-28T12:42:43Z</time>
      </trkpt>
      <trkpt lat="34.33090184356345" lon="109.04207488810927">
        <ele>389.7797109885141</ele>
        <time>2022-04-28T12:42:49Z</time>
      </trkpt>
      <trkpt lat="34.33061728842527" lon="109.04263999467125">
        <ele>389.97930248919874</ele>
        <time>2022-04-28T12:42:55Z</time>
      </trkpt>
      <trkpt lat="34.33030290698913" lon="109.0431991568992">
        <ele>390.15158850420266</ele>
        <time>2022-04-28T12:43:01Z</time>
      </trkpt>
      <trkpt lat="34.3300001720524" lon="109.04374209259116">
        <ele>390.59283314365894</ele>
        <time>2022-04-28T12:43:07Z</time>
      </trkpt>
      <trkpt lat="34.32969427793191" lon="109.04427378368405">
        <ele>390.26084223296493</ele>
        <time>2022-04-28T12:43:13Z</time>
      </trkpt>
      <trkpt lat="34.32936853149657" lon="109.04480967230116">
        <ele>385.5241267681122</ele>
        <time>2022-04-28T12:43:19Z</time>
      </trkpt>
      <trkpt lat="34.32907096533152" lon="109.04530295788446">
        <ele>387.9118224577978</ele>
        <time>2022-04-28T12:43:25Z</time>
      </trkpt>
      <trkpt lat="34.328893615830246" lon="109.0455757613022">
        <ele>388.9147012755275</ele>
        <time>2022-04-28T12:43:29Z</time>
      </trkpt>
      <trkpt lat="34.328893037503946" lon="109.0457363053927">
        <ele>389.2784392731264</ele>
        <time>2022-04-28T12:43:31Z</time>
      </trkpt>
      <trkpt lat="34.329023693544215" lon="109.0457803991023">
        <ele>389.7418785877526</ele>
        <time>2022-04-28T12:43:33Z</time>
      </trkpt>
      <trkpt lat="34.32913216342251" lon="109.04567904759024">
        <ele>390.6471119252965</ele>
        <time>2022-04-28T12:43:35Z</time>
      </trkpt>
      <trkpt lat="34.32919202781999" lon="109.04552451187034">
        <ele>390.4367520734668</ele>
        <time>2022-04-28T12:43:37Z</time>
      </trkpt>
      <trkpt lat="34.32944953920448" lon="109.04507007968132">
        <ele>392.1092418702319</ele>
        <time>2022-04-28T12:43:43Z</time>
      </trkpt>
      <trkpt lat="34.3297352903299" lon="109.04458766098868">
        <ele>387.1897313641384</ele>
        <time>2022-04-28T12:43:49Z</time>
      </trkpt>
      <trkpt lat="34.330026957967775" lon="109.04406250744061">
        <ele>389.18261971790344</ele>
        <time>2022-04-28T12:43:55Z</time>
      </trkpt>
      <trkpt lat="34.33029118213135" lon="109.04358167845224">
        <ele>390.1413110885769</ele>
        <time>2022-04-28T12:44:01Z</time>
      </trkpt>
      <trkpt lat="34.33049808997963" lon="109.04324835939398">
        <ele>390.19783033803105</ele>
        <time>2022-04-28T12:44:05Z</time>
      </trkpt>
      <trkpt lat="34.33080678580928" lon="109.04270389995122">
        <ele>390.1134861726314</ele>
        <time>2022-04-28T12:44:11Z</time>
      </trkpt>
      <trkpt lat="34.33110810322406" lon="109.04220899973006">
        <ele>391.01810574904084</ele>
        <time>2022-04-28T12:44:17Z</time>
      </trkpt>
      <trkpt lat="34.33138957662294" lon="109.04172158866358">
        <ele>390.24328430369496</ele>
        <time>2022-04-28T12:44:23Z</time>
      </trkpt>
      <trkpt lat="34.33168517306489" lon="109.04119860291618">
        <ele>389.84203459043056</ele>
        <time>2022-04-28T12:44:29Z</time>
      </trkpt>
      <trkpt lat="34.3319756825613" lon="109.04067178971565">
        <ele>390.19369279872626</ele>
        <time>2022-04-28T12:44:35Z</time>
      </trkpt>
      <trkpt lat="34.33228701739936" lon="109.04013721529812">
        <ele>390.4430168233812</ele>
        <time>2022-04-28T12:44:41Z</time>
      </trkpt>
      <trkpt lat="34.332583318922055" lon="109.03960981399858">
        <ele>390.4812124958262</ele>
        <time>2022-04-28T12:44:47Z</time>
      </trkpt>
      <trkpt lat="34.33287524556491" lon="109.03909838938368">
        <ele>390.68011927977204</ele>
        <time>2022-04-28T12:44:53Z</time>
      </trkpt>
      <trkpt lat="34.333174902064854" lon="109.03855891463331">
        <ele>390.03275110572577</ele>
        <time>2022-04-28T12:44:59Z</time>
      </trkpt>
      <trkpt lat="34.333483767665555" lon="109.03800278774484">
        <ele>389.8660941366106</ele>
        <time>2022-04-28T12:45:05Z</time>
      </trkpt>
      <trkpt lat="34.33380045940655" lon="109.03743185509167">
        <ele>389.27259788289666</ele>
        <time>2022-04-28T12:45:11Z</time>
      </trkpt>
      <trkpt lat="34.334125922592406" lon="109.03684716512585">
        <ele>388.5214340798557</ele>
        <time>2022-04-28T12:45:17Z</time>
      </trkpt>
      <trkpt lat="34.33445875855434" lon="109.03629753101279">
        <ele>388.0216568838805</ele>
        <time>2022-04-28T12:45:23Z</time>
      </trkpt>
      <trkpt lat="34.334762741805974" lon="109.03573639441537">
        <ele>387.85020532552153</ele>
        <time>2022-04-28T12:45:29Z</time>
      </trkpt>
      <trkpt lat="34.33507609126715" lon="109.03519145528809">
        <ele>388.8271914375946</ele>
        <time>2022-04-28T12:45:35Z</time>
      </trkpt>
      <trkpt lat="34.335411328538676" lon="109.0346091341246">
        <ele>388.8256734032184</ele>
        <time>2022-04-28T12:45:41Z</time>
      </trkpt>
      <trkpt lat="34.33565506376018" lon="109.0341770075772">
        <ele>388.31120005622506</ele>
        <time>2022-04-28T12:45:45Z</time>
      </trkpt>
      <trkpt lat="34.33602235383545" lon="109.03357293956613">
        <ele>387.1542112864554</ele>
        <time>2022-04-28T12:45:51Z</time>
      </trkpt>
      <trkpt lat="34.3363814424205" lon="109.03292739672158">
        <ele>387.5519842961803</ele>
        <time>2022-04-28T12:45:57Z</time>
      </trkpt>
      <trkpt lat="34.33674994635622" lon="109.03229887480794">
        <ele>387.71794988494366</ele>
        <time>2022-04-28T12:46:03Z</time>
      </trkpt>
      <trkpt lat="34.33711595852115" lon="109.03163998257138">
        <ele>386.7350919712335</ele>
        <time>2022-04-28T12:46:09Z</time>
      </trkpt>
      <trkpt lat="34.3373495940017" lon="109.03119328005873">
        <ele>387.083104330115</ele>
        <time>2022-04-28T12:46:13Z</time>
      </trkpt>
      <trkpt lat="34.337597228003496" lon="109.03075431173288">
        <ele>387.01638893876225</ele>
        <time>2022-04-28T12:46:17Z</time>
      </trkpt>
      <trkpt lat="34.33783496743604" lon="109.03030951403531">
        <ele>387.67485733143985</ele>
        <time>2022-04-28T12:46:21Z</time>
      </trkpt>
      <trkpt lat="34.3381880380223" lon="109.02967449731281">
        <ele>387.3285791836679</ele>
        <time>2022-04-28T12:46:27Z</time>
      </trkpt>
      <trkpt lat="34.33853005267736" lon="109.02903294817361">
        <ele>388.7018475430086</ele>
        <time>2022-04-28T12:46:33Z</time>
      </trkpt>
      <trkpt lat="34.338769326761586" lon="109.02856302586699">
        <ele>387.52273067925125</ele>
        <time>2022-04-28T12:46:37Z</time>
      </trkpt>
      <trkpt lat="34.33890150580585" lon="109.02833015961275">
        <ele>386.59925871063024</ele>
        <time>2022-04-28T12:46:39Z</time>
      </trkpt>
      <trkpt lat="34.3391402691179" lon="109.02784662210999">
        <ele>386.6930368738249</ele>
        <time>2022-04-28T12:46:43Z</time>
      </trkpt>
      <trkpt lat="34.339401491578904" lon="109.02741701981532">
        <ele>385.33602821361274</ele>
        <time>2022-04-28T12:46:47Z</time>
      </trkpt>
      <trkpt lat="34.339813593060796" lon="109.02685032187145">
        <ele>384.55759716872126</ele>
        <time>2022-04-28T12:46:53Z</time>
      </trkpt>
      <trkpt lat="34.34020571169136" lon="109.02628056536474">
        <ele>386.1899684108794</ele>
        <time>2022-04-28T12:46:59Z</time>
      </trkpt>
      <trkpt lat="34.34050561498692" lon="109.02585210936681">
        <ele>384.72805048990995</ele>
        <time>2022-04-28T12:47:04Z</time>
      </trkpt>
      <trkpt lat="34.340803382565284" lon="109.02543848300252">
        <ele>385.3546544481069</ele>
        <time>2022-04-28T12:47:09Z</time>
      </trkpt>
      <trkpt lat="34.3411154599583" lon="109.02499438545686">
        <ele>386.0239578736946</ele>
        <time>2022-04-28T12:47:15Z</time>
      </trkpt>
      <trkpt lat="34.34148437725576" lon="109.02453768943737">
        <ele>385.29223582241684</ele>
        <time>2022-04-28T12:47:23Z</time>
      </trkpt>
      <trkpt lat="34.34164584547925" lon="109.02427903158777">
        <ele>384.90190448611975</ele>
        <time>2022-04-28T12:47:29Z</time>
      </trkpt>
      <trkpt lat="34.34162151183081" lon="109.02419161271378">
        <ele>385.3755978439003</ele>
        <time>2022-04-28T12:47:31Z</time>
      </trkpt>
      <trkpt lat="34.34152306838755" lon="109.02418555664362">
        <ele>385.88156443927437</ele>
        <time>2022-04-28T12:47:33Z</time>
      </trkpt>
      <trkpt lat="34.34135345329866" lon="109.02442244043004">
        <ele>386.28709740098566</ele>
        <time>2022-04-28T12:47:37Z</time>
      </trkpt>
      <trkpt lat="34.34124104796506" lon="109.02454087749936">
        <ele>385.88963902834803</ele>
        <time>2022-04-28T12:47:39Z</time>
      </trkpt>
      <trkpt lat="34.34086607070889" lon="109.02506689692498">
        <ele>385.183048770763</ele>
        <time>2022-04-28T12:47:45Z</time>
      </trkpt>
      <trkpt lat="34.340462736276685" lon="109.02564936565449">
        <ele>385.89653108641505</ele>
        <time>2022-04-28T12:47:51Z</time>
      </trkpt>
      <trkpt lat="34.340048961846556" lon="109.02618185747087">
        <ele>385.9873921936378</ele>
        <time>2022-04-28T12:47:57Z</time>
      </trkpt>
      <trkpt lat="34.339642034692346" lon="109.02674477995723">
        <ele>386.4635476190597</ele>
        <time>2022-04-28T12:48:03Z</time>
      </trkpt>
      <trkpt lat="34.33951037339182" lon="109.02693328163068">
        <ele>387.6981500936672</ele>
        <time>2022-04-28T12:48:05Z</time>
      </trkpt>
      <trkpt lat="34.33913810839779" lon="109.02753403394685">
        <ele>386.2473598020151</ele>
        <time>2022-04-28T12:48:11Z</time>
      </trkpt>
      <trkpt lat="34.33876583252143" lon="109.0281513834664">
        <ele>386.22800844628364</ele>
        <time>2022-04-28T12:48:17Z</time>
      </trkpt>
      <trkpt lat="34.33851199767872" lon="109.02860165179918">
        <ele>387.12747369520366</ele>
        <time>2022-04-28T12:48:21Z</time>
      </trkpt>
      <trkpt lat="34.33825983890419" lon="109.02905258668258">
        <ele>387.15242002438754</ele>
        <time>2022-04-28T12:48:25Z</time>
      </trkpt>
      <trkpt lat="34.33800059153121" lon="109.02951026271549">
        <ele>387.20342839416116</ele>
        <time>2022-04-28T12:48:29Z</time>
      </trkpt>
      <trkpt lat="34.33775293856377" lon="109.02994706184097">
        <ele>386.3729542903602</ele>
        <time>2022-04-28T12:48:33Z</time>
      </trkpt>
      <trkpt lat="34.337496394305695" lon="109.03037429526591">
        <ele>386.0532631240785</ele>
        <time>2022-04-28T12:48:37Z</time>
      </trkpt>
      <trkpt lat="34.337151958959346" lon="109.03101864342149">
        <ele>387.09127370268106</ele>
        <time>2022-04-28T12:48:43Z</time>
      </trkpt>
      <trkpt lat="34.33679563473505" lon="109.03164540391775">
        <ele>386.13680890761316</ele>
        <time>2022-04-28T12:48:49Z</time>
      </trkpt>
      <trkpt lat="34.33644302740305" lon="109.03225454198288">
        <ele>386.6946999998763</ele>
        <time>2022-04-28T12:48:55Z</time>
      </trkpt>
      <trkpt lat="34.33609586256668" lon="109.032862161509">
        <ele>386.57712632324547</ele>
        <time>2022-04-28T12:49:01Z</time>
      </trkpt>
      <trkpt lat="34.33573875855209" lon="109.03348859714617">
        <ele>387.63039233069867</ele>
        <time>2022-04-28T12:49:07Z</time>
      </trkpt>
      <trkpt lat="34.33538758077803" lon="109.03409732642498">
        <ele>386.99848913773894</ele>
        <time>2022-04-28T12:49:13Z</time>
      </trkpt>
      <trkpt lat="34.33504590540896" lon="109.03471124584158">
        <ele>387.7572422856465</ele>
        <time>2022-04-28T12:49:19Z</time>
      </trkpt>
      <trkpt lat="34.334707724992825" lon="109.0353217151917">
        <ele>388.2950055459514</ele>
        <time>2022-04-28T12:49:25Z</time>
      </trkpt>
      <trkpt lat="34.33435641558441" lon="109.03592758354512">
        <ele>388.88006293121725</ele>
        <time>2022-04-28T12:49:31Z</time>
      </trkpt>
      <trkpt lat="34.33400325740428" lon="109.03653763078064">
        <ele>388.370532697998</ele>
        <time>2022-04-28T12:49:37Z</time>
      </trkpt>
      <trkpt lat="34.33366287534783" lon="109.03716053276011">
        <ele>388.4086283734068</ele>
        <time>2022-04-28T12:49:43Z</time>
      </trkpt>
      <trkpt lat="34.33331799118217" lon="109.03778488179012">
        <ele>389.92014736682177</ele>
        <time>2022-04-28T12:49:49Z</time>
      </trkpt>
      <trkpt lat="34.332973607681794" lon="109.03837502487355">
        <ele>389.80088737234473</ele>
        <time>2022-04-28T12:49:55Z</time>
      </trkpt>
      <trkpt lat="34.33263572488002" lon="109.0389817044732">
        <ele>390.4938861671835</ele>
        <time>2022-04-28T12:50:01Z</time>
      </trkpt>
      <trkpt lat="34.33228490311142" lon="109.03958415857068">
        <ele>389.4203705266118</ele>
        <time>2022-04-28T12:50:07Z</time>
      </trkpt>
      <trkpt lat="34.33194732414859" lon="109.04022382419275">
        <ele>390.68713209591806</ele>
        <time>2022-04-28T12:50:13Z</time>
      </trkpt>
      <trkpt lat="34.331582894073506" lon="109.04085236191612">
        <ele>389.7945222808048</ele>
        <time>2022-04-28T12:50:19Z</time>
      </trkpt>
      <trkpt lat="34.331216970438945" lon="109.04147160136596">
        <ele>389.4300695518032</ele>
        <time>2022-04-28T12:50:25Z</time>
      </trkpt>
      <trkpt lat="34.33098199783675" lon="109.04191165344278">
        <ele>389.1954973973334</ele>
        <time>2022-04-28T12:50:29Z</time>
      </trkpt>
      <trkpt lat="34.33075661219279" lon="109.04237209355857">
        <ele>389.6528416015208</ele>
        <time>2022-04-28T12:50:33Z</time>
      </trkpt>
      <trkpt lat="34.33065019577713" lon="109.04261246063237">
        <ele>389.4295346820727</ele>
        <time>2022-04-28T12:50:35Z</time>
      </trkpt>
      <trkpt lat="34.33040186087804" lon="109.04304535117433">
        <ele>389.1101474855095</ele>
        <time>2022-04-28T12:50:39Z</time>
      </trkpt>
      <trkpt lat="34.33004728652348" lon="109.04366500748793">
        <ele>390.26221580430865</ele>
        <time>2022-04-28T12:50:45Z</time>
      </trkpt>
      <trkpt lat="34.329690464860825" lon="109.0442749803619">
        <ele>390.4690378624946</ele>
        <time>2022-04-28T12:50:51Z</time>
      </trkpt>
      <trkpt lat="34.329340346775155" lon="109.04487173954925">
        <ele>385.54142306093127</ele>
        <time>2022-04-28T12:50:57Z</time>
      </trkpt>
      <trkpt lat="34.32899518180634" lon="109.04541499553082">
        <ele>388.44656347204</ele>
        <time>2022-04-28T12:51:03Z</time>
      </trkpt>
      <trkpt lat="34.328899258909715" lon="109.04556152092297">
        <ele>388.6086966013536</ele>
        <time>2022-04-28T12:51:05Z</time>
      </trkpt>
      <trkpt lat="34.328889735750415" lon="109.0457110688358">
        <ele>389.2991445083171</ele>
        <time>2022-04-28T12:51:07Z</time>
      </trkpt>
      <trkpt lat="34.32898836762503" lon="109.04577706768032">
        <ele>390.7920896625146</ele>
        <time>2022-04-28T12:51:09Z</time>
      </trkpt>
      <trkpt lat="34.329127474199325" lon="109.04565359234869">
        <ele>389.85848672129214</ele>
        <time>2022-04-28T12:51:11Z</time>
      </trkpt>
      <trkpt lat="34.3294295498512" lon="109.04505850134937">
        <ele>390.32758407946676</ele>
        <time>2022-04-28T12:51:17Z</time>
      </trkpt>
      <trkpt lat="34.3298057262222" lon="109.04443192360344">
        <ele>385.1221235161647</ele>
        <time>2022-04-28T12:51:23Z</time>
      </trkpt>
      <trkpt lat="34.329928839883685" lon="109.04423120774852">
        <ele>386.8050341764465</ele>
        <time>2022-04-28T12:51:25Z</time>
      </trkpt>
      <trkpt lat="34.33002924489779" lon="109.04401615952328">
        <ele>387.80918543133885</ele>
        <time>2022-04-28T12:51:27Z</time>
      </trkpt>
      <trkpt lat="34.330385133157506" lon="109.04341379672955">
        <ele>388.8751879092306</ele>
        <time>2022-04-28T12:51:33Z</time>
      </trkpt>
      <trkpt lat="34.33073591436728" lon="109.04277986888222">
        <ele>390.05210477206856</ele>
        <time>2022-04-28T12:51:39Z</time>
      </trkpt>
      <trkpt lat="34.33108866861038" lon="109.04217429506045">
        <ele>389.9860615404323</ele>
        <time>2022-04-28T12:51:45Z</time>
      </trkpt>
      <trkpt lat="34.33145169747136" lon="109.04156856629977">
        <ele>389.6833170708269</ele>
        <time>2022-04-28T12:51:51Z</time>
      </trkpt>
      <trkpt lat="34.331795315634224" lon="109.04095059511624">
        <ele>390.712514070794</ele>
        <time>2022-04-28T12:51:57Z</time>
      </trkpt>
      <trkpt lat="34.33214470747621" lon="109.04032031138863">
        <ele>390.0094118323177</ele>
        <time>2022-04-28T12:52:03Z</time>
      </trkpt>
      <trkpt lat="34.33249781402684" lon="109.03969460989204">
        <ele>389.8731501689181</ele>
        <time>2022-04-28T12:52:09Z</time>
      </trkpt>
      <trkpt lat="34.332855935116775" lon="109.03906000484473">
        <ele>390.6591128911823</ele>
        <time>2022-04-28T12:52:15Z</time>
      </trkpt>
      <trkpt lat="34.3332212630301" lon="109.03842470214326">
        <ele>389.84910245705396</ele>
        <time>2022-04-28T12:52:21Z</time>
      </trkpt>
      <trkpt lat="34.33358273325959" lon="109.0377834266768">
        <ele>389.6653359392658</ele>
        <time>2022-04-28T12:52:27Z</time>
      </trkpt>
      <trkpt lat="34.33382043783254" lon="109.03734634221543">
        <ele>388.8927074978128</ele>
        <time>2022-04-28T12:52:31Z</time>
      </trkpt>
      <trkpt lat="34.33406354455902" lon="109.03691246058294">
        <ele>389.0604707766324</ele>
        <time>2022-04-28T12:52:35Z</time>
      </trkpt>
      <trkpt lat="34.334317940037344" lon="109.03648666587941">
        <ele>388.5909566404298</ele>
        <time>2022-04-28T12:52:39Z</time>
      </trkpt>
      <trkpt lat="34.33466701941862" lon="109.03583912530212">
        <ele>388.95873991400003</ele>
        <time>2022-04-28T12:52:45Z</time>
      </trkpt>
      <trkpt lat="34.335031544934566" lon="109.03520320529879">
        <ele>388.6502945618704</ele>
        <time>2022-04-28T12:52:51Z</time>
      </trkpt>
      <trkpt lat="34.33540476203677" lon="109.03457495989998">
        <ele>387.789145370014</ele>
        <time>2022-04-28T12:52:57Z</time>
      </trkpt>
      <trkpt lat="34.335762494958665" lon="109.03394724209164">
        <ele>386.856912069954</ele>
        <time>2022-04-28T12:53:03Z</time>
      </trkpt>
      <trkpt lat="34.336113621591586" lon="109.03332976285506">
        <ele>387.3364510489628</ele>
        <time>2022-04-28T12:53:09Z</time>
      </trkpt>
      <trkpt lat="34.336459962115285" lon="109.03271651034736">
        <ele>386.7874008594081</ele>
        <time>2022-04-28T12:53:15Z</time>
      </trkpt>
      <trkpt lat="34.336812118191844" lon="109.03211378663207">
        <ele>386.4079746156931</ele>
        <time>2022-04-28T12:53:21Z</time>
      </trkpt>
      <trkpt lat="34.33715564888652" lon="109.03153994813039">
        <ele>386.6287397323176</ele>
        <time>2022-04-28T12:53:27Z</time>
      </trkpt>
      <trkpt lat="34.33748639496023" lon="109.03093369689272">
        <ele>386.8563772365451</ele>
        <time>2022-04-28T12:53:33Z</time>
      </trkpt>
      <trkpt lat="34.337841763462286" lon="109.03030924573855">
        <ele>386.6807045498863</ele>
        <time>2022-04-28T12:53:39Z</time>
      </trkpt>
      <trkpt lat="34.33818905549871" lon="109.02968149366424">
        <ele>386.4773650057614</ele>
        <time>2022-04-28T12:53:45Z</time>
      </trkpt>
      <trkpt lat="34.33853920259283" lon="109.02907661207297">
        <ele>387.1606773631647</ele>
        <time>2022-04-28T12:53:51Z</time>
      </trkpt>
      <trkpt lat="34.338880953436394" lon="109.02845831574255">
        <ele>387.5571353221312</ele>
        <time>2022-04-28T12:53:57Z</time>
      </trkpt>
      <trkpt lat="34.339230254804264" lon="109.02783865560376">
        <ele>386.756171323359</ele>
        <time>2022-04-28T12:54:03Z</time>
      </trkpt>
      <trkpt lat="34.33931658788882" lon="109.02761869700993">
        <ele>387.104043321684</ele>
        <time>2022-04-28T12:54:05Z</time>
      </trkpt>
      <trkpt lat="34.33954040147741" lon="109.02719547884212">
        <ele>386.3233670908958</ele>
        <time>2022-04-28T12:54:09Z</time>
      </trkpt>
      <trkpt lat="34.33995191445041" lon="109.0266046172218">
        <ele>385.5546184629202</ele>
        <time>2022-04-28T12:54:15Z</time>
      </trkpt>
      <trkpt lat="34.34036722042492" lon="109.02601950989354">
        <ele>386.02380550839007</ele>
        <time>2022-04-28T12:54:21Z</time>
      </trkpt>
      <trkpt lat="34.34077889634261" lon="109.02543800121964">
        <ele>385.228900404647</ele>
        <time>2022-04-28T12:54:27Z</time>
      </trkpt>
      <trkpt lat="34.34119472613189" lon="109.02487592197478">
        <ele>385.4657718036324</ele>
        <time>2022-04-28T12:54:33Z</time>
      </trkpt>
      <trkpt lat="34.34155424592442" lon="109.0244321458755">
        <ele>385.6479035280645</ele>
        <time>2022-04-28T12:54:39Z</time>
      </trkpt>
      <trkpt lat="34.34158107081337" lon="109.02433034090724">
        <ele>384.31259170826524</ele>
        <time>2022-04-28T12:54:41Z</time>
      </trkpt>
      <trkpt lat="34.341531367820195" lon="109.02424281644258">
        <ele>384.6918264776468</ele>
        <time>2022-04-28T12:54:43Z</time>
      </trkpt>
      <trkpt lat="34.34140711640368" lon="109.0242741487237">
        <ele>385.00906299520284</ele>
        <time>2022-04-28T12:54:45Z</time>
      </trkpt>
      <trkpt lat="34.34133971559507" lon="109.02444066900385">
        <ele>384.95704662799835</ele>
        <time>2022-04-28T12:54:47Z</time>
      </trkpt>
      <trkpt lat="34.34094769145193" lon="109.02498171092928">
        <ele>384.3624359043315</ele>
        <time>2022-04-28T12:54:53Z</time>
      </trkpt>
      <trkpt lat="34.34063758952824" lon="109.02537950143375">
        <ele>383.63597637973726</ele>
        <time>2022-04-28T12:54:57Z</time>
      </trkpt>
      <trkpt lat="34.340216584472884" lon="109.02597400778215">
        <ele>385.24701857566833</ele>
        <time>2022-04-28T12:55:03Z</time>
      </trkpt>
      <trkpt lat="34.34006709978408" lon="109.02615282036989">
        <ele>386.14696682523936</ele>
        <time>2022-04-28T12:55:05Z</time>
      </trkpt>
      <trkpt lat="34.33967326293967" lon="109.02671303117128">
        <ele>387.1423503085971</ele>
        <time>2022-04-28T12:55:11Z</time>
      </trkpt>
      <trkpt lat="34.3394151460561" lon="109.02707544115171">
        <ele>386.3401966653764</ele>
        <time>2022-04-28T12:55:15Z</time>
      </trkpt>
      <trkpt lat="34.33930473243717" lon="109.02728190514588">
        <ele>387.04043924435973</ele>
        <time>2022-04-28T12:55:17Z</time>
      </trkpt>
      <trkpt lat="34.338942158071745" lon="109.0278699989036">
        <ele>386.7577963517979</ele>
        <time>2022-04-28T12:55:23Z</time>
      </trkpt>
      <trkpt lat="34.338590952637034" lon="109.02848833937124">
        <ele>386.66275982838124</ele>
        <time>2022-04-28T12:55:29Z</time>
      </trkpt>
      <trkpt lat="34.33822684292987" lon="109.02911676840989">
        <ele>387.2593998750672</ele>
        <time>2022-04-28T12:55:35Z</time>
      </trkpt>
      <trkpt lat="34.337867317793425" lon="109.02976597893634">
        <ele>387.0236302828416</ele>
        <time>2022-04-28T12:55:41Z</time>
      </trkpt>
      <trkpt lat="34.337614059863476" lon="109.03020635089477">
        <ele>387.26698120031506</ele>
        <time>2022-04-28T12:55:45Z</time>
      </trkpt>
      <trkpt lat="34.337366226603294" lon="109.03063666131429">
        <ele>387.169439855963</ele>
        <time>2022-04-28T12:55:49Z</time>
      </trkpt>
      <trkpt lat="34.3370250290931" lon="109.03125888752506">
        <ele>388.01601441483945</ele>
        <time>2022-04-28T12:55:55Z</time>
      </trkpt>
      <trkpt lat="34.3366775414688" lon="109.03185804346275">
        <ele>387.042206030339</ele>
        <time>2022-04-28T12:56:01Z</time>
      </trkpt>
      <trkpt lat="34.336324332122956" lon="109.03244687421143">
        <ele>387.79206776525825</ele>
        <time>2022-04-28T12:56:07Z</time>
      </trkpt>
      <trkpt lat="34.33598078090083" lon="109.03303718766544">
        <ele>387.45565790776163</ele>
        <time>2022-04-28T12:56:13Z</time>
      </trkpt>
      <trkpt lat="34.335639908117194" lon="109.03363900722853">
        <ele>387.59289008099586</ele>
        <time>2022-04-28T12:56:19Z</time>
      </trkpt>
      <trkpt lat="34.335304615868246" lon="109.03424967547846">
        <ele>388.46659211907536</ele>
        <time>2022-04-28T12:56:25Z</time>
      </trkpt>
      <trkpt lat="34.33496588928692" lon="109.03483467063386">
        <ele>388.49692489858717</ele>
        <time>2022-04-28T12:56:31Z</time>
      </trkpt>
      <trkpt lat="34.33462658842034" lon="109.03543786736313">
        <ele>387.94207804929465</ele>
        <time>2022-04-28T12:56:37Z</time>
      </trkpt>
      <trkpt lat="34.334278127246485" lon="109.03605130760913">
        <ele>388.53978945687413</ele>
        <time>2022-04-28T12:56:43Z</time>
      </trkpt>
      <trkpt lat="34.333929049129914" lon="109.03664790063986">
        <ele>386.6894166357815</ele>
        <time>2022-04-28T12:56:49Z</time>
      </trkpt>
      <trkpt lat="34.33359002289255" lon="109.03727171637348">
        <ele>388.036396172829</ele>
        <time>2022-04-28T12:56:55Z</time>
      </trkpt>
      <trkpt lat="34.3334741663303" lon="109.03746360267044">
        <ele>387.75152602326125</ele>
        <time>2022-04-28T12:56:57Z</time>
      </trkpt>
      <trkpt lat="34.33336649809746" lon="109.03769054155364">
        <ele>389.8959207413718</ele>
        <time>2022-04-28T12:56:59Z</time>
      </trkpt>
      <trkpt lat="34.333021177628616" lon="109.03827308276043">
        <ele>388.9522071219981</ele>
        <time>2022-04-28T12:57:05Z</time>
      </trkpt>
      <trkpt lat="34.33269921518642" lon="109.03886116359162">
        <ele>388.71538370475173</ele>
        <time>2022-04-28T12:57:11Z</time>
      </trkpt>
      <trkpt lat="34.33236510165753" lon="109.03945018338247">
        <ele>389.8032870516181</ele>
        <time>2022-04-28T12:57:17Z</time>
      </trkpt>
      <trkpt lat="34.332040217977784" lon="109.04003526921606">
        <ele>391.27025356236845</ele>
        <time>2022-04-28T12:57:23Z</time>
      </trkpt>
      <trkpt lat="34.33172622579967" lon="109.04056338512494">
        <ele>390.48381346743554</ele>
        <time>2022-04-28T12:57:29Z</time>
      </trkpt>
      <trkpt lat="34.33139388870313" lon="109.04112201911562">
        <ele>389.81423615664244</ele>
        <time>2022-04-28T12:57:35Z</time>
      </trkpt>
      <trkpt lat="34.33117217809602" lon="109.04151637178806">
        <ele>389.949056702666</ele>
        <time>2022-04-28T12:57:39Z</time>
      </trkpt>
      <trkpt lat="34.3309835513569" lon="109.04193162974016">
        <ele>389.77348958235234</ele>
        <time>2022-04-28T12:57:43Z</time>
      </trkpt>
      <trkpt lat="34.3306787760408" lon="109.0425148693721">
        <ele>390.0021558916196</ele>
        <time>2022-04-28T12:57:49Z</time>
      </trkpt>
      <trkpt lat="34.33048077865001" lon="109.0429178015032">
        <ele>389.115554231219</ele>
        <time>2022-04-28T12:57:53Z</time>
      </trkpt>
      <trkpt lat="34.330128040132735" lon="109.04348554878696">
        <ele>390.1509481202811</ele>
        <time>2022-04-28T12:57:59Z</time>
      </trkpt>
      <trkpt lat="34.32980144315745" lon="109.04404427372612">
        <ele>389.7244584588334</ele>
        <time>2022-04-28T12:58:05Z</time>
      </trkpt>
      <trkpt lat="34.32946898373962" lon="109.04459374333109">
        <ele>387.58005532529205</ele>
        <time>2022-04-28T12:58:11Z</time>
      </trkpt>
      <trkpt lat="34.32924318325594" lon="109.04495111082605">
        <ele>384.28951166942716</ele>
        <time>2022-04-28T12:58:15Z</time>
      </trkpt>
      <trkpt lat="34.32894273591101" lon="109.04548904840868">
        <ele>389.8025561561808</ele>
        <time>2022-04-28T12:58:21Z</time>
      </trkpt>
      <trkpt lat="34.328882619801576" lon="109.04561344508662">
        <ele>388.05811035074294</ele>
        <time>2022-04-28T12:58:23Z</time>
      </trkpt>
      <trkpt lat="34.328910432410495" lon="109.04574389437096">
        <ele>389.73341321665794</ele>
        <time>2022-04-28T12:58:25Z</time>
      </trkpt>
      <trkpt lat="34.3290005642077" lon="109.045755420282">
        <ele>389.3038234319538</ele>
        <time>2022-04-28T12:58:27Z</time>
      </trkpt>
      <trkpt lat="34.32909264994377" lon="109.04568760058805">
        <ele>389.4796362966299</ele>
        <time>2022-04-28T12:58:29Z</time>
      </trkpt>
      <trkpt lat="34.329172485519386" lon="109.04555563147619">
        <ele>391.4436630755663</ele>
        <time>2022-04-28T12:58:31Z</time>
      </trkpt>
      <trkpt lat="34.329239592401116" lon="109.04539074575123">
        <ele>392.6192158833146</ele>
        <time>2022-04-28T12:58:33Z</time>
      </trkpt>
      <trkpt lat="34.32933369867235" lon="109.04521273664552">
        <ele>392.57241052761674</ele>
        <time>2022-04-28T12:58:35Z</time>
      </trkpt>
      <trkpt lat="34.32965537049875" lon="109.0446823435067">
        <ele>389.51080656424165</ele>
        <time>2022-04-28T12:58:41Z</time>
      </trkpt>
      <trkpt lat="34.32998014975273" lon="109.04415131855679">
        <ele>388.26864030305296</ele>
        <time>2022-04-28T12:58:47Z</time>
      </trkpt>
      <trkpt lat="34.330303282836624" lon="109.043573261709">
        <ele>389.3677721321583</ele>
        <time>2022-04-28T12:58:53Z</time>
      </trkpt>
      <trkpt lat="34.33062907162994" lon="109.04298771260223">
        <ele>389.5084045594558</ele>
        <time>2022-04-28T12:58:59Z</time>
      </trkpt>
      <trkpt lat="34.330954332860884" lon="109.04242192400311">
        <ele>390.6917960746214</ele>
        <time>2022-04-28T12:59:05Z</time>
      </trkpt>
      <trkpt lat="34.3310713381216" lon="109.0422449630242">
        <ele>389.6596907507628</ele>
        <time>2022-04-28T12:59:07Z</time>
      </trkpt>
      <trkpt lat="34.33140996910775" lon="109.04165741640514">
        <ele>391.05389439407736</ele>
        <time>2022-04-28T12:59:13Z</time>
      </trkpt>
      <trkpt lat="34.331741608690535" lon="109.04108744484485">
        <ele>391.3220405820757</ele>
        <time>2022-04-28T12:59:19Z</time>
      </trkpt>
      <trkpt lat="34.33205214771402" lon="109.04051595507862">
        <ele>391.05836114287376</ele>
        <time>2022-04-28T12:59:25Z</time>
      </trkpt>
      <trkpt lat="34.33238063737124" lon="109.03993460399316">
        <ele>389.97001500427723</ele>
        <time>2022-04-28T12:59:31Z</time>
      </trkpt>
      <trkpt lat="34.33271550064601" lon="109.03934430393885">
        <ele>392.354444315657</ele>
        <time>2022-04-28T12:59:37Z</time>
      </trkpt>
      <trkpt lat="34.333048786129844" lon="109.03875437986517">
        <ele>389.4694258151576</ele>
        <time>2022-04-28T12:59:43Z</time>
      </trkpt>
      <trkpt lat="34.33312953852977" lon="109.0385307158352">
        <ele>389.1961499452591</ele>
        <time>2022-04-28T12:59:45Z</time>
      </trkpt>
      <trkpt lat="34.333273300502455" lon="109.0383585671022">
        <ele>389.0406386964023</ele>
        <time>2022-04-28T12:59:47Z</time>
      </trkpt>
      <trkpt lat="34.33359550044785" lon="109.03778603154855">
        <ele>389.2378622153774</ele>
        <time>2022-04-28T12:59:53Z</time>
      </trkpt>
      <trkpt lat="34.33393168689584" lon="109.0371908440253">
        <ele>388.34341432340443</ele>
        <time>2022-04-28T12:59:59Z</time>
      </trkpt>
      <trkpt lat="34.334265626920946" lon="109.03659689806688">
        <ele>388.67117092199624</ele>
        <time>2022-04-28T13:00:05Z</time>
      </trkpt>
      <trkpt lat="34.33459773809015" lon="109.03602159943978">
        <ele>388.2328118039295</ele>
        <time>2022-04-28T13:00:11Z</time>
      </trkpt>
      <trkpt lat="34.334820501374985" lon="109.03564167270522">
        <ele>388.0389204863459</ele>
        <time>2022-04-28T13:00:15Z</time>
      </trkpt>
      <trkpt lat="34.33494584351355" lon="109.03546037395677">
        <ele>388.1714730169624</ele>
        <time>2022-04-28T13:00:17Z</time>
      </trkpt>
      <trkpt lat="34.33503706519048" lon="109.03524890958786">
        <ele>388.2252928102389</ele>
        <time>2022-04-28T13:00:19Z</time>
      </trkpt>
      <trkpt lat="34.33537573146513" lon="109.03466540996143">
        <ele>388.4573337091133</ele>
        <time>2022-04-28T13:00:25Z</time>
      </trkpt>
      <trkpt lat="34.335700671330855" lon="109.03405996482971">
        <ele>388.07364767603576</ele>
        <time>2022-04-28T13:00:31Z</time>
      </trkpt>
      <trkpt lat="34.336039789758175" lon="109.03348314676353">
        <ele>388.25766336452216</ele>
        <time>2022-04-28T13:00:37Z</time>
      </trkpt>
      <trkpt lat="34.336370727438286" lon="109.03289912081853">
        <ele>388.7339045563713</ele>
        <time>2022-04-28T13:00:43Z</time>
      </trkpt>
      <trkpt lat="34.33669645313487" lon="109.03230939414793">
        <ele>387.8859818056226</ele>
        <time>2022-04-28T13:00:49Z</time>
      </trkpt>
      <trkpt lat="34.33705146736875" lon="109.03168299434677">
        <ele>388.18381183128804</ele>
        <time>2022-04-28T13:00:55Z</time>
      </trkpt>
      <trkpt lat="34.33740717604895" lon="109.03105310626854">
        <ele>387.82855010125786</ele>
        <time>2022-04-28T13:01:01Z</time>
      </trkpt>
      <trkpt lat="34.33776106753492" lon="109.03040390165054">
        <ele>387.9747899360955</ele>
        <time>2022-04-28T13:01:07Z</time>
      </trkpt>
      <trkpt lat="34.33799756892992" lon="109.02996786551992">
        <ele>387.9159904876724</ele>
        <time>2022-04-28T13:01:11Z</time>
      </trkpt>
      <trkpt lat="34.33835015282116" lon="109.0293608230844">
        <ele>387.40376592054963</ele>
        <time>2022-04-28T13:01:17Z</time>
      </trkpt>
      <trkpt lat="34.33869534168068" lon="109.02873518063252">
        <ele>388.8225804641843</ele>
        <time>2022-04-28T13:01:23Z</time>
      </trkpt>
      <trkpt lat="34.33893305360083" lon="109.02833533328733">
        <ele>387.88284937664866</ele>
        <time>2022-04-28T13:01:27Z</time>
      </trkpt>
      <trkpt lat="34.33921840821403" lon="109.02768643026289">
        <ele>387.37418537866324</ele>
        <time>2022-04-28T13:01:33Z</time>
      </trkpt>
      <trkpt lat="34.339601822934064" lon="109.0271166556494">
        <ele>386.38929877243936</ele>
        <time>2022-04-28T13:01:39Z</time>
      </trkpt>
      <trkpt lat="34.340008316983756" lon="109.02655894546743">
        <ele>386.2419941229746</ele>
        <time>2022-04-28T13:01:45Z</time>
      </trkpt>
      <trkpt lat="34.34041550283362" lon="109.0259804119762">
        <ele>386.08256244659424</ele>
        <time>2022-04-28T13:01:51Z</time>
      </trkpt>
      <trkpt lat="34.340827925375855" lon="109.02540812150686">
        <ele>386.048248231411</ele>
        <time>2022-04-28T13:01:57Z</time>
      </trkpt>
      <trkpt lat="34.34123670846085" lon="109.02483096427568">
        <ele>386.0732340551913</ele>
        <time>2022-04-28T13:02:03Z</time>
      </trkpt>
      <trkpt lat="34.341373702114595" lon="109.02464797051914">
        <ele>387.04918726626784</ele>
        <time>2022-04-28T13:02:05Z</time>
      </trkpt>
      <trkpt lat="34.341513042422065" lon="109.02449454322675">
        <ele>385.8460230026394</ele>
        <time>2022-04-28T13:02:07Z</time>
      </trkpt>
      <trkpt lat="34.34159829974011" lon="109.02433494075292">
        <ele>385.239220562391</ele>
        <time>2022-04-28T13:02:09Z</time>
      </trkpt>
      <trkpt lat="34.3415799674321" lon="109.02418666105048">
        <ele>385.35589949879795</ele>
        <time>2022-04-28T13:02:11Z</time>
      </trkpt>
      <trkpt lat="34.34147184603418" lon="109.02417109675392">
        <ele>385.83873180672526</ele>
        <time>2022-04-28T13:02:13Z</time>
      </trkpt>
      <trkpt lat="34.341375063681134" lon="109.02426933879272">
        <ele>385.47424744069576</ele>
        <time>2022-04-28T13:02:15Z</time>
      </trkpt>
      <trkpt lat="34.34119315144337" lon="109.02457059970081">
        <ele>385.1847989792004</ele>
        <time>2022-04-28T13:02:19Z</time>
      </trkpt>
      <trkpt lat="34.34111016071858" lon="109.02474217362919">
        <ele>385.86717673484236</ele>
        <time>2022-04-28T13:02:21Z</time>
      </trkpt>
      <trkpt lat="34.34095152800288" lon="109.02489464748703">
        <ele>385.35929498262703</ele>
        <time>2022-04-28T13:02:23Z</time>
      </trkpt>
      <trkpt lat="34.340566143130374" lon="109.02543858206293">
        <ele>385.08847974799573</ele>
        <time>2022-04-28T13:02:29Z</time>
      </trkpt>
      <trkpt lat="34.34019610800537" lon="109.02597349232612">
        <ele>385.8791971569881</ele>
        <time>2022-04-28T13:02:35Z</time>
      </trkpt>
      <trkpt lat="34.339804561373846" lon="109.02648369969594">
        <ele>386.2101124720648</ele>
        <time>2022-04-28T13:02:41Z</time>
      </trkpt>
      <trkpt lat="34.33943663470903" lon="109.02702251053562">
        <ele>386.2936249021441</ele>
        <time>2022-04-28T13:02:47Z</time>
      </trkpt>
      <trkpt lat="34.33918937686157" lon="109.0273801105373">
        <ele>386.43389266356826</ele>
        <time>2022-04-28T13:02:51Z</time>
      </trkpt>
      <trkpt lat="34.33885901118802" lon="109.02795099423469">
        <ele>385.4084041463211</ele>
        <time>2022-04-28T13:02:57Z</time>
      </trkpt>
      <trkpt lat="34.33852565020172" lon="109.0285486188972">
        <ele>386.3170743463561</ele>
        <time>2022-04-28T13:03:03Z</time>
      </trkpt>
      <trkpt lat="34.338192828961986" lon="109.02915683148883">
        <ele>386.5627801408991</ele>
        <time>2022-04-28T13:03:09Z</time>
      </trkpt>
      <trkpt lat="34.337842578468255" lon="109.0297562745042">
        <ele>386.3248078748584</ele>
        <time>2022-04-28T13:03:15Z</time>
      </trkpt>
      <trkpt lat="34.33749411372039" lon="109.03035923110664">
        <ele>385.8792258426547</ele>
        <time>2022-04-28T13:03:21Z</time>
      </trkpt>
      <trkpt lat="34.33715837297062" lon="109.03096981775978">
        <ele>387.1003287350759</ele>
        <time>2022-04-28T13:03:27Z</time>
      </trkpt>
      <trkpt lat="34.33692881924211" lon="109.03136066241304">
        <ele>387.13546962384135</ele>
        <time>2022-04-28T13:03:31Z</time>
      </trkpt>
      <trkpt lat="34.33660974853707" lon="109.03195549975347">
        <ele>386.98819008283317</ele>
        <time>2022-04-28T13:03:37Z</time>
      </trkpt>
      <trkpt lat="34.3362734773205" lon="109.03253664948262">
        <ele>386.53677430190146</ele>
        <time>2022-04-28T13:03:43Z</time>
      </trkpt>
      <trkpt lat="34.335943109517146" lon="109.0331163216675">
        <ele>386.8132120585069</ele>
        <time>2022-04-28T13:03:49Z</time>
      </trkpt>
      <trkpt lat="34.33562422562685" lon="109.03369282508592">
        <ele>387.1236799582839</ele>
        <time>2022-04-28T13:03:55Z</time>
      </trkpt>
      <trkpt lat="34.335303117373954" lon="109.03426505961048">
        <ele>387.68188832048327</ele>
        <time>2022-04-28T13:04:01Z</time>
      </trkpt>
      <trkpt lat="34.334975403044844" lon="109.03482675205625">
        <ele>387.88948396313936</ele>
        <time>2022-04-28T13:04:07Z</time>
      </trkpt>
      <trkpt lat="34.33465694144263" lon="109.03541055968581">
        <ele>388.1307412078604</ele>
        <time>2022-04-28T13:04:13Z</time>
      </trkpt>
      <trkpt lat="34.33431281659247" lon="109.0359854509125">
        <ele>387.83861670456827</ele>
        <time>2022-04-28T13:04:19Z</time>
      </trkpt>
      <trkpt lat="34.333971410106805" lon="109.03656500275987">
        <ele>387.71130752563477</ele>
        <time>2022-04-28T13:04:25Z</time>
      </trkpt>
      <trkpt lat="34.33385429553535" lon="109.03675837168072">
        <ele>388.3313780790195</ele>
        <time>2022-04-28T13:04:27Z</time>
      </trkpt>
      <trkpt lat="34.3335343594485" lon="109.03737477012693">
        <ele>389.0364198451862</ele>
        <time>2022-04-28T13:04:33Z</time>
      </trkpt>
      <trkpt lat="34.33320072313343" lon="109.03796070826807">
        <ele>390.03928969986737</ele>
        <time>2022-04-28T13:04:39Z</time>
      </trkpt>
      <trkpt lat="34.33297271147613" lon="109.03834163318794">
        <ele>389.89711451530457</ele>
        <time>2022-04-28T13:04:43Z</time>
      </trkpt>
      <trkpt lat="34.33287069663535" lon="109.03854034312714">
        <ele>389.41718303691596</ele>
        <time>2022-04-28T13:04:45Z</time>
      </trkpt>
      <trkpt lat="34.33270567742899" lon="109.03868730160652">
        <ele>389.15200383681804</ele>
        <time>2022-04-28T13:04:47Z</time>
      </trkpt>
      <trkpt lat="34.33264744931824" lon="109.03893035739574">
        <ele>388.9179062573239</ele>
        <time>2022-04-28T13:04:49Z</time>
      </trkpt>
      <trkpt lat="34.33231856694738" lon="109.0395033865855">
        <ele>389.2196794087067</ele>
        <time>2022-04-28T13:04:55Z</time>
      </trkpt>
      <trkpt lat="34.331999881905446" lon="109.04007924467494">
        <ele>390.70197986159474</ele>
        <time>2022-04-28T13:05:01Z</time>
      </trkpt>
      <trkpt lat="34.33167820390354" lon="109.04063701342912">
        <ele>390.5286499597132</ele>
        <time>2022-04-28T13:05:07Z</time>
      </trkpt>
      <trkpt lat="34.331348512037415" lon="109.04121456435983">
        <ele>389.55621839966625</ele>
        <time>2022-04-28T13:05:13Z</time>
      </trkpt>
      <trkpt lat="34.33113628276332" lon="109.04160661397157">
        <ele>389.92222446762025</ele>
        <time>2022-04-28T13:05:17Z</time>
      </trkpt>
      <trkpt lat="34.330887342161425" lon="109.0422056353984">
        <ele>389.48053957521915</ele>
        <time>2022-04-28T13:05:23Z</time>
      </trkpt>
      <trkpt lat="34.330591163721614" lon="109.04272541520506">
        <ele>389.726135738194</ele>
        <time>2022-04-28T13:05:29Z</time>
      </trkpt>
      <trkpt lat="34.33029142157973" lon="109.04321415871546">
        <ele>389.9432559227571</ele>
        <time>2022-04-28T13:05:35Z</time>
      </trkpt>
      <trkpt lat="34.32999358078093" lon="109.04371539946905">
        <ele>389.09882841072977</ele>
        <time>2022-04-28T13:05:41Z</time>
      </trkpt>
      <trkpt lat="34.32967611665277" lon="109.04426702122328">
        <ele>389.8099025133997</ele>
        <time>2022-04-28T13:05:47Z</time>
      </trkpt>
      <trkpt lat="34.329375377929054" lon="109.04476113815393">
        <ele>385.6825697887689</ele>
        <time>2022-04-28T13:05:53Z</time>
      </trkpt>
      <trkpt lat="34.32909073954496" lon="109.04525841276286">
        <ele>386.48419962171465</ele>
        <time>2022-04-28T13:05:59Z</time>
      </trkpt>
      <trkpt lat="34.32891794785407" lon="109.04553962971916">
        <ele>389.3820128310472</ele>
        <time>2022-04-28T13:06:03Z</time>
      </trkpt>
      <trkpt lat="34.3288971333747" lon="109.04567372397806">
        <ele>391.3562853867188</ele>
        <time>2022-04-28T13:06:05Z</time>
      </trkpt>
      <trkpt lat="34.328979097085956" lon="109.045737199079">
        <ele>390.58911159355193</ele>
        <time>2022-04-28T13:06:07Z</time>
      </trkpt>
      <trkpt lat="34.32909048578909" lon="109.04568252060756">
        <ele>390.9751035468653</ele>
        <time>2022-04-28T13:06:09Z</time>
      </trkpt>
      <trkpt lat="34.32934808608579" lon="109.04518688130194">
        <ele>392.47731306310743</ele>
        <time>2022-04-28T13:06:15Z</time>
      </trkpt>
      <trkpt lat="34.329662190885095" lon="109.0446724216644">
        <ele>386.9960053116083</ele>
        <time>2022-04-28T13:06:21Z</time>
      </trkpt>
      <trkpt lat="34.3299777699546" lon="109.04412567910765">
        <ele>388.3431112067774</ele>
        <time>2022-04-28T13:06:27Z</time>
      </trkpt>
      <trkpt lat="34.33029897834216" lon="109.04355593252134">
        <ele>389.6890312740579</ele>
        <time>2022-04-28T13:06:33Z</time>
      </trkpt>
      <trkpt lat="34.33062471895232" lon="109.04298548067688">
        <ele>389.79680035822093</ele>
        <time>2022-04-28T13:06:39Z</time>
      </trkpt>
      <trkpt lat="34.33094642140901" lon="109.04241392203654">
        <ele>389.59527928661555</ele>
        <time>2022-04-28T13:06:45Z</time>
      </trkpt>
      <trkpt lat="34.33127676737242" lon="109.04185121367924">
        <ele>390.3927529156208</ele>
        <time>2022-04-28T13:06:51Z</time>
      </trkpt>
      <trkpt lat="34.33157441870844" lon="109.04132672487916">
        <ele>390.98615703359246</ele>
        <time>2022-04-28T13:06:57Z</time>
      </trkpt>
      <trkpt lat="34.33186408186471" lon="109.04084335664862">
        <ele>390.44239983614534</ele>
        <time>2022-04-28T13:07:03Z</time>
      </trkpt>
      <trkpt lat="34.33216502211909" lon="109.04032459636761">
        <ele>390.1243373481557</ele>
        <time>2022-04-28T13:07:09Z</time>
      </trkpt>
      <trkpt lat="34.33248181594117" lon="109.03977537574004">
        <ele>389.8898570481688</ele>
        <time>2022-04-28T13:07:15Z</time>
      </trkpt>
      <trkpt lat="34.33281375833695" lon="109.03917451027851">
        <ele>390.03875811956823</ele>
        <time>2022-04-28T13:07:21Z</time>
      </trkpt>
      <trkpt lat="34.333149270216204" lon="109.03858726210221">
        <ele>389.0627377294004</ele>
        <time>2022-04-28T13:07:27Z</time>
      </trkpt>
      <trkpt lat="34.333478847607616" lon="109.03800371235427">
        <ele>389.08002708107233</ele>
        <time>2022-04-28T13:07:33Z</time>
      </trkpt>
      <trkpt lat="34.333804323413595" lon="109.03741968807678">
        <ele>389.4801390096545</ele>
        <time>2022-04-28T13:07:39Z</time>
      </trkpt>
      <trkpt lat="34.3339139782848" lon="109.03719576672647">
        <ele>389.398685220629</ele>
        <time>2022-04-28T13:07:41Z</time>
      </trkpt>
      <trkpt lat="34.334255930748" lon="109.03659942440875">
        <ele>389.32325185090303</ele>
        <time>2022-04-28T13:07:47Z</time>
      </trkpt>
      <trkpt lat="34.334593702627224" lon="109.03604181939707">
        <ele>388.96122653316706</ele>
        <time>2022-04-28T13:07:53Z</time>
      </trkpt>
      <trkpt lat="34.33491805862662" lon="109.03547104623645">
        <ele>388.8196560945362</ele>
        <time>2022-04-28T13:07:59Z</time>
      </trkpt>
      <trkpt lat="34.33524680152861" lon="109.03488722811163">
        <ele>388.3169054929167</ele>
        <time>2022-04-28T13:08:05Z</time>
      </trkpt>
      <trkpt lat="34.3355853339122" lon="109.03429183989996">
        <ele>388.51421112567186</ele>
        <time>2022-04-28T13:08:11Z</time>
      </trkpt>
      <trkpt lat="34.33591896121622" lon="109.03369796342476">
        <ele>387.5664500882849</ele>
        <time>2022-04-28T13:08:17Z</time>
      </trkpt>
      <trkpt lat="34.33625241406663" lon="109.03309864611997">
        <ele>388.35669714119285</ele>
        <time>2022-04-28T13:08:23Z</time>
      </trkpt>
      <trkpt lat="34.336582189522524" lon="109.0325004779839">
        <ele>388.2018896220252</ele>
        <time>2022-04-28T13:08:29Z</time>
      </trkpt>
      <trkpt lat="34.336911382476934" lon="109.03193705750535">
        <ele>387.7576026376337</ele>
        <time>2022-04-28T13:08:35Z</time>
      </trkpt>
      <trkpt lat="34.337242618549304" lon="109.0313415282516">
        <ele>387.64906805567443</ele>
        <time>2022-04-28T13:08:41Z</time>
      </trkpt>
      <trkpt lat="34.337596046972045" lon="109.03073459573578">
        <ele>387.96481863968074</ele>
        <time>2022-04-28T13:08:47Z</time>
      </trkpt>
      <trkpt lat="34.33792875477339" lon="109.03015047900496">
        <ele>388.1794299008325</ele>
        <time>2022-04-28T13:08:53Z</time>
      </trkpt>
      <trkpt lat="34.338261157510864" lon="109.02956712787396">
        <ele>387.76286728773266</ele>
        <time>2022-04-28T13:08:59Z</time>
      </trkpt>
      <trkpt lat="34.33858557876338" lon="109.02899181404278">
        <ele>387.7862907452509</ele>
        <time>2022-04-28T13:09:05Z</time>
      </trkpt>
      <trkpt lat="34.33889999306704" lon="109.02842041752264">
        <ele>388.3753326497972</ele>
        <time>2022-04-28T13:09:11Z</time>
      </trkpt>
      <trkpt lat="34.33909017087524" lon="109.02803889685242">
        <ele>386.01030299719423</ele>
        <time>2022-04-28T13:09:15Z</time>
      </trkpt>
      <trkpt lat="34.33916477085066" lon="109.02782973267772">
        <ele>387.4041113369167</ele>
        <time>2022-04-28T13:09:17Z</time>
      </trkpt>
      <trkpt lat="34.339271111814426" lon="109.02763315715013">
        <ele>386.56620800308883</ele>
        <time>2022-04-28T13:09:19Z</time>
      </trkpt>
      <trkpt lat="34.3394264882128" lon="109.02747374353696">
        <ele>386.6591277755797</ele>
        <time>2022-04-28T13:09:21Z</time>
      </trkpt>
      <trkpt lat="34.33980833496864" lon="109.0269277726433">
        <ele>385.32385553698987</ele>
        <time>2022-04-28T13:09:27Z</time>
      </trkpt>
      <trkpt lat="34.34021065924426" lon="109.02636439616488">
        <ele>384.6423740889877</ele>
        <time>2022-04-28T13:09:33Z</time>
      </trkpt>
      <trkpt lat="34.34046830062633" lon="109.02600363354955">
        <ele>384.37678414583206</ele>
        <time>2022-04-28T13:09:37Z</time>
      </trkpt>
      <trkpt lat="34.34057157967211" lon="109.02578970291088">
        <ele>384.41439764387906</ele>
        <time>2022-04-28T13:09:39Z</time>
      </trkpt>
      <trkpt lat="34.3409613414326" lon="109.02522916610289">
        <ele>385.5777881378308</ele>
        <time>2022-04-28T13:09:45Z</time>
      </trkpt>
      <trkpt lat="34.34135006459916" lon="109.02467561864049">
        <ele>386.5570018477738</ele>
        <time>2022-04-28T13:09:51Z</time>
      </trkpt>
      <trkpt lat="34.34158064949352" lon="109.02438768913694">
        <ele>386.4257843885571</ele>
        <time>2022-04-28T13:09:55Z</time>
      </trkpt>
      <trkpt lat="34.34162046881387" lon="109.02425379034013">
        <ele>385.9732544599101</ele>
        <time>2022-04-28T13:09:57Z</time>
      </trkpt>
      <trkpt lat="34.341586061897594" lon="109.02412897885398">
        <ele>385.2686233436689</ele>
        <time>2022-04-28T13:09:59Z</time>
      </trkpt>
      <trkpt lat="34.34149908792554" lon="109.02412108071417">
        <ele>385.51485085859895</ele>
        <time>2022-04-28T13:10:01Z</time>
      </trkpt>
      <trkpt lat="34.34145710851896" lon="109.02428638676209">
        <ele>385.49485457967967</ele>
        <time>2022-04-28T13:10:03Z</time>
      </trkpt>
      <trkpt lat="34.34113912370619" lon="109.02470335113739">
        <ele>385.5731230266392</ele>
        <time>2022-04-28T13:10:09Z</time>
      </trkpt>
      <trkpt lat="34.34076759507833" lon="109.02520137959863">
        <ele>385.45874793548137</ele>
        <time>2022-04-28T13:10:15Z</time>
      </trkpt>
      <trkpt lat="34.340662409350415" lon="109.02536759879862">
        <ele>385.1108362292871</ele>
        <time>2022-04-28T13:10:17Z</time>
      </trkpt>
      <trkpt lat="34.34028684452707" lon="109.02583918552972">
        <ele>385.487151321955</ele>
        <time>2022-04-28T13:10:23Z</time>
      </trkpt>
      <trkpt lat="34.33991165945607" lon="109.02634064425877">
        <ele>385.1185387466103</ele>
        <time>2022-04-28T13:10:29Z</time>
      </trkpt>
      <trkpt lat="34.33955442518958" lon="109.02686303826952">
        <ele>386.43442670907825</ele>
        <time>2022-04-28T13:10:35Z</time>
      </trkpt>
      <trkpt lat="34.339193034352434" lon="109.02737127850699">
        <ele>386.1474630078301</ele>
        <time>2022-04-28T13:10:41Z</time>
      </trkpt>
      <trkpt lat="34.33883849492447" lon="109.02792913145697">
        <ele>386.1306322263554</ele>
        <time>2022-04-28T13:10:47Z</time>
      </trkpt>
      <trkpt lat="34.33852295456048" lon="109.0285289547826">
        <ele>387.77572434581816</ele>
        <time>2022-04-28T13:10:53Z</time>
      </trkpt>
      <trkpt lat="34.33841101938035" lon="109.02871736745385">
        <ele>386.58950952626765</ele>
        <time>2022-04-28T13:10:55Z</time>
      </trkpt>
      <trkpt lat="34.33805055477133" lon="109.02933579797184">
        <ele>387.9863225603476</ele>
        <time>2022-04-28T13:11:01Z</time>
      </trkpt>
      <trkpt lat="34.337713784698785" lon="109.0299475661892">
        <ele>387.12504138145596</ele>
        <time>2022-04-28T13:11:07Z</time>
      </trkpt>
      <trkpt lat="34.33737126187217" lon="109.03056066339104">
        <ele>387.2352678431198</ele>
        <time>2022-04-28T13:11:13Z</time>
      </trkpt>
      <trkpt lat="34.33703343369782" lon="109.03116623159889">
        <ele>385.9495245181024</ele>
        <time>2022-04-28T13:11:19Z</time>
      </trkpt>
      <trkpt lat="34.336706508250565" lon="109.03175675415878">
        <ele>387.4635070571676</ele>
        <time>2022-04-28T13:11:25Z</time>
      </trkpt>
      <trkpt lat="34.336380345371744" lon="109.0323452946559">
        <ele>387.4795713229105</ele>
        <time>2022-04-28T13:11:31Z</time>
      </trkpt>
      <trkpt lat="34.336049700906116" lon="109.03293424366035">
        <ele>386.3221276719123</ele>
        <time>2022-04-28T13:11:37Z</time>
      </trkpt>
      <trkpt lat="34.33571525435752" lon="109.03355113463651">
        <ele>388.66747422143817</ele>
        <time>2022-04-28T13:11:43Z</time>
      </trkpt>
      <trkpt lat="34.33537972830192" lon="109.03414014283611">
        <ele>388.5496552446857</ele>
        <time>2022-04-28T13:11:49Z</time>
      </trkpt>
      <trkpt lat="34.33503234438486" lon="109.03473975522623">
        <ele>388.27374561782926</ele>
        <time>2022-04-28T13:11:55Z</time>
      </trkpt>
      <trkpt lat="34.33469128929246" lon="109.03532385008872">
        <ele>386.8558270884678</ele>
        <time>2022-04-28T13:12:01Z</time>
      </trkpt>
      <trkpt lat="34.334345859938395" lon="109.03591888417567">
        <ele>387.43271781876683</ele>
        <time>2022-04-28T13:12:07Z</time>
      </trkpt>
      <trkpt lat="34.333999667890346" lon="109.03652349602072">
        <ele>387.6907098265365</ele>
        <time>2022-04-28T13:12:13Z</time>
      </trkpt>
      <trkpt lat="34.33364455526729" lon="109.03712425430683">
        <ele>388.64418956730515</ele>
        <time>2022-04-28T13:12:19Z</time>
      </trkpt>
      <trkpt lat="34.33329108758434" lon="109.03774096760453">
        <ele>390.0946830846369</ele>
        <time>2022-04-28T13:12:25Z</time>
      </trkpt>
      <trkpt lat="34.3329485896664" lon="109.03833956069838">
        <ele>387.81953164655715</ele>
        <time>2022-04-28T13:12:31Z</time>
      </trkpt>
      <trkpt lat="34.33262749134726" lon="109.03893312752729">
        <ele>389.28095364104956</ele>
        <time>2022-04-28T13:12:37Z</time>
      </trkpt>
      <trkpt lat="34.33230826278107" lon="109.03950553292006">
        <ele>389.0099845994264</ele>
        <time>2022-04-28T13:12:43Z</time>
      </trkpt>
      <trkpt lat="34.331979493793646" lon="109.04007628053861">
        <ele>389.86618053913116</ele>
        <time>2022-04-28T13:12:49Z</time>
      </trkpt>
      <trkpt lat="34.33165139804129" lon="109.04065610574058">
        <ele>390.0009201094508</ele>
        <time>2022-04-28T13:12:55Z</time>
      </trkpt>
      <trkpt lat="34.331319969397285" lon="109.04123434713732">
        <ele>388.85772452224046</ele>
        <time>2022-04-28T13:13:01Z</time>
      </trkpt>
      <trkpt lat="34.331143323392745" lon="109.04168419909824">
        <ele>390.42044062446803</ele>
        <time>2022-04-28T13:13:05Z</time>
      </trkpt>
      <trkpt lat="34.33093044520316" lon="109.0420920251471">
        <ele>389.262932151556</ele>
        <time>2022-04-28T13:13:09Z</time>
      </trkpt>
      <trkpt lat="34.33059408122057" lon="109.04267298043195">
        <ele>388.7683504950255</ele>
        <time>2022-04-28T13:13:15Z</time>
      </trkpt>
      <trkpt lat="34.33025966556833" lon="109.04325738008592">
        <ele>389.1237101284787</ele>
        <time>2022-04-28T13:13:21Z</time>
      </trkpt>
      <trkpt lat="34.329930495187455" lon="109.0438315499656">
        <ele>389.9104047315195</ele>
        <time>2022-04-28T13:13:27Z</time>
      </trkpt>
      <trkpt lat="34.3296003292802" lon="109.04438757473446">
        <ele>389.2346501760185</ele>
        <time>2022-04-28T13:13:33Z</time>
      </trkpt>
      <trkpt lat="34.32927391741204" lon="109.04493557861846">
        <ele>385.4172654245049</ele>
        <time>2022-04-28T13:13:39Z</time>
      </trkpt>
      <trkpt lat="34.32894658852894" lon="109.04545917997429">
        <ele>389.32469599694014</ele>
        <time>2022-04-28T13:13:45Z</time>
      </trkpt>
      <trkpt lat="34.328885688985956" lon="109.0456068862649">
        <ele>388.9955486692488</ele>
        <time>2022-04-28T13:13:47Z</time>
      </trkpt>
      <trkpt lat="34.32892515755055" lon="109.04573790204012">
        <ele>389.85161359235644</ele>
        <time>2022-04-28T13:13:49Z</time>
      </trkpt>
      <trkpt lat="34.3290358025096" lon="109.0457382525158">
        <ele>390.3973379461095</ele>
        <time>2022-04-28T13:13:51Z</time>
      </trkpt>
      <trkpt lat="34.32913882846277" lon="109.04563357195143">
        <ele>391.32125045266</ele>
        <time>2022-04-28T13:13:53Z</time>
      </trkpt>
      <trkpt lat="34.32930017421569" lon="109.04528890422134">
        <ele>391.76484982762486</ele>
        <time>2022-04-28T13:13:57Z</time>
      </trkpt>
      <trkpt lat="34.3296550287512" lon="109.0446981494302">
        <ele>387.5093902312219</ele>
        <time>2022-04-28T13:14:03Z</time>
      </trkpt>
      <trkpt lat="34.3300095897142" lon="109.04406850544487">
        <ele>388.8691609259695</ele>
        <time>2022-04-28T13:14:09Z</time>
      </trkpt>
      <trkpt lat="34.33035706369844" lon="109.0434667837832">
        <ele>389.7976588718593</ele>
        <time>2022-04-28T13:14:15Z</time>
      </trkpt>
      <trkpt lat="34.330683351032796" lon="109.04288953500847">
        <ele>390.5455195559189</ele>
        <time>2022-04-28T13:14:21Z</time>
      </trkpt>
      <trkpt lat="34.331004818227385" lon="109.04234426656188">
        <ele>390.5838760295883</ele>
        <time>2022-04-28T13:14:27Z</time>
      </trkpt>
      <trkpt lat="34.33133666170654" lon="109.04175996037343">
        <ele>390.53891851659864</ele>
        <time>2022-04-28T13:14:33Z</time>
      </trkpt>
      <trkpt lat="34.331670965479375" lon="109.0411479767145">
        <ele>390.7753571914509</ele>
        <time>2022-04-28T13:14:39Z</time>
      </trkpt>
      <trkpt lat="34.332011247374965" lon="109.04055918752698">
        <ele>390.4164741123095</ele>
        <time>2022-04-28T13:14:45Z</time>
      </trkpt>
      <trkpt lat="34.332342897287454" lon="109.03995433119375">
        <ele>391.2065141880885</ele>
        <time>2022-04-28T13:14:51Z</time>
      </trkpt>
      <trkpt lat="34.33267805341323" lon="109.0393902314207">
        <ele>390.7618259927258</ele>
        <time>2022-04-28T13:14:57Z</time>
      </trkpt>
      <trkpt lat="34.33302220697883" lon="109.03879513330646">
        <ele>389.3819411210716</ele>
        <time>2022-04-28T13:15:03Z</time>
      </trkpt>
      <trkpt lat="34.33337095779212" lon="109.0381907896888">
        <ele>389.583904158324</ele>
        <time>2022-04-28T13:15:09Z</time>
      </trkpt>
      <trkpt lat="34.333714098317685" lon="109.03756460622066">
        <ele>389.4868804598227</ele>
        <time>2022-04-28T13:15:15Z</time>
      </trkpt>
      <trkpt lat="34.333961130481605" lon="109.03713318241499">
        <ele>389.2169278021902</ele>
        <time>2022-04-28T13:15:19Z</time>
      </trkpt>
      <trkpt lat="34.3343100809102" lon="109.03649393588199">
        <ele>389.10897110775113</ele>
        <time>2022-04-28T13:15:25Z</time>
      </trkpt>
      <trkpt lat="34.33465932800023" lon="109.0359015230553">
        <ele>389.3736686659977</ele>
        <time>2022-04-28T13:15:31Z</time>
      </trkpt>
      <trkpt lat="34.33499032383651" lon="109.03531504915094">
        <ele>388.8486629165709</ele>
        <time>2022-04-28T13:15:37Z</time>
      </trkpt>
      <trkpt lat="34.335333937026334" lon="109.03472426127237">
        <ele>388.29689026996493</ele>
        <time>2022-04-28T13:15:43Z</time>
      </trkpt>
      <trkpt lat="34.33566568721161" lon="109.03412970896942">
        <ele>388.3490938330069</ele>
        <time>2022-04-28T13:15:49Z</time>
      </trkpt>
      <trkpt lat="34.33600176625144" lon="109.0335413817453">
        <ele>388.75373418815434</ele>
        <time>2022-04-28T13:15:55Z</time>
      </trkpt>
      <trkpt lat="34.33634761573421" lon="109.03294370340231">
        <ele>388.2997134029865</ele>
        <time>2022-04-28T13:16:01Z</time>
      </trkpt>
      <trkpt lat="34.33667700490066" lon="109.03235503291731">
        <ele>387.39254069142044</ele>
        <time>2022-04-28T13:16:07Z</time>
      </trkpt>
      <trkpt lat="34.337002217817435" lon="109.03176034007924">
        <ele>387.1507108071819</ele>
        <time>2022-04-28T13:16:13Z</time>
      </trkpt>
      <trkpt lat="34.33734568571451" lon="109.03115819028706">
        <ele>387.36911098845303</ele>
        <time>2022-04-28T13:16:19Z</time>
      </trkpt>
      <trkpt lat="34.33769788737922" lon="109.03054360802504">
        <ele>387.7909249579534</ele>
        <time>2022-04-28T13:16:25Z</time>
      </trkpt>
      <trkpt lat="34.338028963445076" lon="109.02995464485035">
        <ele>387.6259139338508</ele>
        <time>2022-04-28T13:16:31Z</time>
      </trkpt>
      <trkpt lat="34.338361469591966" lon="109.02937963691684">
        <ele>387.76609201170504</ele>
        <time>2022-04-28T13:16:37Z</time>
      </trkpt>
      <trkpt lat="34.33867499460907" lon="109.02880693543588">
        <ele>388.04248882085085</ele>
        <time>2022-04-28T13:16:43Z</time>
      </trkpt>
      <trkpt lat="34.33898724739232" lon="109.02824176352682">
        <ele>387.90795451030135</ele>
        <time>2022-04-28T13:16:49Z</time>
      </trkpt>
      <trkpt lat="34.339262893647785" lon="109.0276185706384">
        <ele>386.7795819994062</ele>
        <time>2022-04-28T13:16:55Z</time>
      </trkpt>
      <trkpt lat="34.33966188167754" lon="109.02704173067951">
        <ele>385.51944755390286</ele>
        <time>2022-04-28T13:17:01Z</time>
      </trkpt>
      <trkpt lat="34.34007175192151" lon="109.02645219211801">
        <ele>385.4050117498264</ele>
        <time>2022-04-28T13:17:07Z</time>
      </trkpt>
      <trkpt lat="34.34048465679049" lon="109.02589171121696">
        <ele>384.78874944057316</ele>
        <time>2022-04-28T13:17:13Z</time>
      </trkpt>
      <trkpt lat="34.340874673972685" lon="109.02530372589193">
        <ele>385.86803593859076</ele>
        <time>2022-04-28T13:17:19Z</time>
      </trkpt>
      <trkpt lat="34.341281300734614" lon="109.02474870617768">
        <ele>386.6075333831832</ele>
        <time>2022-04-28T13:17:25Z</time>
      </trkpt>
      <trkpt lat="34.34153374056424" lon="109.02445739343156">
        <ele>385.62454840447754</ele>
        <time>2022-04-28T13:17:29Z</time>
      </trkpt>
      <trkpt lat="34.34161781122889" lon="109.02433643406643">
        <ele>385.094389943406</ele>
        <time>2022-04-28T13:17:31Z</time>
      </trkpt>
      <trkpt lat="34.341642839713636" lon="109.02424265286636">
        <ele>384.98306516278535</ele>
        <time>2022-04-28T13:17:33Z</time>
      </trkpt>
      <trkpt lat="34.341580671308705" lon="109.02417987652163">
        <ele>385.36516166385263</ele>
        <time>2022-04-28T13:17:35Z</time>
      </trkpt>
      <trkpt lat="34.341467738633995" lon="109.02422186829799">
        <ele>385.55344937182963</ele>
        <time>2022-04-28T13:17:37Z</time>
      </trkpt>
      <trkpt lat="34.341374120732574" lon="109.02432075164023">
        <ele>385.5851031243801</ele>
        <time>2022-04-28T13:17:39Z</time>
      </trkpt>
      <trkpt lat="34.34107502914226" lon="109.0247415762343">
        <ele>384.642264935188</ele>
        <time>2022-04-28T13:17:45Z</time>
      </trkpt>
      <trkpt lat="34.340676375398466" lon="109.02526966977327">
        <ele>385.7725668735802</ele>
        <time>2022-04-28T13:17:51Z</time>
      </trkpt>
      <trkpt lat="34.34042037956972" lon="109.02561458612608">
        <ele>384.7486089710146</ele>
        <time>2022-04-28T13:17:55Z</time>
      </trkpt>
      <trkpt lat="34.34004770957241" lon="109.02619278183127">
        <ele>385.702678097412</ele>
        <time>2022-04-28T13:18:01Z</time>
      </trkpt>
      <trkpt lat="34.3399219672573" lon="109.0263885407854">
        <ele>385.648643466644</ele>
        <time>2022-04-28T13:18:03Z</time>
      </trkpt>
      <trkpt lat="34.33963880580014" lon="109.02674560300862">
        <ele>386.53661504294723</ele>
        <time>2022-04-28T13:18:07Z</time>
      </trkpt>
      <trkpt lat="34.3393872570592" lon="109.02713150470039">
        <ele>384.66927707288414</ele>
        <time>2022-04-28T13:18:11Z</time>
      </trkpt>
      <trkpt lat="34.33924558812683" lon="109.0273173370161">
        <ele>385.996186750941</ele>
        <time>2022-04-28T13:18:13Z</time>
      </trkpt>
      <trkpt lat="34.33887035029129" lon="109.02793674454925">
        <ele>385.2501106373966</ele>
        <time>2022-04-28T13:18:19Z</time>
      </trkpt>
      <trkpt lat="34.33851721000089" lon="109.02858291739479">
        <ele>386.64384888857603</ele>
        <time>2022-04-28T13:18:25Z</time>
      </trkpt>
      <trkpt lat="34.338151046307445" lon="109.02921337437033">
        <ele>387.39407179132104</ele>
        <time>2022-04-28T13:18:31Z</time>
      </trkpt>
      <trkpt lat="34.337790067497906" lon="109.02985259506292">
        <ele>387.40834920760244</ele>
        <time>2022-04-28T13:18:37Z</time>
      </trkpt>
      <trkpt lat="34.3374250393491" lon="109.0304929410357">
        <ele>388.1147022731602</ele>
        <time>2022-04-28T13:18:43Z</time>
      </trkpt>
      <trkpt lat="34.337188702413115" lon="109.03088953745852">
        <ele>386.86782373301685</ele>
        <time>2022-04-28T13:18:47Z</time>
      </trkpt>
      <trkpt lat="34.33685566207781" lon="109.03151128522556">
        <ele>387.8480973271653</ele>
        <time>2022-04-28T13:18:53Z</time>
      </trkpt>
      <trkpt lat="34.33651061460732" lon="109.03210485288766">
        <ele>386.7494574300945</ele>
        <time>2022-04-28T13:18:59Z</time>
      </trkpt>
      <trkpt lat="34.33619264148286" lon="109.03262035348669">
        <ele>386.56530257780105</ele>
        <time>2022-04-28T13:19:05Z</time>
      </trkpt>
      <trkpt lat="34.335945768021865" lon="109.03308779190903">
        <ele>387.18388401996344</ele>
        <time>2022-04-28T13:19:11Z</time>
      </trkpt>
      <trkpt lat="34.33566311842243" lon="109.0336298653696">
        <ele>386.11746019124985</ele>
        <time>2022-04-28T13:19:17Z</time>
      </trkpt>
      <trkpt lat="34.33532303773377" lon="109.03420132944878">
        <ele>387.8883923171088</ele>
        <time>2022-04-28T13:19:23Z</time>
      </trkpt>
      <trkpt lat="34.33499091135187" lon="109.03478384548451">
        <ele>387.88190173357725</ele>
        <time>2022-04-28T13:19:29Z</time>
      </trkpt>
      <trkpt lat="34.334666424477234" lon="109.03535168291906">
        <ele>388.348173558712</ele>
        <time>2022-04-28T13:19:35Z</time>
      </trkpt>
      <trkpt lat="34.334342289105436" lon="109.03590546795773">
        <ele>387.3830353859812</ele>
        <time>2022-04-28T13:19:41Z</time>
      </trkpt>
      <trkpt lat="34.334120761671834" lon="109.03627531243949">
        <ele>388.22253717202693</ele>
        <time>2022-04-28T13:19:45Z</time>
      </trkpt>
      <trkpt lat="34.33401846119458" lon="109.03648188331442">
        <ele>388.3379439674318</ele>
        <time>2022-04-28T13:19:47Z</time>
      </trkpt>
      <trkpt lat="34.3337811014424" lon="109.03686327755663">
        <ele>387.4125570477918</ele>
        <time>2022-04-28T13:19:51Z</time>
      </trkpt>
      <trkpt lat="34.333440166023465" lon="109.03746629400251">
        <ele>388.7449994739145</ele>
        <time>2022-04-28T13:19:57Z</time>
      </trkpt>
      <trkpt lat="34.33310138877115" lon="109.0380781833547">
        <ele>389.4276180751622</ele>
        <time>2022-04-28T13:20:03Z</time>
      </trkpt>
      <trkpt lat="34.332779749664475" lon="109.03865904348918">
        <ele>388.62402563076466</ele>
        <time>2022-04-28T13:20:09Z</time>
      </trkpt>
      <trkpt lat="34.33245776535433" lon="109.03924592254855">
        <ele>388.8957476783544</ele>
        <time>2022-04-28T13:20:15Z</time>
      </trkpt>
      <trkpt lat="34.332130388634674" lon="109.0398325328853">
        <ele>389.8883640393615</ele>
        <time>2022-04-28T13:20:21Z</time>
      </trkpt>
      <trkpt lat="34.33180362669188" lon="109.04038890613607">
        <ele>389.99137608893216</ele>
        <time>2022-04-28T13:20:27Z</time>
      </trkpt>
      <trkpt lat="34.33148754597001" lon="109.04096614430473">
        <ele>389.3317881617695</ele>
        <time>2022-04-28T13:20:33Z</time>
      </trkpt>
      <trkpt lat="34.331170014728706" lon="109.04155949600032">
        <ele>389.7949977722019</ele>
        <time>2022-04-28T13:20:39Z</time>
      </trkpt>
      <trkpt lat="34.33098715297519" lon="109.04199213100192">
        <ele>389.71659445296973</ele>
        <time>2022-04-28T13:20:43Z</time>
      </trkpt>
      <trkpt lat="34.33076425424871" lon="109.04240606026289">
        <ele>390.71569271571934</ele>
        <time>2022-04-28T13:20:47Z</time>
      </trkpt>
      <trkpt lat="34.330415360768896" lon="109.04298552674967">
        <ele>388.6650912826881</ele>
        <time>2022-04-28T13:20:53Z</time>
      </trkpt>
      <trkpt lat="34.33007456562523" lon="109.04357460637118">
        <ele>389.86044676601887</ele>
        <time>2022-04-28T13:20:59Z</time>
      </trkpt>
      <trkpt lat="34.32974451425327" lon="109.04412587606042">
        <ele>389.9867599532008</ele>
        <time>2022-04-28T13:21:05Z</time>
      </trkpt>
      <trkpt lat="34.32941561512349" lon="109.04469375559786">
        <ele>386.3515729913488</ele>
        <time>2022-04-28T13:21:11Z</time>
      </trkpt>
      <trkpt lat="34.32910207741067" lon="109.0452444358082">
        <ele>385.6860621245578</ele>
        <time>2022-04-28T13:21:17Z</time>
      </trkpt>
      <trkpt lat="34.328923392177785" lon="109.04556426583284">
        <ele>389.0563234835863</ele>
        <time>2022-04-28T13:21:21Z</time>
      </trkpt>
      <trkpt lat="34.3289388998821" lon="109.04573611070614">
        <ele>389.4579260572791</ele>
        <time>2022-04-28T13:21:23Z</time>
      </trkpt>
      <trkpt lat="34.329070665055916" lon="109.04573450717855">
        <ele>389.76506116241217</ele>
        <time>2022-04-28T13:21:25Z</time>
      </trkpt>
      <trkpt lat="34.329155373785994" lon="109.04565337223474">
        <ele>391.6465566121042</ele>
        <time>2022-04-28T13:21:27Z</time>
      </trkpt>
      <trkpt lat="34.3292072708272" lon="109.04548317451717">
        <ele>392.05841062404215</ele>
        <time>2022-04-28T13:21:29Z</time>
      </trkpt>
      <trkpt lat="34.32939428362762" lon="109.04512201354372">
        <ele>391.50621857121587</ele>
        <time>2022-04-28T13:21:33Z</time>
      </trkpt>
      <trkpt lat="34.32973123270111" lon="109.04455953809848">
        <ele>387.9289743863046</ele>
        <time>2022-04-28T13:21:39Z</time>
      </trkpt>
      <trkpt lat="34.32983912780798" lon="109.04432610811561">
        <ele>388.107489682734</ele>
        <time>2022-04-28T13:21:41Z</time>
      </trkpt>
      <trkpt lat="34.330198898295016" lon="109.04373461897256">
        <ele>390.1792069301009</ele>
        <time>2022-04-28T13:21:47Z</time>
      </trkpt>
      <trkpt lat="34.330535383600306" lon="109.04313951506393">
        <ele>390.701822781004</ele>
        <time>2022-04-28T13:21:53Z</time>
      </trkpt>
      <trkpt lat="34.33086263630116" lon="109.0425814203724">
        <ele>390.74626728426665</ele>
        <time>2022-04-28T13:21:59Z</time>
      </trkpt>
      <trkpt lat="34.33096579721236" lon="109.04238924561696">
        <ele>391.6605895748362</ele>
        <time>2022-04-28T13:22:01Z</time>
      </trkpt>
      <trkpt lat="34.33108703824252" lon="109.04221712516097">
        <ele>389.65181315969676</ele>
        <time>2022-04-28T13:22:03Z</time>
      </trkpt>
      <trkpt lat="34.331417358850025" lon="109.04163073141378">
        <ele>390.54408023227006</ele>
        <time>2022-04-28T13:22:09Z</time>
      </trkpt>
      <trkpt lat="34.33175162366028" lon="109.04104395816383">
        <ele>390.6897633681074</ele>
        <time>2022-04-28T13:22:15Z</time>
      </trkpt>
      <trkpt lat="34.33208263036954" lon="109.04044521581409">
        <ele>390.2892977166921</ele>
        <time>2022-04-28T13:22:21Z</time>
      </trkpt>
      <trkpt lat="34.33241795457246" lon="109.03984559449033">
        <ele>390.40175631456077</ele>
        <time>2022-04-28T13:22:27Z</time>
      </trkpt>
      <trkpt lat="34.33276272032735" lon="109.03923641552915">
        <ele>390.4407418165356</ele>
        <time>2022-04-28T13:22:33Z</time>
      </trkpt>
      <trkpt lat="34.33311036886128" lon="109.03862900322893">
        <ele>389.7429093439132</ele>
        <time>2022-04-28T13:22:39Z</time>
      </trkpt>
      <trkpt lat="34.333464612701654" lon="109.03801041793851">
        <ele>389.97209795657545</ele>
        <time>2022-04-28T13:22:45Z</time>
      </trkpt>
      <trkpt lat="34.33379092366695" lon="109.0373797299143">
        <ele>390.6748872604221</ele>
        <time>2022-04-28T13:22:51Z</time>
      </trkpt>
      <trkpt lat="34.333898584399805" lon="109.03714952634148">
        <ele>390.9502239562571</ele>
        <time>2022-04-28T13:22:53Z</time>
      </trkpt>
      <trkpt lat="34.33414732520566" lon="109.03669941263004">
        <ele>389.09858911670744</ele>
        <time>2022-04-28T13:22:57Z</time>
      </trkpt>
      <trkpt lat="34.33440412516879" lon="109.03624212420695">
        <ele>389.3267694301903</ele>
        <time>2022-04-28T13:23:01Z</time>
      </trkpt>
      <trkpt lat="34.33466802034805" lon="109.03578863350346">
        <ele>388.97793573047966</ele>
        <time>2022-04-28T13:23:05Z</time>
      </trkpt>
      <trkpt lat="34.33492778286304" lon="109.03532140723549">
        <ele>388.41261815465987</ele>
        <time>2022-04-28T13:23:09Z</time>
      </trkpt>
      <trkpt lat="34.33520048543761" lon="109.0348744804636">
        <ele>388.60496038384736</ele>
        <time>2022-04-28T13:23:13Z</time>
      </trkpt>
      <trkpt lat="34.33546975847201" lon="109.03443939166361">
        <ele>388.3793387040496</ele>
        <time>2022-04-28T13:23:17Z</time>
      </trkpt>
      <trkpt lat="34.335718763378686" lon="109.03398442017301">
        <ele>388.6490941438824</ele>
        <time>2022-04-28T13:23:21Z</time>
      </trkpt>
      <trkpt lat="34.33598308367184" lon="109.03354553210048">
        <ele>389.17227726988494</ele>
        <time>2022-04-28T13:23:25Z</time>
      </trkpt>
      <trkpt lat="34.33622816093325" lon="109.03315556895873">
        <ele>389.1258353581652</ele>
        <time>2022-04-28T13:23:29Z</time>
      </trkpt>
      <trkpt lat="34.336546428777496" lon="109.03257356883346">
        <ele>387.8683773521334</ele>
        <time>2022-04-28T13:23:35Z</time>
      </trkpt>
      <trkpt lat="34.33685510772621" lon="109.03201641785098">
        <ele>387.71878305170685</ele>
        <time>2022-04-28T13:23:41Z</time>
      </trkpt>
      <trkpt lat="34.33715695010307" lon="109.03146980280806">
        <ele>387.3267747871578</ele>
        <time>2022-04-28T13:23:47Z</time>
      </trkpt>
      <trkpt lat="34.33746398267339" lon="109.03092170312483">
        <ele>387.7916943123564</ele>
        <time>2022-04-28T13:23:53Z</time>
      </trkpt>
      <trkpt lat="34.33769633974337" lon="109.03053200169357">
        <ele>387.1584107624367</ele>
        <time>2022-04-28T13:23:57Z</time>
      </trkpt>
      <trkpt lat="34.33791875778003" lon="109.03005931655534">
        <ele>386.54808819293976</ele>
        <time>2022-04-28T13:24:01Z</time>
      </trkpt>
      <trkpt lat="34.33803984074746" lon="109.02981681714478">
        <ele>387.5463838977739</ele>
        <time>2022-04-28T13:24:03Z</time>
      </trkpt>
      <trkpt lat="34.33830921010008" lon="109.02936873321062">
        <ele>387.94300428032875</ele>
        <time>2022-04-28T13:24:07Z</time>
      </trkpt>
      <trkpt lat="34.33863891961889" lon="109.02882732055969">
        <ele>387.6440296545625</ele>
        <time>2022-04-28T13:24:13Z</time>
      </trkpt>
      <trkpt lat="34.33888954320284" lon="109.02837298553435">
        <ele>387.69703509192914</ele>
        <time>2022-04-28T13:24:19Z</time>
      </trkpt>
      <trkpt lat="34.33910146348379" lon="109.02803574518241">
        <ele>387.54467640351504</ele>
        <time>2022-04-28T13:24:25Z</time>
      </trkpt>
      <trkpt lat="34.33926845489943" lon="109.02779416441571">
        <ele>386.55104946531355</ele>
        <time>2022-04-28T13:24:29Z</time>
      </trkpt>
      <trkpt lat="34.33956532070399" lon="109.02728154638157">
        <ele>386.49463562946767</ele>
        <time>2022-04-28T13:24:37Z</time>
      </trkpt>
      <trkpt lat="34.33985396679742" lon="109.02688327897012">
        <ele>386.1758530763909</ele>
        <time>2022-04-28T13:24:43Z</time>
      </trkpt>
      <trkpt lat="34.34016860462016" lon="109.02644123694978">
        <ele>386.05057977326214</ele>
        <time>2022-04-28T13:24:49Z</time>
      </trkpt>
      <trkpt lat="34.34046103209279" lon="109.02601504893052">
        <ele>386.3108453908935</ele>
        <time>2022-04-28T13:24:55Z</time>
      </trkpt>
      <trkpt lat="34.340549510909064" lon="109.02587849966145">
        <ele>385.55109562911093</ele>
        <time>2022-04-28T13:24:57Z</time>
      </trkpt>
      <trkpt lat="34.34068237744552" lon="109.02555388491893">
        <ele>385.5277763949707</ele>
        <time>2022-04-28T13:25:01Z</time>
      </trkpt>
      <trkpt lat="34.340982471235925" lon="109.0251430654132">
        <ele>385.859092018567</ele>
        <time>2022-04-28T13:25:07Z</time>
      </trkpt>
      <trkpt lat="34.34116150829826" lon="109.02488970513488">
        <ele>385.87649188470095</ele>
        <time>2022-04-28T13:25:11Z</time>
      </trkpt>
      <trkpt lat="34.34145428300822" lon="109.02456522939451">
        <ele>386.70835259743035</ele>
        <time>2022-04-28T13:25:17Z</time>
      </trkpt>
      <trkpt lat="34.34160244553194" lon="109.02435022366834">
        <ele>385.93327740672976</ele>
        <time>2022-04-28T13:25:21Z</time>
      </trkpt>
      <trkpt lat="34.34163300260588" lon="109.0242375496652">
        <ele>385.7535957125947</ele>
        <time>2022-04-28T13:25:23Z</time>
      </trkpt>
      <trkpt lat="34.34156179324099" lon="109.02417278062973">
        <ele>385.9741393420845</ele>
        <time>2022-04-28T13:25:25Z</time>
      </trkpt>
      <trkpt lat="34.34146211020633" lon="109.02419560108883">
        <ele>385.89267034083605</ele>
        <time>2022-04-28T13:25:27Z</time>
      </trkpt>
      <trkpt lat="34.34115002060719" lon="109.02459021030836">
        <ele>384.9105894109234</ele>
        <time>2022-04-28T13:25:37Z</time>
      </trkpt>
      <trkpt lat="34.34107453070984" lon="109.02468811129798">
        <ele>385.99110034294426</ele>
        <time>2022-04-28T13:25:49Z</time>
      </trkpt>
      <trkpt lat="34.34118442848825" lon="109.02450654059004">
        <ele>385.93717998079956</ele>
        <time>2022-04-28T13:32:36Z</time>
      </trkpt>
      <trkpt lat="34.34143851682642" lon="109.02412995203491">
        <ele>385.55665789172053</ele>
        <time>2022-04-28T13:32:46Z</time>
      </trkpt>
      <trkpt lat="34.34147334912026" lon="109.02405001480629">
        <ele>385.5529356151819</ele>
        <time>2022-04-28T13:32:48Z</time>
      </trkpt>
      <trkpt lat="34.34148387153578" lon="109.0238551580804">
        <ele>385.906685449183</ele>
        <time>2022-04-28T13:32:54Z</time>
      </trkpt>
      <trkpt lat="34.34149374230714" lon="109.02385846186579">
        <ele>386.08054387848824</ele>
        <time>2022-04-28T13:33:02Z</time>
      </trkpt>
      <trkpt lat="34.341537997327805" lon="109.02367766262738">
        <ele>386.55925375781953</ele>
        <time>2022-04-28T13:33:13Z</time>
      </trkpt>
      <trkpt lat="34.34147059207475" lon="109.02350340550363">
        <ele>386.6197815351188</ele>
        <time>2022-04-28T13:33:17Z</time>
      </trkpt>
      <trkpt lat="34.34113977673366" lon="109.02315534977745">
        <ele>386.5347858304158</ele>
        <time>2022-04-28T13:33:25Z</time>
      </trkpt>
      <trkpt lat="34.34072906864141" lon="109.02275457383682">
        <ele>387.3724454995245</ele>
        <time>2022-04-28T13:33:33Z</time>
      </trkpt>
      <trkpt lat="34.34031324150759" lon="109.02231446323432">
        <ele>385.8370165526867</ele>
        <time>2022-04-28T13:33:41Z</time>
      </trkpt>
      <trkpt lat="34.34020786806625" lon="109.02217643229638">
        <ele>385.1189885670319</ele>
        <time>2022-04-28T13:33:43Z</time>
      </trkpt>
      <trkpt lat="34.33985256796298" lon="109.0218183195584">
        <ele>382.54104162566364</ele>
        <time>2022-04-28T13:33:49Z</time>
      </trkpt>
      <trkpt lat="34.33949434341818" lon="109.02146867788622">
        <ele>385.4605736201629</ele>
        <time>2022-04-28T13:33:55Z</time>
      </trkpt>
      <trkpt lat="34.33914909112469" lon="109.02112248190542">
        <ele>386.5913387965411</ele>
        <time>2022-04-28T13:34:01Z</time>
      </trkpt>
      <trkpt lat="34.33873399778489" lon="109.02066368360474">
        <ele>385.87611201778054</ele>
        <time>2022-04-28T13:34:09Z</time>
      </trkpt>
      <trkpt lat="34.338379642825416" lon="109.02031452118631">
        <ele>384.6677111564204</ele>
        <time>2022-04-28T13:34:15Z</time>
      </trkpt>
      <trkpt lat="34.3380220953229" lon="109.01994469537753">
        <ele>381.93281896039844</ele>
        <time>2022-04-28T13:34:21Z</time>
      </trkpt>
      <trkpt lat="34.33756319263978" lon="109.01948566767575">
        <ele>380.6740577183664</ele>
        <time>2022-04-28T13:34:29Z</time>
      </trkpt>
      <trkpt lat="34.33716348696295" lon="109.01907913295513">
        <ele>380.6978586539626</ele>
        <time>2022-04-28T13:34:35Z</time>
      </trkpt>
      <trkpt lat="34.33677255815285" lon="109.01867644333468">
        <ele>380.2860930003226</ele>
        <time>2022-04-28T13:34:41Z</time>
      </trkpt>
      <trkpt lat="34.336394975318484" lon="109.01828458357912">
        <ele>379.2404962088913</ele>
        <time>2022-04-28T13:34:47Z</time>
      </trkpt>
      <trkpt lat="34.33602237502234" lon="109.01789933570169">
        <ele>379.6261157998815</ele>
        <time>2022-04-28T13:34:53Z</time>
      </trkpt>
      <trkpt lat="34.3356472066092" lon="109.01753536044411">
        <ele>383.4624278554693</ele>
        <time>2022-04-28T13:34:59Z</time>
      </trkpt>
      <trkpt lat="34.33539256904714" lon="109.01726840639624">
        <ele>385.3019080590457</ele>
        <time>2022-04-28T13:35:03Z</time>
      </trkpt>
      <trkpt lat="34.33509070223822" lon="109.01686663527991">
        <ele>386.52885003201663</ele>
        <time>2022-04-28T13:35:08Z</time>
      </trkpt>
      <trkpt lat="34.334706135062035" lon="109.01638368797667">
        <ele>386.5010240925476</ele>
        <time>2022-04-28T13:35:14Z</time>
      </trkpt>
      <trkpt lat="34.33439665996055" lon="109.01600145099654">
        <ele>386.5287413559854</ele>
        <time>2022-04-28T13:35:19Z</time>
      </trkpt>
      <trkpt lat="34.3340260562723" lon="109.01552143905725">
        <ele>386.6442886563018</ele>
        <time>2022-04-28T13:35:25Z</time>
      </trkpt>
      <trkpt lat="34.333699262077936" lon="109.01502872721666">
        <ele>387.4501715134829</ele>
        <time>2022-04-28T13:35:31Z</time>
      </trkpt>
      <trkpt lat="34.33343572687729" lon="109.01456137606286">
        <ele>387.67218814976513</ele>
        <time>2022-04-28T13:35:37Z</time>
      </trkpt>
      <trkpt lat="34.33319791464637" lon="109.01408576397938">
        <ele>388.45016266591847</ele>
        <time>2022-04-28T13:35:43Z</time>
      </trkpt>
      <trkpt lat="34.33288676480785" lon="109.01351444318648">
        <ele>387.9375396594405</ele>
        <time>2022-04-28T13:35:51Z</time>
      </trkpt>
      <trkpt lat="34.33271438961948" lon="109.01316748723333">
        <ele>387.2763734543696</ele>
        <time>2022-04-28T13:35:59Z</time>
      </trkpt>
      <trkpt lat="34.33271221643568" lon="109.01313730781503">
        <ele>387.2667947532609</ele>
        <time>2022-04-28T13:36:09Z</time>
      </trkpt>
      <trkpt lat="34.33263011791884" lon="109.01290764374995">
        <ele>387.6803332744166</ele>
        <time>2022-04-28T13:36:20Z</time>
      </trkpt>
      <trkpt lat="34.33239999064987" lon="109.01245057308878">
        <ele>387.4742650007829</ele>
        <time>2022-04-28T13:36:28Z</time>
      </trkpt>
      <trkpt lat="34.33216290159996" lon="109.01184760148932">
        <ele>387.29246352333575</ele>
        <time>2022-04-28T13:36:36Z</time>
      </trkpt>
      <trkpt lat="34.33198825390984" lon="109.01131238793064">
        <ele>386.3458654657006</ele>
        <time>2022-04-28T13:36:42Z</time>
      </trkpt>
      <trkpt lat="34.331876373118945" lon="109.01093804736496">
        <ele>386.0595652088523</ele>
        <time>2022-04-28T13:36:46Z</time>
      </trkpt>
      <trkpt lat="34.33176203953986" lon="109.01038660552592">
        <ele>386.2040859190747</ele>
        <time>2022-04-28T13:36:52Z</time>
      </trkpt>
      <trkpt lat="34.331687608475455" lon="109.00982635431646">
        <ele>386.5909305429086</ele>
        <time>2022-04-28T13:36:58Z</time>
      </trkpt>
      <trkpt lat="34.33165957905662" lon="109.00933814321809">
        <ele>387.3254484999925</ele>
        <time>2022-04-28T13:37:04Z</time>
      </trkpt>
      <trkpt lat="34.331668994454056" lon="109.0091839030303">
        <ele>386.6451467741281</ele>
        <time>2022-04-28T13:37:08Z</time>
      </trkpt>
      <trkpt lat="34.331702122995004" lon="109.00899379650448">
        <ele>386.0297329509631</ele>
        <time>2022-04-28T13:37:14Z</time>
      </trkpt>
      <trkpt lat="34.33169971145772" lon="109.0086723808741">
        <ele>386.0854554856196</ele>
        <time>2022-04-28T13:37:20Z</time>
      </trkpt>
      <trkpt lat="34.33166192399673" lon="109.00837816706598">
        <ele>385.8336041364819</ele>
        <time>2022-04-28T13:37:24Z</time>
      </trkpt>
      <trkpt lat="34.33165964755901" lon="109.00780333442617">
        <ele>387.1619385750964</ele>
        <time>2022-04-28T13:37:31Z</time>
      </trkpt>
      <trkpt lat="34.3316633313334" lon="109.00715003733707">
        <ele>386.965399810113</ele>
        <time>2022-04-28T13:37:39Z</time>
      </trkpt>
      <trkpt lat="34.331676802857274" lon="109.00649530479585">
        <ele>388.09007361903787</ele>
        <time>2022-04-28T13:37:47Z</time>
      </trkpt>
      <trkpt lat="34.331668441301375" lon="109.00620438340512">
        <ele>387.5417662151158</ele>
        <time>2022-04-28T13:37:51Z</time>
      </trkpt>
      <trkpt lat="34.331692783051956" lon="109.00556602224515">
        <ele>387.40400331746787</ele>
        <time>2022-04-28T13:37:59Z</time>
      </trkpt>
      <trkpt lat="34.33172907003075" lon="109.00490515160412">
        <ele>387.9817956034094</ele>
        <time>2022-04-28T13:38:07Z</time>
      </trkpt>
      <trkpt lat="34.331746608494754" lon="109.00438041297683">
        <ele>387.14740571472794</ele>
        <time>2022-04-28T13:38:13Z</time>
      </trkpt>
      <trkpt lat="34.331757624496085" lon="109.00386055353036">
        <ele>388.0711547685787</ele>
        <time>2022-04-28T13:38:19Z</time>
      </trkpt>
      <trkpt lat="34.33175836400472" lon="109.00318025831129">
        <ele>388.39220374729484</ele>
        <time>2022-04-28T13:38:27Z</time>
      </trkpt>
      <trkpt lat="34.33177004961379" lon="109.00249912453448">
        <ele>388.7319805379957</ele>
        <time>2022-04-28T13:38:35Z</time>
      </trkpt>
      <trkpt lat="34.33177345445672" lon="109.0018233267674">
        <ele>389.37875282391906</ele>
        <time>2022-04-28T13:38:43Z</time>
      </trkpt>
      <trkpt lat="34.33178200421449" lon="109.00130185892944">
        <ele>390.1434572208673</ele>
        <time>2022-04-28T13:38:49Z</time>
      </trkpt>
      <trkpt lat="34.33178759572042" lon="109.0007664819231">
        <ele>391.16525443736464</ele>
        <time>2022-04-28T13:38:55Z</time>
      </trkpt>
      <trkpt lat="34.33181015026916" lon="109.00023130174971">
        <ele>391.0723299961537</ele>
        <time>2022-04-28T13:39:01Z</time>
      </trkpt>
      <trkpt lat="34.33184382295323" lon="108.99968829318313">
        <ele>391.5897588804364</ele>
        <time>2022-04-28T13:39:07Z</time>
      </trkpt>
      <trkpt lat="34.331817483886056" lon="108.99914279013606">
        <ele>392.48996932338923</ele>
        <time>2022-04-28T13:39:13Z</time>
      </trkpt>
      <trkpt lat="34.331759538643695" lon="108.99859904324575">
        <ele>392.29616172332317</ele>
        <time>2022-04-28T13:39:19Z</time>
      </trkpt>
      <trkpt lat="34.331667617042555" lon="108.99807327140522">
        <ele>392.96086558979005</ele>
        <time>2022-04-28T13:39:25Z</time>
      </trkpt>
      <trkpt lat="34.331529439401756" lon="108.99755905416886">
        <ele>392.9587501017377</ele>
        <time>2022-04-28T13:39:31Z</time>
      </trkpt>
      <trkpt lat="34.331397682707504" lon="108.99703617132272">
        <ele>391.93505069147795</ele>
        <time>2022-04-28T13:39:37Z</time>
      </trkpt>
      <trkpt lat="34.33122987061658" lon="108.99650967993983">
        <ele>391.7210518689826</ele>
        <time>2022-04-28T13:39:43Z</time>
      </trkpt>
      <trkpt lat="34.33106710970027" lon="108.99602047487895">
        <ele>391.8498231014237</ele>
        <time>2022-04-28T13:39:49Z</time>
      </trkpt>
      <trkpt lat="34.33098364241192" lon="108.99567395545644">
        <ele>392.34531733300537</ele>
        <time>2022-04-28T13:39:53Z</time>
      </trkpt>
      <trkpt lat="34.33096014583885" lon="108.99549627102066">
        <ele>393.5980092799291</ele>
        <time>2022-04-28T13:39:55Z</time>
      </trkpt>
      <trkpt lat="34.33097561491205" lon="108.99529153158888">
        <ele>392.3413265189156</ele>
        <time>2022-04-28T13:39:57Z</time>
      </trkpt>
      <trkpt lat="34.330963862993826" lon="108.99512576412121">
        <ele>392.53004086297005</ele>
        <time>2022-04-28T13:39:59Z</time>
      </trkpt>
      <trkpt lat="34.33097131592612" lon="108.99493530728276">
        <ele>393.3625570163131</ele>
        <time>2022-04-28T13:40:01Z</time>
      </trkpt>
      <trkpt lat="34.330934612404484" lon="108.99458906661077">
        <ele>393.1899861730635</ele>
        <time>2022-04-28T13:40:05Z</time>
      </trkpt>
      <trkpt lat="34.33093439708613" lon="108.9944229365287">
        <ele>393.1268216809258</ele>
        <time>2022-04-28T13:40:07Z</time>
      </trkpt>
      <trkpt lat="34.33090407355167" lon="108.99423472763189">
        <ele>393.1208791974932</ele>
        <time>2022-04-28T13:40:09Z</time>
      </trkpt>
      <trkpt lat="34.33088140077862" lon="108.99365295050988">
        <ele>392.6229400495067</ele>
        <time>2022-04-28T13:40:15Z</time>
      </trkpt>
      <trkpt lat="34.33087835922062" lon="108.99346902470711">
        <ele>393.1837614579126</ele>
        <time>2022-04-28T13:40:17Z</time>
      </trkpt>
      <trkpt lat="34.33090902186909" lon="108.99288019243141">
        <ele>392.45297036971897</ele>
        <time>2022-04-28T13:40:23Z</time>
      </trkpt>
      <trkpt lat="34.33088774600543" lon="108.99225753228095">
        <ele>392.7000742536038</ele>
        <time>2022-04-28T13:40:29Z</time>
      </trkpt>
      <trkpt lat="34.33088465812376" lon="108.9918679485244">
        <ele>393.2441135821864</ele>
        <time>2022-04-28T13:40:33Z</time>
      </trkpt>
      <trkpt lat="34.330869392633225" lon="108.99169667558077">
        <ele>392.31689115520567</ele>
        <time>2022-04-28T13:40:35Z</time>
      </trkpt>
      <trkpt lat="34.330867760005" lon="108.99142651581742">
        <ele>391.41923483181745</ele>
        <time>2022-04-28T13:40:39Z</time>
      </trkpt>
      <trkpt lat="34.33090441337509" lon="108.9913095006953">
        <ele>391.61116958782077</ele>
        <time>2022-04-28T13:40:51Z</time>
      </trkpt>
      <trkpt lat="34.33092783171613" lon="108.99110660244776">
        <ele>392.37101867143065</ele>
        <time>2022-04-28T13:41:28Z</time>
      </trkpt>
      <trkpt lat="34.33090151058017" lon="108.99065445331497">
        <ele>391.5898463865742</ele>
        <time>2022-04-28T13:41:36Z</time>
      </trkpt>
      <trkpt lat="34.33085814104531" lon="108.99031912360635">
        <ele>391.6929405387491</ele>
        <time>2022-04-28T13:41:41Z</time>
      </trkpt>
      <trkpt lat="34.33087245154556" lon="108.9898213758294">
        <ele>391.56972583103925</ele>
        <time>2022-04-28T13:41:47Z</time>
      </trkpt>
      <trkpt lat="34.33085965210494" lon="108.9896454975216">
        <ele>392.1800496093929</ele>
        <time>2022-04-28T13:41:49Z</time>
      </trkpt>
      <trkpt lat="34.33087062644558" lon="108.9894603639617">
        <ele>392.15866251289845</ele>
        <time>2022-04-28T13:41:51Z</time>
      </trkpt>
      <trkpt lat="34.33084345465847" lon="108.98908715964974">
        <ele>392.85959100257605</ele>
        <time>2022-04-28T13:41:55Z</time>
      </trkpt>
      <trkpt lat="34.330938320523046" lon="108.98851260919868">
        <ele>392.74229538813233</ele>
        <time>2022-04-28T13:42:01Z</time>
      </trkpt>
      <trkpt lat="34.33092173914807" lon="108.9879213682148">
        <ele>393.7151387538761</ele>
        <time>2022-04-28T13:42:07Z</time>
      </trkpt>
      <trkpt lat="34.330944472722436" lon="108.98732216299223">
        <ele>393.8521403949708</ele>
        <time>2022-04-28T13:42:13Z</time>
      </trkpt>
      <trkpt lat="34.330898937325834" lon="108.98671894253675">
        <ele>392.9794599749148</ele>
        <time>2022-04-28T13:42:19Z</time>
      </trkpt>
      <trkpt lat="34.33088005560538" lon="108.98630875817166">
        <ele>392.51269326359034</ele>
        <time>2022-04-28T13:42:23Z</time>
      </trkpt>
      <trkpt lat="34.33096365326851" lon="108.98570232036107">
        <ele>394.1173604587093</ele>
        <time>2022-04-28T13:42:29Z</time>
      </trkpt>
      <trkpt lat="34.33099709204108" lon="108.98547131070377">
        <ele>394.4475260162726</ele>
        <time>2022-04-28T13:42:31Z</time>
      </trkpt>
      <trkpt lat="34.330998811673545" lon="108.98528611184717">
        <ele>393.96900917124003</ele>
        <time>2022-04-28T13:42:33Z</time>
      </trkpt>
      <trkpt lat="34.33097686692343" lon="108.98509515573522">
        <ele>394.48218977078795</ele>
        <time>2022-04-28T13:42:35Z</time>
      </trkpt>
      <trkpt lat="34.33102243138292" lon="108.98488385584652">
        <ele>393.7814448736608</ele>
        <time>2022-04-28T13:42:37Z</time>
      </trkpt>
      <trkpt lat="34.331000188548394" lon="108.9846891991018">
        <ele>393.20357807632536</ele>
        <time>2022-04-28T13:42:39Z</time>
      </trkpt>
      <trkpt lat="34.331025369531716" lon="108.98407546962837">
        <ele>394.21884935721755</ele>
        <time>2022-04-28T13:42:45Z</time>
      </trkpt>
      <trkpt lat="34.33103010862972" lon="108.9834543858005">
        <ele>395.1299303583801</ele>
        <time>2022-04-28T13:42:51Z</time>
      </trkpt>
      <trkpt lat="34.3310489891222" lon="108.98285391388119">
        <ele>395.30346814729273</ele>
        <time>2022-04-28T13:42:57Z</time>
      </trkpt>
      <trkpt lat="34.331045379236" lon="108.98224108689064">
        <ele>395.6374578550458</ele>
        <time>2022-04-28T13:43:03Z</time>
      </trkpt>
      <trkpt lat="34.331073599094914" lon="108.98164723164263">
        <ele>395.3522962052375</ele>
        <time>2022-04-28T13:43:09Z</time>
      </trkpt>
      <trkpt lat="34.331082620389054" lon="108.98101862159032">
        <ele>395.64521137531847</ele>
        <time>2022-04-28T13:43:17Z</time>
      </trkpt>
      <trkpt lat="34.331089077480755" lon="108.98048059626782">
        <ele>395.73434758372605</ele>
        <time>2022-04-28T13:43:25Z</time>
      </trkpt>
      <trkpt lat="34.33107938196397" lon="108.97990723641756">
        <ele>395.8317918870598</ele>
        <time>2022-04-28T13:43:35Z</time>
      </trkpt>
      <trkpt lat="34.331027541281884" lon="108.97980244796877">
        <ele>395.88549969065934</ele>
        <time>2022-04-28T13:43:37Z</time>
      </trkpt>
      <trkpt lat="34.33087620760372" lon="108.97962585760537">
        <ele>395.52916292846203</ele>
        <time>2022-04-28T13:43:41Z</time>
      </trkpt>
      <trkpt lat="34.33078350799014" lon="108.97955994767673">
        <ele>395.87558677140623</ele>
        <time>2022-04-28T13:43:43Z</time>
      </trkpt>
      <trkpt lat="34.33056909550921" lon="108.97952364710085">
        <ele>394.7555999746546</ele>
        <time>2022-04-28T13:43:47Z</time>
      </trkpt>
      <trkpt lat="34.330115947003364" lon="108.97960330987753">
        <ele>395.04988678265363</ele>
        <time>2022-04-28T13:43:55Z</time>
      </trkpt>
      <trkpt lat="34.32987462388827" lon="108.97956462690027">
        <ele>395.5624579349533</ele>
        <time>2022-04-28T13:43:59Z</time>
      </trkpt>
      <trkpt lat="34.3296643055266" lon="108.97962422399677">
        <ele>396.0144555317238</ele>
        <time>2022-04-28T13:44:03Z</time>
      </trkpt>
      <trkpt lat="34.32921491140843" lon="108.97964776367841">
        <ele>395.5766021227464</ele>
        <time>2022-04-28T13:44:11Z</time>
      </trkpt>
      <trkpt lat="34.32912077682108" lon="108.97963932983829">
        <ele>396.00331307854503</ele>
        <time>2022-04-28T13:44:13Z</time>
      </trkpt>
      <trkpt lat="34.32903503321066" lon="108.97976005932235">
        <ele>395.47935837879777</ele>
        <time>2022-04-28T13:44:17Z</time>
      </trkpt>
      <trkpt lat="34.32902047216225" lon="108.97969565245323">
        <ele>395.7777425022796</ele>
        <time>2022-04-28T13:44:31Z</time>
      </trkpt>
      <trkpt lat="34.32893130060848" lon="108.97943404111606">
        <ele>393.97669116966426</ele>
        <time>2022-04-28T13:44:41Z</time>
      </trkpt>
      <trkpt lat="34.32893722400437" lon="108.9795460447251">
        <ele>394.8897387078032</ele>
        <time>2022-04-28T13:44:43Z</time>
      </trkpt>
      <trkpt lat="34.32859658912777" lon="108.98009766349732">
        <ele>387.89154052734375</ele>
        <time>2022-04-28T13:45:31Z</time>
      </trkpt>
      <trkpt lat="34.32866857501091" lon="108.98031121924006">
        <ele>387.8903503417969</ele>
        <time>2022-04-28T13:46:09Z</time>
      </trkpt>
    </trkseg>
  </trk>
</gpx>