<?xml version="1.0" encoding="UTF-8"?>
<gpx xmlns="http://www.topografix.com/GPX/1/1" xmlns:gpxtpx="http://www.garmin.com/xmlschemas/TrackPointExtension/v1" xmlns:xsi="http://www.w3.org/2001/XMLSchema-instance" xsi:schemaLocation="http://www.topografix.com/GPX/1/1 http://www.topografix.com/GPX/1/1/gpx.xsd" version="1.1" creator="gpx.py -- https://github.com/tkrajina/gpxpy">
  <trk>
    <name>gpx from keep</name>
    <type>Ride</type>
    <trkseg>
      <trkpt lat="34.328326590566604" lon="108.98037469696412">
        <ele>504.0437316894531</ele>
        <time>2022-05-02T11:13:37Z</time>
      </trkpt>
      <trkpt lat="34.32842544285646" lon="108.98034260012535">
        <ele>504.0437316894531</ele>
        <time>2022-05-02T11:13:55Z</time>
      </trkpt>
      <trkpt lat="34.328321922203166" lon="108.98056643208938">
        <ele>478.09088134765625</ele>
        <time>2022-05-02T11:14:33Z</time>
      </trkpt>
      <trkpt lat="34.32848937789885" lon="108.98034367052722">
        <ele>471.1971435546875</ele>
        <time>2022-05-02T11:14:43Z</time>
      </trkpt>
      <trkpt lat="34.32830101012234" lon="108.98029078875226">
        <ele>468.9620666503906</ele>
        <time>2022-05-02T11:14:48Z</time>
      </trkpt>
      <trkpt lat="34.32855334675669" lon="108.98023887453701">
        <ele>450.53179931640625</ele>
        <time>2022-05-02T11:15:03Z</time>
      </trkpt>
      <trkpt lat="34.32840547932253" lon="108.98043039133805">
        <ele>429.1624755859375</ele>
        <time>2022-05-02T11:15:28Z</time>
      </trkpt>
      <trkpt lat="34.32867446971096" lon="108.98035472961398">
        <ele>422.0811462402344</ele>
        <time>2022-05-02T11:15:41Z</time>
      </trkpt>
      <trkpt lat="34.32873289031478" lon="108.9801615327954">
        <ele>420.2297058105469</ele>
        <time>2022-05-02T11:15:47Z</time>
      </trkpt>
      <trkpt lat="34.328790067371266" lon="108.98027577849922">
        <ele>419.3551940917969</ele>
        <time>2022-05-02T11:15:53Z</time>
      </trkpt>
      <trkpt lat="34.328779179875795" lon="108.98044007646506">
        <ele>418.9399719238281</ele>
        <time>2022-05-02T11:15:59Z</time>
      </trkpt>
      <trkpt lat="34.328752033315816" lon="108.98056858799625">
        <ele>396.7668906478211</ele>
        <time>2022-05-02T11:16:12Z</time>
      </trkpt>
      <trkpt lat="34.3287153504347" lon="108.98065442100372">
        <ele>395.9062773231417</ele>
        <time>2022-05-02T11:16:14Z</time>
      </trkpt>
      <trkpt lat="34.32864311187136" lon="108.98061731353795">
        <ele>395.8436919702217</ele>
        <time>2022-05-02T11:16:16Z</time>
      </trkpt>
      <trkpt lat="34.32858424449863" lon="108.98070153272752">
        <ele>395.7649474851787</ele>
        <time>2022-05-02T11:16:20Z</time>
      </trkpt>
      <trkpt lat="34.32849228415258" lon="108.98068578533497">
        <ele>395.71166140958667</ele>
        <time>2022-05-02T11:16:23Z</time>
      </trkpt>
      <trkpt lat="34.3284154169894" lon="108.98069799248317">
        <ele>395.6202304409817</ele>
        <time>2022-05-02T11:16:26Z</time>
      </trkpt>
      <trkpt lat="34.32828644085346" lon="108.98077985837445">
        <ele>395.46279682870954</ele>
        <time>2022-05-02T11:16:29Z</time>
      </trkpt>
      <trkpt lat="34.328209478063144" lon="108.98080015584772">
        <ele>395.24005715176463</ele>
        <time>2022-05-02T11:16:31Z</time>
      </trkpt>
      <trkpt lat="34.328115692584326" lon="108.98079665620921">
        <ele>394.99519229494035</ele>
        <time>2022-05-02T11:16:33Z</time>
      </trkpt>
      <trkpt lat="34.32811687718128" lon="108.98063775287756">
        <ele>395.1136962454766</ele>
        <time>2022-05-02T11:16:36Z</time>
      </trkpt>
      <trkpt lat="34.3281432681454" lon="108.98053174911178">
        <ele>395.4642607579008</ele>
        <time>2022-05-02T11:16:39Z</time>
      </trkpt>
      <trkpt lat="34.328133659737375" lon="108.9804111265485">
        <ele>395.7649974441156</ele>
        <time>2022-05-02T11:16:41Z</time>
      </trkpt>
      <trkpt lat="34.328159326056166" lon="108.98018616443494">
        <ele>395.6995515599847</ele>
        <time>2022-05-02T11:16:45Z</time>
      </trkpt>
      <trkpt lat="34.328135504621194" lon="108.98008874643988">
        <ele>395.7723521152511</ele>
        <time>2022-05-02T11:16:47Z</time>
      </trkpt>
      <trkpt lat="34.32814068566844" lon="108.97989643167291">
        <ele>395.7252521151677</ele>
        <time>2022-05-02T11:16:51Z</time>
      </trkpt>
      <trkpt lat="34.32810312028967" lon="108.97975819857928">
        <ele>395.57089144364</ele>
        <time>2022-05-02T11:16:55Z</time>
      </trkpt>
      <trkpt lat="34.32812732012138" lon="108.979642724681">
        <ele>395.7881070198491</ele>
        <time>2022-05-02T11:16:57Z</time>
      </trkpt>
      <trkpt lat="34.32821509045199" lon="108.97958670757995">
        <ele>395.792867673561</ele>
        <time>2022-05-02T11:17:01Z</time>
      </trkpt>
      <trkpt lat="34.3283003900166" lon="108.97958984209771">
        <ele>395.7145371064544</ele>
        <time>2022-05-02T11:17:03Z</time>
      </trkpt>
      <trkpt lat="34.32851774148792" lon="108.97952465373692">
        <ele>395.7764841290191</ele>
        <time>2022-05-02T11:17:07Z</time>
      </trkpt>
      <trkpt lat="34.328986271152026" lon="108.97952771390614">
        <ele>396.65819027647376</ele>
        <time>2022-05-02T11:17:15Z</time>
      </trkpt>
      <trkpt lat="34.32922985358766" lon="108.97950919189272">
        <ele>396.12465478945524</ele>
        <time>2022-05-02T11:17:19Z</time>
      </trkpt>
      <trkpt lat="34.32968797945814" lon="108.97953363540668">
        <ele>395.5707664405927</ele>
        <time>2022-05-02T11:17:27Z</time>
      </trkpt>
      <trkpt lat="34.32978342684187" lon="108.97958822803409">
        <ele>396.15233988314867</ele>
        <time>2022-05-02T11:17:29Z</time>
      </trkpt>
      <trkpt lat="34.33013715779257" lon="108.97968896261581">
        <ele>395.0943068610504</ele>
        <time>2022-05-02T11:17:35Z</time>
      </trkpt>
      <trkpt lat="34.33065491316705" lon="108.97970190634292">
        <ele>394.6939124725759</ele>
        <time>2022-05-02T11:17:43Z</time>
      </trkpt>
      <trkpt lat="34.33076250928867" lon="108.97978539078">
        <ele>395.19739385508</ele>
        <time>2022-05-02T11:17:45Z</time>
      </trkpt>
      <trkpt lat="34.330819588022884" lon="108.9799290418201">
        <ele>395.34369759634137</ele>
        <time>2022-05-02T11:17:47Z</time>
      </trkpt>
      <trkpt lat="34.33079629712556" lon="108.98022134127513">
        <ele>395.31950043328106</ele>
        <time>2022-05-02T11:17:51Z</time>
      </trkpt>
      <trkpt lat="34.33079006304742" lon="108.98087827375173">
        <ele>394.58835952263325</ele>
        <time>2022-05-02T11:17:59Z</time>
      </trkpt>
      <trkpt lat="34.330768765615865" lon="108.98156560087746">
        <ele>395.2496047280729</ele>
        <time>2022-05-02T11:18:07Z</time>
      </trkpt>
      <trkpt lat="34.33074813230781" lon="108.98192863740631">
        <ele>395.0883612567559</ele>
        <time>2022-05-02T11:18:11Z</time>
      </trkpt>
      <trkpt lat="34.330721741256625" lon="108.98247078655615">
        <ele>394.85430634766817</ele>
        <time>2022-05-02T11:18:17Z</time>
      </trkpt>
      <trkpt lat="34.33070118136197" lon="108.98310322414159">
        <ele>394.2274489887059</ele>
        <time>2022-05-02T11:18:24Z</time>
      </trkpt>
      <trkpt lat="34.33068865874245" lon="108.98364683259156">
        <ele>394.08318009693176</ele>
        <time>2022-05-02T11:18:30Z</time>
      </trkpt>
      <trkpt lat="34.330683910672725" lon="108.98419583969651">
        <ele>394.8513766415417</ele>
        <time>2022-05-02T11:18:36Z</time>
      </trkpt>
      <trkpt lat="34.330676105247996" lon="108.98474658180592">
        <ele>394.2743484219536</ele>
        <time>2022-05-02T11:18:42Z</time>
      </trkpt>
      <trkpt lat="34.330687593571724" lon="108.98530711327375">
        <ele>393.87525299936533</ele>
        <time>2022-05-02T11:18:48Z</time>
      </trkpt>
      <trkpt lat="34.33071059778782" lon="108.985869551753">
        <ele>393.49163315072656</ele>
        <time>2022-05-02T11:18:54Z</time>
      </trkpt>
      <trkpt lat="34.330731730859476" lon="108.98643491598325">
        <ele>393.3231444489211</ele>
        <time>2022-05-02T11:19:00Z</time>
      </trkpt>
      <trkpt lat="34.33080984961924" lon="108.98657476223244">
        <ele>393.22118309885263</ele>
        <time>2022-05-02T11:19:02Z</time>
      </trkpt>
      <trkpt lat="34.33086002584044" lon="108.98675116310888">
        <ele>392.6779201766476</ele>
        <time>2022-05-02T11:19:04Z</time>
      </trkpt>
      <trkpt lat="34.33087773019" lon="108.9869224697383">
        <ele>393.06976301502436</ele>
        <time>2022-05-02T11:19:06Z</time>
      </trkpt>
      <trkpt lat="34.33080038720193" lon="108.98710580300023">
        <ele>393.0604656934738</ele>
        <time>2022-05-02T11:19:08Z</time>
      </trkpt>
      <trkpt lat="34.3309654501769" lon="108.98688750754913">
        <ele>392.1810370897874</ele>
        <time>2022-05-02T11:19:14Z</time>
      </trkpt>
      <trkpt lat="34.330814280266374" lon="108.9873817766875">
        <ele>390.6764651145786</ele>
        <time>2022-05-02T11:19:16Z</time>
      </trkpt>
      <trkpt lat="34.330733742819895" lon="108.98766522301183">
        <ele>391.89785228762776</ele>
        <time>2022-05-02T11:19:18Z</time>
      </trkpt>
      <trkpt lat="34.33070102004674" lon="108.98791023971087">
        <ele>392.0622542249039</ele>
        <time>2022-05-02T11:19:21Z</time>
      </trkpt>
      <trkpt lat="34.33069552388603" lon="108.98829793461448">
        <ele>391.8283812645823</ele>
        <time>2022-05-02T11:19:23Z</time>
      </trkpt>
      <trkpt lat="34.330659533722084" lon="108.98889471763326">
        <ele>392.4514147648588</ele>
        <time>2022-05-02T11:19:27Z</time>
      </trkpt>
      <trkpt lat="34.330665006455625" lon="108.98949885697989">
        <ele>392.50278106238693</ele>
        <time>2022-05-02T11:19:33Z</time>
      </trkpt>
      <trkpt lat="34.330702886390625" lon="108.99006971489193">
        <ele>391.6870841635391</ele>
        <time>2022-05-02T11:19:39Z</time>
      </trkpt>
      <trkpt lat="34.330704458313434" lon="108.99025819955662">
        <ele>392.1163592264056</ele>
        <time>2022-05-02T11:19:41Z</time>
      </trkpt>
      <trkpt lat="34.33065038796535" lon="108.99043231341922">
        <ele>391.0347144799307</ele>
        <time>2022-05-02T11:19:43Z</time>
      </trkpt>
      <trkpt lat="34.330652632980296" lon="108.99113389472308">
        <ele>391.7469971794635</ele>
        <time>2022-05-02T11:19:51Z</time>
      </trkpt>
      <trkpt lat="34.33063992277077" lon="108.99130897528778">
        <ele>391.3792080497369</ele>
        <time>2022-05-02T11:19:53Z</time>
      </trkpt>
      <trkpt lat="34.33065612671734" lon="108.99148000747792">
        <ele>393.050078028813</ele>
        <time>2022-05-02T11:19:55Z</time>
      </trkpt>
      <trkpt lat="34.33062278867503" lon="108.9917078660106">
        <ele>392.2640874478966</ele>
        <time>2022-05-02T11:19:57Z</time>
      </trkpt>
      <trkpt lat="34.330598832525006" lon="108.99229599182921">
        <ele>393.4909236114472</ele>
        <time>2022-05-02T11:20:03Z</time>
      </trkpt>
      <trkpt lat="34.33060571579032" lon="108.9924996768604">
        <ele>392.7095598084852</ele>
        <time>2022-05-02T11:20:05Z</time>
      </trkpt>
      <trkpt lat="34.33059251361736" lon="108.99268516038296">
        <ele>393.59396638628095</ele>
        <time>2022-05-02T11:20:07Z</time>
      </trkpt>
      <trkpt lat="34.33061260753726" lon="108.99326880961786">
        <ele>394.22855964675546</ele>
        <time>2022-05-02T11:20:13Z</time>
      </trkpt>
      <trkpt lat="34.33062434075752" lon="108.9936188451566">
        <ele>394.0785793317482</ele>
        <time>2022-05-02T11:20:17Z</time>
      </trkpt>
      <trkpt lat="34.33071810841292" lon="108.99414220388188">
        <ele>392.6185868382454</ele>
        <time>2022-05-02T11:20:23Z</time>
      </trkpt>
      <trkpt lat="34.33081348707614" lon="108.99478022867916">
        <ele>393.30381599534303</ele>
        <time>2022-05-02T11:20:30Z</time>
      </trkpt>
      <trkpt lat="34.33084770676407" lon="108.99494140355367">
        <ele>393.54586901608855</ele>
        <time>2022-05-02T11:20:32Z</time>
      </trkpt>
      <trkpt lat="34.330785386201185" lon="108.99522051227652">
        <ele>392.21944223344326</ele>
        <time>2022-05-02T11:20:34Z</time>
      </trkpt>
      <trkpt lat="34.33079366146525" lon="108.9956584863384">
        <ele>394.9895548261702</ele>
        <time>2022-05-02T11:20:38Z</time>
      </trkpt>
      <trkpt lat="34.330852274538415" lon="108.99593897010658">
        <ele>393.1799576561898</ele>
        <time>2022-05-02T11:20:42Z</time>
      </trkpt>
      <trkpt lat="34.33085697845221" lon="108.9964116318412">
        <ele>391.61507144384086</ele>
        <time>2022-05-02T11:20:46Z</time>
      </trkpt>
      <trkpt lat="34.33087590498563" lon="108.99660576762739">
        <ele>393.3945867586881</ele>
        <time>2022-05-02T11:20:48Z</time>
      </trkpt>
      <trkpt lat="34.33098745236134" lon="108.99694547600411">
        <ele>392.5388342058286</ele>
        <time>2022-05-02T11:20:52Z</time>
      </trkpt>
      <trkpt lat="34.33108105571331" lon="108.99732273782313">
        <ele>392.7477363878861</ele>
        <time>2022-05-02T11:20:56Z</time>
      </trkpt>
      <trkpt lat="34.33124529482948" lon="108.99789236667422">
        <ele>393.122005129233</ele>
        <time>2022-05-02T11:21:02Z</time>
      </trkpt>
      <trkpt lat="34.3313853133061" lon="108.99851889066684">
        <ele>391.38408384658396</ele>
        <time>2022-05-02T11:21:08Z</time>
      </trkpt>
      <trkpt lat="34.33147098756576" lon="108.99916429427566">
        <ele>391.39504774007946</ele>
        <time>2022-05-02T11:21:14Z</time>
      </trkpt>
      <trkpt lat="34.3315337428358" lon="108.9997838695937">
        <ele>390.1558891357854</ele>
        <time>2022-05-02T11:21:20Z</time>
      </trkpt>
      <trkpt lat="34.33155432346616" lon="109.00020503471467">
        <ele>389.50225786399096</ele>
        <time>2022-05-02T11:21:24Z</time>
      </trkpt>
      <trkpt lat="34.331551235027916" lon="109.00083732260977">
        <ele>390.116666152142</ele>
        <time>2022-05-02T11:21:30Z</time>
      </trkpt>
      <trkpt lat="34.331546064356566" lon="109.00145995117357">
        <ele>390.9283845955506</ele>
        <time>2022-05-02T11:21:36Z</time>
      </trkpt>
      <trkpt lat="34.33153084278195" lon="109.00207686181214">
        <ele>389.7601129747927</ele>
        <time>2022-05-02T11:21:42Z</time>
      </trkpt>
      <trkpt lat="34.33151477856824" lon="109.00263519328703">
        <ele>388.9676775652915</ele>
        <time>2022-05-02T11:21:48Z</time>
      </trkpt>
      <trkpt lat="34.331478670734015" lon="109.00331166293152">
        <ele>389.1378925787285</ele>
        <time>2022-05-02T11:21:56Z</time>
      </trkpt>
      <trkpt lat="34.33148924787711" lon="109.00362877354489">
        <ele>387.8315271837637</ele>
        <time>2022-05-02T11:22:00Z</time>
      </trkpt>
      <trkpt lat="34.33147164895392" lon="109.0037775327279">
        <ele>388.3967442633584</ele>
        <time>2022-05-02T11:22:02Z</time>
      </trkpt>
      <trkpt lat="34.331479272749164" lon="109.00404798200518">
        <ele>387.76322485599667</ele>
        <time>2022-05-02T11:22:06Z</time>
      </trkpt>
      <trkpt lat="34.3314320309933" lon="109.00472247241767">
        <ele>390.0185310430825</ele>
        <time>2022-05-02T11:22:14Z</time>
      </trkpt>
      <trkpt lat="34.33139948912037" lon="109.00529897218867">
        <ele>387.97349380049855</ele>
        <time>2022-05-02T11:22:20Z</time>
      </trkpt>
      <trkpt lat="34.33137797129476" lon="109.00588735704282">
        <ele>386.5343084121123</ele>
        <time>2022-05-02T11:22:26Z</time>
      </trkpt>
      <trkpt lat="34.331373790354085" lon="109.00646561410063">
        <ele>386.1321594035253</ele>
        <time>2022-05-02T11:22:32Z</time>
      </trkpt>
      <trkpt lat="34.33134999813224" lon="109.00707330493073">
        <ele>386.03315117023885</ele>
        <time>2022-05-02T11:22:38Z</time>
      </trkpt>
      <trkpt lat="34.331339460608916" lon="109.00769622380486">
        <ele>383.75455965381116</ele>
        <time>2022-05-02T11:22:44Z</time>
      </trkpt>
      <trkpt lat="34.33135704899661" lon="109.00828775956661">
        <ele>385.12839181069285</ele>
        <time>2022-05-02T11:22:50Z</time>
      </trkpt>
      <trkpt lat="34.33133672131828" lon="109.00866974906727">
        <ele>384.6297571454197</ele>
        <time>2022-05-02T11:22:54Z</time>
      </trkpt>
      <trkpt lat="34.33134664571448" lon="109.00927659352139">
        <ele>386.49857925157994</ele>
        <time>2022-05-02T11:23:00Z</time>
      </trkpt>
      <trkpt lat="34.33135879083853" lon="109.00967795849236">
        <ele>386.4672375060618</ele>
        <time>2022-05-02T11:23:04Z</time>
      </trkpt>
      <trkpt lat="34.331347494014224" lon="109.00986727367588">
        <ele>388.00596353039145</ele>
        <time>2022-05-02T11:23:06Z</time>
      </trkpt>
      <trkpt lat="34.33136004136964" lon="109.01006307308882">
        <ele>386.84253002051264</ele>
        <time>2022-05-02T11:23:08Z</time>
      </trkpt>
      <trkpt lat="34.33139766386668" lon="109.01023957997707">
        <ele>385.99102342594415</ele>
        <time>2022-05-02T11:23:10Z</time>
      </trkpt>
      <trkpt lat="34.331416193650995" lon="109.01043887171618">
        <ele>389.4294906333089</ele>
        <time>2022-05-02T11:23:12Z</time>
      </trkpt>
      <trkpt lat="34.33150413110621" lon="109.01081827793857">
        <ele>395.36176201701164</ele>
        <time>2022-05-02T11:23:16Z</time>
      </trkpt>
      <trkpt lat="34.33164646454463" lon="109.01119907772183">
        <ele>394.7882531667128</ele>
        <time>2022-05-02T11:23:20Z</time>
      </trkpt>
      <trkpt lat="34.331814423471755" lon="109.0117390935853">
        <ele>393.9871673285961</ele>
        <time>2022-05-02T11:23:26Z</time>
      </trkpt>
      <trkpt lat="34.33191917103178" lon="109.01204697473244">
        <ele>390.9565085945651</ele>
        <time>2022-05-02T11:23:30Z</time>
      </trkpt>
      <trkpt lat="34.33213302840597" lon="109.01256204362377">
        <ele>389.15223522111773</ele>
        <time>2022-05-02T11:23:36Z</time>
      </trkpt>
      <trkpt lat="34.33237478390297" lon="109.01296941537024">
        <ele>390.3265991983935</ele>
        <time>2022-05-02T11:23:42Z</time>
      </trkpt>
      <trkpt lat="34.332567250735615" lon="109.01319539282339">
        <ele>392.48198790475726</ele>
        <time>2022-05-02T11:23:46Z</time>
      </trkpt>
      <trkpt lat="34.332828539614546" lon="109.01365528046809">
        <ele>392.6129662366584</ele>
        <time>2022-05-02T11:23:52Z</time>
      </trkpt>
      <trkpt lat="34.33307797790636" lon="109.01410872564647">
        <ele>391.87784905545413</ele>
        <time>2022-05-02T11:23:58Z</time>
      </trkpt>
      <trkpt lat="34.33338724221821" lon="109.01470376274231">
        <ele>389.31970950681716</ele>
        <time>2022-05-02T11:24:06Z</time>
      </trkpt>
      <trkpt lat="34.33365553387792" lon="109.01519150842144">
        <ele>386.4817291162908</ele>
        <time>2022-05-02T11:24:12Z</time>
      </trkpt>
      <trkpt lat="34.33398218148503" lon="109.01567642225218">
        <ele>386.7797129349783</ele>
        <time>2022-05-02T11:24:18Z</time>
      </trkpt>
      <trkpt lat="34.33432785795009" lon="109.01613292250501">
        <ele>386.26116242818534</ele>
        <time>2022-05-02T11:24:24Z</time>
      </trkpt>
      <trkpt lat="34.33467056028872" lon="109.01655889620218">
        <ele>387.76344366557896</ele>
        <time>2022-05-02T11:24:30Z</time>
      </trkpt>
      <trkpt lat="34.33499521516413" lon="109.01697661452003">
        <ele>387.15285883285105</ele>
        <time>2022-05-02T11:24:36Z</time>
      </trkpt>
      <trkpt lat="34.33531534831818" lon="109.01737290556173">
        <ele>387.808849748224</ele>
        <time>2022-05-02T11:24:42Z</time>
      </trkpt>
      <trkpt lat="34.3356383623821" lon="109.01775020613896">
        <ele>387.41298355162144</ele>
        <time>2022-05-02T11:24:48Z</time>
      </trkpt>
      <trkpt lat="34.33602372803279" lon="109.01814195500208">
        <ele>389.27376627456397</ele>
        <time>2022-05-02T11:24:54Z</time>
      </trkpt>
      <trkpt lat="34.33641970062906" lon="109.0185519483455">
        <ele>390.0149066420272</ele>
        <time>2022-05-02T11:25:00Z</time>
      </trkpt>
      <trkpt lat="34.33649524320115" lon="109.01864913811374">
        <ele>390.7194040454924</ele>
        <time>2022-05-02T11:25:02Z</time>
      </trkpt>
      <trkpt lat="34.3367355604831" lon="109.01882480744263">
        <ele>388.0486545814201</ele>
        <time>2022-05-02T11:25:04Z</time>
      </trkpt>
      <trkpt lat="34.33714669674203" lon="109.01924840523678">
        <ele>388.2763413954526</ele>
        <time>2022-05-02T11:25:10Z</time>
      </trkpt>
      <trkpt lat="34.33751459259664" lon="109.0196235230406">
        <ele>389.0642246026546</ele>
        <time>2022-05-02T11:25:16Z</time>
      </trkpt>
      <trkpt lat="34.33785738132778" lon="109.01997664681335">
        <ele>389.3997102966532</ele>
        <time>2022-05-02T11:25:22Z</time>
      </trkpt>
      <trkpt lat="34.33819295088436" lon="109.02031862997731">
        <ele>394.6466917525977</ele>
        <time>2022-05-02T11:25:28Z</time>
      </trkpt>
      <trkpt lat="34.338527893721455" lon="109.02064753857661">
        <ele>395.30505227297544</ele>
        <time>2022-05-02T11:25:34Z</time>
      </trkpt>
      <trkpt lat="34.33889540274804" lon="109.02104504152588">
        <ele>392.88509261235595</ele>
        <time>2022-05-02T11:25:42Z</time>
      </trkpt>
      <trkpt lat="34.338983564417774" lon="109.02113581281985">
        <ele>392.14277088455856</ele>
        <time>2022-05-02T11:25:44Z</time>
      </trkpt>
      <trkpt lat="34.33927107796402" lon="109.02134312663988">
        <ele>390.7223640549928</ele>
        <time>2022-05-02T11:25:58Z</time>
      </trkpt>
      <trkpt lat="34.33964237525579" lon="109.02176240717668">
        <ele>389.2429682472721</ele>
        <time>2022-05-02T11:26:06Z</time>
      </trkpt>
      <trkpt lat="34.339862771540176" lon="109.02197366075363">
        <ele>389.6922981310636</ele>
        <time>2022-05-02T11:26:10Z</time>
      </trkpt>
      <trkpt lat="34.34017755168526" lon="109.02233624238477">
        <ele>391.1643274007365</ele>
        <time>2022-05-02T11:26:16Z</time>
      </trkpt>
      <trkpt lat="34.34051755695849" lon="109.0226827472492">
        <ele>389.8417013771832</ele>
        <time>2022-05-02T11:26:22Z</time>
      </trkpt>
      <trkpt lat="34.340898423079544" lon="109.02301900223962">
        <ele>389.04903981182724</ele>
        <time>2022-05-02T11:26:28Z</time>
      </trkpt>
      <trkpt lat="34.3412324239588" lon="109.02337142269874">
        <ele>387.2770445635542</ele>
        <time>2022-05-02T11:26:34Z</time>
      </trkpt>
      <trkpt lat="34.34134129229315" lon="109.02348207434387">
        <ele>387.8243391821161</ele>
        <time>2022-05-02T11:26:36Z</time>
      </trkpt>
      <trkpt lat="34.341418513690556" lon="109.02363134559126">
        <ele>387.56810972467065</ele>
        <time>2022-05-02T11:26:38Z</time>
      </trkpt>
      <trkpt lat="34.341627132735844" lon="109.02382921966675">
        <ele>387.1072758305818</ele>
        <time>2022-05-02T11:26:42Z</time>
      </trkpt>
      <trkpt lat="34.3416668329183" lon="109.02396026589814">
        <ele>386.841480569914</ele>
        <time>2022-05-02T11:26:44Z</time>
      </trkpt>
      <trkpt lat="34.34156738553519" lon="109.02414957138744">
        <ele>387.7114578932524</ele>
        <time>2022-05-02T11:26:46Z</time>
      </trkpt>
      <trkpt lat="34.341475485434735" lon="109.02425359274199">
        <ele>385.6800940427929</ele>
        <time>2022-05-02T11:26:48Z</time>
      </trkpt>
      <trkpt lat="34.34132450775395" lon="109.02451802751199">
        <ele>386.705694552511</ele>
        <time>2022-05-02T11:26:52Z</time>
      </trkpt>
      <trkpt lat="34.34094730729065" lon="109.02504464311235">
        <ele>387.7582676121965</ele>
        <time>2022-05-02T11:27:00Z</time>
      </trkpt>
      <trkpt lat="34.34083909746073" lon="109.02518956122869">
        <ele>388.129017194733</ele>
        <time>2022-05-02T11:27:02Z</time>
      </trkpt>
      <trkpt lat="34.34076247976395" lon="109.02535342886486">
        <ele>390.1573692345992</ele>
        <time>2022-05-02T11:27:04Z</time>
      </trkpt>
      <trkpt lat="34.340486516627834" lon="109.02576013212473">
        <ele>390.1670079510659</ele>
        <time>2022-05-02T11:27:10Z</time>
      </trkpt>
      <trkpt lat="34.34021237008989" lon="109.02619127228138">
        <ele>393.31222095154226</ele>
        <time>2022-05-02T11:27:16Z</time>
      </trkpt>
      <trkpt lat="34.3399176567643" lon="109.02660733176161">
        <ele>394.1824395423755</ele>
        <time>2022-05-02T11:27:22Z</time>
      </trkpt>
      <trkpt lat="34.339628527133094" lon="109.02702448457224">
        <ele>396.2362617980689</ele>
        <time>2022-05-02T11:27:28Z</time>
      </trkpt>
      <trkpt lat="34.33942815500648" lon="109.02730119960198">
        <ele>398.39414286240935</ele>
        <time>2022-05-02T11:27:32Z</time>
      </trkpt>
      <trkpt lat="34.339133777639674" lon="109.02774776364868">
        <ele>395.9867435656488</ele>
        <time>2022-05-02T11:27:38Z</time>
      </trkpt>
      <trkpt lat="34.339035966803486" lon="109.02789164135987">
        <ele>396.0047788769007</ele>
        <time>2022-05-02T11:27:40Z</time>
      </trkpt>
      <trkpt lat="34.33895413772312" lon="109.02804663670507">
        <ele>394.71385403349996</ele>
        <time>2022-05-02T11:27:42Z</time>
      </trkpt>
      <trkpt lat="34.338622356217066" lon="109.02846181878195">
        <ele>393.40984253864735</ele>
        <time>2022-05-02T11:27:48Z</time>
      </trkpt>
      <trkpt lat="34.33835114575841" lon="109.028934040386">
        <ele>393.49896573554724</ele>
        <time>2022-05-02T11:27:54Z</time>
      </trkpt>
      <trkpt lat="34.33809510925805" lon="109.02941400974849">
        <ele>393.47831808496267</ele>
        <time>2022-05-02T11:28:00Z</time>
      </trkpt>
      <trkpt lat="34.33782116809568" lon="109.02989933397842">
        <ele>393.1031588083133</ele>
        <time>2022-05-02T11:28:06Z</time>
      </trkpt>
      <trkpt lat="34.33753888302644" lon="109.0303834266961">
        <ele>391.32006373722106</ele>
        <time>2022-05-02T11:28:12Z</time>
      </trkpt>
      <trkpt lat="34.3373606234681" lon="109.03069265830845">
        <ele>391.41271301265806</ele>
        <time>2022-05-02T11:28:16Z</time>
      </trkpt>
      <trkpt lat="34.33730081440162" lon="109.0308541361255">
        <ele>391.3335323864594</ele>
        <time>2022-05-02T11:28:18Z</time>
      </trkpt>
      <trkpt lat="34.337129975097454" lon="109.0311585192855">
        <ele>390.27451535034925</ele>
        <time>2022-05-02T11:28:22Z</time>
      </trkpt>
      <trkpt lat="34.336852962518144" lon="109.03160415108545">
        <ele>389.0208361390978</ele>
        <time>2022-05-02T11:28:28Z</time>
      </trkpt>
      <trkpt lat="34.33658281413311" lon="109.03204979117494">
        <ele>388.7536432761699</ele>
        <time>2022-05-02T11:28:34Z</time>
      </trkpt>
      <trkpt lat="34.336316236621144" lon="109.03250659179727">
        <ele>389.35650669410825</ele>
        <time>2022-05-02T11:28:40Z</time>
      </trkpt>
      <trkpt lat="34.33603737589135" lon="109.03296213876466">
        <ele>389.68721438758075</ele>
        <time>2022-05-02T11:28:46Z</time>
      </trkpt>
      <trkpt lat="34.335771234399736" lon="109.03343824476875">
        <ele>390.375770685263</ele>
        <time>2022-05-02T11:28:52Z</time>
      </trkpt>
      <trkpt lat="34.33550383597339" lon="109.03389800882114">
        <ele>390.01200282387435</ele>
        <time>2022-05-02T11:28:58Z</time>
      </trkpt>
      <trkpt lat="34.335239589062965" lon="109.03436263758088">
        <ele>389.53256164770573</ele>
        <time>2022-05-02T11:29:04Z</time>
      </trkpt>
      <trkpt lat="34.33498114105026" lon="109.0348291691269">
        <ele>389.7904409933835</ele>
        <time>2022-05-02T11:29:10Z</time>
      </trkpt>
      <trkpt lat="34.33482073187441" lon="109.0351181565579">
        <ele>388.7106858342886</ele>
        <time>2022-05-02T11:29:14Z</time>
      </trkpt>
      <trkpt lat="34.334578591549565" lon="109.03556964254129">
        <ele>389.63424723781645</ele>
        <time>2022-05-02T11:29:20Z</time>
      </trkpt>
      <trkpt lat="34.33431101479641" lon="109.0360014840106">
        <ele>389.0791133288294</ele>
        <time>2022-05-02T11:29:26Z</time>
      </trkpt>
      <trkpt lat="34.334067411219834" lon="109.03646456782838">
        <ele>388.7104540131986</ele>
        <time>2022-05-02T11:29:32Z</time>
      </trkpt>
      <trkpt lat="34.333777257234196" lon="109.03691535442151">
        <ele>389.5734483161941</ele>
        <time>2022-05-02T11:29:38Z</time>
      </trkpt>
      <trkpt lat="34.333691032867335" lon="109.03708379683297">
        <ele>390.64794447179884</ele>
        <time>2022-05-02T11:29:40Z</time>
      </trkpt>
      <trkpt lat="34.33341246556444" lon="109.03753461321234">
        <ele>389.59416424203664</ele>
        <time>2022-05-02T11:29:46Z</time>
      </trkpt>
      <trkpt lat="34.333150469927496" lon="109.0380114369401">
        <ele>390.2540609445423</ele>
        <time>2022-05-02T11:29:52Z</time>
      </trkpt>
      <trkpt lat="34.332890801659225" lon="109.03847218681508">
        <ele>390.5342532163486</ele>
        <time>2022-05-02T11:29:58Z</time>
      </trkpt>
      <trkpt lat="34.33263500722817" lon="109.03892738925545">
        <ele>389.61914674565196</ele>
        <time>2022-05-02T11:30:04Z</time>
      </trkpt>
      <trkpt lat="34.33237945125807" lon="109.03937980868152">
        <ele>389.00080691929907</ele>
        <time>2022-05-02T11:30:10Z</time>
      </trkpt>
      <trkpt lat="34.33212882339236" lon="109.03984020099949">
        <ele>389.88732451573014</ele>
        <time>2022-05-02T11:30:16Z</time>
      </trkpt>
      <trkpt lat="34.331868132981235" lon="109.04030910204324">
        <ele>390.3026475580409</ele>
        <time>2022-05-02T11:30:22Z</time>
      </trkpt>
      <trkpt lat="34.331594470348634" lon="109.04078949201451">
        <ele>391.54120776988566</ele>
        <time>2022-05-02T11:30:28Z</time>
      </trkpt>
      <trkpt lat="34.33131784300313" lon="109.04127483067515">
        <ele>390.80007205717266</ele>
        <time>2022-05-02T11:30:34Z</time>
      </trkpt>
      <trkpt lat="34.33105360485044" lon="109.04175757988355">
        <ele>390.53765296097845</ele>
        <time>2022-05-02T11:30:40Z</time>
      </trkpt>
      <trkpt lat="34.33093426333175" lon="109.04211549383815">
        <ele>391.05598268751055</ele>
        <time>2022-05-02T11:30:44Z</time>
      </trkpt>
      <trkpt lat="34.33067197947075" lon="109.0425962219548">
        <ele>390.8347833119333</ele>
        <time>2022-05-02T11:30:50Z</time>
      </trkpt>
      <trkpt lat="34.33039894462261" lon="109.04307068726517">
        <ele>390.65382766444236</ele>
        <time>2022-05-02T11:30:56Z</time>
      </trkpt>
      <trkpt lat="34.33011847877897" lon="109.04353624072786">
        <ele>391.2870324673131</ele>
        <time>2022-05-02T11:31:02Z</time>
      </trkpt>
      <trkpt lat="34.32984940751169" lon="109.04401000165628">
        <ele>391.07060210127383</ele>
        <time>2022-05-02T11:31:08Z</time>
      </trkpt>
      <trkpt lat="34.32957603639914" lon="109.0444837839204">
        <ele>391.5032097827643</ele>
        <time>2022-05-02T11:31:14Z</time>
      </trkpt>
      <trkpt lat="34.32930902247909" lon="109.04496605869159">
        <ele>392.6637327345088</ele>
        <time>2022-05-02T11:31:20Z</time>
      </trkpt>
      <trkpt lat="34.328987608221524" lon="109.04551180021828">
        <ele>394.0934960106388</ele>
        <time>2022-05-02T11:31:28Z</time>
      </trkpt>
      <trkpt lat="34.328919813648305" lon="109.04562176175992">
        <ele>393.33422725461423</ele>
        <time>2022-05-02T11:31:30Z</time>
      </trkpt>
      <trkpt lat="34.32895104881937" lon="109.04573564125654">
        <ele>392.9334904141724</ele>
        <time>2022-05-02T11:31:32Z</time>
      </trkpt>
      <trkpt lat="34.329060270024385" lon="109.04576958819328">
        <ele>392.37132433243096</ele>
        <time>2022-05-02T11:31:34Z</time>
      </trkpt>
      <trkpt lat="34.329155959781346" lon="109.04568505008713">
        <ele>391.994958370924</ele>
        <time>2022-05-02T11:31:36Z</time>
      </trkpt>
      <trkpt lat="34.329380908411686" lon="109.04523983887975">
        <ele>395.0628391113132</ele>
        <time>2022-05-02T11:31:43Z</time>
      </trkpt>
      <trkpt lat="34.32969809932322" lon="109.0446636605223">
        <ele>398.6414455808699</ele>
        <time>2022-05-02T11:31:51Z</time>
      </trkpt>
      <trkpt lat="34.32987417298079" lon="109.04438722923554">
        <ele>399.81971128005534</ele>
        <time>2022-05-02T11:31:55Z</time>
      </trkpt>
      <trkpt lat="34.330132154602225" lon="109.04393216018865">
        <ele>400.76014336012304</ele>
        <time>2022-05-02T11:32:01Z</time>
      </trkpt>
      <trkpt lat="34.3304015898665" lon="109.04347401739321">
        <ele>400.59759052749723</ele>
        <time>2022-05-02T11:32:07Z</time>
      </trkpt>
      <trkpt lat="34.330673203355445" lon="109.04300080868815">
        <ele>400.5359257925302</ele>
        <time>2022-05-02T11:32:13Z</time>
      </trkpt>
      <trkpt lat="34.33093588768389" lon="109.04253856126826">
        <ele>401.34715711232275</ele>
        <time>2022-05-02T11:32:19Z</time>
      </trkpt>
      <trkpt lat="34.33123988354941" lon="109.04200770868168">
        <ele>400.02567575965077</ele>
        <time>2022-05-02T11:32:27Z</time>
      </trkpt>
      <trkpt lat="34.33154847311315" lon="109.04145233786917">
        <ele>400.44825069978833</ele>
        <time>2022-05-02T11:32:35Z</time>
      </trkpt>
      <trkpt lat="34.33180730686337" lon="109.04103329023661">
        <ele>400.04287035763264</ele>
        <time>2022-05-02T11:32:41Z</time>
      </trkpt>
      <trkpt lat="34.3320517534978" lon="109.0405931171166">
        <ele>400.222052404657</ele>
        <time>2022-05-02T11:32:47Z</time>
      </trkpt>
      <trkpt lat="34.33237814243109" lon="109.04002131645807">
        <ele>399.5001363493502</ele>
        <time>2022-05-02T11:32:55Z</time>
      </trkpt>
      <trkpt lat="34.33263771828267" lon="109.03956905092424">
        <ele>398.9334016274661</ele>
        <time>2022-05-02T11:33:01Z</time>
      </trkpt>
      <trkpt lat="34.33293433764083" lon="109.03902717472268">
        <ele>399.079601297155</ele>
        <time>2022-05-02T11:33:08Z</time>
      </trkpt>
      <trkpt lat="34.33319930395249" lon="109.03856584369836">
        <ele>398.98284407984465</ele>
        <time>2022-05-02T11:33:14Z</time>
      </trkpt>
      <trkpt lat="34.33346266455755" lon="109.03809922800629">
        <ele>398.7410620143637</ele>
        <time>2022-05-02T11:33:20Z</time>
      </trkpt>
      <trkpt lat="34.333722640632686" lon="109.03763298644964">
        <ele>398.2703568916768</ele>
        <time>2022-05-02T11:33:26Z</time>
      </trkpt>
      <trkpt lat="34.3339904912005" lon="109.03715223511335">
        <ele>398.7609588727355</ele>
        <time>2022-05-02T11:33:32Z</time>
      </trkpt>
      <trkpt lat="34.33427310550245" lon="109.03665853174152">
        <ele>397.6900301184505</ele>
        <time>2022-05-02T11:33:38Z</time>
      </trkpt>
      <trkpt lat="34.33454071420613" lon="109.03617627468137">
        <ele>397.4385365433991</ele>
        <time>2022-05-02T11:33:44Z</time>
      </trkpt>
      <trkpt lat="34.33481462502403" lon="109.0356796938921">
        <ele>397.2927742302418</ele>
        <time>2022-05-02T11:33:50Z</time>
      </trkpt>
      <trkpt lat="34.33510427169557" lon="109.03519411021416">
        <ele>397.6366660632193</ele>
        <time>2022-05-02T11:33:56Z</time>
      </trkpt>
      <trkpt lat="34.33536839192497" lon="109.03470524216532">
        <ele>398.5343531090766</ele>
        <time>2022-05-02T11:34:02Z</time>
      </trkpt>
      <trkpt lat="34.335640405973024" lon="109.03423894554429">
        <ele>397.7408677954227</ele>
        <time>2022-05-02T11:34:08Z</time>
      </trkpt>
      <trkpt lat="34.335916469813526" lon="109.03374698671513">
        <ele>396.5056443018839</ele>
        <time>2022-05-02T11:34:14Z</time>
      </trkpt>
      <trkpt lat="34.33618687574496" lon="109.03326897559548">
        <ele>397.4057036759332</ele>
        <time>2022-05-02T11:34:20Z</time>
      </trkpt>
      <trkpt lat="34.33645080681907" lon="109.0327854253729">
        <ele>398.3566182833165</ele>
        <time>2022-05-02T11:34:26Z</time>
      </trkpt>
      <trkpt lat="34.33672316018103" lon="109.03232638094043">
        <ele>397.9424891574308</ele>
        <time>2022-05-02T11:34:32Z</time>
      </trkpt>
      <trkpt lat="34.33699173966372" lon="109.03186299023011">
        <ele>398.00420471280813</ele>
        <time>2022-05-02T11:34:38Z</time>
      </trkpt>
      <trkpt lat="34.33725970798186" lon="109.03138295039471">
        <ele>397.29839116241783</ele>
        <time>2022-05-02T11:34:44Z</time>
      </trkpt>
      <trkpt lat="34.33752827407668" lon="109.03092516225654">
        <ele>396.4984067399055</ele>
        <time>2022-05-02T11:34:50Z</time>
      </trkpt>
      <trkpt lat="34.33777224868999" lon="109.03046223509115">
        <ele>398.1365920258686</ele>
        <time>2022-05-02T11:34:56Z</time>
      </trkpt>
      <trkpt lat="34.338022134279974" lon="109.03001459752775">
        <ele>398.46911649312824</ele>
        <time>2022-05-02T11:35:02Z</time>
      </trkpt>
      <trkpt lat="34.33828627944049" lon="109.0295862185678">
        <ele>398.3124539600685</ele>
        <time>2022-05-02T11:35:08Z</time>
      </trkpt>
      <trkpt lat="34.33854102459725" lon="109.02914996795434">
        <ele>398.5481467247009</ele>
        <time>2022-05-02T11:35:14Z</time>
      </trkpt>
      <trkpt lat="34.338787546480894" lon="109.02870104415189">
        <ele>397.74456772208214</ele>
        <time>2022-05-02T11:35:20Z</time>
      </trkpt>
      <trkpt lat="34.33904596114663" lon="109.02824667689306">
        <ele>396.3803243590519</ele>
        <time>2022-05-02T11:35:26Z</time>
      </trkpt>
      <trkpt lat="34.339299796356705" lon="109.02780141460087">
        <ele>397.5763503583148</ele>
        <time>2022-05-02T11:35:32Z</time>
      </trkpt>
      <trkpt lat="34.33957015575015" lon="109.02739205485956">
        <ele>395.71187350153923</ele>
        <time>2022-05-02T11:35:38Z</time>
      </trkpt>
      <trkpt lat="34.339855816312" lon="109.02696225960659">
        <ele>395.3833470148966</ele>
        <time>2022-05-02T11:35:44Z</time>
      </trkpt>
      <trkpt lat="34.33996566110553" lon="109.02682705976547">
        <ele>394.57369242887944</ele>
        <time>2022-05-02T11:35:46Z</time>
      </trkpt>
      <trkpt lat="34.34013768143506" lon="109.0265080949883">
        <ele>393.8690613070503</ele>
        <time>2022-05-02T11:35:50Z</time>
      </trkpt>
      <trkpt lat="34.340207240502934" lon="109.02634334622292">
        <ele>393.95189214963466</ele>
        <time>2022-05-02T11:35:52Z</time>
      </trkpt>
      <trkpt lat="34.34030414220479" lon="109.02617751469515">
        <ele>393.673437085934</ele>
        <time>2022-05-02T11:35:54Z</time>
      </trkpt>
      <trkpt lat="34.34062641434197" lon="109.0257227999998">
        <ele>393.2157870521769</ele>
        <time>2022-05-02T11:36:00Z</time>
      </trkpt>
      <trkpt lat="34.34094595244651" lon="109.02525859448541">
        <ele>394.79995617922395</ele>
        <time>2022-05-02T11:36:06Z</time>
      </trkpt>
      <trkpt lat="34.34126292264409" lon="109.0248731807964">
        <ele>393.61635331623256</ele>
        <time>2022-05-02T11:36:12Z</time>
      </trkpt>
      <trkpt lat="34.341599462970294" lon="109.02439911611921">
        <ele>393.65791648998857</ele>
        <time>2022-05-02T11:36:20Z</time>
      </trkpt>
      <trkpt lat="34.34158433573298" lon="109.02426681965858">
        <ele>394.088663559407</ele>
        <time>2022-05-02T11:36:24Z</time>
      </trkpt>
      <trkpt lat="34.34137222127526" lon="109.02442563371258">
        <ele>394.05348815675825</ele>
        <time>2022-05-02T11:36:32Z</time>
      </trkpt>
      <trkpt lat="34.341175805556944" lon="109.02473067602156">
        <ele>393.69748340547085</ele>
        <time>2022-05-02T11:36:38Z</time>
      </trkpt>
      <trkpt lat="34.34087127590668" lon="109.02509704198937">
        <ele>392.65660693496466</ele>
        <time>2022-05-02T11:36:44Z</time>
      </trkpt>
      <trkpt lat="34.34055154609192" lon="109.02556632621963">
        <ele>392.50369710754603</ele>
        <time>2022-05-02T11:36:50Z</time>
      </trkpt>
      <trkpt lat="34.340216353627774" lon="109.02602794421664">
        <ele>393.88071571756154</ele>
        <time>2022-05-02T11:36:56Z</time>
      </trkpt>
      <trkpt lat="34.33988724270887" lon="109.02647033822848">
        <ele>392.378839565441</ele>
        <time>2022-05-02T11:37:02Z</time>
      </trkpt>
      <trkpt lat="34.3395571216514" lon="109.02693217575369">
        <ele>393.11831610184163</ele>
        <time>2022-05-02T11:37:08Z</time>
      </trkpt>
      <trkpt lat="34.339232048880575" lon="109.02739884444463">
        <ele>393.43766590673476</ele>
        <time>2022-05-02T11:37:14Z</time>
      </trkpt>
      <trkpt lat="34.339037073056744" lon="109.0277126796431">
        <ele>391.5752335926518</ele>
        <time>2022-05-02T11:37:18Z</time>
      </trkpt>
      <trkpt lat="34.33883697052251" lon="109.0280594760725">
        <ele>392.9889613809064</ele>
        <time>2022-05-02T11:37:22Z</time>
      </trkpt>
      <trkpt lat="34.33854725782456" lon="109.02858347876099">
        <ele>394.22469748184085</ele>
        <time>2022-05-02T11:37:28Z</time>
      </trkpt>
      <trkpt lat="34.33825619875701" lon="109.02909529975038">
        <ele>393.5984509671107</ele>
        <time>2022-05-02T11:37:34Z</time>
      </trkpt>
      <trkpt lat="34.337943546327594" lon="109.029610466277">
        <ele>395.5613692002371</ele>
        <time>2022-05-02T11:37:40Z</time>
      </trkpt>
      <trkpt lat="34.33765496562717" lon="109.03013578773745">
        <ele>393.6699951766059</ele>
        <time>2022-05-02T11:37:46Z</time>
      </trkpt>
      <trkpt lat="34.337356801714314" lon="109.03065809912488">
        <ele>395.6671338127926</ele>
        <time>2022-05-02T11:37:52Z</time>
      </trkpt>
      <trkpt lat="34.33701976460813" lon="109.03124912794334">
        <ele>394.2194171156734</ele>
        <time>2022-05-02T11:37:59Z</time>
      </trkpt>
      <trkpt lat="34.3369281063505" lon="109.03141256387146">
        <ele>394.1079801199958</ele>
        <time>2022-05-02T11:38:01Z</time>
      </trkpt>
      <trkpt lat="34.336855589591416" lon="109.03159781317676">
        <ele>393.12663478404284</ele>
        <time>2022-05-02T11:38:03Z</time>
      </trkpt>
      <trkpt lat="34.336666895795744" lon="109.03193576462921">
        <ele>392.5458225039765</ele>
        <time>2022-05-02T11:38:07Z</time>
      </trkpt>
      <trkpt lat="34.33636504207089" lon="109.03243470264165">
        <ele>391.7692272691056</ele>
        <time>2022-05-02T11:38:13Z</time>
      </trkpt>
      <trkpt lat="34.336080160254404" lon="109.03296287745903">
        <ele>391.8721282649785</ele>
        <time>2022-05-02T11:38:19Z</time>
      </trkpt>
      <trkpt lat="34.33577255614151" lon="109.03347066654673">
        <ele>391.9073103806004</ele>
        <time>2022-05-02T11:38:25Z</time>
      </trkpt>
      <trkpt lat="34.335480638570274" lon="109.0339993734929">
        <ele>392.1977329486981</ele>
        <time>2022-05-02T11:38:31Z</time>
      </trkpt>
      <trkpt lat="34.33517529359788" lon="109.03453238491551">
        <ele>392.92217966075987</ele>
        <time>2022-05-02T11:38:37Z</time>
      </trkpt>
      <trkpt lat="34.334881275372496" lon="109.03506770747819">
        <ele>393.1221063416451</ele>
        <time>2022-05-02T11:38:43Z</time>
      </trkpt>
      <trkpt lat="34.334595502630314" lon="109.03557719013628">
        <ele>391.35767842642963</ele>
        <time>2022-05-02T11:38:49Z</time>
      </trkpt>
      <trkpt lat="34.33429696878531" lon="109.03606585440761">
        <ele>392.3643875690177</ele>
        <time>2022-05-02T11:38:55Z</time>
      </trkpt>
      <trkpt lat="34.334104688980815" lon="109.03638887962317">
        <ele>392.18742711283267</ele>
        <time>2022-05-02T11:38:59Z</time>
      </trkpt>
      <trkpt lat="34.333825034634664" lon="109.03690539257181">
        <ele>392.6964798318222</ele>
        <time>2022-05-02T11:39:05Z</time>
      </trkpt>
      <trkpt lat="34.33353474284509" lon="109.03741664272586">
        <ele>392.65473894868046</ele>
        <time>2022-05-02T11:39:11Z</time>
      </trkpt>
      <trkpt lat="34.33322111915187" lon="109.03791995852325">
        <ele>392.4173005260527</ele>
        <time>2022-05-02T11:39:17Z</time>
      </trkpt>
      <trkpt lat="34.33297334264027" lon="109.0383621744207">
        <ele>390.8226655377075</ele>
        <time>2022-05-02T11:39:22Z</time>
      </trkpt>
      <trkpt lat="34.332676311993595" lon="109.03888532086532">
        <ele>390.17024956457317</ele>
        <time>2022-05-02T11:39:28Z</time>
      </trkpt>
      <trkpt lat="34.3323801766685" lon="109.03940376913475">
        <ele>389.8016689857468</ele>
        <time>2022-05-02T11:39:34Z</time>
      </trkpt>
      <trkpt lat="34.332179026551195" lon="109.0397376057314">
        <ele>390.28272423520684</ele>
        <time>2022-05-02T11:39:38Z</time>
      </trkpt>
      <trkpt lat="34.33189479715826" lon="109.04026916848277">
        <ele>391.094554069452</ele>
        <time>2022-05-02T11:39:44Z</time>
      </trkpt>
      <trkpt lat="34.33170243628256" lon="109.04061660353833">
        <ele>391.69431794900447</ele>
        <time>2022-05-02T11:39:48Z</time>
      </trkpt>
      <trkpt lat="34.33148853002302" lon="109.04094199956731">
        <ele>392.433870524168</ele>
        <time>2022-05-02T11:39:52Z</time>
      </trkpt>
      <trkpt lat="34.33122043144421" lon="109.04150086658113">
        <ele>392.7269348911941</ele>
        <time>2022-05-02T11:39:58Z</time>
      </trkpt>
      <trkpt lat="34.33106206427332" lon="109.04187291703022">
        <ele>392.85530070681125</ele>
        <time>2022-05-02T11:40:02Z</time>
      </trkpt>
      <trkpt lat="34.33077210671165" lon="109.04236693179736">
        <ele>391.4868101654574</ele>
        <time>2022-05-02T11:40:08Z</time>
      </trkpt>
      <trkpt lat="34.330488105536254" lon="109.04286163450028">
        <ele>390.8636037437245</ele>
        <time>2022-05-02T11:40:14Z</time>
      </trkpt>
      <trkpt lat="34.330193041071716" lon="109.04337506746572">
        <ele>390.8290831381455</ele>
        <time>2022-05-02T11:40:20Z</time>
      </trkpt>
      <trkpt lat="34.32990388824673" lon="109.04388979609097">
        <ele>391.79103427845985</ele>
        <time>2022-05-02T11:40:26Z</time>
      </trkpt>
      <trkpt lat="34.32960483511845" lon="109.0444083162915">
        <ele>393.11611526086926</ele>
        <time>2022-05-02T11:40:32Z</time>
      </trkpt>
      <trkpt lat="34.32931608641946" lon="109.04489862724223">
        <ele>391.8640552042052</ele>
        <time>2022-05-02T11:40:38Z</time>
      </trkpt>
      <trkpt lat="34.32901971419526" lon="109.04538862122993">
        <ele>394.8704501669854</ele>
        <time>2022-05-02T11:40:44Z</time>
      </trkpt>
      <trkpt lat="34.328939756355915" lon="109.04555026835604">
        <ele>395.61931293737143</ele>
        <time>2022-05-02T11:40:46Z</time>
      </trkpt>
      <trkpt lat="34.328897348337705" lon="109.04570317604097">
        <ele>394.2145162727684</ele>
        <time>2022-05-02T11:40:48Z</time>
      </trkpt>
      <trkpt lat="34.3290075367154" lon="109.04579266015452">
        <ele>393.10599847510457</ele>
        <time>2022-05-02T11:40:50Z</time>
      </trkpt>
      <trkpt lat="34.32911544637541" lon="109.04574985677183">
        <ele>392.616495244205</ele>
        <time>2022-05-02T11:40:52Z</time>
      </trkpt>
      <trkpt lat="34.3292119544702" lon="109.04551056923631">
        <ele>394.3746522180736</ele>
        <time>2022-05-02T11:40:56Z</time>
      </trkpt>
      <trkpt lat="34.32928857307156" lon="109.04539204230375">
        <ele>395.2130301175639</ele>
        <time>2022-05-02T11:40:58Z</time>
      </trkpt>
      <trkpt lat="34.3296039303799" lon="109.04479683806547">
        <ele>397.00690410565585</ele>
        <time>2022-05-02T11:41:06Z</time>
      </trkpt>
      <trkpt lat="34.32990921942827" lon="109.04430576386129">
        <ele>397.1442268686369</ele>
        <time>2022-05-02T11:41:12Z</time>
      </trkpt>
      <trkpt lat="34.33020498757746" lon="109.04379014104673">
        <ele>397.99207548517734</ele>
        <time>2022-05-02T11:41:18Z</time>
      </trkpt>
      <trkpt lat="34.33051339637793" lon="109.04328712193187">
        <ele>398.16795421857387</ele>
        <time>2022-05-02T11:41:24Z</time>
      </trkpt>
      <trkpt lat="34.33080084242724" lon="109.04276174226234">
        <ele>398.943794099614</ele>
        <time>2022-05-02T11:41:30Z</time>
      </trkpt>
      <trkpt lat="34.33109094644879" lon="109.04224709576022">
        <ele>399.7606089254841</ele>
        <time>2022-05-02T11:41:36Z</time>
      </trkpt>
      <trkpt lat="34.33119492055541" lon="109.04209031528781">
        <ele>398.95244483370334</ele>
        <time>2022-05-02T11:41:38Z</time>
      </trkpt>
      <trkpt lat="34.33134733245998" lon="109.04191564441146">
        <ele>398.5982399713248</ele>
        <time>2022-05-02T11:41:42Z</time>
      </trkpt>
      <trkpt lat="34.33146894989466" lon="109.04182017798362">
        <ele>398.5128115257248</ele>
        <time>2022-05-02T11:41:46Z</time>
      </trkpt>
      <trkpt lat="34.33152043629817" lon="109.04169352379047">
        <ele>399.1616010526195</ele>
        <time>2022-05-02T11:41:48Z</time>
      </trkpt>
      <trkpt lat="34.33159022243486" lon="109.04141571094492">
        <ele>400.61782184708863</ele>
        <time>2022-05-02T11:41:52Z</time>
      </trkpt>
      <trkpt lat="34.331805679302214" lon="109.04092953945226">
        <ele>401.98945509828627</ele>
        <time>2022-05-02T11:41:58Z</time>
      </trkpt>
      <trkpt lat="34.331901384494714" lon="109.04074399725677">
        <ele>400.58488655276597</ele>
        <time>2022-05-02T11:42:00Z</time>
      </trkpt>
      <trkpt lat="34.332128500975024" lon="109.04043157064385">
        <ele>399.20306244306266</ele>
        <time>2022-05-02T11:42:04Z</time>
      </trkpt>
      <trkpt lat="34.33241737237115" lon="109.0399527096968">
        <ele>397.23532098252326</ele>
        <time>2022-05-02T11:42:10Z</time>
      </trkpt>
      <trkpt lat="34.33270147651661" lon="109.039461285519">
        <ele>398.2932461099699</ele>
        <time>2022-05-02T11:42:16Z</time>
      </trkpt>
      <trkpt lat="34.332977600169706" lon="109.03894376843755">
        <ele>397.30088205169886</ele>
        <time>2022-05-02T11:42:22Z</time>
      </trkpt>
      <trkpt lat="34.33325938898931" lon="109.03844811513947">
        <ele>397.1170522402972</ele>
        <time>2022-05-02T11:42:28Z</time>
      </trkpt>
      <trkpt lat="34.333546260388815" lon="109.03793730355768">
        <ele>398.2718442864716</ele>
        <time>2022-05-02T11:42:34Z</time>
      </trkpt>
      <trkpt lat="34.3338276665937" lon="109.03739503174461">
        <ele>400.7702405769378</ele>
        <time>2022-05-02T11:42:40Z</time>
      </trkpt>
      <trkpt lat="34.33414449904244" lon="109.03688495066756">
        <ele>398.7209777235985</ele>
        <time>2022-05-02T11:42:46Z</time>
      </trkpt>
      <trkpt lat="34.3343345874581" lon="109.03652677097496">
        <ele>399.44961297605187</ele>
        <time>2022-05-02T11:42:50Z</time>
      </trkpt>
      <trkpt lat="34.33463494892901" lon="109.03601760570488">
        <ele>398.6345483120531</ele>
        <time>2022-05-02T11:42:56Z</time>
      </trkpt>
      <trkpt lat="34.33493688994395" lon="109.03547018522538">
        <ele>397.65562137495726</ele>
        <time>2022-05-02T11:43:02Z</time>
      </trkpt>
      <trkpt lat="34.33524237219476" lon="109.03492578320383">
        <ele>397.1466614641249</ele>
        <time>2022-05-02T11:43:08Z</time>
      </trkpt>
      <trkpt lat="34.33553693887721" lon="109.03439357652226">
        <ele>398.0794466296211</ele>
        <time>2022-05-02T11:43:14Z</time>
      </trkpt>
      <trkpt lat="34.335839162499276" lon="109.03387827112894">
        <ele>398.07112143561244</ele>
        <time>2022-05-02T11:43:20Z</time>
      </trkpt>
      <trkpt lat="34.336135309807005" lon="109.03335763961341">
        <ele>396.938101333566</ele>
        <time>2022-05-02T11:43:26Z</time>
      </trkpt>
      <trkpt lat="34.33643276248093" lon="109.03283962088767">
        <ele>396.0230134828016</ele>
        <time>2022-05-02T11:43:32Z</time>
      </trkpt>
      <trkpt lat="34.33673426269616" lon="109.0323391891546">
        <ele>395.33815001603216</ele>
        <time>2022-05-02T11:43:38Z</time>
      </trkpt>
      <trkpt lat="34.337016301543215" lon="109.03181910066654">
        <ele>398.0727412002161</ele>
        <time>2022-05-02T11:43:44Z</time>
      </trkpt>
      <trkpt lat="34.33731911397189" lon="109.03128248114008">
        <ele>397.15046652499586</ele>
        <time>2022-05-02T11:43:50Z</time>
      </trkpt>
      <trkpt lat="34.337607158054844" lon="109.03075442052231">
        <ele>397.07251218147576</ele>
        <time>2022-05-02T11:43:56Z</time>
      </trkpt>
      <trkpt lat="34.337895113237586" lon="109.03024102278673">
        <ele>398.15430810675025</ele>
        <time>2022-05-02T11:44:02Z</time>
      </trkpt>
      <trkpt lat="34.33818691519777" lon="109.02972644931019">
        <ele>398.9693525508046</ele>
        <time>2022-05-02T11:44:08Z</time>
      </trkpt>
      <trkpt lat="34.33846924884784" lon="109.02920493929987">
        <ele>400.47576361801475</ele>
        <time>2022-05-02T11:44:14Z</time>
      </trkpt>
      <trkpt lat="34.33873248296233" lon="109.02873417602846">
        <ele>400.560354960151</ele>
        <time>2022-05-02T11:44:20Z</time>
      </trkpt>
      <trkpt lat="34.33889796891764" lon="109.02843695158846">
        <ele>399.79562950506806</ele>
        <time>2022-05-02T11:44:24Z</time>
      </trkpt>
      <trkpt lat="34.33907529470678" lon="109.02816312440692">
        <ele>400.29880295228213</ele>
        <time>2022-05-02T11:44:28Z</time>
      </trkpt>
      <trkpt lat="34.33924112190424" lon="109.02784602328342">
        <ele>399.108190683648</ele>
        <time>2022-05-02T11:44:32Z</time>
      </trkpt>
      <trkpt lat="34.33953602290707" lon="109.02738379293386">
        <ele>399.35370230302215</ele>
        <time>2022-05-02T11:44:38Z</time>
      </trkpt>
      <trkpt lat="34.339639793176765" lon="109.02722051739215">
        <ele>399.7063132459298</ele>
        <time>2022-05-02T11:44:40Z</time>
      </trkpt>
      <trkpt lat="34.33992458761455" lon="109.02669960228752">
        <ele>398.6620428105816</ele>
        <time>2022-05-02T11:44:46Z</time>
      </trkpt>
      <trkpt lat="34.34027379444486" lon="109.02618957484627">
        <ele>398.8393670208752</ele>
        <time>2022-05-02T11:44:52Z</time>
      </trkpt>
      <trkpt lat="34.34062976958873" lon="109.02570252726095">
        <ele>398.29638163466007</ele>
        <time>2022-05-02T11:44:58Z</time>
      </trkpt>
      <trkpt lat="34.340983083483636" lon="109.0252283338258">
        <ele>397.40004384797066</ele>
        <time>2022-05-02T11:45:04Z</time>
      </trkpt>
      <trkpt lat="34.341119181050715" lon="109.02509605585585">
        <ele>397.7047921065241</ele>
        <time>2022-05-02T11:45:06Z</time>
      </trkpt>
      <trkpt lat="34.341222960303604" lon="109.0249230639282">
        <ele>399.1237040730193</ele>
        <time>2022-05-02T11:45:08Z</time>
      </trkpt>
      <trkpt lat="34.34155312440157" lon="109.02449478320253">
        <ele>398.2713588718325</ele>
        <time>2022-05-02T11:45:14Z</time>
      </trkpt>
      <trkpt lat="34.34165169765657" lon="109.02435876137912">
        <ele>397.89127699192613</ele>
        <time>2022-05-02T11:45:16Z</time>
      </trkpt>
      <trkpt lat="34.34178061495739" lon="109.02393559415789">
        <ele>398.6480780420825</ele>
        <time>2022-05-02T11:45:20Z</time>
      </trkpt>
      <trkpt lat="34.34145218277341" lon="109.02429261675182">
        <ele>398.55367161426693</ele>
        <time>2022-05-02T11:45:24Z</time>
      </trkpt>
      <trkpt lat="34.34135446260792" lon="109.02440027149376">
        <ele>398.7485175114125</ele>
        <time>2022-05-02T11:45:26Z</time>
      </trkpt>
      <trkpt lat="34.341291142279424" lon="109.02454696471641">
        <ele>396.1732407733798</ele>
        <time>2022-05-02T11:45:28Z</time>
      </trkpt>
      <trkpt lat="34.34093831710844" lon="109.02500948800567">
        <ele>397.6123299552128</ele>
        <time>2022-05-02T11:45:36Z</time>
      </trkpt>
      <trkpt lat="34.34066018716639" lon="109.02541013601176">
        <ele>398.49502731021494</ele>
        <time>2022-05-02T11:45:42Z</time>
      </trkpt>
      <trkpt lat="34.34035366315994" lon="109.02583897902738">
        <ele>396.9052217947319</ele>
        <time>2022-05-02T11:45:48Z</time>
      </trkpt>
      <trkpt lat="34.34002223928242" lon="109.0262594036412">
        <ele>398.05106365308166</ele>
        <time>2022-05-02T11:45:54Z</time>
      </trkpt>
      <trkpt lat="34.33971954885196" lon="109.02671409746671">
        <ele>395.4198680790141</ele>
        <time>2022-05-02T11:46:00Z</time>
      </trkpt>
      <trkpt lat="34.33939624542412" lon="109.02716194559038">
        <ele>394.6682552313432</ele>
        <time>2022-05-02T11:46:06Z</time>
      </trkpt>
      <trkpt lat="34.33908126338422" lon="109.02762247539876">
        <ele>395.3008551513776</ele>
        <time>2022-05-02T11:46:12Z</time>
      </trkpt>
      <trkpt lat="34.338775718792455" lon="109.02810604845233">
        <ele>393.5413189837709</ele>
        <time>2022-05-02T11:46:18Z</time>
      </trkpt>
      <trkpt lat="34.338482439664084" lon="109.02859830356972">
        <ele>391.9685647524893</ele>
        <time>2022-05-02T11:46:24Z</time>
      </trkpt>
      <trkpt lat="34.33820954464987" lon="109.02911522043983">
        <ele>391.92198771610856</ele>
        <time>2022-05-02T11:46:30Z</time>
      </trkpt>
      <trkpt lat="34.337906870908505" lon="109.02962668499842">
        <ele>391.52794347703457</ele>
        <time>2022-05-02T11:46:36Z</time>
      </trkpt>
      <trkpt lat="34.33761729743069" lon="109.03012862499634">
        <ele>391.2351420400664</ele>
        <time>2022-05-02T11:46:42Z</time>
      </trkpt>
      <trkpt lat="34.33735314560445" lon="109.03059527425928">
        <ele>393.2820744374767</ele>
        <time>2022-05-02T11:46:48Z</time>
      </trkpt>
      <trkpt lat="34.33712155787779" lon="109.03109065579375">
        <ele>392.0664921682328</ele>
        <time>2022-05-02T11:46:54Z</time>
      </trkpt>
      <trkpt lat="34.336836185251144" lon="109.03159788238278">
        <ele>392.2699696747586</ele>
        <time>2022-05-02T11:47:00Z</time>
      </trkpt>
      <trkpt lat="34.336536224219536" lon="109.03209415313857">
        <ele>392.44813537970185</ele>
        <time>2022-05-02T11:47:06Z</time>
      </trkpt>
      <trkpt lat="34.33623647125786" lon="109.03260174774186">
        <ele>391.23582807928324</ele>
        <time>2022-05-02T11:47:12Z</time>
      </trkpt>
      <trkpt lat="34.33594444286894" lon="109.03312383307342">
        <ele>392.1808108231053</ele>
        <time>2022-05-02T11:47:18Z</time>
      </trkpt>
      <trkpt lat="34.33564611360672" lon="109.0336433028438">
        <ele>392.3183491239324</ele>
        <time>2022-05-02T11:47:24Z</time>
      </trkpt>
      <trkpt lat="34.33534808735127" lon="109.03416486562696">
        <ele>392.9316544579342</ele>
        <time>2022-05-02T11:47:30Z</time>
      </trkpt>
      <trkpt lat="34.335052977217316" lon="109.03468123932146">
        <ele>393.09529768209904</ele>
        <time>2022-05-02T11:47:36Z</time>
      </trkpt>
      <trkpt lat="34.33476926249488" lon="109.03520703713392">
        <ele>392.3516220394522</ele>
        <time>2022-05-02T11:47:42Z</time>
      </trkpt>
      <trkpt lat="34.33447378752393" lon="109.03571855643244">
        <ele>393.16265864949673</ele>
        <time>2022-05-02T11:47:48Z</time>
      </trkpt>
      <trkpt lat="34.3341779881728" lon="109.0362238493428">
        <ele>393.05799052119255</ele>
        <time>2022-05-02T11:47:54Z</time>
      </trkpt>
      <trkpt lat="34.33388779814657" lon="109.03674490842408">
        <ele>392.7874818369746</ele>
        <time>2022-05-02T11:48:00Z</time>
      </trkpt>
      <trkpt lat="34.333582002480085" lon="109.03725484659253">
        <ele>392.82017515134066</ele>
        <time>2022-05-02T11:48:06Z</time>
      </trkpt>
      <trkpt lat="34.33329200567394" lon="109.03776629178864">
        <ele>392.65511798206717</ele>
        <time>2022-05-02T11:48:12Z</time>
      </trkpt>
      <trkpt lat="34.33301056217185" lon="109.03826647055163">
        <ele>391.31040368415415</ele>
        <time>2022-05-02T11:48:18Z</time>
      </trkpt>
      <trkpt lat="34.33271851806117" lon="109.03878185958656">
        <ele>391.71679296996444</ele>
        <time>2022-05-02T11:48:24Z</time>
      </trkpt>
      <trkpt lat="34.33242213231765" lon="109.03929280641651">
        <ele>391.436775829643</ele>
        <time>2022-05-02T11:48:30Z</time>
      </trkpt>
      <trkpt lat="34.33213078081813" lon="109.03980919261124">
        <ele>391.48584723006934</ele>
        <time>2022-05-02T11:48:36Z</time>
      </trkpt>
      <trkpt lat="34.33184436132121" lon="109.04033861214272">
        <ele>391.85269578453153</ele>
        <time>2022-05-02T11:48:42Z</time>
      </trkpt>
      <trkpt lat="34.33155401508644" lon="109.04087065816093">
        <ele>392.14913330972195</ele>
        <time>2022-05-02T11:48:48Z</time>
      </trkpt>
      <trkpt lat="34.33128157805537" lon="109.04143694427556">
        <ele>393.43652345519513</ele>
        <time>2022-05-02T11:48:54Z</time>
      </trkpt>
      <trkpt lat="34.331003858903316" lon="109.04198802537317">
        <ele>393.53105288371444</ele>
        <time>2022-05-02T11:49:00Z</time>
      </trkpt>
      <trkpt lat="34.33070685087278" lon="109.04249831722154">
        <ele>392.5135535672307</ele>
        <time>2022-05-02T11:49:06Z</time>
      </trkpt>
      <trkpt lat="34.330402696978595" lon="109.04302075852065">
        <ele>392.628753522411</ele>
        <time>2022-05-02T11:49:12Z</time>
      </trkpt>
      <trkpt lat="34.330111098628386" lon="109.04352466207224">
        <ele>392.18277678918093</ele>
        <time>2022-05-02T11:49:18Z</time>
      </trkpt>
      <trkpt lat="34.32981708950414" lon="109.04402701111302">
        <ele>392.8267535911873</ele>
        <time>2022-05-02T11:49:24Z</time>
      </trkpt>
      <trkpt lat="34.329521131619906" lon="109.04453438721335">
        <ele>392.853477621451</ele>
        <time>2022-05-02T11:49:30Z</time>
      </trkpt>
      <trkpt lat="34.32922475138602" lon="109.04505139478528">
        <ele>393.3494324469939</ele>
        <time>2022-05-02T11:49:36Z</time>
      </trkpt>
      <trkpt lat="34.32895175639607" lon="109.0455204482073">
        <ele>394.5679102288559</ele>
        <time>2022-05-02T11:49:42Z</time>
      </trkpt>
      <trkpt lat="34.32889562334742" lon="109.04564558337081">
        <ele>394.5920326281339</ele>
        <time>2022-05-02T11:49:44Z</time>
      </trkpt>
      <trkpt lat="34.32894438532081" lon="109.04576377876344">
        <ele>393.72418522741646</ele>
        <time>2022-05-02T11:49:46Z</time>
      </trkpt>
      <trkpt lat="34.32905576375624" lon="109.04577318662956">
        <ele>393.99059577751905</ele>
        <time>2022-05-02T11:49:48Z</time>
      </trkpt>
      <trkpt lat="34.329148573115894" lon="109.04564596459544">
        <ele>393.1417261660099</ele>
        <time>2022-05-02T11:49:50Z</time>
      </trkpt>
      <trkpt lat="34.32943758494418" lon="109.04506019583889">
        <ele>395.3602573303506</ele>
        <time>2022-05-02T11:49:58Z</time>
      </trkpt>
      <trkpt lat="34.32975031250917" lon="109.0445508267259">
        <ele>397.71679711621255</ele>
        <time>2022-05-02T11:50:04Z</time>
      </trkpt>
      <trkpt lat="34.32995751441755" lon="109.0442231070878">
        <ele>396.3953469991684</ele>
        <time>2022-05-02T11:50:08Z</time>
      </trkpt>
      <trkpt lat="34.33024442979416" lon="109.04371141526104">
        <ele>396.4411217207089</ele>
        <time>2022-05-02T11:50:14Z</time>
      </trkpt>
      <trkpt lat="34.33053795133714" lon="109.04320260802649">
        <ele>396.2264240467921</ele>
        <time>2022-05-02T11:50:20Z</time>
      </trkpt>
      <trkpt lat="34.33083440635713" lon="109.04269219332939">
        <ele>395.01987370476127</ele>
        <time>2022-05-02T11:50:26Z</time>
      </trkpt>
      <trkpt lat="34.33117487582482" lon="109.0421087094443">
        <ele>394.3167580924928</ele>
        <time>2022-05-02T11:50:33Z</time>
      </trkpt>
      <trkpt lat="34.331465471325096" lon="109.04161315284804">
        <ele>393.42737931758165</ele>
        <time>2022-05-02T11:50:39Z</time>
      </trkpt>
      <trkpt lat="34.33174238108145" lon="109.04111540204902">
        <ele>394.73451080266386</ele>
        <time>2022-05-02T11:50:45Z</time>
      </trkpt>
      <trkpt lat="34.33191841470413" lon="109.0407827453923">
        <ele>395.59026304539293</ele>
        <time>2022-05-02T11:50:49Z</time>
      </trkpt>
      <trkpt lat="34.33220233045787" lon="109.04029475724691">
        <ele>394.12354244478047</ele>
        <time>2022-05-02T11:50:55Z</time>
      </trkpt>
      <trkpt lat="34.33248811366783" lon="109.03979755310289">
        <ele>393.3861846299842</ele>
        <time>2022-05-02T11:51:01Z</time>
      </trkpt>
      <trkpt lat="34.33277002915549" lon="109.03930405066838">
        <ele>394.2724617421627</ele>
        <time>2022-05-02T11:51:07Z</time>
      </trkpt>
      <trkpt lat="34.333020527716116" lon="109.03884117869063">
        <ele>393.0816019233316</ele>
        <time>2022-05-02T11:51:13Z</time>
      </trkpt>
      <trkpt lat="34.33330042032381" lon="109.03838847678202">
        <ele>392.8414958650246</ele>
        <time>2022-05-02T11:51:19Z</time>
      </trkpt>
      <trkpt lat="34.33356924661106" lon="109.03791341098065">
        <ele>393.03226187825203</ele>
        <time>2022-05-02T11:51:25Z</time>
      </trkpt>
      <trkpt lat="34.333838577193625" lon="109.03743124994881">
        <ele>392.17456124164164</ele>
        <time>2022-05-02T11:51:31Z</time>
      </trkpt>
      <trkpt lat="34.334115956394704" lon="109.03694158626415">
        <ele>392.05692893080413</ele>
        <time>2022-05-02T11:51:37Z</time>
      </trkpt>
      <trkpt lat="34.33439030079915" lon="109.03643817067591">
        <ele>393.58542385231704</ele>
        <time>2022-05-02T11:51:43Z</time>
      </trkpt>
      <trkpt lat="34.3346738175061" lon="109.03593940134087">
        <ele>393.55152746103704</ele>
        <time>2022-05-02T11:51:49Z</time>
      </trkpt>
      <trkpt lat="34.33495794519854" lon="109.03543536330865">
        <ele>393.00654893834144</ele>
        <time>2022-05-02T11:51:55Z</time>
      </trkpt>
      <trkpt lat="34.33529265154809" lon="109.0348396355771">
        <ele>393.7116055227816</ele>
        <time>2022-05-02T11:52:02Z</time>
      </trkpt>
      <trkpt lat="34.335573096295015" lon="109.0343407370966">
        <ele>393.9515158627182</ele>
        <time>2022-05-02T11:52:08Z</time>
      </trkpt>
      <trkpt lat="34.335852322785314" lon="109.03384218692611">
        <ele>393.57069628033787</ele>
        <time>2022-05-02T11:52:14Z</time>
      </trkpt>
      <trkpt lat="34.33612976504819" lon="109.03333779522644">
        <ele>394.2292011678219</ele>
        <time>2022-05-02T11:52:20Z</time>
      </trkpt>
      <trkpt lat="34.336410592671136" lon="109.0328482437184">
        <ele>394.56549698580056</ele>
        <time>2022-05-02T11:52:26Z</time>
      </trkpt>
      <trkpt lat="34.33669110009794" lon="109.03235294822201">
        <ele>393.7956538097933</ele>
        <time>2022-05-02T11:52:32Z</time>
      </trkpt>
      <trkpt lat="34.33696617144347" lon="109.03187871571969">
        <ele>394.0656633740291</ele>
        <time>2022-05-02T11:52:38Z</time>
      </trkpt>
      <trkpt lat="34.337226227953316" lon="109.03143193940761">
        <ele>393.56531868036836</ele>
        <time>2022-05-02T11:52:44Z</time>
      </trkpt>
      <trkpt lat="34.33750023058859" lon="109.03093796512145">
        <ele>394.88888005912304</ele>
        <time>2022-05-02T11:52:50Z</time>
      </trkpt>
      <trkpt lat="34.33776406423578" lon="109.03045695266707">
        <ele>395.6173664815724</ele>
        <time>2022-05-02T11:52:56Z</time>
      </trkpt>
      <trkpt lat="34.33802539647512" lon="109.02999879290839">
        <ele>396.2930437345058</ele>
        <time>2022-05-02T11:53:02Z</time>
      </trkpt>
      <trkpt lat="34.33829494255238" lon="109.02954601558307">
        <ele>395.1758623076603</ele>
        <time>2022-05-02T11:53:08Z</time>
      </trkpt>
      <trkpt lat="34.338557144666964" lon="109.02908833628554">
        <ele>393.59161586035043</ele>
        <time>2022-05-02T11:53:14Z</time>
      </trkpt>
      <trkpt lat="34.33887768204558" lon="109.02852758123892">
        <ele>392.82885234151036</ele>
        <time>2022-05-02T11:53:22Z</time>
      </trkpt>
      <trkpt lat="34.33895003905691" lon="109.02837439355824">
        <ele>392.41559059824795</ele>
        <time>2022-05-02T11:53:24Z</time>
      </trkpt>
      <trkpt lat="34.3391382180352" lon="109.02784742251227">
        <ele>394.21713432855904</ele>
        <time>2022-05-02T11:53:30Z</time>
      </trkpt>
      <trkpt lat="34.33943307172991" lon="109.0273872247119">
        <ele>394.9554835027084</ele>
        <time>2022-05-02T11:53:36Z</time>
      </trkpt>
      <trkpt lat="34.33976178312516" lon="109.02693067359186">
        <ele>394.3076126249507</ele>
        <time>2022-05-02T11:53:42Z</time>
      </trkpt>
      <trkpt lat="34.339978920454875" lon="109.02661650769582">
        <ele>395.3395579745993</ele>
        <time>2022-05-02T11:53:46Z</time>
      </trkpt>
      <trkpt lat="34.34030060643665" lon="109.02617241355631">
        <ele>393.4862578297034</ele>
        <time>2022-05-02T11:53:52Z</time>
      </trkpt>
      <trkpt lat="34.340623531316375" lon="109.02572063114859">
        <ele>393.820097043179</ele>
        <time>2022-05-02T11:53:58Z</time>
      </trkpt>
      <trkpt lat="34.34095041344727" lon="109.02529916325788">
        <ele>392.83346520457417</ele>
        <time>2022-05-02T11:54:04Z</time>
      </trkpt>
      <trkpt lat="34.341159143632055" lon="109.0250495760626">
        <ele>393.7556859217584</ele>
        <time>2022-05-02T11:54:08Z</time>
      </trkpt>
      <trkpt lat="34.34149316445679" lon="109.02453428352132">
        <ele>394.4149125479162</ele>
        <time>2022-05-02T11:54:16Z</time>
      </trkpt>
      <trkpt lat="34.341617242158314" lon="109.02434436109449">
        <ele>394.0145859448239</ele>
        <time>2022-05-02T11:54:20Z</time>
      </trkpt>
      <trkpt lat="34.341647828958365" lon="109.0242009237649">
        <ele>395.2479860521853</ele>
        <time>2022-05-02T11:54:24Z</time>
      </trkpt>
      <trkpt lat="34.34157270085895" lon="109.0241696093376">
        <ele>396.1628573881462</ele>
        <time>2022-05-02T11:54:26Z</time>
      </trkpt>
      <trkpt lat="34.3414771793107" lon="109.02421701826722">
        <ele>395.9308327594772</ele>
        <time>2022-05-02T11:54:28Z</time>
      </trkpt>
      <trkpt lat="34.34141966449697" lon="109.02433538626188">
        <ele>396.1293412176892</ele>
        <time>2022-05-02T11:54:30Z</time>
      </trkpt>
      <trkpt lat="34.34107792468383" lon="109.02480249190931">
        <ele>394.8922493457794</ele>
        <time>2022-05-02T11:54:38Z</time>
      </trkpt>
      <trkpt lat="34.34078452665217" lon="109.02519735222894">
        <ele>396.0230246158317</ele>
        <time>2022-05-02T11:54:44Z</time>
      </trkpt>
      <trkpt lat="34.3404967282944" lon="109.02561226004288">
        <ele>396.9187003187835</ele>
        <time>2022-05-02T11:54:50Z</time>
      </trkpt>
      <trkpt lat="34.34018086259252" lon="109.02599769000437">
        <ele>399.0619171867147</ele>
        <time>2022-05-02T11:54:56Z</time>
      </trkpt>
      <trkpt lat="34.339882007583256" lon="109.02640208401034">
        <ele>397.8375597540289</ele>
        <time>2022-05-02T11:55:02Z</time>
      </trkpt>
      <trkpt lat="34.33959010010109" lon="109.02683505367874">
        <ele>398.58629573415965</ele>
        <time>2022-05-02T11:55:08Z</time>
      </trkpt>
      <trkpt lat="34.33923655307844" lon="109.02735307118446">
        <ele>401.15131961461157</ele>
        <time>2022-05-02T11:55:16Z</time>
      </trkpt>
      <trkpt lat="34.338993081463585" lon="109.02770247168617">
        <ele>400.037529473193</ele>
        <time>2022-05-02T11:55:22Z</time>
      </trkpt>
      <trkpt lat="34.338838643554325" lon="109.028012497905">
        <ele>399.59656044188887</ele>
        <time>2022-05-02T11:55:26Z</time>
      </trkpt>
      <trkpt lat="34.33864021904625" lon="109.0282971314534">
        <ele>397.9624240482226</ele>
        <time>2022-05-02T11:55:30Z</time>
      </trkpt>
      <trkpt lat="34.33836882844261" lon="109.02877255649639">
        <ele>395.33957255538553</ele>
        <time>2022-05-02T11:55:36Z</time>
      </trkpt>
      <trkpt lat="34.33808998251695" lon="109.02930226325014">
        <ele>396.0969069581479</ele>
        <time>2022-05-02T11:55:42Z</time>
      </trkpt>
      <trkpt lat="34.337809050294226" lon="109.02980587329823">
        <ele>395.3801998551935</ele>
        <time>2022-05-02T11:55:48Z</time>
      </trkpt>
      <trkpt lat="34.33752888492476" lon="109.03029507186668">
        <ele>395.6743847755715</ele>
        <time>2022-05-02T11:55:54Z</time>
      </trkpt>
      <trkpt lat="34.33726195478003" lon="109.03078360312692">
        <ele>395.5267239641398</ele>
        <time>2022-05-02T11:56:00Z</time>
      </trkpt>
      <trkpt lat="34.337016275564096" lon="109.03128509956993">
        <ele>394.36075663752854</ele>
        <time>2022-05-02T11:56:06Z</time>
      </trkpt>
      <trkpt lat="34.336921827326265" lon="109.03143820758706">
        <ele>394.0635382439941</ele>
        <time>2022-05-02T11:56:08Z</time>
      </trkpt>
      <trkpt lat="34.336631877890504" lon="109.03190194395208">
        <ele>394.58672950509936</ele>
        <time>2022-05-02T11:56:14Z</time>
      </trkpt>
      <trkpt lat="34.33635611974668" lon="109.03238004777154">
        <ele>394.60384066123515</ele>
        <time>2022-05-02T11:56:20Z</time>
      </trkpt>
      <trkpt lat="34.3360844316451" lon="109.0328484397327">
        <ele>392.99098390340805</ele>
        <time>2022-05-02T11:56:26Z</time>
      </trkpt>
      <trkpt lat="34.33581614779818" lon="109.03333511746335">
        <ele>393.35368306096643</ele>
        <time>2022-05-02T11:56:32Z</time>
      </trkpt>
      <trkpt lat="34.3355402825834" lon="109.03381253355805">
        <ele>394.6096388520673</ele>
        <time>2022-05-02T11:56:38Z</time>
      </trkpt>
      <trkpt lat="34.3352672255769" lon="109.03428481244553">
        <ele>394.7941542956978</ele>
        <time>2022-05-02T11:56:44Z</time>
      </trkpt>
      <trkpt lat="34.334988202819616" lon="109.03478175885071">
        <ele>395.5413423422724</ele>
        <time>2022-05-02T11:56:50Z</time>
      </trkpt>
      <trkpt lat="34.33469561138807" lon="109.03526686739325">
        <ele>395.8229283131659</ele>
        <time>2022-05-02T11:56:56Z</time>
      </trkpt>
      <trkpt lat="34.33442215508406" lon="109.03576629129608">
        <ele>396.55861356668174</ele>
        <time>2022-05-02T11:57:02Z</time>
      </trkpt>
      <trkpt lat="34.334141294331104" lon="109.03624835608873">
        <ele>396.10507841501385</ele>
        <time>2022-05-02T11:57:08Z</time>
      </trkpt>
      <trkpt lat="34.33387435213377" lon="109.03673131988153">
        <ele>395.34070866461843</ele>
        <time>2022-05-02T11:57:14Z</time>
      </trkpt>
      <trkpt lat="34.3335701907469" lon="109.03725038330316">
        <ele>396.24266794417053</ele>
        <time>2022-05-02T11:57:20Z</time>
      </trkpt>
      <trkpt lat="34.33327654462543" lon="109.03775084788138">
        <ele>394.04207203909755</ele>
        <time>2022-05-02T11:57:26Z</time>
      </trkpt>
      <trkpt lat="34.332990047904865" lon="109.03826105221943">
        <ele>394.86382187344134</ele>
        <time>2022-05-02T11:57:32Z</time>
      </trkpt>
      <trkpt lat="34.33271520626636" lon="109.03877034282453">
        <ele>394.6300589730963</ele>
        <time>2022-05-02T11:57:38Z</time>
      </trkpt>
      <trkpt lat="34.33242876976379" lon="109.03928037318195">
        <ele>395.05223155394197</ele>
        <time>2022-05-02T11:57:44Z</time>
      </trkpt>
      <trkpt lat="34.332138824600605" lon="109.03979604367974">
        <ele>396.5666579529643</ele>
        <time>2022-05-02T11:57:50Z</time>
      </trkpt>
      <trkpt lat="34.33184524314241" lon="109.04029379346244">
        <ele>395.46907430235296</ele>
        <time>2022-05-02T11:57:56Z</time>
      </trkpt>
      <trkpt lat="34.331559300024736" lon="109.04080940351174">
        <ele>395.8605711562559</ele>
        <time>2022-05-02T11:58:02Z</time>
      </trkpt>
      <trkpt lat="34.33126750799541" lon="109.04132929638065">
        <ele>395.3042928483337</ele>
        <time>2022-05-02T11:58:08Z</time>
      </trkpt>
      <trkpt lat="34.33113539218755" lon="109.04171824561831">
        <ele>396.1581171872094</ele>
        <time>2022-05-02T11:58:12Z</time>
      </trkpt>
      <trkpt lat="34.33085971134165" lon="109.04222744094359">
        <ele>396.1617325665429</ele>
        <time>2022-05-02T11:58:18Z</time>
      </trkpt>
      <trkpt lat="34.330578167855066" lon="109.0427169143072">
        <ele>396.4417625628412</ele>
        <time>2022-05-02T11:58:24Z</time>
      </trkpt>
      <trkpt lat="34.33028495979503" lon="109.04320139647658">
        <ele>396.48259064089507</ele>
        <time>2022-05-02T11:58:30Z</time>
      </trkpt>
      <trkpt lat="34.330006828963896" lon="109.04369888865226">
        <ele>396.522703576833</ele>
        <time>2022-05-02T11:58:36Z</time>
      </trkpt>
      <trkpt lat="34.32972518647165" lon="109.04421036682824">
        <ele>397.5083050755784</ele>
        <time>2022-05-02T11:58:42Z</time>
      </trkpt>
      <trkpt lat="34.329451991595015" lon="109.04466777428313">
        <ele>397.04889094177634</ele>
        <time>2022-05-02T11:58:48Z</time>
      </trkpt>
      <trkpt lat="34.3293575696925" lon="109.04482782998015">
        <ele>397.0699301324785</ele>
        <time>2022-05-02T11:58:50Z</time>
      </trkpt>
      <trkpt lat="34.32908991428555" lon="109.04528208268596">
        <ele>398.38457247335464</ele>
        <time>2022-05-02T11:58:56Z</time>
      </trkpt>
      <trkpt lat="34.328947303395424" lon="109.04553056904565">
        <ele>398.153675227426</ele>
        <time>2022-05-02T11:59:00Z</time>
      </trkpt>
      <trkpt lat="34.32891647962791" lon="109.04562452277965">
        <ele>397.72289431653917</ele>
        <time>2022-05-02T11:59:02Z</time>
      </trkpt>
      <trkpt lat="34.3289493137242" lon="109.04572299618764">
        <ele>398.2206268068403</ele>
        <time>2022-05-02T11:59:04Z</time>
      </trkpt>
      <trkpt lat="34.32903453089373" lon="109.04573394496097">
        <ele>397.86084781214595</ele>
        <time>2022-05-02T11:59:06Z</time>
      </trkpt>
      <trkpt lat="34.32913255960259" lon="109.04565064934818">
        <ele>397.3922686986625</ele>
        <time>2022-05-02T11:59:08Z</time>
      </trkpt>
      <trkpt lat="34.32935396056322" lon="109.04523187602507">
        <ele>400.81356162391603</ele>
        <time>2022-05-02T11:59:14Z</time>
      </trkpt>
      <trkpt lat="34.32963734653038" lon="109.04472991306145">
        <ele>399.81220744457096</ele>
        <time>2022-05-02T11:59:20Z</time>
      </trkpt>
      <trkpt lat="34.32992397925335" lon="109.04425789217737">
        <ele>398.0134853674099</ele>
        <time>2022-05-02T11:59:26Z</time>
      </trkpt>
      <trkpt lat="34.33013033550057" lon="109.04394733891742">
        <ele>396.99312087427825</ele>
        <time>2022-05-02T11:59:30Z</time>
      </trkpt>
      <trkpt lat="34.33041368502143" lon="109.0434158596252">
        <ele>396.8562566442415</ele>
        <time>2022-05-02T11:59:36Z</time>
      </trkpt>
      <trkpt lat="34.33071213550292" lon="109.04289445546414">
        <ele>396.13247833400965</ele>
        <time>2022-05-02T11:59:42Z</time>
      </trkpt>
      <trkpt lat="34.331007069380696" lon="109.04238150495799">
        <ele>397.8057465897873</ele>
        <time>2022-05-02T11:59:48Z</time>
      </trkpt>
      <trkpt lat="34.33128744021119" lon="109.04188454788422">
        <ele>397.28855411335826</ele>
        <time>2022-05-02T11:59:54Z</time>
      </trkpt>
      <trkpt lat="34.33146929806883" lon="109.04153807675905">
        <ele>400.85918140783906</ele>
        <time>2022-05-02T11:59:58Z</time>
      </trkpt>
      <trkpt lat="34.33176887295409" lon="109.04105610736235">
        <ele>400.991960959509</ele>
        <time>2022-05-02T12:00:04Z</time>
      </trkpt>
      <trkpt lat="34.33205390008346" lon="109.04054665980358">
        <ele>401.1256224568933</ele>
        <time>2022-05-02T12:00:10Z</time>
      </trkpt>
      <trkpt lat="34.33234032090803" lon="109.04004499032474">
        <ele>400.19493553601205</ele>
        <time>2022-05-02T12:00:16Z</time>
      </trkpt>
      <trkpt lat="34.33263278328316" lon="109.03953915564145">
        <ele>400.4414943670854</ele>
        <time>2022-05-02T12:00:22Z</time>
      </trkpt>
      <trkpt lat="34.33290623138099" lon="109.03906207892389">
        <ele>400.7341176085174</ele>
        <time>2022-05-02T12:00:28Z</time>
      </trkpt>
      <trkpt lat="34.333070621444875" lon="109.03872398140959">
        <ele>400.6259011104703</ele>
        <time>2022-05-02T12:00:34Z</time>
      </trkpt>
      <trkpt lat="34.33340893547713" lon="109.038147423394">
        <ele>402.7143369363621</ele>
        <time>2022-05-02T12:00:42Z</time>
      </trkpt>
      <trkpt lat="34.333658666119625" lon="109.03771812573676">
        <ele>398.4245806178078</ele>
        <time>2022-05-02T12:00:47Z</time>
      </trkpt>
      <trkpt lat="34.33396822939103" lon="109.03718290436512">
        <ele>397.5079979747534</ele>
        <time>2022-05-02T12:00:53Z</time>
      </trkpt>
      <trkpt lat="34.334266166318294" lon="109.03661403243885">
        <ele>398.0360830295831</ele>
        <time>2022-05-02T12:00:59Z</time>
      </trkpt>
      <trkpt lat="34.33459485151415" lon="109.03607795526058">
        <ele>396.069718554616</ele>
        <time>2022-05-02T12:01:05Z</time>
      </trkpt>
      <trkpt lat="34.334903326117214" lon="109.03555254066266">
        <ele>394.4808130702004</ele>
        <time>2022-05-02T12:01:11Z</time>
      </trkpt>
      <trkpt lat="34.3351053767894" lon="109.03518119735956">
        <ele>397.5831406163052</ele>
        <time>2022-05-02T12:01:15Z</time>
      </trkpt>
      <trkpt lat="34.33541242471405" lon="109.03465948157337">
        <ele>394.818737401627</ele>
        <time>2022-05-02T12:01:21Z</time>
      </trkpt>
      <trkpt lat="34.33570384296254" lon="109.03412008067836">
        <ele>396.5490230480209</ele>
        <time>2022-05-02T12:01:27Z</time>
      </trkpt>
      <trkpt lat="34.336008981988364" lon="109.0335908078424">
        <ele>395.67758815921843</ele>
        <time>2022-05-02T12:01:33Z</time>
      </trkpt>
      <trkpt lat="34.336312526502375" lon="109.03305703075493">
        <ele>395.02163736429065</ele>
        <time>2022-05-02T12:01:39Z</time>
      </trkpt>
      <trkpt lat="34.33659885086448" lon="109.0325330261067">
        <ele>396.1430700197816</ele>
        <time>2022-05-02T12:01:45Z</time>
      </trkpt>
      <trkpt lat="34.336876806065185" lon="109.03204947810173">
        <ele>397.2026037555188</ele>
        <time>2022-05-02T12:01:51Z</time>
      </trkpt>
      <trkpt lat="34.337143229908584" lon="109.03158420914579">
        <ele>396.430428606458</ele>
        <time>2022-05-02T12:01:57Z</time>
      </trkpt>
      <trkpt lat="34.337425473991416" lon="109.0310654782203">
        <ele>396.4755698470399</ele>
        <time>2022-05-02T12:02:03Z</time>
      </trkpt>
      <trkpt lat="34.3375267152423" lon="109.03088070197455">
        <ele>396.41075178142637</ele>
        <time>2022-05-02T12:02:05Z</time>
      </trkpt>
      <trkpt lat="34.337827078508205" lon="109.0303352313204">
        <ele>395.72131188120693</ele>
        <time>2022-05-02T12:02:11Z</time>
      </trkpt>
      <trkpt lat="34.338145248392756" lon="109.02980615479707">
        <ele>396.3505218354985</ele>
        <time>2022-05-02T12:02:17Z</time>
      </trkpt>
      <trkpt lat="34.33844355607586" lon="109.02928901508257">
        <ele>398.023968141526</ele>
        <time>2022-05-02T12:02:23Z</time>
      </trkpt>
      <trkpt lat="34.338769937747315" lon="109.02870520157308">
        <ele>398.81116392463446</ele>
        <time>2022-05-02T12:02:30Z</time>
      </trkpt>
      <trkpt lat="34.33885950383439" lon="109.02853562282823">
        <ele>397.7545385584235</ele>
        <time>2022-05-02T12:02:32Z</time>
      </trkpt>
      <trkpt lat="34.33897215786789" lon="109.02838665657347">
        <ele>397.8054684130475</ele>
        <time>2022-05-02T12:02:34Z</time>
      </trkpt>
      <trkpt lat="34.33901087359942" lon="109.02817418576923">
        <ele>398.3894377788529</ele>
        <time>2022-05-02T12:02:36Z</time>
      </trkpt>
      <trkpt lat="34.33916495180825" lon="109.02780135549438">
        <ele>398.5732103381306</ele>
        <time>2022-05-02T12:02:40Z</time>
      </trkpt>
      <trkpt lat="34.33925746047514" lon="109.0276264663798">
        <ele>398.9793944368139</ele>
        <time>2022-05-02T12:02:42Z</time>
      </trkpt>
      <trkpt lat="34.33959423466811" lon="109.02714207468516">
        <ele>399.0553818009794</ele>
        <time>2022-05-02T12:02:48Z</time>
      </trkpt>
      <trkpt lat="34.33994302092789" lon="109.02663691706913">
        <ele>400.118326054886</ele>
        <time>2022-05-02T12:02:54Z</time>
      </trkpt>
      <trkpt lat="34.34027542539457" lon="109.02614422416376">
        <ele>400.1101104300469</ele>
        <time>2022-05-02T12:03:00Z</time>
      </trkpt>
      <trkpt lat="34.34059444550282" lon="109.02570386824529">
        <ele>400.1420876001939</ele>
        <time>2022-05-02T12:03:06Z</time>
      </trkpt>
      <trkpt lat="34.340892350394505" lon="109.02530614465788">
        <ele>400.1609933208674</ele>
        <time>2022-05-02T12:03:12Z</time>
      </trkpt>
      <trkpt lat="34.34120186490812" lon="109.0249092991507">
        <ele>401.29812244232744</ele>
        <time>2022-05-02T12:03:18Z</time>
      </trkpt>
      <trkpt lat="34.34155385647278" lon="109.02443073728482">
        <ele>398.71141454949975</ele>
        <time>2022-05-02T12:03:26Z</time>
      </trkpt>
      <trkpt lat="34.34165761368505" lon="109.02425831723859">
        <ele>397.77557244338095</ele>
        <time>2022-05-02T12:03:30Z</time>
      </trkpt>
      <trkpt lat="34.34155013206074" lon="109.02417158639669">
        <ele>398.69637645967305</ele>
        <time>2022-05-02T12:03:34Z</time>
      </trkpt>
      <trkpt lat="34.34145814990176" lon="109.02423096569905">
        <ele>399.1412771632895</ele>
        <time>2022-05-02T12:03:36Z</time>
      </trkpt>
      <trkpt lat="34.34137827319196" lon="109.024326687218">
        <ele>399.52130721416324</ele>
        <time>2022-05-02T12:03:38Z</time>
      </trkpt>
      <trkpt lat="34.34106839086244" lon="109.02481346584548">
        <ele>400.31803361233324</ele>
        <time>2022-05-02T12:03:46Z</time>
      </trkpt>
      <trkpt lat="34.3407652920254" lon="109.02520370794772">
        <ele>399.38822319265455</ele>
        <time>2022-05-02T12:03:52Z</time>
      </trkpt>
      <trkpt lat="34.340445855162784" lon="109.02563123155275">
        <ele>401.26812845561653</ele>
        <time>2022-05-02T12:03:58Z</time>
      </trkpt>
      <trkpt lat="34.34013155424133" lon="109.02605297842867">
        <ele>400.2291606264189</ele>
        <time>2022-05-02T12:04:04Z</time>
      </trkpt>
      <trkpt lat="34.33983294949249" lon="109.02648317520703">
        <ele>401.33008612319827</ele>
        <time>2022-05-02T12:04:10Z</time>
      </trkpt>
      <trkpt lat="34.33953878519113" lon="109.02689706045597">
        <ele>401.35269470419735</ele>
        <time>2022-05-02T12:04:16Z</time>
      </trkpt>
      <trkpt lat="34.339230110813844" lon="109.02737033649035">
        <ele>401.4395799860358</ele>
        <time>2022-05-02T12:04:24Z</time>
      </trkpt>
      <trkpt lat="34.33908915971727" lon="109.02753685894045">
        <ele>402.6774826804176</ele>
        <time>2022-05-02T12:04:28Z</time>
      </trkpt>
      <trkpt lat="34.33894093707987" lon="109.02780757663815">
        <ele>402.676253952086</ele>
        <time>2022-05-02T12:04:32Z</time>
      </trkpt>
      <trkpt lat="34.33874829728691" lon="109.0281019508416">
        <ele>399.81211883109063</ele>
        <time>2022-05-02T12:04:36Z</time>
      </trkpt>
      <trkpt lat="34.338476748884496" lon="109.0285975975839">
        <ele>397.1032485831529</ele>
        <time>2022-05-02T12:04:42Z</time>
      </trkpt>
      <trkpt lat="34.33820006145697" lon="109.02909379455171">
        <ele>395.75261232536286</ele>
        <time>2022-05-02T12:04:48Z</time>
      </trkpt>
      <trkpt lat="34.33789949224038" lon="109.0296184848765">
        <ele>395.6674652993679</ele>
        <time>2022-05-02T12:04:54Z</time>
      </trkpt>
      <trkpt lat="34.3376019345382" lon="109.03015892109411">
        <ele>394.6406128918752</ele>
        <time>2022-05-02T12:05:00Z</time>
      </trkpt>
      <trkpt lat="34.33732610800698" lon="109.03065214437402">
        <ele>393.2267745733261</ele>
        <time>2022-05-02T12:05:06Z</time>
      </trkpt>
      <trkpt lat="34.337243704132064" lon="109.03080236088563">
        <ele>392.5415416425094</ele>
        <time>2022-05-02T12:05:08Z</time>
      </trkpt>
      <trkpt lat="34.336986904934534" lon="109.03127786566412">
        <ele>392.9917704574764</ele>
        <time>2022-05-02T12:05:14Z</time>
      </trkpt>
      <trkpt lat="34.3367107744056" lon="109.03173924835723">
        <ele>392.5604205839336</ele>
        <time>2022-05-02T12:05:20Z</time>
      </trkpt>
      <trkpt lat="34.33642802681243" lon="109.0322391240726">
        <ele>392.9875343712047</ele>
        <time>2022-05-02T12:05:26Z</time>
      </trkpt>
      <trkpt lat="34.33612450244851" lon="109.0327588510238">
        <ele>393.35403066221625</ele>
        <time>2022-05-02T12:05:32Z</time>
      </trkpt>
      <trkpt lat="34.335822692174354" lon="109.03329401428691">
        <ele>393.26652613747865</ele>
        <time>2022-05-02T12:05:38Z</time>
      </trkpt>
      <trkpt lat="34.335524412894806" lon="109.03381955553186">
        <ele>392.37438662629575</ele>
        <time>2022-05-02T12:05:44Z</time>
      </trkpt>
      <trkpt lat="34.33522566092776" lon="109.03433511359002">
        <ele>391.84214150719345</ele>
        <time>2022-05-02T12:05:50Z</time>
      </trkpt>
      <trkpt lat="34.335022892681515" lon="109.03467513535249">
        <ele>392.4644426489249</ele>
        <time>2022-05-02T12:05:54Z</time>
      </trkpt>
      <trkpt lat="34.33475219771101" lon="109.0352069788246">
        <ele>393.0245876153931</ele>
        <time>2022-05-02T12:06:00Z</time>
      </trkpt>
      <trkpt lat="34.33455867993312" lon="109.03555361468575">
        <ele>394.4931118739769</ele>
        <time>2022-05-02T12:06:04Z</time>
      </trkpt>
      <trkpt lat="34.33444679777908" lon="109.03570739569402">
        <ele>393.5489824041724</ele>
        <time>2022-05-02T12:06:06Z</time>
      </trkpt>
      <trkpt lat="34.33415889742664" lon="109.03621271233685">
        <ele>393.7578609837219</ele>
        <time>2022-05-02T12:06:12Z</time>
      </trkpt>
      <trkpt lat="34.33386868695777" lon="109.03673485472466">
        <ele>394.31076915282756</ele>
        <time>2022-05-02T12:06:18Z</time>
      </trkpt>
      <trkpt lat="34.33357221651958" lon="109.03726110604596">
        <ele>395.75311342906207</ele>
        <time>2022-05-02T12:06:24Z</time>
      </trkpt>
      <trkpt lat="34.33328075578005" lon="109.03776689707172">
        <ele>396.29547270946205</ele>
        <time>2022-05-02T12:06:30Z</time>
      </trkpt>
      <trkpt lat="34.3329894719992" lon="109.03827589240053">
        <ele>395.76570684369653</ele>
        <time>2022-05-02T12:06:36Z</time>
      </trkpt>
      <trkpt lat="34.3327304184866" lon="109.03874826148315">
        <ele>396.8644978646189</ele>
        <time>2022-05-02T12:06:42Z</time>
      </trkpt>
      <trkpt lat="34.332426143032116" lon="109.03927099093914">
        <ele>396.46110875625163</ele>
        <time>2022-05-02T12:06:50Z</time>
      </trkpt>
      <trkpt lat="34.33217153583138" lon="109.03971366732361">
        <ele>397.6278789974749</ele>
        <time>2022-05-02T12:06:56Z</time>
      </trkpt>
      <trkpt lat="34.33190318958522" lon="109.04019024181493">
        <ele>397.547485682182</ele>
        <time>2022-05-02T12:07:02Z</time>
      </trkpt>
      <trkpt lat="34.331817354215524" lon="109.0403643103263">
        <ele>397.1901291050017</ele>
        <time>2022-05-02T12:07:04Z</time>
      </trkpt>
      <trkpt lat="34.331728874292644" lon="109.04054389627368">
        <ele>397.8435402577743</ele>
        <time>2022-05-02T12:07:06Z</time>
      </trkpt>
      <trkpt lat="34.33141509968893" lon="109.04106571259356">
        <ele>395.1975851850584</ele>
        <time>2022-05-02T12:07:12Z</time>
      </trkpt>
      <trkpt lat="34.331215672738765" lon="109.04142292858752">
        <ele>393.91881709266454</ele>
        <time>2022-05-02T12:07:16Z</time>
      </trkpt>
      <trkpt lat="34.3310664493693" lon="109.04181262227004">
        <ele>393.4706474430859</ele>
        <time>2022-05-02T12:07:20Z</time>
      </trkpt>
      <trkpt lat="34.33078626053678" lon="109.0423368483392">
        <ele>393.9698226703331</ele>
        <time>2022-05-02T12:07:26Z</time>
      </trkpt>
      <trkpt lat="34.33048431871016" lon="109.04284966741292">
        <ele>395.24391045980155</ele>
        <time>2022-05-02T12:07:32Z</time>
      </trkpt>
      <trkpt lat="34.33018503505089" lon="109.04335124612686">
        <ele>395.406503633596</ele>
        <time>2022-05-02T12:07:38Z</time>
      </trkpt>
      <trkpt lat="34.32988544552166" lon="109.043859047823">
        <ele>395.2991567282006</ele>
        <time>2022-05-02T12:07:44Z</time>
      </trkpt>
      <trkpt lat="34.32958245603743" lon="109.04439948384447">
        <ele>396.2504442073405</ele>
        <time>2022-05-02T12:07:50Z</time>
      </trkpt>
      <trkpt lat="34.329267381778294" lon="109.04494664612778">
        <ele>398.1923701968044</ele>
        <time>2022-05-02T12:07:56Z</time>
      </trkpt>
      <trkpt lat="34.32897068177978" lon="109.0454336210116">
        <ele>398.61279351171106</ele>
        <time>2022-05-02T12:08:02Z</time>
      </trkpt>
      <trkpt lat="34.32890904728133" lon="109.04557462590815">
        <ele>396.67136308923364</ele>
        <time>2022-05-02T12:08:04Z</time>
      </trkpt>
      <trkpt lat="34.32894615988915" lon="109.04569380209944">
        <ele>396.5404409840703</ele>
        <time>2022-05-02T12:08:06Z</time>
      </trkpt>
      <trkpt lat="34.32904055520282" lon="109.04570715765468">
        <ele>396.6355772567913</ele>
        <time>2022-05-02T12:08:08Z</time>
      </trkpt>
      <trkpt lat="34.32913028126967" lon="109.0456126715382">
        <ele>396.2223183643073</ele>
        <time>2022-05-02T12:08:10Z</time>
      </trkpt>
      <trkpt lat="34.329332263665805" lon="109.04521529913107">
        <ele>398.93679513596</ele>
        <time>2022-05-02T12:08:16Z</time>
      </trkpt>
      <trkpt lat="34.329425034812104" lon="109.04508135688953">
        <ele>397.96884257439524</ele>
        <time>2022-05-02T12:08:18Z</time>
      </trkpt>
      <trkpt lat="34.32969072486434" lon="109.04462582425097">
        <ele>399.45569009240717</ele>
        <time>2022-05-02T12:08:24Z</time>
      </trkpt>
      <trkpt lat="34.329968227247484" lon="109.04415164136455">
        <ele>400.1759305642918</ele>
        <time>2022-05-02T12:08:30Z</time>
      </trkpt>
      <trkpt lat="34.33024348297096" lon="109.04365052006719">
        <ele>398.58040263224393</ele>
        <time>2022-05-02T12:08:36Z</time>
      </trkpt>
      <trkpt lat="34.330537792163945" lon="109.04315245968625">
        <ele>397.24500565137714</ele>
        <time>2022-05-02T12:08:42Z</time>
      </trkpt>
      <trkpt lat="34.330829223490184" lon="109.04263032909596">
        <ele>398.6770624984056</ele>
        <time>2022-05-02T12:08:48Z</time>
      </trkpt>
      <trkpt lat="34.33112978399133" lon="109.04213639250663">
        <ele>399.36811824981123</ele>
        <time>2022-05-02T12:08:54Z</time>
      </trkpt>
      <trkpt lat="34.33133131013572" lon="109.04180164673447">
        <ele>398.76828371640295</ele>
        <time>2022-05-02T12:08:58Z</time>
      </trkpt>
      <trkpt lat="34.331386793478806" lon="109.04160267007904">
        <ele>398.72869788017124</ele>
        <time>2022-05-02T12:09:00Z</time>
      </trkpt>
      <trkpt lat="34.33167134734369" lon="109.04110376745669">
        <ele>401.25220852158964</ele>
        <time>2022-05-02T12:09:06Z</time>
      </trkpt>
      <trkpt lat="34.33176507872293" lon="109.04093967945944">
        <ele>399.779517846182</ele>
        <time>2022-05-02T12:09:08Z</time>
      </trkpt>
      <trkpt lat="34.3319540400119" lon="109.04060895181169">
        <ele>398.670237977989</ele>
        <time>2022-05-02T12:09:12Z</time>
      </trkpt>
      <trkpt lat="34.33214928079223" lon="109.04026723470079">
        <ele>398.5701617086306</ele>
        <time>2022-05-02T12:09:16Z</time>
      </trkpt>
      <trkpt lat="34.3322753541749" lon="109.04012259574309">
        <ele>398.07139030937105</ele>
        <time>2022-05-02T12:09:18Z</time>
      </trkpt>
      <trkpt lat="34.33234639150148" lon="109.03992232323824">
        <ele>398.3301395429298</ele>
        <time>2022-05-02T12:09:20Z</time>
      </trkpt>
      <trkpt lat="34.33244772896962" lon="109.03974495461244">
        <ele>398.56871154811233</ele>
        <time>2022-05-02T12:09:22Z</time>
      </trkpt>
      <trkpt lat="34.332766666556076" lon="109.03923929895703">
        <ele>399.14620721898973</ele>
        <time>2022-05-02T12:09:28Z</time>
      </trkpt>
      <trkpt lat="34.33306541984732" lon="109.03869585797844">
        <ele>399.74224327038974</ele>
        <time>2022-05-02T12:09:34Z</time>
      </trkpt>
      <trkpt lat="34.33337325185772" lon="109.03817136712469">
        <ele>399.0340357264504</ele>
        <time>2022-05-02T12:09:40Z</time>
      </trkpt>
      <trkpt lat="34.33366291740711" lon="109.03765321451915">
        <ele>398.421938078478</ele>
        <time>2022-05-02T12:09:46Z</time>
      </trkpt>
      <trkpt lat="34.33396233099754" lon="109.03714262155466">
        <ele>398.2419229084626</ele>
        <time>2022-05-02T12:09:52Z</time>
      </trkpt>
      <trkpt lat="34.334248005638656" lon="109.03661530867272">
        <ele>398.52894539851695</ele>
        <time>2022-05-02T12:09:58Z</time>
      </trkpt>
      <trkpt lat="34.334540385966335" lon="109.03607237797897">
        <ele>400.6692449050024</ele>
        <time>2022-05-02T12:10:04Z</time>
      </trkpt>
      <trkpt lat="34.33484126849727" lon="109.03554816287179">
        <ele>399.7766289161518</ele>
        <time>2022-05-02T12:10:10Z</time>
      </trkpt>
      <trkpt lat="34.3351404780728" lon="109.03502290555599">
        <ele>398.93505450244993</ele>
        <time>2022-05-02T12:10:16Z</time>
      </trkpt>
      <trkpt lat="34.33543263638928" lon="109.0344822801058">
        <ele>400.476883335039</ele>
        <time>2022-05-02T12:10:22Z</time>
      </trkpt>
      <trkpt lat="34.3357324940524" lon="109.03396587854574">
        <ele>399.9779897816479</ele>
        <time>2022-05-02T12:10:28Z</time>
      </trkpt>
      <trkpt lat="34.33603739572286" lon="109.03343291693572">
        <ele>399.39603267703205</ele>
        <time>2022-05-02T12:10:34Z</time>
      </trkpt>
      <trkpt lat="34.33633436240321" lon="109.0328963517999">
        <ele>401.9411044921726</ele>
        <time>2022-05-02T12:10:40Z</time>
      </trkpt>
      <trkpt lat="34.33662825747147" lon="109.03236320881119">
        <ele>401.78015405125916</ele>
        <time>2022-05-02T12:10:46Z</time>
      </trkpt>
      <trkpt lat="34.33695033649638" lon="109.03185525188849">
        <ele>397.88013860117644</ele>
        <time>2022-05-02T12:10:52Z</time>
      </trkpt>
      <trkpt lat="34.33725219196581" lon="109.03133490510577">
        <ele>397.76074981410056</ele>
        <time>2022-05-02T12:10:58Z</time>
      </trkpt>
      <trkpt lat="34.337525385791494" lon="109.03083659930923">
        <ele>398.5613194433972</ele>
        <time>2022-05-02T12:11:04Z</time>
      </trkpt>
      <trkpt lat="34.3378193824817" lon="109.03033057100508">
        <ele>397.91606904100627</ele>
        <time>2022-05-02T12:11:10Z</time>
      </trkpt>
      <trkpt lat="34.338113949732865" lon="109.02981379484571">
        <ele>398.2455187868327</ele>
        <time>2022-05-02T12:11:16Z</time>
      </trkpt>
      <trkpt lat="34.338425423027275" lon="109.02928615069615">
        <ele>397.96851405128837</ele>
        <time>2022-05-02T12:11:22Z</time>
      </trkpt>
      <trkpt lat="34.338705808320675" lon="109.02877176248582">
        <ele>399.34210755489767</ele>
        <time>2022-05-02T12:11:28Z</time>
      </trkpt>
      <trkpt lat="34.33894696587525" lon="109.0282782993794">
        <ele>399.4828407699242</ele>
        <time>2022-05-02T12:11:34Z</time>
      </trkpt>
      <trkpt lat="34.33916806752558" lon="109.02775639795341">
        <ele>398.93335215188563</ele>
        <time>2022-05-02T12:11:40Z</time>
      </trkpt>
      <trkpt lat="34.33934032302254" lon="109.02745281898453">
        <ele>400.3680763542652</ele>
        <time>2022-05-02T12:11:44Z</time>
      </trkpt>
      <trkpt lat="34.339661683289194" lon="109.02699630996443">
        <ele>400.2884986894205</ele>
        <time>2022-05-02T12:11:50Z</time>
      </trkpt>
      <trkpt lat="34.33998801662797" lon="109.02653734051746">
        <ele>400.3262451160699</ele>
        <time>2022-05-02T12:11:56Z</time>
      </trkpt>
      <trkpt lat="34.34032378517625" lon="109.0260510005057">
        <ele>400.9984894702211</ele>
        <time>2022-05-02T12:12:02Z</time>
      </trkpt>
      <trkpt lat="34.3406160396461" lon="109.02564343937505">
        <ele>399.8873556088656</ele>
        <time>2022-05-02T12:12:08Z</time>
      </trkpt>
      <trkpt lat="34.34097925880763" lon="109.02517430624086">
        <ele>399.7595282513648</ele>
        <time>2022-05-02T12:12:16Z</time>
      </trkpt>
      <trkpt lat="34.341303916795134" lon="109.02477727384685">
        <ele>397.4117093468085</ele>
        <time>2022-05-02T12:12:24Z</time>
      </trkpt>
      <trkpt lat="34.34156685656872" lon="109.02433460613786">
        <ele>395.2636856343597</ele>
        <time>2022-05-02T12:12:32Z</time>
      </trkpt>
      <trkpt lat="34.34154913425188" lon="109.02424069163523">
        <ele>395.35628894437104</ele>
        <time>2022-05-02T12:12:38Z</time>
      </trkpt>
      <trkpt lat="34.34144037494871" lon="109.0242611815372">
        <ele>399.8443194376305</ele>
        <time>2022-05-02T12:12:44Z</time>
      </trkpt>
      <trkpt lat="34.34129878702981" lon="109.02440192270858">
        <ele>400.82149973046035</ele>
        <time>2022-05-02T12:12:48Z</time>
      </trkpt>
      <trkpt lat="34.34102241114355" lon="109.02475661454343">
        <ele>399.55627228319645</ele>
        <time>2022-05-02T12:12:58Z</time>
      </trkpt>
      <trkpt lat="34.340981673979755" lon="109.02484321512243">
        <ele>400.23227097000927</ele>
        <time>2022-05-02T12:13:10Z</time>
      </trkpt>
      <trkpt lat="34.341148427002864" lon="109.02458235613365">
        <ele>401.710795157589</ele>
        <time>2022-05-02T12:13:33Z</time>
      </trkpt>
      <trkpt lat="34.34143631948854" lon="109.02417220785611">
        <ele>396.7555511398241</ele>
        <time>2022-05-02T12:13:43Z</time>
      </trkpt>
      <trkpt lat="34.34148319771899" lon="109.02410095283021">
        <ele>395.4032507939264</ele>
        <time>2022-05-02T12:13:45Z</time>
      </trkpt>
      <trkpt lat="34.341477047970216" lon="109.02397576712033">
        <ele>394.87592007312924</ele>
        <time>2022-05-02T12:13:49Z</time>
      </trkpt>
      <trkpt lat="34.34150181781113" lon="109.0238697917952">
        <ele>395.66482578776777</ele>
        <time>2022-05-02T12:13:53Z</time>
      </trkpt>
      <trkpt lat="34.341585225788904" lon="109.02377500406143">
        <ele>394.37374632712454</ele>
        <time>2022-05-02T12:13:57Z</time>
      </trkpt>
      <trkpt lat="34.34157574693991" lon="109.02358837218344">
        <ele>394.2832667073235</ele>
        <time>2022-05-02T12:14:05Z</time>
      </trkpt>
      <trkpt lat="34.34154771127956" lon="109.02350862009318">
        <ele>396.6356308320537</ele>
        <time>2022-05-02T12:14:19Z</time>
      </trkpt>
      <trkpt lat="34.34162105387271" lon="109.0235398359506">
        <ele>396.5501531166956</ele>
        <time>2022-05-02T12:14:56Z</time>
      </trkpt>
      <trkpt lat="34.34168270634687" lon="109.02362704660017">
        <ele>395.4086128966883</ele>
        <time>2022-05-02T12:15:08Z</time>
      </trkpt>
      <trkpt lat="34.3416978760249" lon="109.02362711144066">
        <ele>395.1019945880398</ele>
        <time>2022-05-02T12:15:18Z</time>
      </trkpt>
      <trkpt lat="34.34139565220394" lon="109.0233635112495">
        <ele>397.1457805261016</ele>
        <time>2022-05-02T12:15:55Z</time>
      </trkpt>
      <trkpt lat="34.34097250728754" lon="109.02290266709355">
        <ele>398.53973792120814</ele>
        <time>2022-05-02T12:16:09Z</time>
      </trkpt>
      <trkpt lat="34.34088262303687" lon="109.02281175025263">
        <ele>398.3757591014728</ele>
        <time>2022-05-02T12:16:13Z</time>
      </trkpt>
      <trkpt lat="34.34084603170014" lon="109.02279379845673">
        <ele>399.0422628261149</ele>
        <time>2022-05-02T12:16:23Z</time>
      </trkpt>
      <trkpt lat="34.3407130217422" lon="109.02268733810904">
        <ele>401.0903975488618</ele>
        <time>2022-05-02T12:16:32Z</time>
      </trkpt>
      <trkpt lat="34.340455047055144" lon="109.02240136064357">
        <ele>402.98577172588557</ele>
        <time>2022-05-02T12:16:42Z</time>
      </trkpt>
      <trkpt lat="34.340340523130116" lon="109.022300830941">
        <ele>402.9494083300233</ele>
        <time>2022-05-02T12:16:46Z</time>
      </trkpt>
      <trkpt lat="34.34001353646887" lon="109.02192812322495">
        <ele>401.28514812421054</ele>
        <time>2022-05-02T12:16:56Z</time>
      </trkpt>
      <trkpt lat="34.3398530922385" lon="109.0217818680253">
        <ele>401.1535583194345</ele>
        <time>2022-05-02T12:17:00Z</time>
      </trkpt>
      <trkpt lat="34.33973080866302" lon="109.02163432120356">
        <ele>400.5028728879988</ele>
        <time>2022-05-02T12:17:06Z</time>
      </trkpt>
      <trkpt lat="34.3396549154271" lon="109.02157341128913">
        <ele>400.49506457615644</ele>
        <time>2022-05-02T12:17:10Z</time>
      </trkpt>
      <trkpt lat="34.33962928965485" lon="109.021470279704">
        <ele>400.4570713676512</ele>
        <time>2022-05-02T12:17:14Z</time>
      </trkpt>
      <trkpt lat="34.33963683611703" lon="109.02131093485167">
        <ele>400.28981315810233</ele>
        <time>2022-05-02T12:17:18Z</time>
      </trkpt>
      <trkpt lat="34.339665781303935" lon="109.02114381095397">
        <ele>400.09932632092386</ele>
        <time>2022-05-02T12:17:22Z</time>
      </trkpt>
      <trkpt lat="34.339705640976405" lon="109.0210285682556">
        <ele>399.3627111259848</ele>
        <time>2022-05-02T12:17:26Z</time>
      </trkpt>
      <trkpt lat="34.339766542133496" lon="109.02099567393033">
        <ele>396.0110962949693</ele>
        <time>2022-05-02T12:17:36Z</time>
      </trkpt>
      <trkpt lat="34.3399103856554" lon="109.02085110027251">
        <ele>392.0969506697729</ele>
        <time>2022-05-02T12:18:29Z</time>
      </trkpt>
      <trkpt lat="34.340183941357424" lon="109.02049118352262">
        <ele>392.45718820020556</ele>
        <time>2022-05-02T12:18:37Z</time>
      </trkpt>
      <trkpt lat="34.3403209342135" lon="109.02022790561732">
        <ele>391.9291445892304</ele>
        <time>2022-05-02T12:18:41Z</time>
      </trkpt>
      <trkpt lat="34.34056170627239" lon="109.01961991742625">
        <ele>393.5468054302037</ele>
        <time>2022-05-02T12:18:49Z</time>
      </trkpt>
      <trkpt lat="34.34074020545562" lon="109.01915284163793">
        <ele>393.664308170788</ele>
        <time>2022-05-02T12:18:55Z</time>
      </trkpt>
      <trkpt lat="34.34097705589869" lon="109.01867883822813">
        <ele>394.95106015075</ele>
        <time>2022-05-02T12:19:01Z</time>
      </trkpt>
      <trkpt lat="34.341187313940594" lon="109.01838419076762">
        <ele>395.58536644652486</ele>
        <time>2022-05-02T12:19:05Z</time>
      </trkpt>
      <trkpt lat="34.341536160545665" lon="109.01796738757031">
        <ele>395.5321582118049</ele>
        <time>2022-05-02T12:19:11Z</time>
      </trkpt>
      <trkpt lat="34.34194466225124" lon="109.01748410661381">
        <ele>395.28923370689154</ele>
        <time>2022-05-02T12:19:18Z</time>
      </trkpt>
      <trkpt lat="34.34228689242317" lon="109.01705837079973">
        <ele>395.4833677029237</ele>
        <time>2022-05-02T12:19:24Z</time>
      </trkpt>
      <trkpt lat="34.34263892556313" lon="109.01662374749898">
        <ele>395.78643894474953</ele>
        <time>2022-05-02T12:19:30Z</time>
      </trkpt>
      <trkpt lat="34.343000431598526" lon="109.01621097422401">
        <ele>396.3374686008319</ele>
        <time>2022-05-02T12:19:36Z</time>
      </trkpt>
      <trkpt lat="34.34325053844314" lon="109.0159457370143">
        <ele>395.7938615549356</ele>
        <time>2022-05-02T12:19:40Z</time>
      </trkpt>
      <trkpt lat="34.34365558793019" lon="109.01560676487817">
        <ele>395.0629164474085</ele>
        <time>2022-05-02T12:19:46Z</time>
      </trkpt>
      <trkpt lat="34.34390779536388" lon="109.0153548934538">
        <ele>395.3479577563703</ele>
        <time>2022-05-02T12:19:50Z</time>
      </trkpt>
      <trkpt lat="34.34423970806609" lon="109.01491784311285">
        <ele>395.5305727412924</ele>
        <time>2022-05-02T12:19:56Z</time>
      </trkpt>
      <trkpt lat="34.34446342534948" lon="109.01461697396795">
        <ele>395.3657665308565</ele>
        <time>2022-05-02T12:20:00Z</time>
      </trkpt>
      <trkpt lat="34.344728940131944" lon="109.01435913727578">
        <ele>395.29783949721605</ele>
        <time>2022-05-02T12:20:04Z</time>
      </trkpt>
      <trkpt lat="34.34517057335355" lon="109.01403767571446">
        <ele>393.8498101402074</ele>
        <time>2022-05-02T12:20:10Z</time>
      </trkpt>
      <trkpt lat="34.34548181325307" lon="109.01384877350289">
        <ele>394.0331817511469</ele>
        <time>2022-05-02T12:20:14Z</time>
      </trkpt>
      <trkpt lat="34.3459616782106" lon="109.01360858508556">
        <ele>394.15015341248363</ele>
        <time>2022-05-02T12:20:20Z</time>
      </trkpt>
      <trkpt lat="34.34625070168878" lon="109.01342142710331">
        <ele>393.3093797946349</ele>
        <time>2022-05-02T12:20:24Z</time>
      </trkpt>
      <trkpt lat="34.346633512747346" lon="109.01302453414878">
        <ele>393.74746780190617</ele>
        <time>2022-05-02T12:20:30Z</time>
      </trkpt>
      <trkpt lat="34.346778803844536" lon="109.01291236078202">
        <ele>393.5462586376816</ele>
        <time>2022-05-02T12:20:32Z</time>
      </trkpt>
      <trkpt lat="34.34692755667818" lon="109.01282563134932">
        <ele>393.7043892974034</ele>
        <time>2022-05-02T12:20:34Z</time>
      </trkpt>
      <trkpt lat="34.3474054582223" lon="109.01265895658736">
        <ele>394.64279601257294</ele>
        <time>2022-05-02T12:20:40Z</time>
      </trkpt>
      <trkpt lat="34.347905598788756" lon="109.01256185219668">
        <ele>394.4544856296852</ele>
        <time>2022-05-02T12:20:46Z</time>
      </trkpt>
      <trkpt lat="34.34806715032273" lon="109.01252611601777">
        <ele>394.2400678144768</ele>
        <time>2022-05-02T12:20:48Z</time>
      </trkpt>
      <trkpt lat="34.3482175536681" lon="109.01244621022188">
        <ele>394.1678998460993</ele>
        <time>2022-05-02T12:20:50Z</time>
      </trkpt>
      <trkpt lat="34.34863211940868" lon="109.01210518558722">
        <ele>395.1873972835019</ele>
        <time>2022-05-02T12:20:56Z</time>
      </trkpt>
      <trkpt lat="34.34906447335088" lon="109.01183613246968">
        <ele>394.0411069756374</ele>
        <time>2022-05-02T12:21:02Z</time>
      </trkpt>
      <trkpt lat="34.349390182966395" lon="109.01168923705812">
        <ele>392.4828511029482</ele>
        <time>2022-05-02T12:21:06Z</time>
      </trkpt>
      <trkpt lat="34.34973596987431" lon="109.0115808049624">
        <ele>391.6990307746455</ele>
        <time>2022-05-02T12:21:10Z</time>
      </trkpt>
      <trkpt lat="34.34990663928645" lon="109.01154670028788">
        <ele>392.95915010757744</ele>
        <time>2022-05-02T12:21:12Z</time>
      </trkpt>
      <trkpt lat="34.35041237837291" lon="109.01151888040206">
        <ele>391.8630055375397</ele>
        <time>2022-05-02T12:21:18Z</time>
      </trkpt>
      <trkpt lat="34.35090706299452" lon="109.01152182630713">
        <ele>391.8449363093823</ele>
        <time>2022-05-02T12:21:24Z</time>
      </trkpt>
      <trkpt lat="34.35140015907207" lon="109.01137944360879">
        <ele>391.2373377205804</ele>
        <time>2022-05-02T12:21:30Z</time>
      </trkpt>
      <trkpt lat="34.35173189817145" lon="109.01130922235922">
        <ele>390.6580827506259</ele>
        <time>2022-05-02T12:21:34Z</time>
      </trkpt>
      <trkpt lat="34.35223794928919" lon="109.01129602602909">
        <ele>390.64468190446496</ele>
        <time>2022-05-02T12:21:40Z</time>
      </trkpt>
      <trkpt lat="34.3527400317754" lon="109.01128882634602">
        <ele>390.8704781299457</ele>
        <time>2022-05-02T12:21:46Z</time>
      </trkpt>
      <trkpt lat="34.35317103002083" lon="109.01123670935297">
        <ele>390.46120844688267</ele>
        <time>2022-05-02T12:21:52Z</time>
      </trkpt>
      <trkpt lat="34.353574904658274" lon="109.01109227969953">
        <ele>390.72908744681627</ele>
        <time>2022-05-02T12:22:06Z</time>
      </trkpt>
      <trkpt lat="34.353797458819336" lon="109.01103476422824">
        <ele>391.4267322598025</ele>
        <time>2022-05-02T12:22:10Z</time>
      </trkpt>
      <trkpt lat="34.3539164878707" lon="109.01098513075924">
        <ele>391.12501603830606</ele>
        <time>2022-05-02T12:22:12Z</time>
      </trkpt>
      <trkpt lat="34.354171396852195" lon="109.0109096112892">
        <ele>391.1721747163683</ele>
        <time>2022-05-02T12:22:16Z</time>
      </trkpt>
      <trkpt lat="34.35445074586206" lon="109.01092480006707">
        <ele>391.5861443132162</ele>
        <time>2022-05-02T12:22:20Z</time>
      </trkpt>
      <trkpt lat="34.354576931762196" lon="109.01088551756494">
        <ele>391.68602645769715</ele>
        <time>2022-05-02T12:22:22Z</time>
      </trkpt>
      <trkpt lat="34.35470379010796" lon="109.01082112359582">
        <ele>390.71789143327624</ele>
        <time>2022-05-02T12:22:24Z</time>
      </trkpt>
      <trkpt lat="34.35499917718093" lon="109.01073279457871">
        <ele>390.15957041829824</ele>
        <time>2022-05-02T12:22:28Z</time>
      </trkpt>
      <trkpt lat="34.35549025806407" lon="109.01068145750183">
        <ele>388.95199961867183</ele>
        <time>2022-05-02T12:22:34Z</time>
      </trkpt>
      <trkpt lat="34.355803312563154" lon="109.01060395236645">
        <ele>388.1924821520224</ele>
        <time>2022-05-02T12:22:38Z</time>
      </trkpt>
      <trkpt lat="34.355949525746695" lon="109.01053291119082">
        <ele>387.7733451742679</ele>
        <time>2022-05-02T12:22:40Z</time>
      </trkpt>
      <trkpt lat="34.356096755576196" lon="109.01048622584051">
        <ele>387.69040471687913</ele>
        <time>2022-05-02T12:22:42Z</time>
      </trkpt>
      <trkpt lat="34.3563967440457" lon="109.0104561128875">
        <ele>388.3129921006039</ele>
        <time>2022-05-02T12:22:46Z</time>
      </trkpt>
      <trkpt lat="34.3565562448566" lon="109.01050699883604">
        <ele>387.5055561568588</ele>
        <time>2022-05-02T12:22:49Z</time>
      </trkpt>
      <trkpt lat="34.356878025445454" lon="109.01054612369687">
        <ele>388.51793523784727</ele>
        <time>2022-05-02T12:22:52Z</time>
      </trkpt>
      <trkpt lat="34.35703527215933" lon="109.0105820981005">
        <ele>387.2581255501136</ele>
        <time>2022-05-02T12:22:54Z</time>
      </trkpt>
      <trkpt lat="34.35735663594701" lon="109.01058474297304">
        <ele>387.30225449614227</ele>
        <time>2022-05-02T12:22:58Z</time>
      </trkpt>
      <trkpt lat="34.35779546892501" lon="109.01051290744255">
        <ele>388.0244018314406</ele>
        <time>2022-05-02T12:23:04Z</time>
      </trkpt>
      <trkpt lat="34.358269294307995" lon="109.0103680568014">
        <ele>386.93207833729684</ele>
        <time>2022-05-02T12:23:10Z</time>
      </trkpt>
      <trkpt lat="34.35861093704697" lon="109.01026236760396">
        <ele>387.1798547366634</ele>
        <time>2022-05-02T12:23:14Z</time>
      </trkpt>
      <trkpt lat="34.35913668217263" lon="109.01019280106497">
        <ele>386.92026045452803</ele>
        <time>2022-05-02T12:23:20Z</time>
      </trkpt>
      <trkpt lat="34.35966434689651" lon="109.01022958306697">
        <ele>387.551695545204</ele>
        <time>2022-05-02T12:23:26Z</time>
      </trkpt>
      <trkpt lat="34.36001189843449" lon="109.01026609567434">
        <ele>386.0642564641312</ele>
        <time>2022-05-02T12:23:30Z</time>
      </trkpt>
      <trkpt lat="34.360489491772206" lon="109.01018521493936">
        <ele>386.26278280466795</ele>
        <time>2022-05-02T12:23:36Z</time>
      </trkpt>
      <trkpt lat="34.36080871590206" lon="109.01013367333644">
        <ele>386.3264641147107</ele>
        <time>2022-05-02T12:23:40Z</time>
      </trkpt>
      <trkpt lat="34.3611518558094" lon="109.01015941224027">
        <ele>386.5143477153033</ele>
        <time>2022-05-02T12:23:44Z</time>
      </trkpt>
      <trkpt lat="34.36166809592295" lon="109.01030040056091">
        <ele>385.9010749841109</ele>
        <time>2022-05-02T12:23:50Z</time>
      </trkpt>
      <trkpt lat="34.36215982415267" lon="109.01017170151003">
        <ele>386.82822856586426</ele>
        <time>2022-05-02T12:23:56Z</time>
      </trkpt>
      <trkpt lat="34.36249535630901" lon="109.01012524696476">
        <ele>386.73182840738446</ele>
        <time>2022-05-02T12:24:00Z</time>
      </trkpt>
      <trkpt lat="34.3630127369874" lon="109.01021071801264">
        <ele>387.5673722559586</ele>
        <time>2022-05-02T12:24:06Z</time>
      </trkpt>
      <trkpt lat="34.363347220473926" lon="109.01035857632188">
        <ele>387.0504076257348</ele>
        <time>2022-05-02T12:24:10Z</time>
      </trkpt>
      <trkpt lat="34.36367067582505" lon="109.01052048596294">
        <ele>386.80612505599856</ele>
        <time>2022-05-02T12:24:14Z</time>
      </trkpt>
      <trkpt lat="34.36384227911633" lon="109.01055741992654">
        <ele>387.04359502810985</ele>
        <time>2022-05-02T12:24:16Z</time>
      </trkpt>
      <trkpt lat="34.364191662834706" lon="109.0105662881571">
        <ele>387.7970132306218</ele>
        <time>2022-05-02T12:24:20Z</time>
      </trkpt>
      <trkpt lat="34.364362509710475" lon="109.0105323049785">
        <ele>387.340046976693</ele>
        <time>2022-05-02T12:24:22Z</time>
      </trkpt>
      <trkpt lat="34.36453344134935" lon="109.01047512334625">
        <ele>387.96648435201496</ele>
        <time>2022-05-02T12:24:24Z</time>
      </trkpt>
      <trkpt lat="34.36487862061529" lon="109.01045670736723">
        <ele>387.99850172828883</ele>
        <time>2022-05-02T12:24:28Z</time>
      </trkpt>
      <trkpt lat="34.36538938292567" lon="109.01052759108359">
        <ele>387.74101552180946</ele>
        <time>2022-05-02T12:24:34Z</time>
      </trkpt>
      <trkpt lat="34.36590903703853" lon="109.01061938266662">
        <ele>387.39968749601394</ele>
        <time>2022-05-02T12:24:40Z</time>
      </trkpt>
      <trkpt lat="34.36643370880124" lon="109.01064586324654">
        <ele>387.73636335413903</ele>
        <time>2022-05-02T12:24:46Z</time>
      </trkpt>
      <trkpt lat="34.36695362891843" lon="109.01064028157428">
        <ele>388.0308890026063</ele>
        <time>2022-05-02T12:24:52Z</time>
      </trkpt>
      <trkpt lat="34.36745755390269" lon="109.01062372388276">
        <ele>388.52692300919443</ele>
        <time>2022-05-02T12:24:58Z</time>
      </trkpt>
      <trkpt lat="34.36792728585425" lon="109.01052267158967">
        <ele>388.8992742570117</ele>
        <time>2022-05-02T12:25:04Z</time>
      </trkpt>
      <trkpt lat="34.36846000108352" lon="109.01045711968898">
        <ele>388.76626835763454</ele>
        <time>2022-05-02T12:25:12Z</time>
      </trkpt>
      <trkpt lat="34.368578894745" lon="109.01046462351164">
        <ele>388.5457913624123</ele>
        <time>2022-05-02T12:25:14Z</time>
      </trkpt>
      <trkpt lat="34.36878997642919" lon="109.01054757537327">
        <ele>388.4724953453988</ele>
        <time>2022-05-02T12:25:18Z</time>
      </trkpt>
      <trkpt lat="34.36921644938124" lon="109.01061636649575">
        <ele>389.13640289288014</ele>
        <time>2022-05-02T12:25:24Z</time>
      </trkpt>
      <trkpt lat="34.36937306158624" lon="109.01070906420219">
        <ele>390.00686985906214</ele>
        <time>2022-05-02T12:25:26Z</time>
      </trkpt>
      <trkpt lat="34.36953103207144" lon="109.01067890778522">
        <ele>388.65225749090314</ele>
        <time>2022-05-02T12:25:28Z</time>
      </trkpt>
      <trkpt lat="34.36985424551708" lon="109.01075834764222">
        <ele>387.59240952599794</ele>
        <time>2022-05-02T12:25:32Z</time>
      </trkpt>
      <trkpt lat="34.3701071176001" lon="109.01076066658044">
        <ele>388.95651973225176</ele>
        <time>2022-05-02T12:25:38Z</time>
      </trkpt>
      <trkpt lat="34.37027304813554" lon="109.01066020988561">
        <ele>388.1015762453899</ele>
        <time>2022-05-02T12:25:40Z</time>
      </trkpt>
      <trkpt lat="34.37054308695635" lon="109.0107067795505">
        <ele>387.4619878893718</ele>
        <time>2022-05-02T12:25:42Z</time>
      </trkpt>
      <trkpt lat="34.37104768955415" lon="109.01065060869281">
        <ele>386.43254645820707</ele>
        <time>2022-05-02T12:25:48Z</time>
      </trkpt>
      <trkpt lat="34.37138582826073" lon="109.01062545699877">
        <ele>386.4593260306865</ele>
        <time>2022-05-02T12:25:52Z</time>
      </trkpt>
      <trkpt lat="34.37154858271898" lon="109.01063070266058">
        <ele>385.7996757160872</ele>
        <time>2022-05-02T12:25:54Z</time>
      </trkpt>
      <trkpt lat="34.371722997630556" lon="109.0106651668632">
        <ele>386.225137880072</ele>
        <time>2022-05-02T12:25:56Z</time>
      </trkpt>
      <trkpt lat="34.371897858766125" lon="109.0106352360896">
        <ele>385.92167717870325</ele>
        <time>2022-05-02T12:25:58Z</time>
      </trkpt>
      <trkpt lat="34.37242375003109" lon="109.01064670462962">
        <ele>386.17883913684636</ele>
        <time>2022-05-02T12:26:04Z</time>
      </trkpt>
      <trkpt lat="34.37293835486769" lon="109.0106479343192">
        <ele>385.45754755381495</ele>
        <time>2022-05-02T12:26:10Z</time>
      </trkpt>
      <trkpt lat="34.373446597705545" lon="109.010674264079">
        <ele>386.69590712711215</ele>
        <time>2022-05-02T12:26:16Z</time>
      </trkpt>
      <trkpt lat="34.373781562945496" lon="109.01071666330846">
        <ele>386.6624584188685</ele>
        <time>2022-05-02T12:26:20Z</time>
      </trkpt>
      <trkpt lat="34.374102060643615" lon="109.01081210758537">
        <ele>386.1576268225908</ele>
        <time>2022-05-02T12:26:24Z</time>
      </trkpt>
      <trkpt lat="34.37441905765493" lon="109.01095019651804">
        <ele>387.0443882960826</ele>
        <time>2022-05-02T12:26:28Z</time>
      </trkpt>
      <trkpt lat="34.37480859042965" lon="109.01127882483318">
        <ele>384.67145633418113</ele>
        <time>2022-05-02T12:26:34Z</time>
      </trkpt>
      <trkpt lat="34.375208936607855" lon="109.01161427017468">
        <ele>384.3148372732103</ele>
        <time>2022-05-02T12:26:40Z</time>
      </trkpt>
      <trkpt lat="34.375574033041" lon="109.01191065290415">
        <ele>383.97234062477946</ele>
        <time>2022-05-02T12:26:46Z</time>
      </trkpt>
      <trkpt lat="34.375839817810096" lon="109.012093346052">
        <ele>382.71699233260006</ele>
        <time>2022-05-02T12:26:50Z</time>
      </trkpt>
      <trkpt lat="34.376321749047065" lon="109.01233397927254">
        <ele>383.2568079549819</ele>
        <time>2022-05-02T12:26:56Z</time>
      </trkpt>
      <trkpt lat="34.37664520105161" lon="109.01247914794236">
        <ele>383.69932079780847</ele>
        <time>2022-05-02T12:27:00Z</time>
      </trkpt>
      <trkpt lat="34.37715064830634" lon="109.01263820518362">
        <ele>384.0896876100451</ele>
        <time>2022-05-02T12:27:06Z</time>
      </trkpt>
      <trkpt lat="34.377671821383025" lon="109.01277633587152">
        <ele>384.12745890952647</ele>
        <time>2022-05-02T12:27:12Z</time>
      </trkpt>
      <trkpt lat="34.37817486366897" lon="109.0128889640593">
        <ele>384.36793952807784</ele>
        <time>2022-05-02T12:27:18Z</time>
      </trkpt>
      <trkpt lat="34.378665774258316" lon="109.01290871800077">
        <ele>385.0983365457505</ele>
        <time>2022-05-02T12:27:24Z</time>
      </trkpt>
      <trkpt lat="34.37899935640716" lon="109.01288435289655">
        <ele>384.5936906822026</ele>
        <time>2022-05-02T12:27:28Z</time>
      </trkpt>
      <trkpt lat="34.37915882827725" lon="109.01284190519422">
        <ele>384.7728372598067</ele>
        <time>2022-05-02T12:27:30Z</time>
      </trkpt>
      <trkpt lat="34.37932895553344" lon="109.01282663954031">
        <ele>385.581405794248</ele>
        <time>2022-05-02T12:27:32Z</time>
      </trkpt>
      <trkpt lat="34.37964803663298" lon="109.01270698678425">
        <ele>384.6442458508536</ele>
        <time>2022-05-02T12:27:36Z</time>
      </trkpt>
      <trkpt lat="34.37981493062137" lon="109.0126668697285">
        <ele>385.14616298582405</ele>
        <time>2022-05-02T12:27:38Z</time>
      </trkpt>
      <trkpt lat="34.380285256248555" lon="109.01243306512157">
        <ele>385.7721311831847</ele>
        <time>2022-05-02T12:27:44Z</time>
      </trkpt>
      <trkpt lat="34.38075059199257" lon="109.01216194385972">
        <ele>386.99957676883787</ele>
        <time>2022-05-02T12:27:50Z</time>
      </trkpt>
      <trkpt lat="34.38105725173009" lon="109.01200187480244">
        <ele>386.983256903477</ele>
        <time>2022-05-02T12:27:54Z</time>
      </trkpt>
      <trkpt lat="34.38150612965197" lon="109.01174416674111">
        <ele>388.5328689189628</ele>
        <time>2022-05-02T12:28:00Z</time>
      </trkpt>
      <trkpt lat="34.381660687089365" lon="109.01166951278462">
        <ele>388.8012540899217</ele>
        <time>2022-05-02T12:28:02Z</time>
      </trkpt>
      <trkpt lat="34.38215179124736" lon="109.01153479630777">
        <ele>387.1450229873881</ele>
        <time>2022-05-02T12:28:08Z</time>
      </trkpt>
      <trkpt lat="34.38249455211506" lon="109.01141998963598">
        <ele>387.60572502668947</ele>
        <time>2022-05-02T12:28:12Z</time>
      </trkpt>
      <trkpt lat="34.38284499978809" lon="109.01136337711371">
        <ele>387.7244251538068</ele>
        <time>2022-05-02T12:28:16Z</time>
      </trkpt>
      <trkpt lat="34.38337527969817" lon="109.01136708222083">
        <ele>386.82289321068674</ele>
        <time>2022-05-02T12:28:22Z</time>
      </trkpt>
      <trkpt lat="34.383911291681954" lon="109.01136810380083">
        <ele>387.5322811594233</ele>
        <time>2022-05-02T12:28:28Z</time>
      </trkpt>
      <trkpt lat="34.38444414949276" lon="109.01137864492021">
        <ele>387.3601459637284</ele>
        <time>2022-05-02T12:28:34Z</time>
      </trkpt>
      <trkpt lat="34.38461533803226" lon="109.01138209977408">
        <ele>388.33782907016575</ele>
        <time>2022-05-02T12:28:36Z</time>
      </trkpt>
      <trkpt lat="34.3847941075941" lon="109.01136147274603">
        <ele>389.80085433647037</ele>
        <time>2022-05-02T12:28:38Z</time>
      </trkpt>
      <trkpt lat="34.38531382257703" lon="109.01123762855812">
        <ele>386.85976386256516</ele>
        <time>2022-05-02T12:28:44Z</time>
      </trkpt>
      <trkpt lat="34.38582862210662" lon="109.01108956981011">
        <ele>385.22140721417964</ele>
        <time>2022-05-02T12:28:50Z</time>
      </trkpt>
      <trkpt lat="34.38634356197274" lon="109.01091606269769">
        <ele>384.6291822521016</ele>
        <time>2022-05-02T12:28:56Z</time>
      </trkpt>
      <trkpt lat="34.386858270201145" lon="109.01079052927606">
        <ele>384.87909162417054</ele>
        <time>2022-05-02T12:29:02Z</time>
      </trkpt>
      <trkpt lat="34.38735192657347" lon="109.01070007959169">
        <ele>385.13944264594465</ele>
        <time>2022-05-02T12:29:08Z</time>
      </trkpt>
      <trkpt lat="34.38778763366832" lon="109.01065816347143">
        <ele>383.92211177013814</ele>
        <time>2022-05-02T12:29:14Z</time>
      </trkpt>
      <trkpt lat="34.388056817267426" lon="109.0106113495439">
        <ele>384.8136996012181</ele>
        <time>2022-05-02T12:29:18Z</time>
      </trkpt>
      <trkpt lat="34.38820712774402" lon="109.01060631089264">
        <ele>386.4158150050789</ele>
        <time>2022-05-02T12:29:20Z</time>
      </trkpt>
      <trkpt lat="34.38867069288171" lon="109.01064371084732">
        <ele>387.54987757653</ele>
        <time>2022-05-02T12:29:26Z</time>
      </trkpt>
      <trkpt lat="34.38915285153315" lon="109.01067865171693">
        <ele>386.626860531047</ele>
        <time>2022-05-02T12:29:32Z</time>
      </trkpt>
      <trkpt lat="34.389638578543725" lon="109.01070376198209">
        <ele>386.1853368766606</ele>
        <time>2022-05-02T12:29:38Z</time>
      </trkpt>
      <trkpt lat="34.390126363107605" lon="109.01073015143814">
        <ele>387.3951093107462</ele>
        <time>2022-05-02T12:29:44Z</time>
      </trkpt>
      <trkpt lat="34.390622197688266" lon="109.01077253928474">
        <ele>387.0699648372829</ele>
        <time>2022-05-02T12:29:50Z</time>
      </trkpt>
      <trkpt lat="34.39111479319706" lon="109.01080873603502">
        <ele>386.77034856565297</ele>
        <time>2022-05-02T12:29:56Z</time>
      </trkpt>
      <trkpt lat="34.39128400453536" lon="109.01080150165987">
        <ele>386.56883245240897</ele>
        <time>2022-05-02T12:29:58Z</time>
      </trkpt>
      <trkpt lat="34.39179767006229" lon="109.01083495397157">
        <ele>384.23082188423723</ele>
        <time>2022-05-02T12:30:04Z</time>
      </trkpt>
      <trkpt lat="34.39232631146094" lon="109.01082576384157">
        <ele>384.49195548985153</ele>
        <time>2022-05-02T12:30:10Z</time>
      </trkpt>
      <trkpt lat="34.392830944982265" lon="109.01080568050148">
        <ele>384.4533164668828</ele>
        <time>2022-05-02T12:30:16Z</time>
      </trkpt>
      <trkpt lat="34.393300694982806" lon="109.01071756095564">
        <ele>382.7130796369165</ele>
        <time>2022-05-02T12:30:22Z</time>
      </trkpt>
      <trkpt lat="34.393464921028645" lon="109.01071016430173">
        <ele>381.7513294098899</ele>
        <time>2022-05-02T12:30:24Z</time>
      </trkpt>
      <trkpt lat="34.39362548556464" lon="109.01066272292853">
        <ele>382.2016460960731</ele>
        <time>2022-05-02T12:30:26Z</time>
      </trkpt>
      <trkpt lat="34.393789359840966" lon="109.01065010222753">
        <ele>381.9781766105443</ele>
        <time>2022-05-02T12:30:28Z</time>
      </trkpt>
      <trkpt lat="34.39429519562322" lon="109.01051888783377">
        <ele>379.2853397419676</ele>
        <time>2022-05-02T12:30:34Z</time>
      </trkpt>
      <trkpt lat="34.39462948301852" lon="109.01050388688762">
        <ele>379.4247691882774</ele>
        <time>2022-05-02T12:30:38Z</time>
      </trkpt>
      <trkpt lat="34.3947973680014" lon="109.01055589506733">
        <ele>379.11842957045883</ele>
        <time>2022-05-02T12:30:40Z</time>
      </trkpt>
      <trkpt lat="34.39496178090624" lon="109.01054314938328">
        <ele>380.16305961366743</ele>
        <time>2022-05-02T12:30:42Z</time>
      </trkpt>
      <trkpt lat="34.39546568201372" lon="109.01061736017125">
        <ele>381.4539805389941</ele>
        <time>2022-05-02T12:30:48Z</time>
      </trkpt>
      <trkpt lat="34.39580770812138" lon="109.01061109980517">
        <ele>380.95333179924637</ele>
        <time>2022-05-02T12:30:52Z</time>
      </trkpt>
      <trkpt lat="34.39612706118415" lon="109.01055272156917">
        <ele>381.10116606764495</ele>
        <time>2022-05-02T12:30:56Z</time>
      </trkpt>
      <trkpt lat="34.39661817307674" lon="109.01041366464895">
        <ele>381.04136133752763</ele>
        <time>2022-05-02T12:31:02Z</time>
      </trkpt>
      <trkpt lat="34.39678057234112" lon="109.01037241627829">
        <ele>381.80466200131923</ele>
        <time>2022-05-02T12:31:04Z</time>
      </trkpt>
      <trkpt lat="34.39695349584931" lon="109.01035660180652">
        <ele>380.0474208733067</ele>
        <time>2022-05-02T12:31:06Z</time>
      </trkpt>
      <trkpt lat="34.39744429327345" lon="109.01023092554202">
        <ele>380.11365969479084</ele>
        <time>2022-05-02T12:31:12Z</time>
      </trkpt>
      <trkpt lat="34.39777300986147" lon="109.01016488211782">
        <ele>381.0785057777539</ele>
        <time>2022-05-02T12:31:16Z</time>
      </trkpt>
      <trkpt lat="34.39826356148623" lon="109.01016547623279">
        <ele>381.06126331631094</ele>
        <time>2022-05-02T12:31:22Z</time>
      </trkpt>
      <trkpt lat="34.398729739960096" lon="109.01016153542255">
        <ele>380.73383359238505</ele>
        <time>2022-05-02T12:31:28Z</time>
      </trkpt>
      <trkpt lat="34.39917796554169" lon="109.01016968549122">
        <ele>381.3915504217148</ele>
        <time>2022-05-02T12:31:34Z</time>
      </trkpt>
      <trkpt lat="34.39965385851775" lon="109.01017961949812">
        <ele>380.75185759272426</ele>
        <time>2022-05-02T12:31:40Z</time>
      </trkpt>
      <trkpt lat="34.39980233639006" lon="109.0101815659915">
        <ele>379.33953626360744</ele>
        <time>2022-05-02T12:31:42Z</time>
      </trkpt>
      <trkpt lat="34.400128134511874" lon="109.0101282873919">
        <ele>381.87983464077115</ele>
        <time>2022-05-02T12:31:46Z</time>
      </trkpt>
      <trkpt lat="34.40059463089692" lon="109.0101249251847">
        <ele>375.973265171051</ele>
        <time>2022-05-02T12:31:52Z</time>
      </trkpt>
      <trkpt lat="34.40086641376641" lon="109.01010123006765">
        <ele>375.4198479624465</ele>
        <time>2022-05-02T12:31:56Z</time>
      </trkpt>
      <trkpt lat="34.40132171905305" lon="109.01014172370444">
        <ele>374.87257139384747</ele>
        <time>2022-05-02T12:32:02Z</time>
      </trkpt>
      <trkpt lat="34.40182453345694" lon="109.01018276977271">
        <ele>373.8685436071828</ele>
        <time>2022-05-02T12:32:08Z</time>
      </trkpt>
      <trkpt lat="34.40232639104563" lon="109.0102023631627">
        <ele>375.4409575453028</ele>
        <time>2022-05-02T12:32:14Z</time>
      </trkpt>
      <trkpt lat="34.402793512170604" lon="109.01019671437685">
        <ele>375.56334278546274</ele>
        <time>2022-05-02T12:32:20Z</time>
      </trkpt>
      <trkpt lat="34.40324836491264" lon="109.01017057412187">
        <ele>374.3006476489827</ele>
        <time>2022-05-02T12:32:26Z</time>
      </trkpt>
      <trkpt lat="34.4037211159965" lon="109.01014469652841">
        <ele>374.4918159600347</ele>
        <time>2022-05-02T12:32:32Z</time>
      </trkpt>
      <trkpt lat="34.404225883546935" lon="109.01013042813597">
        <ele>374.5506529100239</ele>
        <time>2022-05-02T12:32:38Z</time>
      </trkpt>
      <trkpt lat="34.40475225149666" lon="109.01010097854505">
        <ele>373.9384355098009</ele>
        <time>2022-05-02T12:32:44Z</time>
      </trkpt>
      <trkpt lat="34.40511898038673" lon="109.01009821565862">
        <ele>373.9413884412497</ele>
        <time>2022-05-02T12:32:48Z</time>
      </trkpt>
      <trkpt lat="34.405669812383564" lon="109.01005837391364">
        <ele>374.61408051103354</ele>
        <time>2022-05-02T12:32:54Z</time>
      </trkpt>
      <trkpt lat="34.40584547072602" lon="109.01007861579734">
        <ele>374.6793328989297</ele>
        <time>2022-05-02T12:32:56Z</time>
      </trkpt>
      <trkpt lat="34.40619184616633" lon="109.010040957237">
        <ele>374.57080031372607</ele>
        <time>2022-05-02T12:33:00Z</time>
      </trkpt>
      <trkpt lat="34.40670382477763" lon="109.00990989574076">
        <ele>374.8144062971696</ele>
        <time>2022-05-02T12:33:06Z</time>
      </trkpt>
      <trkpt lat="34.40705047314701" lon="109.00987468468773">
        <ele>374.486759823747</ele>
        <time>2022-05-02T12:33:10Z</time>
      </trkpt>
      <trkpt lat="34.40756756074027" lon="109.00992723312298">
        <ele>373.7911489214748</ele>
        <time>2022-05-02T12:33:16Z</time>
      </trkpt>
      <trkpt lat="34.408089949251824" lon="109.00989799331275">
        <ele>373.58907891623676</ele>
        <time>2022-05-02T12:33:22Z</time>
      </trkpt>
      <trkpt lat="34.40825872324653" lon="109.00989129252872">
        <ele>373.2595861265436</ele>
        <time>2022-05-02T12:33:24Z</time>
      </trkpt>
      <trkpt lat="34.4087118418072" lon="109.00987352221087">
        <ele>373.1509687649086</ele>
        <time>2022-05-02T12:33:30Z</time>
      </trkpt>
      <trkpt lat="34.40912535835131" lon="109.00986910089289">
        <ele>372.6142032314092</ele>
        <time>2022-05-02T12:33:36Z</time>
      </trkpt>
      <trkpt lat="34.40963161487478" lon="109.00983862310848">
        <ele>372.255258847028</ele>
        <time>2022-05-02T12:33:50Z</time>
      </trkpt>
      <trkpt lat="34.40975140503154" lon="109.00983463200322">
        <ele>372.2103468198329</ele>
        <time>2022-05-02T12:33:52Z</time>
      </trkpt>
      <trkpt lat="34.41002872169256" lon="109.00982528774578">
        <ele>372.3077613422647</ele>
        <time>2022-05-02T12:33:56Z</time>
      </trkpt>
      <trkpt lat="34.41017303570545" lon="109.00986389652293">
        <ele>372.858536853455</ele>
        <time>2022-05-02T12:33:58Z</time>
      </trkpt>
      <trkpt lat="34.41060638654853" lon="109.00985058532967">
        <ele>372.36813785973936</ele>
        <time>2022-05-02T12:34:04Z</time>
      </trkpt>
      <trkpt lat="34.41109738466024" lon="109.0098413207764">
        <ele>371.78768991678953</ele>
        <time>2022-05-02T12:34:12Z</time>
      </trkpt>
      <trkpt lat="34.41154428816353" lon="109.00983682124017">
        <ele>372.0971075631678</ele>
        <time>2022-05-02T12:34:22Z</time>
      </trkpt>
      <trkpt lat="34.411726445388496" lon="109.00985931880894">
        <ele>371.9833309035748</ele>
        <time>2022-05-02T12:34:26Z</time>
      </trkpt>
      <trkpt lat="34.411962618509136" lon="109.00983618302405">
        <ele>373.13515393808484</ele>
        <time>2022-05-02T12:34:30Z</time>
      </trkpt>
      <trkpt lat="34.41240081106461" lon="109.00987071153953">
        <ele>373.3993120538071</ele>
        <time>2022-05-02T12:34:36Z</time>
      </trkpt>
      <trkpt lat="34.41287509055095" lon="109.00991011561507">
        <ele>371.36885497532785</ele>
        <time>2022-05-02T12:34:42Z</time>
      </trkpt>
      <trkpt lat="34.4133529717976" lon="109.00994333259636">
        <ele>371.4848487004638</ele>
        <time>2022-05-02T12:34:48Z</time>
      </trkpt>
      <trkpt lat="34.41380944805597" lon="109.00998086312643">
        <ele>370.57638355717063</ele>
        <time>2022-05-02T12:34:54Z</time>
      </trkpt>
      <trkpt lat="34.414329143098676" lon="109.01003986263446">
        <ele>370.4214899968356</ele>
        <time>2022-05-02T12:35:02Z</time>
      </trkpt>
      <trkpt lat="34.41476547459428" lon="109.01009501990087">
        <ele>369.6720979353413</ele>
        <time>2022-05-02T12:35:10Z</time>
      </trkpt>
      <trkpt lat="34.41499339537123" lon="109.01011700832655">
        <ele>368.3937032353133</ele>
        <time>2022-05-02T12:35:14Z</time>
      </trkpt>
      <trkpt lat="34.41556681334426" lon="109.01025636629717">
        <ele>368.92916242592037</ele>
        <time>2022-05-02T12:35:22Z</time>
      </trkpt>
      <trkpt lat="34.41602348336015" lon="109.01035963590536">
        <ele>369.40250862482935</ele>
        <time>2022-05-02T12:35:28Z</time>
      </trkpt>
      <trkpt lat="34.41647305425054" lon="109.01045775104954">
        <ele>370.81516063492745</ele>
        <time>2022-05-02T12:35:34Z</time>
      </trkpt>
      <trkpt lat="34.41691711859032" lon="109.0105765411419">
        <ele>370.2894165525213</ele>
        <time>2022-05-02T12:35:40Z</time>
      </trkpt>
      <trkpt lat="34.41736839494661" lon="109.01068557569585">
        <ele>370.344620029442</ele>
        <time>2022-05-02T12:35:46Z</time>
      </trkpt>
      <trkpt lat="34.41784326140008" lon="109.01080700378512">
        <ele>370.3643131693825</ele>
        <time>2022-05-02T12:35:52Z</time>
      </trkpt>
      <trkpt lat="34.418333482474644" lon="109.01091274049719">
        <ele>370.2632726635784</ele>
        <time>2022-05-02T12:35:58Z</time>
      </trkpt>
      <trkpt lat="34.41849823876346" lon="109.01092753459672">
        <ele>370.29729158896953</ele>
        <time>2022-05-02T12:36:00Z</time>
      </trkpt>
      <trkpt lat="34.41900362068446" lon="109.0110477481242">
        <ele>368.3145598145202</ele>
        <time>2022-05-02T12:36:06Z</time>
      </trkpt>
      <trkpt lat="34.419483898247165" lon="109.01118400036721">
        <ele>368.63461277168244</ele>
        <time>2022-05-02T12:36:12Z</time>
      </trkpt>
      <trkpt lat="34.41997982565198" lon="109.01131302674247">
        <ele>370.57269122917205</ele>
        <time>2022-05-02T12:36:18Z</time>
      </trkpt>
      <trkpt lat="34.420463915377155" lon="109.0114705399296">
        <ele>371.63894482143223</ele>
        <time>2022-05-02T12:36:24Z</time>
      </trkpt>
      <trkpt lat="34.420786719531506" lon="109.01155727207845">
        <ele>370.77179715409875</ele>
        <time>2022-05-02T12:36:28Z</time>
      </trkpt>
      <trkpt lat="34.420951672399895" lon="109.01160156653827">
        <ele>370.5246441429481</ele>
        <time>2022-05-02T12:36:30Z</time>
      </trkpt>
      <trkpt lat="34.42111897665267" lon="109.01164647918384">
        <ele>370.55194661580026</ele>
        <time>2022-05-02T12:36:32Z</time>
      </trkpt>
      <trkpt lat="34.42162335833501" lon="109.01178189463609">
        <ele>370.4110154537484</ele>
        <time>2022-05-02T12:36:38Z</time>
      </trkpt>
      <trkpt lat="34.42179137735772" lon="109.01182698247727">
        <ele>370.451374896802</ele>
        <time>2022-05-02T12:36:40Z</time>
      </trkpt>
      <trkpt lat="34.42226231782971" lon="109.01205813278935">
        <ele>370.90415119286627</ele>
        <time>2022-05-02T12:36:46Z</time>
      </trkpt>
      <trkpt lat="34.42271560031679" lon="109.01227540743156">
        <ele>371.0444622123614</ele>
        <time>2022-05-02T12:36:52Z</time>
      </trkpt>
      <trkpt lat="34.42318545143935" lon="109.01251241527108">
        <ele>370.8619289668277</ele>
        <time>2022-05-02T12:36:58Z</time>
      </trkpt>
      <trkpt lat="34.42361746995237" lon="109.01279616554906">
        <ele>370.79387791920453</ele>
        <time>2022-05-02T12:37:04Z</time>
      </trkpt>
      <trkpt lat="34.42402501349939" lon="109.01314108712073">
        <ele>370.85638238023967</ele>
        <time>2022-05-02T12:37:10Z</time>
      </trkpt>
      <trkpt lat="34.42443233799764" lon="109.01351651928559">
        <ele>369.46027632802725</ele>
        <time>2022-05-02T12:37:16Z</time>
      </trkpt>
      <trkpt lat="34.42484213814201" lon="109.01389696765847">
        <ele>367.62030184827745</ele>
        <time>2022-05-02T12:37:22Z</time>
      </trkpt>
      <trkpt lat="34.42526765627826" lon="109.01422191879314">
        <ele>365.9864237541333</ele>
        <time>2022-05-02T12:37:28Z</time>
      </trkpt>
      <trkpt lat="34.425733786863546" lon="109.01454321540461">
        <ele>367.8315456137061</ele>
        <time>2022-05-02T12:37:34Z</time>
      </trkpt>
      <trkpt lat="34.42619895316833" lon="109.01487313334108">
        <ele>368.76662348024547</ele>
        <time>2022-05-02T12:37:40Z</time>
      </trkpt>
      <trkpt lat="34.42665331815146" lon="109.01520485796351">
        <ele>368.98229151126</ele>
        <time>2022-05-02T12:37:46Z</time>
      </trkpt>
      <trkpt lat="34.42711090222541" lon="109.0155512045415">
        <ele>369.5775975044817</ele>
        <time>2022-05-02T12:37:52Z</time>
      </trkpt>
      <trkpt lat="34.42726651447187" lon="109.01566988979538">
        <ele>369.6396274995059</ele>
        <time>2022-05-02T12:37:54Z</time>
      </trkpt>
      <trkpt lat="34.42740311685713" lon="109.01580187095068">
        <ele>369.73837151005864</ele>
        <time>2022-05-02T12:37:56Z</time>
      </trkpt>
      <trkpt lat="34.42787446215728" lon="109.01613956587268">
        <ele>369.36912279203534</ele>
        <time>2022-05-02T12:38:02Z</time>
      </trkpt>
      <trkpt lat="34.428344369679" lon="109.01646781052249">
        <ele>370.19568755384535</ele>
        <time>2022-05-02T12:38:08Z</time>
      </trkpt>
      <trkpt lat="34.42877572257204" lon="109.01682780886507">
        <ele>370.6467850096524</ele>
        <time>2022-05-02T12:38:14Z</time>
      </trkpt>
      <trkpt lat="34.429201711988235" lon="109.01721057822249">
        <ele>371.0707338284701</ele>
        <time>2022-05-02T12:38:20Z</time>
      </trkpt>
      <trkpt lat="34.429563157315066" lon="109.01764510007453">
        <ele>370.89329597260803</ele>
        <time>2022-05-02T12:38:26Z</time>
      </trkpt>
      <trkpt lat="34.42969822950505" lon="109.0177715802417">
        <ele>369.679580707103</ele>
        <time>2022-05-02T12:38:28Z</time>
      </trkpt>
      <trkpt lat="34.429826388624925" lon="109.01792269354387">
        <ele>371.0138463815674</ele>
        <time>2022-05-02T12:38:30Z</time>
      </trkpt>
      <trkpt lat="34.430183682079665" lon="109.01840918930934">
        <ele>370.571243532002</ele>
        <time>2022-05-02T12:38:36Z</time>
      </trkpt>
      <trkpt lat="34.43042205814587" lon="109.0187322373659">
        <ele>369.3936293506995</ele>
        <time>2022-05-02T12:38:40Z</time>
      </trkpt>
      <trkpt lat="34.43052146878837" lon="109.01891182553096">
        <ele>369.5003253798932</ele>
        <time>2022-05-02T12:38:42Z</time>
      </trkpt>
      <trkpt lat="34.43064676367002" lon="109.01906298515284">
        <ele>369.26518556661904</ele>
        <time>2022-05-02T12:38:44Z</time>
      </trkpt>
      <trkpt lat="34.43096645262033" lon="109.01957980540664">
        <ele>370.46444855537266</ele>
        <time>2022-05-02T12:38:50Z</time>
      </trkpt>
      <trkpt lat="34.431261870954266" lon="109.0201203409991">
        <ele>371.9238003054634</ele>
        <time>2022-05-02T12:38:56Z</time>
      </trkpt>
      <trkpt lat="34.43134619241304" lon="109.02029860227704">
        <ele>370.57322673872113</ele>
        <time>2022-05-02T12:38:58Z</time>
      </trkpt>
      <trkpt lat="34.43162462008241" lon="109.02083938235093">
        <ele>370.03483054507524</ele>
        <time>2022-05-02T12:39:04Z</time>
      </trkpt>
      <trkpt lat="34.431901826415746" lon="109.02138056405381">
        <ele>368.8031307607889</ele>
        <time>2022-05-02T12:39:10Z</time>
      </trkpt>
      <trkpt lat="34.432058971177696" lon="109.02176604452966">
        <ele>369.1895369682461</ele>
        <time>2022-05-02T12:39:14Z</time>
      </trkpt>
      <trkpt lat="34.43223818840017" lon="109.022397901358">
        <ele>369.2961634621024</ele>
        <time>2022-05-02T12:39:20Z</time>
      </trkpt>
      <trkpt lat="34.43229968229737" lon="109.02260731079807">
        <ele>368.99018424283713</ele>
        <time>2022-05-02T12:39:22Z</time>
      </trkpt>
      <trkpt lat="34.432397008061564" lon="109.02279401996412">
        <ele>368.390380050987</ele>
        <time>2022-05-02T12:39:24Z</time>
      </trkpt>
      <trkpt lat="34.43254027690315" lon="109.02340608490675">
        <ele>368.94054597988725</ele>
        <time>2022-05-02T12:39:30Z</time>
      </trkpt>
      <trkpt lat="34.432631828951656" lon="109.02373103909825">
        <ele>368.418995202519</ele>
        <time>2022-05-02T12:39:34Z</time>
      </trkpt>
      <trkpt lat="34.43271746191295" lon="109.02397981872215">
        <ele>368.8321536472067</ele>
        <time>2022-05-02T12:39:38Z</time>
      </trkpt>
      <trkpt lat="34.43278167991847" lon="109.02404600671844">
        <ele>368.83853673003614</ele>
        <time>2022-05-02T12:39:40Z</time>
      </trkpt>
      <trkpt lat="34.4328915300743" lon="109.02407390006968">
        <ele>369.1911592381075</ele>
        <time>2022-05-02T12:39:44Z</time>
      </trkpt>
      <trkpt lat="34.43304975655079" lon="109.02385266597621">
        <ele>369.79753533937037</ele>
        <time>2022-05-02T12:39:50Z</time>
      </trkpt>
      <trkpt lat="34.433090239645075" lon="109.0236174326949">
        <ele>370.5431749317795</ele>
        <time>2022-05-02T12:39:54Z</time>
      </trkpt>
      <trkpt lat="34.43306934359574" lon="109.02299087149304">
        <ele>369.56547940615565</ele>
        <time>2022-05-02T12:40:02Z</time>
      </trkpt>
      <trkpt lat="34.433059198178896" lon="109.02246043380862">
        <ele>368.73828581161797</ele>
        <time>2022-05-02T12:40:08Z</time>
      </trkpt>
      <trkpt lat="34.43303310211698" lon="109.02188120588298">
        <ele>367.9549060408026</ele>
        <time>2022-05-02T12:40:14Z</time>
      </trkpt>
      <trkpt lat="34.43301490915458" lon="109.0212737879415">
        <ele>365.7485575377941</ele>
        <time>2022-05-02T12:40:20Z</time>
      </trkpt>
      <trkpt lat="34.43299741964276" lon="109.02087456602811">
        <ele>364.82600206695497</ele>
        <time>2022-05-02T12:40:24Z</time>
      </trkpt>
      <trkpt lat="34.432891487058434" lon="109.02068838343666">
        <ele>365.29376438446343</ele>
        <time>2022-05-02T12:40:26Z</time>
      </trkpt>
      <trkpt lat="34.43296907791066" lon="109.02049069300195">
        <ele>366.3830377422273</ele>
        <time>2022-05-02T12:40:28Z</time>
      </trkpt>
      <trkpt lat="34.43293551352137" lon="109.02009786500795">
        <ele>368.48737805336714</ele>
        <time>2022-05-02T12:40:32Z</time>
      </trkpt>
      <trkpt lat="34.432847194701296" lon="109.01990760635775">
        <ele>368.8835195545107</ele>
        <time>2022-05-02T12:40:34Z</time>
      </trkpt>
      <trkpt lat="34.432836471282585" lon="109.01971857140292">
        <ele>368.2089008623734</ele>
        <time>2022-05-02T12:40:36Z</time>
      </trkpt>
      <trkpt lat="34.432805625334424" lon="109.01916226464971">
        <ele>372.22798463050276</ele>
        <time>2022-05-02T12:40:42Z</time>
      </trkpt>
      <trkpt lat="34.432795551529175" lon="109.01897717088687">
        <ele>369.88535640295595</ele>
        <time>2022-05-02T12:40:44Z</time>
      </trkpt>
      <trkpt lat="34.43278453756854" lon="109.01877454377943">
        <ele>372.26400290988386</ele>
        <time>2022-05-02T12:40:46Z</time>
      </trkpt>
      <trkpt lat="34.432759257596324" lon="109.01817225843742">
        <ele>379.9688031319529</ele>
        <time>2022-05-02T12:40:52Z</time>
      </trkpt>
      <trkpt lat="34.43275481122194" lon="109.01797538625141">
        <ele>380.8595231883228</ele>
        <time>2022-05-02T12:40:54Z</time>
      </trkpt>
      <trkpt lat="34.4327290149187" lon="109.01777236259082">
        <ele>382.29360525123775</ele>
        <time>2022-05-02T12:40:56Z</time>
      </trkpt>
      <trkpt lat="34.4327058131594" lon="109.01717699133863">
        <ele>386.546542968601</ele>
        <time>2022-05-02T12:41:02Z</time>
      </trkpt>
      <trkpt lat="34.43270224645956" lon="109.01698149651078">
        <ele>386.565421724692</ele>
        <time>2022-05-02T12:41:04Z</time>
      </trkpt>
      <trkpt lat="34.43267240619394" lon="109.01678479241127">
        <ele>386.79254465550184</ele>
        <time>2022-05-02T12:41:06Z</time>
      </trkpt>
      <trkpt lat="34.43265175030969" lon="109.01620670632569">
        <ele>387.3457494499162</ele>
        <time>2022-05-02T12:41:12Z</time>
      </trkpt>
      <trkpt lat="34.432622023149435" lon="109.01563984441496">
        <ele>386.5425670966506</ele>
        <time>2022-05-02T12:41:18Z</time>
      </trkpt>
      <trkpt lat="34.43259858790044" lon="109.01505683548416">
        <ele>388.0117820436135</ele>
        <time>2022-05-02T12:41:24Z</time>
      </trkpt>
      <trkpt lat="34.43256542560003" lon="109.01485804753531">
        <ele>389.0117679666728</ele>
        <time>2022-05-02T12:41:26Z</time>
      </trkpt>
      <trkpt lat="34.432546260942004" lon="109.01426166168434">
        <ele>391.00089921150357</ele>
        <time>2022-05-02T12:41:32Z</time>
      </trkpt>
      <trkpt lat="34.43253097632125" lon="109.01366065771617">
        <ele>389.3763192985207</ele>
        <time>2022-05-02T12:41:38Z</time>
      </trkpt>
      <trkpt lat="34.43250554424649" lon="109.01304011957852">
        <ele>388.45971928164363</ele>
        <time>2022-05-02T12:41:44Z</time>
      </trkpt>
      <trkpt lat="34.432462382556636" lon="109.01284036247571">
        <ele>386.26218926534057</ele>
        <time>2022-05-02T12:41:46Z</time>
      </trkpt>
      <trkpt lat="34.43245094553224" lon="109.01262954062194">
        <ele>386.18703109025955</ele>
        <time>2022-05-02T12:41:48Z</time>
      </trkpt>
      <trkpt lat="34.43241608139024" lon="109.01199536025266">
        <ele>385.9840519670397</ele>
        <time>2022-05-02T12:41:54Z</time>
      </trkpt>
      <trkpt lat="34.432387463239166" lon="109.01135718617654">
        <ele>385.5834336914122</ele>
        <time>2022-05-02T12:42:00Z</time>
      </trkpt>
      <trkpt lat="34.4323726709316" lon="109.0109321684156">
        <ele>386.57243380881846</ele>
        <time>2022-05-02T12:42:04Z</time>
      </trkpt>
      <trkpt lat="34.432342464447025" lon="109.01071841421218">
        <ele>386.904094687663</ele>
        <time>2022-05-02T12:42:06Z</time>
      </trkpt>
      <trkpt lat="34.432314393483715" lon="109.01008888083011">
        <ele>386.1063535567373</ele>
        <time>2022-05-02T12:42:12Z</time>
      </trkpt>
      <trkpt lat="34.432304046949874" lon="109.00972161487107">
        <ele>386.05162668041885</ele>
        <time>2022-05-02T12:42:16Z</time>
      </trkpt>
      <trkpt lat="34.43223165377471" lon="109.00912121730389">
        <ele>385.0252119451761</ele>
        <time>2022-05-02T12:42:24Z</time>
      </trkpt>
      <trkpt lat="34.43228337674384" lon="109.00896134430252">
        <ele>385.8052654629573</ele>
        <time>2022-05-02T12:42:26Z</time>
      </trkpt>
      <trkpt lat="34.43223406863763" lon="109.00846646600611">
        <ele>377.63499468471855</ele>
        <time>2022-05-02T12:42:36Z</time>
      </trkpt>
      <trkpt lat="34.432359626503505" lon="109.00836365056198">
        <ele>374.2794391643256</ele>
        <time>2022-05-02T12:42:38Z</time>
      </trkpt>
      <trkpt lat="34.43237074369909" lon="109.00823682540427">
        <ele>372.7144412677735</ele>
        <time>2022-05-02T12:42:42Z</time>
      </trkpt>
      <trkpt lat="34.4323416733951" lon="109.00791124124626">
        <ele>373.0246410481632</ele>
        <time>2022-05-02T12:42:54Z</time>
      </trkpt>
      <trkpt lat="34.43231821068288" lon="109.00779380845489">
        <ele>373.21407209988683</ele>
        <time>2022-05-02T12:42:56Z</time>
      </trkpt>
      <trkpt lat="34.432273235138155" lon="109.00719056182373">
        <ele>372.12987964600325</ele>
        <time>2022-05-02T12:43:04Z</time>
      </trkpt>
      <trkpt lat="34.432183971911265" lon="109.00659977623279">
        <ele>373.28016947954893</ele>
        <time>2022-05-02T12:43:12Z</time>
      </trkpt>
      <trkpt lat="34.432072432687725" lon="109.0060643774305">
        <ele>372.89508663024753</ele>
        <time>2022-05-02T12:43:20Z</time>
      </trkpt>
      <trkpt lat="34.43201575695871" lon="109.0058388054332">
        <ele>372.018292048946</ele>
        <time>2022-05-02T12:43:24Z</time>
      </trkpt>
      <trkpt lat="34.43202008820372" lon="109.00561780232756">
        <ele>371.10702396556735</ele>
        <time>2022-05-02T12:43:38Z</time>
      </trkpt>
      <trkpt lat="34.43190527335363" lon="109.00564795822102">
        <ele>370.0973215345293</ele>
        <time>2022-05-02T12:44:50Z</time>
      </trkpt>
      <trkpt lat="34.43201619550777" lon="109.00555407662925">
        <ele>369.6575973536819</ele>
        <time>2022-05-02T12:44:58Z</time>
      </trkpt>
      <trkpt lat="34.43189742969375" lon="109.00529227738973">
        <ele>370.1897462271154</ele>
        <time>2022-05-02T12:45:23Z</time>
      </trkpt>
      <trkpt lat="34.43181268512787" lon="109.00496646808101">
        <ele>370.267500532791</ele>
        <time>2022-05-02T12:45:29Z</time>
      </trkpt>
      <trkpt lat="34.431715939412705" lon="109.0043558024233">
        <ele>370.03363421559334</ele>
        <time>2022-05-02T12:45:39Z</time>
      </trkpt>
      <trkpt lat="34.43165674099744" lon="109.00376709980311">
        <ele>371.7924607787281</ele>
        <time>2022-05-02T12:45:51Z</time>
      </trkpt>
      <trkpt lat="34.43159100527575" lon="109.0031619901766">
        <ele>373.3789299959317</ele>
        <time>2022-05-02T12:46:05Z</time>
      </trkpt>
      <trkpt lat="34.43151820882788" lon="109.00255971687243">
        <ele>371.73353345226496</ele>
        <time>2022-05-02T12:46:17Z</time>
      </trkpt>
      <trkpt lat="34.43142078783671" lon="109.00202353231059">
        <ele>370.7265129452571</ele>
        <time>2022-05-02T12:46:25Z</time>
      </trkpt>
      <trkpt lat="34.4313513657282" lon="109.00150383642901">
        <ele>370.12623201403767</ele>
        <time>2022-05-02T12:46:31Z</time>
      </trkpt>
      <trkpt lat="34.431275393794444" lon="109.00082110739139">
        <ele>369.0315196150914</ele>
        <time>2022-05-02T12:46:38Z</time>
      </trkpt>
      <trkpt lat="34.43126585572165" lon="109.00061610850125">
        <ele>371.01609122846276</ele>
        <time>2022-05-02T12:46:40Z</time>
      </trkpt>
      <trkpt lat="34.431182688732996" lon="108.99999743919864">
        <ele>371.58615397289395</ele>
        <time>2022-05-02T12:46:48Z</time>
      </trkpt>
      <trkpt lat="34.43116672990231" lon="108.99984480399003">
        <ele>372.0398536566645</ele>
        <time>2022-05-02T12:46:50Z</time>
      </trkpt>
      <trkpt lat="34.43113161026224" lon="108.99969124559385">
        <ele>373.41173484455794</ele>
        <time>2022-05-02T12:46:52Z</time>
      </trkpt>
      <trkpt lat="34.431147822141085" lon="108.9995277457808">
        <ele>373.0978194400668</ele>
        <time>2022-05-02T12:46:54Z</time>
      </trkpt>
      <trkpt lat="34.43114231801777" lon="108.999388649532">
        <ele>374.01331872306764</ele>
        <time>2022-05-02T12:46:56Z</time>
      </trkpt>
      <trkpt lat="34.43110877094268" lon="108.99915975252111">
        <ele>374.3499690601602</ele>
        <time>2022-05-02T12:47:00Z</time>
      </trkpt>
      <trkpt lat="34.431195842564165" lon="108.99914417819588">
        <ele>373.30731627717614</ele>
        <time>2022-05-02T12:47:04Z</time>
      </trkpt>
      <trkpt lat="34.43119461327965" lon="108.9994739368289">
        <ele>372.3023066278547</ele>
        <time>2022-05-02T12:47:16Z</time>
      </trkpt>
      <trkpt lat="34.431291870790446" lon="109.00008951315647">
        <ele>372.55458607152104</ele>
        <time>2022-05-02T12:47:26Z</time>
      </trkpt>
      <trkpt lat="34.43137662399057" lon="109.00059648027356">
        <ele>371.6252125771716</ele>
        <time>2022-05-02T12:47:34Z</time>
      </trkpt>
      <trkpt lat="34.43134294565866" lon="109.00073648664126">
        <ele>371.83385400660336</ele>
        <time>2022-05-02T12:47:38Z</time>
      </trkpt>
      <trkpt lat="34.43121828585802" lon="109.00075203861938">
        <ele>371.30598503071815</ele>
        <time>2022-05-02T12:47:42Z</time>
      </trkpt>
      <trkpt lat="34.43090133491324" lon="109.00069205041935">
        <ele>371.02613510005176</ele>
        <time>2022-05-02T12:47:48Z</time>
      </trkpt>
      <trkpt lat="34.430629715429426" lon="109.00065624452061">
        <ele>370.9696463588625</ele>
        <time>2022-05-02T12:47:52Z</time>
      </trkpt>
      <trkpt lat="34.4301860173362" lon="109.00052231622969">
        <ele>371.4091611672193</ele>
        <time>2022-05-02T12:47:58Z</time>
      </trkpt>
      <trkpt lat="34.42987848627222" lon="109.0003877575888">
        <ele>371.3666356606409</ele>
        <time>2022-05-02T12:48:02Z</time>
      </trkpt>
      <trkpt lat="34.429460009844334" lon="109.00013564128925">
        <ele>371.00213979464024</ele>
        <time>2022-05-02T12:48:08Z</time>
      </trkpt>
      <trkpt lat="34.42907614423382" lon="108.99984356004649">
        <ele>369.5986943040043</ele>
        <time>2022-05-02T12:48:14Z</time>
      </trkpt>
      <trkpt lat="34.428831897378885" lon="108.99963240405557">
        <ele>370.07496512681246</ele>
        <time>2022-05-02T12:48:18Z</time>
      </trkpt>
      <trkpt lat="34.42871467522696" lon="108.99950637513948">
        <ele>369.6363227656111</ele>
        <time>2022-05-02T12:48:20Z</time>
      </trkpt>
      <trkpt lat="34.428552681083445" lon="108.99944082408217">
        <ele>370.27044432703406</ele>
        <time>2022-05-02T12:48:22Z</time>
      </trkpt>
      <trkpt lat="34.42822487426387" lon="108.99901741930968">
        <ele>368.11065574362874</ele>
        <time>2022-05-02T12:48:28Z</time>
      </trkpt>
      <trkpt lat="34.4279605870424" lon="108.99856197215175">
        <ele>369.27511995937675</ele>
        <time>2022-05-02T12:48:34Z</time>
      </trkpt>
      <trkpt lat="34.427714859121075" lon="108.99805723292853">
        <ele>369.96756083890796</ele>
        <time>2022-05-02T12:48:40Z</time>
      </trkpt>
      <trkpt lat="34.427586741037615" lon="108.9977033821304">
        <ele>369.3848939090967</ele>
        <time>2022-05-02T12:48:44Z</time>
      </trkpt>
      <trkpt lat="34.427491936933315" lon="108.99754123142313">
        <ele>368.5996617702767</ele>
        <time>2022-05-02T12:48:46Z</time>
      </trkpt>
      <trkpt lat="34.427362525517474" lon="108.99717997009654">
        <ele>367.19842949323356</ele>
        <time>2022-05-02T12:48:50Z</time>
      </trkpt>
      <trkpt lat="34.427170296270674" lon="108.99662849793057">
        <ele>368.08401871845126</ele>
        <time>2022-05-02T12:48:56Z</time>
      </trkpt>
      <trkpt lat="34.426976826109076" lon="108.99607841521119">
        <ele>369.1357163283974</ele>
        <time>2022-05-02T12:49:02Z</time>
      </trkpt>
      <trkpt lat="34.42691219843015" lon="108.99589503434056">
        <ele>369.0739597985521</ele>
        <time>2022-05-02T12:49:04Z</time>
      </trkpt>
      <trkpt lat="34.4267208465528" lon="108.99534858307625">
        <ele>369.5048475237563</ele>
        <time>2022-05-02T12:49:10Z</time>
      </trkpt>
      <trkpt lat="34.42677023405166" lon="108.99521389280817">
        <ele>369.51859889552</ele>
        <time>2022-05-02T12:49:11Z</time>
      </trkpt>
      <trkpt lat="34.42669922026891" lon="108.99503251383037">
        <ele>369.3323559323326</ele>
        <time>2022-05-02T12:49:13Z</time>
      </trkpt>
      <trkpt lat="34.42656834069092" lon="108.99489704028228">
        <ele>369.3517853682861</ele>
        <time>2022-05-02T12:49:15Z</time>
      </trkpt>
      <trkpt lat="34.42638117462583" lon="108.99434628127135">
        <ele>368.8687819177285</ele>
        <time>2022-05-02T12:49:21Z</time>
      </trkpt>
      <trkpt lat="34.42617173949259" lon="108.99380246576432">
        <ele>369.3967167409137</ele>
        <time>2022-05-02T12:49:27Z</time>
      </trkpt>
      <trkpt lat="34.42594994431173" lon="108.99325511779243">
        <ele>370.39371645916253</ele>
        <time>2022-05-02T12:49:33Z</time>
      </trkpt>
      <trkpt lat="34.42571706528798" lon="108.99269213671758">
        <ele>370.35266726557165</ele>
        <time>2022-05-02T12:49:39Z</time>
      </trkpt>
      <trkpt lat="34.4256338938004" lon="108.99251025049092">
        <ele>369.59182885382324</ele>
        <time>2022-05-02T12:49:41Z</time>
      </trkpt>
      <trkpt lat="34.42553395525849" lon="108.99234758019067">
        <ele>369.4323355043307</ele>
        <time>2022-05-02T12:49:43Z</time>
      </trkpt>
      <trkpt lat="34.42545253424207" lon="108.99217638933455">
        <ele>368.80745530314744</ele>
        <time>2022-05-02T12:49:45Z</time>
      </trkpt>
      <trkpt lat="34.4251538618686" lon="108.99168953912725">
        <ele>368.8955418644473</ele>
        <time>2022-05-02T12:49:51Z</time>
      </trkpt>
      <trkpt lat="34.42506369543952" lon="108.99151821388475">
        <ele>368.83233292680234</ele>
        <time>2022-05-02T12:49:53Z</time>
      </trkpt>
      <trkpt lat="34.42472848269167" lon="108.99105493061104">
        <ele>369.1615897025913</ele>
        <time>2022-05-02T12:49:59Z</time>
      </trkpt>
      <trkpt lat="34.4245731525271" lon="108.99081585631284">
        <ele>369.10297266673297</ele>
        <time>2022-05-02T12:50:02Z</time>
      </trkpt>
      <trkpt lat="34.42421203117522" lon="108.99037273701695">
        <ele>368.7090139994398</ele>
        <time>2022-05-02T12:50:08Z</time>
      </trkpt>
      <trkpt lat="34.423853446774785" lon="108.9899544000144">
        <ele>369.0049200002104</ele>
        <time>2022-05-02T12:50:14Z</time>
      </trkpt>
      <trkpt lat="34.42348948546702" lon="108.98962050016827">
        <ele>369.8587107490748</ele>
        <time>2022-05-02T12:50:20Z</time>
      </trkpt>
      <trkpt lat="34.423363949236936" lon="108.98955475388018">
        <ele>369.9613427268341</ele>
        <time>2022-05-02T12:50:22Z</time>
      </trkpt>
      <trkpt lat="34.42322501401459" lon="108.9895201668665">
        <ele>369.9967175014317</ele>
        <time>2022-05-02T12:50:24Z</time>
      </trkpt>
      <trkpt lat="34.423081449243185" lon="108.98951237539278">
        <ele>369.9523690631613</ele>
        <time>2022-05-02T12:50:26Z</time>
      </trkpt>
      <trkpt lat="34.42294300992443" lon="108.98947937481869">
        <ele>370.3063596636057</ele>
        <time>2022-05-02T12:50:28Z</time>
      </trkpt>
      <trkpt lat="34.42265114796119" lon="108.98950873520216">
        <ele>370.8185040289536</ele>
        <time>2022-05-02T12:50:32Z</time>
      </trkpt>
      <trkpt lat="34.42250235019131" lon="108.98954992700186">
        <ele>370.53640691004694</ele>
        <time>2022-05-02T12:50:34Z</time>
      </trkpt>
      <trkpt lat="34.42203857508013" lon="108.98981408428159">
        <ele>368.90147688798606</ele>
        <time>2022-05-02T12:50:40Z</time>
      </trkpt>
      <trkpt lat="34.42155901412689" lon="108.99011056059972">
        <ele>368.0533569706604</ele>
        <time>2022-05-02T12:50:46Z</time>
      </trkpt>
      <trkpt lat="34.421410391206514" lon="108.9902582501495">
        <ele>367.24632620997727</ele>
        <time>2022-05-02T12:50:48Z</time>
      </trkpt>
      <trkpt lat="34.420909927517236" lon="108.99056895405505">
        <ele>367.82338261883706</ele>
        <time>2022-05-02T12:50:54Z</time>
      </trkpt>
      <trkpt lat="34.420414890625075" lon="108.99087032929438">
        <ele>368.3269494958222</ele>
        <time>2022-05-02T12:51:00Z</time>
      </trkpt>
      <trkpt lat="34.41994220540922" lon="108.99115857849331">
        <ele>369.5676610795781</ele>
        <time>2022-05-02T12:51:06Z</time>
      </trkpt>
      <trkpt lat="34.419478273703625" lon="108.99144541924116">
        <ele>369.82586841471493</ele>
        <time>2022-05-02T12:51:12Z</time>
      </trkpt>
      <trkpt lat="34.41932089729469" lon="108.99153557489485">
        <ele>369.6294441651553</ele>
        <time>2022-05-02T12:51:14Z</time>
      </trkpt>
      <trkpt lat="34.418863026925195" lon="108.99183698361946">
        <ele>369.64946438744664</ele>
        <time>2022-05-02T12:51:20Z</time>
      </trkpt>
      <trkpt lat="34.41840154800897" lon="108.99210545441164">
        <ele>370.10103867109865</ele>
        <time>2022-05-02T12:51:26Z</time>
      </trkpt>
      <trkpt lat="34.417970315779364" lon="108.99241282996175">
        <ele>369.4323871573433</ele>
        <time>2022-05-02T12:51:32Z</time>
      </trkpt>
      <trkpt lat="34.41780050856956" lon="108.9924834046337">
        <ele>369.24121100921184</ele>
        <time>2022-05-02T12:51:34Z</time>
      </trkpt>
      <trkpt lat="34.417380188606266" lon="108.99286602586413">
        <ele>369.65419251006097</ele>
        <time>2022-05-02T12:51:40Z</time>
      </trkpt>
      <trkpt lat="34.41700959290472" lon="108.99326475410288">
        <ele>370.0604488980025</ele>
        <time>2022-05-02T12:51:46Z</time>
      </trkpt>
      <trkpt lat="34.416652945341724" lon="108.99366435379656">
        <ele>370.0423115249723</ele>
        <time>2022-05-02T12:51:52Z</time>
      </trkpt>
      <trkpt lat="34.41629455359048" lon="108.99408000503955">
        <ele>370.0884801968932</ele>
        <time>2022-05-02T12:51:58Z</time>
      </trkpt>
      <trkpt lat="34.415929390080954" lon="108.99447306874043">
        <ele>369.8581149959937</ele>
        <time>2022-05-02T12:52:04Z</time>
      </trkpt>
      <trkpt lat="34.41558193487224" lon="108.99488862294632">
        <ele>370.24396813381463</ele>
        <time>2022-05-02T12:52:10Z</time>
      </trkpt>
      <trkpt lat="34.41534766622808" lon="108.99516817802133">
        <ele>370.21072289533913</ele>
        <time>2022-05-02T12:52:14Z</time>
      </trkpt>
      <trkpt lat="34.41525472649376" lon="108.99534637797619">
        <ele>370.12929094489664</ele>
        <time>2022-05-02T12:52:16Z</time>
      </trkpt>
      <trkpt lat="34.414885585462976" lon="108.99577218598722">
        <ele>370.2474833391607</ele>
        <time>2022-05-02T12:52:22Z</time>
      </trkpt>
      <trkpt lat="34.41451534964077" lon="108.99619051443294">
        <ele>369.9110717419535</ele>
        <time>2022-05-02T12:52:28Z</time>
      </trkpt>
      <trkpt lat="34.41414695719797" lon="108.99662637499479">
        <ele>369.78259590175</ele>
        <time>2022-05-02T12:52:34Z</time>
      </trkpt>
      <trkpt lat="34.41401612116148" lon="108.9967664747599">
        <ele>369.7488648388535</ele>
        <time>2022-05-02T12:52:36Z</time>
      </trkpt>
      <trkpt lat="34.413896515882016" lon="108.99692422225473">
        <ele>369.7388076931238</ele>
        <time>2022-05-02T12:52:38Z</time>
      </trkpt>
      <trkpt lat="34.41361745186396" lon="108.99721350237282">
        <ele>370.231324470602</ele>
        <time>2022-05-02T12:52:42Z</time>
      </trkpt>
      <trkpt lat="34.41318007074384" lon="108.99757446883217">
        <ele>370.4965523770079</ele>
        <time>2022-05-02T12:52:48Z</time>
      </trkpt>
      <trkpt lat="34.412745880901156" lon="108.99791955648803">
        <ele>370.51094104442745</ele>
        <time>2022-05-02T12:52:54Z</time>
      </trkpt>
      <trkpt lat="34.41232937850533" lon="108.99824171036052">
        <ele>369.9535395586863</ele>
        <time>2022-05-02T12:53:00Z</time>
      </trkpt>
      <trkpt lat="34.412198372907625" lon="108.99837183467945">
        <ele>370.1182840708643</ele>
        <time>2022-05-02T12:53:02Z</time>
      </trkpt>
      <trkpt lat="34.41178073429329" lon="108.99867224342175">
        <ele>370.83338204957545</ele>
        <time>2022-05-02T12:53:08Z</time>
      </trkpt>
      <trkpt lat="34.411336091407485" lon="108.99887328031903">
        <ele>371.09809863194823</ele>
        <time>2022-05-02T12:53:14Z</time>
      </trkpt>
      <trkpt lat="34.41082053255559" lon="108.99910554009367">
        <ele>371.47494699060917</ele>
        <time>2022-05-02T12:53:22Z</time>
      </trkpt>
      <trkpt lat="34.410541161490386" lon="108.99930785160404">
        <ele>371.37717512529343</ele>
        <time>2022-05-02T12:53:32Z</time>
      </trkpt>
      <trkpt lat="34.41030075792944" lon="108.9994084654573">
        <ele>371.0445536058396</ele>
        <time>2022-05-02T12:53:48Z</time>
      </trkpt>
      <trkpt lat="34.41061168080479" lon="108.99954011934045">
        <ele>371.61630955152214</ele>
        <time>2022-05-02T12:54:29Z</time>
      </trkpt>
      <trkpt lat="34.41072759550793" lon="108.99952462782232">
        <ele>371.7062436956912</ele>
        <time>2022-05-02T12:54:31Z</time>
      </trkpt>
      <trkpt lat="34.410828335566826" lon="108.9995598362601">
        <ele>371.26550871599466</ele>
        <time>2022-05-02T12:54:33Z</time>
      </trkpt>
      <trkpt lat="34.41086835579907" lon="108.99968287715231">
        <ele>371.29213938396424</ele>
        <time>2022-05-02T12:54:35Z</time>
      </trkpt>
      <trkpt lat="34.41096462901923" lon="109.00022254841026">
        <ele>371.4495014604181</ele>
        <time>2022-05-02T12:54:43Z</time>
      </trkpt>
      <trkpt lat="34.41101596370742" lon="109.00052583413706">
        <ele>370.960630252026</ele>
        <time>2022-05-02T12:54:47Z</time>
      </trkpt>
      <trkpt lat="34.41114463540526" lon="109.00098758489378">
        <ele>371.2089436845854</ele>
        <time>2022-05-02T12:54:53Z</time>
      </trkpt>
      <trkpt lat="34.41125851036931" lon="109.00155178790602">
        <ele>370.8459166288376</ele>
        <time>2022-05-02T12:55:00Z</time>
      </trkpt>
      <trkpt lat="34.411419513293865" lon="109.00218952937">
        <ele>369.78929785545915</ele>
        <time>2022-05-02T12:55:08Z</time>
      </trkpt>
      <trkpt lat="34.41147662553652" lon="109.00268217818079">
        <ele>369.59187201969326</ele>
        <time>2022-05-02T12:55:14Z</time>
      </trkpt>
      <trkpt lat="34.41150071868669" lon="109.00334172141953">
        <ele>369.94183909054846</ele>
        <time>2022-05-02T12:55:22Z</time>
      </trkpt>
      <trkpt lat="34.411532582684295" lon="109.003626257303">
        <ele>370.028510290198</ele>
        <time>2022-05-02T12:55:26Z</time>
      </trkpt>
      <trkpt lat="34.41160059928082" lon="109.00396706438696">
        <ele>370.1589573919773</ele>
        <time>2022-05-02T12:55:32Z</time>
      </trkpt>
      <trkpt lat="34.411539714193424" lon="109.00404124418488">
        <ele>369.41635097004473</ele>
        <time>2022-05-02T12:55:34Z</time>
      </trkpt>
      <trkpt lat="34.4114656335591" lon="109.00407443776632">
        <ele>370.73652646597475</ele>
        <time>2022-05-02T12:55:36Z</time>
      </trkpt>
      <trkpt lat="34.41125531326901" lon="109.0040457134411">
        <ele>371.07359652779996</ele>
        <time>2022-05-02T12:55:40Z</time>
      </trkpt>
      <trkpt lat="34.411139668758615" lon="109.00396972636416">
        <ele>370.7952189007774</ele>
        <time>2022-05-02T12:55:42Z</time>
      </trkpt>
      <trkpt lat="34.410894889252916" lon="109.00393048425394">
        <ele>370.21609093248844</ele>
        <time>2022-05-02T12:55:46Z</time>
      </trkpt>
      <trkpt lat="34.41032458229732" lon="109.00390504123006">
        <ele>370.4211470037699</ele>
        <time>2022-05-02T12:55:54Z</time>
      </trkpt>
      <trkpt lat="34.41000551920032" lon="109.003900933407">
        <ele>371.0209200968966</ele>
        <time>2022-05-02T12:55:58Z</time>
      </trkpt>
      <trkpt lat="34.40950684572074" lon="109.00386693563188">
        <ele>371.188477425836</ele>
        <time>2022-05-02T12:56:04Z</time>
      </trkpt>
      <trkpt lat="34.40900953181611" lon="109.00383358953374">
        <ele>371.4424047777429</ele>
        <time>2022-05-02T12:56:10Z</time>
      </trkpt>
      <trkpt lat="34.40850740523546" lon="109.00382447518565">
        <ele>371.28091268986464</ele>
        <time>2022-05-02T12:56:16Z</time>
      </trkpt>
      <trkpt lat="34.40801842673591" lon="109.00380718010372">
        <ele>369.6130796773359</ele>
        <time>2022-05-02T12:56:22Z</time>
      </trkpt>
      <trkpt lat="34.40752298236809" lon="109.00379103054131">
        <ele>369.6579653462395</ele>
        <time>2022-05-02T12:56:28Z</time>
      </trkpt>
      <trkpt lat="34.407357870490195" lon="109.00378975558026">
        <ele>369.6986747737974</ele>
        <time>2022-05-02T12:56:30Z</time>
      </trkpt>
      <trkpt lat="34.40719294228809" lon="109.00383261757375">
        <ele>370.26045034173876</ele>
        <time>2022-05-02T12:56:32Z</time>
      </trkpt>
      <trkpt lat="34.4070290948633" lon="109.00383033845364">
        <ele>370.66021089907736</ele>
        <time>2022-05-02T12:56:34Z</time>
      </trkpt>
      <trkpt lat="34.406707157512855" lon="109.00382580888683">
        <ele>371.3708592476323</ele>
        <time>2022-05-02T12:56:38Z</time>
      </trkpt>
      <trkpt lat="34.40654843402134" lon="109.00380550698395">
        <ele>371.43613996356726</ele>
        <time>2022-05-02T12:56:40Z</time>
      </trkpt>
      <trkpt lat="34.406072210144345" lon="109.00382090847526">
        <ele>372.23072113469243</ele>
        <time>2022-05-02T12:56:46Z</time>
      </trkpt>
      <trkpt lat="34.4055963733594" lon="109.00380289377605">
        <ele>371.6091134240851</ele>
        <time>2022-05-02T12:56:52Z</time>
      </trkpt>
      <trkpt lat="34.405122744237765" lon="109.00380582454945">
        <ele>371.07398553658277</ele>
        <time>2022-05-02T12:56:58Z</time>
      </trkpt>
      <trkpt lat="34.4046770791165" lon="109.00378954976325">
        <ele>369.73335073608905</ele>
        <time>2022-05-02T12:57:04Z</time>
      </trkpt>
      <trkpt lat="34.40452938964571" lon="109.00380565323309">
        <ele>370.0385991875082</ele>
        <time>2022-05-02T12:57:06Z</time>
      </trkpt>
      <trkpt lat="34.4040862391835" lon="109.00377201197063">
        <ele>368.31332891248167</ele>
        <time>2022-05-02T12:57:12Z</time>
      </trkpt>
      <trkpt lat="34.40364102284907" lon="109.00377789392624">
        <ele>368.30189615115523</ele>
        <time>2022-05-02T12:57:18Z</time>
      </trkpt>
      <trkpt lat="34.40306893915569" lon="109.00383236555534">
        <ele>368.145503628999</ele>
        <time>2022-05-02T12:57:26Z</time>
      </trkpt>
      <trkpt lat="34.40292583658291" lon="109.00384352560931">
        <ele>366.68977812770754</ele>
        <time>2022-05-02T12:57:28Z</time>
      </trkpt>
      <trkpt lat="34.40278367827871" lon="109.00388812783822">
        <ele>367.9604665627703</ele>
        <time>2022-05-02T12:57:30Z</time>
      </trkpt>
      <trkpt lat="34.402652377229266" lon="109.0039912537037">
        <ele>369.8628125991672</ele>
        <time>2022-05-02T12:57:32Z</time>
      </trkpt>
      <trkpt lat="34.4022085509943" lon="109.00412832831485">
        <ele>373.87902256287634</ele>
        <time>2022-05-02T12:57:38Z</time>
      </trkpt>
      <trkpt lat="34.40176322698345" lon="109.0042488588142">
        <ele>374.6523051066324</ele>
        <time>2022-05-02T12:57:44Z</time>
      </trkpt>
      <trkpt lat="34.40132048974471" lon="109.00437471413329">
        <ele>375.2964185765013</ele>
        <time>2022-05-02T12:57:50Z</time>
      </trkpt>
      <trkpt lat="34.40106561159007" lon="109.00445145163972">
        <ele>375.22551544662565</ele>
        <time>2022-05-02T12:57:54Z</time>
      </trkpt>
      <trkpt lat="34.40077032845103" lon="109.00447165642584">
        <ele>374.3277362212539</ele>
        <time>2022-05-02T12:57:58Z</time>
      </trkpt>
      <trkpt lat="34.4006112557358" lon="109.00444786826482">
        <ele>373.193024312146</ele>
        <time>2022-05-02T12:58:00Z</time>
      </trkpt>
      <trkpt lat="34.400105656111336" lon="109.00445473191631">
        <ele>372.3035528389737</ele>
        <time>2022-05-02T12:58:06Z</time>
      </trkpt>
      <trkpt lat="34.39958194401678" lon="109.00444126633899">
        <ele>373.6585586508736</ele>
        <time>2022-05-02T12:58:12Z</time>
      </trkpt>
      <trkpt lat="34.399253702943334" lon="109.00442411211537">
        <ele>372.9366252189502</ele>
        <time>2022-05-02T12:58:16Z</time>
      </trkpt>
      <trkpt lat="34.39891065833569" lon="109.00440086853499">
        <ele>373.6082555241883</ele>
        <time>2022-05-02T12:58:20Z</time>
      </trkpt>
      <trkpt lat="34.39873834822344" lon="109.00443985650503">
        <ele>373.9968537222594</ele>
        <time>2022-05-02T12:58:22Z</time>
      </trkpt>
      <trkpt lat="34.39857358280086" lon="109.00451726725842">
        <ele>374.022289223969</ele>
        <time>2022-05-02T12:58:24Z</time>
      </trkpt>
      <trkpt lat="34.39807976478038" lon="109.00449333966904">
        <ele>374.76342961285263</ele>
        <time>2022-05-02T12:58:30Z</time>
      </trkpt>
      <trkpt lat="34.39759271654415" lon="109.00445867158533">
        <ele>375.5760380802676</ele>
        <time>2022-05-02T12:58:36Z</time>
      </trkpt>
      <trkpt lat="34.397113929497415" lon="109.00440285799101">
        <ele>375.8188433777541</ele>
        <time>2022-05-02T12:58:42Z</time>
      </trkpt>
      <trkpt lat="34.396619208717816" lon="109.00429890715688">
        <ele>376.67179870791733</ele>
        <time>2022-05-02T12:58:48Z</time>
      </trkpt>
      <trkpt lat="34.396117648856645" lon="109.00415707477059">
        <ele>378.6693829195574</ele>
        <time>2022-05-02T12:58:54Z</time>
      </trkpt>
      <trkpt lat="34.39560180126295" lon="109.00402812559628">
        <ele>378.85222607757896</ele>
        <time>2022-05-02T12:59:00Z</time>
      </trkpt>
      <trkpt lat="34.395425029199956" lon="109.00401654579682">
        <ele>379.3140749949962</ele>
        <time>2022-05-02T12:59:02Z</time>
      </trkpt>
      <trkpt lat="34.395247006755135" lon="109.00405178582339">
        <ele>378.7153772721067</ele>
        <time>2022-05-02T12:59:04Z</time>
      </trkpt>
      <trkpt lat="34.394719377344934" lon="109.00404086550303">
        <ele>377.72792733460665</ele>
        <time>2022-05-02T12:59:10Z</time>
      </trkpt>
      <trkpt lat="34.39418339451886" lon="109.00404744376628">
        <ele>378.32162441685796</ele>
        <time>2022-05-02T12:59:16Z</time>
      </trkpt>
      <trkpt lat="34.394003968650225" lon="109.00403080884496">
        <ele>377.47686544712633</ele>
        <time>2022-05-02T12:59:18Z</time>
      </trkpt>
      <trkpt lat="34.39347220112086" lon="109.00404659337197">
        <ele>378.398600153625</ele>
        <time>2022-05-02T12:59:24Z</time>
      </trkpt>
      <trkpt lat="34.392938049570596" lon="109.0040441773226">
        <ele>378.293035171926</ele>
        <time>2022-05-02T12:59:30Z</time>
      </trkpt>
      <trkpt lat="34.392759064021845" lon="109.00403757752531">
        <ele>377.44065421260893</ele>
        <time>2022-05-02T12:59:32Z</time>
      </trkpt>
      <trkpt lat="34.39222756089978" lon="109.00408139571451">
        <ele>378.49940175935626</ele>
        <time>2022-05-02T12:59:38Z</time>
      </trkpt>
      <trkpt lat="34.39169428848885" lon="109.00405295470959">
        <ele>378.3408816670999</ele>
        <time>2022-05-02T12:59:44Z</time>
      </trkpt>
      <trkpt lat="34.39134018962429" lon="109.00403791258717">
        <ele>378.9072764040902</ele>
        <time>2022-05-02T12:59:48Z</time>
      </trkpt>
      <trkpt lat="34.390813535929205" lon="109.00407024453595">
        <ele>379.9856001101434</ele>
        <time>2022-05-02T12:59:54Z</time>
      </trkpt>
      <trkpt lat="34.39028918167466" lon="109.00404088052512">
        <ele>380.37876696232706</ele>
        <time>2022-05-02T13:00:00Z</time>
      </trkpt>
      <trkpt lat="34.3897671534095" lon="109.00401370350639">
        <ele>379.09992337599397</ele>
        <time>2022-05-02T13:00:06Z</time>
      </trkpt>
      <trkpt lat="34.389592096966254" lon="109.00400771210825">
        <ele>379.6144859949127</ele>
        <time>2022-05-02T13:00:08Z</time>
      </trkpt>
      <trkpt lat="34.389416885992105" lon="109.00404511278998">
        <ele>379.4844620861113</ele>
        <time>2022-05-02T13:00:10Z</time>
      </trkpt>
      <trkpt lat="34.3888934672064" lon="109.00403951450926">
        <ele>381.06510688737035</ele>
        <time>2022-05-02T13:00:16Z</time>
      </trkpt>
      <trkpt lat="34.38854643600157" lon="109.00402748421797">
        <ele>380.479070645757</ele>
        <time>2022-05-02T13:00:20Z</time>
      </trkpt>
      <trkpt lat="34.388032425701034" lon="109.0040408141858">
        <ele>380.96318564843386</ele>
        <time>2022-05-02T13:00:26Z</time>
      </trkpt>
      <trkpt lat="34.387858747013006" lon="109.00404078456805">
        <ele>380.2261173231527</ele>
        <time>2022-05-02T13:00:28Z</time>
      </trkpt>
      <trkpt lat="34.38733019478153" lon="109.00404754367818">
        <ele>380.55294658988714</ele>
        <time>2022-05-02T13:00:34Z</time>
      </trkpt>
      <trkpt lat="34.38680843619791" lon="109.00403828009962">
        <ele>381.0159485731274</ele>
        <time>2022-05-02T13:00:40Z</time>
      </trkpt>
      <trkpt lat="34.386307377117205" lon="109.00403251439562">
        <ele>380.9047614634037</ele>
        <time>2022-05-02T13:00:46Z</time>
      </trkpt>
      <trkpt lat="34.385810957331444" lon="109.00400646235377">
        <ele>381.57735548727214</ele>
        <time>2022-05-02T13:00:52Z</time>
      </trkpt>
      <trkpt lat="34.38547364161541" lon="109.00399487725657">
        <ele>380.7040566178039</ele>
        <time>2022-05-02T13:00:56Z</time>
      </trkpt>
      <trkpt lat="34.38530941190242" lon="109.00403306338279">
        <ele>380.68772093579173</ele>
        <time>2022-05-02T13:00:58Z</time>
      </trkpt>
      <trkpt lat="34.38515420225826" lon="109.00403281945707">
        <ele>379.45342404115945</ele>
        <time>2022-05-02T13:01:00Z</time>
      </trkpt>
      <trkpt lat="34.385009572364694" lon="109.00398272063357">
        <ele>379.42574340850115</ele>
        <time>2022-05-02T13:01:02Z</time>
      </trkpt>
      <trkpt lat="34.38486848357922" lon="109.00398605880908">
        <ele>378.63109980430454</ele>
        <time>2022-05-02T13:01:04Z</time>
      </trkpt>
      <trkpt lat="34.38473450865698" lon="109.00395925892248">
        <ele>378.2566152662039</ele>
        <time>2022-05-02T13:01:06Z</time>
      </trkpt>
      <trkpt lat="34.38424588751139" lon="109.00397219711192">
        <ele>378.00064885243773</ele>
        <time>2022-05-02T13:01:14Z</time>
      </trkpt>
      <trkpt lat="34.383788257704936" lon="109.00397058758705">
        <ele>378.04498175997287</ele>
        <time>2022-05-02T13:01:22Z</time>
      </trkpt>
      <trkpt lat="34.383519917918576" lon="109.00396011894875">
        <ele>377.78082791157067</ele>
        <time>2022-05-02T13:01:26Z</time>
      </trkpt>
      <trkpt lat="34.38337360249387" lon="109.003977547691">
        <ele>378.88106364384294</ele>
        <time>2022-05-02T13:01:28Z</time>
      </trkpt>
      <trkpt lat="34.383226464997776" lon="109.00396768221779">
        <ele>378.7036313600838</ele>
        <time>2022-05-02T13:01:30Z</time>
      </trkpt>
      <trkpt lat="34.38292397925599" lon="109.00397833329961">
        <ele>379.9307330623269</ele>
        <time>2022-05-02T13:01:34Z</time>
      </trkpt>
      <trkpt lat="34.382619132598215" lon="109.00395540116209">
        <ele>380.49389517493546</ele>
        <time>2022-05-02T13:01:38Z</time>
      </trkpt>
      <trkpt lat="34.38231352039208" lon="109.00396484329944">
        <ele>381.3633882217109</ele>
        <time>2022-05-02T13:01:42Z</time>
      </trkpt>
      <trkpt lat="34.382169535623966" lon="109.00393847768837">
        <ele>380.26946001313627</ele>
        <time>2022-05-02T13:01:44Z</time>
      </trkpt>
      <trkpt lat="34.381728913454" lon="109.00393588339136">
        <ele>381.17010807897896</ele>
        <time>2022-05-02T13:01:50Z</time>
      </trkpt>
      <trkpt lat="34.38126809658134" lon="109.00394352474055">
        <ele>381.71245945896953</ele>
        <time>2022-05-02T13:01:56Z</time>
      </trkpt>
      <trkpt lat="34.38083123308144" lon="109.00389150191563">
        <ele>382.42677035555243</ele>
        <time>2022-05-02T13:02:02Z</time>
      </trkpt>
      <trkpt lat="34.38054023630171" lon="109.00380547736039">
        <ele>383.5232109371573</ele>
        <time>2022-05-02T13:02:06Z</time>
      </trkpt>
      <trkpt lat="34.38024149613901" lon="109.00365983282903">
        <ele>384.5560634881258</ele>
        <time>2022-05-02T13:02:10Z</time>
      </trkpt>
      <trkpt lat="34.37981299543187" lon="109.00336726734236">
        <ele>385.92116297315806</ele>
        <time>2022-05-02T13:02:16Z</time>
      </trkpt>
      <trkpt lat="34.37966411302411" lon="109.0032875120666">
        <ele>386.9282826948911</ele>
        <time>2022-05-02T13:02:18Z</time>
      </trkpt>
      <trkpt lat="34.37949667825644" lon="109.00325492916264">
        <ele>387.64671039488167</ele>
        <time>2022-05-02T13:02:20Z</time>
      </trkpt>
      <trkpt lat="34.3790328719172" lon="109.00306456241755">
        <ele>386.6341324392706</ele>
        <time>2022-05-02T13:02:26Z</time>
      </trkpt>
      <trkpt lat="34.37853708661652" lon="109.00303360088651">
        <ele>384.59426435735077</ele>
        <time>2022-05-02T13:02:32Z</time>
      </trkpt>
      <trkpt lat="34.37820922603108" lon="109.00306372828754">
        <ele>385.41146780736744</ele>
        <time>2022-05-02T13:02:36Z</time>
      </trkpt>
      <trkpt lat="34.37806064877761" lon="109.00314257877764">
        <ele>385.3133637616411</ele>
        <time>2022-05-02T13:02:38Z</time>
      </trkpt>
      <trkpt lat="34.37776224708312" lon="109.0032636902025">
        <ele>384.5457052607089</ele>
        <time>2022-05-02T13:02:42Z</time>
      </trkpt>
      <trkpt lat="34.37733932982101" lon="109.00352964885714">
        <ele>385.2656792625785</ele>
        <time>2022-05-02T13:02:48Z</time>
      </trkpt>
      <trkpt lat="34.3768686667668" lon="109.00389153563167">
        <ele>386.8673373032361</ele>
        <time>2022-05-02T13:02:56Z</time>
      </trkpt>
      <trkpt lat="34.37663070256666" lon="109.00407745339943">
        <ele>386.44660662300885</ele>
        <time>2022-05-02T13:03:00Z</time>
      </trkpt>
      <trkpt lat="34.376214661470556" lon="109.00426105069558">
        <ele>385.31231476087123</ele>
        <time>2022-05-02T13:03:06Z</time>
      </trkpt>
      <trkpt lat="34.37591018307253" lon="109.00433856756507">
        <ele>383.89170149248093</ele>
        <time>2022-05-02T13:03:10Z</time>
      </trkpt>
      <trkpt lat="34.3755909766953" lon="109.0043758932138">
        <ele>384.04946482367814</ele>
        <time>2022-05-02T13:03:14Z</time>
      </trkpt>
      <trkpt lat="34.37512970244558" lon="109.0043627357263">
        <ele>383.4756135754287</ele>
        <time>2022-05-02T13:03:20Z</time>
      </trkpt>
      <trkpt lat="34.374566639178184" lon="109.00437083069394">
        <ele>383.1714103715494</ele>
        <time>2022-05-02T13:03:28Z</time>
      </trkpt>
      <trkpt lat="34.373998882791334" lon="109.00438458451445">
        <ele>383.44476400781423</ele>
        <time>2022-05-02T13:03:36Z</time>
      </trkpt>
      <trkpt lat="34.37344827554505" lon="109.00439025275001">
        <ele>383.9666992565617</ele>
        <time>2022-05-02T13:03:44Z</time>
      </trkpt>
      <trkpt lat="34.372889729188145" lon="109.00439123511566">
        <ele>383.7322683641687</ele>
        <time>2022-05-02T13:03:52Z</time>
      </trkpt>
      <trkpt lat="34.37245042262184" lon="109.00438280029967">
        <ele>383.83778754249215</ele>
        <time>2022-05-02T13:03:58Z</time>
      </trkpt>
      <trkpt lat="34.372015624479765" lon="109.00439149094308">
        <ele>384.436720604077</ele>
        <time>2022-05-02T13:04:04Z</time>
      </trkpt>
      <trkpt lat="34.37157615962145" lon="109.0043931977506">
        <ele>383.86592498701066</ele>
        <time>2022-05-02T13:04:10Z</time>
      </trkpt>
      <trkpt lat="34.3711337592501" lon="109.00438464986676">
        <ele>383.9655148498714</ele>
        <time>2022-05-02T13:04:16Z</time>
      </trkpt>
      <trkpt lat="34.37056809974111" lon="109.0043712719785">
        <ele>384.78690633922815</ele>
        <time>2022-05-02T13:04:24Z</time>
      </trkpt>
      <trkpt lat="34.370033259008345" lon="109.00432943244924">
        <ele>384.2775518419221</ele>
        <time>2022-05-02T13:04:32Z</time>
      </trkpt>
      <trkpt lat="34.369678779697345" lon="109.00426890013013">
        <ele>385.19725251942873</ele>
        <time>2022-05-02T13:04:38Z</time>
      </trkpt>
      <trkpt lat="34.36958063517957" lon="109.0042339098864">
        <ele>385.49338751100004</ele>
        <time>2022-05-02T13:04:40Z</time>
      </trkpt>
      <trkpt lat="34.369434081541336" lon="109.0042861902722">
        <ele>385.0437118234113</ele>
        <time>2022-05-02T13:04:42Z</time>
      </trkpt>
      <trkpt lat="34.369289612011094" lon="109.00431359004331">
        <ele>384.82445824332535</ele>
        <time>2022-05-02T13:04:44Z</time>
      </trkpt>
      <trkpt lat="34.36871947476396" lon="109.00426304991203">
        <ele>385.53843370545655</ele>
        <time>2022-05-02T13:04:52Z</time>
      </trkpt>
      <trkpt lat="34.368149193472235" lon="109.00422873563859">
        <ele>385.803112401627</ele>
        <time>2022-05-02T13:05:00Z</time>
      </trkpt>
      <trkpt lat="34.367572840583016" lon="109.00421181573874">
        <ele>386.8744097324088</ele>
        <time>2022-05-02T13:05:08Z</time>
      </trkpt>
      <trkpt lat="34.3674284680808" lon="109.00421651717599">
        <ele>387.8364097774029</ele>
        <time>2022-05-02T13:05:10Z</time>
      </trkpt>
      <trkpt lat="34.36728631504953" lon="109.00426438322097">
        <ele>387.61824379488826</ele>
        <time>2022-05-02T13:05:12Z</time>
      </trkpt>
      <trkpt lat="34.3671410064516" lon="109.00423152001827">
        <ele>388.5101783769205</ele>
        <time>2022-05-02T13:05:14Z</time>
      </trkpt>
      <trkpt lat="34.36699843524042" lon="109.00423609307285">
        <ele>387.9171663755551</ele>
        <time>2022-05-02T13:05:16Z</time>
      </trkpt>
      <trkpt lat="34.36656059562198" lon="109.00426151523781">
        <ele>387.449553896673</ele>
        <time>2022-05-02T13:05:22Z</time>
      </trkpt>
      <trkpt lat="34.36641328671511" lon="109.00426937783985">
        <ele>387.2092774370685</ele>
        <time>2022-05-02T13:05:24Z</time>
      </trkpt>
      <trkpt lat="34.36626965254239" lon="109.0043059989963">
        <ele>387.8109007431194</ele>
        <time>2022-05-02T13:05:26Z</time>
      </trkpt>
      <trkpt lat="34.36582726994922" lon="109.00432430482002">
        <ele>387.3398785367608</ele>
        <time>2022-05-02T13:05:32Z</time>
      </trkpt>
      <trkpt lat="34.365380229977006" lon="109.00438156863076">
        <ele>387.3555829618126</ele>
        <time>2022-05-02T13:05:38Z</time>
      </trkpt>
      <trkpt lat="34.36492197785375" lon="109.0044221439994">
        <ele>386.49309637770057</ele>
        <time>2022-05-02T13:05:44Z</time>
      </trkpt>
      <trkpt lat="34.364478357073104" lon="109.00446037094474">
        <ele>387.6472643939778</ele>
        <time>2022-05-02T13:05:50Z</time>
      </trkpt>
      <trkpt lat="34.364038155467476" lon="109.00449989660977">
        <ele>386.6997317690402</ele>
        <time>2022-05-02T13:05:56Z</time>
      </trkpt>
      <trkpt lat="34.36375300362563" lon="109.00452963929008">
        <ele>386.6261148992926</ele>
        <time>2022-05-02T13:06:00Z</time>
      </trkpt>
      <trkpt lat="34.3636143862033" lon="109.00460712300257">
        <ele>386.80349229834974</ele>
        <time>2022-05-02T13:06:02Z</time>
      </trkpt>
      <trkpt lat="34.36346423742482" lon="109.00457205595885">
        <ele>386.3971875915304</ele>
        <time>2022-05-02T13:06:04Z</time>
      </trkpt>
      <trkpt lat="34.36316843349084" lon="109.00461877836089">
        <ele>386.1262596724555</ele>
        <time>2022-05-02T13:06:08Z</time>
      </trkpt>
      <trkpt lat="34.36271893549196" lon="109.00474736727607">
        <ele>386.67190381418914</ele>
        <time>2022-05-02T13:06:14Z</time>
      </trkpt>
      <trkpt lat="34.36256752379737" lon="109.00477117354059">
        <ele>386.4590158108622</ele>
        <time>2022-05-02T13:06:16Z</time>
      </trkpt>
      <trkpt lat="34.362129319979175" lon="109.00473486618519">
        <ele>384.4371817111969</ele>
        <time>2022-05-02T13:06:22Z</time>
      </trkpt>
      <trkpt lat="34.36168512477884" lon="109.00464203725757">
        <ele>384.7664466528222</ele>
        <time>2022-05-02T13:06:28Z</time>
      </trkpt>
      <trkpt lat="34.36138028944711" lon="109.00459623326515">
        <ele>390.46497035212815</ele>
        <time>2022-05-02T13:06:32Z</time>
      </trkpt>
      <trkpt lat="34.36108485284863" lon="109.0045038470366">
        <ele>389.99070556554943</ele>
        <time>2022-05-02T13:06:36Z</time>
      </trkpt>
      <trkpt lat="34.36094675948027" lon="109.00442007902979">
        <ele>390.2507303552702</ele>
        <time>2022-05-02T13:06:38Z</time>
      </trkpt>
      <trkpt lat="34.3607986065341" lon="109.00437793553188">
        <ele>390.2380325309932</ele>
        <time>2022-05-02T13:06:40Z</time>
      </trkpt>
      <trkpt lat="34.36041587100257" lon="109.00406778776028">
        <ele>391.60185086354613</ele>
        <time>2022-05-02T13:06:46Z</time>
      </trkpt>
      <trkpt lat="34.36000624339131" lon="109.00379571527088">
        <ele>391.81632005330175</ele>
        <time>2022-05-02T13:06:52Z</time>
      </trkpt>
      <trkpt lat="34.35972295995682" lon="109.0036617014701">
        <ele>392.04155579116195</ele>
        <time>2022-05-02T13:06:56Z</time>
      </trkpt>
      <trkpt lat="34.359280220579976" lon="109.00348951364528">
        <ele>391.68610544875264</ele>
        <time>2022-05-02T13:07:02Z</time>
      </trkpt>
      <trkpt lat="34.358813052433455" lon="109.0034324910149">
        <ele>392.25644325464964</ele>
        <time>2022-05-02T13:07:08Z</time>
      </trkpt>
      <trkpt lat="34.358339706731726" lon="109.00344292524946">
        <ele>391.71338535193354</ele>
        <time>2022-05-02T13:07:14Z</time>
      </trkpt>
      <trkpt lat="34.35789618770994" lon="109.0034281610244">
        <ele>390.81957438215613</ele>
        <time>2022-05-02T13:07:20Z</time>
      </trkpt>
      <trkpt lat="34.357404592967846" lon="109.00343687863126">
        <ele>391.60773041751236</ele>
        <time>2022-05-02T13:07:28Z</time>
      </trkpt>
      <trkpt lat="34.3568785681983" lon="109.00342847568218">
        <ele>392.1285166135058</ele>
        <time>2022-05-02T13:07:36Z</time>
      </trkpt>
      <trkpt lat="34.356425542442786" lon="109.00344773037557">
        <ele>391.30600306764245</ele>
        <time>2022-05-02T13:07:42Z</time>
      </trkpt>
      <trkpt lat="34.3558973159436" lon="109.0034535919371">
        <ele>391.08530826028436</ele>
        <time>2022-05-02T13:07:50Z</time>
      </trkpt>
      <trkpt lat="34.35540195137422" lon="109.00340446236709">
        <ele>389.68719154782593</ele>
        <time>2022-05-02T13:08:08Z</time>
      </trkpt>
      <trkpt lat="34.35533387191136" lon="109.00339100818553">
        <ele>390.98853336740285</ele>
        <time>2022-05-02T13:08:23Z</time>
      </trkpt>
      <trkpt lat="34.35490195887359" lon="109.00342463462397">
        <ele>391.38857807405293</ele>
        <time>2022-05-02T13:08:33Z</time>
      </trkpt>
      <trkpt lat="34.35436671740604" lon="109.00345394729193">
        <ele>391.55565666314214</ele>
        <time>2022-05-02T13:08:41Z</time>
      </trkpt>
      <trkpt lat="34.35379335591968" lon="109.0035046439617">
        <ele>391.16014778148383</ele>
        <time>2022-05-02T13:08:49Z</time>
      </trkpt>
      <trkpt lat="34.35335028528982" lon="109.00356134190231">
        <ele>389.98497587163</ele>
        <time>2022-05-02T13:08:55Z</time>
      </trkpt>
      <trkpt lat="34.35303369205067" lon="109.00360644985764">
        <ele>389.7746724607423</ele>
        <time>2022-05-02T13:08:59Z</time>
      </trkpt>
      <trkpt lat="34.352542018638175" lon="109.00370850799062">
        <ele>389.64329337421805</ele>
        <time>2022-05-02T13:09:05Z</time>
      </trkpt>
      <trkpt lat="34.35206273013577" lon="109.00378068398169">
        <ele>389.62171772122383</ele>
        <time>2022-05-02T13:09:11Z</time>
      </trkpt>
      <trkpt lat="34.35161611164005" lon="109.00384855867775">
        <ele>389.82143054623157</ele>
        <time>2022-05-02T13:09:17Z</time>
      </trkpt>
      <trkpt lat="34.35117377861145" lon="109.00390667645952">
        <ele>388.85974696837366</ele>
        <time>2022-05-02T13:09:23Z</time>
      </trkpt>
      <trkpt lat="34.35069030838921" lon="109.00398274127882">
        <ele>388.4565940015018</ele>
        <time>2022-05-02T13:09:29Z</time>
      </trkpt>
      <trkpt lat="34.35020154385525" lon="109.00406137264993">
        <ele>386.8196483729407</ele>
        <time>2022-05-02T13:09:35Z</time>
      </trkpt>
      <trkpt lat="34.34961359017913" lon="109.00415742740634">
        <ele>389.789683339186</ele>
        <time>2022-05-02T13:09:42Z</time>
      </trkpt>
      <trkpt lat="34.349103605299646" lon="109.00425926472886">
        <ele>389.45366818644106</ele>
        <time>2022-05-02T13:09:48Z</time>
      </trkpt>
      <trkpt lat="34.34859586103569" lon="109.00439544855388">
        <ele>389.32968756649643</ele>
        <time>2022-05-02T13:09:54Z</time>
      </trkpt>
      <trkpt lat="34.34826348366313" lon="109.00449710676514">
        <ele>388.15724966768175</ele>
        <time>2022-05-02T13:09:58Z</time>
      </trkpt>
      <trkpt lat="34.348095122133365" lon="109.00458620131248">
        <ele>388.1750885620713</ele>
        <time>2022-05-02T13:10:00Z</time>
      </trkpt>
      <trkpt lat="34.3476037377882" lon="109.0047502436922">
        <ele>389.37964268308133</ele>
        <time>2022-05-02T13:10:06Z</time>
      </trkpt>
      <trkpt lat="34.34728593839958" lon="109.0048413160609">
        <ele>388.1505889846012</ele>
        <time>2022-05-02T13:10:10Z</time>
      </trkpt>
      <trkpt lat="34.34672393197531" lon="109.00504622405685">
        <ele>388.26553464867175</ele>
        <time>2022-05-02T13:10:17Z</time>
      </trkpt>
      <trkpt lat="34.346266379349046" lon="109.00523278652359">
        <ele>388.9424401996657</ele>
        <time>2022-05-02T13:10:23Z</time>
      </trkpt>
      <trkpt lat="34.34582252292355" lon="109.00545363441977">
        <ele>389.2202659957111</ele>
        <time>2022-05-02T13:10:29Z</time>
      </trkpt>
      <trkpt lat="34.34537474803565" lon="109.00569228046612">
        <ele>388.2777962619439</ele>
        <time>2022-05-02T13:10:35Z</time>
      </trkpt>
      <trkpt lat="34.34493791289945" lon="109.00596452692714">
        <ele>387.78104389831424</ele>
        <time>2022-05-02T13:10:41Z</time>
      </trkpt>
      <trkpt lat="34.34448930538357" lon="109.00624687533738">
        <ele>386.35402623191476</ele>
        <time>2022-05-02T13:10:47Z</time>
      </trkpt>
      <trkpt lat="34.344334659286076" lon="109.00633230514117">
        <ele>386.58293556049466</ele>
        <time>2022-05-02T13:10:49Z</time>
      </trkpt>
      <trkpt lat="34.344189062632815" lon="109.0064544922022">
        <ele>388.1557105537504</ele>
        <time>2022-05-02T13:10:51Z</time>
      </trkpt>
      <trkpt lat="34.34376306499166" lon="109.00672524992113">
        <ele>387.5418766150251</ele>
        <time>2022-05-02T13:10:57Z</time>
      </trkpt>
      <trkpt lat="34.343364888757314" lon="109.00697280148675">
        <ele>387.93306737206876</ele>
        <time>2022-05-02T13:11:03Z</time>
      </trkpt>
      <trkpt lat="34.342952946432675" lon="109.007217980227">
        <ele>387.49435463827103</ele>
        <time>2022-05-02T13:11:09Z</time>
      </trkpt>
      <trkpt lat="34.34268290619435" lon="109.0073746221137">
        <ele>389.63086294475943</ele>
        <time>2022-05-02T13:11:13Z</time>
      </trkpt>
      <trkpt lat="34.34253611416789" lon="109.0074227189629">
        <ele>388.94068908598274</ele>
        <time>2022-05-02T13:11:15Z</time>
      </trkpt>
      <trkpt lat="34.3421036427248" lon="109.00761794976567">
        <ele>387.4473557109013</ele>
        <time>2022-05-02T13:11:21Z</time>
      </trkpt>
      <trkpt lat="34.3416753939307" lon="109.0078036365511">
        <ele>387.8177910288796</ele>
        <time>2022-05-02T13:11:27Z</time>
      </trkpt>
      <trkpt lat="34.341247554633995" lon="109.00797324092518">
        <ele>387.2467238018289</ele>
        <time>2022-05-02T13:11:33Z</time>
      </trkpt>
      <trkpt lat="34.34110871354915" lon="109.00805631291374">
        <ele>388.4476709170267</ele>
        <time>2022-05-02T13:11:35Z</time>
      </trkpt>
      <trkpt lat="34.340669698960916" lon="109.00824722908449">
        <ele>387.59422045759857</ele>
        <time>2022-05-02T13:11:41Z</time>
      </trkpt>
      <trkpt lat="34.34014256762548" lon="109.00846852177767">
        <ele>388.3850824087858</ele>
        <time>2022-05-02T13:11:48Z</time>
      </trkpt>
      <trkpt lat="34.33968849482512" lon="109.00869269054485">
        <ele>388.2289157612249</ele>
        <time>2022-05-02T13:11:54Z</time>
      </trkpt>
      <trkpt lat="34.3392221212072" lon="109.0088848631878">
        <ele>389.22048980463296</ele>
        <time>2022-05-02T13:12:00Z</time>
      </trkpt>
      <trkpt lat="34.33875030627827" lon="109.00908023385713">
        <ele>388.19253794290125</ele>
        <time>2022-05-02T13:12:06Z</time>
      </trkpt>
      <trkpt lat="34.3382802420146" lon="109.00930155170072">
        <ele>389.0926757324487</ele>
        <time>2022-05-02T13:12:12Z</time>
      </trkpt>
      <trkpt lat="34.33781187357785" lon="109.00951447348463">
        <ele>388.38715596310794</ele>
        <time>2022-05-02T13:12:18Z</time>
      </trkpt>
      <trkpt lat="34.33734136043212" lon="109.00974017073186">
        <ele>388.1773764723912</ele>
        <time>2022-05-02T13:12:24Z</time>
      </trkpt>
      <trkpt lat="34.33688381917139" lon="109.00996759950779">
        <ele>388.26445025298744</ele>
        <time>2022-05-02T13:12:30Z</time>
      </trkpt>
      <trkpt lat="34.336736632414265" lon="109.01004574467831">
        <ele>389.40325654949993</ele>
        <time>2022-05-02T13:12:32Z</time>
      </trkpt>
      <trkpt lat="34.336595110314136" lon="109.01015496600382">
        <ele>390.71721692290157</ele>
        <time>2022-05-02T13:12:34Z</time>
      </trkpt>
      <trkpt lat="34.33617131987322" lon="109.01039087708278">
        <ele>391.8597038676962</ele>
        <time>2022-05-02T13:12:40Z</time>
      </trkpt>
      <trkpt lat="34.335738780843066" lon="109.01065945824567">
        <ele>391.73919609747827</ele>
        <time>2022-05-02T13:12:46Z</time>
      </trkpt>
      <trkpt lat="34.33531318265565" lon="109.01094193132212">
        <ele>391.05512041412294</ele>
        <time>2022-05-02T13:12:52Z</time>
      </trkpt>
      <trkpt lat="34.334885274314644" lon="109.01122868109191">
        <ele>389.6416556481272</ele>
        <time>2022-05-02T13:12:58Z</time>
      </trkpt>
      <trkpt lat="34.33460447565174" lon="109.01142652713027">
        <ele>389.21290608588606</ele>
        <time>2022-05-02T13:13:02Z</time>
      </trkpt>
      <trkpt lat="34.33447724216092" lon="109.0115441016009">
        <ele>390.15635380055755</ele>
        <time>2022-05-02T13:13:04Z</time>
      </trkpt>
      <trkpt lat="34.334007318950455" lon="109.01188918540133">
        <ele>390.91556529700756</ele>
        <time>2022-05-02T13:13:12Z</time>
      </trkpt>
      <trkpt lat="34.333575406618316" lon="109.01220919013595">
        <ele>390.9985969765112</ele>
        <time>2022-05-02T13:13:20Z</time>
      </trkpt>
      <trkpt lat="34.33314499930309" lon="109.0124985601633">
        <ele>390.1016835644841</ele>
        <time>2022-05-02T13:13:30Z</time>
      </trkpt>
      <trkpt lat="34.3328343932313" lon="109.01269828709222">
        <ele>390.74494906235486</ele>
        <time>2022-05-02T13:13:38Z</time>
      </trkpt>
      <trkpt lat="34.33275887716857" lon="109.01272782383425">
        <ele>390.4070699829608</ele>
        <time>2022-05-02T13:13:40Z</time>
      </trkpt>
      <trkpt lat="34.332642437852" lon="109.01270492394568">
        <ele>390.87598916422576</ele>
        <time>2022-05-02T13:13:44Z</time>
      </trkpt>
      <trkpt lat="34.33248642215503" lon="109.01245221610353">
        <ele>390.7005145950243</ele>
        <time>2022-05-02T13:14:02Z</time>
      </trkpt>
      <trkpt lat="34.332389734688036" lon="109.01235821799594">
        <ele>396.0220835711807</ele>
        <time>2022-05-02T13:14:23Z</time>
      </trkpt>
      <trkpt lat="34.332274403972626" lon="109.01185548261888">
        <ele>398.275986969471</ele>
        <time>2022-05-02T13:14:33Z</time>
      </trkpt>
      <trkpt lat="34.332107511893554" lon="109.011367709302">
        <ele>397.4205338843167</ele>
        <time>2022-05-02T13:14:41Z</time>
      </trkpt>
      <trkpt lat="34.33192509670411" lon="109.01080881051163">
        <ele>393.97142507787794</ele>
        <time>2022-05-02T13:14:49Z</time>
      </trkpt>
      <trkpt lat="34.331803102458935" lon="109.01033011252017">
        <ele>394.86568783503026</ele>
        <time>2022-05-02T13:14:55Z</time>
      </trkpt>
      <trkpt lat="34.33171739334045" lon="109.00968842634921">
        <ele>399.7277428023517</ele>
        <time>2022-05-02T13:15:03Z</time>
      </trkpt>
      <trkpt lat="34.33169575633163" lon="109.00901175167647">
        <ele>398.4868487305939</ele>
        <time>2022-05-02T13:15:11Z</time>
      </trkpt>
      <trkpt lat="34.33169590675804" lon="109.00849509629562">
        <ele>398.01574168354273</ele>
        <time>2022-05-02T13:15:17Z</time>
      </trkpt>
      <trkpt lat="34.331747220535846" lon="109.00783785828183">
        <ele>395.4369444446638</ele>
        <time>2022-05-02T13:15:25Z</time>
      </trkpt>
      <trkpt lat="34.33172081405341" lon="109.00715411154363">
        <ele>396.22307137493044</ele>
        <time>2022-05-02T13:15:33Z</time>
      </trkpt>
      <trkpt lat="34.33172791090517" lon="109.00663797695161">
        <ele>395.56143999285996</ele>
        <time>2022-05-02T13:15:39Z</time>
      </trkpt>
      <trkpt lat="34.33171679020952" lon="109.00653218974978">
        <ele>394.50358569063246</ele>
        <time>2022-05-02T13:15:41Z</time>
      </trkpt>
      <trkpt lat="34.33168396283413" lon="109.00643822192414">
        <ele>394.86165416426957</ele>
        <time>2022-05-02T13:15:45Z</time>
      </trkpt>
      <trkpt lat="34.331710862536326" lon="109.0062355192134">
        <ele>396.8155044429004</ele>
        <time>2022-05-02T13:15:53Z</time>
      </trkpt>
      <trkpt lat="34.33171183684234" lon="109.00577477268442">
        <ele>395.9755050027743</ele>
        <time>2022-05-02T13:16:00Z</time>
      </trkpt>
      <trkpt lat="34.33175741871357" lon="109.00515558286764">
        <ele>393.8626869255677</ele>
        <time>2022-05-02T13:16:08Z</time>
      </trkpt>
      <trkpt lat="34.331766531794045" lon="109.0050033951923">
        <ele>393.28184145037085</ele>
        <time>2022-05-02T13:16:10Z</time>
      </trkpt>
      <trkpt lat="34.331752739263884" lon="109.00467128103152">
        <ele>393.4314801553264</ele>
        <time>2022-05-02T13:16:14Z</time>
      </trkpt>
      <trkpt lat="34.331786907462984" lon="109.00404277546617">
        <ele>392.95409890357405</ele>
        <time>2022-05-02T13:16:22Z</time>
      </trkpt>
      <trkpt lat="34.3318069903892" lon="109.00338475616911">
        <ele>393.36521091125906</ele>
        <time>2022-05-02T13:16:30Z</time>
      </trkpt>
      <trkpt lat="34.3318380151113" lon="109.00277630749153">
        <ele>394.1914626779035</ele>
        <time>2022-05-02T13:16:38Z</time>
      </trkpt>
      <trkpt lat="34.3318293630159" lon="109.0021552157684">
        <ele>394.35222765337676</ele>
        <time>2022-05-02T13:16:46Z</time>
      </trkpt>
      <trkpt lat="34.33182930257632" lon="109.00156384636185">
        <ele>393.5559076387435</ele>
        <time>2022-05-02T13:16:54Z</time>
      </trkpt>
      <trkpt lat="34.331849351510215" lon="109.00096091375688">
        <ele>393.8696015132591</ele>
        <time>2022-05-02T13:17:02Z</time>
      </trkpt>
      <trkpt lat="34.33186610370914" lon="109.00035569999163">
        <ele>393.18024756014347</ele>
        <time>2022-05-02T13:17:10Z</time>
      </trkpt>
      <trkpt lat="34.33190703799643" lon="108.99975212331933">
        <ele>393.62210956122726</ele>
        <time>2022-05-02T13:17:18Z</time>
      </trkpt>
      <trkpt lat="34.33189439421082" lon="108.99921467102483">
        <ele>392.6488261651248</ele>
        <time>2022-05-02T13:17:26Z</time>
      </trkpt>
      <trkpt lat="34.331890697025706" lon="108.99898875579547">
        <ele>392.47426874935627</ele>
        <time>2022-05-02T13:17:40Z</time>
      </trkpt>
      <trkpt lat="34.33175856121183" lon="108.99844142705962">
        <ele>392.4397749658674</ele>
        <time>2022-05-02T13:17:54Z</time>
      </trkpt>
      <trkpt lat="34.33171945951247" lon="108.99824261714608">
        <ele>392.95809360500425</ele>
        <time>2022-05-02T13:17:58Z</time>
      </trkpt>
      <trkpt lat="34.331576416649106" lon="108.99766506447098">
        <ele>391.9821223989129</ele>
        <time>2022-05-02T13:18:10Z</time>
      </trkpt>
      <trkpt lat="34.33141423949367" lon="108.99714991312625">
        <ele>392.0848070476204</ele>
        <time>2022-05-02T13:18:20Z</time>
      </trkpt>
      <trkpt lat="34.33127365229541" lon="108.99665306381735">
        <ele>392.5205764248967</ele>
        <time>2022-05-02T13:18:28Z</time>
      </trkpt>
      <trkpt lat="34.331121392370555" lon="108.99615090091704">
        <ele>392.6994425561279</ele>
        <time>2022-05-02T13:18:36Z</time>
      </trkpt>
      <trkpt lat="34.330994291245034" lon="108.9956424898845">
        <ele>393.0609456691891</ele>
        <time>2022-05-02T13:18:44Z</time>
      </trkpt>
      <trkpt lat="34.330999167963405" lon="108.99550540832354">
        <ele>393.3160741375759</ele>
        <time>2022-05-02T13:18:46Z</time>
      </trkpt>
      <trkpt lat="34.33097984723408" lon="108.99523769307272">
        <ele>393.4348514806479</ele>
        <time>2022-05-02T13:18:50Z</time>
      </trkpt>
      <trkpt lat="34.33093202506942" lon="108.99510259395227">
        <ele>393.64594847150147</ele>
        <time>2022-05-02T13:18:52Z</time>
      </trkpt>
      <trkpt lat="34.33091670991173" lon="108.99484024635711">
        <ele>393.21837254520506</ele>
        <time>2022-05-02T13:18:56Z</time>
      </trkpt>
      <trkpt lat="34.33089300631834" lon="108.99471148378218">
        <ele>393.05473939236253</ele>
        <time>2022-05-02T13:18:58Z</time>
      </trkpt>
      <trkpt lat="34.33090025017134" lon="108.99444530068882">
        <ele>392.7521661007777</ele>
        <time>2022-05-02T13:19:02Z</time>
      </trkpt>
      <trkpt lat="34.330841285051704" lon="108.99414397214169">
        <ele>392.5422532726079</ele>
        <time>2022-05-02T13:19:06Z</time>
      </trkpt>
      <trkpt lat="34.330867684722875" lon="108.9940328432728">
        <ele>392.71776070352644</ele>
        <time>2022-05-02T13:19:08Z</time>
      </trkpt>
      <trkpt lat="34.33079846405634" lon="108.99358067044587">
        <ele>392.37660171370953</ele>
        <time>2022-05-02T13:19:14Z</time>
      </trkpt>
      <trkpt lat="34.330803733812694" lon="108.9934456113311">
        <ele>393.4784176312387</ele>
        <time>2022-05-02T13:19:16Z</time>
      </trkpt>
      <trkpt lat="34.3309050260666" lon="108.99314370237938">
        <ele>392.4649469666183</ele>
        <time>2022-05-02T13:19:20Z</time>
      </trkpt>
      <trkpt lat="34.330880112107074" lon="108.99255621798217">
        <ele>392.8584652747959</ele>
        <time>2022-05-02T13:19:28Z</time>
      </trkpt>
      <trkpt lat="34.33087169343144" lon="108.99241047955722">
        <ele>393.0755207296461</ele>
        <time>2022-05-02T13:19:30Z</time>
      </trkpt>
      <trkpt lat="34.33088891269002" lon="108.99225855227745">
        <ele>392.6456089252606</ele>
        <time>2022-05-02T13:19:32Z</time>
      </trkpt>
      <trkpt lat="34.3308764086342" lon="108.99210885069886">
        <ele>392.7887595407665</ele>
        <time>2022-05-02T13:19:34Z</time>
      </trkpt>
      <trkpt lat="34.33088418421993" lon="108.99181743767754">
        <ele>392.75963803660125</ele>
        <time>2022-05-02T13:19:38Z</time>
      </trkpt>
      <trkpt lat="34.33086938068268" lon="108.99167299015474">
        <ele>392.45524338353425</ele>
        <time>2022-05-02T13:19:40Z</time>
      </trkpt>
      <trkpt lat="34.33088242761254" lon="108.99151797519575">
        <ele>392.0584788294509</ele>
        <time>2022-05-02T13:19:42Z</time>
      </trkpt>
      <trkpt lat="34.33086328630688" lon="108.99105374955069">
        <ele>391.381568826735</ele>
        <time>2022-05-02T13:19:48Z</time>
      </trkpt>
      <trkpt lat="34.33091304089044" lon="108.99038888068007">
        <ele>391.9751484943554</ele>
        <time>2022-05-02T13:19:56Z</time>
      </trkpt>
      <trkpt lat="34.330912542632966" lon="108.99021535604228">
        <ele>391.75063875317574</ele>
        <time>2022-05-02T13:19:58Z</time>
      </trkpt>
      <trkpt lat="34.330930379725864" lon="108.99005911732813">
        <ele>391.7617295961827</ele>
        <time>2022-05-02T13:20:00Z</time>
      </trkpt>
      <trkpt lat="34.33092900573195" lon="108.98987649880262">
        <ele>391.69022002536803</ele>
        <time>2022-05-02T13:20:02Z</time>
      </trkpt>
      <trkpt lat="34.33090979491609" lon="108.9897044870634">
        <ele>391.69228147156537</ele>
        <time>2022-05-02T13:20:04Z</time>
      </trkpt>
      <trkpt lat="34.33090522512323" lon="108.98919525311865">
        <ele>392.8729678019881</ele>
        <time>2022-05-02T13:20:10Z</time>
      </trkpt>
      <trkpt lat="34.33093010592551" lon="108.98903583770299">
        <ele>392.5242145927623</ele>
        <time>2022-05-02T13:20:12Z</time>
      </trkpt>
      <trkpt lat="34.330900446868355" lon="108.98848369545642">
        <ele>393.1487997537479</ele>
        <time>2022-05-02T13:20:20Z</time>
      </trkpt>
      <trkpt lat="34.330876994256734" lon="108.98809262012519">
        <ele>393.4333759387955</ele>
        <time>2022-05-02T13:20:24Z</time>
      </trkpt>
      <trkpt lat="34.330913252604" lon="108.98751342271126">
        <ele>393.04620044957846</ele>
        <time>2022-05-02T13:20:30Z</time>
      </trkpt>
      <trkpt lat="34.33091537045122" lon="108.9871719559796">
        <ele>393.35819385107607</ele>
        <time>2022-05-02T13:20:34Z</time>
      </trkpt>
      <trkpt lat="34.330851997975174" lon="108.9866466984144">
        <ele>393.3661142019555</ele>
        <time>2022-05-02T13:20:40Z</time>
      </trkpt>
      <trkpt lat="34.330833452700375" lon="108.98629394167848">
        <ele>394.02995544020087</ele>
        <time>2022-05-02T13:20:44Z</time>
      </trkpt>
      <trkpt lat="34.33090861383614" lon="108.98612534761381">
        <ele>392.79919597972184</ele>
        <time>2022-05-02T13:20:46Z</time>
      </trkpt>
      <trkpt lat="34.330931728214665" lon="108.98548728104946">
        <ele>393.56463939044625</ele>
        <time>2022-05-02T13:20:54Z</time>
      </trkpt>
      <trkpt lat="34.33096397679521" lon="108.98531351040569">
        <ele>393.82150707487017</ele>
        <time>2022-05-02T13:20:56Z</time>
      </trkpt>
      <trkpt lat="34.33096909705133" lon="108.98466451312585">
        <ele>394.1252468349412</ele>
        <time>2022-05-02T13:21:04Z</time>
      </trkpt>
      <trkpt lat="34.33098780355938" lon="108.98401460764465">
        <ele>394.58682145830244</ele>
        <time>2022-05-02T13:21:12Z</time>
      </trkpt>
      <trkpt lat="34.33100494530686" lon="108.98336775707487">
        <ele>394.9792855475098</ele>
        <time>2022-05-02T13:21:20Z</time>
      </trkpt>
      <trkpt lat="34.33100863576801" lon="108.98279136404066">
        <ele>395.5687262779102</ele>
        <time>2022-05-02T13:21:28Z</time>
      </trkpt>
      <trkpt lat="34.33101826583945" lon="108.98223601116788">
        <ele>396.1363672222942</ele>
        <time>2022-05-02T13:21:36Z</time>
      </trkpt>
      <trkpt lat="34.331025369118365" lon="108.98169044599511">
        <ele>395.98347503878176</ele>
        <time>2022-05-02T13:21:44Z</time>
      </trkpt>
      <trkpt lat="34.33105551971545" lon="108.98109102741161">
        <ele>395.75058521330357</ele>
        <time>2022-05-02T13:21:54Z</time>
      </trkpt>
      <trkpt lat="34.33104920812465" lon="108.98096609316681">
        <ele>396.0447611855343</ele>
        <time>2022-05-02T13:21:56Z</time>
      </trkpt>
      <trkpt lat="34.33107014730321" lon="108.98037929133096">
        <ele>395.5114990361035</ele>
        <time>2022-05-02T13:22:06Z</time>
      </trkpt>
      <trkpt lat="34.33108999784184" lon="108.97993846309821">
        <ele>395.43349124863744</ele>
        <time>2022-05-02T13:22:14Z</time>
      </trkpt>
      <trkpt lat="34.33106829638871" lon="108.97983003600488">
        <ele>395.7603816865012</ele>
        <time>2022-05-02T13:22:16Z</time>
      </trkpt>
      <trkpt lat="34.330993070285146" lon="108.97977849579469">
        <ele>396.1253303270787</ele>
        <time>2022-05-02T13:22:18Z</time>
      </trkpt>
      <trkpt lat="34.33080796225352" lon="108.97977593967299">
        <ele>396.643985777162</ele>
        <time>2022-05-02T13:22:24Z</time>
      </trkpt>
      <trkpt lat="34.3305807886748" lon="108.97973362446233">
        <ele>395.7666649762541</ele>
        <time>2022-05-02T13:22:28Z</time>
      </trkpt>
      <trkpt lat="34.33004223753518" lon="108.97977880765949">
        <ele>395.40018791984767</ele>
        <time>2022-05-02T13:22:38Z</time>
      </trkpt>
      <trkpt lat="34.32995051401094" lon="108.97975547208426">
        <ele>395.25414099544287</ele>
        <time>2022-05-02T13:22:40Z</time>
      </trkpt>
      <trkpt lat="34.329887150040975" lon="108.97968833988432">
        <ele>394.8670265059918</ele>
        <time>2022-05-02T13:22:42Z</time>
      </trkpt>
      <trkpt lat="34.32971996357159" lon="108.97959758533968">
        <ele>395.0425913641229</ele>
        <time>2022-05-02T13:22:46Z</time>
      </trkpt>
      <trkpt lat="34.32951953974093" lon="108.97962028286035">
        <ele>396.4166250610724</ele>
        <time>2022-05-02T13:22:50Z</time>
      </trkpt>
      <trkpt lat="34.32931991167225" lon="108.97960970328471">
        <ele>395.8534116894007</ele>
        <time>2022-05-02T13:22:54Z</time>
      </trkpt>
      <trkpt lat="34.32922491233384" lon="108.97958813110482">
        <ele>396.3419046718627</ele>
        <time>2022-05-02T13:22:56Z</time>
      </trkpt>
      <trkpt lat="34.32914344508189" lon="108.9795965186427">
        <ele>396.0493368860334</ele>
        <time>2022-05-02T13:22:58Z</time>
      </trkpt>
      <trkpt lat="34.32910509589684" lon="108.979717157969">
        <ele>395.57634942699224</ele>
        <time>2022-05-02T13:23:02Z</time>
      </trkpt>
      <trkpt lat="34.329090371139706" lon="108.9797288122739">
        <ele>395.72628482431173</ele>
        <time>2022-05-02T13:23:12Z</time>
      </trkpt>
      <trkpt lat="34.32887976005733" lon="108.9796589800076">
        <ele>394.58498454187065</ele>
        <time>2022-05-02T13:23:25Z</time>
      </trkpt>
      <trkpt lat="34.328652199807365" lon="108.97968059438001">
        <ele>395.6890143575147</ele>
        <time>2022-05-02T13:23:34Z</time>
      </trkpt>
      <trkpt lat="34.328546967216404" lon="108.98028268774912">
        <ele>387.22381591796875</ele>
        <time>2022-05-02T13:24:27Z</time>
      </trkpt>
      <trkpt lat="34.328546967216404" lon="108.98028268774912">
        <ele>387.20428466796875</ele>
        <time>2022-05-02T13:25:12Z</time>
      </trkpt>
    </trkseg>
  </trk>
</gpx>