<?xml version="1.0" encoding="UTF-8"?>
<gpx xmlns="http://www.topografix.com/GPX/1/1" xmlns:gpxtpx="http://www.garmin.com/xmlschemas/TrackPointExtension/v1" xmlns:xsi="http://www.w3.org/2001/XMLSchema-instance" xsi:schemaLocation="http://www.topografix.com/GPX/1/1 http://www.topografix.com/GPX/1/1/gpx.xsd" version="1.1" creator="gpx.py -- https://github.com/tkrajina/gpxpy">
  <trk>
    <name>gpx from keep</name>
    <type>Ride</type>
    <trkseg>
      <trkpt lat="34.32835882403432" lon="108.98038182301138">
        <ele>402.79712677001953</ele>
        <time>2022-04-12T21:47:00Z</time>
      </trkpt>
      <trkpt lat="34.328294372396506" lon="108.9804882970316">
        <ele>403.8939666748047</ele>
        <time>2022-04-12T21:48:19Z</time>
      </trkpt>
      <trkpt lat="34.32854135066975" lon="108.98027503633068">
        <ele>399.6937065124512</ele>
        <time>2022-04-12T21:48:43Z</time>
      </trkpt>
      <trkpt lat="34.328671466408494" lon="108.98050266741141">
        <ele>399.5252628326416</ele>
        <time>2022-04-12T21:48:49Z</time>
      </trkpt>
      <trkpt lat="34.32818087403139" lon="108.98049729105493">
        <ele>398.71573638916016</ele>
        <time>2022-04-12T21:48:57Z</time>
      </trkpt>
      <trkpt lat="34.32808518553498" lon="108.98046909555691">
        <ele>397.9213333129883</ele>
        <time>2022-04-12T21:48:58Z</time>
      </trkpt>
      <trkpt lat="34.328686277897816" lon="108.98043476062145">
        <ele>397.5802574157715</ele>
        <time>2022-04-12T21:49:05Z</time>
      </trkpt>
      <trkpt lat="34.32878737228921" lon="108.98042991350047">
        <ele>397.3348045349121</ele>
        <time>2022-04-12T21:49:11Z</time>
      </trkpt>
      <trkpt lat="34.3287637077295" lon="108.98030040802543">
        <ele>397.20746994018555</ele>
        <time>2022-04-12T21:49:23Z</time>
      </trkpt>
      <trkpt lat="34.32865745353887" lon="108.98027112097911">
        <ele>397.19266510009766</ele>
        <time>2022-04-12T21:49:30Z</time>
      </trkpt>
      <trkpt lat="34.328755843705565" lon="108.98038476589956">
        <ele>395.8855603253469</ele>
        <time>2022-04-12T21:49:33Z</time>
      </trkpt>
      <trkpt lat="34.32869008660116" lon="108.9805981725703">
        <ele>395.6723914574832</ele>
        <time>2022-04-12T21:49:43Z</time>
      </trkpt>
      <trkpt lat="34.32851331487551" lon="108.98074272746717">
        <ele>396.0580885540694</ele>
        <time>2022-04-12T21:49:49Z</time>
      </trkpt>
      <trkpt lat="34.32827947665156" lon="108.98072230658845">
        <ele>395.31259760726243</ele>
        <time>2022-04-12T21:50:04Z</time>
      </trkpt>
      <trkpt lat="34.32819482301137" lon="108.98075236460211">
        <ele>395.3396765580401</ele>
        <time>2022-04-12T21:50:06Z</time>
      </trkpt>
      <trkpt lat="34.32811007192206" lon="108.98075837936932">
        <ele>395.3140629315749</ele>
        <time>2022-04-12T21:50:08Z</time>
      </trkpt>
      <trkpt lat="34.32808167706048" lon="108.98066365654641">
        <ele>395.36585547123104</ele>
        <time>2022-04-12T21:50:10Z</time>
      </trkpt>
      <trkpt lat="34.32810849918948" lon="108.98056202557954">
        <ele>395.2563682682812</ele>
        <time>2022-04-12T21:50:12Z</time>
      </trkpt>
      <trkpt lat="34.32807853530399" lon="108.97991582659537">
        <ele>395.4637711700052</ele>
        <time>2022-04-12T21:50:24Z</time>
      </trkpt>
      <trkpt lat="34.32807602024723" lon="108.97979244039333">
        <ele>395.67102398350835</ele>
        <time>2022-04-12T21:50:26Z</time>
      </trkpt>
      <trkpt lat="34.328101062746164" lon="108.97968656129085">
        <ele>395.5629223268479</ele>
        <time>2022-04-12T21:50:28Z</time>
      </trkpt>
      <trkpt lat="34.328176218980616" lon="108.97959507349368">
        <ele>396.24879237730056</ele>
        <time>2022-04-12T21:50:30Z</time>
      </trkpt>
      <trkpt lat="34.328280730188304" lon="108.97954034135827">
        <ele>396.2362970067188</ele>
        <time>2022-04-12T21:50:32Z</time>
      </trkpt>
      <trkpt lat="34.32865835584562" lon="108.97948743749156">
        <ele>395.54727094527334</ele>
        <time>2022-04-12T21:50:38Z</time>
      </trkpt>
      <trkpt lat="34.329064070634914" lon="108.97949677134224">
        <ele>395.95569819770753</ele>
        <time>2022-04-12T21:50:44Z</time>
      </trkpt>
      <trkpt lat="34.3292041937117" lon="108.97947801600485">
        <ele>395.4778623711318</ele>
        <time>2022-04-12T21:50:46Z</time>
      </trkpt>
      <trkpt lat="34.32934419469295" lon="108.97949589402839">
        <ele>396.36551998369396</ele>
        <time>2022-04-12T21:50:48Z</time>
      </trkpt>
      <trkpt lat="34.32961325028675" lon="108.9795053368543">
        <ele>395.60050248820335</ele>
        <time>2022-04-12T21:50:52Z</time>
      </trkpt>
      <trkpt lat="34.32980940020818" lon="108.97959439343852">
        <ele>395.4076707707718</ele>
        <time>2022-04-12T21:50:55Z</time>
      </trkpt>
      <trkpt lat="34.33000506097672" lon="108.97964137907795">
        <ele>395.7587236315012</ele>
        <time>2022-04-12T21:50:58Z</time>
      </trkpt>
      <trkpt lat="34.33054183989752" lon="108.97967118217792">
        <ele>394.69920842535794</ele>
        <time>2022-04-12T21:51:06Z</time>
      </trkpt>
      <trkpt lat="34.33066229163123" lon="108.97971452272529">
        <ele>395.11980231758207</ele>
        <time>2022-04-12T21:51:08Z</time>
      </trkpt>
      <trkpt lat="34.33075559584105" lon="108.97982532540082">
        <ele>395.638703353703</ele>
        <time>2022-04-12T21:51:10Z</time>
      </trkpt>
      <trkpt lat="34.330782123680656" lon="108.97998783297105">
        <ele>395.7566729178652</ele>
        <time>2022-04-12T21:51:12Z</time>
      </trkpt>
      <trkpt lat="34.33076653659399" lon="108.98063569057295">
        <ele>394.7876745648682</ele>
        <time>2022-04-12T21:51:20Z</time>
      </trkpt>
      <trkpt lat="34.33076562086072" lon="108.98124064130067">
        <ele>394.99951141513884</ele>
        <time>2022-04-12T21:51:27Z</time>
      </trkpt>
      <trkpt lat="34.33074379733535" lon="108.9817697802118">
        <ele>395.23665253352374</ele>
        <time>2022-04-12T21:51:33Z</time>
      </trkpt>
      <trkpt lat="34.33073094599756" lon="108.98203957621305">
        <ele>395.50741081126034</ele>
        <time>2022-04-12T21:51:36Z</time>
      </trkpt>
      <trkpt lat="34.33073836778922" lon="108.98222034206225">
        <ele>395.44103939272463</ele>
        <time>2022-04-12T21:51:38Z</time>
      </trkpt>
      <trkpt lat="34.33071327504986" lon="108.98283468805279">
        <ele>395.35396398603916</ele>
        <time>2022-04-12T21:51:45Z</time>
      </trkpt>
      <trkpt lat="34.33070263700347" lon="108.98353259883724">
        <ele>395.70919067785144</ele>
        <time>2022-04-12T21:51:53Z</time>
      </trkpt>
      <trkpt lat="34.33068988934531" lon="108.98406380427569">
        <ele>394.9421204989776</ele>
        <time>2022-04-12T21:51:59Z</time>
      </trkpt>
      <trkpt lat="34.33067800818137" lon="108.98461604537144">
        <ele>394.9749007327482</ele>
        <time>2022-04-12T21:52:05Z</time>
      </trkpt>
      <trkpt lat="34.330685145043454" lon="108.98515284154803">
        <ele>394.6818197593093</ele>
        <time>2022-04-12T21:52:11Z</time>
      </trkpt>
      <trkpt lat="34.330686558211795" lon="108.98563791325536">
        <ele>394.0457695266232</ele>
        <time>2022-04-12T21:52:17Z</time>
      </trkpt>
      <trkpt lat="34.330707286146" lon="108.985956978885">
        <ele>393.2664168663323</ele>
        <time>2022-04-12T21:52:21Z</time>
      </trkpt>
      <trkpt lat="34.330790791368166" lon="108.98651413163608">
        <ele>393.269148604013</ele>
        <time>2022-04-12T21:52:28Z</time>
      </trkpt>
      <trkpt lat="34.33104569612649" lon="108.98744544020651">
        <ele>392.5252380371094</ele>
        <time>2022-04-12T21:52:42Z</time>
      </trkpt>
      <trkpt lat="34.33132318809862" lon="108.9881846141524">
        <ele>394.32153458334506</ele>
        <time>2022-04-12T21:52:47Z</time>
      </trkpt>
      <trkpt lat="34.331086254758524" lon="108.98844248256236">
        <ele>393.8154412629083</ele>
        <time>2022-04-12T21:52:49Z</time>
      </trkpt>
      <trkpt lat="34.33085465103933" lon="108.98875329714166">
        <ele>392.1853007497266</ele>
        <time>2022-04-12T21:52:51Z</time>
      </trkpt>
      <trkpt lat="34.33075131483525" lon="108.98901601943791">
        <ele>392.6528608845547</ele>
        <time>2022-04-12T21:52:53Z</time>
      </trkpt>
      <trkpt lat="34.33063163636417" lon="108.98968649014002">
        <ele>392.1553414547816</ele>
        <time>2022-04-12T21:53:01Z</time>
      </trkpt>
      <trkpt lat="34.3306285101501" lon="108.99027410115684">
        <ele>391.52886115945876</ele>
        <time>2022-04-12T21:53:09Z</time>
      </trkpt>
      <trkpt lat="34.33064991408157" lon="108.99059688753472">
        <ele>393.1907006520778</ele>
        <time>2022-04-12T21:53:13Z</time>
      </trkpt>
      <trkpt lat="34.3306206043154" lon="108.99075927903543">
        <ele>391.9476850219071</ele>
        <time>2022-04-12T21:53:15Z</time>
      </trkpt>
      <trkpt lat="34.33061053957068" lon="108.99094927841077">
        <ele>391.3031318122521</ele>
        <time>2022-04-12T21:53:17Z</time>
      </trkpt>
      <trkpt lat="34.33062894706663" lon="108.99110671261955">
        <ele>391.4050653753802</ele>
        <time>2022-04-12T21:53:19Z</time>
      </trkpt>
      <trkpt lat="34.33059616431417" lon="108.9916118370711">
        <ele>392.4105957876891</ele>
        <time>2022-04-12T21:53:25Z</time>
      </trkpt>
      <trkpt lat="34.33059859378602" lon="108.9917785192972">
        <ele>392.60628037992865</ele>
        <time>2022-04-12T21:53:27Z</time>
      </trkpt>
      <trkpt lat="34.33056436912867" lon="108.9921194565067">
        <ele>392.967945612967</ele>
        <time>2022-04-12T21:53:31Z</time>
      </trkpt>
      <trkpt lat="34.33057675270569" lon="108.99245489275694">
        <ele>393.1636905549094</ele>
        <time>2022-04-12T21:53:35Z</time>
      </trkpt>
      <trkpt lat="34.33061837618076" lon="108.99264144250971">
        <ele>393.37884867656976</ele>
        <time>2022-04-12T21:53:37Z</time>
      </trkpt>
      <trkpt lat="34.33059068776835" lon="108.99317045242006">
        <ele>393.6796392146498</ele>
        <time>2022-04-12T21:53:43Z</time>
      </trkpt>
      <trkpt lat="34.33058717167072" lon="108.99368158725714">
        <ele>394.6279138335958</ele>
        <time>2022-04-12T21:53:49Z</time>
      </trkpt>
      <trkpt lat="34.33062996567212" lon="108.99402572004183">
        <ele>393.48446846101433</ele>
        <time>2022-04-12T21:53:53Z</time>
      </trkpt>
      <trkpt lat="34.33065720440478" lon="108.99454912627945">
        <ele>394.27570601552725</ele>
        <time>2022-04-12T21:53:59Z</time>
      </trkpt>
      <trkpt lat="34.33065762103962" lon="108.99472091187076">
        <ele>393.6465994231403</ele>
        <time>2022-04-12T21:54:01Z</time>
      </trkpt>
      <trkpt lat="34.33073476653435" lon="108.99498636183652">
        <ele>393.37165460176766</ele>
        <time>2022-04-12T21:54:05Z</time>
      </trkpt>
      <trkpt lat="34.330772669338266" lon="108.99528774072049">
        <ele>392.82519502658397</ele>
        <time>2022-04-12T21:54:09Z</time>
      </trkpt>
      <trkpt lat="34.330907744441575" lon="108.99561686293062">
        <ele>392.45431309286505</ele>
        <time>2022-04-12T21:54:11Z</time>
      </trkpt>
      <trkpt lat="34.330844515310666" lon="108.99593921253084">
        <ele>392.0291210031137</ele>
        <time>2022-04-12T21:54:13Z</time>
      </trkpt>
      <trkpt lat="34.33093195452348" lon="108.99645563047423">
        <ele>392.6696007559076</ele>
        <time>2022-04-12T21:54:19Z</time>
      </trkpt>
      <trkpt lat="34.33101432792478" lon="108.99697583189722">
        <ele>393.25459986180067</ele>
        <time>2022-04-12T21:54:25Z</time>
      </trkpt>
      <trkpt lat="34.33114683506754" lon="108.99747788499016">
        <ele>392.55081022530794</ele>
        <time>2022-04-12T21:54:31Z</time>
      </trkpt>
      <trkpt lat="34.33127886935332" lon="108.99801904059493">
        <ele>391.86173124983907</ele>
        <time>2022-04-12T21:54:37Z</time>
      </trkpt>
      <trkpt lat="34.33139376624626" lon="108.99857932848556">
        <ele>391.679324734956</ele>
        <time>2022-04-12T21:54:43Z</time>
      </trkpt>
      <trkpt lat="34.33147343620319" lon="108.99917460050449">
        <ele>391.07453276682645</ele>
        <time>2022-04-12T21:54:49Z</time>
      </trkpt>
      <trkpt lat="34.33152642201341" lon="108.99977175555088">
        <ele>391.0861414829269</ele>
        <time>2022-04-12T21:54:55Z</time>
      </trkpt>
      <trkpt lat="34.33155013965867" lon="109.00016269201559">
        <ele>390.6808910453692</ele>
        <time>2022-04-12T21:54:59Z</time>
      </trkpt>
      <trkpt lat="34.33153948816343" lon="109.00073463032282">
        <ele>390.75435491930693</ele>
        <time>2022-04-12T21:55:05Z</time>
      </trkpt>
      <trkpt lat="34.33153375760237" lon="109.00131341541825">
        <ele>390.7051733788103</ele>
        <time>2022-04-12T21:55:11Z</time>
      </trkpt>
      <trkpt lat="34.33151997698119" lon="109.0018788045482">
        <ele>390.04850765131414</ele>
        <time>2022-04-12T21:55:17Z</time>
      </trkpt>
      <trkpt lat="34.33151539941576" lon="109.00245669515535">
        <ele>391.11425335984677</ele>
        <time>2022-04-12T21:55:23Z</time>
      </trkpt>
      <trkpt lat="34.33150221474878" lon="109.0030314816314">
        <ele>390.0979607878253</ele>
        <time>2022-04-12T21:55:29Z</time>
      </trkpt>
      <trkpt lat="34.3314926124947" lon="109.00359184591852">
        <ele>388.6786525482312</ele>
        <time>2022-04-12T21:55:35Z</time>
      </trkpt>
      <trkpt lat="34.331473674883334" lon="109.00416330792976">
        <ele>387.9110377859324</ele>
        <time>2022-04-12T21:55:41Z</time>
      </trkpt>
      <trkpt lat="34.331463313955624" lon="109.00471648724488">
        <ele>386.5849510356784</ele>
        <time>2022-04-12T21:55:47Z</time>
      </trkpt>
      <trkpt lat="34.33147088684479" lon="109.00528088302536">
        <ele>386.83097838703543</ele>
        <time>2022-04-12T21:55:53Z</time>
      </trkpt>
      <trkpt lat="34.33146921022785" lon="109.00587822494838">
        <ele>387.86987263988703</ele>
        <time>2022-04-12T21:55:59Z</time>
      </trkpt>
      <trkpt lat="34.33146351233811" lon="109.00646568624757">
        <ele>387.41531147342175</ele>
        <time>2022-04-12T21:56:05Z</time>
      </trkpt>
      <trkpt lat="34.33145645487998" lon="109.00705617122038">
        <ele>387.67940559145063</ele>
        <time>2022-04-12T21:56:11Z</time>
      </trkpt>
      <trkpt lat="34.33144326209772" lon="109.0076489989182">
        <ele>386.6799765881151</ele>
        <time>2022-04-12T21:56:17Z</time>
      </trkpt>
      <trkpt lat="34.33144178857373" lon="109.00823124568504">
        <ele>387.30492460448295</ele>
        <time>2022-04-12T21:56:23Z</time>
      </trkpt>
      <trkpt lat="34.33142352686395" lon="109.00880787345288">
        <ele>386.724025557749</ele>
        <time>2022-04-12T21:56:29Z</time>
      </trkpt>
      <trkpt lat="34.331412753490476" lon="109.00935897267043">
        <ele>385.4908825168386</ele>
        <time>2022-04-12T21:56:35Z</time>
      </trkpt>
      <trkpt lat="34.33144343897198" lon="109.00990831971303">
        <ele>386.41951657738537</ele>
        <time>2022-04-12T21:56:41Z</time>
      </trkpt>
      <trkpt lat="34.331516093435795" lon="109.01044964468254">
        <ele>387.4676957158372</ele>
        <time>2022-04-12T21:56:47Z</time>
      </trkpt>
      <trkpt lat="34.331609900244615" lon="109.01098726019879">
        <ele>387.2300743609667</ele>
        <time>2022-04-12T21:56:53Z</time>
      </trkpt>
      <trkpt lat="34.33175225296501" lon="109.01151655263234">
        <ele>387.3466469133273</ele>
        <time>2022-04-12T21:56:59Z</time>
      </trkpt>
      <trkpt lat="34.331933213677104" lon="109.01202889122806">
        <ele>387.3108569672331</ele>
        <time>2022-04-12T21:57:05Z</time>
      </trkpt>
      <trkpt lat="34.33198474478261" lon="109.0121902835038">
        <ele>386.2434090580791</ele>
        <time>2022-04-12T21:57:07Z</time>
      </trkpt>
      <trkpt lat="34.33225003711334" lon="109.0127676129374">
        <ele>387.2192048318684</ele>
        <time>2022-04-12T21:57:15Z</time>
      </trkpt>
      <trkpt lat="34.332294804389036" lon="109.01290102627648">
        <ele>388.2759583834559</ele>
        <time>2022-04-12T21:57:17Z</time>
      </trkpt>
      <trkpt lat="34.3322828945078" lon="109.01304191987704">
        <ele>388.5869097765535</ele>
        <time>2022-04-12T21:57:19Z</time>
      </trkpt>
      <trkpt lat="34.33223124692197" lon="109.01315809611303">
        <ele>389.0076249875128</ele>
        <time>2022-04-12T21:57:21Z</time>
      </trkpt>
      <trkpt lat="34.33182211053943" lon="109.01348019505619">
        <ele>388.6423229398206</ele>
        <time>2022-04-12T21:57:31Z</time>
      </trkpt>
      <trkpt lat="34.331444082500866" lon="109.01377414258843">
        <ele>388.32668021321297</ele>
        <time>2022-04-12T21:57:39Z</time>
      </trkpt>
      <trkpt lat="34.33099127109282" lon="109.01413098648159">
        <ele>388.4780052257702</ele>
        <time>2022-04-12T21:57:47Z</time>
      </trkpt>
      <trkpt lat="34.3305050071061" lon="109.01445714992369">
        <ele>388.0829907087609</ele>
        <time>2022-04-12T21:57:55Z</time>
      </trkpt>
      <trkpt lat="34.33007282620699" lon="109.01484341326949">
        <ele>388.66322747431695</ele>
        <time>2022-04-12T21:58:03Z</time>
      </trkpt>
      <trkpt lat="34.32987563096204" lon="109.01502315870492">
        <ele>388.7606475427747</ele>
        <time>2022-04-12T21:58:07Z</time>
      </trkpt>
      <trkpt lat="34.329528741479315" lon="109.01541555129566">
        <ele>388.86131527647376</ele>
        <time>2022-04-12T21:58:15Z</time>
      </trkpt>
      <trkpt lat="34.3291750185413" lon="109.01590704317542">
        <ele>388.97899170126766</ele>
        <time>2022-04-12T21:58:25Z</time>
      </trkpt>
      <trkpt lat="34.32889015566169" lon="109.01635802677166">
        <ele>388.73554748576134</ele>
        <time>2022-04-12T21:58:33Z</time>
      </trkpt>
      <trkpt lat="34.3286236005085" lon="109.01678319370221">
        <ele>388.1279961653054</ele>
        <time>2022-04-12T21:58:41Z</time>
      </trkpt>
      <trkpt lat="34.32836056124576" lon="109.01721914882071">
        <ele>388.67738726362586</ele>
        <time>2022-04-12T21:58:49Z</time>
      </trkpt>
      <trkpt lat="34.328155268082135" lon="109.0175651958815">
        <ele>388.4596775956452</ele>
        <time>2022-04-12T21:58:55Z</time>
      </trkpt>
      <trkpt lat="34.32787928029025" lon="109.01796673163803">
        <ele>388.9575748005882</ele>
        <time>2022-04-12T21:59:03Z</time>
      </trkpt>
      <trkpt lat="34.32757089767456" lon="109.01847310047081">
        <ele>389.0167726818472</ele>
        <time>2022-04-12T21:59:13Z</time>
      </trkpt>
      <trkpt lat="34.327316969230814" lon="109.01892891443119">
        <ele>389.95917663536966</ele>
        <time>2022-04-12T21:59:21Z</time>
      </trkpt>
      <trkpt lat="34.32696530897544" lon="109.01947748623314">
        <ele>389.3534308411181</ele>
        <time>2022-04-12T21:59:29Z</time>
      </trkpt>
      <trkpt lat="34.32670509609097" lon="109.01989361622385">
        <ele>388.38008319586515</ele>
        <time>2022-04-12T21:59:35Z</time>
      </trkpt>
      <trkpt lat="34.32639282062779" lon="109.02027581255176">
        <ele>388.8560839192942</ele>
        <time>2022-04-12T21:59:41Z</time>
      </trkpt>
      <trkpt lat="34.3260600194316" lon="109.02063144235906">
        <ele>388.86197148729116</ele>
        <time>2022-04-12T21:59:47Z</time>
      </trkpt>
      <trkpt lat="34.32569412182859" lon="109.02092649444451">
        <ele>388.8002695059404</ele>
        <time>2022-04-12T21:59:53Z</time>
      </trkpt>
      <trkpt lat="34.325313017348776" lon="109.02117949627608">
        <ele>387.9841342214495</ele>
        <time>2022-04-12T21:59:59Z</time>
      </trkpt>
      <trkpt lat="34.32492042814472" lon="109.02139901668899">
        <ele>387.74708999320865</ele>
        <time>2022-04-12T22:00:05Z</time>
      </trkpt>
      <trkpt lat="34.32450357109091" lon="109.02155556228182">
        <ele>388.75651610828936</ele>
        <time>2022-04-12T22:00:11Z</time>
      </trkpt>
      <trkpt lat="34.324074395639116" lon="109.02166183121795">
        <ele>387.73821508605033</ele>
        <time>2022-04-12T22:00:17Z</time>
      </trkpt>
      <trkpt lat="34.32362434294806" lon="109.02172158814572">
        <ele>389.17945350613445</ele>
        <time>2022-04-12T22:00:23Z</time>
      </trkpt>
      <trkpt lat="34.32318266746603" lon="109.02174985620061">
        <ele>389.6730142524466</ele>
        <time>2022-04-12T22:00:29Z</time>
      </trkpt>
      <trkpt lat="34.322885531981186" lon="109.02175851996513">
        <ele>390.460927371867</ele>
        <time>2022-04-12T22:00:33Z</time>
      </trkpt>
      <trkpt lat="34.322740508152215" lon="109.02180162476924">
        <ele>390.8666766602546</ele>
        <time>2022-04-12T22:00:35Z</time>
      </trkpt>
      <trkpt lat="34.32259573171226" lon="109.02175498521707">
        <ele>389.8885691277683</ele>
        <time>2022-04-12T22:00:37Z</time>
      </trkpt>
      <trkpt lat="34.32202109627374" lon="109.02169754935649">
        <ele>388.5383302271366</ele>
        <time>2022-04-12T22:00:45Z</time>
      </trkpt>
      <trkpt lat="34.321874328320945" lon="109.02167676319483">
        <ele>388.9209831850603</ele>
        <time>2022-04-12T22:00:47Z</time>
      </trkpt>
      <trkpt lat="34.321749828725" lon="109.02167965727806">
        <ele>390.09960691910237</ele>
        <time>2022-04-12T22:00:49Z</time>
      </trkpt>
      <trkpt lat="34.32131537145024" lon="109.02159910547151">
        <ele>389.45014957431704</ele>
        <time>2022-04-12T22:00:55Z</time>
      </trkpt>
      <trkpt lat="34.32075006795252" lon="109.02151583213502">
        <ele>390.4830931071192</ele>
        <time>2022-04-12T22:01:03Z</time>
      </trkpt>
      <trkpt lat="34.32018498600642" lon="109.02143501964635">
        <ele>389.8731216182932</ele>
        <time>2022-04-12T22:01:11Z</time>
      </trkpt>
      <trkpt lat="34.3196111576739" lon="109.02138189485294">
        <ele>390.8515862682834</ele>
        <time>2022-04-12T22:01:19Z</time>
      </trkpt>
      <trkpt lat="34.31916736755275" lon="109.02136978498402">
        <ele>391.5679197264835</ele>
        <time>2022-04-12T22:01:25Z</time>
      </trkpt>
      <trkpt lat="34.318732885002156" lon="109.02139498267712">
        <ele>390.36933534871787</ele>
        <time>2022-04-12T22:01:31Z</time>
      </trkpt>
      <trkpt lat="34.318446966976616" lon="109.02142127307285">
        <ele>390.6351974988356</ele>
        <time>2022-04-12T22:01:35Z</time>
      </trkpt>
      <trkpt lat="34.31830839730513" lon="109.02147810231214">
        <ele>390.39358414150774</ele>
        <time>2022-04-12T22:01:37Z</time>
      </trkpt>
      <trkpt lat="34.318160909753345" lon="109.02144731294862">
        <ele>390.83568886853755</ele>
        <time>2022-04-12T22:01:39Z</time>
      </trkpt>
      <trkpt lat="34.31759278191813" lon="109.0215338920153">
        <ele>390.6060510799289</ele>
        <time>2022-04-12T22:01:47Z</time>
      </trkpt>
      <trkpt lat="34.31715977709432" lon="109.02158545885483">
        <ele>391.1273842584342</ele>
        <time>2022-04-12T22:01:53Z</time>
      </trkpt>
      <trkpt lat="34.316873384495025" lon="109.02161373648336">
        <ele>391.2430999716744</ele>
        <time>2022-04-12T22:01:57Z</time>
      </trkpt>
      <trkpt lat="34.316734766852704" lon="109.02168156189437">
        <ele>391.1119565842673</ele>
        <time>2022-04-12T22:01:59Z</time>
      </trkpt>
      <trkpt lat="34.316586319656864" lon="109.02167760640003">
        <ele>391.5021524634212</ele>
        <time>2022-04-12T22:02:01Z</time>
      </trkpt>
      <trkpt lat="34.31644183459445" lon="109.02171369550058">
        <ele>391.4061044026166</ele>
        <time>2022-04-12T22:02:03Z</time>
      </trkpt>
      <trkpt lat="34.31630793853911" lon="109.02179834903176">
        <ele>391.80556987039745</ele>
        <time>2022-04-12T22:02:05Z</time>
      </trkpt>
      <trkpt lat="34.31616832562358" lon="109.02185355110933">
        <ele>391.55518844537437</ele>
        <time>2022-04-12T22:02:07Z</time>
      </trkpt>
      <trkpt lat="34.31601675586012" lon="109.02187068549024">
        <ele>391.1377409566194</ele>
        <time>2022-04-12T22:02:09Z</time>
      </trkpt>
      <trkpt lat="34.31575446630102" lon="109.02203350679999">
        <ele>391.2724341126159</ele>
        <time>2022-04-12T22:02:13Z</time>
      </trkpt>
      <trkpt lat="34.31539618641356" lon="109.02233565871424">
        <ele>391.73218371346593</ele>
        <time>2022-04-12T22:02:19Z</time>
      </trkpt>
      <trkpt lat="34.31504153287663" lon="109.02265189362417">
        <ele>392.18123163003474</ele>
        <time>2022-04-12T22:02:25Z</time>
      </trkpt>
      <trkpt lat="34.31469305742151" lon="109.02297366786635">
        <ele>392.93781382683665</ele>
        <time>2022-04-12T22:02:31Z</time>
      </trkpt>
      <trkpt lat="34.31432975353177" lon="109.02328000508457">
        <ele>392.2338685831055</ele>
        <time>2022-04-12T22:02:37Z</time>
      </trkpt>
      <trkpt lat="34.313955602919506" lon="109.02357441973889">
        <ele>392.8133737090975</ele>
        <time>2022-04-12T22:02:43Z</time>
      </trkpt>
      <trkpt lat="34.313563582072454" lon="109.02384697199855">
        <ele>391.8232688046992</ele>
        <time>2022-04-12T22:02:49Z</time>
      </trkpt>
      <trkpt lat="34.31316562556181" lon="109.02414671804965">
        <ele>391.7183604501188</ele>
        <time>2022-04-12T22:02:55Z</time>
      </trkpt>
      <trkpt lat="34.3127565213733" lon="109.02442273536387">
        <ele>391.4597628703341</ele>
        <time>2022-04-12T22:03:01Z</time>
      </trkpt>
      <trkpt lat="34.3123419138421" lon="109.02470355768513">
        <ele>392.17046433500946</ele>
        <time>2022-04-12T22:03:07Z</time>
      </trkpt>
      <trkpt lat="34.312205768037515" lon="109.02484069362895">
        <ele>392.0787266632542</ele>
        <time>2022-04-12T22:03:09Z</time>
      </trkpt>
      <trkpt lat="34.311919725336445" lon="109.0250000519497">
        <ele>392.0427155289799</ele>
        <time>2022-04-12T22:03:13Z</time>
      </trkpt>
      <trkpt lat="34.31166597456581" lon="109.02516814047846">
        <ele>392.94977124780416</ele>
        <time>2022-04-12T22:03:17Z</time>
      </trkpt>
      <trkpt lat="34.31152952125668" lon="109.0252385760048">
        <ele>392.86721879895777</ele>
        <time>2022-04-12T22:03:19Z</time>
      </trkpt>
      <trkpt lat="34.311255263380616" lon="109.02531863698769">
        <ele>392.47681867238134</ele>
        <time>2022-04-12T22:03:23Z</time>
      </trkpt>
      <trkpt lat="34.31110682834778" lon="109.02532855691986">
        <ele>392.03917833045125</ele>
        <time>2022-04-12T22:03:25Z</time>
      </trkpt>
      <trkpt lat="34.31079509207915" lon="109.02526197329956">
        <ele>391.87369022425264</ele>
        <time>2022-04-12T22:03:29Z</time>
      </trkpt>
      <trkpt lat="34.310509552828066" lon="109.02512810152787">
        <ele>391.54480610229075</ele>
        <time>2022-04-12T22:03:33Z</time>
      </trkpt>
      <trkpt lat="34.310246338951366" lon="109.02491779195705">
        <ele>390.7440259568393</ele>
        <time>2022-04-12T22:03:37Z</time>
      </trkpt>
      <trkpt lat="34.30989935270067" lon="109.02452262210005">
        <ele>391.5713486298919</ele>
        <time>2022-04-12T22:03:43Z</time>
      </trkpt>
      <trkpt lat="34.30966217482569" lon="109.02427661864178">
        <ele>391.4752384275198</ele>
        <time>2022-04-12T22:03:47Z</time>
      </trkpt>
      <trkpt lat="34.309400182451135" lon="109.02407550024991">
        <ele>391.86782861780375</ele>
        <time>2022-04-12T22:03:51Z</time>
      </trkpt>
      <trkpt lat="34.309114281864964" lon="109.02393226184151">
        <ele>391.5234192479402</ele>
        <time>2022-04-12T22:03:55Z</time>
      </trkpt>
      <trkpt lat="34.30895953653223" lon="109.02388117536017">
        <ele>391.1924025127664</ele>
        <time>2022-04-12T22:03:57Z</time>
      </trkpt>
      <trkpt lat="34.30865973957217" lon="109.02383437310696">
        <ele>391.04070685245097</ele>
        <time>2022-04-12T22:04:01Z</time>
      </trkpt>
      <trkpt lat="34.30816815718201" lon="109.02384396552371">
        <ele>389.8443587915972</ele>
        <time>2022-04-12T22:04:09Z</time>
      </trkpt>
      <trkpt lat="34.3077151782194" lon="109.02379756274874">
        <ele>390.58178064227104</ele>
        <time>2022-04-12T22:04:17Z</time>
      </trkpt>
      <trkpt lat="34.30757723357605" lon="109.02381314804846">
        <ele>391.87004771176726</ele>
        <time>2022-04-12T22:04:19Z</time>
      </trkpt>
      <trkpt lat="34.307138721808684" lon="109.0238019565001">
        <ele>392.4751179609448</ele>
        <time>2022-04-12T22:04:25Z</time>
      </trkpt>
      <trkpt lat="34.30669319579454" lon="109.02379762366131">
        <ele>392.71643291041255</ele>
        <time>2022-04-12T22:04:31Z</time>
      </trkpt>
      <trkpt lat="34.306241142882875" lon="109.0237891403264">
        <ele>392.89737287536263</ele>
        <time>2022-04-12T22:04:37Z</time>
      </trkpt>
      <trkpt lat="34.3059366080065" lon="109.02376885611712">
        <ele>392.4968370385468</ele>
        <time>2022-04-12T22:04:41Z</time>
      </trkpt>
      <trkpt lat="34.30548542354584" lon="109.02378847603819">
        <ele>393.5947223659605</ele>
        <time>2022-04-12T22:04:47Z</time>
      </trkpt>
      <trkpt lat="34.30518141360095" lon="109.02382622342527">
        <ele>394.7401032363996</ele>
        <time>2022-04-12T22:04:51Z</time>
      </trkpt>
      <trkpt lat="34.304881293718985" lon="109.02391687953443">
        <ele>394.2577499691397</ele>
        <time>2022-04-12T22:04:55Z</time>
      </trkpt>
      <trkpt lat="34.30445720316676" lon="109.02417899195686">
        <ele>393.98077416047454</ele>
        <time>2022-04-12T22:05:01Z</time>
      </trkpt>
      <trkpt lat="34.304200683829585" lon="109.02438941171464">
        <ele>395.01714509166777</ele>
        <time>2022-04-12T22:05:05Z</time>
      </trkpt>
      <trkpt lat="34.303961920225284" lon="109.0246490830891">
        <ele>394.04253369104117</ele>
        <time>2022-04-12T22:05:09Z</time>
      </trkpt>
      <trkpt lat="34.30368793572644" lon="109.02511015598579">
        <ele>392.8990798611194</ele>
        <time>2022-04-12T22:05:15Z</time>
      </trkpt>
      <trkpt lat="34.303453460218435" lon="109.02558900452418">
        <ele>393.1778270350769</ele>
        <time>2022-04-12T22:05:21Z</time>
      </trkpt>
      <trkpt lat="34.30320073174513" lon="109.02609439838054">
        <ele>394.51589499693364</ele>
        <time>2022-04-12T22:05:27Z</time>
      </trkpt>
      <trkpt lat="34.30287764269321" lon="109.0265292175347">
        <ele>393.88313045725226</ele>
        <time>2022-04-12T22:05:33Z</time>
      </trkpt>
      <trkpt lat="34.30266008520523" lon="109.02680020136278">
        <ele>393.7638796241954</ele>
        <time>2022-04-12T22:05:37Z</time>
      </trkpt>
      <trkpt lat="34.30254269935638" lon="109.0269183831975">
        <ele>392.8001112341881</ele>
        <time>2022-04-12T22:05:39Z</time>
      </trkpt>
      <trkpt lat="34.30241994426632" lon="109.02700011602677">
        <ele>391.96399948745966</ele>
        <time>2022-04-12T22:05:41Z</time>
      </trkpt>
      <trkpt lat="34.30226789165815" lon="109.0271785708384">
        <ele>391.62815713044256</ele>
        <time>2022-04-12T22:05:45Z</time>
      </trkpt>
      <trkpt lat="34.30217355308911" lon="109.02725369170324">
        <ele>392.19328616932034</ele>
        <time>2022-04-12T22:05:47Z</time>
      </trkpt>
      <trkpt lat="34.30207953235273" lon="109.0274044825458">
        <ele>391.5797019228339</ele>
        <time>2022-04-12T22:05:49Z</time>
      </trkpt>
      <trkpt lat="34.30193897714214" lon="109.02745461957969">
        <ele>392.55044167488813</ele>
        <time>2022-04-12T22:05:51Z</time>
      </trkpt>
      <trkpt lat="34.30153229077369" lon="109.02771281396006">
        <ele>393.1093775080517</ele>
        <time>2022-04-12T22:05:57Z</time>
      </trkpt>
      <trkpt lat="34.301247939602725" lon="109.02783482554644">
        <ele>393.8191397963092</ele>
        <time>2022-04-12T22:06:01Z</time>
      </trkpt>
      <trkpt lat="34.301108032579734" lon="109.02793955782015">
        <ele>394.16106606367975</ele>
        <time>2022-04-12T22:06:03Z</time>
      </trkpt>
      <trkpt lat="34.300942593024836" lon="109.02794315973426">
        <ele>393.9885564604774</ele>
        <time>2022-04-12T22:06:05Z</time>
      </trkpt>
      <trkpt lat="34.30048487834625" lon="109.0280754130744">
        <ele>394.33601680211723</ele>
        <time>2022-04-12T22:06:11Z</time>
      </trkpt>
      <trkpt lat="34.30003109992268" lon="109.02814157792842">
        <ele>394.25953942444175</ele>
        <time>2022-04-12T22:06:17Z</time>
      </trkpt>
      <trkpt lat="34.299593839441656" lon="109.02821494252552">
        <ele>393.930656934157</ele>
        <time>2022-04-12T22:06:23Z</time>
      </trkpt>
      <trkpt lat="34.29902198476952" lon="109.02829275138394">
        <ele>395.13455298822373</ele>
        <time>2022-04-12T22:06:31Z</time>
      </trkpt>
      <trkpt lat="34.298602225310844" lon="109.02832893952507">
        <ele>397.20480818115175</ele>
        <time>2022-04-12T22:06:37Z</time>
      </trkpt>
      <trkpt lat="34.29847186167301" lon="109.02839066386719">
        <ele>397.1245874259621</ele>
        <time>2022-04-12T22:06:39Z</time>
      </trkpt>
      <trkpt lat="34.2983111555326" lon="109.02833437807581">
        <ele>397.9318621614948</ele>
        <time>2022-04-12T22:06:41Z</time>
      </trkpt>
      <trkpt lat="34.29786833116592" lon="109.02832879577731">
        <ele>397.530715697445</ele>
        <time>2022-04-12T22:06:47Z</time>
      </trkpt>
      <trkpt lat="34.29742501328319" lon="109.02833320514195">
        <ele>397.5220432225615</ele>
        <time>2022-04-12T22:06:53Z</time>
      </trkpt>
      <trkpt lat="34.29727853855649" lon="109.02837852619886">
        <ele>398.06359488144517</ele>
        <time>2022-04-12T22:06:55Z</time>
      </trkpt>
      <trkpt lat="34.297130642024825" lon="109.02834767377041">
        <ele>397.0490173343569</ele>
        <time>2022-04-12T22:06:57Z</time>
      </trkpt>
      <trkpt lat="34.29698552371142" lon="109.0283757134743">
        <ele>398.8195450967178</ele>
        <time>2022-04-12T22:06:59Z</time>
      </trkpt>
      <trkpt lat="34.29683937849548" lon="109.02837200053132">
        <ele>397.7756106387824</ele>
        <time>2022-04-12T22:07:01Z</time>
      </trkpt>
      <trkpt lat="34.296294041211986" lon="109.02848236740827">
        <ele>399.66044824477285</ele>
        <time>2022-04-12T22:07:09Z</time>
      </trkpt>
      <trkpt lat="34.29613452860643" lon="109.02849517468823">
        <ele>399.5155852306634</ele>
        <time>2022-04-12T22:07:11Z</time>
      </trkpt>
      <trkpt lat="34.29558486912963" lon="109.02862688895017">
        <ele>398.5067973071709</ele>
        <time>2022-04-12T22:07:19Z</time>
      </trkpt>
      <trkpt lat="34.295294602075344" lon="109.02871808729165">
        <ele>398.86793704051524</ele>
        <time>2022-04-12T22:07:23Z</time>
      </trkpt>
      <trkpt lat="34.29515337673277" lon="109.02874030767552">
        <ele>398.19282714650035</ele>
        <time>2022-04-12T22:07:25Z</time>
      </trkpt>
      <trkpt lat="34.29468720528333" lon="109.0288878798829">
        <ele>397.9624441508204</ele>
        <time>2022-04-12T22:07:31Z</time>
      </trkpt>
      <trkpt lat="34.294231665931164" lon="109.02897754375736">
        <ele>398.6865793513134</ele>
        <time>2022-04-12T22:07:37Z</time>
      </trkpt>
      <trkpt lat="34.293801933209195" lon="109.02900652646282">
        <ele>398.97304049506783</ele>
        <time>2022-04-12T22:07:43Z</time>
      </trkpt>
      <trkpt lat="34.29340718126644" lon="109.0291398800877">
        <ele>398.7109146900475</ele>
        <time>2022-04-12T22:07:49Z</time>
      </trkpt>
      <trkpt lat="34.29297469533336" lon="109.02922539651111">
        <ele>398.9980837162584</ele>
        <time>2022-04-12T22:07:55Z</time>
      </trkpt>
      <trkpt lat="34.29254455792563" lon="109.02937254023153">
        <ele>398.02302097156644</ele>
        <time>2022-04-12T22:08:01Z</time>
      </trkpt>
      <trkpt lat="34.29239439012032" lon="109.02942923742448">
        <ele>398.2345774695277</ele>
        <time>2022-04-12T22:08:03Z</time>
      </trkpt>
      <trkpt lat="34.29193315558639" lon="109.02946876491866">
        <ele>398.6965620489791</ele>
        <time>2022-04-12T22:08:09Z</time>
      </trkpt>
      <trkpt lat="34.29144001738857" lon="109.02949471585319">
        <ele>397.66867976170033</ele>
        <time>2022-04-12T22:08:15Z</time>
      </trkpt>
      <trkpt lat="34.29092854308778" lon="109.02949266394025">
        <ele>398.3463620468974</ele>
        <time>2022-04-12T22:08:21Z</time>
      </trkpt>
      <trkpt lat="34.29060470371631" lon="109.02949574258577">
        <ele>398.7392132887617</ele>
        <time>2022-04-12T22:08:25Z</time>
      </trkpt>
      <trkpt lat="34.29045013776405" lon="109.0294751677842">
        <ele>399.11168063711375</ele>
        <time>2022-04-12T22:08:27Z</time>
      </trkpt>
      <trkpt lat="34.29029818115316" lon="109.02952720530192">
        <ele>398.71117842849344</ele>
        <time>2022-04-12T22:08:29Z</time>
      </trkpt>
      <trkpt lat="34.28978643936011" lon="109.02955748009965">
        <ele>399.7181950788945</ele>
        <time>2022-04-12T22:08:35Z</time>
      </trkpt>
      <trkpt lat="34.289335803178176" lon="109.02961758714189">
        <ele>399.8436661576852</ele>
        <time>2022-04-12T22:08:41Z</time>
      </trkpt>
      <trkpt lat="34.2890576246827" lon="109.02967782933757">
        <ele>399.6389625146985</ele>
        <time>2022-04-12T22:08:45Z</time>
      </trkpt>
      <trkpt lat="34.288903646954296" lon="109.029646527486">
        <ele>400.5282947458327</ele>
        <time>2022-04-12T22:08:47Z</time>
      </trkpt>
      <trkpt lat="34.28836223616109" lon="109.02983652609036">
        <ele>400.7326583741233</ele>
        <time>2022-04-12T22:08:55Z</time>
      </trkpt>
      <trkpt lat="34.28794879648417" lon="109.03000344312726">
        <ele>401.4008642528206</ele>
        <time>2022-04-12T22:09:01Z</time>
      </trkpt>
      <trkpt lat="34.287558859400185" lon="109.03016222512062">
        <ele>401.88749913405627</ele>
        <time>2022-04-12T22:09:07Z</time>
      </trkpt>
      <trkpt lat="34.28732820016764" lon="109.03022866501595">
        <ele>403.03574709873646</ele>
        <time>2022-04-12T22:09:11Z</time>
      </trkpt>
      <trkpt lat="34.28681880658139" lon="109.03041621416658">
        <ele>402.25482547841966</ele>
        <time>2022-04-12T22:09:19Z</time>
      </trkpt>
      <trkpt lat="34.28655205330338" lon="109.03053092478845">
        <ele>402.8937117578462</ele>
        <time>2022-04-12T22:09:23Z</time>
      </trkpt>
      <trkpt lat="34.286131785879796" lon="109.03067853007124">
        <ele>401.2062362069264</ele>
        <time>2022-04-12T22:09:29Z</time>
      </trkpt>
      <trkpt lat="34.28571614616146" lon="109.03087601148104">
        <ele>400.5437037171796</ele>
        <time>2022-04-12T22:09:35Z</time>
      </trkpt>
      <trkpt lat="34.28543684847721" lon="109.03104267542805">
        <ele>400.78077970072627</ele>
        <time>2022-04-12T22:09:39Z</time>
      </trkpt>
      <trkpt lat="34.28505901114544" lon="109.03133381269272">
        <ele>399.98245703522116</ele>
        <time>2022-04-12T22:09:45Z</time>
      </trkpt>
      <trkpt lat="34.28468735820131" lon="109.0316401282759">
        <ele>400.6144318403676</ele>
        <time>2022-04-12T22:09:51Z</time>
      </trkpt>
      <trkpt lat="34.284317072417274" lon="109.03198030559753">
        <ele>400.15682163089514</ele>
        <time>2022-04-12T22:09:57Z</time>
      </trkpt>
      <trkpt lat="34.283939041225096" lon="109.03228897153312">
        <ele>400.3713219091296</ele>
        <time>2022-04-12T22:10:03Z</time>
      </trkpt>
      <trkpt lat="34.28358387222891" lon="109.03258570612245">
        <ele>399.78320174477994</ele>
        <time>2022-04-12T22:10:09Z</time>
      </trkpt>
      <trkpt lat="34.28346892302538" lon="109.03268161518669">
        <ele>400.2234210819006</ele>
        <time>2022-04-12T22:10:11Z</time>
      </trkpt>
      <trkpt lat="34.28325724203422" lon="109.03290523976845">
        <ele>400.14162333495915</ele>
        <time>2022-04-12T22:10:15Z</time>
      </trkpt>
      <trkpt lat="34.28281788876488" lon="109.03330652178425">
        <ele>400.4770033704117</ele>
        <time>2022-04-12T22:10:23Z</time>
      </trkpt>
      <trkpt lat="34.28244752970818" lon="109.03363599002851">
        <ele>402.68956254050136</ele>
        <time>2022-04-12T22:10:29Z</time>
      </trkpt>
      <trkpt lat="34.28203130462252" lon="109.03397233826797">
        <ele>399.63170905131847</ele>
        <time>2022-04-12T22:10:35Z</time>
      </trkpt>
      <trkpt lat="34.281614027030365" lon="109.03426608966444">
        <ele>401.09029170591384</ele>
        <time>2022-04-12T22:10:41Z</time>
      </trkpt>
      <trkpt lat="34.281159325402946" lon="109.03449914565692">
        <ele>401.67212828435004</ele>
        <time>2022-04-12T22:10:47Z</time>
      </trkpt>
      <trkpt lat="34.2810189497419" lon="109.03456615160309">
        <ele>401.84470300842077</ele>
        <time>2022-04-12T22:10:49Z</time>
      </trkpt>
      <trkpt lat="34.28056261583582" lon="109.03471636684844">
        <ele>401.3005564576015</ele>
        <time>2022-04-12T22:10:55Z</time>
      </trkpt>
      <trkpt lat="34.28009993326908" lon="109.03481871493439">
        <ele>402.79182958137244</ele>
        <time>2022-04-12T22:11:01Z</time>
      </trkpt>
      <trkpt lat="34.27963690163595" lon="109.03487018035831">
        <ele>402.90112012345344</ele>
        <time>2022-04-12T22:11:07Z</time>
      </trkpt>
      <trkpt lat="34.279176138193684" lon="109.03492004291094">
        <ele>404.2455957047641</ele>
        <time>2022-04-12T22:11:13Z</time>
      </trkpt>
      <trkpt lat="34.27869830119608" lon="109.03497069303565">
        <ele>404.63008692860603</ele>
        <time>2022-04-12T22:11:19Z</time>
      </trkpt>
      <trkpt lat="34.27822452966866" lon="109.0350256853961">
        <ele>404.4018891407177</ele>
        <time>2022-04-12T22:11:25Z</time>
      </trkpt>
      <trkpt lat="34.27775727965054" lon="109.03508919347577">
        <ele>405.2440916672349</ele>
        <time>2022-04-12T22:11:31Z</time>
      </trkpt>
      <trkpt lat="34.27728009013683" lon="109.03514645038312">
        <ele>404.6794355837628</ele>
        <time>2022-04-12T22:11:37Z</time>
      </trkpt>
      <trkpt lat="34.276798801061055" lon="109.03519114527495">
        <ele>403.8960968647152</ele>
        <time>2022-04-12T22:11:43Z</time>
      </trkpt>
      <trkpt lat="34.276326584383604" lon="109.0352354146741">
        <ele>404.759981947951</ele>
        <time>2022-04-12T22:11:49Z</time>
      </trkpt>
      <trkpt lat="34.275824616713365" lon="109.03525773884826">
        <ele>404.4099196176976</ele>
        <time>2022-04-12T22:11:57Z</time>
      </trkpt>
      <trkpt lat="34.27549560306408" lon="109.03529312197824">
        <ele>404.17584638111293</ele>
        <time>2022-04-12T22:12:13Z</time>
      </trkpt>
      <trkpt lat="34.275354160233285" lon="109.03537684765561">
        <ele>405.60392559692264</ele>
        <time>2022-04-12T22:12:34Z</time>
      </trkpt>
      <trkpt lat="34.27512412766086" lon="109.03557817073373">
        <ele>404.8193784886971</ele>
        <time>2022-04-12T22:12:41Z</time>
      </trkpt>
      <trkpt lat="34.27457398335146" lon="109.03572908611447">
        <ele>402.9429091764614</ele>
        <time>2022-04-12T22:12:51Z</time>
      </trkpt>
      <trkpt lat="34.27413825880444" lon="109.03583029785857">
        <ele>403.5308860838413</ele>
        <time>2022-04-12T22:12:57Z</time>
      </trkpt>
      <trkpt lat="34.273681325522446" lon="109.03592221923651">
        <ele>403.31385067105293</ele>
        <time>2022-04-12T22:13:03Z</time>
      </trkpt>
      <trkpt lat="34.27322262046313" lon="109.0360473488636">
        <ele>404.41762412618846</ele>
        <time>2022-04-12T22:13:09Z</time>
      </trkpt>
      <trkpt lat="34.2727404778061" lon="109.0361286396412">
        <ele>404.2681458834559</ele>
        <time>2022-04-12T22:13:15Z</time>
      </trkpt>
      <trkpt lat="34.272253105778255" lon="109.0361822667604">
        <ele>404.17837534844875</ele>
        <time>2022-04-12T22:13:21Z</time>
      </trkpt>
      <trkpt lat="34.27175822328382" lon="109.03623985657586">
        <ele>405.45677836891264</ele>
        <time>2022-04-12T22:13:27Z</time>
      </trkpt>
      <trkpt lat="34.271431892821816" lon="109.0362427926928">
        <ele>404.88011902570724</ele>
        <time>2022-04-12T22:13:31Z</time>
      </trkpt>
      <trkpt lat="34.271266138816834" lon="109.03627369052992">
        <ele>405.26866023801267</ele>
        <time>2022-04-12T22:13:33Z</time>
      </trkpt>
      <trkpt lat="34.27077306112382" lon="109.036262081433">
        <ele>404.99457074608654</ele>
        <time>2022-04-12T22:13:39Z</time>
      </trkpt>
      <trkpt lat="34.27028979159936" lon="109.03620584718549">
        <ele>403.76881876681</ele>
        <time>2022-04-12T22:13:45Z</time>
      </trkpt>
      <trkpt lat="34.2698064536582" lon="109.0361838700089">
        <ele>404.43142984993756</ele>
        <time>2022-04-12T22:13:51Z</time>
      </trkpt>
      <trkpt lat="34.26931691619124" lon="109.03620170182667">
        <ele>405.38890703301877</ele>
        <time>2022-04-12T22:13:57Z</time>
      </trkpt>
      <trkpt lat="34.268995711255656" lon="109.03622202171367">
        <ele>404.328854217194</ele>
        <time>2022-04-12T22:14:01Z</time>
      </trkpt>
      <trkpt lat="34.26882894377312" lon="109.03626014634122">
        <ele>404.67103116121143</ele>
        <time>2022-04-12T22:14:03Z</time>
      </trkpt>
      <trkpt lat="34.268336448692025" lon="109.03643330721768">
        <ele>405.15771181322634</ele>
        <time>2022-04-12T22:14:09Z</time>
      </trkpt>
      <trkpt lat="34.26783158094698" lon="109.03657216764293">
        <ele>404.7492458904162</ele>
        <time>2022-04-12T22:14:15Z</time>
      </trkpt>
      <trkpt lat="34.267374845051165" lon="109.0367015991617">
        <ele>405.52824666909873</ele>
        <time>2022-04-12T22:14:21Z</time>
      </trkpt>
      <trkpt lat="34.26722528590373" lon="109.03676859011979">
        <ele>405.84493819996715</ele>
        <time>2022-04-12T22:14:23Z</time>
      </trkpt>
      <trkpt lat="34.26675715982961" lon="109.03687715063953">
        <ele>405.1769847320393</ele>
        <time>2022-04-12T22:14:29Z</time>
      </trkpt>
      <trkpt lat="34.266263273804654" lon="109.0369976102467">
        <ele>405.46523353643715</ele>
        <time>2022-04-12T22:14:35Z</time>
      </trkpt>
      <trkpt lat="34.265775924453976" lon="109.03712312880269">
        <ele>405.7835571812466</ele>
        <time>2022-04-12T22:14:41Z</time>
      </trkpt>
      <trkpt lat="34.26546455689721" lon="109.03721437629348">
        <ele>405.9592662630603</ele>
        <time>2022-04-12T22:14:45Z</time>
      </trkpt>
      <trkpt lat="34.26516151302264" lon="109.03725916015297">
        <ele>405.03392150904983</ele>
        <time>2022-04-12T22:14:49Z</time>
      </trkpt>
      <trkpt lat="34.26485451095114" lon="109.0373800382827">
        <ele>405.38780428189784</ele>
        <time>2022-04-12T22:14:53Z</time>
      </trkpt>
      <trkpt lat="34.26438444160664" lon="109.03751518462909">
        <ele>406.6825274825096</ele>
        <time>2022-04-12T22:14:59Z</time>
      </trkpt>
      <trkpt lat="34.26392804911092" lon="109.03767226815465">
        <ele>407.44798768125474</ele>
        <time>2022-04-12T22:15:05Z</time>
      </trkpt>
      <trkpt lat="34.263778996254736" lon="109.0377283620795">
        <ele>407.68476018030196</ele>
        <time>2022-04-12T22:15:07Z</time>
      </trkpt>
      <trkpt lat="34.26331581928159" lon="109.03785321281575">
        <ele>408.5203533824533</ele>
        <time>2022-04-12T22:15:13Z</time>
      </trkpt>
      <trkpt lat="34.263171819104464" lon="109.03791615149011">
        <ele>409.1235927976668</ele>
        <time>2022-04-12T22:15:15Z</time>
      </trkpt>
      <trkpt lat="34.26271634100352" lon="109.03806421079476">
        <ele>408.09784498345107</ele>
        <time>2022-04-12T22:15:21Z</time>
      </trkpt>
      <trkpt lat="34.26256624468272" lon="109.03813094898231">
        <ele>408.9011249402538</ele>
        <time>2022-04-12T22:15:23Z</time>
      </trkpt>
      <trkpt lat="34.262271738358166" lon="109.03822787131128">
        <ele>408.947240925394</ele>
        <time>2022-04-12T22:15:27Z</time>
      </trkpt>
      <trkpt lat="34.26196853200493" lon="109.03835906621302">
        <ele>410.0869624344632</ele>
        <time>2022-04-12T22:15:31Z</time>
      </trkpt>
      <trkpt lat="34.26155891953711" lon="109.03848359183947">
        <ele>408.04460870381445</ele>
        <time>2022-04-12T22:15:37Z</time>
      </trkpt>
      <trkpt lat="34.26133492050051" lon="109.03848306410138">
        <ele>408.4586074054241</ele>
        <time>2022-04-12T22:15:41Z</time>
      </trkpt>
      <trkpt lat="34.261238285692485" lon="109.0385352592518">
        <ele>407.9768767757341</ele>
        <time>2022-04-12T22:15:45Z</time>
      </trkpt>
      <trkpt lat="34.26113734106513" lon="109.03854648973088">
        <ele>408.5080621885136</ele>
        <time>2022-04-12T22:15:49Z</time>
      </trkpt>
      <trkpt lat="34.261066760313994" lon="109.03859299894599">
        <ele>409.05918080266565</ele>
        <time>2022-04-12T22:15:51Z</time>
      </trkpt>
      <trkpt lat="34.260971507109296" lon="109.03860564914383">
        <ele>408.72373183537275</ele>
        <time>2022-04-12T22:15:53Z</time>
      </trkpt>
      <trkpt lat="34.260766613014" lon="109.03873675675764">
        <ele>408.18537036981434</ele>
        <time>2022-04-12T22:15:57Z</time>
      </trkpt>
      <trkpt lat="34.26064794017586" lon="109.03879055985497">
        <ele>408.0942899454385</ele>
        <time>2022-04-12T22:15:59Z</time>
      </trkpt>
      <trkpt lat="34.26011857054888" lon="109.03888583578585">
        <ele>406.89545888919383</ele>
        <time>2022-04-12T22:16:07Z</time>
      </trkpt>
      <trkpt lat="34.25972038681828" lon="109.03899014010533">
        <ele>407.10619712714106</ele>
        <time>2022-04-12T22:16:13Z</time>
      </trkpt>
      <trkpt lat="34.25915987112213" lon="109.0390970428014">
        <ele>408.30615836847574</ele>
        <time>2022-04-12T22:16:21Z</time>
      </trkpt>
      <trkpt lat="34.25870239401621" lon="109.03918104487867">
        <ele>407.91653088014573</ele>
        <time>2022-04-12T22:16:27Z</time>
      </trkpt>
      <trkpt lat="34.258232059221505" lon="109.03927161968673">
        <ele>407.46433306578547</ele>
        <time>2022-04-12T22:16:33Z</time>
      </trkpt>
      <trkpt lat="34.25808791183648" lon="109.03929827800238">
        <ele>407.4780543493107</ele>
        <time>2022-04-12T22:16:35Z</time>
      </trkpt>
      <trkpt lat="34.25762219839963" lon="109.039427808361">
        <ele>408.36169613339007</ele>
        <time>2022-04-12T22:16:41Z</time>
      </trkpt>
      <trkpt lat="34.25747149730844" lon="109.03946096340246">
        <ele>408.4480485729873</ele>
        <time>2022-04-12T22:16:43Z</time>
      </trkpt>
      <trkpt lat="34.257071547128426" lon="109.03963627719362">
        <ele>408.5839534038678</ele>
        <time>2022-04-12T22:16:49Z</time>
      </trkpt>
      <trkpt lat="34.25653627007787" lon="109.03975684256562">
        <ele>408.8234907705337</ele>
        <time>2022-04-12T22:16:57Z</time>
      </trkpt>
      <trkpt lat="34.25611788716703" lon="109.03989370569236">
        <ele>409.50694532413036</ele>
        <time>2022-04-12T22:17:03Z</time>
      </trkpt>
      <trkpt lat="34.25583966666607" lon="109.03995082563046">
        <ele>409.2210663286969</ele>
        <time>2022-04-12T22:17:07Z</time>
      </trkpt>
      <trkpt lat="34.25570741499402" lon="109.03999520383606">
        <ele>410.3961798911914</ele>
        <time>2022-04-12T22:17:09Z</time>
      </trkpt>
      <trkpt lat="34.25547162739564" lon="109.04015298543852">
        <ele>410.20679780468345</ele>
        <time>2022-04-12T22:17:13Z</time>
      </trkpt>
      <trkpt lat="34.25535779780736" lon="109.04020399489553">
        <ele>411.0107406480238</ele>
        <time>2022-04-12T22:17:15Z</time>
      </trkpt>
      <trkpt lat="34.2551128489442" lon="109.04019075828941">
        <ele>412.3631297945976</ele>
        <time>2022-04-12T22:17:19Z</time>
      </trkpt>
      <trkpt lat="34.25470167082421" lon="109.04030452323089">
        <ele>412.7067871550098</ele>
        <time>2022-04-12T22:17:25Z</time>
      </trkpt>
      <trkpt lat="34.2542972847431" lon="109.04049784925714">
        <ele>412.02930179424584</ele>
        <time>2022-04-12T22:17:31Z</time>
      </trkpt>
      <trkpt lat="34.253786938425236" lon="109.04078002460724">
        <ele>412.8515586974099</ele>
        <time>2022-04-12T22:17:39Z</time>
      </trkpt>
      <trkpt lat="34.25333918056377" lon="109.04103611609781">
        <ele>413.7157413251698</ele>
        <time>2022-04-12T22:17:47Z</time>
      </trkpt>
      <trkpt lat="34.25322824892322" lon="109.04111683668462">
        <ele>414.57743806764483</ele>
        <time>2022-04-12T22:17:49Z</time>
      </trkpt>
      <trkpt lat="34.25289067687295" lon="109.04125567162009">
        <ele>414.14226564764977</ele>
        <time>2022-04-12T22:17:55Z</time>
      </trkpt>
      <trkpt lat="34.25274341915375" lon="109.0412929251442">
        <ele>413.14361715782434</ele>
        <time>2022-04-12T22:18:07Z</time>
      </trkpt>
      <trkpt lat="34.25240071408682" lon="109.04152056431383">
        <ele>413.10003645997494</ele>
        <time>2022-04-12T22:18:53Z</time>
      </trkpt>
      <trkpt lat="34.252004000074336" lon="109.04179212390001">
        <ele>413.55449457559735</ele>
        <time>2022-04-12T22:19:01Z</time>
      </trkpt>
      <trkpt lat="34.25150335468191" lon="109.0421141105138">
        <ele>413.0165575221181</ele>
        <time>2022-04-12T22:19:09Z</time>
      </trkpt>
      <trkpt lat="34.25108294896061" lon="109.04236983942516">
        <ele>414.38943073060364</ele>
        <time>2022-04-12T22:19:15Z</time>
      </trkpt>
      <trkpt lat="34.250937543589615" lon="109.04244380525162">
        <ele>413.22407601121813</ele>
        <time>2022-04-12T22:19:17Z</time>
      </trkpt>
      <trkpt lat="34.250503410638224" lon="109.0427197052544">
        <ele>414.147973543033</ele>
        <time>2022-04-12T22:19:23Z</time>
      </trkpt>
      <trkpt lat="34.25005966957642" lon="109.04296460452862">
        <ele>415.1205685874447</ele>
        <time>2022-04-12T22:19:29Z</time>
      </trkpt>
      <trkpt lat="34.249753382744686" lon="109.04308890054287">
        <ele>414.27924213185906</ele>
        <time>2022-04-12T22:19:33Z</time>
      </trkpt>
      <trkpt lat="34.24926668214051" lon="109.04318432517617">
        <ele>413.7405683780089</ele>
        <time>2022-04-12T22:19:39Z</time>
      </trkpt>
      <trkpt lat="34.248786527738886" lon="109.04326732110016">
        <ele>413.12858874630183</ele>
        <time>2022-04-12T22:19:45Z</time>
      </trkpt>
      <trkpt lat="34.24830958980851" lon="109.04334803840453">
        <ele>412.68725533690304</ele>
        <time>2022-04-12T22:19:51Z</time>
      </trkpt>
      <trkpt lat="34.24799466424436" lon="109.04340120691475">
        <ele>413.1576994545758</ele>
        <time>2022-04-12T22:19:55Z</time>
      </trkpt>
      <trkpt lat="34.24784302828251" lon="109.04345496917006">
        <ele>413.57364379800856</ele>
        <time>2022-04-12T22:19:57Z</time>
      </trkpt>
      <trkpt lat="34.247525099281376" lon="109.04348381532105">
        <ele>412.6677136356011</ele>
        <time>2022-04-12T22:20:01Z</time>
      </trkpt>
      <trkpt lat="34.24705289454148" lon="109.04357253367009">
        <ele>413.28010054305196</ele>
        <time>2022-04-12T22:20:07Z</time>
      </trkpt>
      <trkpt lat="34.24689165111735" lon="109.04362972165933">
        <ele>413.43650218099356</ele>
        <time>2022-04-12T22:20:09Z</time>
      </trkpt>
      <trkpt lat="34.24641810183084" lon="109.04371117529719">
        <ele>415.2530664848164</ele>
        <time>2022-04-12T22:20:15Z</time>
      </trkpt>
      <trkpt lat="34.245934077749126" lon="109.04378300818956">
        <ele>414.824283413589</ele>
        <time>2022-04-12T22:20:21Z</time>
      </trkpt>
      <trkpt lat="34.24560159913441" lon="109.04380657558723">
        <ele>414.6937063690275</ele>
        <time>2022-04-12T22:20:25Z</time>
      </trkpt>
      <trkpt lat="34.24511771300193" lon="109.0438103042712">
        <ele>415.7263581594452</ele>
        <time>2022-04-12T22:20:31Z</time>
      </trkpt>
      <trkpt lat="34.24461438412924" lon="109.04384038737545">
        <ele>415.77183446567506</ele>
        <time>2022-04-12T22:20:37Z</time>
      </trkpt>
      <trkpt lat="34.244120070431855" lon="109.04384598879975">
        <ele>415.7644246062264</ele>
        <time>2022-04-12T22:20:43Z</time>
      </trkpt>
      <trkpt lat="34.2436143471509" lon="109.04384542641998">
        <ele>416.6728133028373</ele>
        <time>2022-04-12T22:20:49Z</time>
      </trkpt>
      <trkpt lat="34.243452799086434" lon="109.04386382501468">
        <ele>415.9050799496472</ele>
        <time>2022-04-12T22:20:51Z</time>
      </trkpt>
      <trkpt lat="34.24328922849578" lon="109.04385283527988">
        <ele>415.79944305401295</ele>
        <time>2022-04-12T22:20:53Z</time>
      </trkpt>
      <trkpt lat="34.24280573793059" lon="109.04391458899117">
        <ele>416.0660124029964</ele>
        <time>2022-04-12T22:20:59Z</time>
      </trkpt>
      <trkpt lat="34.242307344072834" lon="109.04396636628647">
        <ele>416.9818196184933</ele>
        <time>2022-04-12T22:21:05Z</time>
      </trkpt>
      <trkpt lat="34.24181896874964" lon="109.04405258238636">
        <ele>417.46301609743387</ele>
        <time>2022-04-12T22:21:11Z</time>
      </trkpt>
      <trkpt lat="34.24132700309895" lon="109.04417389241544">
        <ele>417.33517873473465</ele>
        <time>2022-04-12T22:21:17Z</time>
      </trkpt>
      <trkpt lat="34.24083665737258" lon="109.04430855050056">
        <ele>417.4886457938701</ele>
        <time>2022-04-12T22:21:23Z</time>
      </trkpt>
      <trkpt lat="34.24034203755687" lon="109.04444198879153">
        <ele>417.88061768747866</ele>
        <time>2022-04-12T22:21:29Z</time>
      </trkpt>
      <trkpt lat="34.23985011674952" lon="109.04458781001135">
        <ele>416.54015255440027</ele>
        <time>2022-04-12T22:21:35Z</time>
      </trkpt>
      <trkpt lat="34.23937188782752" lon="109.04471235983279">
        <ele>416.3131682770327</ele>
        <time>2022-04-12T22:21:41Z</time>
      </trkpt>
      <trkpt lat="34.238885950836654" lon="109.0447933111288">
        <ele>417.0169576462358</ele>
        <time>2022-04-12T22:21:47Z</time>
      </trkpt>
      <trkpt lat="34.238404899265284" lon="109.04480688985201">
        <ele>418.4910569386557</ele>
        <time>2022-04-12T22:21:53Z</time>
      </trkpt>
      <trkpt lat="34.23791940195461" lon="109.04476851812728">
        <ele>418.86322938557714</ele>
        <time>2022-04-12T22:21:59Z</time>
      </trkpt>
      <trkpt lat="34.23745097790816" lon="109.04471747582156">
        <ele>419.2152170697227</ele>
        <time>2022-04-12T22:22:05Z</time>
      </trkpt>
      <trkpt lat="34.23698533941274" lon="109.0446571710113">
        <ele>418.8896423690021</ele>
        <time>2022-04-12T22:22:11Z</time>
      </trkpt>
      <trkpt lat="34.23654803393424" lon="109.04460350695308">
        <ele>419.7899448061362</ele>
        <time>2022-04-12T22:22:17Z</time>
      </trkpt>
      <trkpt lat="34.236007802741035" lon="109.04453762221026">
        <ele>419.54081501532346</ele>
        <time>2022-04-12T22:22:25Z</time>
      </trkpt>
      <trkpt lat="34.235538247538976" lon="109.04447983664383">
        <ele>419.40223279129714</ele>
        <time>2022-04-12T22:22:33Z</time>
      </trkpt>
      <trkpt lat="34.23535368938165" lon="109.04444896394533">
        <ele>419.0405786614865</ele>
        <time>2022-04-12T22:22:37Z</time>
      </trkpt>
      <trkpt lat="34.235289664840096" lon="109.04440498592095">
        <ele>419.4269681321457</ele>
        <time>2022-04-12T22:22:39Z</time>
      </trkpt>
      <trkpt lat="34.23527244105692" lon="109.0443698488221">
        <ele>419.1437185816467</ele>
        <time>2022-04-12T22:22:49Z</time>
      </trkpt>
      <trkpt lat="34.23543108765115" lon="109.04458543287838">
        <ele>419.0985783431679</ele>
        <time>2022-04-12T22:23:12Z</time>
      </trkpt>
      <trkpt lat="34.23589964012977" lon="109.04464826142042">
        <ele>419.3200212158263</ele>
        <time>2022-04-12T22:23:19Z</time>
      </trkpt>
      <trkpt lat="34.236371566997974" lon="109.0446968559002">
        <ele>419.79473479650915</ele>
        <time>2022-04-12T22:23:25Z</time>
      </trkpt>
      <trkpt lat="34.236854970280426" lon="109.0447538857959">
        <ele>418.654937828891</ele>
        <time>2022-04-12T22:23:31Z</time>
      </trkpt>
      <trkpt lat="34.23739863796618" lon="109.04479421812701">
        <ele>418.6792698074132</ele>
        <time>2022-04-12T22:23:37Z</time>
      </trkpt>
      <trkpt lat="34.23799218194241" lon="109.04486891921654">
        <ele>418.2385855661705</ele>
        <time>2022-04-12T22:23:43Z</time>
      </trkpt>
      <trkpt lat="34.23862627125871" lon="109.0448957824337">
        <ele>418.7468397980556</ele>
        <time>2022-04-12T22:23:49Z</time>
      </trkpt>
      <trkpt lat="34.23904351773071" lon="109.0448721537871">
        <ele>416.9781963545829</ele>
        <time>2022-04-12T22:23:53Z</time>
      </trkpt>
      <trkpt lat="34.239454447521396" lon="109.0447944380475">
        <ele>416.222368885763</ele>
        <time>2022-04-12T22:23:57Z</time>
      </trkpt>
      <trkpt lat="34.24007337764319" lon="109.04460649435569">
        <ele>417.39754028990865</ele>
        <time>2022-04-12T22:24:03Z</time>
      </trkpt>
      <trkpt lat="34.240676630069714" lon="109.04443020445396">
        <ele>416.42471543420106</ele>
        <time>2022-04-12T22:24:09Z</time>
      </trkpt>
      <trkpt lat="34.241290835986916" lon="109.04428075077143">
        <ele>416.8946348540485</ele>
        <time>2022-04-12T22:24:15Z</time>
      </trkpt>
      <trkpt lat="34.241484508567396" lon="109.04420556891412">
        <ele>416.64889252744615</ele>
        <time>2022-04-12T22:24:17Z</time>
      </trkpt>
      <trkpt lat="34.24209256597549" lon="109.04408411838637">
        <ele>416.92248621582985</ele>
        <time>2022-04-12T22:24:23Z</time>
      </trkpt>
      <trkpt lat="34.24270808034246" lon="109.04399177036281">
        <ele>417.06059407722205</ele>
        <time>2022-04-12T22:24:29Z</time>
      </trkpt>
      <trkpt lat="34.24330881723072" lon="109.04393176368386">
        <ele>416.07302016112953</ele>
        <time>2022-04-12T22:24:35Z</time>
      </trkpt>
      <trkpt lat="34.243905306188424" lon="109.04390542108584">
        <ele>415.52334044408053</ele>
        <time>2022-04-12T22:24:41Z</time>
      </trkpt>
      <trkpt lat="34.244510251114384" lon="109.04385088056917">
        <ele>415.09718642476946</ele>
        <time>2022-04-12T22:24:47Z</time>
      </trkpt>
      <trkpt lat="34.24470570094763" lon="109.04383391566236">
        <ele>414.9713013274595</ele>
        <time>2022-04-12T22:24:49Z</time>
      </trkpt>
      <trkpt lat="34.24529361546036" lon="109.04382942830024">
        <ele>415.57295711152256</ele>
        <time>2022-04-12T22:24:55Z</time>
      </trkpt>
      <trkpt lat="34.2454830713847" lon="109.04381807815831">
        <ele>415.7982901837677</ele>
        <time>2022-04-12T22:24:57Z</time>
      </trkpt>
      <trkpt lat="34.24567049229198" lon="109.0438914459788">
        <ele>415.5129219908267</ele>
        <time>2022-04-12T22:24:59Z</time>
      </trkpt>
      <trkpt lat="34.24618427999401" lon="109.04382028176063">
        <ele>415.5688175037503</ele>
        <time>2022-04-12T22:25:05Z</time>
      </trkpt>
      <trkpt lat="34.24627178022513" lon="109.04380656756135">
        <ele>415.36654883716255</ele>
        <time>2022-04-12T22:25:06Z</time>
      </trkpt>
      <trkpt lat="34.24644557657172" lon="109.04377935307132">
        <ele>415.14310976397246</ele>
        <time>2022-04-12T22:25:08Z</time>
      </trkpt>
      <trkpt lat="34.24701730988911" lon="109.04367539535218">
        <ele>414.4470296949148</ele>
        <time>2022-04-12T22:25:14Z</time>
      </trkpt>
      <trkpt lat="34.24750081703896" lon="109.04357529995349">
        <ele>413.0868514580652</ele>
        <time>2022-04-12T22:25:19Z</time>
      </trkpt>
      <trkpt lat="34.24808693068896" lon="109.0434634009041">
        <ele>411.8172382991761</ele>
        <time>2022-04-12T22:25:25Z</time>
      </trkpt>
      <trkpt lat="34.24827356169244" lon="109.0434269739269">
        <ele>411.7904153056443</ele>
        <time>2022-04-12T22:25:27Z</time>
      </trkpt>
      <trkpt lat="34.24846784720208" lon="109.04343230304274">
        <ele>411.68371342215687</ele>
        <time>2022-04-12T22:25:29Z</time>
      </trkpt>
      <trkpt lat="34.24906762084186" lon="109.0433272598309">
        <ele>412.4475707728416</ele>
        <time>2022-04-12T22:25:35Z</time>
      </trkpt>
      <trkpt lat="34.24964672475693" lon="109.04320003907323">
        <ele>413.615621233359</ele>
        <time>2022-04-12T22:25:41Z</time>
      </trkpt>
      <trkpt lat="34.250037152251814" lon="109.04307061787418">
        <ele>413.5882618157193</ele>
        <time>2022-04-12T22:25:45Z</time>
      </trkpt>
      <trkpt lat="34.250412350311336" lon="109.04289736885848">
        <ele>413.2935033561662</ele>
        <time>2022-04-12T22:25:49Z</time>
      </trkpt>
      <trkpt lat="34.250778911890364" lon="109.04268723847602">
        <ele>413.136679883115</ele>
        <time>2022-04-12T22:25:53Z</time>
      </trkpt>
      <trkpt lat="34.251294626846914" lon="109.04236226270828">
        <ele>413.2149124080315</ele>
        <time>2022-04-12T22:25:59Z</time>
      </trkpt>
      <trkpt lat="34.25146444170661" lon="109.04225745303673">
        <ele>413.86388756521046</ele>
        <time>2022-04-12T22:26:01Z</time>
      </trkpt>
      <trkpt lat="34.2516231885015" lon="109.04218378221636">
        <ele>412.06688195001334</ele>
        <time>2022-04-12T22:26:03Z</time>
      </trkpt>
      <trkpt lat="34.25176281026874" lon="109.04207776742021">
        <ele>413.6178466975689</ele>
        <time>2022-04-12T22:26:05Z</time>
      </trkpt>
      <trkpt lat="34.252150371519484" lon="109.04183616712423">
        <ele>413.01810178067535</ele>
        <time>2022-04-12T22:26:11Z</time>
      </trkpt>
      <trkpt lat="34.25224183519895" lon="109.04178512556106">
        <ele>413.2460327744484</ele>
        <time>2022-04-12T22:26:13Z</time>
      </trkpt>
      <trkpt lat="34.252347660598815" lon="109.04175387593207">
        <ele>412.80264418013394</ele>
        <time>2022-04-12T22:26:17Z</time>
      </trkpt>
      <trkpt lat="34.25237786944035" lon="109.04172991109395">
        <ele>412.5101739400998</ele>
        <time>2022-04-12T22:26:25Z</time>
      </trkpt>
      <trkpt lat="34.25260403458023" lon="109.04157251229051">
        <ele>413.4158269735053</ele>
        <time>2022-04-12T22:27:06Z</time>
      </trkpt>
      <trkpt lat="34.2526921571352" lon="109.04149533875254">
        <ele>413.6033077277243</ele>
        <time>2022-04-12T22:27:08Z</time>
      </trkpt>
      <trkpt lat="34.25292319291692" lon="109.04136878358248">
        <ele>413.7731880005449</ele>
        <time>2022-04-12T22:27:12Z</time>
      </trkpt>
      <trkpt lat="34.25335298546639" lon="109.04117428216598">
        <ele>412.7109736278653</ele>
        <time>2022-04-12T22:27:18Z</time>
      </trkpt>
      <trkpt lat="34.253887385811666" lon="109.04087473323364">
        <ele>413.30740962643176</ele>
        <time>2022-04-12T22:27:25Z</time>
      </trkpt>
      <trkpt lat="34.25437862303351" lon="109.04059368310398">
        <ele>412.66652173828334</ele>
        <time>2022-04-12T22:27:31Z</time>
      </trkpt>
      <trkpt lat="34.25488709099337" lon="109.0403536211466">
        <ele>412.33852399885654</ele>
        <time>2022-04-12T22:27:37Z</time>
      </trkpt>
      <trkpt lat="34.25519191467407" lon="109.04025198676861">
        <ele>411.19975051283836</ele>
        <time>2022-04-12T22:27:41Z</time>
      </trkpt>
      <trkpt lat="34.25535177254868" lon="109.04021901453397">
        <ele>411.48633838258684</ele>
        <time>2022-04-12T22:27:43Z</time>
      </trkpt>
      <trkpt lat="34.25549514245347" lon="109.04016060262533">
        <ele>411.41331984009594</ele>
        <time>2022-04-12T22:27:45Z</time>
      </trkpt>
      <trkpt lat="34.25563594551252" lon="109.04006815380082">
        <ele>411.5692425565794</ele>
        <time>2022-04-12T22:27:47Z</time>
      </trkpt>
      <trkpt lat="34.25594009168169" lon="109.03994231825709">
        <ele>410.4750662231818</ele>
        <time>2022-04-12T22:27:51Z</time>
      </trkpt>
      <trkpt lat="34.2564239843719" lon="109.03981920484749">
        <ele>409.69288205821067</ele>
        <time>2022-04-12T22:27:57Z</time>
      </trkpt>
      <trkpt lat="34.25673407058194" lon="109.0397159694059">
        <ele>409.293070637621</ele>
        <time>2022-04-12T22:28:01Z</time>
      </trkpt>
      <trkpt lat="34.25705205550556" lon="109.03966666135129">
        <ele>407.3424415597692</ele>
        <time>2022-04-12T22:28:05Z</time>
      </trkpt>
      <trkpt lat="34.25753615498424" lon="109.03950609887308">
        <ele>407.8754820553586</ele>
        <time>2022-04-12T22:28:11Z</time>
      </trkpt>
      <trkpt lat="34.25769881189712" lon="109.03947819561652">
        <ele>408.2006339337677</ele>
        <time>2022-04-12T22:28:13Z</time>
      </trkpt>
      <trkpt lat="34.25787235568559" lon="109.0394239598431">
        <ele>409.08713762369007</ele>
        <time>2022-04-12T22:28:15Z</time>
      </trkpt>
      <trkpt lat="34.25821577231971" lon="109.03936973987159">
        <ele>408.4139493769035</ele>
        <time>2022-04-12T22:28:19Z</time>
      </trkpt>
      <trkpt lat="34.25877685609584" lon="109.0392257589364">
        <ele>408.33457653503865</ele>
        <time>2022-04-12T22:28:25Z</time>
      </trkpt>
      <trkpt lat="34.25936963253481" lon="109.03909236720537">
        <ele>408.4286601450294</ele>
        <time>2022-04-12T22:28:31Z</time>
      </trkpt>
      <trkpt lat="34.259954461881314" lon="109.03896562691254">
        <ele>407.9019207833335</ele>
        <time>2022-04-12T22:28:37Z</time>
      </trkpt>
      <trkpt lat="34.260475523226546" lon="109.0388717367721">
        <ele>406.53029572591186</ele>
        <time>2022-04-12T22:28:43Z</time>
      </trkpt>
      <trkpt lat="34.260953324468915" lon="109.03875918664582">
        <ele>407.2831333493814</ele>
        <time>2022-04-12T22:28:51Z</time>
      </trkpt>
      <trkpt lat="34.26100555073913" lon="109.03877607481328">
        <ele>407.67046551499516</ele>
        <time>2022-04-12T22:29:01Z</time>
      </trkpt>
      <trkpt lat="34.26113461385097" lon="109.03868764333973">
        <ele>408.0551567049697</ele>
        <time>2022-04-12T22:29:50Z</time>
      </trkpt>
      <trkpt lat="34.26166300344472" lon="109.03853271658332">
        <ele>407.69869645591825</ele>
        <time>2022-04-12T22:30:00Z</time>
      </trkpt>
      <trkpt lat="34.2621369344652" lon="109.0383736724876">
        <ele>409.18279698025435</ele>
        <time>2022-04-12T22:30:06Z</time>
      </trkpt>
      <trkpt lat="34.26231493739215" lon="109.03824307240467">
        <ele>408.27341981604695</ele>
        <time>2022-04-12T22:30:08Z</time>
      </trkpt>
      <trkpt lat="34.2628866578425" lon="109.03805133050668">
        <ele>408.99094804842025</ele>
        <time>2022-04-12T22:30:14Z</time>
      </trkpt>
      <trkpt lat="34.26346474036007" lon="109.03788952019049">
        <ele>408.01007743924856</ele>
        <time>2022-04-12T22:30:20Z</time>
      </trkpt>
      <trkpt lat="34.26384586696707" lon="109.03774552685373">
        <ele>407.47544278856367</ele>
        <time>2022-04-12T22:30:24Z</time>
      </trkpt>
      <trkpt lat="34.264425049622794" lon="109.03758881489459">
        <ele>406.84048746339977</ele>
        <time>2022-04-12T22:30:30Z</time>
      </trkpt>
      <trkpt lat="34.2650214671858" lon="109.03741783904725">
        <ele>405.88482054695487</ele>
        <time>2022-04-12T22:30:36Z</time>
      </trkpt>
      <trkpt lat="34.26560485164901" lon="109.03728157240326">
        <ele>404.48279387690127</ele>
        <time>2022-04-12T22:30:42Z</time>
      </trkpt>
      <trkpt lat="34.266001830132716" lon="109.03716214830638">
        <ele>405.8977670436725</ele>
        <time>2022-04-12T22:30:46Z</time>
      </trkpt>
      <trkpt lat="34.26660333269964" lon="109.03701211314045">
        <ele>404.88942014425993</ele>
        <time>2022-04-12T22:30:52Z</time>
      </trkpt>
      <trkpt lat="34.26718896737955" lon="109.03686074403083">
        <ele>404.6748395366594</ele>
        <time>2022-04-12T22:30:58Z</time>
      </trkpt>
      <trkpt lat="34.26777059990372" lon="109.03670870712209">
        <ele>404.78567384090275</ele>
        <time>2022-04-12T22:31:04Z</time>
      </trkpt>
      <trkpt lat="34.268167471902075" lon="109.03659318391232">
        <ele>404.79478849377483</ele>
        <time>2022-04-12T22:31:08Z</time>
      </trkpt>
      <trkpt lat="34.268529337118665" lon="109.03646450734163">
        <ele>404.8022928144783</ele>
        <time>2022-04-12T22:31:12Z</time>
      </trkpt>
      <trkpt lat="34.268719635736204" lon="109.03637919159746">
        <ele>405.161746667698</ele>
        <time>2022-04-12T22:31:14Z</time>
      </trkpt>
      <trkpt lat="34.26890670134412" lon="109.03632107728555">
        <ele>405.5388567438349</ele>
        <time>2022-04-12T22:31:16Z</time>
      </trkpt>
      <trkpt lat="34.26948892725195" lon="109.0362909180431">
        <ele>404.46534926909953</ele>
        <time>2022-04-12T22:31:22Z</time>
      </trkpt>
      <trkpt lat="34.270097782958025" lon="109.03630154794715">
        <ele>403.88335497677326</ele>
        <time>2022-04-12T22:31:28Z</time>
      </trkpt>
      <trkpt lat="34.27059720603223" lon="109.0363320627221">
        <ele>404.00994055438787</ele>
        <time>2022-04-12T22:31:33Z</time>
      </trkpt>
      <trkpt lat="34.27120621901388" lon="109.0363627681056">
        <ele>403.15951203648</ele>
        <time>2022-04-12T22:31:39Z</time>
      </trkpt>
      <trkpt lat="34.27178958729779" lon="109.03630032274933">
        <ele>403.5633078990504</ele>
        <time>2022-04-12T22:31:45Z</time>
      </trkpt>
      <trkpt lat="34.272180789462865" lon="109.03628387348681">
        <ele>404.1943625602871</ele>
        <time>2022-04-12T22:31:49Z</time>
      </trkpt>
      <trkpt lat="34.272768982233615" lon="109.0362146017327">
        <ele>404.51227032765746</ele>
        <time>2022-04-12T22:31:55Z</time>
      </trkpt>
      <trkpt lat="34.27331521265024" lon="109.03612912957045">
        <ele>404.0315243937075</ele>
        <time>2022-04-12T22:32:01Z</time>
      </trkpt>
      <trkpt lat="34.27379409595069" lon="109.03604114607253">
        <ele>402.9964791992679</ele>
        <time>2022-04-12T22:32:07Z</time>
      </trkpt>
      <trkpt lat="34.274242067734484" lon="109.0359331124427">
        <ele>403.1457212558016</ele>
        <time>2022-04-12T22:32:13Z</time>
      </trkpt>
      <trkpt lat="34.27478134006586" lon="109.03578835708325">
        <ele>404.2939321771264</ele>
        <time>2022-04-12T22:32:21Z</time>
      </trkpt>
      <trkpt lat="34.27507097176223" lon="109.03571337896247">
        <ele>403.92261982895434</ele>
        <time>2022-04-12T22:32:31Z</time>
      </trkpt>
      <trkpt lat="34.27514349735276" lon="109.03567000005134">
        <ele>403.60425052419305</ele>
        <time>2022-04-12T22:32:43Z</time>
      </trkpt>
      <trkpt lat="34.27537156193426" lon="109.03556018333714">
        <ele>404.0293177627027</ele>
        <time>2022-04-12T22:33:06Z</time>
      </trkpt>
      <trkpt lat="34.27559707959418" lon="109.0354833424585">
        <ele>403.70402001496404</ele>
        <time>2022-04-12T22:33:10Z</time>
      </trkpt>
      <trkpt lat="34.27607841352745" lon="109.03541473410398">
        <ele>403.6893043573946</ele>
        <time>2022-04-12T22:33:16Z</time>
      </trkpt>
      <trkpt lat="34.27665111425187" lon="109.03536729629735">
        <ele>403.5880309045315</ele>
        <time>2022-04-12T22:33:22Z</time>
      </trkpt>
      <trkpt lat="34.277251319740685" lon="109.03529773232466">
        <ele>403.7848192062229</ele>
        <time>2022-04-12T22:33:28Z</time>
      </trkpt>
      <trkpt lat="34.27785939811389" lon="109.03524254679239">
        <ele>403.5329716578126</ele>
        <time>2022-04-12T22:33:34Z</time>
      </trkpt>
      <trkpt lat="34.2783896781121" lon="109.03520270646749">
        <ele>402.9966899268329</ele>
        <time>2022-04-12T22:33:39Z</time>
      </trkpt>
      <trkpt lat="34.279020484404235" lon="109.03513431164224">
        <ele>402.90187561139464</ele>
        <time>2022-04-12T22:33:45Z</time>
      </trkpt>
      <trkpt lat="34.27945781935669" lon="109.0350781944741">
        <ele>403.67890164256096</ele>
        <time>2022-04-12T22:33:49Z</time>
      </trkpt>
      <trkpt lat="34.280089780423246" lon="109.03503330242657">
        <ele>401.65792922489345</ele>
        <time>2022-04-12T22:33:55Z</time>
      </trkpt>
      <trkpt lat="34.2805224904543" lon="109.0349437380574">
        <ele>400.3024375680834</ele>
        <time>2022-04-12T22:33:59Z</time>
      </trkpt>
      <trkpt lat="34.28095828895007" lon="109.03481776900793">
        <ele>400.037038336508</ele>
        <time>2022-04-12T22:34:03Z</time>
      </trkpt>
      <trkpt lat="34.281370686138246" lon="109.0346283504317">
        <ele>401.0380574259907</ele>
        <time>2022-04-12T22:34:07Z</time>
      </trkpt>
      <trkpt lat="34.281570638782554" lon="109.03452113773659">
        <ele>400.8640933483839</ele>
        <time>2022-04-12T22:34:09Z</time>
      </trkpt>
      <trkpt lat="34.281946940067314" lon="109.03425087857897">
        <ele>401.048877148889</ele>
        <time>2022-04-12T22:34:13Z</time>
      </trkpt>
      <trkpt lat="34.28230703292906" lon="109.03396149044816">
        <ele>399.81579575687647</ele>
        <time>2022-04-12T22:34:17Z</time>
      </trkpt>
      <trkpt lat="34.282663155271266" lon="109.0336480741923">
        <ele>400.3807556917891</ele>
        <time>2022-04-12T22:34:21Z</time>
      </trkpt>
      <trkpt lat="34.28301763622118" lon="109.03333631347235">
        <ele>399.5164435869083</ele>
        <time>2022-04-12T22:34:25Z</time>
      </trkpt>
      <trkpt lat="34.28354187768871" lon="109.03288806335743">
        <ele>399.9384768176824</ele>
        <time>2022-04-12T22:34:31Z</time>
      </trkpt>
      <trkpt lat="34.28405352184807" lon="109.03241080843196">
        <ele>399.9210693202913</ele>
        <time>2022-04-12T22:34:37Z</time>
      </trkpt>
      <trkpt lat="34.28455038979808" lon="109.03197086379268">
        <ele>399.4003287758678</ele>
        <time>2022-04-12T22:34:43Z</time>
      </trkpt>
      <trkpt lat="34.285068451603784" lon="109.03151157218763">
        <ele>400.43994836788625</ele>
        <time>2022-04-12T22:34:49Z</time>
      </trkpt>
      <trkpt lat="34.28543482816042" lon="109.03122480755837">
        <ele>400.117116487585</ele>
        <time>2022-04-12T22:34:53Z</time>
      </trkpt>
      <trkpt lat="34.28582324877435" lon="109.03098481947413">
        <ele>400.7312206896022</ele>
        <time>2022-04-12T22:34:57Z</time>
      </trkpt>
      <trkpt lat="34.286425850158274" lon="109.03073044217433">
        <ele>400.945321129635</ele>
        <time>2022-04-12T22:35:03Z</time>
      </trkpt>
      <trkpt lat="34.286848709992164" lon="109.03057964736256">
        <ele>401.12000548653305</ele>
        <time>2022-04-12T22:35:07Z</time>
      </trkpt>
      <trkpt lat="34.28742555337956" lon="109.0303667024547">
        <ele>401.08708863426</ele>
        <time>2022-04-12T22:35:13Z</time>
      </trkpt>
      <trkpt lat="34.288020990777355" lon="109.0301259786168">
        <ele>401.81763040367514</ele>
        <time>2022-04-12T22:35:19Z</time>
      </trkpt>
      <trkpt lat="34.28844219227143" lon="109.02996777919829">
        <ele>400.8696725573391</ele>
        <time>2022-04-12T22:35:23Z</time>
      </trkpt>
      <trkpt lat="34.28887732731738" lon="109.02983074385554">
        <ele>399.0349844796583</ele>
        <time>2022-04-12T22:35:27Z</time>
      </trkpt>
      <trkpt lat="34.28933395744881" lon="109.029721212289">
        <ele>398.273197514005</ele>
        <time>2022-04-12T22:35:31Z</time>
      </trkpt>
      <trkpt lat="34.28981318742728" lon="109.0296650976549">
        <ele>398.55009509809315</ele>
        <time>2022-04-12T22:35:35Z</time>
      </trkpt>
      <trkpt lat="34.29029024562416" lon="109.02965303121329">
        <ele>399.00563261378556</ele>
        <time>2022-04-12T22:35:39Z</time>
      </trkpt>
      <trkpt lat="34.290524034635794" lon="109.02967792941038">
        <ele>399.19813068397343</ele>
        <time>2022-04-12T22:35:41Z</time>
      </trkpt>
      <trkpt lat="34.29073750408954" lon="109.0297440592707">
        <ele>397.98116282373667</ele>
        <time>2022-04-12T22:35:43Z</time>
      </trkpt>
      <trkpt lat="34.290980218388924" lon="109.02965628980942">
        <ele>398.99810778629035</ele>
        <time>2022-04-12T22:35:45Z</time>
      </trkpt>
      <trkpt lat="34.291213715168674" lon="109.02967968591933">
        <ele>398.889625758864</ele>
        <time>2022-04-12T22:35:47Z</time>
      </trkpt>
      <trkpt lat="34.29164957352674" lon="109.0296875810225">
        <ele>398.69591854326427</ele>
        <time>2022-04-12T22:35:51Z</time>
      </trkpt>
      <trkpt lat="34.29206127082639" lon="109.02964714482763">
        <ele>400.27418945077807</ele>
        <time>2022-04-12T22:35:55Z</time>
      </trkpt>
      <trkpt lat="34.29249275936517" lon="109.02955597106833">
        <ele>398.8711538622156</ele>
        <time>2022-04-12T22:35:59Z</time>
      </trkpt>
      <trkpt lat="34.29292572735369" lon="109.02944770793965">
        <ele>397.38817209750414</ele>
        <time>2022-04-12T22:36:03Z</time>
      </trkpt>
      <trkpt lat="34.293236978992525" lon="109.02934582570569">
        <ele>397.531442373991</ele>
        <time>2022-04-12T22:36:07Z</time>
      </trkpt>
      <trkpt lat="34.29354786733484" lon="109.02931716131958">
        <ele>397.6028399821371</ele>
        <time>2022-04-12T22:36:13Z</time>
      </trkpt>
      <trkpt lat="34.29359174006764" lon="109.02932939064691">
        <ele>397.4105475321412</ele>
        <time>2022-04-12T22:36:23Z</time>
      </trkpt>
      <trkpt lat="34.29388535698439" lon="109.02923025889008">
        <ele>398.60652288235724</ele>
        <time>2022-04-12T22:37:24Z</time>
      </trkpt>
      <trkpt lat="34.29408301073372" lon="109.02914790564236">
        <ele>398.0571107612923</ele>
        <time>2022-04-12T22:37:28Z</time>
      </trkpt>
      <trkpt lat="34.29447187068622" lon="109.0290864992921">
        <ele>397.00008628796786</ele>
        <time>2022-04-12T22:37:34Z</time>
      </trkpt>
      <trkpt lat="34.29496764284219" lon="109.02893505975696">
        <ele>397.4053748808801</ele>
        <time>2022-04-12T22:37:40Z</time>
      </trkpt>
      <trkpt lat="34.29552158692804" lon="109.02879133478129">
        <ele>397.6596712479368</ele>
        <time>2022-04-12T22:37:46Z</time>
      </trkpt>
      <trkpt lat="34.295718146084795" lon="109.02875103551212">
        <ele>397.1216244911775</ele>
        <time>2022-04-12T22:37:48Z</time>
      </trkpt>
      <trkpt lat="34.29623086706735" lon="109.02865377076556">
        <ele>396.61234623007476</ele>
        <time>2022-04-12T22:37:53Z</time>
      </trkpt>
      <trkpt lat="34.29666585905036" lon="109.02859120824378">
        <ele>397.48003617301583</ele>
        <time>2022-04-12T22:37:57Z</time>
      </trkpt>
      <trkpt lat="34.29688607792166" lon="109.02856218727851">
        <ele>396.3777263686061</ele>
        <time>2022-04-12T22:37:59Z</time>
      </trkpt>
      <trkpt lat="34.29710528647908" lon="109.02850065640548">
        <ele>397.67664233315736</ele>
        <time>2022-04-12T22:38:01Z</time>
      </trkpt>
      <trkpt lat="34.297305365885116" lon="109.02846835015617">
        <ele>397.7039917819202</ele>
        <time>2022-04-12T22:38:03Z</time>
      </trkpt>
      <trkpt lat="34.297886244109044" lon="109.02847946326372">
        <ele>396.3716705497354</ele>
        <time>2022-04-12T22:38:09Z</time>
      </trkpt>
      <trkpt lat="34.298307893740436" lon="109.02850472602466">
        <ele>396.4624017672613</ele>
        <time>2022-04-12T22:38:15Z</time>
      </trkpt>
      <trkpt lat="34.29875703104156" lon="109.0285016568131">
        <ele>395.99768992420286</ele>
        <time>2022-04-12T22:38:21Z</time>
      </trkpt>
      <trkpt lat="34.29913581245079" lon="109.02845301037253">
        <ele>396.4889910342172</ele>
        <time>2022-04-12T22:38:25Z</time>
      </trkpt>
      <trkpt lat="34.29977983146849" lon="109.02832769963042">
        <ele>392.32116529531777</ele>
        <time>2022-04-12T22:38:31Z</time>
      </trkpt>
      <trkpt lat="34.30038567892083" lon="109.0282027993876">
        <ele>391.801942945458</ele>
        <time>2022-04-12T22:38:37Z</time>
      </trkpt>
      <trkpt lat="34.30097600093844" lon="109.02808057981541">
        <ele>391.5999902449548</ele>
        <time>2022-04-12T22:38:43Z</time>
      </trkpt>
      <trkpt lat="34.30136345787695" lon="109.02796084494751">
        <ele>392.7723017791286</ele>
        <time>2022-04-12T22:38:47Z</time>
      </trkpt>
      <trkpt lat="34.30155071061999" lon="109.02787503322637">
        <ele>394.3232684535906</ele>
        <time>2022-04-12T22:38:49Z</time>
      </trkpt>
      <trkpt lat="34.30172565301962" lon="109.02776400088611">
        <ele>395.07401208300143</ele>
        <time>2022-04-12T22:38:51Z</time>
      </trkpt>
      <trkpt lat="34.30190496273317" lon="109.02768151425857">
        <ele>393.25518587976694</ele>
        <time>2022-04-12T22:38:53Z</time>
      </trkpt>
      <trkpt lat="34.30223437257766" lon="109.0274242979512">
        <ele>392.1429435927421</ele>
        <time>2022-04-12T22:38:57Z</time>
      </trkpt>
      <trkpt lat="34.302687846842346" lon="109.0269550189144">
        <ele>391.6834118962288</ele>
        <time>2022-04-12T22:39:03Z</time>
      </trkpt>
      <trkpt lat="34.30310073632539" lon="109.02644496474022">
        <ele>392.01230827718973</ele>
        <time>2022-04-12T22:39:09Z</time>
      </trkpt>
      <trkpt lat="34.30332810643143" lon="109.02606026967068">
        <ele>392.74837355222553</ele>
        <time>2022-04-12T22:39:13Z</time>
      </trkpt>
      <trkpt lat="34.303619256725554" lon="109.02545101111689">
        <ele>393.94403838552535</ele>
        <time>2022-04-12T22:39:19Z</time>
      </trkpt>
      <trkpt lat="34.30371733651981" lon="109.02524818519784">
        <ele>393.6502273986116</ele>
        <time>2022-04-12T22:39:21Z</time>
      </trkpt>
      <trkpt lat="34.303959502747304" lon="109.0248660406695">
        <ele>393.195866654627</ele>
        <time>2022-04-12T22:39:25Z</time>
      </trkpt>
      <trkpt lat="34.30438802737422" lon="109.02436779131226">
        <ele>392.6475461553782</ele>
        <time>2022-04-12T22:39:31Z</time>
      </trkpt>
      <trkpt lat="34.30473444126921" lon="109.02414165346325">
        <ele>393.64922321401536</ele>
        <time>2022-04-12T22:39:35Z</time>
      </trkpt>
      <trkpt lat="34.30510822420111" lon="109.02397925445577">
        <ele>394.2469231951982</ele>
        <time>2022-04-12T22:39:39Z</time>
      </trkpt>
      <trkpt lat="34.305301023049836" lon="109.02391907263193">
        <ele>394.2682805536315</ele>
        <time>2022-04-12T22:39:41Z</time>
      </trkpt>
      <trkpt lat="34.30594836605342" lon="109.02389411129349">
        <ele>393.6111354380846</ele>
        <time>2022-04-12T22:39:47Z</time>
      </trkpt>
      <trkpt lat="34.30638617580492" lon="109.02389342324744">
        <ele>393.0106203434989</ele>
        <time>2022-04-12T22:39:51Z</time>
      </trkpt>
      <trkpt lat="34.30661011317511" lon="109.0238942338138">
        <ele>392.75000867806375</ele>
        <time>2022-04-12T22:39:53Z</time>
      </trkpt>
      <trkpt lat="34.30705322511199" lon="109.0239237340038">
        <ele>391.2565602818504</ele>
        <time>2022-04-12T22:39:57Z</time>
      </trkpt>
      <trkpt lat="34.3075024275632" lon="109.02393126966476">
        <ele>391.12750408705324</ele>
        <time>2022-04-12T22:40:01Z</time>
      </trkpt>
      <trkpt lat="34.307945310539914" lon="109.02393858948123">
        <ele>390.38598170969635</ele>
        <time>2022-04-12T22:40:05Z</time>
      </trkpt>
      <trkpt lat="34.30838155334941" lon="109.02395071985818">
        <ele>389.9798054192215</ele>
        <time>2022-04-12T22:40:09Z</time>
      </trkpt>
      <trkpt lat="34.30857236454157" lon="109.02394302933587">
        <ele>389.7332029091194</ele>
        <time>2022-04-12T22:40:11Z</time>
      </trkpt>
      <trkpt lat="34.30902683718001" lon="109.02406492637836">
        <ele>389.83285230211914</ele>
        <time>2022-04-12T22:40:17Z</time>
      </trkpt>
      <trkpt lat="34.30935026933001" lon="109.02421357678">
        <ele>390.2121948078275</ele>
        <time>2022-04-12T22:40:21Z</time>
      </trkpt>
      <trkpt lat="34.309833531109035" lon="109.0246157699332">
        <ele>391.0480914982036</ele>
        <time>2022-04-12T22:40:27Z</time>
      </trkpt>
      <trkpt lat="34.31010949201247" lon="109.02494231552737">
        <ele>390.57823151070625</ele>
        <time>2022-04-12T22:40:31Z</time>
      </trkpt>
      <trkpt lat="34.31044345026214" lon="109.02522615508148">
        <ele>391.7205759715289</ele>
        <time>2022-04-12T22:40:35Z</time>
      </trkpt>
      <trkpt lat="34.310623238073454" lon="109.02533976134218">
        <ele>391.59691335540265</ele>
        <time>2022-04-12T22:40:37Z</time>
      </trkpt>
      <trkpt lat="34.31081691138685" lon="109.02542429908576">
        <ele>391.2232099380344</ele>
        <time>2022-04-12T22:40:39Z</time>
      </trkpt>
      <trkpt lat="34.311031344184656" lon="109.02544349760403">
        <ele>393.0295168515295</ele>
        <time>2022-04-12T22:40:41Z</time>
      </trkpt>
      <trkpt lat="34.31124150160587" lon="109.02543792195645">
        <ele>392.67582707852125</ele>
        <time>2022-04-12T22:40:43Z</time>
      </trkpt>
      <trkpt lat="34.31145383639537" lon="109.02539402414816">
        <ele>392.31231660209596</ele>
        <time>2022-04-12T22:40:45Z</time>
      </trkpt>
      <trkpt lat="34.31165897405485" lon="109.02531048627274">
        <ele>392.67623950727284</ele>
        <time>2022-04-12T22:40:47Z</time>
      </trkpt>
      <trkpt lat="34.31204211437425" lon="109.02508077275942">
        <ele>390.49994897376746</ele>
        <time>2022-04-12T22:40:51Z</time>
      </trkpt>
      <trkpt lat="34.312420646704346" lon="109.02480308660576">
        <ele>391.43792296852916</ele>
        <time>2022-04-12T22:40:55Z</time>
      </trkpt>
      <trkpt lat="34.31281985327555" lon="109.02454115697921">
        <ele>392.4076002687216</ele>
        <time>2022-04-12T22:40:59Z</time>
      </trkpt>
      <trkpt lat="34.31317922188208" lon="109.02425998471978">
        <ele>392.2536392500624</ele>
        <time>2022-04-12T22:41:03Z</time>
      </trkpt>
      <trkpt lat="34.31369416692885" lon="109.02389331276505">
        <ele>392.107309195213</ele>
        <time>2022-04-12T22:41:09Z</time>
      </trkpt>
      <trkpt lat="34.31418049732401" lon="109.02353093649666">
        <ele>391.9262306727469</ele>
        <time>2022-04-12T22:41:15Z</time>
      </trkpt>
      <trkpt lat="34.31469490507583" lon="109.02311395287103">
        <ele>391.4405722655356</ele>
        <time>2022-04-12T22:41:21Z</time>
      </trkpt>
      <trkpt lat="34.314884169524184" lon="109.02296323270768">
        <ele>391.37257721088827</ele>
        <time>2022-04-12T22:41:23Z</time>
      </trkpt>
      <trkpt lat="34.31504965798752" lon="109.02280448864849">
        <ele>390.9348922986537</ele>
        <time>2022-04-12T22:41:25Z</time>
      </trkpt>
      <trkpt lat="34.315328582526085" lon="109.02261063106151">
        <ele>390.47447012457997</ele>
        <time>2022-04-12T22:41:29Z</time>
      </trkpt>
      <trkpt lat="34.31561621504438" lon="109.02232896340631">
        <ele>390.7759092794731</ele>
        <time>2022-04-12T22:41:35Z</time>
      </trkpt>
      <trkpt lat="34.31573102622139" lon="109.0222848307293">
        <ele>391.16952973324805</ele>
        <time>2022-04-12T22:41:39Z</time>
      </trkpt>
      <trkpt lat="34.31590245397705" lon="109.02213327450015">
        <ele>391.05254500731826</ele>
        <time>2022-04-12T22:41:43Z</time>
      </trkpt>
      <trkpt lat="34.31628245397849" lon="109.02194270851516">
        <ele>390.5039390893653</ele>
        <time>2022-04-12T22:41:49Z</time>
      </trkpt>
      <trkpt lat="34.316557895598656" lon="109.02184558824226">
        <ele>390.6067055426538</ele>
        <time>2022-04-12T22:41:53Z</time>
      </trkpt>
      <trkpt lat="34.317011933599005" lon="109.0217656569245">
        <ele>390.29688009247184</ele>
        <time>2022-04-12T22:41:59Z</time>
      </trkpt>
      <trkpt lat="34.31751851665578" lon="109.02170427974491">
        <ele>391.29401514306664</ele>
        <time>2022-04-12T22:42:05Z</time>
      </trkpt>
      <trkpt lat="34.31807791035671" lon="109.02163646854694">
        <ele>390.0985800419003</ele>
        <time>2022-04-12T22:42:11Z</time>
      </trkpt>
      <trkpt lat="34.31864805561586" lon="109.02156505253578">
        <ele>389.5918075069785</ele>
        <time>2022-04-12T22:42:17Z</time>
      </trkpt>
      <trkpt lat="34.31883085153602" lon="109.0215354729832">
        <ele>391.1209183325991</ele>
        <time>2022-04-12T22:42:19Z</time>
      </trkpt>
      <trkpt lat="34.31940591536113" lon="109.02153619190425">
        <ele>390.40522506274283</ele>
        <time>2022-04-12T22:42:25Z</time>
      </trkpt>
      <trkpt lat="34.31999998889677" lon="109.02159044380389">
        <ele>389.3395825829357</ele>
        <time>2022-04-12T22:42:31Z</time>
      </trkpt>
      <trkpt lat="34.32040997043192" lon="109.02162115775347">
        <ele>390.56895448081195</ele>
        <time>2022-04-12T22:42:35Z</time>
      </trkpt>
      <trkpt lat="34.32100847648105" lon="109.02171306269973">
        <ele>390.0653356751427</ele>
        <time>2022-04-12T22:42:41Z</time>
      </trkpt>
      <trkpt lat="34.32158327418" lon="109.02179450791392">
        <ele>389.9124542558566</ele>
        <time>2022-04-12T22:42:47Z</time>
      </trkpt>
      <trkpt lat="34.32214722409396" lon="109.02187261370224">
        <ele>389.05021194089204</ele>
        <time>2022-04-12T22:42:53Z</time>
      </trkpt>
      <trkpt lat="34.32275326209529" lon="109.02192865489317">
        <ele>388.8778146998957</ele>
        <time>2022-04-12T22:42:59Z</time>
      </trkpt>
      <trkpt lat="34.322957502315425" lon="109.02193667135825">
        <ele>388.4065532432869</ele>
        <time>2022-04-12T22:43:01Z</time>
      </trkpt>
      <trkpt lat="34.32358636881551" lon="109.02189075745096">
        <ele>390.4088221611455</ele>
        <time>2022-04-12T22:43:07Z</time>
      </trkpt>
      <trkpt lat="34.3238056111614" lon="109.02188327227502">
        <ele>389.4035011595115</ele>
        <time>2022-04-12T22:43:09Z</time>
      </trkpt>
      <trkpt lat="34.32403143568994" lon="109.02185264571794">
        <ele>388.5680782869458</ele>
        <time>2022-04-12T22:43:11Z</time>
      </trkpt>
      <trkpt lat="34.324259235690455" lon="109.02179430506793">
        <ele>387.5921479668468</ele>
        <time>2022-04-12T22:43:13Z</time>
      </trkpt>
      <trkpt lat="34.32471179025769" lon="109.02163195423002">
        <ele>386.93516928423196</ele>
        <time>2022-04-12T22:43:17Z</time>
      </trkpt>
      <trkpt lat="34.32516650127527" lon="109.02145652568333">
        <ele>387.5969968261197</ele>
        <time>2022-04-12T22:43:21Z</time>
      </trkpt>
      <trkpt lat="34.32558507028113" lon="109.02116926348407">
        <ele>387.8348657442257</ele>
        <time>2022-04-12T22:43:25Z</time>
      </trkpt>
      <trkpt lat="34.32599784177261" lon="109.02086312439093">
        <ele>388.51606880966574</ele>
        <time>2022-04-12T22:43:29Z</time>
      </trkpt>
      <trkpt lat="34.32620219618691" lon="109.02070381155622">
        <ele>388.41048340220004</ele>
        <time>2022-04-12T22:43:31Z</time>
      </trkpt>
      <trkpt lat="34.3265719796487" lon="109.02032074387397">
        <ele>389.2405578503385</ele>
        <time>2022-04-12T22:43:35Z</time>
      </trkpt>
      <trkpt lat="34.32674203495459" lon="109.02011667784306">
        <ele>389.0227392744273</ele>
        <time>2022-04-12T22:43:37Z</time>
      </trkpt>
      <trkpt lat="34.327029110783826" lon="109.01968491800264">
        <ele>389.5751233920455</ele>
        <time>2022-04-12T22:43:41Z</time>
      </trkpt>
      <trkpt lat="34.32737185988348" lon="109.01913696295709">
        <ele>387.1922287642956</ele>
        <time>2022-04-12T22:43:47Z</time>
      </trkpt>
      <trkpt lat="34.32761750167203" lon="109.018716441983">
        <ele>388.5604484723881</ele>
        <time>2022-04-12T22:43:53Z</time>
      </trkpt>
      <trkpt lat="34.32784826754235" lon="109.01826446545319">
        <ele>387.96632730867714</ele>
        <time>2022-04-12T22:43:59Z</time>
      </trkpt>
      <trkpt lat="34.32802927609037" lon="109.01796623671025">
        <ele>387.3495156224817</ele>
        <time>2022-04-12T22:44:03Z</time>
      </trkpt>
      <trkpt lat="34.32833132268595" lon="109.01751161313904">
        <ele>388.9729177262634</ele>
        <time>2022-04-12T22:44:09Z</time>
      </trkpt>
      <trkpt lat="34.328650097505694" lon="109.01697888202554">
        <ele>388.52413030248135</ele>
        <time>2022-04-12T22:44:15Z</time>
      </trkpt>
      <trkpt lat="34.3289921864257" lon="109.0164252543372">
        <ele>388.451988177374</ele>
        <time>2022-04-12T22:44:21Z</time>
      </trkpt>
      <trkpt lat="34.32922493658283" lon="109.01600482236314">
        <ele>390.50112607423216</ele>
        <time>2022-04-12T22:44:25Z</time>
      </trkpt>
      <trkpt lat="34.32937257425357" lon="109.015796030016">
        <ele>387.76056234538555</ele>
        <time>2022-04-12T22:44:27Z</time>
      </trkpt>
      <trkpt lat="34.32970619090643" lon="109.01540320900455">
        <ele>387.00553313083947</ele>
        <time>2022-04-12T22:44:31Z</time>
      </trkpt>
      <trkpt lat="34.3298911702168" lon="109.01520349688022">
        <ele>386.9587048199028</ele>
        <time>2022-04-12T22:44:33Z</time>
      </trkpt>
      <trkpt lat="34.330269241012346" lon="109.01485759677558">
        <ele>387.250494399108</ele>
        <time>2022-04-12T22:44:37Z</time>
      </trkpt>
      <trkpt lat="34.330460514120354" lon="109.01469899018879">
        <ele>387.8197478754446</ele>
        <time>2022-04-12T22:44:39Z</time>
      </trkpt>
      <trkpt lat="34.33083640107801" lon="109.01442236841405">
        <ele>388.77968047279865</ele>
        <time>2022-04-12T22:44:43Z</time>
      </trkpt>
      <trkpt lat="34.33100304804252" lon="109.01427837259779">
        <ele>387.43816986493766</ele>
        <time>2022-04-12T22:44:45Z</time>
      </trkpt>
      <trkpt lat="34.33149241229669" lon="109.01394532033316">
        <ele>386.9496694589034</ele>
        <time>2022-04-12T22:44:51Z</time>
      </trkpt>
      <trkpt lat="34.33191668679913" lon="109.01364840287359">
        <ele>386.3530241018161</ele>
        <time>2022-04-12T22:44:57Z</time>
      </trkpt>
      <trkpt lat="34.33233585454027" lon="109.01331512379224">
        <ele>387.55871052108705</ele>
        <time>2022-04-12T22:45:07Z</time>
      </trkpt>
      <trkpt lat="34.33237036664017" lon="109.01323354169122">
        <ele>388.4436018541455</ele>
        <time>2022-04-12T22:45:11Z</time>
      </trkpt>
      <trkpt lat="34.33225884696253" lon="109.01297169722675">
        <ele>388.3688225597143</ele>
        <time>2022-04-12T22:45:17Z</time>
      </trkpt>
      <trkpt lat="34.33224643840981" lon="109.01287583102865">
        <ele>388.7759142424911</ele>
        <time>2022-04-12T22:45:25Z</time>
      </trkpt>
      <trkpt lat="34.33238016147429" lon="109.01271137833875">
        <ele>388.88717586081475</ele>
        <time>2022-04-12T22:45:34Z</time>
      </trkpt>
      <trkpt lat="34.33243957799337" lon="109.01261906007885">
        <ele>388.5291961673647</ele>
        <time>2022-04-12T22:45:36Z</time>
      </trkpt>
      <trkpt lat="34.33242756216542" lon="109.01248914699417">
        <ele>388.362671751529</ele>
        <time>2022-04-12T22:45:38Z</time>
      </trkpt>
      <trkpt lat="34.33227980185443" lon="109.01221893859599">
        <ele>387.8963021049276</ele>
        <time>2022-04-12T22:45:42Z</time>
      </trkpt>
      <trkpt lat="34.332120551308755" lon="109.01169939170883">
        <ele>386.66978399362415</ele>
        <time>2022-04-12T22:45:48Z</time>
      </trkpt>
      <trkpt lat="34.3319446944774" lon="109.01118661032476">
        <ele>387.2606860799715</ele>
        <time>2022-04-12T22:45:54Z</time>
      </trkpt>
      <trkpt lat="34.331811658431704" lon="109.01063537987311">
        <ele>386.3165069874376</ele>
        <time>2022-04-12T22:46:00Z</time>
      </trkpt>
      <trkpt lat="34.331701806772045" lon="109.01009830439114">
        <ele>385.8493268331513</ele>
        <time>2022-04-12T22:46:06Z</time>
      </trkpt>
      <trkpt lat="34.33166311629702" lon="109.00973614374412">
        <ele>387.15751814935356</ele>
        <time>2022-04-12T22:46:10Z</time>
      </trkpt>
      <trkpt lat="34.3316456354495" lon="109.00906551633233">
        <ele>385.713065831922</ele>
        <time>2022-04-12T22:46:17Z</time>
      </trkpt>
      <trkpt lat="34.331642238623004" lon="109.00849512785585">
        <ele>384.32534955628216</ele>
        <time>2022-04-12T22:46:23Z</time>
      </trkpt>
      <trkpt lat="34.33164562786904" lon="109.0079402614927">
        <ele>385.56427235901356</ele>
        <time>2022-04-12T22:46:29Z</time>
      </trkpt>
      <trkpt lat="34.33164972391113" lon="109.00737111569427">
        <ele>387.09527976438403</ele>
        <time>2022-04-12T22:46:35Z</time>
      </trkpt>
      <trkpt lat="34.331674210381316" lon="109.00680740869532">
        <ele>387.69604811351746</ele>
        <time>2022-04-12T22:46:41Z</time>
      </trkpt>
      <trkpt lat="34.3316843041605" lon="109.00623663240312">
        <ele>387.48615110851824</ele>
        <time>2022-04-12T22:46:47Z</time>
      </trkpt>
      <trkpt lat="34.331693962497575" lon="109.00568250200885">
        <ele>387.3925851499662</ele>
        <time>2022-04-12T22:46:53Z</time>
      </trkpt>
      <trkpt lat="34.331711749548006" lon="109.00505594443268">
        <ele>387.36024729255587</ele>
        <time>2022-04-12T22:47:01Z</time>
      </trkpt>
      <trkpt lat="34.33169532383068" lon="109.00484443188012">
        <ele>386.9282950311899</ele>
        <time>2022-04-12T22:47:05Z</time>
      </trkpt>
      <trkpt lat="34.33172733054214" lon="109.00470664777784">
        <ele>386.18004192225635</ele>
        <time>2022-04-12T22:47:15Z</time>
      </trkpt>
      <trkpt lat="34.33178570743015" lon="109.00448815663749">
        <ele>386.9957411903888</ele>
        <time>2022-04-12T22:47:50Z</time>
      </trkpt>
      <trkpt lat="34.33179877434125" lon="109.00384453170035">
        <ele>387.3570975828916</ele>
        <time>2022-04-12T22:48:00Z</time>
      </trkpt>
      <trkpt lat="34.33182485063132" lon="109.00317416603853">
        <ele>387.5293631507084</ele>
        <time>2022-04-12T22:48:08Z</time>
      </trkpt>
      <trkpt lat="34.331839732442106" lon="109.00265372501117">
        <ele>388.3848355906084</ele>
        <time>2022-04-12T22:48:14Z</time>
      </trkpt>
      <trkpt lat="34.33183117338167" lon="109.00188849322754">
        <ele>388.92754886019975</ele>
        <time>2022-04-12T22:48:23Z</time>
      </trkpt>
      <trkpt lat="34.331841954349855" lon="109.00136746959112">
        <ele>389.47138685453683</ele>
        <time>2022-04-12T22:48:29Z</time>
      </trkpt>
      <trkpt lat="34.33185171599486" lon="109.00083752243198">
        <ele>389.8323733024299</ele>
        <time>2022-04-12T22:48:35Z</time>
      </trkpt>
      <trkpt lat="34.33185858844178" lon="109.0003175275127">
        <ele>390.5586907370016</ele>
        <time>2022-04-12T22:48:41Z</time>
      </trkpt>
      <trkpt lat="34.331889570238424" lon="108.99965132351652">
        <ele>391.38836396485567</ele>
        <time>2022-04-12T22:48:49Z</time>
      </trkpt>
      <trkpt lat="34.33184742894187" lon="108.99903383172125">
        <ele>392.1348944781348</ele>
        <time>2022-04-12T22:48:57Z</time>
      </trkpt>
      <trkpt lat="34.33181748736882" lon="108.99863734421145">
        <ele>391.8458989933133</ele>
        <time>2022-04-12T22:49:03Z</time>
      </trkpt>
      <trkpt lat="34.3316588736623" lon="108.99801158381423">
        <ele>391.98499791137874</ele>
        <time>2022-04-12T22:49:11Z</time>
      </trkpt>
      <trkpt lat="34.33150984045445" lon="108.99751292221778">
        <ele>391.99603207129985</ele>
        <time>2022-04-12T22:49:17Z</time>
      </trkpt>
      <trkpt lat="34.331366855053915" lon="108.99699814092415">
        <ele>392.0265626637265</ele>
        <time>2022-04-12T22:49:23Z</time>
      </trkpt>
      <trkpt lat="34.33122017298278" lon="108.9964848463461">
        <ele>391.7380889840424</ele>
        <time>2022-04-12T22:49:29Z</time>
      </trkpt>
      <trkpt lat="34.331047306979364" lon="108.99598184753694">
        <ele>392.367324414663</ele>
        <time>2022-04-12T22:49:35Z</time>
      </trkpt>
      <trkpt lat="34.33093826403172" lon="108.99546375761173">
        <ele>393.2968629412353</ele>
        <time>2022-04-12T22:49:41Z</time>
      </trkpt>
      <trkpt lat="34.33092064388411" lon="108.99493598145504">
        <ele>393.3004919318482</ele>
        <time>2022-04-12T22:49:47Z</time>
      </trkpt>
      <trkpt lat="34.33092172969092" lon="108.99474646674129">
        <ele>392.8800130998716</ele>
        <time>2022-04-12T22:49:49Z</time>
      </trkpt>
      <trkpt lat="34.33100461026418" lon="108.99453949303148">
        <ele>392.65942100808024</ele>
        <time>2022-04-12T22:49:51Z</time>
      </trkpt>
      <trkpt lat="34.33104598117575" lon="108.99416051196337">
        <ele>394.2591455979273</ele>
        <time>2022-04-12T22:49:55Z</time>
      </trkpt>
      <trkpt lat="34.330950207298166" lon="108.99380597462083">
        <ele>393.3489408772439</ele>
        <time>2022-04-12T22:49:59Z</time>
      </trkpt>
      <trkpt lat="34.33091501741968" lon="108.99359973341141">
        <ele>393.0543042914942</ele>
        <time>2022-04-12T22:50:01Z</time>
      </trkpt>
      <trkpt lat="34.330935362338785" lon="108.99342565575678">
        <ele>393.429441312328</ele>
        <time>2022-04-12T22:50:03Z</time>
      </trkpt>
      <trkpt lat="34.33092934444698" lon="108.99304438796996">
        <ele>393.0370342442766</ele>
        <time>2022-04-12T22:50:07Z</time>
      </trkpt>
      <trkpt lat="34.33093651946851" lon="108.99244245887046">
        <ele>392.50032725650817</ele>
        <time>2022-04-12T22:50:13Z</time>
      </trkpt>
      <trkpt lat="34.33094740253479" lon="108.99207345440473">
        <ele>392.4587546167895</ele>
        <time>2022-04-12T22:50:17Z</time>
      </trkpt>
      <trkpt lat="34.330970115209176" lon="108.99189384219234">
        <ele>392.9705826668069</ele>
        <time>2022-04-12T22:50:19Z</time>
      </trkpt>
      <trkpt lat="34.33093363622628" lon="108.99171679346532">
        <ele>391.43164197169244</ele>
        <time>2022-04-12T22:50:21Z</time>
      </trkpt>
      <trkpt lat="34.3309363515193" lon="108.99138988758816">
        <ele>390.8660283954814</ele>
        <time>2022-04-12T22:50:25Z</time>
      </trkpt>
      <trkpt lat="34.33102624510478" lon="108.99131369814877">
        <ele>391.4095907099545</ele>
        <time>2022-04-12T22:50:27Z</time>
      </trkpt>
      <trkpt lat="34.331254109885954" lon="108.99128456903884">
        <ele>391.31982141081244</ele>
        <time>2022-04-12T22:50:31Z</time>
      </trkpt>
      <trkpt lat="34.33163719573943" lon="108.99128129199246">
        <ele>392.4108436796814</ele>
        <time>2022-04-12T22:50:37Z</time>
      </trkpt>
      <trkpt lat="34.332216601448984" lon="108.99126496718695">
        <ele>392.3175373794511</ele>
        <time>2022-04-12T22:50:45Z</time>
      </trkpt>
      <trkpt lat="34.33262118138327" lon="108.99122246484534">
        <ele>392.5987190371379</ele>
        <time>2022-04-12T22:50:51Z</time>
      </trkpt>
      <trkpt lat="34.33307100694818" lon="108.99121341349581">
        <ele>394.4947173940018</ele>
        <time>2022-04-12T22:50:57Z</time>
      </trkpt>
      <trkpt lat="34.33351660753711" lon="108.99116152318815">
        <ele>393.02886636555195</ele>
        <time>2022-04-12T22:51:03Z</time>
      </trkpt>
      <trkpt lat="34.333964380974905" lon="108.99117003657392">
        <ele>393.54148149490356</ele>
        <time>2022-04-12T22:51:09Z</time>
      </trkpt>
      <trkpt lat="34.334407640484784" lon="108.99117215603326">
        <ele>394.2442540470511</ele>
        <time>2022-04-12T22:51:15Z</time>
      </trkpt>
      <trkpt lat="34.334849931928986" lon="108.99115784019445">
        <ele>394.98744622431695</ele>
        <time>2022-04-12T22:51:21Z</time>
      </trkpt>
      <trkpt lat="34.33530245598498" lon="108.99116653845854">
        <ele>394.6190753346309</ele>
        <time>2022-04-12T22:51:27Z</time>
      </trkpt>
      <trkpt lat="34.335755320247934" lon="108.99115044982376">
        <ele>394.2712881471962</ele>
        <time>2022-04-12T22:51:33Z</time>
      </trkpt>
      <trkpt lat="34.336048835543494" lon="108.99113846981433">
        <ele>395.0515222530812</ele>
        <time>2022-04-12T22:51:37Z</time>
      </trkpt>
      <trkpt lat="34.336174782676395" lon="108.9910879379765">
        <ele>394.3030094783753</ele>
        <time>2022-04-12T22:51:39Z</time>
      </trkpt>
      <trkpt lat="34.33629109856583" lon="108.99098762454351">
        <ele>393.79876773338765</ele>
        <time>2022-04-12T22:51:41Z</time>
      </trkpt>
      <trkpt lat="34.33668619127339" lon="108.99082363867353">
        <ele>394.0991759216413</ele>
        <time>2022-04-12T22:51:47Z</time>
      </trkpt>
      <trkpt lat="34.33682235132034" lon="108.99080681203627">
        <ele>394.74253880418837</ele>
        <time>2022-04-12T22:51:49Z</time>
      </trkpt>
      <trkpt lat="34.337073548674425" lon="108.99082007740604">
        <ele>393.173587564379</ele>
        <time>2022-04-12T22:51:53Z</time>
      </trkpt>
      <trkpt lat="34.337111956140916" lon="108.99066572345792">
        <ele>393.2202260605991</ele>
        <time>2022-04-12T22:51:57Z</time>
      </trkpt>
      <trkpt lat="34.33704560527749" lon="108.99041636196392">
        <ele>393.74789305590093</ele>
        <time>2022-04-12T22:52:01Z</time>
      </trkpt>
      <trkpt lat="34.33691867670133" lon="108.99037223507223">
        <ele>393.9062295863405</ele>
        <time>2022-04-12T22:52:05Z</time>
      </trkpt>
      <trkpt lat="34.336597831565335" lon="108.9903614224782">
        <ele>393.81001970916986</ele>
        <time>2022-04-12T22:52:11Z</time>
      </trkpt>
      <trkpt lat="34.336341947372496" lon="108.99038918978025">
        <ele>393.6530644595623</ele>
        <time>2022-04-12T22:52:15Z</time>
      </trkpt>
      <trkpt lat="34.335765380228004" lon="108.99039956730859">
        <ele>393.59383923280984</ele>
        <time>2022-04-12T22:52:23Z</time>
      </trkpt>
      <trkpt lat="34.335320259010714" lon="108.99039415935596">
        <ele>394.9849452394992</ele>
        <time>2022-04-12T22:52:29Z</time>
      </trkpt>
      <trkpt lat="34.33488638196962" lon="108.99041618413453">
        <ele>394.556467814371</ele>
        <time>2022-04-12T22:52:35Z</time>
      </trkpt>
      <trkpt lat="34.33444209894564" lon="108.99043566060202">
        <ele>394.1964244581759</ele>
        <time>2022-04-12T22:52:41Z</time>
      </trkpt>
      <trkpt lat="34.33396545179349" lon="108.99044586243659">
        <ele>394.85492326691747</ele>
        <time>2022-04-12T22:52:47Z</time>
      </trkpt>
      <trkpt lat="34.33365598700938" lon="108.99046231883489">
        <ele>394.6213357904926</ele>
        <time>2022-04-12T22:52:51Z</time>
      </trkpt>
      <trkpt lat="34.33322627392234" lon="108.99041736210528">
        <ele>395.04317157529294</ele>
        <time>2022-04-12T22:52:57Z</time>
      </trkpt>
      <trkpt lat="34.33310288932533" lon="108.990366115121">
        <ele>395.1108828596771</ele>
        <time>2022-04-12T22:52:59Z</time>
      </trkpt>
      <trkpt lat="34.332714901244884" lon="108.99027382999546">
        <ele>394.4530007233843</ele>
        <time>2022-04-12T22:53:05Z</time>
      </trkpt>
      <trkpt lat="34.33255198630588" lon="108.99029588193324">
        <ele>394.1989129045978</ele>
        <time>2022-04-12T22:53:07Z</time>
      </trkpt>
      <trkpt lat="34.33209260843698" lon="108.99032682067117">
        <ele>393.0787975639105</ele>
        <time>2022-04-12T22:53:13Z</time>
      </trkpt>
      <trkpt lat="34.331620676700844" lon="108.99033538524223">
        <ele>392.2762021915987</ele>
        <time>2022-04-12T22:53:19Z</time>
      </trkpt>
      <trkpt lat="34.331471313023364" lon="108.99045570635087">
        <ele>391.7421234007925</ele>
        <time>2022-04-12T22:53:21Z</time>
      </trkpt>
      <trkpt lat="34.331321961059565" lon="108.99032952097673">
        <ele>392.34107686951756</ele>
        <time>2022-04-12T22:53:23Z</time>
      </trkpt>
      <trkpt lat="34.33117994683706" lon="108.99034351578914">
        <ele>391.81195577885956</ele>
        <time>2022-04-12T22:53:25Z</time>
      </trkpt>
      <trkpt lat="34.330923578014165" lon="108.99029090874522">
        <ele>391.00517123099416</ele>
        <time>2022-04-12T22:53:29Z</time>
      </trkpt>
      <trkpt lat="34.33086098868421" lon="108.99023654479028">
        <ele>390.7596061145887</ele>
        <time>2022-04-12T22:53:31Z</time>
      </trkpt>
      <trkpt lat="34.330857267425934" lon="108.99014180068916">
        <ele>391.429497346282</ele>
        <time>2022-04-12T22:53:33Z</time>
      </trkpt>
      <trkpt lat="34.330897931550304" lon="108.98961360505001">
        <ele>391.7238758234307</ele>
        <time>2022-04-12T22:53:41Z</time>
      </trkpt>
      <trkpt lat="34.33089819601791" lon="108.98943634396394">
        <ele>392.44145224709064</ele>
        <time>2022-04-12T22:53:43Z</time>
      </trkpt>
      <trkpt lat="34.330879531499384" lon="108.98928035753508">
        <ele>392.2377076074481</ele>
        <time>2022-04-12T22:53:45Z</time>
      </trkpt>
      <trkpt lat="34.33088523657153" lon="108.98892332804041">
        <ele>392.5314432270825</ele>
        <time>2022-04-12T22:53:49Z</time>
      </trkpt>
      <trkpt lat="34.330962526014744" lon="108.98840513534317">
        <ele>392.3650820525363</ele>
        <time>2022-04-12T22:53:55Z</time>
      </trkpt>
      <trkpt lat="34.33095775464744" lon="108.98791185826842">
        <ele>391.87215311452746</ele>
        <time>2022-04-12T22:54:01Z</time>
      </trkpt>
      <trkpt lat="34.33093148749364" lon="108.98771148161214">
        <ele>393.380062087439</ele>
        <time>2022-04-12T22:54:03Z</time>
      </trkpt>
      <trkpt lat="34.33094609284037" lon="108.98751763977769">
        <ele>392.96946349646896</ele>
        <time>2022-04-12T22:54:05Z</time>
      </trkpt>
      <trkpt lat="34.33089668431853" lon="108.98716165792295">
        <ele>392.24943956546485</ele>
        <time>2022-04-12T22:54:09Z</time>
      </trkpt>
      <trkpt lat="34.33094770317171" lon="108.98661306020894">
        <ele>393.4085611999035</ele>
        <time>2022-04-12T22:54:15Z</time>
      </trkpt>
      <trkpt lat="34.33099262509292" lon="108.98607350306246">
        <ele>392.7371692759916</ele>
        <time>2022-04-12T22:54:21Z</time>
      </trkpt>
      <trkpt lat="34.331014166186854" lon="108.9858518338131">
        <ele>393.8929424304515</ele>
        <time>2022-04-12T22:54:23Z</time>
      </trkpt>
      <trkpt lat="34.331064937172236" lon="108.98569719059076">
        <ele>393.7367599979043</ele>
        <time>2022-04-12T22:54:25Z</time>
      </trkpt>
      <trkpt lat="34.33095412466845" lon="108.98534214870091">
        <ele>393.02675282675773</ele>
        <time>2022-04-12T22:54:29Z</time>
      </trkpt>
      <trkpt lat="34.33099663442882" lon="108.98517117608058">
        <ele>393.2860011924058</ele>
        <time>2022-04-12T22:54:31Z</time>
      </trkpt>
      <trkpt lat="34.33102131201735" lon="108.9848084311511">
        <ele>394.0810342449695</ele>
        <time>2022-04-12T22:54:35Z</time>
      </trkpt>
      <trkpt lat="34.331000404104486" lon="108.98464970189895">
        <ele>394.0572274690494</ele>
        <time>2022-04-12T22:54:37Z</time>
      </trkpt>
      <trkpt lat="34.331034686258974" lon="108.98428302945054">
        <ele>394.2288553453982</ele>
        <time>2022-04-12T22:54:41Z</time>
      </trkpt>
      <trkpt lat="34.33103024789159" lon="108.98373282854077">
        <ele>393.93276112899184</ele>
        <time>2022-04-12T22:54:47Z</time>
      </trkpt>
      <trkpt lat="34.331047007458714" lon="108.98318298273584">
        <ele>395.53065937012434</ele>
        <time>2022-04-12T22:54:53Z</time>
      </trkpt>
      <trkpt lat="34.331059916088094" lon="108.9826399129157">
        <ele>395.6932807499543</ele>
        <time>2022-04-12T22:54:59Z</time>
      </trkpt>
      <trkpt lat="34.33107215427332" lon="108.98210675461743">
        <ele>396.2398382294923</ele>
        <time>2022-04-12T22:55:05Z</time>
      </trkpt>
      <trkpt lat="34.33108600216906" lon="108.98154300193661">
        <ele>396.12940336950123</ele>
        <time>2022-04-12T22:55:11Z</time>
      </trkpt>
      <trkpt lat="34.33108719044973" lon="108.98100361352208">
        <ele>395.6230339622125</ele>
        <time>2022-04-12T22:55:17Z</time>
      </trkpt>
      <trkpt lat="34.331094219898" lon="108.98047050530083">
        <ele>395.81951545830816</ele>
        <time>2022-04-12T22:55:23Z</time>
      </trkpt>
      <trkpt lat="34.33109498442113" lon="108.97985702705822">
        <ele>395.44768201187253</ele>
        <time>2022-04-12T22:55:31Z</time>
      </trkpt>
      <trkpt lat="34.331035065295886" lon="108.97974274029042">
        <ele>395.69997808896005</ele>
        <time>2022-04-12T22:55:33Z</time>
      </trkpt>
      <trkpt lat="34.33085006093205" lon="108.9795966113316">
        <ele>395.35219538770616</ele>
        <time>2022-04-12T22:55:37Z</time>
      </trkpt>
      <trkpt lat="34.33077962704771" lon="108.97952112480102">
        <ele>396.3450594758615</ele>
        <time>2022-04-12T22:55:39Z</time>
      </trkpt>
      <trkpt lat="34.330682163727985" lon="108.97950398091095">
        <ele>395.11808913666755</ele>
        <time>2022-04-12T22:55:41Z</time>
      </trkpt>
      <trkpt lat="34.33057628223977" lon="108.97952325403556">
        <ele>395.29350815247744</ele>
        <time>2022-04-12T22:55:43Z</time>
      </trkpt>
      <trkpt lat="34.33007361964193" lon="108.97953272270028">
        <ele>394.23577252961695</ele>
        <time>2022-04-12T22:55:53Z</time>
      </trkpt>
      <trkpt lat="34.32996967944768" lon="108.97954256645566">
        <ele>394.63154803030193</ele>
        <time>2022-04-12T22:55:55Z</time>
      </trkpt>
      <trkpt lat="34.32979169292598" lon="108.97951610514266">
        <ele>394.4179788250476</ele>
        <time>2022-04-12T22:55:59Z</time>
      </trkpt>
      <trkpt lat="34.329644247573036" lon="108.97959155083059">
        <ele>395.3968534199521</ele>
        <time>2022-04-12T22:56:03Z</time>
      </trkpt>
      <trkpt lat="34.329466732420435" lon="108.97954641885306">
        <ele>395.71734393388033</ele>
        <time>2022-04-12T22:56:07Z</time>
      </trkpt>
      <trkpt lat="34.32920717130261" lon="108.97952633160033">
        <ele>395.99300514906645</ele>
        <time>2022-04-12T22:56:13Z</time>
      </trkpt>
      <trkpt lat="34.32914873320924" lon="108.97963682812879">
        <ele>395.59005153365433</ele>
        <time>2022-04-12T22:56:17Z</time>
      </trkpt>
      <trkpt lat="34.329113228204584" lon="108.97967019600557">
        <ele>395.7847017319873</ele>
        <time>2022-04-12T22:56:31Z</time>
      </trkpt>
      <trkpt lat="34.32899777036645" lon="108.97969796701966">
        <ele>394.22142791654915</ele>
        <time>2022-04-12T22:56:54Z</time>
      </trkpt>
      <trkpt lat="34.32901520266534" lon="108.97984878036563">
        <ele>395.879133454524</ele>
        <time>2022-04-12T22:56:58Z</time>
      </trkpt>
      <trkpt lat="34.328586434050365" lon="108.98009694387437">
        <ele>392.05816650390625</ele>
        <time>2022-04-12T22:57:57Z</time>
      </trkpt>
      <trkpt lat="34.328666007186605" lon="108.98030592727612">
        <ele>392.05816650390625</ele>
        <time>2022-04-12T22:58:15Z</time>
      </trkpt>
      <trkpt lat="34.328095837217695" lon="108.98043879397832">
        <ele>392.05816650390625</ele>
        <time>2022-04-12T22:59:19Z</time>
      </trkpt>
      <trkpt lat="34.32838319474487" lon="108.98072381423815">
        <ele>434.6029357910156</ele>
        <time>2022-04-12T22:59:42Z</time>
      </trkpt>
      <trkpt lat="34.32845949894103" lon="108.98073760653982">
        <ele>434.797119140625</ele>
        <time>2022-04-12T22:59:43Z</time>
      </trkpt>
      <trkpt lat="34.32832893019407" lon="108.98061593992283">
        <ele>448.04864501953125</ele>
        <time>2022-04-12T22:59:52Z</time>
      </trkpt>
      <trkpt lat="34.32827783213118" lon="108.9805273287845">
        <ele>453.0576171875</ele>
        <time>2022-04-12T23:00:11Z</time>
      </trkpt>
      <trkpt lat="34.328485556069104" lon="108.98034933127434">
        <ele>458.8199462890625</ele>
        <time>2022-04-12T23:00:17Z</time>
      </trkpt>
      <trkpt lat="34.32853140708126" lon="108.97995821664162">
        <ele>480.8092346191406</ele>
        <time>2022-04-12T23:00:30Z</time>
      </trkpt>
      <trkpt lat="34.32834588718177" lon="108.9803028699064">
        <ele>483.3275451660156</ele>
        <time>2022-04-12T23:00:42Z</time>
      </trkpt>
      <trkpt lat="34.32853140708126" lon="108.97995821664162">
        <ele>483.3281555175781</ele>
        <time>2022-04-12T23:00:47Z</time>
      </trkpt>
      <trkpt lat="34.328293872607425" lon="108.98026351359007">
        <ele>484.0494689941406</ele>
        <time>2022-04-12T23:00:48Z</time>
      </trkpt>
      <trkpt lat="34.32853140708126" lon="108.97995821664162">
        <ele>484.10784912109375</ele>
        <time>2022-04-12T23:00:54Z</time>
      </trkpt>
      <trkpt lat="34.32835016507343" lon="108.98028050235085">
        <ele>484.108154296875</ele>
        <time>2022-04-12T23:01:02Z</time>
      </trkpt>
      <trkpt lat="34.32853140708126" lon="108.97995821664162">
        <ele>484.108154296875</ele>
        <time>2022-04-12T23:03:42Z</time>
      </trkpt>
      <trkpt lat="34.328292780869695" lon="108.98022774538802">
        <ele>484.108154296875</ele>
        <time>2022-04-12T23:03:57Z</time>
      </trkpt>
      <trkpt lat="34.32853140708126" lon="108.97995821664162">
        <ele>484.108154296875</ele>
        <time>2022-04-12T23:04:00Z</time>
      </trkpt>
      <trkpt lat="34.328340902006154" lon="108.98027454021523">
        <ele>484.108154296875</ele>
        <time>2022-04-12T23:04:24Z</time>
      </trkpt>
      <trkpt lat="34.32829017245268" lon="108.98025213539064">
        <ele>412.7094659730792</ele>
        <time>2022-04-12T23:04:44Z</time>
      </trkpt>
      <trkpt lat="34.32853140708126" lon="108.97995821664162">
        <ele>484.108154296875</ele>
        <time>2022-04-12T23:17:01Z</time>
      </trkpt>
      <trkpt lat="34.32834276002336" lon="108.98027264123542">
        <ele>481.53814697265625</ele>
        <time>2022-04-12T23:19:43Z</time>
      </trkpt>
      <trkpt lat="34.32853140708126" lon="108.97995821664162">
        <ele>481.53814697265625</ele>
        <time>2022-04-12T23:20:13Z</time>
      </trkpt>
      <trkpt lat="34.32833163195406" lon="108.98026492074526">
        <ele>481.53814697265625</ele>
        <time>2022-04-12T23:20:37Z</time>
      </trkpt>
      <trkpt lat="34.32853140708126" lon="108.97995821664162">
        <ele>481.53814697265625</ele>
        <time>2022-04-12T23:21:19Z</time>
      </trkpt>
      <trkpt lat="34.32836224232184" lon="108.98028088503965">
        <ele>481.53814697265625</ele>
        <time>2022-04-12T23:22:13Z</time>
      </trkpt>
      <trkpt lat="34.32853140708126" lon="108.97995821664162">
        <ele>481.53814697265625</ele>
        <time>2022-04-12T23:23:01Z</time>
      </trkpt>
      <trkpt lat="34.328311978750605" lon="108.98024807855116">
        <ele>481.53814697265625</ele>
        <time>2022-04-12T23:24:39Z</time>
      </trkpt>
      <trkpt lat="34.32853140708126" lon="108.97995821664162">
        <ele>481.53814697265625</ele>
        <time>2022-04-12T23:27:53Z</time>
      </trkpt>
      <trkpt lat="34.32840787752119" lon="108.98031241123546">
        <ele>481.53814697265625</ele>
        <time>2022-04-12T23:28:13Z</time>
      </trkpt>
      <trkpt lat="34.328346397103594" lon="108.98038370117763">
        <ele>481.53814697265625</ele>
        <time>2022-04-12T23:28:29Z</time>
      </trkpt>
      <trkpt lat="34.32828146256631" lon="108.98050078077276">
        <ele>467.7720947265625</ele>
        <time>2022-04-12T23:29:03Z</time>
      </trkpt>
      <trkpt lat="34.32823559310432" lon="108.98040430257566">
        <ele>465.01934814453125</ele>
        <time>2022-04-12T23:29:15Z</time>
      </trkpt>
      <trkpt lat="34.328166021887924" lon="108.98035726406624">
        <ele>418.1753845214844</ele>
        <time>2022-04-12T23:29:43Z</time>
      </trkpt>
      <trkpt lat="34.32864048176467" lon="108.98038276612178">
        <ele>395.9520263671875</ele>
        <time>2022-04-12T23:30:17Z</time>
      </trkpt>
      <trkpt lat="34.32870952875673" lon="108.98027374039206">
        <ele>393.8427429199219</ele>
        <time>2022-04-12T23:30:29Z</time>
      </trkpt>
      <trkpt lat="34.32870414718151" lon="108.98043641368596">
        <ele>395.78302803922463</ele>
        <time>2022-04-12T23:30:32Z</time>
      </trkpt>
      <trkpt lat="34.32858869593542" lon="108.98057674910467">
        <ele>395.8191640025692</ele>
        <time>2022-04-12T23:30:41Z</time>
      </trkpt>
      <trkpt lat="34.328593061136324" lon="108.98069888877572">
        <ele>395.7602830315009</ele>
        <time>2022-04-12T23:30:47Z</time>
      </trkpt>
      <trkpt lat="34.32844412456555" lon="108.98079999592288">
        <ele>395.44912994652987</ele>
        <time>2022-04-12T23:30:59Z</time>
      </trkpt>
      <trkpt lat="34.3283614373185" lon="108.98081942585017">
        <ele>395.3008751505986</ele>
        <time>2022-04-12T23:31:03Z</time>
      </trkpt>
      <trkpt lat="34.328297274813" lon="108.98086170755857">
        <ele>395.0970165906474</ele>
        <time>2022-04-12T23:31:07Z</time>
      </trkpt>
      <trkpt lat="34.32821484223718" lon="108.98083463520068">
        <ele>395.5446118712425</ele>
        <time>2022-04-12T23:31:13Z</time>
      </trkpt>
      <trkpt lat="34.32814172309586" lon="108.9808827277147">
        <ele>395.72233147826046</ele>
        <time>2022-04-12T23:31:19Z</time>
      </trkpt>
      <trkpt lat="34.32815219490999" lon="108.98100918944158">
        <ele>394.4486525747925</ele>
        <time>2022-04-12T23:31:37Z</time>
      </trkpt>
      <trkpt lat="34.3281997049362" lon="108.98127815912046">
        <ele>393.96339718811214</ele>
        <time>2022-04-12T23:32:12Z</time>
      </trkpt>
      <trkpt lat="34.32827591616962" lon="108.98163227799533">
        <ele>395.31687467265874</ele>
        <time>2022-04-12T23:32:24Z</time>
      </trkpt>
      <trkpt lat="34.328295367531645" lon="108.9818122082902">
        <ele>395.1730962796137</ele>
        <time>2022-04-12T23:32:28Z</time>
      </trkpt>
      <trkpt lat="34.32832465198027" lon="108.9818942797124">
        <ele>394.760725421831</ele>
        <time>2022-04-12T23:32:30Z</time>
      </trkpt>
      <trkpt lat="34.32831947377498" lon="108.982105361449">
        <ele>394.8922503357753</ele>
        <time>2022-04-12T23:32:34Z</time>
      </trkpt>
      <trkpt lat="34.328285233300896" lon="108.98221482800906">
        <ele>393.9809833196923</ele>
        <time>2022-04-12T23:32:36Z</time>
      </trkpt>
      <trkpt lat="34.32824570910834" lon="108.98280816214216">
        <ele>394.6599215939641</ele>
        <time>2022-04-12T23:32:47Z</time>
      </trkpt>
      <trkpt lat="34.328219903878534" lon="108.98333834041317">
        <ele>392.837031387724</ele>
        <time>2022-04-12T23:32:55Z</time>
      </trkpt>
      <trkpt lat="34.32820319017427" lon="108.98346456764932">
        <ele>393.22977169416845</ele>
        <time>2022-04-12T23:32:57Z</time>
      </trkpt>
      <trkpt lat="34.32822749248727" lon="108.98402460621591">
        <ele>392.77353665977716</ele>
        <time>2022-04-12T23:33:07Z</time>
      </trkpt>
      <trkpt lat="34.32810328422837" lon="108.98425737081516">
        <ele>393.01946478523314</ele>
        <time>2022-04-12T23:33:10Z</time>
      </trkpt>
      <trkpt lat="34.32806952679761" lon="108.98453502164023">
        <ele>392.4278459139168</ele>
        <time>2022-04-12T23:33:13Z</time>
      </trkpt>
      <trkpt lat="34.32808253692247" lon="108.98472770167801">
        <ele>392.25322198681533</ele>
        <time>2022-04-12T23:33:15Z</time>
      </trkpt>
      <trkpt lat="34.327979049021685" lon="108.98532443062436">
        <ele>391.74284524843097</ele>
        <time>2022-04-12T23:33:23Z</time>
      </trkpt>
      <trkpt lat="34.327949459430634" lon="108.98595084394094">
        <ele>392.01536371558905</ele>
        <time>2022-04-12T23:33:33Z</time>
      </trkpt>
      <trkpt lat="34.327969948943974" lon="108.98653229558492">
        <ele>393.05673602130264</ele>
        <time>2022-04-12T23:33:43Z</time>
      </trkpt>
      <trkpt lat="34.327937803205366" lon="108.98699452573322">
        <ele>394.3428443269804</ele>
        <time>2022-04-12T23:33:51Z</time>
      </trkpt>
      <trkpt lat="34.327916040295854" lon="108.9871189772749">
        <ele>394.71186627820134</ele>
        <time>2022-04-12T23:33:53Z</time>
      </trkpt>
      <trkpt lat="34.32793635372327" lon="108.98723761383255">
        <ele>394.98417362198234</ele>
        <time>2022-04-12T23:33:55Z</time>
      </trkpt>
      <trkpt lat="34.32793498754389" lon="108.98748490942182">
        <ele>394.67301514558494</ele>
        <time>2022-04-12T23:33:59Z</time>
      </trkpt>
      <trkpt lat="34.32794958799456" lon="108.98761057866766">
        <ele>394.51653576176614</ele>
        <time>2022-04-12T23:34:01Z</time>
      </trkpt>
      <trkpt lat="34.32795751023301" lon="108.98810256515968">
        <ele>393.87307803705335</ele>
        <time>2022-04-12T23:34:09Z</time>
      </trkpt>
      <trkpt lat="34.32794247062687" lon="108.98821355940285">
        <ele>393.2938337204978</ele>
        <time>2022-04-12T23:34:11Z</time>
      </trkpt>
      <trkpt lat="34.327889086372274" lon="108.9883316763974">
        <ele>393.03572103288025</ele>
        <time>2022-04-12T23:34:15Z</time>
      </trkpt>
      <trkpt lat="34.327952443916395" lon="108.98851211483581">
        <ele>393.14962458144873</ele>
        <time>2022-04-12T23:34:21Z</time>
      </trkpt>
      <trkpt lat="34.32792925617386" lon="108.9890073652444">
        <ele>391.8559908019379</ele>
        <time>2022-04-12T23:34:29Z</time>
      </trkpt>
      <trkpt lat="34.327937276796185" lon="108.98910862842061">
        <ele>392.5183801651001</ele>
        <time>2022-04-12T23:34:31Z</time>
      </trkpt>
      <trkpt lat="34.32797078872797" lon="108.98921624512964">
        <ele>392.45699323993176</ele>
        <time>2022-04-12T23:34:33Z</time>
      </trkpt>
      <trkpt lat="34.32797155466757" lon="108.98931233985795">
        <ele>392.60401739925146</ele>
        <time>2022-04-12T23:34:35Z</time>
      </trkpt>
      <trkpt lat="34.327909020997645" lon="108.9895360050036">
        <ele>391.4165690448135</ele>
        <time>2022-04-12T23:34:39Z</time>
      </trkpt>
      <trkpt lat="34.32790779033956" lon="108.98985861823226">
        <ele>392.4113288251683</ele>
        <time>2022-04-12T23:34:45Z</time>
      </trkpt>
      <trkpt lat="34.32789426620274" lon="108.98995254543698">
        <ele>391.9134991783649</ele>
        <time>2022-04-12T23:34:47Z</time>
      </trkpt>
      <trkpt lat="34.32792522494737" lon="108.99008112875471">
        <ele>392.1733213858679</ele>
        <time>2022-04-12T23:34:51Z</time>
      </trkpt>
      <trkpt lat="34.32792336416364" lon="108.99019976170808">
        <ele>392.4296515416354</ele>
        <time>2022-04-12T23:34:55Z</time>
      </trkpt>
      <trkpt lat="34.327864929550564" lon="108.99031443382164">
        <ele>392.3455537445843</ele>
        <time>2022-04-12T23:35:05Z</time>
      </trkpt>
      <trkpt lat="34.32784381945273" lon="108.99052596133977">
        <ele>392.25727477297187</ele>
        <time>2022-04-12T23:35:14Z</time>
      </trkpt>
      <trkpt lat="34.32787037736465" lon="108.99090519692528">
        <ele>391.99555487930775</ele>
        <time>2022-04-12T23:35:22Z</time>
      </trkpt>
      <trkpt lat="34.327866328921466" lon="108.99104465093187">
        <ele>392.05978817958385</ele>
        <time>2022-04-12T23:35:24Z</time>
      </trkpt>
      <trkpt lat="34.327911225288105" lon="108.99115851181024">
        <ele>392.29202918242663</ele>
        <time>2022-04-12T23:35:26Z</time>
      </trkpt>
      <trkpt lat="34.32796970195424" lon="108.9912227572001">
        <ele>392.900088025257</ele>
        <time>2022-04-12T23:35:28Z</time>
      </trkpt>
      <trkpt lat="34.3279962865324" lon="108.9913041601501">
        <ele>393.02712673600763</ele>
        <time>2022-04-12T23:35:30Z</time>
      </trkpt>
      <trkpt lat="34.32795393620053" lon="108.99186806800759">
        <ele>394.2417390746996</ele>
        <time>2022-04-12T23:35:44Z</time>
      </trkpt>
      <trkpt lat="34.32793672567055" lon="108.9920876351479">
        <ele>394.3963476950303</ele>
        <time>2022-04-12T23:35:48Z</time>
      </trkpt>
      <trkpt lat="34.327955710455235" lon="108.99262370160022">
        <ele>394.28421760816127</ele>
        <time>2022-04-12T23:35:58Z</time>
      </trkpt>
      <trkpt lat="34.32796451745691" lon="108.99301912694379">
        <ele>394.23947924748063</ele>
        <time>2022-04-12T23:36:06Z</time>
      </trkpt>
      <trkpt lat="34.3279481089744" lon="108.99312717491657">
        <ele>394.3270386327058</ele>
        <time>2022-04-12T23:36:08Z</time>
      </trkpt>
      <trkpt lat="34.32796987594147" lon="108.99357107369413">
        <ele>394.92329177167267</ele>
        <time>2022-04-12T23:36:16Z</time>
      </trkpt>
      <trkpt lat="34.328038421262335" lon="108.99399637929778">
        <ele>396.23897508345544</ele>
        <time>2022-04-12T23:36:24Z</time>
      </trkpt>
      <trkpt lat="34.32810485230195" lon="108.9942209585159">
        <ele>395.0579155506566</ele>
        <time>2022-04-12T23:36:30Z</time>
      </trkpt>
      <trkpt lat="34.328117843203565" lon="108.9945267597727">
        <ele>395.02093153074384</ele>
        <time>2022-04-12T23:36:38Z</time>
      </trkpt>
      <trkpt lat="34.32814517102995" lon="108.99461384748955">
        <ele>395.18251632526517</ele>
        <time>2022-04-12T23:36:40Z</time>
      </trkpt>
      <trkpt lat="34.32814510056969" lon="108.99475736886012">
        <ele>394.85582998674363</ele>
        <time>2022-04-12T23:36:42Z</time>
      </trkpt>
      <trkpt lat="34.32819448761898" lon="108.99504954421383">
        <ele>395.01138059049845</ele>
        <time>2022-04-12T23:36:46Z</time>
      </trkpt>
      <trkpt lat="34.328182172765075" lon="108.99547709446708">
        <ele>395.00317824538797</ele>
        <time>2022-04-12T23:36:52Z</time>
      </trkpt>
      <trkpt lat="34.328190088181834" lon="108.99562893456">
        <ele>395.2295542927459</ele>
        <time>2022-04-12T23:36:54Z</time>
      </trkpt>
      <trkpt lat="34.32816659334679" lon="108.99583015408396">
        <ele>395.23684733733535</ele>
        <time>2022-04-12T23:36:57Z</time>
      </trkpt>
      <trkpt lat="34.328177332877885" lon="108.99616925757871">
        <ele>395.39608941134065</ele>
        <time>2022-04-12T23:37:03Z</time>
      </trkpt>
      <trkpt lat="34.32815870080974" lon="108.99626230926903">
        <ele>395.83773759845644</ele>
        <time>2022-04-12T23:37:05Z</time>
      </trkpt>
      <trkpt lat="34.32816900751082" lon="108.99660765972239">
        <ele>395.3132871109992</ele>
        <time>2022-04-12T23:37:11Z</time>
      </trkpt>
      <trkpt lat="34.328062491607774" lon="108.9969086930219">
        <ele>395.85285248886794</ele>
        <time>2022-04-12T23:37:15Z</time>
      </trkpt>
      <trkpt lat="34.32804211927542" lon="108.99704233871388">
        <ele>395.9217650583014</ele>
        <time>2022-04-12T23:37:17Z</time>
      </trkpt>
      <trkpt lat="34.328051196520185" lon="108.99762367519739">
        <ele>394.84243356529623</ele>
        <time>2022-04-12T23:37:27Z</time>
      </trkpt>
      <trkpt lat="34.32804937833219" lon="108.99789341898524">
        <ele>394.9324510078877</ele>
        <time>2022-04-12T23:37:31Z</time>
      </trkpt>
      <trkpt lat="34.32797520467584" lon="108.99820809548646">
        <ele>396.1348981047049</ele>
        <time>2022-04-12T23:37:35Z</time>
      </trkpt>
      <trkpt lat="34.32791397873175" lon="108.99871739022967">
        <ele>394.5193419503048</ele>
        <time>2022-04-12T23:37:43Z</time>
      </trkpt>
      <trkpt lat="34.32790610833277" lon="108.99904547727597">
        <ele>394.4479837883264</ele>
        <time>2022-04-12T23:37:49Z</time>
      </trkpt>
      <trkpt lat="34.327922444894405" lon="108.99925167634085">
        <ele>394.42669153865427</ele>
        <time>2022-04-12T23:37:53Z</time>
      </trkpt>
      <trkpt lat="34.327899519620914" lon="108.99934734093996">
        <ele>393.8268998116255</ele>
        <time>2022-04-12T23:37:55Z</time>
      </trkpt>
      <trkpt lat="34.32791630443728" lon="108.99996325542574">
        <ele>393.7231192914769</ele>
        <time>2022-04-12T23:38:05Z</time>
      </trkpt>
      <trkpt lat="34.32790098925408" lon="109.00057465613472">
        <ele>394.17810088861734</ele>
        <time>2022-04-12T23:38:15Z</time>
      </trkpt>
      <trkpt lat="34.32791410270224" lon="109.00069926547627">
        <ele>394.29917445220053</ele>
        <time>2022-04-12T23:38:17Z</time>
      </trkpt>
      <trkpt lat="34.327898961900246" lon="109.00107710638459">
        <ele>394.64861584920436</ele>
        <time>2022-04-12T23:38:23Z</time>
      </trkpt>
      <trkpt lat="34.32791062747272" lon="109.00166770817572">
        <ele>394.172743730247</ele>
        <time>2022-04-12T23:38:33Z</time>
      </trkpt>
      <trkpt lat="34.32791096926475" lon="109.00227285215281">
        <ele>394.723665446043</ele>
        <time>2022-04-12T23:38:43Z</time>
      </trkpt>
      <trkpt lat="34.32791498032894" lon="109.00261704188569">
        <ele>395.2120878919959</ele>
        <time>2022-04-12T23:38:49Z</time>
      </trkpt>
      <trkpt lat="34.32787654335358" lon="109.00307909858824">
        <ele>395.6797746727243</ele>
        <time>2022-04-12T23:38:57Z</time>
      </trkpt>
      <trkpt lat="34.327873087823214" lon="109.0035310650184">
        <ele>395.3044688086957</ele>
        <time>2022-04-12T23:39:05Z</time>
      </trkpt>
      <trkpt lat="34.32789105225454" lon="109.00411125961156">
        <ele>394.12580287177116</ele>
        <time>2022-04-12T23:39:15Z</time>
      </trkpt>
      <trkpt lat="34.32791086625739" lon="109.00436665232448">
        <ele>394.0280632665381</ele>
        <time>2022-04-12T23:39:19Z</time>
      </trkpt>
      <trkpt lat="34.32790424120144" lon="109.0044798164692">
        <ele>393.605331255123</ele>
        <time>2022-04-12T23:39:21Z</time>
      </trkpt>
      <trkpt lat="34.32793934475822" lon="109.00501226350201">
        <ele>394.3377873413265</ele>
        <time>2022-04-12T23:39:31Z</time>
      </trkpt>
      <trkpt lat="34.32793395542895" lon="109.00562320376639">
        <ele>394.06470448803157</ele>
        <time>2022-04-12T23:39:41Z</time>
      </trkpt>
      <trkpt lat="34.327921634082564" lon="109.00617845884351">
        <ele>394.0434793829918</ele>
        <time>2022-04-12T23:39:51Z</time>
      </trkpt>
      <trkpt lat="34.327919462324445" lon="109.00663606844283">
        <ele>394.83584301173687</ele>
        <time>2022-04-12T23:40:01Z</time>
      </trkpt>
      <trkpt lat="34.32788648307916" lon="109.0071919326916">
        <ele>394.2736415695399</ele>
        <time>2022-04-12T23:40:11Z</time>
      </trkpt>
      <trkpt lat="34.327880670204216" lon="109.00731173075123">
        <ele>393.73711801413447</ele>
        <time>2022-04-12T23:40:13Z</time>
      </trkpt>
      <trkpt lat="34.32789307417497" lon="109.00742548051845">
        <ele>394.192759684287</ele>
        <time>2022-04-12T23:40:15Z</time>
      </trkpt>
      <trkpt lat="34.327883258254516" lon="109.0079557290969">
        <ele>392.520225497894</ele>
        <time>2022-04-12T23:40:23Z</time>
      </trkpt>
      <trkpt lat="34.32790958354961" lon="109.00835213510507">
        <ele>392.71735582035035</ele>
        <time>2022-04-12T23:40:29Z</time>
      </trkpt>
      <trkpt lat="34.327944648107525" lon="109.00846961682396">
        <ele>393.09882433433086</ele>
        <time>2022-04-12T23:40:31Z</time>
      </trkpt>
      <trkpt lat="34.327936074701014" lon="109.00900493156074">
        <ele>392.69069411512464</ele>
        <time>2022-04-12T23:40:39Z</time>
      </trkpt>
      <trkpt lat="34.327936228651765" lon="109.00914385600436">
        <ele>391.86913150921464</ele>
        <time>2022-04-12T23:40:41Z</time>
      </trkpt>
      <trkpt lat="34.32793646860581" lon="109.00968191893188">
        <ele>388.38443316705525</ele>
        <time>2022-04-12T23:40:49Z</time>
      </trkpt>
      <trkpt lat="34.32793606025026" lon="109.00982054100788">
        <ele>387.4740798547864</ele>
        <time>2022-04-12T23:40:51Z</time>
      </trkpt>
      <trkpt lat="34.3279353341063" lon="109.01006776673705">
        <ele>386.75466499477625</ele>
        <time>2022-04-12T23:40:55Z</time>
      </trkpt>
      <trkpt lat="34.32793494784629" lon="109.01019883051791">
        <ele>386.4070762619376</ele>
        <time>2022-04-12T23:40:57Z</time>
      </trkpt>
      <trkpt lat="34.327961951107135" lon="109.01032215393954">
        <ele>386.17373258061707</ele>
        <time>2022-04-12T23:40:59Z</time>
      </trkpt>
      <trkpt lat="34.32793361411344" lon="109.01086247563893">
        <ele>387.3526113573462</ele>
        <time>2022-04-12T23:41:09Z</time>
      </trkpt>
      <trkpt lat="34.32791896581381" lon="109.01142730819421">
        <ele>387.5708309914917</ele>
        <time>2022-04-12T23:41:19Z</time>
      </trkpt>
      <trkpt lat="34.327906519718304" lon="109.01199300773087">
        <ele>387.910728010349</ele>
        <time>2022-04-12T23:41:29Z</time>
      </trkpt>
      <trkpt lat="34.327866733501104" lon="109.01255778039142">
        <ele>388.28136109001935</ele>
        <time>2022-04-12T23:41:39Z</time>
      </trkpt>
      <trkpt lat="34.32786142872929" lon="109.01287238930709">
        <ele>389.53850239887834</ele>
        <time>2022-04-12T23:41:45Z</time>
      </trkpt>
      <trkpt lat="34.32787896258806" lon="109.01343272124079">
        <ele>389.9213412422687</ele>
        <time>2022-04-12T23:41:55Z</time>
      </trkpt>
      <trkpt lat="34.32792976118211" lon="109.0137324432168">
        <ele>390.1726133339107</ele>
        <time>2022-04-12T23:42:01Z</time>
      </trkpt>
      <trkpt lat="34.32795385206143" lon="109.01406639726223">
        <ele>389.5559032605961</ele>
        <time>2022-04-12T23:42:07Z</time>
      </trkpt>
      <trkpt lat="34.32796634432489" lon="109.01455181226073">
        <ele>389.0264359675348</ele>
        <time>2022-04-12T23:42:17Z</time>
      </trkpt>
      <trkpt lat="34.32802165894125" lon="109.01492460560625">
        <ele>387.9788693310693</ele>
        <time>2022-04-12T23:42:23Z</time>
      </trkpt>
      <trkpt lat="34.32801806438663" lon="109.01542931432232">
        <ele>387.8097261991352</ele>
        <time>2022-04-12T23:42:31Z</time>
      </trkpt>
      <trkpt lat="34.32806563374421" lon="109.0156048575271">
        <ele>387.38187518622726</ele>
        <time>2022-04-12T23:42:35Z</time>
      </trkpt>
      <trkpt lat="34.32807149996613" lon="109.0156978515607">
        <ele>387.68086866196245</ele>
        <time>2022-04-12T23:42:37Z</time>
      </trkpt>
      <trkpt lat="34.32805699782152" lon="109.01578937999625">
        <ele>387.80114232189953</ele>
        <time>2022-04-12T23:42:39Z</time>
      </trkpt>
      <trkpt lat="34.32806316988211" lon="109.0159018968942">
        <ele>388.1458957120776</ele>
        <time>2022-04-12T23:42:41Z</time>
      </trkpt>
      <trkpt lat="34.32801199275485" lon="109.01624811262904">
        <ele>387.67681779153645</ele>
        <time>2022-04-12T23:42:47Z</time>
      </trkpt>
      <trkpt lat="34.32785880574652" lon="109.01676435769933">
        <ele>387.23686409182847</ele>
        <time>2022-04-12T23:42:55Z</time>
      </trkpt>
      <trkpt lat="34.32769408134567" lon="109.01733328378094">
        <ele>389.37483520340174</ele>
        <time>2022-04-12T23:43:05Z</time>
      </trkpt>
      <trkpt lat="34.327644929183364" lon="109.01785291557916">
        <ele>390.0999906491488</ele>
        <time>2022-04-12T23:43:15Z</time>
      </trkpt>
      <trkpt lat="34.32764053021206" lon="109.017966316805">
        <ele>389.8256990779191</ele>
        <time>2022-04-12T23:43:17Z</time>
      </trkpt>
      <trkpt lat="34.32766296523376" lon="109.0181590345608">
        <ele>389.5759207541123</ele>
        <time>2022-04-12T23:43:21Z</time>
      </trkpt>
      <trkpt lat="34.32764075738331" lon="109.01837840786648">
        <ele>389.4117008978501</ele>
        <time>2022-04-12T23:43:25Z</time>
      </trkpt>
      <trkpt lat="34.32760784222756" lon="109.01849109476082">
        <ele>389.23558199685067</ele>
        <time>2022-04-12T23:43:27Z</time>
      </trkpt>
      <trkpt lat="34.327561098954206" lon="109.0185874642792">
        <ele>389.2283512270078</ele>
        <time>2022-04-12T23:43:29Z</time>
      </trkpt>
      <trkpt lat="34.32743265503345" lon="109.01876023642491">
        <ele>389.51762415934354</ele>
        <time>2022-04-12T23:43:33Z</time>
      </trkpt>
      <trkpt lat="34.3271740221913" lon="109.01920979539375">
        <ele>388.9592003123835</ele>
        <time>2022-04-12T23:43:43Z</time>
      </trkpt>
      <trkpt lat="34.32690506672973" lon="109.01966228175515">
        <ele>389.18866437859833</ele>
        <time>2022-04-12T23:43:53Z</time>
      </trkpt>
      <trkpt lat="34.32666565892029" lon="109.02001849884068">
        <ele>389.37593436427414</ele>
        <time>2022-04-12T23:44:01Z</time>
      </trkpt>
      <trkpt lat="34.326300911705395" lon="109.02045042255891">
        <ele>389.06495087035</ele>
        <time>2022-04-12T23:44:11Z</time>
      </trkpt>
      <trkpt lat="34.32608380526731" lon="109.0206724148943">
        <ele>389.4465506160632</ele>
        <time>2022-04-12T23:44:17Z</time>
      </trkpt>
      <trkpt lat="34.32563559251788" lon="109.02099928724225">
        <ele>388.76512484345585</ele>
        <time>2022-04-12T23:44:27Z</time>
      </trkpt>
      <trkpt lat="34.32556090731478" lon="109.02106346473545">
        <ele>388.64083589147776</ele>
        <time>2022-04-12T23:44:29Z</time>
      </trkpt>
      <trkpt lat="34.3251087404024" lon="109.0213160756573">
        <ele>388.481662501581</ele>
        <time>2022-04-12T23:44:39Z</time>
      </trkpt>
      <trkpt lat="34.32464394299386" lon="109.02153606154812">
        <ele>388.93024893663824</ele>
        <time>2022-04-12T23:44:49Z</time>
      </trkpt>
      <trkpt lat="34.32416024265033" lon="109.02167432652294">
        <ele>388.49470624513924</ele>
        <time>2022-04-12T23:44:59Z</time>
      </trkpt>
      <trkpt lat="34.323677573757166" lon="109.02174941994161">
        <ele>389.57593774516135</ele>
        <time>2022-04-12T23:45:09Z</time>
      </trkpt>
      <trkpt lat="34.32338303864688" lon="109.02178462790816">
        <ele>390.41139948461205</ele>
        <time>2022-04-12T23:45:15Z</time>
      </trkpt>
      <trkpt lat="34.32289410060799" lon="109.02180924989646">
        <ele>390.59971100557595</ele>
        <time>2022-04-12T23:45:25Z</time>
      </trkpt>
      <trkpt lat="34.322395025137716" lon="109.02177763191963">
        <ele>390.2453368771821</ele>
        <time>2022-04-12T23:45:35Z</time>
      </trkpt>
      <trkpt lat="34.32229368810822" lon="109.02177790901739">
        <ele>390.09313320647925</ele>
        <time>2022-04-12T23:45:37Z</time>
      </trkpt>
      <trkpt lat="34.3221996806874" lon="109.02175270600056">
        <ele>389.73156589083374</ele>
        <time>2022-04-12T23:45:39Z</time>
      </trkpt>
      <trkpt lat="34.32173233974616" lon="109.02171875303658">
        <ele>389.8612707545981</ele>
        <time>2022-04-12T23:45:49Z</time>
      </trkpt>
      <trkpt lat="34.321445651020056" lon="109.02166596522885">
        <ele>389.6884184991941</ele>
        <time>2022-04-12T23:45:55Z</time>
      </trkpt>
      <trkpt lat="34.32135244130252" lon="109.02167208667505">
        <ele>390.36320924852043</ele>
        <time>2022-04-12T23:45:57Z</time>
      </trkpt>
      <trkpt lat="34.321069811046776" lon="109.02161255062933">
        <ele>391.2658882904798</ele>
        <time>2022-04-12T23:46:03Z</time>
      </trkpt>
      <trkpt lat="34.32057894204257" lon="109.02155188786264">
        <ele>391.26930430624634</ele>
        <time>2022-04-12T23:46:13Z</time>
      </trkpt>
      <trkpt lat="34.32008975097703" lon="109.0214873721463">
        <ele>391.22224649600685</ele>
        <time>2022-04-12T23:46:23Z</time>
      </trkpt>
      <trkpt lat="34.319691207475344" lon="109.02143675757306">
        <ele>390.5513978693634</ele>
        <time>2022-04-12T23:46:31Z</time>
      </trkpt>
      <trkpt lat="34.31919224198136" lon="109.02144979519473">
        <ele>391.2011120831594</ele>
        <time>2022-04-12T23:46:41Z</time>
      </trkpt>
      <trkpt lat="34.31869330600371" lon="109.02146132393155">
        <ele>391.01049825549126</ele>
        <time>2022-04-12T23:46:51Z</time>
      </trkpt>
      <trkpt lat="34.318190931015074" lon="109.02149276067868">
        <ele>391.0136622749269</ele>
        <time>2022-04-12T23:47:01Z</time>
      </trkpt>
      <trkpt lat="34.3176970642016" lon="109.02153870358335">
        <ele>391.0440572584048</ele>
        <time>2022-04-12T23:47:11Z</time>
      </trkpt>
      <trkpt lat="34.317310392773834" lon="109.02161931756444">
        <ele>391.18272669799626</ele>
        <time>2022-04-12T23:47:19Z</time>
      </trkpt>
      <trkpt lat="34.31691350964972" lon="109.0216597976713">
        <ele>391.4245801800862</ele>
        <time>2022-04-12T23:47:27Z</time>
      </trkpt>
      <trkpt lat="34.316406692173395" lon="109.02176778180234">
        <ele>391.5106808003038</ele>
        <time>2022-04-12T23:47:37Z</time>
      </trkpt>
      <trkpt lat="34.316237745892195" lon="109.02183322208172">
        <ele>391.8903879188001</ele>
        <time>2022-04-12T23:47:41Z</time>
      </trkpt>
      <trkpt lat="34.316160566206705" lon="109.0218819406994">
        <ele>391.55396980047226</ele>
        <time>2022-04-12T23:47:43Z</time>
      </trkpt>
      <trkpt lat="34.31615022070883" lon="109.02200165086795">
        <ele>392.5861522834748</ele>
        <time>2022-04-12T23:47:47Z</time>
      </trkpt>
      <trkpt lat="34.31612480779936" lon="109.02208347214018">
        <ele>392.27378037571907</ele>
        <time>2022-04-12T23:47:50Z</time>
      </trkpt>
      <trkpt lat="34.31602770500517" lon="109.0221509020064">
        <ele>391.15948954597116</ele>
        <time>2022-04-12T23:47:54Z</time>
      </trkpt>
      <trkpt lat="34.31597173933661" lon="109.02223161901324">
        <ele>391.2327309856191</ele>
        <time>2022-04-12T23:47:58Z</time>
      </trkpt>
      <trkpt lat="34.315919376095295" lon="109.02222145121175">
        <ele>390.58977374993265</ele>
        <time>2022-04-12T23:48:06Z</time>
      </trkpt>
      <trkpt lat="34.315867864352626" lon="109.02238764645881">
        <ele>392.2159472052008</ele>
        <time>2022-04-12T23:48:25Z</time>
      </trkpt>
      <trkpt lat="34.31585558532316" lon="109.02255677493034">
        <ele>392.42398766148835</ele>
        <time>2022-04-12T23:48:29Z</time>
      </trkpt>
      <trkpt lat="34.31604574985131" lon="109.02307197659302">
        <ele>388.27131039183587</ele>
        <time>2022-04-12T23:48:39Z</time>
      </trkpt>
      <trkpt lat="34.316093226595356" lon="109.02329534094474">
        <ele>388.45605605933815</ele>
        <time>2022-04-12T23:48:43Z</time>
      </trkpt>
      <trkpt lat="34.31620390820537" lon="109.02359387034984">
        <ele>388.25900556333363</ele>
        <time>2022-04-12T23:48:49Z</time>
      </trkpt>
      <trkpt lat="34.316161688680985" lon="109.0237366009647">
        <ele>390.38433829694986</ele>
        <time>2022-04-12T23:48:53Z</time>
      </trkpt>
      <trkpt lat="34.315944167361984" lon="109.02391442108771">
        <ele>390.8009168468416</ele>
        <time>2022-04-12T23:48:59Z</time>
      </trkpt>
      <trkpt lat="34.31568751810341" lon="109.02404188662214">
        <ele>389.88145838305354</ele>
        <time>2022-04-12T23:49:05Z</time>
      </trkpt>
      <trkpt lat="34.315423428734185" lon="109.02425830037222">
        <ele>391.28126033302397</ele>
        <time>2022-04-12T23:49:13Z</time>
      </trkpt>
      <trkpt lat="34.31533423038398" lon="109.02430552580016">
        <ele>390.7450655531138</ele>
        <time>2022-04-12T23:49:15Z</time>
      </trkpt>
      <trkpt lat="34.31520130774633" lon="109.02443019957653">
        <ele>390.42033635638654</ele>
        <time>2022-04-12T23:49:19Z</time>
      </trkpt>
      <trkpt lat="34.314789598533025" lon="109.02468735362142">
        <ele>390.85199342202395</ele>
        <time>2022-04-12T23:49:29Z</time>
      </trkpt>
      <trkpt lat="34.31462307044269" lon="109.02477862381075">
        <ele>391.21416025049984</ele>
        <time>2022-04-12T23:49:33Z</time>
      </trkpt>
      <trkpt lat="34.314578314323654" lon="109.02485199318548">
        <ele>391.6735917823389</ele>
        <time>2022-04-12T23:49:35Z</time>
      </trkpt>
      <trkpt lat="34.314459064347915" lon="109.02496822473724">
        <ele>390.7606669263914</ele>
        <time>2022-04-12T23:49:39Z</time>
      </trkpt>
      <trkpt lat="34.314348551790495" lon="109.02501455466954">
        <ele>390.45320087950677</ele>
        <time>2022-04-12T23:49:41Z</time>
      </trkpt>
      <trkpt lat="34.3141709156582" lon="109.0251381592994">
        <ele>390.264090904966</ele>
        <time>2022-04-12T23:49:45Z</time>
      </trkpt>
      <trkpt lat="34.31368779120922" lon="109.0253799868796">
        <ele>391.2718301201239</ele>
        <time>2022-04-12T23:49:55Z</time>
      </trkpt>
      <trkpt lat="34.31322038676909" lon="109.0256335672362">
        <ele>391.1981190526858</ele>
        <time>2022-04-12T23:50:05Z</time>
      </trkpt>
      <trkpt lat="34.31279280393039" lon="109.02591944983135">
        <ele>392.00997308362275</ele>
        <time>2022-04-12T23:50:15Z</time>
      </trkpt>
      <trkpt lat="34.31233812456099" lon="109.02623629437852">
        <ele>393.12747529149055</ele>
        <time>2022-04-12T23:50:27Z</time>
      </trkpt>
      <trkpt lat="34.312168926942505" lon="109.0263901466803">
        <ele>393.2923403000459</ele>
        <time>2022-04-12T23:50:31Z</time>
      </trkpt>
      <trkpt lat="34.31211119771399" lon="109.02646963328432">
        <ele>392.94062677863985</ele>
        <time>2022-04-12T23:50:33Z</time>
      </trkpt>
      <trkpt lat="34.31193131799227" lon="109.02663368644134">
        <ele>392.94266908895224</ele>
        <time>2022-04-12T23:50:37Z</time>
      </trkpt>
      <trkpt lat="34.31168388414511" lon="109.02701298539326">
        <ele>393.19173929374665</ele>
        <time>2022-04-12T23:50:45Z</time>
      </trkpt>
      <trkpt lat="34.31159685985764" lon="109.02742065493557">
        <ele>393.77297705970705</ele>
        <time>2022-04-12T23:50:53Z</time>
      </trkpt>
      <trkpt lat="34.31159919920123" lon="109.02751831933708">
        <ele>393.68448195979</ele>
        <time>2022-04-12T23:50:55Z</time>
      </trkpt>
      <trkpt lat="34.31146604066882" lon="109.02813528710901">
        <ele>392.584742478095</ele>
        <time>2022-04-12T23:51:05Z</time>
      </trkpt>
      <trkpt lat="34.31142856315449" lon="109.0284445967667">
        <ele>394.020511334762</ele>
        <time>2022-04-12T23:51:11Z</time>
      </trkpt>
      <trkpt lat="34.31142791892495" lon="109.0286504085604">
        <ele>394.31316410191357</ele>
        <time>2022-04-12T23:51:15Z</time>
      </trkpt>
      <trkpt lat="34.311261374169035" lon="109.02887300563827">
        <ele>393.4629825055599</ele>
        <time>2022-04-12T23:51:19Z</time>
      </trkpt>
      <trkpt lat="34.310908293514544" lon="109.02922641768141">
        <ele>391.6248561022803</ele>
        <time>2022-04-12T23:51:27Z</time>
      </trkpt>
      <trkpt lat="34.31046044379661" lon="109.02959174908594">
        <ele>392.0836139777675</ele>
        <time>2022-04-12T23:51:37Z</time>
      </trkpt>
      <trkpt lat="34.31003719735935" lon="109.02995316687665">
        <ele>392.6629519024864</ele>
        <time>2022-04-12T23:51:47Z</time>
      </trkpt>
      <trkpt lat="34.309853925800184" lon="109.03006419259171">
        <ele>393.2406123736873</ele>
        <time>2022-04-12T23:51:51Z</time>
      </trkpt>
      <trkpt lat="34.309780373494256" lon="109.0301309839322">
        <ele>393.1274125771597</ele>
        <time>2022-04-12T23:51:53Z</time>
      </trkpt>
      <trkpt lat="34.309314873139726" lon="109.03036382440979">
        <ele>394.59252839162946</ele>
        <time>2022-04-12T23:52:03Z</time>
      </trkpt>
      <trkpt lat="34.30903991835387" lon="109.03048422646549">
        <ele>394.1794633390382</ele>
        <time>2022-04-12T23:52:09Z</time>
      </trkpt>
      <trkpt lat="34.308529688461235" lon="109.03060707044008">
        <ele>394.3231027973816</ele>
        <time>2022-04-12T23:52:19Z</time>
      </trkpt>
      <trkpt lat="34.30801851107184" lon="109.030663141203">
        <ele>394.65492577757686</ele>
        <time>2022-04-12T23:52:29Z</time>
      </trkpt>
      <trkpt lat="34.30748678247411" lon="109.03071357664244">
        <ele>393.9040394863114</ele>
        <time>2022-04-12T23:52:39Z</time>
      </trkpt>
      <trkpt lat="34.30704139422531" lon="109.03076400172833">
        <ele>392.40373136568815</ele>
        <time>2022-04-12T23:52:47Z</time>
      </trkpt>
      <trkpt lat="34.30681939306978" lon="109.03078888045667">
        <ele>391.8467510221526</ele>
        <time>2022-04-12T23:52:51Z</time>
      </trkpt>
      <trkpt lat="34.30642208474833" lon="109.03079273065119">
        <ele>391.2427930859849</ele>
        <time>2022-04-12T23:52:59Z</time>
      </trkpt>
      <trkpt lat="34.3063474131613" lon="109.03082450103547">
        <ele>391.0835160454735</ele>
        <time>2022-04-12T23:53:01Z</time>
      </trkpt>
      <trkpt lat="34.30624617252921" lon="109.03096108824246">
        <ele>391.63222709298134</ele>
        <time>2022-04-12T23:53:05Z</time>
      </trkpt>
      <trkpt lat="34.30626049043552" lon="109.03105378252178">
        <ele>391.39102029800415</ele>
        <time>2022-04-12T23:53:07Z</time>
      </trkpt>
      <trkpt lat="34.30632853845062" lon="109.03125410858145">
        <ele>391.6715792575851</ele>
        <time>2022-04-12T23:53:11Z</time>
      </trkpt>
      <trkpt lat="34.30636182935462" lon="109.03186607535946">
        <ele>392.56176037713885</ele>
        <time>2022-04-12T23:53:21Z</time>
      </trkpt>
      <trkpt lat="34.3063997852482" lon="109.03247198635943">
        <ele>393.1824309164658</ele>
        <time>2022-04-12T23:53:31Z</time>
      </trkpt>
      <trkpt lat="34.30640329887512" lon="109.03284271574141">
        <ele>392.67124085500836</ele>
        <time>2022-04-12T23:53:37Z</time>
      </trkpt>
      <trkpt lat="34.3064315837552" lon="109.03308184102067">
        <ele>392.3780465051532</ele>
        <time>2022-04-12T23:53:41Z</time>
      </trkpt>
      <trkpt lat="34.30641526040507" lon="109.03319765608293">
        <ele>392.83890972379595</ele>
        <time>2022-04-12T23:53:43Z</time>
      </trkpt>
      <trkpt lat="34.306455468946865" lon="109.03328389582423">
        <ele>393.02323325537145</ele>
        <time>2022-04-12T23:53:45Z</time>
      </trkpt>
      <trkpt lat="34.30648346295408" lon="109.03341700593403">
        <ele>392.6273258961737</ele>
        <time>2022-04-12T23:53:47Z</time>
      </trkpt>
      <trkpt lat="34.30650736795627" lon="109.0340330173102">
        <ele>392.5771111380309</ele>
        <time>2022-04-12T23:53:57Z</time>
      </trkpt>
      <trkpt lat="34.30656000655831" lon="109.03464345446075">
        <ele>392.314055535011</ele>
        <time>2022-04-12T23:54:07Z</time>
      </trkpt>
      <trkpt lat="34.3065219534765" lon="109.0349748121698">
        <ele>392.7026358023286</ele>
        <time>2022-04-12T23:54:13Z</time>
      </trkpt>
      <trkpt lat="34.306567263516925" lon="109.0353036998421">
        <ele>392.8417306924239</ele>
        <time>2022-04-12T23:54:19Z</time>
      </trkpt>
      <trkpt lat="34.306593784655625" lon="109.03587136610078">
        <ele>392.3874233243987</ele>
        <time>2022-04-12T23:54:29Z</time>
      </trkpt>
      <trkpt lat="34.30659552777477" lon="109.0359831897692">
        <ele>392.82647835370153</ele>
        <time>2022-04-12T23:54:31Z</time>
      </trkpt>
      <trkpt lat="34.306622055776714" lon="109.03606971473407">
        <ele>392.7387983985245</ele>
        <time>2022-04-12T23:54:33Z</time>
      </trkpt>
      <trkpt lat="34.30662678561239" lon="109.03629573095793">
        <ele>392.1412866571918</ele>
        <time>2022-04-12T23:54:41Z</time>
      </trkpt>
      <trkpt lat="34.306595149467704" lon="109.03638829531002">
        <ele>392.1915456922725</ele>
        <time>2022-04-12T23:54:47Z</time>
      </trkpt>
      <trkpt lat="34.30662550868579" lon="109.03687655561173">
        <ele>392.3543063001707</ele>
        <time>2022-04-12T23:55:15Z</time>
      </trkpt>
      <trkpt lat="34.3065950335337" lon="109.0369617728364">
        <ele>392.06934551149607</ele>
        <time>2022-04-12T23:55:21Z</time>
      </trkpt>
      <trkpt lat="34.306560086249306" lon="109.03698960511781">
        <ele>392.0015195775777</ele>
        <time>2022-04-12T23:55:27Z</time>
      </trkpt>
      <trkpt lat="34.30647394564745" lon="109.03701085398075">
        <ele>391.86695292871445</ele>
        <time>2022-04-12T23:55:38Z</time>
      </trkpt>
      <trkpt lat="34.306449744476446" lon="109.03707005842625">
        <ele>391.66148487851024</ele>
        <time>2022-04-12T23:55:48Z</time>
      </trkpt>
    </trkseg>
  </trk>
</gpx>