<?xml version="1.0" encoding="UTF-8"?>
<gpx xmlns="http://www.topografix.com/GPX/1/1" xmlns:gpxtpx="http://www.garmin.com/xmlschemas/TrackPointExtension/v1" xmlns:xsi="http://www.w3.org/2001/XMLSchema-instance" xsi:schemaLocation="http://www.topografix.com/GPX/1/1 http://www.topografix.com/GPX/1/1/gpx.xsd" version="1.1" creator="gpx.py -- https://github.com/tkrajina/gpxpy">
  <trk>
    <name>gpx from keep</name>
    <type>Ride</type>
    <trkseg>
      <trkpt lat="34.32853140708126" lon="108.97995821664162">
        <ele>410.15700912475586</ele>
        <time>2022-04-13T21:37:18Z</time>
      </trkpt>
      <trkpt lat="34.32827764788084" lon="108.98021953728247">
        <ele>403.8546600341797</ele>
        <time>2022-04-13T21:37:40Z</time>
      </trkpt>
      <trkpt lat="34.32853140708126" lon="108.97995821664162">
        <ele>403.8547897338867</ele>
        <time>2022-04-13T21:37:45Z</time>
      </trkpt>
      <trkpt lat="34.328455122322985" lon="108.98038243288286">
        <ele>403.2771759033203</ele>
        <time>2022-04-13T21:38:13Z</time>
      </trkpt>
      <trkpt lat="34.32829936632447" lon="108.98039138628464">
        <ele>400.95809173583984</ele>
        <time>2022-04-13T21:38:30Z</time>
      </trkpt>
      <trkpt lat="34.32856326553545" lon="108.98033737175149">
        <ele>397.6267318725586</ele>
        <time>2022-04-13T21:39:22Z</time>
      </trkpt>
      <trkpt lat="34.328835914745625" lon="108.98017118650023">
        <ele>397.366849899292</ele>
        <time>2022-04-13T21:39:28Z</time>
      </trkpt>
      <trkpt lat="34.3286421590922" lon="108.98033106334489">
        <ele>397.26753997802734</ele>
        <time>2022-04-13T21:39:46Z</time>
      </trkpt>
      <trkpt lat="34.32859948427445" lon="108.98063131071277">
        <ele>395.8494175458327</ele>
        <time>2022-04-13T21:39:53Z</time>
      </trkpt>
      <trkpt lat="34.328544830102906" lon="108.98075925806273">
        <ele>395.83932583313435</ele>
        <time>2022-04-13T21:39:57Z</time>
      </trkpt>
      <trkpt lat="34.32842340696233" lon="108.98077642782737">
        <ele>395.4815175719559</ele>
        <time>2022-04-13T21:40:01Z</time>
      </trkpt>
      <trkpt lat="34.32821411970401" lon="108.9806929291537">
        <ele>395.07469291239977</ele>
        <time>2022-04-13T21:40:08Z</time>
      </trkpt>
      <trkpt lat="34.328147743052725" lon="108.98077784678311">
        <ele>395.2614106889814</ele>
        <time>2022-04-13T21:40:10Z</time>
      </trkpt>
      <trkpt lat="34.32807916140019" lon="108.9807387520753">
        <ele>395.4151619449258</ele>
        <time>2022-04-13T21:40:12Z</time>
      </trkpt>
      <trkpt lat="34.32809189231118" lon="108.98025684423703">
        <ele>395.9672533934936</ele>
        <time>2022-04-13T21:40:22Z</time>
      </trkpt>
      <trkpt lat="34.328119060479445" lon="108.980157559896">
        <ele>396.10378440096974</ele>
        <time>2022-04-13T21:40:24Z</time>
      </trkpt>
      <trkpt lat="34.32810458718032" lon="108.97975990274708">
        <ele>395.84283775649965</ele>
        <time>2022-04-13T21:40:30Z</time>
      </trkpt>
      <trkpt lat="34.32813776102662" lon="108.97963795869867">
        <ele>396.00324108824134</ele>
        <time>2022-04-13T21:40:32Z</time>
      </trkpt>
      <trkpt lat="34.328235401235" lon="108.97954214335783">
        <ele>395.35311427898705</ele>
        <time>2022-04-13T21:40:34Z</time>
      </trkpt>
      <trkpt lat="34.32834822838984" lon="108.97949301361106">
        <ele>396.71410988550633</ele>
        <time>2022-04-13T21:40:36Z</time>
      </trkpt>
      <trkpt lat="34.328832008332085" lon="108.97950255884848">
        <ele>396.45832481980324</ele>
        <time>2022-04-13T21:40:44Z</time>
      </trkpt>
      <trkpt lat="34.32932088935333" lon="108.97949916796823">
        <ele>395.5536102699116</ele>
        <time>2022-04-13T21:40:52Z</time>
      </trkpt>
      <trkpt lat="34.3295507720366" lon="108.97949902975292">
        <ele>395.078993357718</ele>
        <time>2022-04-13T21:40:56Z</time>
      </trkpt>
      <trkpt lat="34.32966582362202" lon="108.97951960293032">
        <ele>396.1799494549632</ele>
        <time>2022-04-13T21:40:58Z</time>
      </trkpt>
      <trkpt lat="34.329971198107515" lon="108.97967107839287">
        <ele>395.69887918327004</ele>
        <time>2022-04-13T21:41:04Z</time>
      </trkpt>
      <trkpt lat="34.33008642851341" lon="108.97968626618594">
        <ele>395.9131151717156</ele>
        <time>2022-04-13T21:41:06Z</time>
      </trkpt>
      <trkpt lat="34.33044607594318" lon="108.97966127238554">
        <ele>394.9870398109779</ele>
        <time>2022-04-13T21:41:12Z</time>
      </trkpt>
      <trkpt lat="34.33055701889133" lon="108.97966921581478">
        <ele>394.1479911580682</ele>
        <time>2022-04-13T21:41:14Z</time>
      </trkpt>
      <trkpt lat="34.330661955172296" lon="108.97971674284624">
        <ele>394.3819058323279</ele>
        <time>2022-04-13T21:41:16Z</time>
      </trkpt>
      <trkpt lat="34.33074876617619" lon="108.97980385154119">
        <ele>394.6829103063792</ele>
        <time>2022-04-13T21:41:18Z</time>
      </trkpt>
      <trkpt lat="34.33079449060628" lon="108.97993965629443">
        <ele>394.89969123061746</ele>
        <time>2022-04-13T21:41:20Z</time>
      </trkpt>
      <trkpt lat="34.33078585632697" lon="108.98054215887481">
        <ele>395.763743664138</ele>
        <time>2022-04-13T21:41:28Z</time>
      </trkpt>
      <trkpt lat="34.33076034531458" lon="108.98110874956832">
        <ele>395.3957791775465</ele>
        <time>2022-04-13T21:41:35Z</time>
      </trkpt>
      <trkpt lat="34.330752781447174" lon="108.98176311723427">
        <ele>395.9301630221307</ele>
        <time>2022-04-13T21:41:43Z</time>
      </trkpt>
      <trkpt lat="34.33071105385201" lon="108.9823996513084">
        <ele>394.9771434199065</ele>
        <time>2022-04-13T21:41:51Z</time>
      </trkpt>
      <trkpt lat="34.3307062330693" lon="108.98306021888035">
        <ele>395.0611014114693</ele>
        <time>2022-04-13T21:41:59Z</time>
      </trkpt>
      <trkpt lat="34.33069281205497" lon="108.98372704341406">
        <ele>394.89621731918305</ele>
        <time>2022-04-13T21:42:07Z</time>
      </trkpt>
      <trkpt lat="34.33068920518735" lon="108.98425736637974">
        <ele>394.3851079111919</ele>
        <time>2022-04-13T21:42:13Z</time>
      </trkpt>
      <trkpt lat="34.33066873767754" lon="108.98493091054917">
        <ele>395.23073163535446</ele>
        <time>2022-04-13T21:42:21Z</time>
      </trkpt>
      <trkpt lat="34.33064176151013" lon="108.98559635019097">
        <ele>393.28447240777314</ele>
        <time>2022-04-13T21:42:29Z</time>
      </trkpt>
      <trkpt lat="34.330618050656405" lon="108.98579038160938">
        <ele>392.9582253927365</ele>
        <time>2022-04-13T21:42:31Z</time>
      </trkpt>
      <trkpt lat="34.33056717392822" lon="108.98599982582515">
        <ele>393.234135591425</ele>
        <time>2022-04-13T21:42:33Z</time>
      </trkpt>
      <trkpt lat="34.330566460765965" lon="108.98630996802318">
        <ele>393.5264673093334</ele>
        <time>2022-04-13T21:42:37Z</time>
      </trkpt>
      <trkpt lat="34.330532465221346" lon="108.98645919395949">
        <ele>392.6650584572926</ele>
        <time>2022-04-13T21:42:39Z</time>
      </trkpt>
      <trkpt lat="34.330531779668235" lon="108.98703493259882">
        <ele>393.5762322889641</ele>
        <time>2022-04-13T21:42:45Z</time>
      </trkpt>
      <trkpt lat="34.33052670434128" lon="108.9871368523244">
        <ele>392.884672710672</ele>
        <time>2022-04-13T21:42:46Z</time>
      </trkpt>
      <trkpt lat="34.33039120351909" lon="108.98743793377749">
        <ele>393.2787601277232</ele>
        <time>2022-04-13T21:42:50Z</time>
      </trkpt>
      <trkpt lat="34.33037876394074" lon="108.98803947748948">
        <ele>392.6301403855905</ele>
        <time>2022-04-13T21:42:56Z</time>
      </trkpt>
      <trkpt lat="34.33038421000372" lon="108.98822692387428">
        <ele>391.8534237360582</ele>
        <time>2022-04-13T21:42:58Z</time>
      </trkpt>
      <trkpt lat="34.33042552048105" lon="108.98841894636585">
        <ele>392.0721934782341</ele>
        <time>2022-04-13T21:43:00Z</time>
      </trkpt>
      <trkpt lat="34.33051406440891" lon="108.98861061049209">
        <ele>392.24084653612226</ele>
        <time>2022-04-13T21:43:02Z</time>
      </trkpt>
      <trkpt lat="34.33053858758097" lon="108.98880242905545">
        <ele>393.13704257737845</ele>
        <time>2022-04-13T21:43:04Z</time>
      </trkpt>
      <trkpt lat="34.33057962159075" lon="108.98895849446042">
        <ele>392.74030254315585</ele>
        <time>2022-04-13T21:43:06Z</time>
      </trkpt>
      <trkpt lat="34.3306264732664" lon="108.98940639076223">
        <ele>391.6952757537365</ele>
        <time>2022-04-13T21:43:12Z</time>
      </trkpt>
      <trkpt lat="34.33060570596175" lon="108.98958610580506">
        <ele>392.0621194411069</ele>
        <time>2022-04-13T21:43:14Z</time>
      </trkpt>
      <trkpt lat="34.33064208909727" lon="108.98973542087879">
        <ele>391.82115943264216</ele>
        <time>2022-04-13T21:43:16Z</time>
      </trkpt>
      <trkpt lat="34.33064049626345" lon="108.99004540819233">
        <ele>390.8510079057887</ele>
        <time>2022-04-13T21:43:20Z</time>
      </trkpt>
      <trkpt lat="34.33058278175528" lon="108.99061210706633">
        <ele>391.5856816591695</ele>
        <time>2022-04-13T21:43:28Z</time>
      </trkpt>
      <trkpt lat="34.33065023891488" lon="108.9910309684923">
        <ele>391.4927725372836</ele>
        <time>2022-04-13T21:43:34Z</time>
      </trkpt>
      <trkpt lat="34.33065938862269" lon="108.9912130890212">
        <ele>391.2132781352848</ele>
        <time>2022-04-13T21:43:36Z</time>
      </trkpt>
      <trkpt lat="34.3306189124999" lon="108.9915239625459">
        <ele>390.9340833192691</ele>
        <time>2022-04-13T21:43:40Z</time>
      </trkpt>
      <trkpt lat="34.33061943526796" lon="108.99204609537335">
        <ele>392.6214931188151</ele>
        <time>2022-04-13T21:43:46Z</time>
      </trkpt>
      <trkpt lat="34.330602156234676" lon="108.99260793267587">
        <ele>393.31507948506624</ele>
        <time>2022-04-13T21:43:52Z</time>
      </trkpt>
      <trkpt lat="34.330586062803874" lon="108.99328441896294">
        <ele>393.3699478171766</ele>
        <time>2022-04-13T21:44:00Z</time>
      </trkpt>
      <trkpt lat="34.3305910158759" lon="108.99345694815229">
        <ele>394.3828535079956</ele>
        <time>2022-04-13T21:44:02Z</time>
      </trkpt>
      <trkpt lat="34.33056797499324" lon="108.9938594279653">
        <ele>393.63982221949846</ele>
        <time>2022-04-13T21:44:07Z</time>
      </trkpt>
      <trkpt lat="34.330625978821715" lon="108.99431539335669">
        <ele>393.32913636416197</ele>
        <time>2022-04-13T21:44:13Z</time>
      </trkpt>
      <trkpt lat="34.33066064958334" lon="108.99483644049447">
        <ele>393.56426491215825</ele>
        <time>2022-04-13T21:44:19Z</time>
      </trkpt>
      <trkpt lat="34.330699895561736" lon="108.99498501832507">
        <ele>393.3143473668024</ele>
        <time>2022-04-13T21:44:21Z</time>
      </trkpt>
      <trkpt lat="34.330693081820314" lon="108.99517895565621">
        <ele>393.2964516412467</ele>
        <time>2022-04-13T21:44:23Z</time>
      </trkpt>
      <trkpt lat="34.330730665754565" lon="108.99539175592766">
        <ele>393.14618777669966</ele>
        <time>2022-04-13T21:44:25Z</time>
      </trkpt>
      <trkpt lat="34.330721834759295" lon="108.99559161173313">
        <ele>393.13088113907725</ele>
        <time>2022-04-13T21:44:27Z</time>
      </trkpt>
      <trkpt lat="34.33081414532531" lon="108.99613328637986">
        <ele>393.00825550220907</ele>
        <time>2022-04-13T21:44:33Z</time>
      </trkpt>
      <trkpt lat="34.33085680186757" lon="108.99632015273295">
        <ele>393.9331765063107</ele>
        <time>2022-04-13T21:44:35Z</time>
      </trkpt>
      <trkpt lat="34.330870206890154" lon="108.99649643474766">
        <ele>392.6528629017994</ele>
        <time>2022-04-13T21:44:37Z</time>
      </trkpt>
      <trkpt lat="34.33093554843729" lon="108.99682332702082">
        <ele>392.7170496173203</ele>
        <time>2022-04-13T21:44:41Z</time>
      </trkpt>
      <trkpt lat="34.3310898576983" lon="108.99731707556809">
        <ele>391.6835371227935</ele>
        <time>2022-04-13T21:44:47Z</time>
      </trkpt>
      <trkpt lat="34.33123013443863" lon="108.99783290331044">
        <ele>391.9761785790324</ele>
        <time>2022-04-13T21:44:53Z</time>
      </trkpt>
      <trkpt lat="34.331348785677164" lon="108.99836951021082">
        <ele>391.8034361684695</ele>
        <time>2022-04-13T21:44:59Z</time>
      </trkpt>
      <trkpt lat="34.3314411437917" lon="108.9989433517502">
        <ele>391.9454029183835</ele>
        <time>2022-04-13T21:45:05Z</time>
      </trkpt>
      <trkpt lat="34.331488083827296" lon="108.99949727374413">
        <ele>391.37838473170996</ele>
        <time>2022-04-13T21:45:11Z</time>
      </trkpt>
      <trkpt lat="34.33153783391308" lon="109.00008132558018">
        <ele>391.31536993104964</ele>
        <time>2022-04-13T21:45:17Z</time>
      </trkpt>
      <trkpt lat="34.33154013329537" lon="109.0006563645139">
        <ele>390.4856156222522</ele>
        <time>2022-04-13T21:45:23Z</time>
      </trkpt>
      <trkpt lat="34.331533423901405" lon="109.00122506759547">
        <ele>391.30015766620636</ele>
        <time>2022-04-13T21:45:29Z</time>
      </trkpt>
      <trkpt lat="34.331522499612944" lon="109.00179730615821">
        <ele>390.55850194301456</ele>
        <time>2022-04-13T21:45:35Z</time>
      </trkpt>
      <trkpt lat="34.3315220410546" lon="109.00236519069979">
        <ele>390.53816668502986</ele>
        <time>2022-04-13T21:45:41Z</time>
      </trkpt>
      <trkpt lat="34.33150070932266" lon="109.00295094594429">
        <ele>389.18279834650457</ele>
        <time>2022-04-13T21:45:47Z</time>
      </trkpt>
      <trkpt lat="34.331498686150944" lon="109.00352405579133">
        <ele>389.03637525159866</ele>
        <time>2022-04-13T21:45:53Z</time>
      </trkpt>
      <trkpt lat="34.33147530309447" lon="109.00409496982653">
        <ele>387.96926499530673</ele>
        <time>2022-04-13T21:45:59Z</time>
      </trkpt>
      <trkpt lat="34.33145808999549" lon="109.00428373079865">
        <ele>387.7115043513477</ele>
        <time>2022-04-13T21:46:01Z</time>
      </trkpt>
      <trkpt lat="34.33147038943131" lon="109.00485205279031">
        <ele>387.08463402930647</ele>
        <time>2022-04-13T21:46:07Z</time>
      </trkpt>
      <trkpt lat="34.33145974208514" lon="109.00523787325923">
        <ele>386.28977997787297</ele>
        <time>2022-04-13T21:46:11Z</time>
      </trkpt>
      <trkpt lat="34.33151743707924" lon="109.00585017294159">
        <ele>387.9050731956959</ele>
        <time>2022-04-13T21:46:17Z</time>
      </trkpt>
      <trkpt lat="34.33152198982354" lon="109.0062047932927">
        <ele>387.5491684433073</ele>
        <time>2022-04-13T21:46:21Z</time>
      </trkpt>
      <trkpt lat="34.331465538299874" lon="109.00643941350411">
        <ele>386.9877921612933</ele>
        <time>2022-04-13T21:46:25Z</time>
      </trkpt>
      <trkpt lat="34.331417652357" lon="109.00702582700917">
        <ele>387.87694863043725</ele>
        <time>2022-04-13T21:46:33Z</time>
      </trkpt>
      <trkpt lat="34.331416565835006" lon="109.00761929314366">
        <ele>384.71423803828657</ele>
        <time>2022-04-13T21:46:41Z</time>
      </trkpt>
      <trkpt lat="34.331433260423346" lon="109.00811834421671">
        <ele>386.98712737858295</ele>
        <time>2022-04-13T21:46:47Z</time>
      </trkpt>
      <trkpt lat="34.33142083125046" lon="109.0082869563593">
        <ele>385.9974994286895</ele>
        <time>2022-04-13T21:46:49Z</time>
      </trkpt>
      <trkpt lat="34.33141829519727" lon="109.00881985825512">
        <ele>385.14093073643744</ele>
        <time>2022-04-13T21:46:55Z</time>
      </trkpt>
      <trkpt lat="34.331418245155724" lon="109.00934442094305">
        <ele>386.0728273363784</ele>
        <time>2022-04-13T21:47:01Z</time>
      </trkpt>
      <trkpt lat="34.33143916787792" lon="109.00987366328985">
        <ele>386.8056996278465</ele>
        <time>2022-04-13T21:47:07Z</time>
      </trkpt>
      <trkpt lat="34.33151859566806" lon="109.01038837415037">
        <ele>387.6785471858457</ele>
        <time>2022-04-13T21:47:13Z</time>
      </trkpt>
      <trkpt lat="34.33165378987171" lon="109.0110306782605">
        <ele>386.85207775142044</ele>
        <time>2022-04-13T21:47:21Z</time>
      </trkpt>
      <trkpt lat="34.33183353698742" lon="109.01165685668919">
        <ele>388.5626716930419</ele>
        <time>2022-04-13T21:47:29Z</time>
      </trkpt>
      <trkpt lat="34.33193916024299" lon="109.01195268260949">
        <ele>388.42132758628577</ele>
        <time>2022-04-13T21:47:33Z</time>
      </trkpt>
      <trkpt lat="34.331968242289264" lon="109.01207692930693">
        <ele>385.2607737351209</ele>
        <time>2022-04-13T21:47:35Z</time>
      </trkpt>
      <trkpt lat="34.33212582963765" lon="109.01246332733658">
        <ele>387.1016577007249</ele>
        <time>2022-04-13T21:47:41Z</time>
      </trkpt>
      <trkpt lat="34.3323262330918" lon="109.01282185237376">
        <ele>389.25649773236364</ele>
        <time>2022-04-13T21:47:47Z</time>
      </trkpt>
      <trkpt lat="34.332333634856774" lon="109.01296863638686">
        <ele>388.9946775045246</ele>
        <time>2022-04-13T21:47:49Z</time>
      </trkpt>
      <trkpt lat="34.33229454154607" lon="109.01310568611349">
        <ele>389.1378677431494</ele>
        <time>2022-04-13T21:47:51Z</time>
      </trkpt>
      <trkpt lat="34.332215586446516" lon="109.0132080703314">
        <ele>389.3887468678877</ele>
        <time>2022-04-13T21:47:53Z</time>
      </trkpt>
      <trkpt lat="34.33175749812012" lon="109.01355591220238">
        <ele>388.7735103247687</ele>
        <time>2022-04-13T21:48:01Z</time>
      </trkpt>
      <trkpt lat="34.33127369392767" lon="109.01391778011407">
        <ele>388.6210748171434</ele>
        <time>2022-04-13T21:48:09Z</time>
      </trkpt>
      <trkpt lat="34.33089471755037" lon="109.01420991062183">
        <ele>388.6006050845608</ele>
        <time>2022-04-13T21:48:15Z</time>
      </trkpt>
      <trkpt lat="34.33050871058154" lon="109.01448285112994">
        <ele>388.5431738672778</ele>
        <time>2022-04-13T21:48:21Z</time>
      </trkpt>
      <trkpt lat="34.3301353757805" lon="109.01477832818624">
        <ele>387.89735537953675</ele>
        <time>2022-04-13T21:48:27Z</time>
      </trkpt>
      <trkpt lat="34.329798304014496" lon="109.01512516221976">
        <ele>388.72588674351573</ele>
        <time>2022-04-13T21:48:33Z</time>
      </trkpt>
      <trkpt lat="34.32948727100638" lon="109.01549446251397">
        <ele>389.29576891940087</ele>
        <time>2022-04-13T21:48:39Z</time>
      </trkpt>
      <trkpt lat="34.32918883369672" lon="109.01590484985175">
        <ele>389.09054271504283</ele>
        <time>2022-04-13T21:48:45Z</time>
      </trkpt>
      <trkpt lat="34.32890944203673" lon="109.01633500238304">
        <ele>388.0826285528019</ele>
        <time>2022-04-13T21:48:51Z</time>
      </trkpt>
      <trkpt lat="34.328643148457964" lon="109.0167916817833">
        <ele>388.1022516125813</ele>
        <time>2022-04-13T21:48:57Z</time>
      </trkpt>
      <trkpt lat="34.32835211273657" lon="109.01724487963392">
        <ele>388.2225778615102</ele>
        <time>2022-04-13T21:49:03Z</time>
      </trkpt>
      <trkpt lat="34.32807463969516" lon="109.01767326246505">
        <ele>388.72452592570335</ele>
        <time>2022-04-13T21:49:09Z</time>
      </trkpt>
      <trkpt lat="34.32782797335484" lon="109.01807554419347">
        <ele>389.67234574537724</ele>
        <time>2022-04-13T21:49:15Z</time>
      </trkpt>
      <trkpt lat="34.327748378968316" lon="109.01817845317532">
        <ele>388.91877639107406</ele>
        <time>2022-04-13T21:49:17Z</time>
      </trkpt>
      <trkpt lat="34.32771693683556" lon="109.01830382126826">
        <ele>388.9317028429359</ele>
        <time>2022-04-13T21:49:19Z</time>
      </trkpt>
      <trkpt lat="34.32763167097075" lon="109.01842178738636">
        <ele>388.2841089339927</ele>
        <time>2022-04-13T21:49:23Z</time>
      </trkpt>
      <trkpt lat="34.327486325886454" lon="109.01851408939176">
        <ele>388.31614373251796</ele>
        <time>2022-04-13T21:49:27Z</time>
      </trkpt>
      <trkpt lat="34.327349666285784" lon="109.01871187147407">
        <ele>387.63785244431347</ele>
        <time>2022-04-13T21:49:33Z</time>
      </trkpt>
      <trkpt lat="34.327315234535995" lon="109.01889307179738">
        <ele>388.3185479864478</ele>
        <time>2022-04-13T21:49:37Z</time>
      </trkpt>
      <trkpt lat="34.32699780425818" lon="109.0194363286399">
        <ele>388.5176980094984</ele>
        <time>2022-04-13T21:49:47Z</time>
      </trkpt>
      <trkpt lat="34.32665851201755" lon="109.01997194920408">
        <ele>389.10419487487525</ele>
        <time>2022-04-13T21:49:55Z</time>
      </trkpt>
      <trkpt lat="34.32635292099199" lon="109.02034951708285">
        <ele>388.5153642753139</ele>
        <time>2022-04-13T21:50:01Z</time>
      </trkpt>
      <trkpt lat="34.32599720729826" lon="109.02068813837094">
        <ele>388.4161088205874</ele>
        <time>2022-04-13T21:50:07Z</time>
      </trkpt>
      <trkpt lat="34.32563162288963" lon="109.02098690498919">
        <ele>388.0505150575191</ele>
        <time>2022-04-13T21:50:13Z</time>
      </trkpt>
      <trkpt lat="34.32524203175091" lon="109.02122672914011">
        <ele>388.57068589888513</ele>
        <time>2022-04-13T21:50:19Z</time>
      </trkpt>
      <trkpt lat="34.32483300861636" lon="109.0214234668751">
        <ele>388.3973370278254</ele>
        <time>2022-04-13T21:50:25Z</time>
      </trkpt>
      <trkpt lat="34.3244087300779" lon="109.02158313251884">
        <ele>388.3115613460541</ele>
        <time>2022-04-13T21:50:31Z</time>
      </trkpt>
      <trkpt lat="34.32396788561401" lon="109.02168092099666">
        <ele>388.39701247029006</ele>
        <time>2022-04-13T21:50:37Z</time>
      </trkpt>
      <trkpt lat="34.323516523503855" lon="109.02173338957459">
        <ele>389.5297823958099</ele>
        <time>2022-04-13T21:50:43Z</time>
      </trkpt>
      <trkpt lat="34.323080126463324" lon="109.02175173846197">
        <ele>390.125013214536</ele>
        <time>2022-04-13T21:50:49Z</time>
      </trkpt>
      <trkpt lat="34.32265435895192" lon="109.02177271069898">
        <ele>390.0315476208925</ele>
        <time>2022-04-13T21:50:55Z</time>
      </trkpt>
      <trkpt lat="34.32207903266696" lon="109.02172434408261">
        <ele>390.2775868419558</ele>
        <time>2022-04-13T21:51:03Z</time>
      </trkpt>
      <trkpt lat="34.321646776525384" lon="109.02166956992957">
        <ele>390.62751796655357</ele>
        <time>2022-04-13T21:51:09Z</time>
      </trkpt>
      <trkpt lat="34.321503512366135" lon="109.02167198955125">
        <ele>390.0017009396106</ele>
        <time>2022-04-13T21:51:11Z</time>
      </trkpt>
      <trkpt lat="34.3212153228467" lon="109.0216284517059">
        <ele>389.93921535648406</ele>
        <time>2022-04-13T21:51:15Z</time>
      </trkpt>
      <trkpt lat="34.32107892583003" lon="109.02157810717496">
        <ele>390.49883199390024</ele>
        <time>2022-04-13T21:51:17Z</time>
      </trkpt>
      <trkpt lat="34.32050296565588" lon="109.02149376870642">
        <ele>390.63326104544103</ele>
        <time>2022-04-13T21:51:25Z</time>
      </trkpt>
      <trkpt lat="34.32008101579032" lon="109.02142841902615">
        <ele>390.1873320788145</ele>
        <time>2022-04-13T21:51:31Z</time>
      </trkpt>
      <trkpt lat="34.3196488735004" lon="109.02139750654581">
        <ele>390.1101260865107</ele>
        <time>2022-04-13T21:51:37Z</time>
      </trkpt>
      <trkpt lat="34.31921820973355" lon="109.02136208633347">
        <ele>391.4860154222697</ele>
        <time>2022-04-13T21:51:43Z</time>
      </trkpt>
      <trkpt lat="34.318784293588756" lon="109.02139731733416">
        <ele>390.526911213994</ele>
        <time>2022-04-13T21:51:49Z</time>
      </trkpt>
      <trkpt lat="34.31835203386915" lon="109.0214420666605">
        <ele>390.91583315096796</ele>
        <time>2022-04-13T21:51:55Z</time>
      </trkpt>
      <trkpt lat="34.31792067091398" lon="109.02149111280292">
        <ele>390.7699512336403</ele>
        <time>2022-04-13T21:52:01Z</time>
      </trkpt>
      <trkpt lat="34.31747856429662" lon="109.02155390024932">
        <ele>392.53451512753963</ele>
        <time>2022-04-13T21:52:07Z</time>
      </trkpt>
      <trkpt lat="34.317041770699305" lon="109.0215980928281">
        <ele>391.15264753904194</ele>
        <time>2022-04-13T21:52:13Z</time>
      </trkpt>
      <trkpt lat="34.31690661698716" lon="109.02160725919533">
        <ele>391.588499748148</ele>
        <time>2022-04-13T21:52:15Z</time>
      </trkpt>
      <trkpt lat="34.31677051705628" lon="109.02167518154907">
        <ele>390.850485580042</ele>
        <time>2022-04-13T21:52:17Z</time>
      </trkpt>
      <trkpt lat="34.316639239600754" lon="109.02170040818493">
        <ele>391.37908755708486</ele>
        <time>2022-04-13T21:52:19Z</time>
      </trkpt>
      <trkpt lat="34.31650114736063" lon="109.02170252645499">
        <ele>390.9060301464051</ele>
        <time>2022-04-13T21:52:21Z</time>
      </trkpt>
      <trkpt lat="34.316087463516844" lon="109.02185445150018">
        <ele>391.2654142603278</ele>
        <time>2022-04-13T21:52:27Z</time>
      </trkpt>
      <trkpt lat="34.315824491966396" lon="109.02200014412584">
        <ele>391.83043981250376</ele>
        <time>2022-04-13T21:52:31Z</time>
      </trkpt>
      <trkpt lat="34.31535459242344" lon="109.02239936690862">
        <ele>391.61138464603573</ele>
        <time>2022-04-13T21:52:39Z</time>
      </trkpt>
      <trkpt lat="34.31499992898732" lon="109.02271452831822">
        <ele>391.731118703261</ele>
        <time>2022-04-13T21:52:45Z</time>
      </trkpt>
      <trkpt lat="34.31476449440812" lon="109.02290647205292">
        <ele>392.06970449816436</ele>
        <time>2022-04-13T21:52:49Z</time>
      </trkpt>
      <trkpt lat="34.314340257979296" lon="109.02327706713703">
        <ele>393.287311793305</ele>
        <time>2022-04-13T21:52:57Z</time>
      </trkpt>
      <trkpt lat="34.31390343724321" lon="109.0235980194056">
        <ele>391.7540516424924</ele>
        <time>2022-04-13T21:53:07Z</time>
      </trkpt>
      <trkpt lat="34.31346666944691" lon="109.02392934449135">
        <ele>391.4673588126898</ele>
        <time>2022-04-13T21:53:19Z</time>
      </trkpt>
      <trkpt lat="34.3130498822724" lon="109.02423504292008">
        <ele>390.69628650229424</ele>
        <time>2022-04-13T21:53:29Z</time>
      </trkpt>
      <trkpt lat="34.31265177360657" lon="109.02451766758864">
        <ele>390.2262727981433</ele>
        <time>2022-04-13T21:53:39Z</time>
      </trkpt>
      <trkpt lat="34.31221308806445" lon="109.02479225679994">
        <ele>391.1678861910477</ele>
        <time>2022-04-13T21:53:49Z</time>
      </trkpt>
      <trkpt lat="34.31178440892396" lon="109.02510304480829">
        <ele>391.26682584080845</ele>
        <time>2022-04-13T21:53:59Z</time>
      </trkpt>
      <trkpt lat="34.3116852176609" lon="109.02517541001369">
        <ele>392.15414231829345</ele>
        <time>2022-04-13T21:54:01Z</time>
      </trkpt>
      <trkpt lat="34.31146922668767" lon="109.02525441199467">
        <ele>391.58229759149253</ele>
        <time>2022-04-13T21:54:05Z</time>
      </trkpt>
      <trkpt lat="34.31122773694438" lon="109.0252960603777">
        <ele>392.19026634749025</ele>
        <time>2022-04-13T21:54:09Z</time>
      </trkpt>
      <trkpt lat="34.3110944265055" lon="109.02533752251792">
        <ele>392.1819653622806</ele>
        <time>2022-04-13T21:54:11Z</time>
      </trkpt>
      <trkpt lat="34.310719716594704" lon="109.0252367253882">
        <ele>391.61942549142987</ele>
        <time>2022-04-13T21:54:17Z</time>
      </trkpt>
      <trkpt lat="34.310463921602455" lon="109.02511051762924">
        <ele>391.90648909658194</ele>
        <time>2022-04-13T21:54:21Z</time>
      </trkpt>
      <trkpt lat="34.31023126602706" lon="109.02492228415527">
        <ele>392.17061217315495</ele>
        <time>2022-04-13T21:54:25Z</time>
      </trkpt>
      <trkpt lat="34.30992829487963" lon="109.02455182475089">
        <ele>391.2954368656501</ele>
        <time>2022-04-13T21:54:31Z</time>
      </trkpt>
      <trkpt lat="34.30957498071027" lon="109.02423660927583">
        <ele>391.15720558539033</ele>
        <time>2022-04-13T21:54:37Z</time>
      </trkpt>
      <trkpt lat="34.30920818812081" lon="109.02398453067511">
        <ele>391.2089482517913</ele>
        <time>2022-04-13T21:54:43Z</time>
      </trkpt>
      <trkpt lat="34.308673725276805" lon="109.02386105641541">
        <ele>392.08877155184746</ele>
        <time>2022-04-13T21:54:51Z</time>
      </trkpt>
      <trkpt lat="34.308547891352084" lon="109.02383306319577">
        <ele>391.6495705386624</ele>
        <time>2022-04-13T21:54:53Z</time>
      </trkpt>
      <trkpt lat="34.3079999210788" lon="109.02382378458292">
        <ele>389.96753890812397</ele>
        <time>2022-04-13T21:55:01Z</time>
      </trkpt>
      <trkpt lat="34.30743185248673" lon="109.02381751108226">
        <ele>391.91995175834745</ele>
        <time>2022-04-13T21:55:09Z</time>
      </trkpt>
      <trkpt lat="34.306858408674124" lon="109.02381743937052">
        <ele>392.15592066943645</ele>
        <time>2022-04-13T21:55:17Z</time>
      </trkpt>
      <trkpt lat="34.30657187398689" lon="109.0238139042512">
        <ele>391.0888964245096</ele>
        <time>2022-04-13T21:55:21Z</time>
      </trkpt>
      <trkpt lat="34.30613454491512" lon="109.02376286582133">
        <ele>393.4373763166368</ele>
        <time>2022-04-13T21:55:27Z</time>
      </trkpt>
      <trkpt lat="34.305848157852054" lon="109.02377531612743">
        <ele>394.3811277206987</ele>
        <time>2022-04-13T21:55:31Z</time>
      </trkpt>
      <trkpt lat="34.30555860529423" lon="109.02377542061626">
        <ele>393.8499231059104</ele>
        <time>2022-04-13T21:55:35Z</time>
      </trkpt>
      <trkpt lat="34.30510645237455" lon="109.02384124107573">
        <ele>394.90840152371675</ele>
        <time>2022-04-13T21:55:41Z</time>
      </trkpt>
      <trkpt lat="34.30482152438694" lon="109.02394119011502">
        <ele>394.43995034787804</ele>
        <time>2022-04-13T21:55:45Z</time>
      </trkpt>
      <trkpt lat="34.3045511428123" lon="109.02410217454353">
        <ele>393.47382291499525</ele>
        <time>2022-04-13T21:55:49Z</time>
      </trkpt>
      <trkpt lat="34.30431590336792" lon="109.02430588351581">
        <ele>394.900215478614</ele>
        <time>2022-04-13T21:55:53Z</time>
      </trkpt>
      <trkpt lat="34.30394783002176" lon="109.0247337650426">
        <ele>393.71271536592394</ele>
        <time>2022-04-13T21:56:01Z</time>
      </trkpt>
      <trkpt lat="34.30373742307864" lon="109.02503617865155">
        <ele>392.64309968519956</ele>
        <time>2022-04-13T21:56:07Z</time>
      </trkpt>
      <trkpt lat="34.30363660306574" lon="109.02524062757544">
        <ele>392.9190597003326</ele>
        <time>2022-04-13T21:56:11Z</time>
      </trkpt>
      <trkpt lat="34.30360577347877" lon="109.02535481935769">
        <ele>393.2337497295812</ele>
        <time>2022-04-13T21:56:13Z</time>
      </trkpt>
      <trkpt lat="34.30336659244216" lon="109.02582865085654">
        <ele>393.12521625775844</ele>
        <time>2022-04-13T21:56:21Z</time>
      </trkpt>
      <trkpt lat="34.303301779166326" lon="109.02596764307715">
        <ele>393.49366325698793</ele>
        <time>2022-04-13T21:56:23Z</time>
      </trkpt>
      <trkpt lat="34.302929124215545" lon="109.026495438862">
        <ele>393.54313991963863</ele>
        <time>2022-04-13T21:56:31Z</time>
      </trkpt>
      <trkpt lat="34.30252206401164" lon="109.02695890471206">
        <ele>393.26878458075225</ele>
        <time>2022-04-13T21:56:39Z</time>
      </trkpt>
      <trkpt lat="34.302087544071384" lon="109.02739302274075">
        <ele>392.62561415787786</ele>
        <time>2022-04-13T21:56:47Z</time>
      </trkpt>
      <trkpt lat="34.3017088887343" lon="109.0276469341702">
        <ele>393.3704601638019</ele>
        <time>2022-04-13T21:56:53Z</time>
      </trkpt>
      <trkpt lat="34.301312945925424" lon="109.02784855703244">
        <ele>394.2174583254382</ele>
        <time>2022-04-13T21:56:59Z</time>
      </trkpt>
      <trkpt lat="34.30090402312131" lon="109.02800223411559">
        <ele>394.3646616553888</ele>
        <time>2022-04-13T21:57:05Z</time>
      </trkpt>
      <trkpt lat="34.300614371235724" lon="109.02804847426607">
        <ele>393.8781043337658</ele>
        <time>2022-04-13T21:57:09Z</time>
      </trkpt>
      <trkpt lat="34.30018268834444" lon="109.02813470963461">
        <ele>394.24332483299077</ele>
        <time>2022-04-13T21:57:15Z</time>
      </trkpt>
      <trkpt lat="34.30004804426526" lon="109.02818122264277">
        <ele>393.95206695608795</ele>
        <time>2022-04-13T21:57:17Z</time>
      </trkpt>
      <trkpt lat="34.299900362794894" lon="109.02816137638848">
        <ele>394.45014138612896</ele>
        <time>2022-04-13T21:57:19Z</time>
      </trkpt>
      <trkpt lat="34.29976631646632" lon="109.02823478698193">
        <ele>394.34306859597564</ele>
        <time>2022-04-13T21:57:21Z</time>
      </trkpt>
      <trkpt lat="34.29962662509984" lon="109.02826028649024">
        <ele>394.9073158716783</ele>
        <time>2022-04-13T21:57:23Z</time>
      </trkpt>
      <trkpt lat="34.29948961901721" lon="109.02823890481325">
        <ele>394.54741411376745</ele>
        <time>2022-04-13T21:57:25Z</time>
      </trkpt>
      <trkpt lat="34.29907434693929" lon="109.02830709967927">
        <ele>395.1784968841821</ele>
        <time>2022-04-13T21:57:31Z</time>
      </trkpt>
      <trkpt lat="34.298801274869085" lon="109.02833418059505">
        <ele>395.52691412810236</ele>
        <time>2022-04-13T21:57:35Z</time>
      </trkpt>
      <trkpt lat="34.2982215809732" lon="109.0283649237318">
        <ele>397.5292972289026</ele>
        <time>2022-04-13T21:57:43Z</time>
      </trkpt>
      <trkpt lat="34.29765107656149" lon="109.02834322927814">
        <ele>396.87690170295537</ele>
        <time>2022-04-13T21:57:51Z</time>
      </trkpt>
      <trkpt lat="34.297203688263615" lon="109.02836112823577">
        <ele>397.44178495835513</ele>
        <time>2022-04-13T21:57:57Z</time>
      </trkpt>
      <trkpt lat="34.29676582984106" lon="109.02840739688045">
        <ele>397.9075561752543</ele>
        <time>2022-04-13T21:58:03Z</time>
      </trkpt>
      <trkpt lat="34.29662499298" lon="109.02841645115373">
        <ele>398.9384751999751</ele>
        <time>2022-04-13T21:58:05Z</time>
      </trkpt>
      <trkpt lat="34.29648613518701" lon="109.02844835489836">
        <ele>399.69396921712905</ele>
        <time>2022-04-13T21:58:07Z</time>
      </trkpt>
      <trkpt lat="34.296371800540825" lon="109.02850179586858">
        <ele>399.16079807654023</ele>
        <time>2022-04-13T21:58:09Z</time>
      </trkpt>
      <trkpt lat="34.29623985865038" lon="109.02852654443764">
        <ele>398.24433172959834</ele>
        <time>2022-04-13T21:58:11Z</time>
      </trkpt>
      <trkpt lat="34.296022004962495" lon="109.02854405758015">
        <ele>397.7796126008034</ele>
        <time>2022-04-13T21:58:15Z</time>
      </trkpt>
      <trkpt lat="34.29582295990219" lon="109.02860928184067">
        <ele>398.26613895688206</ele>
        <time>2022-04-13T21:58:19Z</time>
      </trkpt>
      <trkpt lat="34.29533093583538" lon="109.02869986267719">
        <ele>398.41090562194586</ele>
        <time>2022-04-13T21:58:29Z</time>
      </trkpt>
      <trkpt lat="34.2952293858569" lon="109.02875647227249">
        <ele>397.2855377877131</ele>
        <time>2022-04-13T21:58:31Z</time>
      </trkpt>
      <trkpt lat="34.2947970378702" lon="109.0288937867498">
        <ele>399.00892387516797</ele>
        <time>2022-04-13T21:58:39Z</time>
      </trkpt>
      <trkpt lat="34.294541592832864" lon="109.02896047671295">
        <ele>398.3515504160896</ele>
        <time>2022-04-13T21:58:43Z</time>
      </trkpt>
      <trkpt lat="34.29441505532495" lon="109.02894385319263">
        <ele>398.4448722368106</ele>
        <time>2022-04-13T21:58:45Z</time>
      </trkpt>
      <trkpt lat="34.293928093820476" lon="109.02899350773079">
        <ele>398.6265802849084</ele>
        <time>2022-04-13T21:58:53Z</time>
      </trkpt>
      <trkpt lat="34.29356608118249" lon="109.02905025533161">
        <ele>399.60994829889387</ele>
        <time>2022-04-13T21:58:59Z</time>
      </trkpt>
      <trkpt lat="34.293161481861205" lon="109.0291907927225">
        <ele>398.3441587211564</ele>
        <time>2022-04-13T21:59:05Z</time>
      </trkpt>
      <trkpt lat="34.29272154658383" lon="109.0293089652559">
        <ele>398.8919187197462</ele>
        <time>2022-04-13T21:59:11Z</time>
      </trkpt>
      <trkpt lat="34.29226815559363" lon="109.02942746864461">
        <ele>397.97395180910826</ele>
        <time>2022-04-13T21:59:17Z</time>
      </trkpt>
      <trkpt lat="34.292114314240294" lon="109.02948366568296">
        <ele>398.64268091879785</ele>
        <time>2022-04-13T21:59:19Z</time>
      </trkpt>
      <trkpt lat="34.29162509382798" lon="109.0294960282137">
        <ele>397.63397695682943</ele>
        <time>2022-04-13T21:59:25Z</time>
      </trkpt>
      <trkpt lat="34.29111984057227" lon="109.02951805909493">
        <ele>398.0222898814827</ele>
        <time>2022-04-13T21:59:31Z</time>
      </trkpt>
      <trkpt lat="34.29076324014117" lon="109.02953538699603">
        <ele>398.1272876719013</ele>
        <time>2022-04-13T21:59:35Z</time>
      </trkpt>
      <trkpt lat="34.29032008864354" lon="109.02950942932934">
        <ele>400.7946624569595</ele>
        <time>2022-04-13T21:59:41Z</time>
      </trkpt>
      <trkpt lat="34.28977567663752" lon="109.02954871512378">
        <ele>399.2433734210208</ele>
        <time>2022-04-13T21:59:47Z</time>
      </trkpt>
      <trkpt lat="34.28932151450504" lon="109.02960499854397">
        <ele>400.3439020002261</ele>
        <time>2022-04-13T21:59:53Z</time>
      </trkpt>
      <trkpt lat="34.28879852433043" lon="109.0297345421973">
        <ele>399.90076932217926</ele>
        <time>2022-04-13T22:00:01Z</time>
      </trkpt>
      <trkpt lat="34.288311529912626" lon="109.02991173255461">
        <ele>401.0181647008285</ele>
        <time>2022-04-13T22:00:09Z</time>
      </trkpt>
      <trkpt lat="34.28783826072202" lon="109.03007790502363">
        <ele>402.22629088629037</ele>
        <time>2022-04-13T22:00:17Z</time>
      </trkpt>
      <trkpt lat="34.28731803326299" lon="109.03026419397287">
        <ele>401.67770443391055</ele>
        <time>2022-04-13T22:00:27Z</time>
      </trkpt>
      <trkpt lat="34.286849744576486" lon="109.03042126009295">
        <ele>401.0670372033492</ele>
        <time>2022-04-13T22:00:35Z</time>
      </trkpt>
      <trkpt lat="34.28631235472847" lon="109.03063453423754">
        <ele>401.5755542097613</ele>
        <time>2022-04-13T22:00:43Z</time>
      </trkpt>
      <trkpt lat="34.2858795356023" lon="109.03082739603816">
        <ele>401.7832625489682</ele>
        <time>2022-04-13T22:00:49Z</time>
      </trkpt>
      <trkpt lat="34.28546081919669" lon="109.0310576463143">
        <ele>401.2278717420995</ele>
        <time>2022-04-13T22:00:55Z</time>
      </trkpt>
      <trkpt lat="34.28507424159698" lon="109.03133694991737">
        <ele>400.13131317310035</ele>
        <time>2022-04-13T22:01:01Z</time>
      </trkpt>
      <trkpt lat="34.28470826056225" lon="109.03165616470652">
        <ele>400.9978097798303</ele>
        <time>2022-04-13T22:01:07Z</time>
      </trkpt>
      <trkpt lat="34.284348812032086" lon="109.03198027201978">
        <ele>400.85373983345926</ele>
        <time>2022-04-13T22:01:13Z</time>
      </trkpt>
      <trkpt lat="34.283963237218124" lon="109.03228328957876">
        <ele>400.45962438359857</ele>
        <time>2022-04-13T22:01:19Z</time>
      </trkpt>
      <trkpt lat="34.28359182346293" lon="109.03260847179749">
        <ele>400.18301909416914</ele>
        <time>2022-04-13T22:01:25Z</time>
      </trkpt>
      <trkpt lat="34.28321167583735" lon="109.03296107611266">
        <ele>400.6662059472874</ele>
        <time>2022-04-13T22:01:31Z</time>
      </trkpt>
      <trkpt lat="34.28296585244473" lon="109.03319134279577">
        <ele>401.6503698024899</ele>
        <time>2022-04-13T22:01:35Z</time>
      </trkpt>
      <trkpt lat="34.28270832933844" lon="109.03338822948483">
        <ele>401.2843138081953</ele>
        <time>2022-04-13T22:01:39Z</time>
      </trkpt>
      <trkpt lat="34.28234206308735" lon="109.03372173148814">
        <ele>401.8132589831948</ele>
        <time>2022-04-13T22:01:45Z</time>
      </trkpt>
      <trkpt lat="34.281959580509756" lon="109.03403141240611">
        <ele>401.91078591905534</ele>
        <time>2022-04-13T22:01:51Z</time>
      </trkpt>
      <trkpt lat="34.28158357146619" lon="109.0342897346229">
        <ele>400.56186340469867</ele>
        <time>2022-04-13T22:01:57Z</time>
      </trkpt>
      <trkpt lat="34.28115588277966" lon="109.0345274119805">
        <ele>402.73993212450296</ele>
        <time>2022-04-13T22:02:03Z</time>
      </trkpt>
      <trkpt lat="34.2808597181162" lon="109.0346537670134">
        <ele>401.5140872998163</ele>
        <time>2022-04-13T22:02:07Z</time>
      </trkpt>
      <trkpt lat="34.280405693575375" lon="109.0347892742135">
        <ele>401.5201786039397</ele>
        <time>2022-04-13T22:02:13Z</time>
      </trkpt>
      <trkpt lat="34.280111316550446" lon="109.0348481405488">
        <ele>400.58273487724364</ele>
        <time>2022-04-13T22:02:17Z</time>
      </trkpt>
      <trkpt lat="34.279809395378926" lon="109.03486438376257">
        <ele>402.54241735022515</ele>
        <time>2022-04-13T22:02:21Z</time>
      </trkpt>
      <trkpt lat="34.279668356418384" lon="109.03493178517645">
        <ele>402.75467171613127</ele>
        <time>2022-04-13T22:02:23Z</time>
      </trkpt>
      <trkpt lat="34.27953672635523" lon="109.03488763689376">
        <ele>402.47191061638296</ele>
        <time>2022-04-13T22:02:25Z</time>
      </trkpt>
      <trkpt lat="34.27900005986652" lon="109.03495390328754">
        <ele>403.14694386161864</ele>
        <time>2022-04-13T22:02:33Z</time>
      </trkpt>
      <trkpt lat="34.278440789896585" lon="109.03501339720265">
        <ele>403.95187619980425</ele>
        <time>2022-04-13T22:02:41Z</time>
      </trkpt>
      <trkpt lat="34.27800476097979" lon="109.03505552609282">
        <ele>403.4414137043059</ele>
        <time>2022-04-13T22:02:47Z</time>
      </trkpt>
      <trkpt lat="34.27770649550308" lon="109.03509258688867">
        <ele>404.008012781851</ele>
        <time>2022-04-13T22:02:51Z</time>
      </trkpt>
      <trkpt lat="34.27755915747214" lon="109.03515530458426">
        <ele>403.84928643889725</ele>
        <time>2022-04-13T22:02:53Z</time>
      </trkpt>
      <trkpt lat="34.27740156647343" lon="109.03512878150195">
        <ele>404.40916425548494</ele>
        <time>2022-04-13T22:02:55Z</time>
      </trkpt>
      <trkpt lat="34.27694319424586" lon="109.03517948924723">
        <ele>404.0485228244215</ele>
        <time>2022-04-13T22:03:01Z</time>
      </trkpt>
      <trkpt lat="34.276783251860074" lon="109.03517421594354">
        <ele>404.3571515735239</ele>
        <time>2022-04-13T22:03:03Z</time>
      </trkpt>
      <trkpt lat="34.27634722444505" lon="109.03522159101492">
        <ele>403.56529867928475</ele>
        <time>2022-04-13T22:03:09Z</time>
      </trkpt>
      <trkpt lat="34.27585681538259" lon="109.03524236370453">
        <ele>404.44572652876377</ele>
        <time>2022-04-13T22:03:17Z</time>
      </trkpt>
      <trkpt lat="34.27574772632877" lon="109.03525244473222">
        <ele>404.3371697962284</ele>
        <time>2022-04-13T22:03:19Z</time>
      </trkpt>
      <trkpt lat="34.27564535820974" lon="109.03536662533509">
        <ele>403.97257910110056</ele>
        <time>2022-04-13T22:03:21Z</time>
      </trkpt>
      <trkpt lat="34.27546479552853" lon="109.03540761984915">
        <ele>404.30001686979085</ele>
        <time>2022-04-13T22:03:25Z</time>
      </trkpt>
      <trkpt lat="34.27533165960122" lon="109.03537140063634">
        <ele>405.74134687986225</ele>
        <time>2022-04-13T22:03:27Z</time>
      </trkpt>
      <trkpt lat="34.2752292638095" lon="109.0354870603854">
        <ele>405.03165026102215</ele>
        <time>2022-04-13T22:03:29Z</time>
      </trkpt>
      <trkpt lat="34.27511252364141" lon="109.03557364839303">
        <ele>404.8025042526424</ele>
        <time>2022-04-13T22:03:31Z</time>
      </trkpt>
      <trkpt lat="34.27498669089777" lon="109.03563018245634">
        <ele>404.5014792699367</ele>
        <time>2022-04-13T22:03:33Z</time>
      </trkpt>
      <trkpt lat="34.274551060883205" lon="109.03573182674862">
        <ele>403.8138325661421</ele>
        <time>2022-04-13T22:03:39Z</time>
      </trkpt>
      <trkpt lat="34.274088380403796" lon="109.03582852756072">
        <ele>403.13319556508213</ele>
        <time>2022-04-13T22:03:45Z</time>
      </trkpt>
      <trkpt lat="34.27363093658977" lon="109.03594524978713">
        <ele>403.1876724604517</ele>
        <time>2022-04-13T22:03:51Z</time>
      </trkpt>
      <trkpt lat="34.2731834008706" lon="109.0360381727802">
        <ele>403.9852967262268</ele>
        <time>2022-04-13T22:03:57Z</time>
      </trkpt>
      <trkpt lat="34.273023271148936" lon="109.03608838437563">
        <ele>403.96546095982194</ele>
        <time>2022-04-13T22:03:59Z</time>
      </trkpt>
      <trkpt lat="34.272542193570516" lon="109.03614187520759">
        <ele>404.0907829878852</ele>
        <time>2022-04-13T22:04:05Z</time>
      </trkpt>
      <trkpt lat="34.2720563095915" lon="109.03619264629425">
        <ele>404.74927871860564</ele>
        <time>2022-04-13T22:04:11Z</time>
      </trkpt>
      <trkpt lat="34.27157454622229" lon="109.03622051788582">
        <ele>404.31251654960215</ele>
        <time>2022-04-13T22:04:17Z</time>
      </trkpt>
      <trkpt lat="34.271097785017496" lon="109.03626326902412">
        <ele>405.166358076036</ele>
        <time>2022-04-13T22:04:23Z</time>
      </trkpt>
      <trkpt lat="34.27061625238925" lon="109.03624920113357">
        <ele>404.4456232152879</ele>
        <time>2022-04-13T22:04:29Z</time>
      </trkpt>
      <trkpt lat="34.27015868401032" lon="109.03622134348255">
        <ele>404.6352092847228</ele>
        <time>2022-04-13T22:04:35Z</time>
      </trkpt>
      <trkpt lat="34.2696955401812" lon="109.03621994181677">
        <ele>405.25259148608893</ele>
        <time>2022-04-13T22:04:41Z</time>
      </trkpt>
      <trkpt lat="34.269222232531625" lon="109.03622146948824">
        <ele>405.20559410285205</ele>
        <time>2022-04-13T22:04:47Z</time>
      </trkpt>
      <trkpt lat="34.2689134333085" lon="109.03624429907534">
        <ele>404.82334198243916</ele>
        <time>2022-04-13T22:04:51Z</time>
      </trkpt>
      <trkpt lat="34.26847164424081" lon="109.03640197093733">
        <ele>404.7913853311911</ele>
        <time>2022-04-13T22:04:57Z</time>
      </trkpt>
      <trkpt lat="34.268010567532045" lon="109.03654694096447">
        <ele>404.41363046411425</ele>
        <time>2022-04-13T22:05:03Z</time>
      </trkpt>
      <trkpt lat="34.26754487043111" lon="109.03665411555926">
        <ele>405.27148117590696</ele>
        <time>2022-04-13T22:05:09Z</time>
      </trkpt>
      <trkpt lat="34.26740520011825" lon="109.03669108238985">
        <ele>406.00870992895216</ele>
        <time>2022-04-13T22:05:11Z</time>
      </trkpt>
      <trkpt lat="34.266984991625975" lon="109.03683444219958">
        <ele>405.9797691134736</ele>
        <time>2022-04-13T22:05:17Z</time>
      </trkpt>
      <trkpt lat="34.26653297942747" lon="109.03694534938982">
        <ele>406.4539501359686</ele>
        <time>2022-04-13T22:05:23Z</time>
      </trkpt>
      <trkpt lat="34.26623543889528" lon="109.03700974927581">
        <ele>405.48229232709855</ele>
        <time>2022-04-13T22:05:27Z</time>
      </trkpt>
      <trkpt lat="34.266080875605546" lon="109.0370703858964">
        <ele>405.6013645641506</ele>
        <time>2022-04-13T22:05:29Z</time>
      </trkpt>
      <trkpt lat="34.265931161975956" lon="109.03708872454175">
        <ele>405.0317465951666</ele>
        <time>2022-04-13T22:05:31Z</time>
      </trkpt>
      <trkpt lat="34.26563860038395" lon="109.03715639298498">
        <ele>404.80390693061054</ele>
        <time>2022-04-13T22:05:35Z</time>
      </trkpt>
      <trkpt lat="34.265490593614" lon="109.03720911611558">
        <ele>405.36194980703294</ele>
        <time>2022-04-13T22:05:37Z</time>
      </trkpt>
      <trkpt lat="34.26520025458407" lon="109.03724908241009">
        <ele>405.6358284810558</ele>
        <time>2022-04-13T22:05:41Z</time>
      </trkpt>
      <trkpt lat="34.264665566980206" lon="109.03744047365655">
        <ele>406.70044102706015</ele>
        <time>2022-04-13T22:05:49Z</time>
      </trkpt>
      <trkpt lat="34.26422414353521" lon="109.03757365994443">
        <ele>407.4418031219393</ele>
        <time>2022-04-13T22:05:55Z</time>
      </trkpt>
      <trkpt lat="34.26377378536476" lon="109.03770876460644">
        <ele>407.9031818555668</ele>
        <time>2022-04-13T22:06:01Z</time>
      </trkpt>
      <trkpt lat="34.2633180929367" lon="109.03784851599335">
        <ele>408.57772094756365</ele>
        <time>2022-04-13T22:06:07Z</time>
      </trkpt>
      <trkpt lat="34.26288348513892" lon="109.0379903391852">
        <ele>408.1414020145312</ele>
        <time>2022-04-13T22:06:13Z</time>
      </trkpt>
      <trkpt lat="34.26272830035366" lon="109.03803610850524">
        <ele>409.23500458709896</ele>
        <time>2022-04-13T22:06:15Z</time>
      </trkpt>
      <trkpt lat="34.26259944891355" lon="109.03810648355446">
        <ele>409.26925215590745</ele>
        <time>2022-04-13T22:06:17Z</time>
      </trkpt>
      <trkpt lat="34.262321794332394" lon="109.03818614827861">
        <ele>408.705900083296</ele>
        <time>2022-04-13T22:06:21Z</time>
      </trkpt>
      <trkpt lat="34.26188822690847" lon="109.03836382545616">
        <ele>408.8549878131598</ele>
        <time>2022-04-13T22:06:27Z</time>
      </trkpt>
      <trkpt lat="34.26131538279092" lon="109.03851969955379">
        <ele>408.9759740103036</ele>
        <time>2022-04-13T22:06:35Z</time>
      </trkpt>
      <trkpt lat="34.26100929158127" lon="109.03861825036383">
        <ele>408.61136088706553</ele>
        <time>2022-04-13T22:06:39Z</time>
      </trkpt>
      <trkpt lat="34.26071892257169" lon="109.0387513326472">
        <ele>409.80954455491155</ele>
        <time>2022-04-13T22:06:43Z</time>
      </trkpt>
      <trkpt lat="34.26042184022209" lon="109.03879271128778">
        <ele>406.9465104425326</ele>
        <time>2022-04-13T22:06:47Z</time>
      </trkpt>
      <trkpt lat="34.25996624761517" lon="109.03890435846901">
        <ele>407.9535045027733</ele>
        <time>2022-04-13T22:06:53Z</time>
      </trkpt>
      <trkpt lat="34.2598153163894" lon="109.03892401426567">
        <ele>406.83323891460896</ele>
        <time>2022-04-13T22:06:55Z</time>
      </trkpt>
      <trkpt lat="34.259361255322176" lon="109.03903474527391">
        <ele>408.15010096039623</ele>
        <time>2022-04-13T22:07:01Z</time>
      </trkpt>
      <trkpt lat="34.25889278409274" lon="109.03913309601764">
        <ele>410.6150994198397</ele>
        <time>2022-04-13T22:07:07Z</time>
      </trkpt>
      <trkpt lat="34.25836605659806" lon="109.03926338429451">
        <ele>409.7275785235688</ele>
        <time>2022-04-13T22:07:15Z</time>
      </trkpt>
      <trkpt lat="34.25812647350128" lon="109.03928948766622">
        <ele>407.6808119881898</ele>
        <time>2022-04-13T22:07:19Z</time>
      </trkpt>
      <trkpt lat="34.25761413662911" lon="109.03942234912996">
        <ele>408.2633621059358</ele>
        <time>2022-04-13T22:07:27Z</time>
      </trkpt>
      <trkpt lat="34.25736865882893" lon="109.0395034516306">
        <ele>408.59806737303734</ele>
        <time>2022-04-13T22:07:31Z</time>
      </trkpt>
      <trkpt lat="34.2568607440427" lon="109.0396871198995">
        <ele>410.4425715925172</ele>
        <time>2022-04-13T22:07:39Z</time>
      </trkpt>
      <trkpt lat="34.256613740361175" lon="109.03973741819887">
        <ele>409.1318179210648</ele>
        <time>2022-04-13T22:07:43Z</time>
      </trkpt>
      <trkpt lat="34.25608688776201" lon="109.03989865565963">
        <ele>409.8677548151463</ele>
        <time>2022-04-13T22:07:51Z</time>
      </trkpt>
      <trkpt lat="34.25567618155027" lon="109.039992725117">
        <ele>409.9395712884143</ele>
        <time>2022-04-13T22:07:57Z</time>
      </trkpt>
      <trkpt lat="34.25542819351331" lon="109.04015297374127">
        <ele>410.52388938795775</ele>
        <time>2022-04-13T22:08:01Z</time>
      </trkpt>
      <trkpt lat="34.25529840029266" lon="109.0401809844618">
        <ele>410.94178865943104</ele>
        <time>2022-04-13T22:08:03Z</time>
      </trkpt>
      <trkpt lat="34.25503864463381" lon="109.04017594410033">
        <ele>411.27038762904704</ele>
        <time>2022-04-13T22:08:07Z</time>
      </trkpt>
      <trkpt lat="34.254900895497975" lon="109.04020916812738">
        <ele>411.4231872735545</ele>
        <time>2022-04-13T22:08:09Z</time>
      </trkpt>
      <trkpt lat="34.25450385370795" lon="109.04041746102132">
        <ele>412.58777474146336</ele>
        <time>2022-04-13T22:08:15Z</time>
      </trkpt>
      <trkpt lat="34.2541032440916" lon="109.04062338679513">
        <ele>412.8193903909996</ele>
        <time>2022-04-13T22:08:21Z</time>
      </trkpt>
      <trkpt lat="34.25383711641697" lon="109.04077168816475">
        <ele>413.89207287412137</ele>
        <time>2022-04-13T22:08:25Z</time>
      </trkpt>
      <trkpt lat="34.2537216026125" lon="109.04085589829604">
        <ele>414.50227257888764</ele>
        <time>2022-04-13T22:08:27Z</time>
      </trkpt>
      <trkpt lat="34.25360252165819" lon="109.04091112618039">
        <ele>413.83185126353055</ele>
        <time>2022-04-13T22:08:29Z</time>
      </trkpt>
      <trkpt lat="34.2535120018372" lon="109.04100424818803">
        <ele>413.8457238478586</ele>
        <time>2022-04-13T22:08:31Z</time>
      </trkpt>
      <trkpt lat="34.25338104859771" lon="109.04101266403273">
        <ele>413.758691794239</ele>
        <time>2022-04-13T22:08:33Z</time>
      </trkpt>
      <trkpt lat="34.25316304887191" lon="109.04113858480324">
        <ele>413.89266852196306</ele>
        <time>2022-04-13T22:08:37Z</time>
      </trkpt>
      <trkpt lat="34.253060821446574" lon="109.04116487179274">
        <ele>413.5539365997538</ele>
        <time>2022-04-13T22:08:39Z</time>
      </trkpt>
      <trkpt lat="34.252876476483834" lon="109.04126846982719">
        <ele>414.4892829749733</ele>
        <time>2022-04-13T22:08:43Z</time>
      </trkpt>
      <trkpt lat="34.25265184200634" lon="109.04136832674163">
        <ele>413.8150830613449</ele>
        <time>2022-04-13T22:08:47Z</time>
      </trkpt>
      <trkpt lat="34.25244401267108" lon="109.04149544101173">
        <ele>413.38822785858065</ele>
        <time>2022-04-13T22:08:51Z</time>
      </trkpt>
      <trkpt lat="34.252163447139964" lon="109.04170899396038">
        <ele>414.1772989882156</ele>
        <time>2022-04-13T22:08:57Z</time>
      </trkpt>
      <trkpt lat="34.251698098257826" lon="109.04199232141231">
        <ele>412.6608434403315</ele>
        <time>2022-04-13T22:09:05Z</time>
      </trkpt>
      <trkpt lat="34.25131105299479" lon="109.04224238622861">
        <ele>412.754343171604</ele>
        <time>2022-04-13T22:09:11Z</time>
      </trkpt>
      <trkpt lat="34.25091473849099" lon="109.0424891784315">
        <ele>413.165339557454</ele>
        <time>2022-04-13T22:09:17Z</time>
      </trkpt>
      <trkpt lat="34.2506444231342" lon="109.04264006957978">
        <ele>412.9503275016323</ele>
        <time>2022-04-13T22:09:21Z</time>
      </trkpt>
      <trkpt lat="34.25051659932954" lon="109.04273147616246">
        <ele>414.45142956636846</ele>
        <time>2022-04-13T22:09:23Z</time>
      </trkpt>
      <trkpt lat="34.2501082734777" lon="109.04295372986746">
        <ele>413.98743063304573</ele>
        <time>2022-04-13T22:09:29Z</time>
      </trkpt>
      <trkpt lat="34.249676644370204" lon="109.04311373218846">
        <ele>413.8393020266667</ele>
        <time>2022-04-13T22:09:35Z</time>
      </trkpt>
      <trkpt lat="34.24922632577993" lon="109.04320683387222">
        <ele>414.0610358295962</ele>
        <time>2022-04-13T22:09:41Z</time>
      </trkpt>
      <trkpt lat="34.24878171816993" lon="109.04327857282492">
        <ele>413.5976287741214</ele>
        <time>2022-04-13T22:09:47Z</time>
      </trkpt>
      <trkpt lat="34.248320493525306" lon="109.04334592286214">
        <ele>412.75392020493746</ele>
        <time>2022-04-13T22:09:53Z</time>
      </trkpt>
      <trkpt lat="34.24801838208912" lon="109.04339960558754">
        <ele>413.7888903170824</ele>
        <time>2022-04-13T22:09:57Z</time>
      </trkpt>
      <trkpt lat="34.2477173872004" lon="109.04348330426015">
        <ele>413.34869674406946</ele>
        <time>2022-04-13T22:10:01Z</time>
      </trkpt>
      <trkpt lat="34.24741596727222" lon="109.04351226754261">
        <ele>412.0542197758332</ele>
        <time>2022-04-13T22:10:05Z</time>
      </trkpt>
      <trkpt lat="34.24695345104048" lon="109.04361640509553">
        <ele>412.99336149543524</ele>
        <time>2022-04-13T22:10:11Z</time>
      </trkpt>
      <trkpt lat="34.24649458321578" lon="109.04369517611967">
        <ele>414.5718455892056</ele>
        <time>2022-04-13T22:10:17Z</time>
      </trkpt>
      <trkpt lat="34.24604721090718" lon="109.04379392268955">
        <ele>414.5219932915643</ele>
        <time>2022-04-13T22:10:23Z</time>
      </trkpt>
      <trkpt lat="34.2455943633678" lon="109.0438180760958">
        <ele>414.971693597734</ele>
        <time>2022-04-13T22:10:29Z</time>
      </trkpt>
      <trkpt lat="34.24513422678223" lon="109.04383182709586">
        <ele>414.83161957748234</ele>
        <time>2022-04-13T22:10:35Z</time>
      </trkpt>
      <trkpt lat="34.24466835348635" lon="109.04384295377494">
        <ele>415.810970723629</ele>
        <time>2022-04-13T22:10:41Z</time>
      </trkpt>
      <trkpt lat="34.24420114443012" lon="109.04387305422617">
        <ele>415.9675902547315</ele>
        <time>2022-04-13T22:10:47Z</time>
      </trkpt>
      <trkpt lat="34.24373378373335" lon="109.0438932757159">
        <ele>416.8228913489729</ele>
        <time>2022-04-13T22:10:53Z</time>
      </trkpt>
      <trkpt lat="34.243426509279104" lon="109.04386805101363">
        <ele>416.37971318513155</ele>
        <time>2022-04-13T22:10:57Z</time>
      </trkpt>
      <trkpt lat="34.24298559414621" lon="109.04391535013504">
        <ele>415.44721636734903</ele>
        <time>2022-04-13T22:11:03Z</time>
      </trkpt>
      <trkpt lat="34.24283927120639" lon="109.0439423204264">
        <ele>416.4018658641726</ele>
        <time>2022-04-13T22:11:05Z</time>
      </trkpt>
      <trkpt lat="34.24240484024246" lon="109.04395869537731">
        <ele>416.39189328532666</ele>
        <time>2022-04-13T22:11:11Z</time>
      </trkpt>
      <trkpt lat="34.24196421977178" lon="109.04403656911879">
        <ele>417.59593841060996</ele>
        <time>2022-04-13T22:11:17Z</time>
      </trkpt>
      <trkpt lat="34.24151650638847" lon="109.04414749570856">
        <ele>418.37114914972335</ele>
        <time>2022-04-13T22:11:23Z</time>
      </trkpt>
      <trkpt lat="34.24109031994057" lon="109.04426815093147">
        <ele>417.6851593563333</ele>
        <time>2022-04-13T22:11:29Z</time>
      </trkpt>
      <trkpt lat="34.240658597124465" lon="109.04438703368635">
        <ele>418.0129499286413</ele>
        <time>2022-04-13T22:11:35Z</time>
      </trkpt>
      <trkpt lat="34.24022468937253" lon="109.04448787659761">
        <ele>417.9591223252937</ele>
        <time>2022-04-13T22:11:41Z</time>
      </trkpt>
      <trkpt lat="34.2397942519485" lon="109.04460476108963">
        <ele>415.9941720860079</ele>
        <time>2022-04-13T22:11:47Z</time>
      </trkpt>
      <trkpt lat="34.2393603662137" lon="109.04471587639665">
        <ele>416.0162328854203</ele>
        <time>2022-04-13T22:11:53Z</time>
      </trkpt>
      <trkpt lat="34.239075226820674" lon="109.04478156866934">
        <ele>416.9574947897345</ele>
        <time>2022-04-13T22:11:57Z</time>
      </trkpt>
      <trkpt lat="34.23851477882134" lon="109.04481620025823">
        <ele>417.4717696327716</ele>
        <time>2022-04-13T22:12:05Z</time>
      </trkpt>
      <trkpt lat="34.238361507210186" lon="109.04481955206646">
        <ele>417.93186923023313</ele>
        <time>2022-04-13T22:12:07Z</time>
      </trkpt>
      <trkpt lat="34.2378164594871" lon="109.0447626387029">
        <ele>418.8455392131582</ele>
        <time>2022-04-13T22:12:15Z</time>
      </trkpt>
      <trkpt lat="34.2372833436173" lon="109.04470705443264">
        <ele>419.672095795162</ele>
        <time>2022-04-13T22:12:23Z</time>
      </trkpt>
      <trkpt lat="34.23673169000393" lon="109.04463381791628">
        <ele>419.5171366306022</ele>
        <time>2022-04-13T22:12:31Z</time>
      </trkpt>
      <trkpt lat="34.23629809076584" lon="109.04458915073535">
        <ele>420.3298709234223</ele>
        <time>2022-04-13T22:12:37Z</time>
      </trkpt>
      <trkpt lat="34.23574993092363" lon="109.04450900402655">
        <ele>419.72758424747735</ele>
        <time>2022-04-13T22:12:45Z</time>
      </trkpt>
      <trkpt lat="34.23540767194083" lon="109.044470377829">
        <ele>419.1506362548098</ele>
        <time>2022-04-13T22:12:51Z</time>
      </trkpt>
      <trkpt lat="34.235311476154685" lon="109.04443500198123">
        <ele>419.2362512322143</ele>
        <time>2022-04-13T22:12:53Z</time>
      </trkpt>
      <trkpt lat="34.23527223219006" lon="109.04434570064859">
        <ele>418.977779828012</ele>
        <time>2022-04-13T22:13:05Z</time>
      </trkpt>
      <trkpt lat="34.23530326650022" lon="109.04449034178293">
        <ele>419.63996511045843</ele>
        <time>2022-04-13T22:27:42Z</time>
      </trkpt>
      <trkpt lat="34.23537676624657" lon="109.04456576275236">
        <ele>419.32419691886753</ele>
        <time>2022-04-13T22:27:46Z</time>
      </trkpt>
      <trkpt lat="34.23583525463326" lon="109.04464383193086">
        <ele>418.43530964292586</ele>
        <time>2022-04-13T22:28:02Z</time>
      </trkpt>
      <trkpt lat="34.23637925315239" lon="109.04468713898174">
        <ele>419.081341301091</ele>
        <time>2022-04-13T22:28:15Z</time>
      </trkpt>
      <trkpt lat="34.2368790518869" lon="109.04474350596342">
        <ele>419.2226788913831</ele>
        <time>2022-04-13T22:28:23Z</time>
      </trkpt>
      <trkpt lat="34.23733354541244" lon="109.04478875494166">
        <ele>418.12723088730127</ele>
        <time>2022-04-13T22:28:29Z</time>
      </trkpt>
      <trkpt lat="34.23767208805617" lon="109.04480440985333">
        <ele>419.0255038412288</ele>
        <time>2022-04-13T22:28:33Z</time>
      </trkpt>
      <trkpt lat="34.23818156727513" lon="109.04485932334072">
        <ele>418.0420939158648</ele>
        <time>2022-04-13T22:28:39Z</time>
      </trkpt>
      <trkpt lat="34.23870231527037" lon="109.04488361591388">
        <ele>417.7838859409094</ele>
        <time>2022-04-13T22:28:45Z</time>
      </trkpt>
      <trkpt lat="34.23921963926131" lon="109.04483867414869">
        <ele>416.09551040641963</ele>
        <time>2022-04-13T22:28:51Z</time>
      </trkpt>
      <trkpt lat="34.2395633573874" lon="109.04477031538336">
        <ele>411.932474440895</ele>
        <time>2022-04-13T22:28:55Z</time>
      </trkpt>
      <trkpt lat="34.24007690763913" lon="109.04463618766204">
        <ele>415.5431545432657</ele>
        <time>2022-04-13T22:29:01Z</time>
      </trkpt>
      <trkpt lat="34.24040618345962" lon="109.04454351370984">
        <ele>415.4360968656838</ele>
        <time>2022-04-13T22:29:05Z</time>
      </trkpt>
      <trkpt lat="34.24072714886338" lon="109.04443517957961">
        <ele>416.23399972356856</ele>
        <time>2022-04-13T22:29:09Z</time>
      </trkpt>
      <trkpt lat="34.24122494409943" lon="109.04431309451921">
        <ele>417.54097838234156</ele>
        <time>2022-04-13T22:29:15Z</time>
      </trkpt>
      <trkpt lat="34.24138739994286" lon="109.04424792520972">
        <ele>417.56277248170227</ele>
        <time>2022-04-13T22:29:17Z</time>
      </trkpt>
      <trkpt lat="34.24188756309383" lon="109.04414837336239">
        <ele>418.15319967549294</ele>
        <time>2022-04-13T22:29:23Z</time>
      </trkpt>
      <trkpt lat="34.2423944363317" lon="109.04403302310452">
        <ele>417.32054000906646</ele>
        <time>2022-04-13T22:29:29Z</time>
      </trkpt>
      <trkpt lat="34.242899285805485" lon="109.0439876038219">
        <ele>416.0881426902488</ele>
        <time>2022-04-13T22:29:35Z</time>
      </trkpt>
      <trkpt lat="34.24306902902412" lon="109.04396584908179">
        <ele>416.4011062597856</ele>
        <time>2022-04-13T22:29:37Z</time>
      </trkpt>
      <trkpt lat="34.24340626267168" lon="109.04397929305989">
        <ele>416.7645011935383</ele>
        <time>2022-04-13T22:29:41Z</time>
      </trkpt>
      <trkpt lat="34.24392883808595" lon="109.04394443801398">
        <ele>415.35907546710223</ele>
        <time>2022-04-13T22:29:47Z</time>
      </trkpt>
      <trkpt lat="34.244099868924636" lon="109.04393038509725">
        <ele>415.6532223923132</ele>
        <time>2022-04-13T22:29:49Z</time>
      </trkpt>
      <trkpt lat="34.24426209398309" lon="109.04395459907755">
        <ele>415.54753742180765</ele>
        <time>2022-04-13T22:29:51Z</time>
      </trkpt>
      <trkpt lat="34.24478617898443" lon="109.0439199304619">
        <ele>415.645524780266</ele>
        <time>2022-04-13T22:29:57Z</time>
      </trkpt>
      <trkpt lat="34.24496022535477" lon="109.04390045242708">
        <ele>415.59198468830436</ele>
        <time>2022-04-13T22:29:59Z</time>
      </trkpt>
      <trkpt lat="34.24513403052118" lon="109.04392454523806">
        <ele>415.4519288484007</ele>
        <time>2022-04-13T22:30:01Z</time>
      </trkpt>
      <trkpt lat="34.24546156898538" lon="109.04388457170101">
        <ele>415.58852452225983</ele>
        <time>2022-04-13T22:30:05Z</time>
      </trkpt>
      <trkpt lat="34.2456322127645" lon="109.0438924655814">
        <ele>415.3133348412812</ele>
        <time>2022-04-13T22:30:07Z</time>
      </trkpt>
      <trkpt lat="34.246133071046955" lon="109.04381154998477">
        <ele>415.450579685159</ele>
        <time>2022-04-13T22:30:13Z</time>
      </trkpt>
      <trkpt lat="34.24630661243346" lon="109.04381728349107">
        <ele>415.02065566461533</ele>
        <time>2022-04-13T22:30:15Z</time>
      </trkpt>
      <trkpt lat="34.24681601192775" lon="109.04372368374165">
        <ele>413.0902637131512</ele>
        <time>2022-04-13T22:30:21Z</time>
      </trkpt>
      <trkpt lat="34.24731835528486" lon="109.04362437947547">
        <ele>413.9606838673353</ele>
        <time>2022-04-13T22:30:27Z</time>
      </trkpt>
      <trkpt lat="34.24775760773328" lon="109.04352309153123">
        <ele>411.7427990650758</ele>
        <time>2022-04-13T22:30:33Z</time>
      </trkpt>
      <trkpt lat="34.248240671144615" lon="109.04343608622523">
        <ele>412.344486489892</ele>
        <time>2022-04-13T22:30:39Z</time>
      </trkpt>
      <trkpt lat="34.24874741430562" lon="109.04334159084179">
        <ele>412.69555297959596</ele>
        <time>2022-04-13T22:30:45Z</time>
      </trkpt>
      <trkpt lat="34.2490878906321" lon="109.04329186470089">
        <ele>412.9356217728928</ele>
        <time>2022-04-13T22:30:49Z</time>
      </trkpt>
      <trkpt lat="34.249421045217744" lon="109.04319472760858">
        <ele>413.3878392102197</ele>
        <time>2022-04-13T22:30:53Z</time>
      </trkpt>
      <trkpt lat="34.24977048264493" lon="109.04316170444902">
        <ele>414.277593142353</ele>
        <time>2022-04-13T22:30:57Z</time>
      </trkpt>
      <trkpt lat="34.25010328109063" lon="109.04304407154257">
        <ele>413.97908131964505</ele>
        <time>2022-04-13T22:31:01Z</time>
      </trkpt>
      <trkpt lat="34.250586055732605" lon="109.04280352664352">
        <ele>412.91693439427763</ele>
        <time>2022-04-13T22:31:07Z</time>
      </trkpt>
      <trkpt lat="34.25103643143231" lon="109.04249983380164">
        <ele>412.6825003195554</ele>
        <time>2022-04-13T22:31:13Z</time>
      </trkpt>
      <trkpt lat="34.25119784811384" lon="109.04242880956375">
        <ele>412.7456984240562</ele>
        <time>2022-04-13T22:31:15Z</time>
      </trkpt>
      <trkpt lat="34.251614510641275" lon="109.0421678589506">
        <ele>413.7072228938341</ele>
        <time>2022-04-13T22:31:21Z</time>
      </trkpt>
      <trkpt lat="34.25188510701909" lon="109.04202755518416">
        <ele>413.132172530517</ele>
        <time>2022-04-13T22:31:25Z</time>
      </trkpt>
      <trkpt lat="34.25220031222214" lon="109.04180447945889">
        <ele>412.38674152828753</ele>
        <time>2022-04-13T22:31:31Z</time>
      </trkpt>
      <trkpt lat="34.25238686576792" lon="109.04170563494499">
        <ele>412.77490178868175</ele>
        <time>2022-04-13T22:31:47Z</time>
      </trkpt>
      <trkpt lat="34.25259965142978" lon="109.04154302152301">
        <ele>413.3674628203735</ele>
        <time>2022-04-13T22:32:08Z</time>
      </trkpt>
      <trkpt lat="34.2529311605916" lon="109.04130908360118">
        <ele>412.8046517986804</ele>
        <time>2022-04-13T22:32:14Z</time>
      </trkpt>
      <trkpt lat="34.253210165631344" lon="109.0411986337174">
        <ele>413.27462288178504</ele>
        <time>2022-04-13T22:32:18Z</time>
      </trkpt>
      <trkpt lat="34.25334290643266" lon="109.04111949708638">
        <ele>412.69153344165534</ele>
        <time>2022-04-13T22:32:20Z</time>
      </trkpt>
      <trkpt lat="34.25383296775766" lon="109.04088292488602">
        <ele>413.3993165567517</ele>
        <time>2022-04-13T22:32:27Z</time>
      </trkpt>
      <trkpt lat="34.25427126464624" lon="109.04060853525768">
        <ele>413.39794551953673</ele>
        <time>2022-04-13T22:32:33Z</time>
      </trkpt>
      <trkpt lat="34.25472337675416" lon="109.0403719859351">
        <ele>412.9017190942541</ele>
        <time>2022-04-13T22:32:39Z</time>
      </trkpt>
      <trkpt lat="34.255147426438285" lon="109.04022605958215">
        <ele>412.7609071051702</ele>
        <time>2022-04-13T22:32:45Z</time>
      </trkpt>
      <trkpt lat="34.25528719521006" lon="109.04020471811516">
        <ele>410.91825085133314</ele>
        <time>2022-04-13T22:32:47Z</time>
      </trkpt>
      <trkpt lat="34.25541679715698" lon="109.04015144003026">
        <ele>410.59204384032637</ele>
        <time>2022-04-13T22:32:49Z</time>
      </trkpt>
      <trkpt lat="34.25553389598292" lon="109.04006538261218">
        <ele>410.97213040757924</ele>
        <time>2022-04-13T22:32:51Z</time>
      </trkpt>
      <trkpt lat="34.25605791429563" lon="109.03991630819623">
        <ele>409.76338695082814</ele>
        <time>2022-04-13T22:32:59Z</time>
      </trkpt>
      <trkpt lat="34.25621529219837" lon="109.03994806017019">
        <ele>409.82547875121236</ele>
        <time>2022-04-13T22:33:01Z</time>
      </trkpt>
      <trkpt lat="34.25652778128847" lon="109.03986030326362">
        <ele>409.37910558935255</ele>
        <time>2022-04-13T22:33:05Z</time>
      </trkpt>
      <trkpt lat="34.25666803405417" lon="109.03974184043334">
        <ele>409.06333717051893</ele>
        <time>2022-04-13T22:33:07Z</time>
      </trkpt>
      <trkpt lat="34.257136300106446" lon="109.03961762318717">
        <ele>408.1740919975564</ele>
        <time>2022-04-13T22:33:13Z</time>
      </trkpt>
      <trkpt lat="34.257456408575024" lon="109.03949926040322">
        <ele>408.9992811307311</ele>
        <time>2022-04-13T22:33:17Z</time>
      </trkpt>
      <trkpt lat="34.25789839108671" lon="109.03939619941268">
        <ele>409.5493849478662</ele>
        <time>2022-04-13T22:33:23Z</time>
      </trkpt>
      <trkpt lat="34.25803025222003" lon="109.03935655640129">
        <ele>408.1557321017608</ele>
        <time>2022-04-13T22:33:25Z</time>
      </trkpt>
      <trkpt lat="34.25840966057203" lon="109.0392867070769">
        <ele>406.51965272426605</ele>
        <time>2022-04-13T22:33:31Z</time>
      </trkpt>
      <trkpt lat="34.25870323095374" lon="109.03924969236142">
        <ele>407.0387575458735</ele>
        <time>2022-04-13T22:33:35Z</time>
      </trkpt>
      <trkpt lat="34.25919853272527" lon="109.03914082152858">
        <ele>408.13136818353087</ele>
        <time>2022-04-13T22:33:41Z</time>
      </trkpt>
      <trkpt lat="34.259358018935245" lon="109.03908465317818">
        <ele>408.14628470502794</ele>
        <time>2022-04-13T22:33:43Z</time>
      </trkpt>
      <trkpt lat="34.259701946078415" lon="109.03903473329888">
        <ele>406.5333645492792</ele>
        <time>2022-04-13T22:33:47Z</time>
      </trkpt>
      <trkpt lat="34.260216564519055" lon="109.03891342183914">
        <ele>407.3959670541808</ele>
        <time>2022-04-13T22:33:53Z</time>
      </trkpt>
      <trkpt lat="34.26038087921437" lon="109.03886903396938">
        <ele>407.3803702490404</ele>
        <time>2022-04-13T22:33:55Z</time>
      </trkpt>
      <trkpt lat="34.26053960147756" lon="109.03885666200263">
        <ele>406.9602735284716</ele>
        <time>2022-04-13T22:33:57Z</time>
      </trkpt>
      <trkpt lat="34.2607161915734" lon="109.03880334725488">
        <ele>407.2778116175905</ele>
        <time>2022-04-13T22:33:59Z</time>
      </trkpt>
      <trkpt lat="34.26088042929879" lon="109.03879948725084">
        <ele>407.8874660236761</ele>
        <time>2022-04-13T22:34:01Z</time>
      </trkpt>
      <trkpt lat="34.2611243597726" lon="109.03873902540862">
        <ele>408.28779675997794</ele>
        <time>2022-04-13T22:34:05Z</time>
      </trkpt>
      <trkpt lat="34.261231814921054" lon="109.03867556445437">
        <ele>408.4066290212795</ele>
        <time>2022-04-13T22:34:07Z</time>
      </trkpt>
      <trkpt lat="34.2617676298466" lon="109.03849874647942">
        <ele>407.571681458503</ele>
        <time>2022-04-13T22:34:15Z</time>
      </trkpt>
      <trkpt lat="34.26224150161755" lon="109.038326450532">
        <ele>407.61689677927643</ele>
        <time>2022-04-13T22:34:21Z</time>
      </trkpt>
      <trkpt lat="34.26256021449878" lon="109.03819145201744">
        <ele>408.4919185601175</ele>
        <time>2022-04-13T22:34:25Z</time>
      </trkpt>
      <trkpt lat="34.262745475167414" lon="109.03816902226217">
        <ele>409.1187610933557</ele>
        <time>2022-04-13T22:34:27Z</time>
      </trkpt>
      <trkpt lat="34.26287789329905" lon="109.03808001290474">
        <ele>408.7118265144527</ele>
        <time>2022-04-13T22:34:29Z</time>
      </trkpt>
      <trkpt lat="34.26333090311056" lon="109.03789628055661">
        <ele>408.30614623147994</ele>
        <time>2022-04-13T22:34:35Z</time>
      </trkpt>
      <trkpt lat="34.263483989928744" lon="109.03783147420252">
        <ele>407.7535326713696</ele>
        <time>2022-04-13T22:34:37Z</time>
      </trkpt>
      <trkpt lat="34.26395973334194" lon="109.03770565562695">
        <ele>407.91137921158224</ele>
        <time>2022-04-13T22:34:43Z</time>
      </trkpt>
      <trkpt lat="34.26426389372631" lon="109.03759890157767">
        <ele>408.52114551048726</ele>
        <time>2022-04-13T22:34:47Z</time>
      </trkpt>
      <trkpt lat="34.26471833766262" lon="109.0374888905032">
        <ele>405.8966315668076</ele>
        <time>2022-04-13T22:34:53Z</time>
      </trkpt>
      <trkpt lat="34.26488511348654" lon="109.0374244590677">
        <ele>406.09827778022736</ele>
        <time>2022-04-13T22:34:55Z</time>
      </trkpt>
      <trkpt lat="34.26522056810917" lon="109.03736292147393">
        <ele>405.3586822748184</ele>
        <time>2022-04-13T22:34:59Z</time>
      </trkpt>
      <trkpt lat="34.265724547915546" lon="109.03720858960868">
        <ele>406.14782308321446</ele>
        <time>2022-04-13T22:35:05Z</time>
      </trkpt>
      <trkpt lat="34.26624476717869" lon="109.03707015598113">
        <ele>405.8832464572042</ele>
        <time>2022-04-13T22:35:11Z</time>
      </trkpt>
      <trkpt lat="34.266418879682185" lon="109.03703944032584">
        <ele>404.72498772200197</ele>
        <time>2022-04-13T22:35:13Z</time>
      </trkpt>
      <trkpt lat="34.26693936810568" lon="109.03689943305164">
        <ele>405.19284041412175</ele>
        <time>2022-04-13T22:35:19Z</time>
      </trkpt>
      <trkpt lat="34.26744391243336" lon="109.03676388910561">
        <ele>405.94779621530324</ele>
        <time>2022-04-13T22:35:25Z</time>
      </trkpt>
      <trkpt lat="34.26792424697893" lon="109.03662379597206">
        <ele>406.3604964269325</ele>
        <time>2022-04-13T22:35:31Z</time>
      </trkpt>
      <trkpt lat="34.26841340144232" lon="109.03647562641594">
        <ele>404.3727175677195</ele>
        <time>2022-04-13T22:35:37Z</time>
      </trkpt>
      <trkpt lat="34.2689180178354" lon="109.03631092671564">
        <ele>405.5633694892749</ele>
        <time>2022-04-13T22:35:43Z</time>
      </trkpt>
      <trkpt lat="34.269084965162065" lon="109.03627581008293">
        <ele>404.8750331364572</ele>
        <time>2022-04-13T22:35:45Z</time>
      </trkpt>
      <trkpt lat="34.26961167248485" lon="109.03626132298133">
        <ele>403.97911298740655</ele>
        <time>2022-04-13T22:35:51Z</time>
      </trkpt>
      <trkpt lat="34.27013954646135" lon="109.03629430194798">
        <ele>404.28856071457267</ele>
        <time>2022-04-13T22:35:57Z</time>
      </trkpt>
      <trkpt lat="34.27030120721619" lon="109.03629234121932">
        <ele>404.9991579419002</ele>
        <time>2022-04-13T22:35:59Z</time>
      </trkpt>
      <trkpt lat="34.27048462474065" lon="109.0363248137509">
        <ele>404.6463734386489</ele>
        <time>2022-04-13T22:36:01Z</time>
      </trkpt>
      <trkpt lat="34.270996939164576" lon="109.03634914912283">
        <ele>403.4156181393191</ele>
        <time>2022-04-13T22:36:07Z</time>
      </trkpt>
      <trkpt lat="34.27153208264285" lon="109.03630845883809">
        <ele>403.5749886492267</ele>
        <time>2022-04-13T22:36:13Z</time>
      </trkpt>
      <trkpt lat="34.27208658164814" lon="109.0362835761736">
        <ele>405.2449806900695</ele>
        <time>2022-04-13T22:36:19Z</time>
      </trkpt>
      <trkpt lat="34.27263158357855" lon="109.03620673708737">
        <ele>404.06876345817</ele>
        <time>2022-04-13T22:36:25Z</time>
      </trkpt>
      <trkpt lat="34.2729884694388" lon="109.0361787355595">
        <ele>404.8633262682706</ele>
        <time>2022-04-13T22:36:29Z</time>
      </trkpt>
      <trkpt lat="34.273519915420614" lon="109.03605565446487">
        <ele>403.10107469186187</ele>
        <time>2022-04-13T22:36:35Z</time>
      </trkpt>
      <trkpt lat="34.27405430052741" lon="109.03593201149093">
        <ele>402.569947254844</ele>
        <time>2022-04-13T22:36:41Z</time>
      </trkpt>
      <trkpt lat="34.274530014700005" lon="109.03580159783499">
        <ele>403.40173481497914</ele>
        <time>2022-04-13T22:36:47Z</time>
      </trkpt>
      <trkpt lat="34.274832592417184" lon="109.03569263571532">
        <ele>402.89954960439354</ele>
        <time>2022-04-13T22:36:51Z</time>
      </trkpt>
      <trkpt lat="34.27497480172613" lon="109.03565986082565">
        <ele>404.1351803112775</ele>
        <time>2022-04-13T22:36:53Z</time>
      </trkpt>
      <trkpt lat="34.275207183099255" lon="109.0356300678804">
        <ele>403.34477099217474</ele>
        <time>2022-04-13T22:36:57Z</time>
      </trkpt>
      <trkpt lat="34.27559282093732" lon="109.03543236017354">
        <ele>404.2922681514174</ele>
        <time>2022-04-13T22:37:03Z</time>
      </trkpt>
      <trkpt lat="34.27575449897871" lon="109.03540754645135">
        <ele>404.17431708052754</ele>
        <time>2022-04-13T22:37:05Z</time>
      </trkpt>
      <trkpt lat="34.276086553719416" lon="109.03541196980495">
        <ele>402.4373006988317</ele>
        <time>2022-04-13T22:37:09Z</time>
      </trkpt>
      <trkpt lat="34.27662718518275" lon="109.03534944309129">
        <ele>404.1367401955649</ele>
        <time>2022-04-13T22:37:15Z</time>
      </trkpt>
      <trkpt lat="34.27699932001656" lon="109.03532760578216">
        <ele>403.31667888350785</ele>
        <time>2022-04-13T22:37:19Z</time>
      </trkpt>
      <trkpt lat="34.27756217935069" lon="109.03523525523056">
        <ele>403.309768226929</ele>
        <time>2022-04-13T22:37:25Z</time>
      </trkpt>
      <trkpt lat="34.27795099773403" lon="109.03519484163414">
        <ele>403.99157635029405</ele>
        <time>2022-04-13T22:37:29Z</time>
      </trkpt>
      <trkpt lat="34.27814071317651" lon="109.03519321997098">
        <ele>403.8927129479125</ele>
        <time>2022-04-13T22:37:31Z</time>
      </trkpt>
      <trkpt lat="34.27872543127062" lon="109.03512548967875">
        <ele>403.8721379302442</ele>
        <time>2022-04-13T22:37:37Z</time>
      </trkpt>
      <trkpt lat="34.27891743387122" lon="109.03510214481993">
        <ele>404.3521234476939</ele>
        <time>2022-04-13T22:37:39Z</time>
      </trkpt>
      <trkpt lat="34.2795119181519" lon="109.03509784112417">
        <ele>402.58191332872957</ele>
        <time>2022-04-13T22:37:45Z</time>
      </trkpt>
      <trkpt lat="34.28007518356702" lon="109.03502964865302">
        <ele>400.6047738837078</ele>
        <time>2022-04-13T22:37:51Z</time>
      </trkpt>
      <trkpt lat="34.28062742388192" lon="109.03490501602441">
        <ele>400.10525396466255</ele>
        <time>2022-04-13T22:37:57Z</time>
      </trkpt>
      <trkpt lat="34.28117268149532" lon="109.03470030607907">
        <ele>399.85581282991916</ele>
        <time>2022-04-13T22:38:03Z</time>
      </trkpt>
      <trkpt lat="34.28152681866889" lon="109.03451476625295">
        <ele>400.76498431619257</ele>
        <time>2022-04-13T22:38:07Z</time>
      </trkpt>
      <trkpt lat="34.28203505437313" lon="109.03416554269253">
        <ele>401.0530402539298</ele>
        <time>2022-04-13T22:38:13Z</time>
      </trkpt>
      <trkpt lat="34.28251717979157" lon="109.03374814899286">
        <ele>400.76496682688594</ele>
        <time>2022-04-13T22:38:19Z</time>
      </trkpt>
      <trkpt lat="34.28298394699282" lon="109.033355796288">
        <ele>400.2705101976171</ele>
        <time>2022-04-13T22:38:25Z</time>
      </trkpt>
      <trkpt lat="34.28344226266958" lon="109.03293179314764">
        <ele>399.97399478405714</ele>
        <time>2022-04-13T22:38:31Z</time>
      </trkpt>
      <trkpt lat="34.28390629241637" lon="109.03255787642297">
        <ele>400.3161917189136</ele>
        <time>2022-04-13T22:38:37Z</time>
      </trkpt>
      <trkpt lat="34.284348624756525" lon="109.0321654898762">
        <ele>400.4372049514204</ele>
        <time>2022-04-13T22:38:43Z</time>
      </trkpt>
      <trkpt lat="34.28478058078602" lon="109.0317878661973">
        <ele>400.2031099470332</ele>
        <time>2022-04-13T22:38:49Z</time>
      </trkpt>
      <trkpt lat="34.285235610554686" lon="109.03140823735465">
        <ele>400.48290420044214</ele>
        <time>2022-04-13T22:38:55Z</time>
      </trkpt>
      <trkpt lat="34.28555948791677" lon="109.03118040849817">
        <ele>400.48847485426813</ele>
        <time>2022-04-13T22:38:59Z</time>
      </trkpt>
      <trkpt lat="34.28606545212523" lon="109.0308903688096">
        <ele>401.27241644542664</ele>
        <time>2022-04-13T22:39:05Z</time>
      </trkpt>
      <trkpt lat="34.28659069226126" lon="109.03069661344414">
        <ele>401.33483436424285</ele>
        <time>2022-04-13T22:39:11Z</time>
      </trkpt>
      <trkpt lat="34.287127517756716" lon="109.03049849147891">
        <ele>400.69725133199245</ele>
        <time>2022-04-13T22:39:17Z</time>
      </trkpt>
      <trkpt lat="34.287670761090425" lon="109.0303059247624">
        <ele>400.8665757533163</ele>
        <time>2022-04-13T22:39:23Z</time>
      </trkpt>
      <trkpt lat="34.28821272990386" lon="109.03009203758307">
        <ele>400.9291730048135</ele>
        <time>2022-04-13T22:39:29Z</time>
      </trkpt>
      <trkpt lat="34.288798764825195" lon="109.02988519895682">
        <ele>399.62989513669163</ele>
        <time>2022-04-13T22:39:35Z</time>
      </trkpt>
      <trkpt lat="34.288997286290076" lon="109.02981791093332">
        <ele>399.0133759435266</ele>
        <time>2022-04-13T22:39:37Z</time>
      </trkpt>
      <trkpt lat="34.289642433211675" lon="109.02970934120694">
        <ele>398.5127020785585</ele>
        <time>2022-04-13T22:39:43Z</time>
      </trkpt>
      <trkpt lat="34.29007058016043" lon="109.0296858063836">
        <ele>398.8252039803192</ele>
        <time>2022-04-13T22:39:47Z</time>
      </trkpt>
      <trkpt lat="34.29065194978691" lon="109.02968349065773">
        <ele>399.982487315312</ele>
        <time>2022-04-13T22:39:53Z</time>
      </trkpt>
      <trkpt lat="34.29081239524304" lon="109.02969093612245">
        <ele>399.61948004271835</ele>
        <time>2022-04-13T22:39:55Z</time>
      </trkpt>
      <trkpt lat="34.291243994097826" lon="109.02966606895787">
        <ele>400.0503158401698</ele>
        <time>2022-04-13T22:39:59Z</time>
      </trkpt>
      <trkpt lat="34.29175129985784" lon="109.02968499652125">
        <ele>398.877499605529</ele>
        <time>2022-04-13T22:40:05Z</time>
      </trkpt>
      <trkpt lat="34.29219030112317" lon="109.02963635095051">
        <ele>398.5349273988977</ele>
        <time>2022-04-13T22:40:11Z</time>
      </trkpt>
      <trkpt lat="34.29267924307423" lon="109.02949546028462">
        <ele>397.48824547044933</ele>
        <time>2022-04-13T22:40:19Z</time>
      </trkpt>
      <trkpt lat="34.293120371547175" lon="109.02937847012404">
        <ele>398.2163820536807</ele>
        <time>2022-04-13T22:40:27Z</time>
      </trkpt>
      <trkpt lat="34.29343231839187" lon="109.02934002717811">
        <ele>397.95452392846346</ele>
        <time>2022-04-13T22:40:45Z</time>
      </trkpt>
      <trkpt lat="34.2936951855888" lon="109.02922514612669">
        <ele>398.62004455551505</ele>
        <time>2022-04-13T22:41:24Z</time>
      </trkpt>
      <trkpt lat="34.293918750773464" lon="109.02920040932798">
        <ele>398.6243657162413</ele>
        <time>2022-04-13T22:41:28Z</time>
      </trkpt>
      <trkpt lat="34.294300742823324" lon="109.02910078752501">
        <ele>398.00581640098244</ele>
        <time>2022-04-13T22:41:34Z</time>
      </trkpt>
      <trkpt lat="34.2947946602594" lon="109.02899434243008">
        <ele>397.79410864040256</ele>
        <time>2022-04-13T22:41:40Z</time>
      </trkpt>
      <trkpt lat="34.295310027760685" lon="109.02882595137835">
        <ele>397.38240448292345</ele>
        <time>2022-04-13T22:41:46Z</time>
      </trkpt>
      <trkpt lat="34.29548506765665" lon="109.02877209580595">
        <ele>398.1107579022646</ele>
        <time>2022-04-13T22:41:48Z</time>
      </trkpt>
      <trkpt lat="34.296047285999535" lon="109.028694220593">
        <ele>398.03439699020237</ele>
        <time>2022-04-13T22:41:54Z</time>
      </trkpt>
      <trkpt lat="34.29664889683221" lon="109.02861108951048">
        <ele>396.82435220852494</ele>
        <time>2022-04-13T22:42:00Z</time>
      </trkpt>
      <trkpt lat="34.29684441624534" lon="109.02859439204074">
        <ele>396.94830637425184</ele>
        <time>2022-04-13T22:42:02Z</time>
      </trkpt>
      <trkpt lat="34.297252369867714" lon="109.02851323477077">
        <ele>397.84427150245756</ele>
        <time>2022-04-13T22:42:06Z</time>
      </trkpt>
      <trkpt lat="34.2974614794873" lon="109.0285219772241">
        <ele>396.86936280597</ele>
        <time>2022-04-13T22:42:08Z</time>
      </trkpt>
      <trkpt lat="34.29806499275651" lon="109.02850249926512">
        <ele>396.6228793282062</ele>
        <time>2022-04-13T22:42:14Z</time>
      </trkpt>
      <trkpt lat="34.29862908833842" lon="109.02849322364132">
        <ele>397.51327134668827</ele>
        <time>2022-04-13T22:42:20Z</time>
      </trkpt>
      <trkpt lat="34.29882240710589" lon="109.02849799288612">
        <ele>397.8579563330859</ele>
        <time>2022-04-13T22:42:22Z</time>
      </trkpt>
      <trkpt lat="34.29940899540323" lon="109.02841608389816">
        <ele>394.37793395947665</ele>
        <time>2022-04-13T22:42:28Z</time>
      </trkpt>
      <trkpt lat="34.30000376984316" lon="109.02828471605014">
        <ele>392.731854358688</ele>
        <time>2022-04-13T22:42:34Z</time>
      </trkpt>
      <trkpt lat="34.30019053212513" lon="109.02828293502512">
        <ele>390.8913094252348</ele>
        <time>2022-04-13T22:42:36Z</time>
      </trkpt>
      <trkpt lat="34.30057233974377" lon="109.02818974441641">
        <ele>393.1924499338493</ele>
        <time>2022-04-13T22:42:40Z</time>
      </trkpt>
      <trkpt lat="34.300765025335394" lon="109.02816351485569">
        <ele>392.7106944285333</ele>
        <time>2022-04-13T22:42:42Z</time>
      </trkpt>
      <trkpt lat="34.30131396639811" lon="109.02799109661537">
        <ele>392.8482679305598</ele>
        <time>2022-04-13T22:42:48Z</time>
      </trkpt>
      <trkpt lat="34.30175878294918" lon="109.0277535747135">
        <ele>393.10058100055903</ele>
        <time>2022-04-13T22:42:53Z</time>
      </trkpt>
      <trkpt lat="34.30209336533381" lon="109.0275139195237">
        <ele>393.5581537289545</ele>
        <time>2022-04-13T22:42:57Z</time>
      </trkpt>
      <trkpt lat="34.30238793441162" lon="109.02724912183821">
        <ele>393.02683113049716</ele>
        <time>2022-04-13T22:43:01Z</time>
      </trkpt>
      <trkpt lat="34.30281623961916" lon="109.0267724348823">
        <ele>392.81499680504203</ele>
        <time>2022-04-13T22:43:07Z</time>
      </trkpt>
      <trkpt lat="34.303076495923854" lon="109.0264410708717">
        <ele>391.66626440081745</ele>
        <time>2022-04-13T22:43:11Z</time>
      </trkpt>
      <trkpt lat="34.303381030159585" lon="109.02593516192121">
        <ele>392.23623911850154</ele>
        <time>2022-04-13T22:43:17Z</time>
      </trkpt>
      <trkpt lat="34.30362971173972" lon="109.02542090844098">
        <ele>393.314186880365</ele>
        <time>2022-04-13T22:43:23Z</time>
      </trkpt>
      <trkpt lat="34.30393261091797" lon="109.02488393268307">
        <ele>392.126269845292</ele>
        <time>2022-04-13T22:43:29Z</time>
      </trkpt>
      <trkpt lat="34.30421082510082" lon="109.024549449599">
        <ele>391.9356778934598</ele>
        <time>2022-04-13T22:43:33Z</time>
      </trkpt>
      <trkpt lat="34.304362556646396" lon="109.02439425084992">
        <ele>392.6580208512023</ele>
        <time>2022-04-13T22:43:35Z</time>
      </trkpt>
      <trkpt lat="34.30452770420597" lon="109.02426153339121">
        <ele>393.40608527418226</ele>
        <time>2022-04-13T22:43:37Z</time>
      </trkpt>
      <trkpt lat="34.304884740960595" lon="109.0240564471816">
        <ele>393.68256936687976</ele>
        <time>2022-04-13T22:43:41Z</time>
      </trkpt>
      <trkpt lat="34.305073685572296" lon="109.0239856841839">
        <ele>394.30065962392837</ele>
        <time>2022-04-13T22:43:43Z</time>
      </trkpt>
      <trkpt lat="34.305454976078764" lon="109.02391087992562">
        <ele>393.90385792497545</ele>
        <time>2022-04-13T22:43:47Z</time>
      </trkpt>
      <trkpt lat="34.306050035882244" lon="109.02391115076885">
        <ele>392.6710607884452</ele>
        <time>2022-04-13T22:43:53Z</time>
      </trkpt>
      <trkpt lat="34.306646091799024" lon="109.02389771096108">
        <ele>391.6701928079128</ele>
        <time>2022-04-13T22:43:59Z</time>
      </trkpt>
      <trkpt lat="34.307250078236564" lon="109.02391950869486">
        <ele>390.8644652683288</ele>
        <time>2022-04-13T22:44:05Z</time>
      </trkpt>
      <trkpt lat="34.307829041870924" lon="109.02394276655227">
        <ele>389.5141005506739</ele>
        <time>2022-04-13T22:44:11Z</time>
      </trkpt>
      <trkpt lat="34.30833972303824" lon="109.02395893760557">
        <ele>388.8623063005507</ele>
        <time>2022-04-13T22:44:17Z</time>
      </trkpt>
      <trkpt lat="34.30851123642536" lon="109.02396263301482">
        <ele>389.07945292722434</ele>
        <time>2022-04-13T22:44:19Z</time>
      </trkpt>
      <trkpt lat="34.30884953933863" lon="109.02402755738999">
        <ele>388.98539146594703</ele>
        <time>2022-04-13T22:44:23Z</time>
      </trkpt>
      <trkpt lat="34.30919019204997" lon="109.02416130048852">
        <ele>389.69344410765916</ele>
        <time>2022-04-13T22:44:27Z</time>
      </trkpt>
      <trkpt lat="34.30935502949152" lon="109.02425009693701">
        <ele>390.28835722245276</ele>
        <time>2022-04-13T22:44:29Z</time>
      </trkpt>
      <trkpt lat="34.30966608458603" lon="109.02447486095937">
        <ele>391.5289224749431</ele>
        <time>2022-04-13T22:44:33Z</time>
      </trkpt>
      <trkpt lat="34.30995730760526" lon="109.02477246149506">
        <ele>392.28443874791265</ele>
        <time>2022-04-13T22:44:37Z</time>
      </trkpt>
      <trkpt lat="34.310090328803284" lon="109.02493938288639">
        <ele>391.1046232385561</ele>
        <time>2022-04-13T22:44:39Z</time>
      </trkpt>
      <trkpt lat="34.31037280802327" lon="109.0252177936209">
        <ele>391.75637698639184</ele>
        <time>2022-04-13T22:44:43Z</time>
      </trkpt>
      <trkpt lat="34.31053195339371" lon="109.02531685022394">
        <ele>391.883986344561</ele>
        <time>2022-04-13T22:44:45Z</time>
      </trkpt>
      <trkpt lat="34.31070824619908" lon="109.02539653929244">
        <ele>391.67934587877244</ele>
        <time>2022-04-13T22:44:47Z</time>
      </trkpt>
      <trkpt lat="34.31088648482644" lon="109.02544452939495">
        <ele>391.7285861382261</ele>
        <time>2022-04-13T22:44:49Z</time>
      </trkpt>
      <trkpt lat="34.31106481062254" lon="109.02546183141034">
        <ele>391.3060863558203</ele>
        <time>2022-04-13T22:44:51Z</time>
      </trkpt>
      <trkpt lat="34.31143334341682" lon="109.02539179029952">
        <ele>392.1232340037823</ele>
        <time>2022-04-13T22:44:55Z</time>
      </trkpt>
      <trkpt lat="34.31177760924442" lon="109.02525118681244">
        <ele>391.4082071678713</ele>
        <time>2022-04-13T22:44:59Z</time>
      </trkpt>
      <trkpt lat="34.3122673392435" lon="109.02490695064124">
        <ele>392.1772415507585</ele>
        <time>2022-04-13T22:45:05Z</time>
      </trkpt>
      <trkpt lat="34.312742530226416" lon="109.02455983968211">
        <ele>392.4648935664445</ele>
        <time>2022-04-13T22:45:11Z</time>
      </trkpt>
      <trkpt lat="34.31320720045725" lon="109.02424294731266">
        <ele>392.0764694670215</ele>
        <time>2022-04-13T22:45:17Z</time>
      </trkpt>
      <trkpt lat="34.31367862876979" lon="109.02391131873371">
        <ele>391.7031835289672</ele>
        <time>2022-04-13T22:45:23Z</time>
      </trkpt>
      <trkpt lat="34.31410996496373" lon="109.0236153014128">
        <ele>391.305011626333</ele>
        <time>2022-04-13T22:45:29Z</time>
      </trkpt>
      <trkpt lat="34.314526115877314" lon="109.02327258596509">
        <ele>391.30738360155374</ele>
        <time>2022-04-13T22:45:35Z</time>
      </trkpt>
      <trkpt lat="34.31496202833201" lon="109.02291563016001">
        <ele>391.0825339742005</ele>
        <time>2022-04-13T22:45:41Z</time>
      </trkpt>
      <trkpt lat="34.31537626857515" lon="109.0225685935779">
        <ele>390.03496955055743</ele>
        <time>2022-04-13T22:45:47Z</time>
      </trkpt>
      <trkpt lat="34.31549878153454" lon="109.02243359217762">
        <ele>390.1405360624194</ele>
        <time>2022-04-13T22:45:49Z</time>
      </trkpt>
      <trkpt lat="34.31576277414993" lon="109.02219921778271">
        <ele>390.3795855399221</ele>
        <time>2022-04-13T22:45:53Z</time>
      </trkpt>
      <trkpt lat="34.31590233684576" lon="109.02210324080392">
        <ele>390.75792684964836</ele>
        <time>2022-04-13T22:45:55Z</time>
      </trkpt>
      <trkpt lat="34.316352765740255" lon="109.0219141202261">
        <ele>390.9307023594156</ele>
        <time>2022-04-13T22:46:01Z</time>
      </trkpt>
      <trkpt lat="34.31669560322469" lon="109.02181431240045">
        <ele>391.6685034930706</ele>
        <time>2022-04-13T22:46:05Z</time>
      </trkpt>
      <trkpt lat="34.31725663819913" lon="109.02174015273486">
        <ele>391.4340397203341</ele>
        <time>2022-04-13T22:46:11Z</time>
      </trkpt>
      <trkpt lat="34.31780633646011" lon="109.0216675844864">
        <ele>391.26694043166935</ele>
        <time>2022-04-13T22:46:17Z</time>
      </trkpt>
      <trkpt lat="34.318184519273075" lon="109.02160781511554">
        <ele>391.63118920568377</ele>
        <time>2022-04-13T22:46:21Z</time>
      </trkpt>
      <trkpt lat="34.31876760157776" lon="109.02154130999139">
        <ele>391.5080307731405</ele>
        <time>2022-04-13T22:46:27Z</time>
      </trkpt>
      <trkpt lat="34.31916827130158" lon="109.02151333435046">
        <ele>390.9660869995132</ele>
        <time>2022-04-13T22:46:31Z</time>
      </trkpt>
      <trkpt lat="34.319778569673915" lon="109.02154249424203">
        <ele>390.5537246922031</ele>
        <time>2022-04-13T22:46:37Z</time>
      </trkpt>
      <trkpt lat="34.32032512119911" lon="109.02161378806575">
        <ele>391.1477763270959</ele>
        <time>2022-04-13T22:46:43Z</time>
      </trkpt>
      <trkpt lat="34.320852794613074" lon="109.02168902992523">
        <ele>390.0848108753562</ele>
        <time>2022-04-13T22:46:49Z</time>
      </trkpt>
      <trkpt lat="34.32138419744099" lon="109.02177227997869">
        <ele>390.27121931687</ele>
        <time>2022-04-13T22:46:55Z</time>
      </trkpt>
      <trkpt lat="34.32189288400169" lon="109.02185180879856">
        <ele>389.5471323635429</ele>
        <time>2022-04-13T22:47:01Z</time>
      </trkpt>
      <trkpt lat="34.322450697476555" lon="109.02192365740372">
        <ele>389.65725085977465</ele>
        <time>2022-04-13T22:47:07Z</time>
      </trkpt>
      <trkpt lat="34.32301624193621" lon="109.02193190394946">
        <ele>389.6357646603137</ele>
        <time>2022-04-13T22:47:13Z</time>
      </trkpt>
      <trkpt lat="34.32357352329257" lon="109.02192782614989">
        <ele>388.13568842224777</ele>
        <time>2022-04-13T22:47:19Z</time>
      </trkpt>
      <trkpt lat="34.32414793421479" lon="109.02182463674718">
        <ele>388.10140184126794</ele>
        <time>2022-04-13T22:47:25Z</time>
      </trkpt>
      <trkpt lat="34.32471707322131" lon="109.0216432967845">
        <ele>387.6895200526342</ele>
        <time>2022-04-13T22:47:31Z</time>
      </trkpt>
      <trkpt lat="34.3250865270057" lon="109.02149275829896">
        <ele>388.40202230680734</ele>
        <time>2022-04-13T22:47:35Z</time>
      </trkpt>
      <trkpt lat="34.32560295550809" lon="109.02119109598347">
        <ele>387.95998576749116</ele>
        <time>2022-04-13T22:47:41Z</time>
      </trkpt>
      <trkpt lat="34.32607052494239" lon="109.02082061397664">
        <ele>388.4462780347094</ele>
        <time>2022-04-13T22:47:47Z</time>
      </trkpt>
      <trkpt lat="34.32635405372724" lon="109.02056260540233">
        <ele>389.04162810370326</ele>
        <time>2022-04-13T22:47:51Z</time>
      </trkpt>
      <trkpt lat="34.3267439375928" lon="109.02008200791849">
        <ele>389.41770144179463</ele>
        <time>2022-04-13T22:47:57Z</time>
      </trkpt>
      <trkpt lat="34.32709417602677" lon="109.0195586330164">
        <ele>389.34048275183886</ele>
        <time>2022-04-13T22:48:03Z</time>
      </trkpt>
      <trkpt lat="34.327402350860524" lon="109.01906479416324">
        <ele>389.3130733361468</ele>
        <time>2022-04-13T22:48:09Z</time>
      </trkpt>
      <trkpt lat="34.32767851212157" lon="109.01860991835704">
        <ele>389.4348394200206</ele>
        <time>2022-04-13T22:48:19Z</time>
      </trkpt>
      <trkpt lat="34.327976492983154" lon="109.01810834604605">
        <ele>388.0913435993716</ele>
        <time>2022-04-13T22:48:29Z</time>
      </trkpt>
      <trkpt lat="34.32824847998469" lon="109.01765068134462">
        <ele>388.22625456843525</ele>
        <time>2022-04-13T22:48:35Z</time>
      </trkpt>
      <trkpt lat="34.32851371956441" lon="109.01720727765017">
        <ele>388.1207082476467</ele>
        <time>2022-04-13T22:48:41Z</time>
      </trkpt>
      <trkpt lat="34.32878984189406" lon="109.01677318169425">
        <ele>388.3904928341508</ele>
        <time>2022-04-13T22:48:47Z</time>
      </trkpt>
      <trkpt lat="34.329051874496294" lon="109.0163075782545">
        <ele>388.57119791861624</ele>
        <time>2022-04-13T22:48:53Z</time>
      </trkpt>
      <trkpt lat="34.3291392661788" lon="109.01616215874886">
        <ele>387.378047503531</ele>
        <time>2022-04-13T22:48:55Z</time>
      </trkpt>
      <trkpt lat="34.32944190713825" lon="109.01573000123116">
        <ele>388.54437012784183</ele>
        <time>2022-04-13T22:49:01Z</time>
      </trkpt>
      <trkpt lat="34.32965832767714" lon="109.01545223376932">
        <ele>388.87506708782166</ele>
        <time>2022-04-13T22:49:05Z</time>
      </trkpt>
      <trkpt lat="34.330013884997456" lon="109.01510868154247">
        <ele>387.1312920358032</ele>
        <time>2022-04-13T22:49:11Z</time>
      </trkpt>
      <trkpt lat="34.330436660220535" lon="109.01470617691544">
        <ele>388.3959819562733</ele>
        <time>2022-04-13T22:49:19Z</time>
      </trkpt>
      <trkpt lat="34.33087190779008" lon="109.0143877288004">
        <ele>388.16980616468936</ele>
        <time>2022-04-13T22:49:27Z</time>
      </trkpt>
      <trkpt lat="34.33113904325208" lon="109.01415846669356">
        <ele>388.59661189559847</ele>
        <time>2022-04-13T22:49:33Z</time>
      </trkpt>
      <trkpt lat="34.33147343847969" lon="109.01391427009624">
        <ele>387.0419727060944</ele>
        <time>2022-04-13T22:49:41Z</time>
      </trkpt>
      <trkpt lat="34.33163204932011" lon="109.01383194594284">
        <ele>387.4822604069486</ele>
        <time>2022-04-13T22:49:45Z</time>
      </trkpt>
      <trkpt lat="34.33203238944185" lon="109.01354272860351">
        <ele>387.22909415885806</ele>
        <time>2022-04-13T22:49:55Z</time>
      </trkpt>
      <trkpt lat="34.33226250500207" lon="109.0133843579381">
        <ele>388.1612399267033</ele>
        <time>2022-04-13T22:50:01Z</time>
      </trkpt>
      <trkpt lat="34.33232182994832" lon="109.01331237382816">
        <ele>387.9019745718688</ele>
        <time>2022-04-13T22:50:03Z</time>
      </trkpt>
      <trkpt lat="34.3323209315585" lon="109.01321907003879">
        <ele>387.9694887455553</ele>
        <time>2022-04-13T22:50:05Z</time>
      </trkpt>
      <trkpt lat="34.332248858481464" lon="109.01313064472932">
        <ele>387.85111233592033</ele>
        <time>2022-04-13T22:50:07Z</time>
      </trkpt>
      <trkpt lat="34.3322488910264" lon="109.01299659386297">
        <ele>389.4007874475792</ele>
        <time>2022-04-13T22:50:11Z</time>
      </trkpt>
      <trkpt lat="34.33240914133108" lon="109.01288110133623">
        <ele>390.0712935095653</ele>
        <time>2022-04-13T22:50:17Z</time>
      </trkpt>
      <trkpt lat="34.33247546085477" lon="109.01278551960849">
        <ele>388.409135568887</ele>
        <time>2022-04-13T22:50:19Z</time>
      </trkpt>
      <trkpt lat="34.332500516383945" lon="109.0126590082964">
        <ele>387.416624346748</ele>
        <time>2022-04-13T22:50:21Z</time>
      </trkpt>
      <trkpt lat="34.33234794240421" lon="109.01237013078732">
        <ele>387.65942691173404</ele>
        <time>2022-04-13T22:50:25Z</time>
      </trkpt>
      <trkpt lat="34.33215239365682" lon="109.01187061752978">
        <ele>387.4482710836455</ele>
        <time>2022-04-13T22:50:31Z</time>
      </trkpt>
      <trkpt lat="34.331975010864234" lon="109.01132492038518">
        <ele>386.8588268831372</ele>
        <time>2022-04-13T22:50:37Z</time>
      </trkpt>
      <trkpt lat="34.33186136363539" lon="109.01094674317235">
        <ele>387.27667004149407</ele>
        <time>2022-04-13T22:50:41Z</time>
      </trkpt>
      <trkpt lat="34.33183231248281" lon="109.01074978986917">
        <ele>386.54244443401694</ele>
        <time>2022-04-13T22:50:43Z</time>
      </trkpt>
      <trkpt lat="34.3318023262069" lon="109.01034495918178">
        <ele>385.99737772066146</ele>
        <time>2022-04-13T22:50:47Z</time>
      </trkpt>
      <trkpt lat="34.331717115430244" lon="109.00977909233883">
        <ele>386.9208690356463</ele>
        <time>2022-04-13T22:50:53Z</time>
      </trkpt>
      <trkpt lat="34.33170271807184" lon="109.0095786130705">
        <ele>387.80642632208765</ele>
        <time>2022-04-13T22:50:55Z</time>
      </trkpt>
      <trkpt lat="34.33165557055813" lon="109.00938231801136">
        <ele>386.35331255942583</ele>
        <time>2022-04-13T22:50:57Z</time>
      </trkpt>
      <trkpt lat="34.331650864255174" lon="109.00899685665036">
        <ele>385.9838804695755</ele>
        <time>2022-04-13T22:51:01Z</time>
      </trkpt>
      <trkpt lat="34.3316862650913" lon="109.0087923367724">
        <ele>385.0842064395547</ele>
        <time>2022-04-13T22:51:03Z</time>
      </trkpt>
      <trkpt lat="34.33170643067836" lon="109.00824073980769">
        <ele>384.5052766138688</ele>
        <time>2022-04-13T22:51:09Z</time>
      </trkpt>
      <trkpt lat="34.331714071294876" lon="109.00774426097189">
        <ele>386.88047603610903</ele>
        <time>2022-04-13T22:51:15Z</time>
      </trkpt>
      <trkpt lat="34.33169962810523" lon="109.00738283444632">
        <ele>386.96411293558776</ele>
        <time>2022-04-13T22:51:19Z</time>
      </trkpt>
      <trkpt lat="34.33172194482426" lon="109.00679039834165">
        <ele>386.39514067955315</ele>
        <time>2022-04-13T22:51:25Z</time>
      </trkpt>
      <trkpt lat="34.3317477782574" lon="109.00620011128585">
        <ele>386.3465239787474</ele>
        <time>2022-04-13T22:51:31Z</time>
      </trkpt>
      <trkpt lat="34.331748918128675" lon="109.00564592988678">
        <ele>388.40005492419004</ele>
        <time>2022-04-13T22:51:37Z</time>
      </trkpt>
      <trkpt lat="34.33175837366965" lon="109.00532125808446">
        <ele>387.82911939080805</ele>
        <time>2022-04-13T22:51:41Z</time>
      </trkpt>
      <trkpt lat="34.33170491049137" lon="109.0051573333811">
        <ele>386.8383465157822</ele>
        <time>2022-04-13T22:51:43Z</time>
      </trkpt>
      <trkpt lat="34.331776246369685" lon="109.00501768388412">
        <ele>387.89307693298906</ele>
        <time>2022-04-13T22:51:45Z</time>
      </trkpt>
      <trkpt lat="34.33179610495322" lon="109.00468263947741">
        <ele>387.8057785490528</ele>
        <time>2022-04-13T22:51:49Z</time>
      </trkpt>
      <trkpt lat="34.33176417879687" lon="109.00432460903112">
        <ele>389.27607020083815</ele>
        <time>2022-04-13T22:51:53Z</time>
      </trkpt>
      <trkpt lat="34.33178058035158" lon="109.00381657623699">
        <ele>387.3913999730721</ele>
        <time>2022-04-13T22:51:59Z</time>
      </trkpt>
      <trkpt lat="34.3318198990474" lon="109.00316337677361">
        <ele>387.3115194393322</ele>
        <time>2022-04-13T22:52:07Z</time>
      </trkpt>
      <trkpt lat="34.33183909840806" lon="109.00264975942649">
        <ele>387.23065082076937</ele>
        <time>2022-04-13T22:52:13Z</time>
      </trkpt>
      <trkpt lat="34.3318192373575" lon="109.00212189410087">
        <ele>388.16157437767833</ele>
        <time>2022-04-13T22:52:19Z</time>
      </trkpt>
      <trkpt lat="34.331826446143246" lon="109.00144004438438">
        <ele>391.4301924780011</ele>
        <time>2022-04-13T22:52:27Z</time>
      </trkpt>
      <trkpt lat="34.331839207855424" lon="109.0009073943137">
        <ele>391.53149889502674</ele>
        <time>2022-04-13T22:52:33Z</time>
      </trkpt>
      <trkpt lat="34.33185480603246" lon="109.00037308501712">
        <ele>391.37023568805307</ele>
        <time>2022-04-13T22:52:39Z</time>
      </trkpt>
      <trkpt lat="34.33189011776196" lon="108.99971824127346">
        <ele>390.4627989558503</ele>
        <time>2022-04-13T22:52:47Z</time>
      </trkpt>
      <trkpt lat="34.33186323996686" lon="108.9992384689781">
        <ele>390.8135337587446</ele>
        <time>2022-04-13T22:52:53Z</time>
      </trkpt>
      <trkpt lat="34.33180374149733" lon="108.99870329912036">
        <ele>392.24769720900804</ele>
        <time>2022-04-13T22:52:59Z</time>
      </trkpt>
      <trkpt lat="34.331731506355005" lon="108.99835303516625">
        <ele>392.3565552663058</ele>
        <time>2022-04-13T22:53:03Z</time>
      </trkpt>
      <trkpt lat="34.33157749522581" lon="108.9978169478597">
        <ele>392.62627906538546</ele>
        <time>2022-04-13T22:53:09Z</time>
      </trkpt>
      <trkpt lat="34.331443287386534" lon="108.99728891357249">
        <ele>392.5910201603547</ele>
        <time>2022-04-13T22:53:15Z</time>
      </trkpt>
      <trkpt lat="34.33132839543088" lon="108.99695520145808">
        <ele>392.92488078866154</ele>
        <time>2022-04-13T22:53:19Z</time>
      </trkpt>
      <trkpt lat="34.331184514109296" lon="108.99640896815971">
        <ele>392.20832803845406</ele>
        <time>2022-04-13T22:53:25Z</time>
      </trkpt>
      <trkpt lat="34.331057930315765" lon="108.99607318236366">
        <ele>392.3037637928501</ele>
        <time>2022-04-13T22:53:29Z</time>
      </trkpt>
      <trkpt lat="34.33095882301457" lon="108.99551871961664">
        <ele>393.3455337425694</ele>
        <time>2022-04-13T22:53:35Z</time>
      </trkpt>
      <trkpt lat="34.33087528389992" lon="108.9948752685869">
        <ele>393.5472805649042</ele>
        <time>2022-04-13T22:53:41Z</time>
      </trkpt>
      <trkpt lat="34.33084959183055" lon="108.9946582277419">
        <ele>390.0716844620183</ele>
        <time>2022-04-13T22:53:43Z</time>
      </trkpt>
      <trkpt lat="34.33064302600769" lon="108.99388846038185">
        <ele>392.2067094538361</ele>
        <time>2022-04-13T22:53:49Z</time>
      </trkpt>
      <trkpt lat="34.33049709520429" lon="108.99335471092598">
        <ele>392.66785237845033</ele>
        <time>2022-04-13T22:53:53Z</time>
      </trkpt>
      <trkpt lat="34.33053458266727" lon="108.99324347160939">
        <ele>393.9263503998518</ele>
        <time>2022-04-13T22:53:55Z</time>
      </trkpt>
      <trkpt lat="34.33067008236326" lon="108.9932284959255">
        <ele>393.0995205203071</ele>
        <time>2022-04-13T22:53:59Z</time>
      </trkpt>
      <trkpt lat="34.330718991680776" lon="108.99313163997775">
        <ele>393.68575738556683</ele>
        <time>2022-04-13T22:54:01Z</time>
      </trkpt>
      <trkpt lat="34.330816180448586" lon="108.99268139268224">
        <ele>392.78941588290036</ele>
        <time>2022-04-13T22:54:07Z</time>
      </trkpt>
      <trkpt lat="34.33081044136791" lon="108.99234700746322">
        <ele>392.6342022642493</ele>
        <time>2022-04-13T22:54:11Z</time>
      </trkpt>
      <trkpt lat="34.3308206919021" lon="108.99196478982844">
        <ele>392.72940790001303</ele>
        <time>2022-04-13T22:54:15Z</time>
      </trkpt>
      <trkpt lat="34.33079299410298" lon="108.99180044569069">
        <ele>392.1205972805619</ele>
        <time>2022-04-13T22:54:17Z</time>
      </trkpt>
      <trkpt lat="34.330789341738225" lon="108.9916104526606">
        <ele>392.90039257425815</ele>
        <time>2022-04-13T22:54:19Z</time>
      </trkpt>
      <trkpt lat="34.330816757279045" lon="108.99143671997157">
        <ele>391.8231364712119</ele>
        <time>2022-04-13T22:54:21Z</time>
      </trkpt>
      <trkpt lat="34.330906566775866" lon="108.99127996776654">
        <ele>391.5766408322379</ele>
        <time>2022-04-13T22:54:23Z</time>
      </trkpt>
      <trkpt lat="34.33106541201497" lon="108.99120203778256">
        <ele>392.1218497278169</ele>
        <time>2022-04-13T22:54:25Z</time>
      </trkpt>
      <trkpt lat="34.33119789303504" lon="108.99118126543361">
        <ele>391.82564907800406</ele>
        <time>2022-04-13T22:54:27Z</time>
      </trkpt>
      <trkpt lat="34.33160565358768" lon="108.99121807338248">
        <ele>392.7228918047622</ele>
        <time>2022-04-13T22:54:33Z</time>
      </trkpt>
      <trkpt lat="34.33217049973153" lon="108.99119369483486">
        <ele>392.0436265701428</ele>
        <time>2022-04-13T22:54:41Z</time>
      </trkpt>
      <trkpt lat="34.33274349102016" lon="108.99118477346451">
        <ele>392.24240799434483</ele>
        <time>2022-04-13T22:54:49Z</time>
      </trkpt>
      <trkpt lat="34.33333884688729" lon="108.99118419188304">
        <ele>393.23836018238217</ele>
        <time>2022-04-13T22:54:57Z</time>
      </trkpt>
      <trkpt lat="34.33378181709931" lon="108.99117390167646">
        <ele>394.33582903817296</ele>
        <time>2022-04-13T22:55:03Z</time>
      </trkpt>
      <trkpt lat="34.334227317553754" lon="108.99117322505339">
        <ele>395.6613507075235</ele>
        <time>2022-04-13T22:55:09Z</time>
      </trkpt>
      <trkpt lat="34.33467763831219" lon="108.99116548297484">
        <ele>394.5372011438012</ele>
        <time>2022-04-13T22:55:15Z</time>
      </trkpt>
      <trkpt lat="34.33513559058416" lon="108.99116145699323">
        <ele>393.7559172678739</ele>
        <time>2022-04-13T22:55:21Z</time>
      </trkpt>
      <trkpt lat="34.33558959810098" lon="108.99116494957828">
        <ele>393.56207434646785</ele>
        <time>2022-04-13T22:55:27Z</time>
      </trkpt>
      <trkpt lat="34.33600967901921" lon="108.99114621837045">
        <ele>393.8700707377866</ele>
        <time>2022-04-13T22:55:33Z</time>
      </trkpt>
      <trkpt lat="34.33612402478724" lon="108.99112560015261">
        <ele>393.59949154034257</ele>
        <time>2022-04-13T22:55:35Z</time>
      </trkpt>
      <trkpt lat="34.33621340920402" lon="108.99105936802877">
        <ele>392.8947378685698</ele>
        <time>2022-04-13T22:55:37Z</time>
      </trkpt>
      <trkpt lat="34.33643808590083" lon="108.99095687060505">
        <ele>393.65946260653436</ele>
        <time>2022-04-13T22:55:41Z</time>
      </trkpt>
      <trkpt lat="34.3367094251187" lon="108.99088424212181">
        <ele>394.2505437275395</ele>
        <time>2022-04-13T22:55:45Z</time>
      </trkpt>
      <trkpt lat="34.33698392522412" lon="108.99087291998346">
        <ele>394.42471652664244</ele>
        <time>2022-04-13T22:55:49Z</time>
      </trkpt>
      <trkpt lat="34.33708376445533" lon="108.9908511344713">
        <ele>394.09504051785916</ele>
        <time>2022-04-13T22:55:51Z</time>
      </trkpt>
      <trkpt lat="34.33714424043031" lon="108.99076068624682">
        <ele>393.07057726662606</ele>
        <time>2022-04-13T22:55:55Z</time>
      </trkpt>
      <trkpt lat="34.33707036144234" lon="108.99057952337893">
        <ele>393.37000343296677</ele>
        <time>2022-04-13T22:55:59Z</time>
      </trkpt>
      <trkpt lat="34.33705689485293" lon="108.99048187854773">
        <ele>393.4928677966818</ele>
        <time>2022-04-13T22:56:01Z</time>
      </trkpt>
      <trkpt lat="34.33693642961762" lon="108.99041681308469">
        <ele>393.9095200197771</ele>
        <time>2022-04-13T22:56:05Z</time>
      </trkpt>
      <trkpt lat="34.33646108222983" lon="108.99041699400867">
        <ele>393.37938053533435</ele>
        <time>2022-04-13T22:56:13Z</time>
      </trkpt>
      <trkpt lat="34.33632317411033" lon="108.99043312222996">
        <ele>393.7884591752663</ele>
        <time>2022-04-13T22:56:15Z</time>
      </trkpt>
      <trkpt lat="34.3358806518496" lon="108.99044256917803">
        <ele>394.1209419472143</ele>
        <time>2022-04-13T22:56:21Z</time>
      </trkpt>
      <trkpt lat="34.335430139815436" lon="108.99040978601137">
        <ele>393.44348212424666</ele>
        <time>2022-04-13T22:56:27Z</time>
      </trkpt>
      <trkpt lat="34.33495410891594" lon="108.99040258248318">
        <ele>394.43241668958217</ele>
        <time>2022-04-13T22:56:33Z</time>
      </trkpt>
      <trkpt lat="34.334482633335625" lon="108.99044531463758">
        <ele>394.03753633704036</ele>
        <time>2022-04-13T22:56:39Z</time>
      </trkpt>
      <trkpt lat="34.33401469373905" lon="108.99045688345404">
        <ele>391.9413324473426</ele>
        <time>2022-04-13T22:56:45Z</time>
      </trkpt>
      <trkpt lat="34.333699099888285" lon="108.99047407437827">
        <ele>392.74168780539185</ele>
        <time>2022-04-13T22:56:49Z</time>
      </trkpt>
      <trkpt lat="34.3334310766765" lon="108.9904108861922">
        <ele>393.7812615269795</ele>
        <time>2022-04-13T22:56:53Z</time>
      </trkpt>
      <trkpt lat="34.33321028529696" lon="108.99039859945013">
        <ele>394.6400012904778</ele>
        <time>2022-04-13T22:56:57Z</time>
      </trkpt>
      <trkpt lat="34.333111770754996" lon="108.9904743390477">
        <ele>395.33050638530403</ele>
        <time>2022-04-13T22:56:59Z</time>
      </trkpt>
      <trkpt lat="34.332606195172225" lon="108.99047091013038">
        <ele>393.75359371397644</ele>
        <time>2022-04-13T22:57:07Z</time>
      </trkpt>
      <trkpt lat="34.332324515333354" lon="108.9904682994208">
        <ele>393.4399410225451</ele>
        <time>2022-04-13T22:57:11Z</time>
      </trkpt>
      <trkpt lat="34.33219166452339" lon="108.99034876123251">
        <ele>393.1382575100288</ele>
        <time>2022-04-13T22:57:13Z</time>
      </trkpt>
      <trkpt lat="34.33192304934383" lon="108.99036513017062">
        <ele>393.1096534887329</ele>
        <time>2022-04-13T22:57:17Z</time>
      </trkpt>
      <trkpt lat="34.331468977055586" lon="108.99036543861075">
        <ele>393.5706183873117</ele>
        <time>2022-04-13T22:57:23Z</time>
      </trkpt>
      <trkpt lat="34.33117521356477" lon="108.99036376946927">
        <ele>390.37781044468284</ele>
        <time>2022-04-13T22:57:27Z</time>
      </trkpt>
      <trkpt lat="34.330958465545706" lon="108.99031737923788">
        <ele>390.438862609677</ele>
        <time>2022-04-13T22:57:31Z</time>
      </trkpt>
      <trkpt lat="34.33088151341213" lon="108.99022238127598">
        <ele>391.2526961546391</ele>
        <time>2022-04-13T22:57:35Z</time>
      </trkpt>
      <trkpt lat="34.3308613338674" lon="108.99009426864728">
        <ele>392.19875803310424</ele>
        <time>2022-04-13T22:57:37Z</time>
      </trkpt>
      <trkpt lat="34.33088363259973" lon="108.98985749880885">
        <ele>392.2685291953385</ele>
        <time>2022-04-13T22:57:41Z</time>
      </trkpt>
      <trkpt lat="34.33084517411582" lon="108.98935240224002">
        <ele>392.05548050813377</ele>
        <time>2022-04-13T22:57:47Z</time>
      </trkpt>
      <trkpt lat="34.33083233797705" lon="108.98918457387857">
        <ele>393.0661342609674</ele>
        <time>2022-04-13T22:57:49Z</time>
      </trkpt>
      <trkpt lat="34.330839497408284" lon="108.9890173645718">
        <ele>392.2422021701932</ele>
        <time>2022-04-13T22:57:51Z</time>
      </trkpt>
      <trkpt lat="34.33087062732305" lon="108.9888276836837">
        <ele>394.343180927448</ele>
        <time>2022-04-13T22:57:53Z</time>
      </trkpt>
      <trkpt lat="34.330885932566346" lon="108.98850656448856">
        <ele>393.3861804306507</ele>
        <time>2022-04-13T22:57:57Z</time>
      </trkpt>
      <trkpt lat="34.33094542155777" lon="108.98818871296561">
        <ele>392.23640373162925</ele>
        <time>2022-04-13T22:58:01Z</time>
      </trkpt>
      <trkpt lat="34.330863895868845" lon="108.98783271240542">
        <ele>392.99910078942776</ele>
        <time>2022-04-13T22:58:05Z</time>
      </trkpt>
      <trkpt lat="34.33085883065907" lon="108.98742503499463">
        <ele>391.9180325027555</ele>
        <time>2022-04-13T22:58:09Z</time>
      </trkpt>
      <trkpt lat="34.33087922088503" lon="108.98725744149036">
        <ele>392.47514690831304</ele>
        <time>2022-04-13T22:58:11Z</time>
      </trkpt>
      <trkpt lat="34.330879910785825" lon="108.98707332377553">
        <ele>393.88879464380443</ele>
        <time>2022-04-13T22:58:13Z</time>
      </trkpt>
      <trkpt lat="34.330860202944926" lon="108.98693432638336">
        <ele>392.49335889331996</ele>
        <time>2022-04-13T22:58:15Z</time>
      </trkpt>
      <trkpt lat="34.33090131079531" lon="108.98681825084736">
        <ele>393.46078461874276</ele>
        <time>2022-04-13T22:58:17Z</time>
      </trkpt>
      <trkpt lat="34.330900784575945" lon="108.98649802497941">
        <ele>393.20307071786374</ele>
        <time>2022-04-13T22:58:21Z</time>
      </trkpt>
      <trkpt lat="34.33081428547762" lon="108.98607792913863">
        <ele>393.5622854512185</ele>
        <time>2022-04-13T22:58:23Z</time>
      </trkpt>
      <trkpt lat="34.33079768709743" lon="108.98568122903083">
        <ele>396.86898411717266</ele>
        <time>2022-04-13T22:58:27Z</time>
      </trkpt>
      <trkpt lat="34.33072039689971" lon="108.98505699053416">
        <ele>393.8871163604781</ele>
        <time>2022-04-13T22:58:32Z</time>
      </trkpt>
      <trkpt lat="34.33095103554239" lon="108.98472340544907">
        <ele>394.93831879179925</ele>
        <time>2022-04-13T22:58:38Z</time>
      </trkpt>
      <trkpt lat="34.330999816112595" lon="108.98433288372082">
        <ele>394.42316525802016</ele>
        <time>2022-04-13T22:58:42Z</time>
      </trkpt>
      <trkpt lat="34.33099912046539" lon="108.98378205418837">
        <ele>394.1015483411029</ele>
        <time>2022-04-13T22:58:48Z</time>
      </trkpt>
      <trkpt lat="34.33100125551952" lon="108.98320629453356">
        <ele>394.4854830885306</ele>
        <time>2022-04-13T22:58:54Z</time>
      </trkpt>
      <trkpt lat="34.33102038118084" lon="108.98262253090603">
        <ele>394.926735076122</ele>
        <time>2022-04-13T22:59:00Z</time>
      </trkpt>
      <trkpt lat="34.33103645713823" lon="108.98202182052066">
        <ele>395.7330288179219</ele>
        <time>2022-04-13T22:59:06Z</time>
      </trkpt>
      <trkpt lat="34.33104861680009" lon="108.98143511759618">
        <ele>395.7543956898153</ele>
        <time>2022-04-13T22:59:12Z</time>
      </trkpt>
      <trkpt lat="34.33104328953763" lon="108.98085410219265">
        <ele>395.66991789545864</ele>
        <time>2022-04-13T22:59:18Z</time>
      </trkpt>
      <trkpt lat="34.33107341744645" lon="108.98030270980674">
        <ele>395.61656020302325</ele>
        <time>2022-04-13T22:59:24Z</time>
      </trkpt>
      <trkpt lat="34.33109108374154" lon="108.97995673016385">
        <ele>395.7933300677687</ele>
        <time>2022-04-13T22:59:28Z</time>
      </trkpt>
      <trkpt lat="34.33107842688171" lon="108.97981920557291">
        <ele>395.22692734375596</ele>
        <time>2022-04-13T22:59:30Z</time>
      </trkpt>
      <trkpt lat="34.33102125012878" lon="108.9797316943711">
        <ele>395.7820097981021</ele>
        <time>2022-04-13T22:59:32Z</time>
      </trkpt>
      <trkpt lat="34.33095858306054" lon="108.97955186191689">
        <ele>395.8344734739512</ele>
        <time>2022-04-13T22:59:34Z</time>
      </trkpt>
      <trkpt lat="34.330486874621855" lon="108.97950399402967">
        <ele>394.9960662322119</ele>
        <time>2022-04-13T22:59:43Z</time>
      </trkpt>
      <trkpt lat="34.33036092520318" lon="108.97949326639188">
        <ele>394.94127452839166</ele>
        <time>2022-04-13T22:59:45Z</time>
      </trkpt>
      <trkpt lat="34.329886426235234" lon="108.97945288918896">
        <ele>394.7311333985999</ele>
        <time>2022-04-13T22:59:53Z</time>
      </trkpt>
      <trkpt lat="34.329789596372315" lon="108.97957981575404">
        <ele>395.02102057635784</ele>
        <time>2022-04-13T22:59:55Z</time>
      </trkpt>
      <trkpt lat="34.32928531338879" lon="108.97958147019473">
        <ele>396.1030860254541</ele>
        <time>2022-04-13T23:00:05Z</time>
      </trkpt>
      <trkpt lat="34.32919588720405" lon="108.97959624946506">
        <ele>395.2973666675389</ele>
        <time>2022-04-13T23:00:09Z</time>
      </trkpt>
      <trkpt lat="34.32917249671048" lon="108.97969084297443">
        <ele>395.57979281805456</ele>
        <time>2022-04-13T23:00:13Z</time>
      </trkpt>
      <trkpt lat="34.329135817293036" lon="108.97966349626137">
        <ele>395.84333982504904</ele>
        <time>2022-04-13T23:00:19Z</time>
      </trkpt>
      <trkpt lat="34.32919912089716" lon="108.98041128361798">
        <ele>358.74659297801554</ele>
        <time>2022-04-13T23:30:38Z</time>
      </trkpt>
      <trkpt lat="34.32897169409533" lon="108.98054834884593">
        <ele>392.2002268936485</ele>
        <time>2022-04-13T23:30:47Z</time>
      </trkpt>
      <trkpt lat="34.328679189796155" lon="108.98059809771232">
        <ele>394.5709240846336</ele>
        <time>2022-04-13T23:30:49Z</time>
      </trkpt>
      <trkpt lat="34.32855769268726" lon="108.98071954290684">
        <ele>395.4843863192946</ele>
        <time>2022-04-13T23:30:58Z</time>
      </trkpt>
      <trkpt lat="34.32838014677254" lon="108.98075757072537">
        <ele>395.3508018646389</ele>
        <time>2022-04-13T23:31:10Z</time>
      </trkpt>
      <trkpt lat="34.32828951058506" lon="108.98080322229526">
        <ele>395.89132632501423</ele>
        <time>2022-04-13T23:31:16Z</time>
      </trkpt>
      <trkpt lat="34.32821521922282" lon="108.9808030205489">
        <ele>395.34597591869533</ele>
        <time>2022-04-13T23:31:23Z</time>
      </trkpt>
      <trkpt lat="34.32818734815954" lon="108.98091875654796">
        <ele>394.95083697512746</ele>
        <time>2022-04-13T23:31:33Z</time>
      </trkpt>
      <trkpt lat="34.32817782341378" lon="108.9810415551001">
        <ele>393.8334799269214</ele>
        <time>2022-04-13T23:31:39Z</time>
      </trkpt>
      <trkpt lat="34.328213899959415" lon="108.98124964172894">
        <ele>393.46313479635864</ele>
        <time>2022-04-13T23:31:51Z</time>
      </trkpt>
      <trkpt lat="34.32826628932473" lon="108.98133531715446">
        <ele>394.40262135025114</ele>
        <time>2022-04-13T23:31:57Z</time>
      </trkpt>
      <trkpt lat="34.32828636319264" lon="108.9813323614496">
        <ele>394.4255523039028</ele>
        <time>2022-04-13T23:32:05Z</time>
      </trkpt>
      <trkpt lat="34.32828947290128" lon="108.98158814236105">
        <ele>394.4521700916812</ele>
        <time>2022-04-13T23:32:28Z</time>
      </trkpt>
      <trkpt lat="34.32835295227481" lon="108.98199400734933">
        <ele>395.27652867510915</ele>
        <time>2022-04-13T23:32:38Z</time>
      </trkpt>
      <trkpt lat="34.32830916906443" lon="108.98215806819825">
        <ele>394.82026038505137</ele>
        <time>2022-04-13T23:32:42Z</time>
      </trkpt>
      <trkpt lat="34.32831151116012" lon="108.98229617657589">
        <ele>395.2999312207103</ele>
        <time>2022-04-13T23:32:46Z</time>
      </trkpt>
      <trkpt lat="34.328276596099904" lon="108.98237531487449">
        <ele>394.9870342183858</ele>
        <time>2022-04-13T23:32:48Z</time>
      </trkpt>
      <trkpt lat="34.32824849792143" lon="108.9826388344742">
        <ele>393.40636886283755</ele>
        <time>2022-04-13T23:32:56Z</time>
      </trkpt>
      <trkpt lat="34.3282740316828" lon="108.98273308383965">
        <ele>393.4060442810878</ele>
        <time>2022-04-13T23:32:58Z</time>
      </trkpt>
      <trkpt lat="34.328261247000235" lon="108.98306706480628">
        <ele>393.2541052112356</ele>
        <time>2022-04-13T23:33:04Z</time>
      </trkpt>
      <trkpt lat="34.32830148445329" lon="108.98322351685395">
        <ele>392.66704460047185</ele>
        <time>2022-04-13T23:33:06Z</time>
      </trkpt>
      <trkpt lat="34.328408784828646" lon="108.98344394449279">
        <ele>392.8754247650504</ele>
        <time>2022-04-13T23:33:10Z</time>
      </trkpt>
      <trkpt lat="34.328381135216524" lon="108.98358367397782">
        <ele>392.8365058694035</ele>
        <time>2022-04-13T23:33:12Z</time>
      </trkpt>
      <trkpt lat="34.32837893945168" lon="108.98370974743403">
        <ele>393.28476524632424</ele>
        <time>2022-04-13T23:33:14Z</time>
      </trkpt>
      <trkpt lat="34.328404967576745" lon="108.98382671845364">
        <ele>393.50684035476297</ele>
        <time>2022-04-13T23:33:16Z</time>
      </trkpt>
      <trkpt lat="34.32840672665575" lon="108.98397016986995">
        <ele>393.5525604216382</ele>
        <time>2022-04-13T23:33:20Z</time>
      </trkpt>
      <trkpt lat="34.32835275397501" lon="108.98405390176613">
        <ele>393.486481141299</ele>
        <time>2022-04-13T23:33:28Z</time>
      </trkpt>
      <trkpt lat="34.32797857104887" lon="108.98457267546361">
        <ele>392.03514706064016</ele>
        <time>2022-04-13T23:33:55Z</time>
      </trkpt>
      <trkpt lat="34.327923385748555" lon="108.98466702544529">
        <ele>392.79679530952126</ele>
        <time>2022-04-13T23:33:57Z</time>
      </trkpt>
      <trkpt lat="34.3278758152246" lon="108.98487098871038">
        <ele>392.72076128050685</ele>
        <time>2022-04-13T23:34:01Z</time>
      </trkpt>
      <trkpt lat="34.32789936807706" lon="108.98543593952903">
        <ele>392.06417968682945</ele>
        <time>2022-04-13T23:34:13Z</time>
      </trkpt>
      <trkpt lat="34.32788102640986" lon="108.98572435791272">
        <ele>392.00836518779397</ele>
        <time>2022-04-13T23:34:19Z</time>
      </trkpt>
      <trkpt lat="34.32790125935851" lon="108.98591984482377">
        <ele>392.4536755112931</ele>
        <time>2022-04-13T23:34:23Z</time>
      </trkpt>
      <trkpt lat="34.32788978142752" lon="108.98601868699583">
        <ele>391.49308319576085</ele>
        <time>2022-04-13T23:34:25Z</time>
      </trkpt>
      <trkpt lat="34.327883052461125" lon="108.98662771736988">
        <ele>391.56158731132746</ele>
        <time>2022-04-13T23:34:37Z</time>
      </trkpt>
      <trkpt lat="34.327853355390445" lon="108.98692495715572">
        <ele>393.06603085715324</ele>
        <time>2022-04-13T23:34:43Z</time>
      </trkpt>
      <trkpt lat="34.327870416733006" lon="108.9875400446806">
        <ele>394.16674995422363</ele>
        <time>2022-04-13T23:34:54Z</time>
      </trkpt>
      <trkpt lat="34.32785685050499" lon="108.98765269999423">
        <ele>393.68411378003657</ele>
        <time>2022-04-13T23:34:56Z</time>
      </trkpt>
      <trkpt lat="34.32789569461977" lon="108.98826837671389">
        <ele>393.33564855065197</ele>
        <time>2022-04-13T23:35:08Z</time>
      </trkpt>
      <trkpt lat="34.3278689033659" lon="108.98858220061713">
        <ele>392.61312585510314</ele>
        <time>2022-04-13T23:35:14Z</time>
      </trkpt>
      <trkpt lat="34.32787725615539" lon="108.98910081698607">
        <ele>392.50497065950185</ele>
        <time>2022-04-13T23:35:24Z</time>
      </trkpt>
      <trkpt lat="34.327923967105804" lon="108.9892972280865">
        <ele>392.1622408274561</ele>
        <time>2022-04-13T23:35:28Z</time>
      </trkpt>
      <trkpt lat="34.32788519598625" lon="108.98952770475346">
        <ele>392.49819262046367</ele>
        <time>2022-04-13T23:35:32Z</time>
      </trkpt>
      <trkpt lat="34.32789049313161" lon="108.98963447412962">
        <ele>392.1103071225807</ele>
        <time>2022-04-13T23:35:34Z</time>
      </trkpt>
      <trkpt lat="34.32784223096884" lon="108.99007865671534">
        <ele>392.4182088384405</ele>
        <time>2022-04-13T23:35:42Z</time>
      </trkpt>
      <trkpt lat="34.32782435420043" lon="108.99064046698346">
        <ele>391.8697488019243</ele>
        <time>2022-04-13T23:35:52Z</time>
      </trkpt>
      <trkpt lat="34.327826588542806" lon="108.9908035845321">
        <ele>391.7974241208285</ele>
        <time>2022-04-13T23:35:56Z</time>
      </trkpt>
      <trkpt lat="34.32779866853413" lon="108.99089579999615">
        <ele>392.0173023948446</ele>
        <time>2022-04-13T23:36:00Z</time>
      </trkpt>
      <trkpt lat="34.327805745027824" lon="108.99094197525088">
        <ele>391.5048855775967</ele>
        <time>2022-04-13T23:36:08Z</time>
      </trkpt>
      <trkpt lat="34.32783138865146" lon="108.99121706109491">
        <ele>392.23003140836954</ele>
        <time>2022-04-13T23:36:27Z</time>
      </trkpt>
      <trkpt lat="34.32790701942682" lon="108.9913952241977">
        <ele>392.37143438961357</ele>
        <time>2022-04-13T23:36:31Z</time>
      </trkpt>
      <trkpt lat="34.327902016262456" lon="108.99182728051939">
        <ele>395.86608792096376</ele>
        <time>2022-04-13T23:36:43Z</time>
      </trkpt>
      <trkpt lat="34.32788885620811" lon="108.99193475827057">
        <ele>395.1126835020259</ele>
        <time>2022-04-13T23:36:45Z</time>
      </trkpt>
      <trkpt lat="34.327943711188105" lon="108.99257064862981">
        <ele>394.8326003924012</ele>
        <time>2022-04-13T23:36:58Z</time>
      </trkpt>
      <trkpt lat="34.32794882736342" lon="108.99275667060894">
        <ele>394.9635379118845</ele>
        <time>2022-04-13T23:37:02Z</time>
      </trkpt>
      <trkpt lat="34.32793310786733" lon="108.99292998724434">
        <ele>395.620308236219</ele>
        <time>2022-04-13T23:37:06Z</time>
      </trkpt>
      <trkpt lat="34.32793905576309" lon="108.99303219799509">
        <ele>395.4953330690041</ele>
        <time>2022-04-13T23:37:08Z</time>
      </trkpt>
      <trkpt lat="34.327914395238786" lon="108.99322785236288">
        <ele>395.31364847626537</ele>
        <time>2022-04-13T23:37:12Z</time>
      </trkpt>
      <trkpt lat="34.32791357896309" lon="108.99347242257839">
        <ele>394.53224450629205</ele>
        <time>2022-04-13T23:37:16Z</time>
      </trkpt>
      <trkpt lat="34.327973731008335" lon="108.99390813551095">
        <ele>396.9433008218184</ele>
        <time>2022-04-13T23:37:26Z</time>
      </trkpt>
      <trkpt lat="34.328036249114554" lon="108.99407817581523">
        <ele>395.8164219101891</ele>
        <time>2022-04-13T23:37:30Z</time>
      </trkpt>
      <trkpt lat="34.328052930296984" lon="108.99418378767027">
        <ele>395.72060340549797</ele>
        <time>2022-04-13T23:37:34Z</time>
      </trkpt>
      <trkpt lat="34.32808749254885" lon="108.99427161576916">
        <ele>394.8045911481604</ele>
        <time>2022-04-13T23:37:38Z</time>
      </trkpt>
      <trkpt lat="34.32809665136621" lon="108.99448258650321">
        <ele>395.76637648418546</ele>
        <time>2022-04-13T23:37:46Z</time>
      </trkpt>
      <trkpt lat="34.32815133192638" lon="108.99471926404684">
        <ele>395.0181825561449</ele>
        <time>2022-04-13T23:37:54Z</time>
      </trkpt>
      <trkpt lat="34.32820818640453" lon="108.99487352862367">
        <ele>393.6624331306666</ele>
        <time>2022-04-13T23:37:58Z</time>
      </trkpt>
      <trkpt lat="34.328212225889004" lon="108.99496880295862">
        <ele>393.9369186209515</ele>
        <time>2022-04-13T23:38:00Z</time>
      </trkpt>
      <trkpt lat="34.32827412448947" lon="108.99511575087313">
        <ele>393.8178269341588</ele>
        <time>2022-04-13T23:38:04Z</time>
      </trkpt>
      <trkpt lat="34.328271990273706" lon="108.9952972676864">
        <ele>394.1331970663741</ele>
        <time>2022-04-13T23:38:08Z</time>
      </trkpt>
      <trkpt lat="34.32823804620759" lon="108.99544058768554">
        <ele>394.14531854260713</ele>
        <time>2022-04-13T23:38:12Z</time>
      </trkpt>
      <trkpt lat="34.32822885089922" lon="108.9955882081379">
        <ele>393.7791353967041</ele>
        <time>2022-04-13T23:38:16Z</time>
      </trkpt>
      <trkpt lat="34.328383374467485" lon="108.99608118351995">
        <ele>393.6005141856149</ele>
        <time>2022-04-13T23:38:32Z</time>
      </trkpt>
      <trkpt lat="34.32841350760995" lon="108.99640999658169">
        <ele>394.4000808717683</ele>
        <time>2022-04-13T23:38:40Z</time>
      </trkpt>
      <trkpt lat="34.328354750904225" lon="108.99697214301443">
        <ele>394.4373882682994</ele>
        <time>2022-04-13T23:38:48Z</time>
      </trkpt>
      <trkpt lat="34.32833538888063" lon="108.99707086521862">
        <ele>395.13861289434135</ele>
        <time>2022-04-13T23:38:50Z</time>
      </trkpt>
      <trkpt lat="34.328384596696154" lon="108.9972827812977">
        <ele>394.59497672785074</ele>
        <time>2022-04-13T23:38:54Z</time>
      </trkpt>
      <trkpt lat="34.32841665309239" lon="108.99757551103284">
        <ele>394.64746706560254</ele>
        <time>2022-04-13T23:38:58Z</time>
      </trkpt>
      <trkpt lat="34.32848048103012" lon="108.99775860743374">
        <ele>395.79511244315654</ele>
        <time>2022-04-13T23:39:00Z</time>
      </trkpt>
      <trkpt lat="34.32854134632871" lon="108.99787819423828">
        <ele>395.30843198951334</ele>
        <time>2022-04-13T23:39:02Z</time>
      </trkpt>
      <trkpt lat="34.3285723914011" lon="108.99802757023875">
        <ele>395.1094513302669</ele>
        <time>2022-04-13T23:39:04Z</time>
      </trkpt>
      <trkpt lat="34.32869391511144" lon="108.9983031711976">
        <ele>395.400149686262</ele>
        <time>2022-04-13T23:39:08Z</time>
      </trkpt>
      <trkpt lat="34.328726254683936" lon="108.99844318116921">
        <ele>395.58748788945377</ele>
        <time>2022-04-13T23:39:10Z</time>
      </trkpt>
      <trkpt lat="34.3287328528757" lon="108.99861477990488">
        <ele>396.0263139568269</ele>
        <time>2022-04-13T23:39:12Z</time>
      </trkpt>
      <trkpt lat="34.328796412450345" lon="108.99887952789615">
        <ele>395.9274550806731</ele>
        <time>2022-04-13T23:39:16Z</time>
      </trkpt>
      <trkpt lat="34.328756007065515" lon="108.99899984640498">
        <ele>395.7768591772765</ele>
        <time>2022-04-13T23:39:18Z</time>
      </trkpt>
      <trkpt lat="34.32876945355681" lon="108.99915307867838">
        <ele>395.8037901977077</ele>
        <time>2022-04-13T23:39:20Z</time>
      </trkpt>
      <trkpt lat="34.32872591945345" lon="108.9993046706439">
        <ele>396.3173798499629</ele>
        <time>2022-04-13T23:39:22Z</time>
      </trkpt>
      <trkpt lat="34.32871266091461" lon="108.9994519524179">
        <ele>396.0182620091364</ele>
        <time>2022-04-13T23:39:24Z</time>
      </trkpt>
      <trkpt lat="34.328598354641606" lon="108.99988385610929">
        <ele>394.22403428703547</ele>
        <time>2022-04-13T23:39:30Z</time>
      </trkpt>
      <trkpt lat="34.32860516358665" lon="109.000143913478">
        <ele>395.08138624671847</ele>
        <time>2022-04-13T23:39:34Z</time>
      </trkpt>
      <trkpt lat="34.32854923570052" lon="109.0003355417799">
        <ele>395.0280605247244</ele>
        <time>2022-04-13T23:39:36Z</time>
      </trkpt>
      <trkpt lat="34.3284093394609" lon="109.00067949969537">
        <ele>395.3655604189262</ele>
        <time>2022-04-13T23:39:40Z</time>
      </trkpt>
      <trkpt lat="34.32837022256334" lon="109.00096507357128">
        <ele>395.3550005359575</ele>
        <time>2022-04-13T23:39:44Z</time>
      </trkpt>
      <trkpt lat="34.32818660356058" lon="109.00152006600139">
        <ele>395.42227162234485</ele>
        <time>2022-04-13T23:39:50Z</time>
      </trkpt>
      <trkpt lat="34.32816140017614" lon="109.00167530646064">
        <ele>395.48595322296023</ele>
        <time>2022-04-13T23:39:52Z</time>
      </trkpt>
      <trkpt lat="34.32800726062203" lon="109.0018734707565">
        <ele>396.3045772444457</ele>
        <time>2022-04-13T23:39:54Z</time>
      </trkpt>
      <trkpt lat="34.327929782744825" lon="109.00201967372608">
        <ele>395.7062426218763</ele>
        <time>2022-04-13T23:39:56Z</time>
      </trkpt>
      <trkpt lat="34.32787705449096" lon="109.00224333884864">
        <ele>394.91003095172346</ele>
        <time>2022-04-13T23:40:00Z</time>
      </trkpt>
      <trkpt lat="34.327850885466624" lon="109.002542928509">
        <ele>395.81265581119806</ele>
        <time>2022-04-13T23:40:06Z</time>
      </trkpt>
      <trkpt lat="34.32783650818177" lon="109.00287479915758">
        <ele>395.43286067899317</ele>
        <time>2022-04-13T23:40:12Z</time>
      </trkpt>
      <trkpt lat="34.32781875572891" lon="109.00299636754842">
        <ele>394.65585520118475</ele>
        <time>2022-04-13T23:40:14Z</time>
      </trkpt>
      <trkpt lat="34.327820016021825" lon="109.00340402355214">
        <ele>394.7419762518257</ele>
        <time>2022-04-13T23:40:22Z</time>
      </trkpt>
      <trkpt lat="34.327795819318844" lon="109.00397713272113">
        <ele>394.3566223559901</ele>
        <time>2022-04-13T23:40:34Z</time>
      </trkpt>
      <trkpt lat="34.327798032535945" lon="109.00455366761481">
        <ele>394.27322596218437</ele>
        <time>2022-04-13T23:40:46Z</time>
      </trkpt>
      <trkpt lat="34.327761504904295" lon="109.00466250533151">
        <ele>393.847220168449</ele>
        <time>2022-04-13T23:40:48Z</time>
      </trkpt>
      <trkpt lat="34.32779319288506" lon="109.00524192203456">
        <ele>394.3193643167615</ele>
        <time>2022-04-13T23:41:00Z</time>
      </trkpt>
      <trkpt lat="34.32780133797042" lon="109.00569475190757">
        <ele>393.8345123268664</ele>
        <time>2022-04-13T23:41:08Z</time>
      </trkpt>
      <trkpt lat="34.32779188812789" lon="109.00581593126044">
        <ele>393.93527182843536</ele>
        <time>2022-04-13T23:41:10Z</time>
      </trkpt>
      <trkpt lat="34.327804131386905" lon="109.00612253193468">
        <ele>394.02876711729914</ele>
        <time>2022-04-13T23:41:16Z</time>
      </trkpt>
      <trkpt lat="34.3278439020024" lon="109.0065985294169">
        <ele>394.30353724677116</ele>
        <time>2022-04-13T23:41:26Z</time>
      </trkpt>
      <trkpt lat="34.327806127519324" lon="109.00695075217367">
        <ele>394.2050123848021</ele>
        <time>2022-04-13T23:41:32Z</time>
      </trkpt>
      <trkpt lat="34.32780810177143" lon="109.00706224969609">
        <ele>394.31821141112596</ele>
        <time>2022-04-13T23:41:34Z</time>
      </trkpt>
      <trkpt lat="34.32777167876017" lon="109.0076612022283">
        <ele>393.33617619704455</ele>
        <time>2022-04-13T23:41:44Z</time>
      </trkpt>
      <trkpt lat="34.3278057993711" lon="109.00828025517728">
        <ele>394.31142705027014</ele>
        <time>2022-04-13T23:41:54Z</time>
      </trkpt>
      <trkpt lat="34.32784849598756" lon="109.00893484142756">
        <ele>392.95667881798</ele>
        <time>2022-04-13T23:42:04Z</time>
      </trkpt>
      <trkpt lat="34.32785061854815" lon="109.00946216385819">
        <ele>390.17924743518233</ele>
        <time>2022-04-13T23:42:12Z</time>
      </trkpt>
      <trkpt lat="34.32784936278719" lon="109.00983168309686">
        <ele>388.0267174486071</ele>
        <time>2022-04-13T23:42:18Z</time>
      </trkpt>
      <trkpt lat="34.32789542160736" lon="109.01038855383906">
        <ele>387.30382950790226</ele>
        <time>2022-04-13T23:42:28Z</time>
      </trkpt>
      <trkpt lat="34.327863105585664" lon="109.01062150108112">
        <ele>388.02855562232435</ele>
        <time>2022-04-13T23:42:32Z</time>
      </trkpt>
      <trkpt lat="34.3278395345576" lon="109.01124313836046">
        <ele>387.7072447743267</ele>
        <time>2022-04-13T23:42:46Z</time>
      </trkpt>
      <trkpt lat="34.327852301229086" lon="109.01171858388359">
        <ele>387.83824599627405</ele>
        <time>2022-04-13T23:42:54Z</time>
      </trkpt>
      <trkpt lat="34.32779446477756" lon="109.01228216968582">
        <ele>387.5522553566843</ele>
        <time>2022-04-13T23:43:04Z</time>
      </trkpt>
      <trkpt lat="34.32775245446535" lon="109.01263359405962">
        <ele>388.3993067359552</ele>
        <time>2022-04-13T23:43:10Z</time>
      </trkpt>
      <trkpt lat="34.3277863286322" lon="109.01292905595048">
        <ele>389.77699136547744</ele>
        <time>2022-04-13T23:43:16Z</time>
      </trkpt>
      <trkpt lat="34.327783329004134" lon="109.01346114305345">
        <ele>390.8011627299711</ele>
        <time>2022-04-13T23:43:26Z</time>
      </trkpt>
      <trkpt lat="34.32783249287356" lon="109.01387792572538">
        <ele>390.82751266285777</ele>
        <time>2022-04-13T23:43:34Z</time>
      </trkpt>
      <trkpt lat="34.32783683204638" lon="109.0141777801105">
        <ele>389.5061711324379</ele>
        <time>2022-04-13T23:43:40Z</time>
      </trkpt>
      <trkpt lat="34.32787597190058" lon="109.0145374593917">
        <ele>389.3970756875351</ele>
        <time>2022-04-13T23:43:48Z</time>
      </trkpt>
      <trkpt lat="34.32788104922442" lon="109.01513780023379">
        <ele>388.13056015595794</ele>
        <time>2022-04-13T23:43:58Z</time>
      </trkpt>
      <trkpt lat="34.32788199186169" lon="109.01536996761452">
        <ele>387.7364224502817</ele>
        <time>2022-04-13T23:44:02Z</time>
      </trkpt>
      <trkpt lat="34.32792478137721" lon="109.01555607112408">
        <ele>388.23464670497924</ele>
        <time>2022-04-13T23:44:06Z</time>
      </trkpt>
      <trkpt lat="34.32799841096474" lon="109.01573286497104">
        <ele>388.24734796676785</ele>
        <time>2022-04-13T23:44:10Z</time>
      </trkpt>
      <trkpt lat="34.32799763299824" lon="109.01591221066926">
        <ele>388.23341649677604</ele>
        <time>2022-04-13T23:44:14Z</time>
      </trkpt>
      <trkpt lat="34.32797114841028" lon="109.01608648378718">
        <ele>388.2150210412219</ele>
        <time>2022-04-13T23:44:18Z</time>
      </trkpt>
      <trkpt lat="34.3278968017734" lon="109.01630264434736">
        <ele>388.89595712255687</ele>
        <time>2022-04-13T23:44:22Z</time>
      </trkpt>
      <trkpt lat="34.32783031467527" lon="109.01665606929289">
        <ele>388.0062226774171</ele>
        <time>2022-04-13T23:44:28Z</time>
      </trkpt>
      <trkpt lat="34.32766187064898" lon="109.01723550845414">
        <ele>388.37391969934106</ele>
        <time>2022-04-13T23:44:38Z</time>
      </trkpt>
      <trkpt lat="34.32761411631274" lon="109.0174500714354">
        <ele>388.9000331489369</ele>
        <time>2022-04-13T23:44:42Z</time>
      </trkpt>
      <trkpt lat="34.327598203960655" lon="109.01772647542934">
        <ele>389.22955187410116</ele>
        <time>2022-04-13T23:44:48Z</time>
      </trkpt>
      <trkpt lat="34.32763302584698" lon="109.0181770189055">
        <ele>390.03223658911884</ele>
        <time>2022-04-13T23:44:58Z</time>
      </trkpt>
      <trkpt lat="34.327589802320475" lon="109.01839576709571">
        <ele>389.1660127658397</ele>
        <time>2022-04-13T23:45:02Z</time>
      </trkpt>
      <trkpt lat="34.327322640269884" lon="109.01886104078051">
        <ele>389.3405193677172</ele>
        <time>2022-04-13T23:45:12Z</time>
      </trkpt>
      <trkpt lat="34.32706712896229" lon="109.01932504527888">
        <ele>389.4460858516395</ele>
        <time>2022-04-13T23:45:22Z</time>
      </trkpt>
      <trkpt lat="34.3267577483271" lon="109.01978440747672">
        <ele>388.899587713182</ele>
        <time>2022-04-13T23:45:32Z</time>
      </trkpt>
      <trkpt lat="34.32642936101271" lon="109.02021910294674">
        <ele>388.79625421669334</ele>
        <time>2022-04-13T23:45:42Z</time>
      </trkpt>
      <trkpt lat="34.32622116348747" lon="109.0204519867502">
        <ele>388.87716476712376</ele>
        <time>2022-04-13T23:45:48Z</time>
      </trkpt>
      <trkpt lat="34.326142507367614" lon="109.02051907711126">
        <ele>388.8621688326821</ele>
        <time>2022-04-13T23:45:50Z</time>
      </trkpt>
      <trkpt lat="34.325784037144864" lon="109.02087667988964">
        <ele>388.54965910874307</ele>
        <time>2022-04-13T23:46:00Z</time>
      </trkpt>
      <trkpt lat="34.32536680774089" lon="109.02117510518377">
        <ele>388.4624764928594</ele>
        <time>2022-04-13T23:46:10Z</time>
      </trkpt>
      <trkpt lat="34.32494323000428" lon="109.0214061969974">
        <ele>388.48203364014626</ele>
        <time>2022-04-13T23:46:20Z</time>
      </trkpt>
      <trkpt lat="34.324660249117535" lon="109.0215382594582">
        <ele>389.16642597783357</ele>
        <time>2022-04-13T23:46:26Z</time>
      </trkpt>
      <trkpt lat="34.32419141222876" lon="109.0216720026371">
        <ele>388.61426295991987</ele>
        <time>2022-04-13T23:46:36Z</time>
      </trkpt>
      <trkpt lat="34.324003840756646" lon="109.02168502041738">
        <ele>388.2203305438161</ele>
        <time>2022-04-13T23:46:40Z</time>
      </trkpt>
      <trkpt lat="34.32363530389401" lon="109.02176484307353">
        <ele>390.07414286676794</ele>
        <time>2022-04-13T23:46:48Z</time>
      </trkpt>
      <trkpt lat="34.32354576550779" lon="109.0217574328504">
        <ele>390.169343479909</ele>
        <time>2022-04-13T23:46:50Z</time>
      </trkpt>
      <trkpt lat="34.32319067607968" lon="109.02179591700681">
        <ele>390.2048872727901</ele>
        <time>2022-04-13T23:46:58Z</time>
      </trkpt>
      <trkpt lat="34.322735528885715" lon="109.02181663700054">
        <ele>389.86130299512297</ele>
        <time>2022-04-13T23:47:08Z</time>
      </trkpt>
      <trkpt lat="34.32235946487443" lon="109.02181926375573">
        <ele>390.4435170199722</ele>
        <time>2022-04-13T23:47:16Z</time>
      </trkpt>
      <trkpt lat="34.32188630886989" lon="109.02175123904154">
        <ele>390.06321024429053</ele>
        <time>2022-04-13T23:47:26Z</time>
      </trkpt>
      <trkpt lat="34.32170418468109" lon="109.02174002564918">
        <ele>389.94507881067693</ele>
        <time>2022-04-13T23:47:30Z</time>
      </trkpt>
      <trkpt lat="34.32133277368885" lon="109.02167177067906">
        <ele>390.50399400573224</ele>
        <time>2022-04-13T23:47:38Z</time>
      </trkpt>
      <trkpt lat="34.321060127885616" lon="109.02164307344994">
        <ele>391.3086553812027</ele>
        <time>2022-04-13T23:47:44Z</time>
      </trkpt>
      <trkpt lat="34.32058704007161" lon="109.02156655737454">
        <ele>391.43055043090135</ele>
        <time>2022-04-13T23:47:54Z</time>
      </trkpt>
      <trkpt lat="34.32021217485208" lon="109.02150926765714">
        <ele>390.38454722147435</ele>
        <time>2022-04-13T23:48:02Z</time>
      </trkpt>
      <trkpt lat="34.319750136154056" lon="109.0214663706162">
        <ele>390.21893319673836</ele>
        <time>2022-04-13T23:48:12Z</time>
      </trkpt>
      <trkpt lat="34.31965082607456" lon="109.02144281616589">
        <ele>390.6612994633615</ele>
        <time>2022-04-13T23:48:14Z</time>
      </trkpt>
      <trkpt lat="34.319274313051515" lon="109.0214717249125">
        <ele>391.37294964678586</ele>
        <time>2022-04-13T23:48:22Z</time>
      </trkpt>
      <trkpt lat="34.31918758663784" lon="109.02144867313862">
        <ele>390.50270120892674</ele>
        <time>2022-04-13T23:48:24Z</time>
      </trkpt>
      <trkpt lat="34.318708435251025" lon="109.02146927174482">
        <ele>390.48873119149357</ele>
        <time>2022-04-13T23:48:34Z</time>
      </trkpt>
      <trkpt lat="34.31825812138951" lon="109.02151030016938">
        <ele>390.60707814153284</ele>
        <time>2022-04-13T23:48:44Z</time>
      </trkpt>
      <trkpt lat="34.31777842329501" lon="109.02156501813131">
        <ele>391.41762993671</ele>
        <time>2022-04-13T23:48:54Z</time>
      </trkpt>
      <trkpt lat="34.31732599913656" lon="109.02161879951798">
        <ele>391.33860437665135</ele>
        <time>2022-04-13T23:49:04Z</time>
      </trkpt>
      <trkpt lat="34.31713344930534" lon="109.02163626353885">
        <ele>391.28974935784936</ele>
        <time>2022-04-13T23:49:08Z</time>
      </trkpt>
      <trkpt lat="34.31703101574624" lon="109.02162658175845">
        <ele>390.9867287063971</ele>
        <time>2022-04-13T23:49:10Z</time>
      </trkpt>
      <trkpt lat="34.31660227382573" lon="109.02173129172557">
        <ele>391.2526251235977</ele>
        <time>2022-04-13T23:49:20Z</time>
      </trkpt>
      <trkpt lat="34.31642704453475" lon="109.02177844775646">
        <ele>391.8058279482648</ele>
        <time>2022-04-13T23:49:24Z</time>
      </trkpt>
      <trkpt lat="34.316178876831756" lon="109.02187015890826">
        <ele>392.06174425873905</ele>
        <time>2022-04-13T23:49:30Z</time>
      </trkpt>
      <trkpt lat="34.316112865857214" lon="109.021964840403">
        <ele>391.4828344946727</ele>
        <time>2022-04-13T23:49:33Z</time>
      </trkpt>
      <trkpt lat="34.31606923250009" lon="109.0220790388116">
        <ele>391.5472609763965</ele>
        <time>2022-04-13T23:49:36Z</time>
      </trkpt>
      <trkpt lat="34.31601835628899" lon="109.02214871866495">
        <ele>390.98496103845537</ele>
        <time>2022-04-13T23:49:38Z</time>
      </trkpt>
      <trkpt lat="34.31589071051981" lon="109.022242620897">
        <ele>390.7418660642579</ele>
        <time>2022-04-13T23:49:52Z</time>
      </trkpt>
      <trkpt lat="34.31581303085577" lon="109.02239070502645">
        <ele>392.0199704999104</ele>
        <time>2022-04-13T23:50:22Z</time>
      </trkpt>
      <trkpt lat="34.3158060490852" lon="109.02254350521733">
        <ele>392.1940767178312</ele>
        <time>2022-04-13T23:50:26Z</time>
      </trkpt>
      <trkpt lat="34.315967423554575" lon="109.02302392105021">
        <ele>389.2437244122848</ele>
        <time>2022-04-13T23:50:36Z</time>
      </trkpt>
      <trkpt lat="34.316064837748044" lon="109.02336360529716">
        <ele>387.3596087740734</ele>
        <time>2022-04-13T23:50:42Z</time>
      </trkpt>
      <trkpt lat="34.31610982926588" lon="109.02347381345761">
        <ele>387.39139647595584</ele>
        <time>2022-04-13T23:50:44Z</time>
      </trkpt>
      <trkpt lat="34.316150873125956" lon="109.02357428566266">
        <ele>387.7796778054908</ele>
        <time>2022-04-13T23:50:46Z</time>
      </trkpt>
      <trkpt lat="34.31613039791962" lon="109.02374388445331">
        <ele>389.51473624352366</ele>
        <time>2022-04-13T23:50:50Z</time>
      </trkpt>
      <trkpt lat="34.31600617939296" lon="109.02388337445315">
        <ele>390.4617457585409</ele>
        <time>2022-04-13T23:50:54Z</time>
      </trkpt>
      <trkpt lat="34.3157339338518" lon="109.02400051378336">
        <ele>389.7459467202425</ele>
        <time>2022-04-13T23:51:00Z</time>
      </trkpt>
      <trkpt lat="34.3156750155194" lon="109.02406179259914">
        <ele>389.9230350404978</ele>
        <time>2022-04-13T23:51:02Z</time>
      </trkpt>
      <trkpt lat="34.31557778364272" lon="109.02410570880551">
        <ele>389.7932229153812</ele>
        <time>2022-04-13T23:51:04Z</time>
      </trkpt>
      <trkpt lat="34.3151752527163" lon="109.02438021132512">
        <ele>390.81594039686024</ele>
        <time>2022-04-13T23:51:14Z</time>
      </trkpt>
      <trkpt lat="34.31475929407882" lon="109.02466606757784">
        <ele>391.7050566263497</ele>
        <time>2022-04-13T23:51:24Z</time>
      </trkpt>
      <trkpt lat="34.314604487019" lon="109.02477302915504">
        <ele>392.98079913295805</ele>
        <time>2022-04-13T23:51:28Z</time>
      </trkpt>
      <trkpt lat="34.3145444304982" lon="109.02484449106589">
        <ele>391.76650289911777</ele>
        <time>2022-04-13T23:51:30Z</time>
      </trkpt>
      <trkpt lat="34.31450819166545" lon="109.02494046381416">
        <ele>391.0828247796744</ele>
        <time>2022-04-13T23:51:32Z</time>
      </trkpt>
      <trkpt lat="34.31404479275905" lon="109.02521981542257">
        <ele>390.61187439225614</ele>
        <time>2022-04-13T23:51:42Z</time>
      </trkpt>
      <trkpt lat="34.31357519759794" lon="109.0254464022084">
        <ele>390.7679129783064</ele>
        <time>2022-04-13T23:51:52Z</time>
      </trkpt>
      <trkpt lat="34.3131177745506" lon="109.0256809684528">
        <ele>391.71077040489763</ele>
        <time>2022-04-13T23:52:02Z</time>
      </trkpt>
      <trkpt lat="34.312680666570245" lon="109.02596896667634">
        <ele>392.8338317638263</ele>
        <time>2022-04-13T23:52:12Z</time>
      </trkpt>
      <trkpt lat="34.312519725418795" lon="109.02608559330761">
        <ele>392.5122245652601</ele>
        <time>2022-04-13T23:52:16Z</time>
      </trkpt>
      <trkpt lat="34.31248749909707" lon="109.02616870155387">
        <ele>393.0005751783028</ele>
        <time>2022-04-13T23:52:18Z</time>
      </trkpt>
      <trkpt lat="34.312376923662875" lon="109.02627618753444">
        <ele>392.6796824885532</ele>
        <time>2022-04-13T23:52:22Z</time>
      </trkpt>
      <trkpt lat="34.312148684656485" lon="109.02637436082637">
        <ele>393.13615438714623</ele>
        <time>2022-04-13T23:52:26Z</time>
      </trkpt>
      <trkpt lat="34.31206066028056" lon="109.02643125672525">
        <ele>393.55737149808556</ele>
        <time>2022-04-13T23:52:28Z</time>
      </trkpt>
      <trkpt lat="34.31201590862795" lon="109.02652062965818">
        <ele>394.0617697481066</ele>
        <time>2022-04-13T23:52:30Z</time>
      </trkpt>
      <trkpt lat="34.31184823967114" lon="109.02669266891044">
        <ele>393.89438902493566</ele>
        <time>2022-04-13T23:52:34Z</time>
      </trkpt>
      <trkpt lat="34.31164976575268" lon="109.02695981029908">
        <ele>393.38320511300117</ele>
        <time>2022-04-13T23:52:40Z</time>
      </trkpt>
      <trkpt lat="34.311499743530675" lon="109.02754819306324">
        <ele>392.5996651314199</ele>
        <time>2022-04-13T23:52:52Z</time>
      </trkpt>
      <trkpt lat="34.311481120862574" lon="109.02776558673472">
        <ele>392.7975053470582</ele>
        <time>2022-04-13T23:52:56Z</time>
      </trkpt>
      <trkpt lat="34.311438770782836" lon="109.02789290898228">
        <ele>392.4615174839273</ele>
        <time>2022-04-13T23:52:58Z</time>
      </trkpt>
      <trkpt lat="34.31133008220622" lon="109.02844745520007">
        <ele>393.8771620010957</ele>
        <time>2022-04-13T23:53:08Z</time>
      </trkpt>
      <trkpt lat="34.31130855092481" lon="109.02856405885257">
        <ele>393.476681063883</ele>
        <time>2022-04-13T23:53:10Z</time>
      </trkpt>
      <trkpt lat="34.31115592669849" lon="109.02886766456615">
        <ele>394.0459390403703</ele>
        <time>2022-04-13T23:53:16Z</time>
      </trkpt>
      <trkpt lat="34.310877577360614" lon="109.0291912243854">
        <ele>393.25757226441056</ele>
        <time>2022-04-13T23:53:24Z</time>
      </trkpt>
      <trkpt lat="34.31043007208226" lon="109.02954007988075">
        <ele>391.836805309169</ele>
        <time>2022-04-13T23:53:34Z</time>
      </trkpt>
      <trkpt lat="34.31005407839198" lon="109.0298629808203">
        <ele>392.63414248172194</ele>
        <time>2022-04-13T23:53:44Z</time>
      </trkpt>
      <trkpt lat="34.309822152936846" lon="109.03004045362356">
        <ele>392.9321185424924</ele>
        <time>2022-04-13T23:53:50Z</time>
      </trkpt>
      <trkpt lat="34.3095095254115" lon="109.03024568387089">
        <ele>393.37892143055797</ele>
        <time>2022-04-13T23:53:58Z</time>
      </trkpt>
      <trkpt lat="34.30908598441378" lon="109.03047057634392">
        <ele>393.65031894668937</ele>
        <time>2022-04-13T23:54:08Z</time>
      </trkpt>
      <trkpt lat="34.30862237704399" lon="109.03060369140803">
        <ele>394.4400101583451</ele>
        <time>2022-04-13T23:54:18Z</time>
      </trkpt>
      <trkpt lat="34.308114039424666" lon="109.03068457656904">
        <ele>394.55481863114983</ele>
        <time>2022-04-13T23:54:28Z</time>
      </trkpt>
      <trkpt lat="34.307602318024216" lon="109.03073902706095">
        <ele>394.49983988236636</ele>
        <time>2022-04-13T23:54:38Z</time>
      </trkpt>
      <trkpt lat="34.30708244843141" lon="109.03078192262097">
        <ele>393.0494871661067</ele>
        <time>2022-04-13T23:54:48Z</time>
      </trkpt>
      <trkpt lat="34.30697259330654" lon="109.03080029223602">
        <ele>393.1697299806401</ele>
        <time>2022-04-13T23:54:50Z</time>
      </trkpt>
      <trkpt lat="34.30665469868164" lon="109.03078881658203">
        <ele>392.40989649202675</ele>
        <time>2022-04-13T23:54:56Z</time>
      </trkpt>
      <trkpt lat="34.30629932923794" lon="109.03088855168215">
        <ele>391.27261440455914</ele>
        <time>2022-04-13T23:55:04Z</time>
      </trkpt>
      <trkpt lat="34.30622755906296" lon="109.03102308838417">
        <ele>391.3554810388014</ele>
        <time>2022-04-13T23:55:08Z</time>
      </trkpt>
      <trkpt lat="34.30625643516579" lon="109.03119046917517">
        <ele>391.45417168270797</ele>
        <time>2022-04-13T23:55:12Z</time>
      </trkpt>
      <trkpt lat="34.306248175708006" lon="109.03127806937091">
        <ele>391.00310795288533</ele>
        <time>2022-04-13T23:55:14Z</time>
      </trkpt>
      <trkpt lat="34.306297889274575" lon="109.03181474728575">
        <ele>391.85941690485924</ele>
        <time>2022-04-13T23:55:24Z</time>
      </trkpt>
      <trkpt lat="34.30630839567918" lon="109.03193334367462">
        <ele>392.31947598513216</ele>
        <time>2022-04-13T23:55:26Z</time>
      </trkpt>
      <trkpt lat="34.306297793965534" lon="109.032037795164">
        <ele>392.4762486945838</ele>
        <time>2022-04-13T23:55:28Z</time>
      </trkpt>
      <trkpt lat="34.30632376799427" lon="109.03263483779267">
        <ele>392.6244562789798</ele>
        <time>2022-04-13T23:55:38Z</time>
      </trkpt>
      <trkpt lat="34.30638012530666" lon="109.03311898043762">
        <ele>392.24960634857416</ele>
        <time>2022-04-13T23:55:46Z</time>
      </trkpt>
      <trkpt lat="34.306408138624015" lon="109.03323706025631">
        <ele>392.4682221785188</ele>
        <time>2022-04-13T23:55:48Z</time>
      </trkpt>
      <trkpt lat="34.30642188286237" lon="109.03372452569813">
        <ele>391.9443213036284</ele>
        <time>2022-04-13T23:55:56Z</time>
      </trkpt>
      <trkpt lat="34.30644376788931" lon="109.03384763225957">
        <ele>391.9931733123958</ele>
        <time>2022-04-13T23:55:58Z</time>
      </trkpt>
      <trkpt lat="34.306434251378626" lon="109.03398245593738">
        <ele>392.1125885369256</ele>
        <time>2022-04-13T23:56:00Z</time>
      </trkpt>
      <trkpt lat="34.30645938687264" lon="109.03421251584157">
        <ele>391.7675225902349</ele>
        <time>2022-04-13T23:56:04Z</time>
      </trkpt>
      <trkpt lat="34.30651317308835" lon="109.03468655996434">
        <ele>392.26133283413947</ele>
        <time>2022-04-13T23:56:12Z</time>
      </trkpt>
      <trkpt lat="34.30649963154737" lon="109.03478768798263">
        <ele>392.92599613033235</ele>
        <time>2022-04-13T23:56:14Z</time>
      </trkpt>
      <trkpt lat="34.30645154067201" lon="109.03490072911495">
        <ele>391.8985647978261</ele>
        <time>2022-04-13T23:56:16Z</time>
      </trkpt>
      <trkpt lat="34.30649071908666" lon="109.03517737907664">
        <ele>392.96191932912916</ele>
        <time>2022-04-13T23:56:22Z</time>
      </trkpt>
      <trkpt lat="34.30651636629131" lon="109.03559563831325">
        <ele>392.37243512365967</ele>
        <time>2022-04-13T23:56:30Z</time>
      </trkpt>
      <trkpt lat="34.30655524810464" lon="109.03579618765154">
        <ele>392.29318945482373</ele>
        <time>2022-04-13T23:56:34Z</time>
      </trkpt>
      <trkpt lat="34.30659865611815" lon="109.03627143080548">
        <ele>392.6964130559936</ele>
        <time>2022-04-13T23:56:44Z</time>
      </trkpt>
      <trkpt lat="34.30663917271756" lon="109.03649842945016">
        <ele>392.87419556919485</ele>
        <time>2022-04-13T23:56:52Z</time>
      </trkpt>
      <trkpt lat="34.30656757183836" lon="109.03667190287703">
        <ele>392.73799426015466</ele>
        <time>2022-04-13T23:57:00Z</time>
      </trkpt>
      <trkpt lat="34.306578786845805" lon="109.036833107423">
        <ele>392.20134417526424</ele>
        <time>2022-04-13T23:57:13Z</time>
      </trkpt>
      <trkpt lat="34.30658937963044" lon="109.03693696349103">
        <ele>392.04631250724196</ele>
        <time>2022-04-13T23:57:23Z</time>
      </trkpt>
      <trkpt lat="34.306547330674" lon="109.03697087095317">
        <ele>391.98245833069086</ele>
        <time>2022-04-13T23:57:33Z</time>
      </trkpt>
    </trkseg>
  </trk>
</gpx>